elimfilters_sku,source_sku,segment,oem_count,oem_brand,oem_code,recovery_score,recovery_tier
EA50012,C10012,Air Filter,0,,,0,TIER_E
EA51006,C1006,Air Filter,0,,,0,TIER_E
EA51057,C1057,Air Filter,0,,,0,TIER_E
EA51040,C11040,Air Filter,1,RENNER KOMPRESSOREN,01693,20,TIER_D
EA51110,C1110,Air Filter,0,,,0,TIER_E
EA51002,C11100/2,Air Filter,0,,,0,TIER_E
EA51021,C11102/1,Air Filter,0,,,0,TIER_E
EA51113,C1113,Air Filter,0,,,0,TIER_E
EA51145,C1145,Air Filter,0,,,0,TIER_E
EA51454,C1145/4,Air Filter,0,,,0,TIER_E
EA51455,C1145/5,Air Filter,0,,,0,TIER_E
EA51149,C1149,Air Filter,0,,,0,TIER_E
EA51151,C1151,Air Filter,0,,,0,TIER_E
EA51154,C1154,Air Filter,0,,,0,TIER_E
EA51170,C1170,Air Filter,0,,,0,TIER_E
EA51185,C1185,Air Filter,0,,,0,TIER_E
EA52014,C12014,Air Filter,0,,,0,TIER_E
EA52148,C12148,Air Filter,0,,,0,TIER_E
EA51219,C1219,Air Filter,0,,,0,TIER_E
EA51230,C1230,Air Filter,0,,,0,TIER_E
EA51236,C1236,Air Filter,0,,,0,TIER_E
EA51243,C1243,Air Filter,0,,,0,TIER_E
EA51257,C1257,Air Filter,0,,,0,TIER_E
EA53008,C13008X,Air Filter,2,CUMMINS,4071693,20,TIER_D
EA53008,C13008X,Air Filter,2,CUMMINS,0140-4088,20,TIER_D
EA53010,C13010,Air Filter,0,,,0,TIER_E
EA51032,C13103/2,Air Filter,0,,,0,TIER_E
EA51143,C13114/3,Air Filter,0,,,0,TIER_E
EA53135,C13135,Air Filter,0,,,0,TIER_E
EA51359,C131359,Air Filter,0,,,0,TIER_E
EA53137,C13137,Air Filter,0,,,0,TIER_E
EA51328,C1328,Air Filter,0,,,0,TIER_E
EA53371,C1337/1,Air Filter,0,,,0,TIER_E
EA53372,C1337/2,Air Filter,0,,,0,TIER_E
EA51338,C1338,Air Filter,0,,,0,TIER_E
EA51349,C1349,Air Filter,0,,,0,TIER_E
EA51354,C1354,Air Filter,0,,,0,TIER_E
EA51355,C1355,Air Filter,0,,,0,TIER_E
EA51357,C1357,Air Filter,0,,,0,TIER_E
EA53571,C1357/1,Air Filter,0,,,0,TIER_E
EA51358,C1358,Air Filter,0,,,0,TIER_E
EA53621,C1362/1,Air Filter,0,,,0,TIER_E
EA51365,C1365,Air Filter,0,,,0,TIER_E
EA53741,C1374/1,Air Filter,0,,,0,TIER_E
EA51376,C1376,Air Filter,0,,,0,TIER_E
EA51381,C138/1,Air Filter,0,,,0,TIER_E
EA51392,C1392,Air Filter,4,RAMMAX,9450965001,40,TIER_C
EA51392,C1392,Air Filter,4,RAMMAX,5410612,40,TIER_C
EA51392,C1392,Air Filter,4,RAMMAX,140266905,40,TIER_C
EA51392,C1392,Air Filter,4,WACKER,0066108,40,TIER_C
EA53991,C1399/1,Air Filter,0,,,0,TIER_E
EA50061,C14006/1,Air Filter,0,,,0,TIER_E
EA54019,C14019,Air Filter,0,,,0,TIER_E
EA54021,C14021,Air Filter,0,,,0,TIER_E
EA54031,C14031,Air Filter,2,GENERAL MOTORS,15153904,20,TIER_D
EA54031,C14031,Air Filter,2,GMC,15153904,20,TIER_D
EA51410,C1410,Air Filter,0,,,0,TIER_E
EA54110,C14110,Air Filter,0,,,0,TIER_E
EA54117,C14117,Air Filter,0,,,0,TIER_E
EA51415,C1415,Air Filter,0,,,0,TIER_E
EA51591,C14159/1,Air Filter,0,,,0,TIER_E
EA51423,C1423,Air Filter,0,,,0,TIER_E
EA53200,C1423/200,Air Filter,0,,,0,TIER_E
EA51424,C1424,Air Filter,0,,,0,TIER_E
EA54250,C14250,Air Filter,0,,,0,TIER_E
EA51426,C1426,Air Filter,0,,,0,TIER_E
EA51429,C1429,Air Filter,0,,,0,TIER_E
EA51465,C1465,Air Filter,0,,,0,TIER_E
EA54681,C1468/1,Air Filter,0,,,0,TIER_E
EA51470,C1470,Air Filter,0,,,0,TIER_E
EA51476,C1476,Air Filter,0,,,0,TIER_E
EA50149,C149,Air Filter,0,,,0,TIER_E
EA55010,C15010M,Air Filter,0,,,0,TIER_E
EA55014,C15014,Air Filter,0,,,0,TIER_E
EA50151,C151,Air Filter,0,,,0,TIER_E
EA55102,C15102,Air Filter,0,,,0,TIER_E
EA55105,C15105,Air Filter,0,,,0,TIER_E
EA51202,C15120/2,Air Filter,0,,,0,TIER_E
EA55124,C15124,Air Filter,0,,,0,TIER_E
EA51242,C15124/2,Air Filter,1,HAKO,90180340,20,TIER_D
EA51243,C15124/3,Air Filter,0,,,0,TIER_E
EA51245,C15124/5,Air Filter,0,,,0,TIER_E
EA55126,C15126,Air Filter,0,,,0,TIER_E
EA55135,C15135,Air Filter,0,,,0,TIER_E
EA55143,C15143,Air Filter,0,,,0,TIER_E
EA55163,C15163,Air Filter,0,,,0,TIER_E
EA51651,C15165/1,Air Filter,0,,,0,TIER_E
EA51519,C1519,Air Filter,0,,,0,TIER_E
EA55190,C15190,Air Filter,0,,,0,TIER_E
EA51523,C1523,Air Filter,0,,,0,TIER_E
EA55272,C15272,Air Filter,0,,,0,TIER_E
EA52721,C15272/1,Air Filter,0,,,0,TIER_E
EA55291,C1529/1,Air Filter,0,,,0,TIER_E
EA55293,C1529/3,Air Filter,0,,,0,TIER_E
EA53002,C15300/2,Air Filter,0,,,0,TIER_E
EA53004,C15300/4,Air Filter,0,,,0,TIER_E
EA51532,C1532,Air Filter,0,,,0,TIER_E
EA55321,C1532/1,Air Filter,0,,,0,TIER_E
EA55322,C1532/2,Air Filter,0,,,0,TIER_E
EA55403,C15403,Air Filter,0,,,0,TIER_E
EA55501,C1550/1,Air Filter,0,,,0,TIER_E
EA55503,C1550/3,Air Filter,0,,,0,TIER_E
EA55554,C1555/4,Air Filter,0,,,0,TIER_E
EA51562,C1562X,Air Filter,0,,,0,TIER_E
EA55891,C1589/1,Air Filter,0,,,0,TIER_E
EA51595,C1595,Air Filter,0,,,0,TIER_E
EA56005,C16005M,Air Filter,0,,,0,TIER_E
EA56017,C16017,Air Filter,0,,,0,TIER_E
EA51131,C16113/1,Air Filter,0,,,0,TIER_E
EA56122,C16122,Air Filter,0,,,0,TIER_E
EA56130,C16130,Air Filter,0,,,0,TIER_E
EA56134,C16134,Air Filter,0,,,0,TIER_E
EA56142,C16142,Air Filter,0,,,0,TIER_E
EA51421,C16142/1,Air Filter,0,,,0,TIER_E
EA56163,C16163,Air Filter,0,,,0,TIER_E
EA51901,C16190/1,Air Filter,0,,,0,TIER_E
EA56212,C16212,Air Filter,0,,,0,TIER_E
EA52121,C16212/1,Air Filter,0,,,0,TIER_E
EA52122,C16212/2,Air Filter,0,,,0,TIER_E
EA56214,C16214,Air Filter,0,,,0,TIER_E
EA56245,C16245,Air Filter,0,,,0,TIER_E
EA51632,C1632,Air Filter,0,,,0,TIER_E
EA54002,C16400/2,Air Filter,0,,,0,TIER_E
EA56410,C16410,Air Filter,0,,,0,TIER_E
EA51642,C1642,Air Filter,0,,,0,TIER_E
EA51645,C1645,Air Filter,0,,,0,TIER_E
EA51648,C1648,Air Filter,0,,,0,TIER_E
EA51672,C1672,Air Filter,0,,,0,TIER_E
EA56721,C1672/1,Air Filter,0,,,0,TIER_E
EA56722,C1672/2,Air Filter,0,,,0,TIER_E
EA56724,C1672/4,Air Filter,0,,,0,TIER_E
EA56727,C1672/7,Air Filter,0,,,0,TIER_E
EA57012,C17012,Air Filter,0,,,0,TIER_E
EA50122,C17012/2,Air Filter,0,,,0,TIER_E
EA50131,C17013/1,Air Filter,0,,,0,TIER_E
EA57021,C17021,Air Filter,0,,,0,TIER_E
EA50213,C17021/3,Air Filter,0,,,0,TIER_E
EA50231,C17023/1,Air Filter,0,,,0,TIER_E
EA57025,C17025,Air Filter,0,,,0,TIER_E
EA57028,C17028,Air Filter,0,,,0,TIER_E
EA57029,C17029,Air Filter,0,,,0,TIER_E
EA57125,C17125,Air Filter,0,,,0,TIER_E
EA51371,C17137/1N,Air Filter,0,,,0,TIER_E
EA57161,C17161,Air Filter,0,,,0,TIER_E
EA57177,C17177,Air Filter,0,,,0,TIER_E
EA51720,C1720,Air Filter,0,,,0,TIER_E
EA52012,C17201/2,Air Filter,0,,,0,TIER_E
EA52252,C17225/2,Air Filter,0,,,0,TIER_E
EA51725,C1725,Air Filter,0,,,0,TIER_E
EA57308,C17308,Air Filter,0,,,0,TIER_E
EA53081,C17308/1,Air Filter,0,,,0,TIER_E
EA53373,C17337/3,Air Filter,0,,,0,TIER_E
EA57357,C17357,Air Filter,0,,,0,TIER_E
EA51750,C1750,Air Filter,0,,,0,TIER_E
EA51752,C1752,Air Filter,0,,,0,TIER_E
EA51759,C1759,Air Filter,0,,,0,TIER_E
EA58010,C18010,Air Filter,0,,,0,TIER_E
EA58015,C18015,Air Filter,0,,,0,TIER_E
EA58022,C18022,Air Filter,0,,,0,TIER_E
EA58023,C18023,Air Filter,0,,,0,TIER_E
EA58026,C18026,Air Filter,0,,,0,TIER_E
EA58029,C18029,Air Filter,0,,,0,TIER_E
EA58120,C18120,Air Filter,5,BECKER-KOMPRESSOREN,84040210000,60,TIER_B
EA58120,C18120,Air Filter,5,DEUTZ AG / DEUTZ-FAHR (KHD),129 3913,60,TIER_B
EA58120,C18120,Air Filter,5,INGERSOLL-RAND,39900128,60,TIER_B
EA58120,C18120,Air Filter,5,SULLAIR,39900128,60,TIER_B
EA58120,C18120,Air Filter,5,VOLVO (TRUCKS/VCE/VME/PENTA),6611700,60,TIER_B
EA58146,C18146,Air Filter,0,,,0,TIER_E
EA51461,C18146/1,Air Filter,0,,,0,TIER_E
EA51462,C18146/2,Air Filter,0,,,0,TIER_E
EA51815,C1815,Air Filter,0,,,0,TIER_E
EA58170,C18170,Air Filter,0,,,0,TIER_E
EA58180,C18180,Air Filter,0,,,0,TIER_E
EA58187,C18187,Air Filter,0,,,0,TIER_E
EA58202,C18202,Air Filter,0,,,0,TIER_E
EA51821,C1821,Air Filter,0,,,0,TIER_E
EA51823,C1823,Air Filter,0,,,0,TIER_E
EA58250,C18250,Air Filter,0,,,0,TIER_E
EA51829,C1829,Air Filter,0,,,0,TIER_E
EA58360,C18360,Air Filter,0,,,0,TIER_E
EA51839,C1839,Air Filter,0,,,0,TIER_E
EA51842,C1842,Air Filter,0,,,0,TIER_E
EA58581,C1858/1,Air Filter,0,,,0,TIER_E
EA51859,C1859,Air Filter,0,,,0,TIER_E
EA58591,C1859/1,Air Filter,0,,,0,TIER_E
EA58832,C1883/2,Air Filter,0,,,0,TIER_E
EA58834,C1883/4,Air Filter,0,,,0,TIER_E
EA51884,C1884,Air Filter,0,,,0,TIER_E
EA59013,C19013,Air Filter,0,,,0,TIER_E
EA59014,C19014,Air Filter,0,,,0,TIER_E
EA59016,C19016,Air Filter,0,,,0,TIER_E
EA59017,C19017,Air Filter,0,,,0,TIER_E
EA59146,C19146,Air Filter,0,,,0,TIER_E
EA51915,C1915,Air Filter,0,,,0,TIER_E
EA59159,C19159,Air Filter,0,,,0,TIER_E
EA59171,C19171,Air Filter,0,,,0,TIER_E
EA51981,C19198/1X,Air Filter,0,,,0,TIER_E
EA51921,C1921,Air Filter,0,,,0,TIER_E
EA59289,C19289,Air Filter,0,,,0,TIER_E
EA51929,C1929,Air Filter,0,,,0,TIER_E
EA51952,C1952,Air Filter,0,,,0,TIER_E
EA59552,C1955/2,Air Filter,0,,,0,TIER_E
EA51963,C1963,Air Filter,0,,,0,TIER_E
EA51966,C1966,Air Filter,0,,,0,TIER_E
EA50005,C20005,Air Filter,0,,,0,TIER_E
EA50021,C20021,Air Filter,0,,,0,TIER_E
EA50034,C20034,Air Filter,0,,,0,TIER_E
EA50037,C20037,Air Filter,0,,,0,TIER_E
EA50041,C20041,Air Filter,0,,,0,TIER_E
EA50161,C20161,Air Filter,0,,,0,TIER_E
EA50280,C20280,Air Filter,0,,,0,TIER_E
EA50310,C20310,Air Filter,0,,,0,TIER_E
EA53253,C20325/3,Air Filter,0,,,0,TIER_E
EA50327,C20327,Air Filter,0,,,0,TIER_E
EA53701,C20370/1,Air Filter,0,,,0,TIER_E
EA50477,C20477,Air Filter,0,,,0,TIER_E
EA50505,C20505,Air Filter,0,,,0,TIER_E
EA50536,C20536,Air Filter,0,,,0,TIER_E
EA55361,C20536/1,Air Filter,0,,,0,TIER_E
EA50551,C2055/1,Air Filter,0,,,0,TIER_E
EA52070,C2070X,Air Filter,0,,,0,TIER_E
EA50855,C20855,Air Filter,0,,,0,TIER_E
EA52090,C2090,Air Filter,0,,,0,TIER_E
EA50905,C20905,Air Filter,0,,,0,TIER_E
EA51009,C21009,Air Filter,0,,,0,TIER_E
EA51011,C21011,Air Filter,0,,,0,TIER_E
EA50201,C21020/1,Air Filter,0,,,0,TIER_E
EA51031,C21031,Air Filter,0,,,0,TIER_E
EA51033,C21033,Air Filter,0,,,0,TIER_E
EA51070,C21070,Air Filter,0,,,0,TIER_E
EA51104,C21104,Air Filter,0,,,0,TIER_E
EA51041,C21104/1,Air Filter,0,,,0,TIER_E
EA51190,C21190,Air Filter,0,,,0,TIER_E
EA52120,C2120,Air Filter,0,,,0,TIER_E
EA51201,C2120/1,Air Filter,0,,,0,TIER_E
EA52131,C2131,Air Filter,0,,,0,TIER_E
EA52133,C2133,Air Filter,0,,,0,TIER_E
EA52138,C2138,Air Filter,0,,,0,TIER_E
EA51400,C21400,Air Filter,0,,,0,TIER_E
EA51550,C21550,Air Filter,0,,,0,TIER_E
EA51631,C2163/1,Air Filter,0,,,0,TIER_E
EA51633,C2163/3,Air Filter,0,,,0,TIER_E
EA51671,C2167/1,Air Filter,0,,,0,TIER_E
EA52169,C2169,Air Filter,0,,,0,TIER_E
EA52170,C2170,Air Filter,1,COMPAIR,RO 10000/89,20,TIER_D
EA52171,C2171,Air Filter,0,,,0,TIER_E
EA52174,C2174,Air Filter,0,,,0,TIER_E
EA52180,C2180,Air Filter,0,,,0,TIER_E
EA52188,C2188,Air Filter,0,,,0,TIER_E
EA52008,C22008,Air Filter,0,,,0,TIER_E
EA52009,C22009M,Air Filter,0,,,0,TIER_E
EA52011,C22011,Air Filter,0,,,0,TIER_E
EA52019,C22019,Air Filter,0,,,0,TIER_E
EA52201,C2201M,Air Filter,0,,,0,TIER_E
EA52022,C22022,Air Filter,0,,,0,TIER_E
EA52034,C22034,Air Filter,0,,,0,TIER_E
EA52036,C22036,Air Filter,0,,,0,TIER_E
EA52045,C22045,Air Filter,0,,,0,TIER_E
EA52048,C22048,Air Filter,0,,,0,TIER_E
EA52049,C22049,Air Filter,0,,,0,TIER_E
EA52052,C22052,Air Filter,0,,,0,TIER_E
EA52063,C22063,Air Filter,5,BAUDOUIN,16061230J,60,TIER_B
EA52063,C22063,Air Filter,5,CATERPILLAR,3I0001,60,TIER_B
EA52063,C22063,Air Filter,5,CUMMINS,3905326,60,TIER_B
EA52063,C22063,Air Filter,5,INGERSOLL-RAND,39824115,60,TIER_B
EA52063,C22063,Air Filter,5,ONAN,1402660,60,TIER_B
EA52071,C22071,Air Filter,0,,,0,TIER_E
EA52080,C22080,Air Filter,0,,,0,TIER_E
EA50822,C22082/2,Air Filter,0,,,0,TIER_E
EA52083,C22083,Air Filter,0,,,0,TIER_E
EA51171,C22117/1,Air Filter,0,,,0,TIER_E
EA52227,C2227,Air Filter,0,,,0,TIER_E
EA52231,C2231,Air Filter,0,,,0,TIER_E
EA52232,C2232,Air Filter,0,,,0,TIER_E
EA52234,C2234,Air Filter,0,,,0,TIER_E
EA52242,C2242,Air Filter,0,,,0,TIER_E
EA52502,C22502,Air Filter,0,,,0,TIER_E
EA52561,C2256/1,Air Filter,0,,,0,TIER_E
EA52580,C22580,Air Filter,0,,,0,TIER_E
EA52601,C2260/1,Air Filter,0,,,0,TIER_E
EA52631,C2263/1,Air Filter,0,,,0,TIER_E
EA52904,C22904,Air Filter,0,,,0,TIER_E
EA59072,C22907/2,Air Filter,0,,,0,TIER_E
EA53003,C23003,Air Filter,0,,,0,TIER_E
EA53009,C23009,Air Filter,0,,,0,TIER_E
EA53020,C23020,Air Filter,0,,,0,TIER_E
EA53023,C23023,Air Filter,0,,,0,TIER_E
EA53032,C23032,Air Filter,0,,,0,TIER_E
EA53035,C23035,Air Filter,0,,,0,TIER_E
EA53037,C23037,Air Filter,0,,,0,TIER_E
EA53040,C23040,Air Filter,0,,,0,TIER_E
EA53046,C23046,Air Filter,0,,,0,TIER_E
EA53047,C23047,Air Filter,0,,,0,TIER_E
EA53048,C23048,Air Filter,0,,,0,TIER_E
EA53049,C23049,Air Filter,0,,,0,TIER_E
EA53054,C23054,Air Filter,0,,,0,TIER_E
EA53056,C23056,Air Filter,0,,,0,TIER_E
EA53057,C23057,Air Filter,0,,,0,TIER_E
EA53059,C23059,Air Filter,0,,,0,TIER_E
EA53061,C23061,Air Filter,0,,,0,TIER_E
EA53062,C23062,Air Filter,0,,,0,TIER_E
EA53092,C23092,Air Filter,1,TOYOTA,17801-70060,20,TIER_D
EA53095,C23095,Air Filter,0,,,0,TIER_E
EA53109,C23109M,Air Filter,0,,,0,TIER_E
EA53113,C23113,Air Filter,0,,,0,TIER_E
EA53186,C23186,Air Filter,0,,,0,TIER_E
EA52320,C2320,Air Filter,0,,,0,TIER_E
EA52323,C2323,Air Filter,0,,,0,TIER_E
EA53251,C23251,Air Filter,0,,,0,TIER_E
EA53259,C23259,Air Filter,0,,,0,TIER_E
EA53201,C23320/1,Air Filter,0,,,0,TIER_E
EA53326,C23326,Air Filter,0,,,0,TIER_E
EA52340,C2340,Air Filter,0,,,0,TIER_E
EA53401,C2340/1,Air Filter,0,,,0,TIER_E
EA52351,C2351,Air Filter,0,,,0,TIER_E
EA53513,C23513,Air Filter,5,COMPAIR,10000/9925,60,TIER_B
EA53513,C23513,Air Filter,5,COMPAIR,100013009,60,TIER_B
EA53513,C23513,Air Filter,5,COMPAIR,ZS1088229,60,TIER_B
EA53513,C23513,Air Filter,5,MACO-MEUDON,685 62431,60,TIER_B
EA53513,C23513,Air Filter,5,SULLAIR,68562431,60,TIER_B
EA53560,C23560,Air Filter,0,,,0,TIER_E
EA53588,C23588,Air Filter,0,,,0,TIER_E
EA53795,C2379/5,Air Filter,0,,,0,TIER_E
EA53906,C23906,Air Filter,0,,,0,TIER_E
EA54001,C24001,Air Filter,0,,,0,TIER_E
EA54009,C24009,Air Filter,0,,,0,TIER_E
EA54020,C24020,Air Filter,0,,,0,TIER_E
EA54029,C24029,Air Filter,0,,,0,TIER_E
EA54035,C24035,Air Filter,0,,,0,TIER_E
EA54039,C24039,Air Filter,0,,,0,TIER_E
EA54053,C24053,Air Filter,0,,,0,TIER_E
EA54055,C24055,Air Filter,0,,,0,TIER_E
EA54056,C24056,Air Filter,0,,,0,TIER_E
EA54058,C24058,Air Filter,0,,,0,TIER_E
EA54061,C24061,Air Filter,0,,,0,TIER_E
EA54064,C24064,Air Filter,0,,,0,TIER_E
EA54068,C24068,Air Filter,0,,,0,TIER_E
EA54069,C24069,Air Filter,0,,,0,TIER_E
EA54070,C24070,Air Filter,0,,,0,TIER_E
EA54072,C24072,Air Filter,0,,,0,TIER_E
EA54074,C24074,Air Filter,0,,,0,TIER_E
EA54079,C24079,Air Filter,0,,,0,TIER_E
EA54081,C24081,Air Filter,0,,,0,TIER_E
EA54082,C24082,Air Filter,0,,,0,TIER_E
EA54086,C24086,Air Filter,0,,,0,TIER_E
EA54087,C24087,Air Filter,0,,,0,TIER_E
EA54088,C24088,Air Filter,0,,,0,TIER_E
EA54094,C24094,Air Filter,0,,,0,TIER_E
EA54108,C24108,Air Filter,0,,,0,TIER_E
EA54115,C24115,Air Filter,0,,,0,TIER_E
EA54118,C24118,Air Filter,0,,,0,TIER_E
EA54123,C24123,Air Filter,0,,,0,TIER_E
EA52413,C2413,Air Filter,0,,,0,TIER_E
EA54137,C24137,Air Filter,0,,,0,TIER_E
EA51371,C24137/1M,Air Filter,0,,,0,TIER_E
EA52424,C2424,Air Filter,0,,,0,TIER_E
EA54310,C24310,Air Filter,0,,,0,TIER_E
EA54331,C2433/1,Air Filter,0,,,0,TIER_E
EA54332,C2433/2M,Air Filter,0,,,0,TIER_E
EA53453,C24345/3,Air Filter,0,,,0,TIER_E
EA52436,C2436,Air Filter,0,,,0,TIER_E
EA52437,C2437,Air Filter,0,,,0,TIER_E
EA54377,C24377,Air Filter,0,,,0,TIER_E
EA54391,C2439/1,Air Filter,0,,,0,TIER_E
EA54301,C24430/1X,Air Filter,0,,,0,TIER_E
EA54458,C24458,Air Filter,0,,,0,TIER_E
EA54465,C24465,Air Filter,0,,,0,TIER_E
EA54490,C24490,Air Filter,9,AGCO,116079W1,80,TIER_A
EA54490,C24490,Air Filter,9,CATERPILLAR,3I-1550,80,TIER_A
EA54490,C24490,Air Filter,9,FORD USA,F3HZ-960-1A,80,TIER_A
EA54490,C24490,Air Filter,9,GENERAL MOTORS,15696545,80,TIER_A
EA54490,C24490,Air Filter,9,GMC,15696245,80,TIER_A
EA54490,C24490,Air Filter,9,HINO,178013430A,80,TIER_A
EA54490,C24490,Air Filter,9,HINO,178013440,80,TIER_A
EA54490,C24490,Air Filter,9,HINO,178013440A,80,TIER_A
EA54490,C24490,Air Filter,9,JOHN DEERE,RE67124,80,TIER_A
EA54522,C2452/2,Air Filter,0,,,0,TIER_E
EA52453,C2453,Air Filter,0,,,0,TIER_E
EA55601,C24560/1,Air Filter,0,,,0,TIER_E
EA54566,C24566,Air Filter,0,,,0,TIER_E
EA56502,C24650/2,Air Filter,0,,,0,TIER_E
EA57192,C24719/2X,Air Filter,0,,,0,TIER_E
EA54745,C24745,Air Filter,0,,,0,TIER_E
EA54760,C24760,Air Filter,0,,,0,TIER_E
EA52485,C2485,Air Filter,0,,,0,TIER_E
EA55007,C25007,Air Filter,0,,,0,TIER_E
EA55007,C25007M,Air Filter,0,,,0,TIER_E
EA55017,C25017,Air Filter,0,,,0,TIER_E
EA55022,C25022,Air Filter,0,,,0,TIER_E
EA55023,C25023,Air Filter,0,,,0,TIER_E
EA55027,C25027,Air Filter,0,,,0,TIER_E
EA55043,C25043,Air Filter,0,,,0,TIER_E
EA55046,C25046,Air Filter,0,,,0,TIER_E
EA55048,C25048,Air Filter,0,,,0,TIER_E
EA55054,C25054,Air Filter,0,,,0,TIER_E
EA55058,C25058,Air Filter,0,,,0,TIER_E
EA55059,C25059,Air Filter,0,,,0,TIER_E
EA55061,C25061,Air Filter,0,,,0,TIER_E
EA55064,C25064,Air Filter,0,,,0,TIER_E
EA55065,C25065,Air Filter,0,,,0,TIER_E
EA55067,C25067,Air Filter,0,,,0,TIER_E
EA55068,C25068,Air Filter,0,,,0,TIER_E
EA55069,C25069,Air Filter,0,,,0,TIER_E
EA55071,C25071,Air Filter,0,,,0,TIER_E
EA55072,C25072,Air Filter,0,,,0,TIER_E
EA55073,C25073,Air Filter,0,,,0,TIER_E
EA55074,C25074,Air Filter,0,,,0,TIER_E
EA55075,C25075,Air Filter,0,,,0,TIER_E
EA55076,C25076,Air Filter,0,,,0,TIER_E
EA55077,C25077,Air Filter,0,,,0,TIER_E
EA55081,C25081,Air Filter,0,,,0,TIER_E
EA55082,C25082,Air Filter,0,,,0,TIER_E
EA55083,C25083,Air Filter,0,,,0,TIER_E
EA55084,C25084,Air Filter,0,,,0,TIER_E
EA55086,C25086,Air Filter,0,,,0,TIER_E
EA55088,C25088,Air Filter,0,,,0,TIER_E
EA51102,C25110/2,Air Filter,0,,,0,TIER_E
EA55117,C25117,Air Filter,0,,,0,TIER_E
EA55120,C25120,Air Filter,0,,,0,TIER_E
EA55121,C25121,Air Filter,0,,,0,TIER_E
EA55131,C25131,Air Filter,0,,,0,TIER_E
EA55132,C25132,Air Filter,0,,,0,TIER_E
EA55154,C25154,Air Filter,0,,,0,TIER_E
EA52517,C2517,Air Filter,0,,,0,TIER_E
EA55170,C25170,Air Filter,0,,,0,TIER_E
EA55180,C25180,Air Filter,0,,,0,TIER_E
EA52520,C2520,Air Filter,0,,,0,TIER_E
EA52526,C2526,Air Filter,0,,,0,TIER_E
EA55262,C2526/2,Air Filter,0,,,0,TIER_E
EA55421,C2542/1,Air Filter,0,,,0,TIER_E
EA52545,C2545,Air Filter,0,,,0,TIER_E
EA55508,C25508,Air Filter,0,,,0,TIER_E
EA55532,C2553/2,Air Filter,0,,,0,TIER_E
EA52555,C2555,Air Filter,0,,,0,TIER_E
EA55570,C25570,Air Filter,0,,,0,TIER_E
EA55622,C25622,Air Filter,0,,,0,TIER_E
EA55660,C25660,Air Filter,0,,,0,TIER_E
EA56601,C25660/1,Air Filter,0,,,0,TIER_E
EA56882,C25688/2,Air Filter,0,,,0,TIER_E
EA55689,C25689,Air Filter,0,,,0,TIER_E
EA55754,C25754,Air Filter,0,,,0,TIER_E
EA58601,C25860/1,Air Filter,0,,,0,TIER_E
EA58602,C25860/2,Air Filter,0,,,0,TIER_E
EA58603,C25860/3,Air Filter,0,,,0,TIER_E
EA52590,C2590,Air Filter,0,,,0,TIER_E
EA55950,C25950,Air Filter,0,,,0,TIER_E
EA56004,C26004,Air Filter,0,,,0,TIER_E
EA56005,C26005,Air Filter,0,,,0,TIER_E
EA56007,C26007,Air Filter,0,,,0,TIER_E
EA50092,C26009/2,Air Filter,0,,,0,TIER_E
EA56045,C26045,Air Filter,0,,,0,TIER_E
EA56046,C26046,Air Filter,0,,,0,TIER_E
EA56049,C26049,Air Filter,0,,,0,TIER_E
EA56051,C26051,Air Filter,0,,,0,TIER_E
EA56053,C26053,Air Filter,0,,,0,TIER_E
EA56054,C26054,Air Filter,0,,,0,TIER_E
EA56055,C26055,Air Filter,0,,,0,TIER_E
EA56056,C26056,Air Filter,0,,,0,TIER_E
EA56059,C26059,Air Filter,0,,,0,TIER_E
EA56061,C26061,Air Filter,0,,,0,TIER_E
EA56064,C26064,Air Filter,0,,,0,TIER_E
EA56067,C26067,Air Filter,0,,,0,TIER_E
EA56071,C26071,Air Filter,0,,,0,TIER_E
EA56072,C26072,Air Filter,0,,,0,TIER_E
EA56073,C26073,Air Filter,0,,,0,TIER_E
EA56074,C26074,Air Filter,0,,,0,TIER_E
EA56076,C26076,Air Filter,0,,,0,TIER_E
EA56081,C26081,Air Filter,0,,,0,TIER_E
EA56086,C26086,Air Filter,0,,,0,TIER_E
EA56087,C26087,Air Filter,0,,,0,TIER_E
EA56093,C26093,Air Filter,0,,,0,TIER_E
EA56094,C26094,Air Filter,0,,,0,TIER_E
EA56110,C26110,Air Filter,0,,,0,TIER_E
EA56111,C26111,Air Filter,0,,,0,TIER_E
EA56118,C26118,Air Filter,0,,,0,TIER_E
EA52612,C2612,Air Filter,0,,,0,TIER_E
EA56121,C26121,Air Filter,0,,,0,TIER_E
EA56122,C26122,Air Filter,6,CATERPILLAR,3I-0005,60,TIER_B
EA56122,C26122,Air Filter,6,CUMMINS,3912986,60,TIER_B
EA56122,C26122,Air Filter,6,FORD,9576B105006,60,TIER_B
EA56122,C26122,Air Filter,6,JOHN DEERE,RE47573,60,TIER_B
EA56122,C26122,Air Filter,6,LEROI,438671,60,TIER_B
EA56122,C26122,Air Filter,6,SAAB,1394527,60,TIER_B
EA56128,C26128,Air Filter,0,,,0,TIER_E
EA56138,C26138,Air Filter,0,,,0,TIER_E
EA51381,C26138/1,Air Filter,0,,,0,TIER_E
EA51397,C261397,Air Filter,0,,,0,TIER_E
EA56140,C26140,Air Filter,0,,,0,TIER_E
EA56144,C26144,Air Filter,0,,,0,TIER_E
EA56157,C26157,Air Filter,0,,,0,TIER_E
EA56170,C26170,Air Filter,0,,,0,TIER_E
EA52010,C262010,Air Filter,0,,,0,TIER_E
EA56206,C26206,Air Filter,0,,,0,TIER_E
EA52401,C26240/1,Air Filter,0,,,0,TIER_E
EA52402,C26240/2,Air Filter,0,,,0,TIER_E
EA56275,C26275,Air Filter,0,,,0,TIER_E
EA56315,C26315,Air Filter,0,,,0,TIER_E
EA53153,C26315/3,Air Filter,0,,,0,TIER_E
EA53156,C26315/6,Air Filter,0,,,0,TIER_E
EA52631,C2631M,Air Filter,0,,,0,TIER_E
EA56328,C26328,Air Filter,1,COMPAIR,ZS1096065,20,TIER_D
EA56379,C26379,Air Filter,0,,,0,TIER_E
EA56480,C26480,Air Filter,0,,,0,TIER_E
EA56550,C26550,Air Filter,1,SCANIA,234 1657,20,TIER_D
EA52659,C2659,Air Filter,0,,,0,TIER_E
EA52672,C2672,Air Filter,0,,,0,TIER_E
EA52673,C2673,Air Filter,0,,,0,TIER_E
EA52675,C2675,Air Filter,0,,,0,TIER_E
EA56761,C2676/1,Air Filter,0,,,0,TIER_E
EA56848,C26848,Air Filter,0,,,0,TIER_E
EA52685,C2685,Air Filter,0,,,0,TIER_E
EA52690,C2690,Air Filter,0,,,0,TIER_E
EA56951,C2695/1,Air Filter,0,,,0,TIER_E
EA50002,C27000/2,Air Filter,0,,,0,TIER_E
EA57007,C27007,Air Filter,0,,,0,TIER_E
EA57008,C27008,Air Filter,0,,,0,TIER_E
EA57024,C27024,Air Filter,0,,,0,TIER_E
EA57049,C27049,Air Filter,0,,,0,TIER_E
EA57052,C27052,Air Filter,0,,,0,TIER_E
EA57053,C27053,Air Filter,0,,,0,TIER_E
EA57055,C27055,Air Filter,0,,,0,TIER_E
EA57056,C27056,Air Filter,0,,,0,TIER_E
EA57057,C27057,Air Filter,0,,,0,TIER_E
EA57062,C27062,Air Filter,0,,,0,TIER_E
EA57065,C27065,Air Filter,0,,,0,TIER_E
EA57066,C27066,Air Filter,0,,,0,TIER_E
EA57068,C27068,Air Filter,0,,,0,TIER_E
EA57071,C27071,Air Filter,0,,,0,TIER_E
EA57073,C27073,Air Filter,0,,,0,TIER_E
EA57075,C27075,Air Filter,0,,,0,TIER_E
EA57076,C27076,Air Filter,0,,,0,TIER_E
EA57077,C27077,Air Filter,0,,,0,TIER_E
EA57081,C27081,Air Filter,0,,,0,TIER_E
EA57083,C27083,Air Filter,0,,,0,TIER_E
EA57085,C27085,Air Filter,0,,,0,TIER_E
EA57086,C27086,Air Filter,0,,,0,TIER_E
EA57087,C27087,Air Filter,0,,,0,TIER_E
EA57088,C27088,Air Filter,0,,,0,TIER_E
EA57089,C27089,Air Filter,0,,,0,TIER_E
EA57091,C27091,Air Filter,0,,,0,TIER_E
EA57093,C27093,Air Filter,0,,,0,TIER_E
EA57094,C27094,Air Filter,0,,,0,TIER_E
EA57097,C27097,Air Filter,0,,,0,TIER_E
EA57100,C27100,Air Filter,0,,,0,TIER_E
EA51020,C271020,Air Filter,2,COMPAIR,ZS1088236,20,TIER_D
EA51020,C271020,Air Filter,2,COMPAIR,100013298,20,TIER_D
EA57104,C27104,Air Filter,0,,,0,TIER_E
EA50505,C271050/5,Air Filter,0,,,0,TIER_E
EA51102,C27110/2,Air Filter,0,,,0,TIER_E
EA57112,C27112,Air Filter,0,,,0,TIER_E
EA57113,C27113,Air Filter,0,,,0,TIER_E
EA57115,C27115,Air Filter,0,,,0,TIER_E
EA57116,C27116,Air Filter,0,,,0,TIER_E
EA51704,C271170/4,Air Filter,0,,,0,TIER_E
EA51250,C271250,Air Filter,0,,,0,TIER_E
EA52502,C271250/2,Air Filter,0,,,0,TIER_E
EA52506,C271250/6,Air Filter,0,,,0,TIER_E
EA52507,C271250/7,Air Filter,0,,,0,TIER_E
EA51320,C271320,Air Filter,0,,,0,TIER_E
EA53206,C271320/6,Air Filter,0,,,0,TIER_E
EA57137,C27137,Air Filter,0,,,0,TIER_E
EA57140,C27140,Air Filter,0,,,0,TIER_E
EA51406,C271406,Air Filter,0,,,0,TIER_E
EA57143,C27143,Air Filter,0,,,0,TIER_E
EA51520,C271520,Air Filter,0,,,0,TIER_E
EA57153,C27153,Air Filter,0,,,0,TIER_E
EA57192,C27192,Air Filter,0,,,0,TIER_E
EA52720,C2720,Air Filter,0,,,0,TIER_E
EA52731,C2731,Air Filter,0,,,0,TIER_E
EA53322,C27332/2,Air Filter,0,,,0,TIER_E
EA52737,C2737,Air Filter,0,,,0,TIER_E
EA52751,C2751,Air Filter,0,,,0,TIER_E
EA57511,C2751/1,Air Filter,0,,,0,TIER_E
EA52758,C2758,Air Filter,0,,,0,TIER_E
EA57585,C27585,Air Filter,0,,,0,TIER_E
EA55851,C27585/1,Air Filter,0,,,0,TIER_E
EA52769,C2769,Air Filter,0,,,0,TIER_E
EA57742,C2774/2,Air Filter,0,,,0,TIER_E
EA57800,C27800,Air Filter,0,,,0,TIER_E
EA57902,C27902,Air Filter,0,,,0,TIER_E
EA52797,C2797,Air Filter,0,,,0,TIER_E
EA59981,C27998/1,Air Filter,0,,,0,TIER_E
EA58003,C28003,Air Filter,0,,,0,TIER_E
EA58006,C28006,Air Filter,0,,,0,TIER_E
EA58008,C28008,Air Filter,0,,,0,TIER_E
EA58021,C28021,Air Filter,0,,,0,TIER_E
EA58025,C28025,Air Filter,0,,,0,TIER_E
EA58039,C28039,Air Filter,0,,,0,TIER_E
EA58043,C28043M,Air Filter,0,,,0,TIER_E
EA58048,C28048,Air Filter,0,,,0,TIER_E
EA58049,C28049,Air Filter,1,TATA MOTORS,570109139910,20,TIER_D
EA50541,C28054/1,Air Filter,0,,,0,TIER_E
EA58055,C28055,Air Filter,0,,,0,TIER_E
EA58059,C28059,Air Filter,0,,,0,TIER_E
EA58061,C28061,Air Filter,0,,,0,TIER_E
EA58063,C28063,Air Filter,0,,,0,TIER_E
EA58064,C28064,Air Filter,0,,,0,TIER_E
EA58065,C28065,Air Filter,0,,,0,TIER_E
EA58072,C28072,Air Filter,0,,,0,TIER_E
EA58077,C28077,Air Filter,0,,,0,TIER_E
EA58078,C28078,Air Filter,0,,,0,TIER_E
EA58079,C28079,Air Filter,0,,,0,TIER_E
EA58081,C28081,Air Filter,0,,,0,TIER_E
EA58082,C28082,Air Filter,0,,,0,TIER_E
EA58087,C28087,Air Filter,0,,,0,TIER_E
EA58089,C28089,Air Filter,0,,,0,TIER_E
EA50911,C28091/1,Air Filter,0,,,0,TIER_E
EA50921,C28092/1,Air Filter,0,,,0,TIER_E
EA58093,C28093,Air Filter,0,,,0,TIER_E
EA58094,C28094,Air Filter,0,,,0,TIER_E
EA58096,C28096,Air Filter,0,,,0,TIER_E
EA58097,C28097,Air Filter,0,,,0,TIER_E
EA58114,C28114,Air Filter,0,,,0,TIER_E
EA54401,C281440/1,Air Filter,0,,,0,TIER_E
EA58160,C28160,Air Filter,0,,,0,TIER_E
EA58214,C28214,Air Filter,0,,,0,TIER_E
EA52827,C2827,Air Filter,0,,,0,TIER_E
EA58331,C28331,Air Filter,0,,,0,TIER_E
EA58524,C2852/4,Air Filter,0,,,0,TIER_E
EA52853,C2853,Air Filter,0,,,0,TIER_E
EA58601,C2860/1,Air Filter,0,,,0,TIER_E
EA58612,C2861/2,Air Filter,0,,,0,TIER_E
EA52873,C2873,Air Filter,0,,,0,TIER_E
EA52877,C2877,Air Filter,0,,,0,TIER_E
EA52878,C2878,Air Filter,0,,,0,TIER_E
EA52890,C2890,Air Filter,0,,,0,TIER_E
EA58940,C28940,Air Filter,0,,,0,TIER_E
EA58951,C28951,Air Filter,0,,,0,TIER_E
EA59532,C28953/2,Air Filter,0,,,0,TIER_E
EA59601,C28960/1X,Air Filter,0,,,0,TIER_E
EA59009,C29009,Air Filter,0,,,0,TIER_E
EA59018,C29018,Air Filter,0,,,0,TIER_E
EA59021,C29021M,Air Filter,0,,,0,TIER_E
EA59022,C29022,Air Filter,0,,,0,TIER_E
EA59025,C29025,Air Filter,0,,,0,TIER_E
EA53512,C29035/1/2,Air Filter,0,,,0,TIER_E
EA50352,C29035/2,Air Filter,0,,,0,TIER_E
EA59038,C29038,Air Filter,0,,,0,TIER_E
EA59045,C29045,Air Filter,0,,,0,TIER_E
EA59047,C29047,Air Filter,0,,,0,TIER_E
EA59052,C29052,Air Filter,0,,,0,TIER_E
EA59054,C29054,Air Filter,0,,,0,TIER_E
EA59062,C29062,Air Filter,0,,,0,TIER_E
EA59063,C29063,Air Filter,0,,,0,TIER_E
EA59067,C29067,Air Filter,0,,,0,TIER_E
EA59070,C29070,Air Filter,0,,,0,TIER_E
EA59072,C29072,Air Filter,0,,,0,TIER_E
EA59074,C29074,Air Filter,0,,,0,TIER_E
EA50321,C291032/1,Air Filter,0,,,0,TIER_E
EA59108,C29108,Air Filter,0,,,0,TIER_E
EA59122,C29122,Air Filter,0,,,0,TIER_E
EA59126,C29126,Air Filter,0,,,0,TIER_E
EA59130,C29130,Air Filter,2,FORD USA,3W33 9601 AB,20,TIER_D
EA59130,C29130,Air Filter,2,FORD USA,3W3Z-9601-CA,20,TIER_D
EA51366,C291366,Air Filter,0,,,0,TIER_E
EA59352,C29352,Air Filter,0,,,0,TIER_E
EA53525,C29352/5,Air Filter,0,,,0,TIER_E
EA53526,C29352/6,Air Filter,0,,,0,TIER_E
EA59377,C29377,Air Filter,0,,,0,TIER_E
EA52938,C2938,Air Filter,0,,,0,TIER_E
EA54011,C29401/1,Air Filter,0,,,0,TIER_E
EA52956,C2956,Air Filter,0,,,0,TIER_E
EA59624,C29624,Air Filter,0,,,0,TIER_E
EA52964,C2964M,Air Filter,0,,,0,TIER_E
EA59754,C29754,Air Filter,0,,,0,TIER_E
EA59769,C29769,Air Filter,0,,,0,TIER_E
EA52982,C2982,Air Filter,0,,,0,TIER_E
EA52987,C2987,Air Filter,0,,,0,TIER_E
EA59920,C29920,Air Filter,0,,,0,TIER_E
EA59931,C2993/1,Air Filter,0,,,0,TIER_E
EA59391,C29939/1X,Air Filter,0,,,0,TIER_E
EA59404,C29940/4,Air Filter,0,,,0,TIER_E
EA59985,C2998/5,Air Filter,0,,,0,TIER_E
EA50005,C30005M,Air Filter,0,,,0,TIER_E
EA50009,C30009M,Air Filter,0,,,0,TIER_E
EA50131,C30013/1,Air Filter,0,,,0,TIER_E
EA50033,C30033,Air Filter,0,,,0,TIER_E
EA50041,C30041,Air Filter,0,,,0,TIER_E
EA50042,C30042,Air Filter,0,,,0,TIER_E
EA50046,C30046,Air Filter,0,,,0,TIER_E
EA50048,C30048,Air Filter,0,,,0,TIER_E
EA50061,C30061,Air Filter,0,,,0,TIER_E
EA50065,C30065,Air Filter,0,,,0,TIER_E
EA50081,C30081,Air Filter,0,,,0,TIER_E
EA50082,C30082,Air Filter,0,,,0,TIER_E
EA50084,C30084,Air Filter,0,,,0,TIER_E
EA50085,C30085,Air Filter,0,,,0,TIER_E
EA50086,C30086,Air Filter,0,,,0,TIER_E
EA51016,C301016,Air Filter,0,,,0,TIER_E
EA50103,C30103,Air Filter,0,,,0,TIER_E
EA51151,C30115/1,Air Filter,0,,,0,TIER_E
EA53012,C3012,Air Filter,0,,,0,TIER_E
EA51253,C30125/3,Air Filter,0,,,0,TIER_E
EA51261,C30126/1,Air Filter,0,,,0,TIER_E
EA50136,C30136,Air Filter,0,,,0,TIER_E
EA51361,C30136/1,Air Filter,0,,,0,TIER_E
EA50150,C30150X,Air Filter,0,,,0,TIER_E
EA50152,C30152,Air Filter,0,,,0,TIER_E
EA50153,C30153,Air Filter,0,,,0,TIER_E
EA51611,C30161/1,Air Filter,0,,,0,TIER_E
EA50200,C30200,Air Filter,0,,,0,TIER_E
EA53027,C3027,Air Filter,0,,,0,TIER_E
EA53032,C3032,Air Filter,0,,,0,TIER_E
EA50325,C30325,Air Filter,0,,,0,TIER_E
EA50375,C30375,Air Filter,6,BECKER,84040315000,60,TIER_B
EA50375,C30375,Air Filter,6,BECKER,84040215000,60,TIER_B
EA50375,C30375,Air Filter,6,DEMAG (COMPAIR),432 629 00,60,TIER_B
EA50375,C30375,Air Filter,6,DEMAG (COMPAIR),295 043 06,60,TIER_B
EA50375,C30375,Air Filter,6,RIETSCHLE,730 520,60,TIER_B
EA50375,C30375,Air Filter,6,SULLAIR,4058,60,TIER_B
EA50304,C304,Air Filter,0,,,0,TIER_E
EA50400,C30400,Air Filter,0,,,0,TIER_E
EA53051,C3051,Air Filter,0,,,0,TIER_E
EA53054,C3054,Air Filter,0,,,0,TIER_E
EA50683,C30683,Air Filter,0,,,0,TIER_E
EA53087,C3087,Air Filter,0,,,0,TIER_E
EA50873,C30873,Air Filter,0,,,0,TIER_E
EA53088,C3088,Air Filter,0,,,0,TIER_E
EA50883,C30883,Air Filter,0,,,0,TIER_E
EA51011,C31011,Air Filter,0,,,0,TIER_E
EA51035,C31035,Air Filter,0,,,0,TIER_E
EA51036,C31036,Air Filter,0,,,0,TIER_E
EA51037,C31037,Air Filter,0,,,0,TIER_E
EA51041,C31041,Air Filter,0,,,0,TIER_E
EA51042,C31042,Air Filter,0,,,0,TIER_E
EA51043,C31043,Air Filter,0,,,0,TIER_E
EA51044,C31044,Air Filter,0,,,0,TIER_E
EA51045,C31045,Air Filter,0,,,0,TIER_E
EA51046,C31046,Air Filter,0,,,0,TIER_E
EA51051,C31051,Air Filter,0,,,0,TIER_E
EA51053,C31053,Air Filter,0,,,0,TIER_E
EA51054,C31054,Air Filter,0,,,0,TIER_E
EA51056,C31056,Air Filter,0,,,0,TIER_E
EA51058,C31058,Air Filter,0,,,0,TIER_E
EA51061,C31061,Air Filter,0,,,0,TIER_E
EA51071,C31071,Air Filter,0,,,0,TIER_E
EA51027,C311027,Air Filter,0,,,0,TIER_E
EA51109,C31109,Air Filter,0,,,0,TIER_E
EA51093,C311093,Air Filter,0,,,0,TIER_E
EA50931,C311093/1,Air Filter,0,,,0,TIER_E
EA51201,C31120/1X,Air Filter,0,,,0,TIER_E
EA52261,C311226/1,Air Filter,0,,,0,TIER_E
EA52262,C311226/2X,Air Filter,0,,,0,TIER_E
EA52541,C311254/1,Air Filter,0,,,0,TIER_E
EA51132,C31132,Air Filter,0,,,0,TIER_E
EA51390,C311390,Air Filter,0,,,0,TIER_E
EA51491,C31149/1,Air Filter,0,,,0,TIER_E
EA51152,C31152,Air Filter,0,,,0,TIER_E
EA51522,C31152/2,Air Filter,0,,,0,TIER_E
EA51902,C31190/2,Air Filter,0,,,0,TIER_E
EA52201,C31220/1,Air Filter,0,,,0,TIER_E
EA51221,C31221,Air Filter,0,,,0,TIER_E
EA53141,C3141,Air Filter,0,,,0,TIER_E
EA51521,C31521,Air Filter,0,,,0,TIER_E
EA53161,C3161,Air Filter,0,,,0,TIER_E
EA53163,C3163,Air Filter,0,,,0,TIER_E
EA57012,C3170/1/2,Air Filter,0,,,0,TIER_E
EA51751,C3175/1,Air Filter,0,,,0,TIER_E
EA51752,C3175/2,Air Filter,0,,,0,TIER_E
EA51753,C3175/3,Air Filter,0,,,0,TIER_E
EA51754,C3175/4,Air Filter,0,,,0,TIER_E
EA51850,C31850,Air Filter,0,,,0,TIER_E
EA53195,C3195,Air Filter,0,,,0,TIER_E
EA50321,C32/1,Air Filter,0,,,0,TIER_E
EA50322,C32/2,Air Filter,0,,,0,TIER_E
EA53244,C32/4(4),Air Filter,0,,,0,TIER_E
EA52005,C32005M,Air Filter,0,,,0,TIER_E
EA52006,C32006,Air Filter,0,,,0,TIER_E
EA52007,C32007,Air Filter,0,,,0,TIER_E
EA52007,C32007M,Air Filter,0,,,0,TIER_E
EA52011,C32011M,Air Filter,0,,,0,TIER_E
EA52021,C32021,Air Filter,0,,,0,TIER_E
EA52025,C32025,Air Filter,0,,,0,TIER_E
EA52032,C32032,Air Filter,0,,,0,TIER_E
EA52033,C32033,Air Filter,0,,,0,TIER_E
EA52036,C32036,Air Filter,0,,,0,TIER_E
EA52038,C32038,Air Filter,0,,,0,TIER_E
EA52042,C32042,Air Filter,0,,,0,TIER_E
EA52051,C32051,Air Filter,0,,,0,TIER_E
EA52052,C32052,Air Filter,0,,,0,TIER_E
EA52053,C32053,Air Filter,0,,,0,TIER_E
EA52055,C32055,Air Filter,0,,,0,TIER_E
EA52061,C32061,Air Filter,0,,,0,TIER_E
EA52064,C32064,Air Filter,0,,,0,TIER_E
EA51202,C32120/2,Air Filter,0,,,0,TIER_E
EA52126,C32126,Air Filter,0,,,0,TIER_E
EA52140,C32140,Air Filter,0,,,0,TIER_E
EA51752,C321752,Air Filter,0,,,0,TIER_E
EA52191,C32191M,Air Filter,0,,,0,TIER_E
EA52222,C32222,Air Filter,0,,,0,TIER_E
EA52331,C32331,Air Filter,0,,,0,TIER_E
EA52339,C32339,Air Filter,0,,,0,TIER_E
EA53233,C3233M,Air Filter,0,,,0,TIER_E
EA53236,C3236,Air Filter,0,,,0,TIER_E
EA52473,C32473,Air Filter,1,LIEBHERR,7403953,20,TIER_D
EA53255,C3255,Air Filter,0,,,0,TIER_E
EA53257,C3257,Air Filter,0,,,0,TIER_E
EA52820,C32820,Air Filter,0,,,0,TIER_E
EA52841,C3284/1,Air Filter,0,,,0,TIER_E
EA53287,C3287,Air Filter,0,,,0,TIER_E
EA53290,C3290,Air Filter,0,,,0,TIER_E
EA50334,C33(4),Air Filter,0,,,0,TIER_E
EA53314,C33/1(4),Air Filter,0,,,0,TIER_E
EA53022,C33022,Air Filter,0,,,0,TIER_E
EA53023,C33023,Air Filter,0,,,0,TIER_E
EA53028,C33028,Air Filter,0,,,0,TIER_E
EA53031,C33031,Air Filter,0,,,0,TIER_E
EA53043,C33043,Air Filter,0,,,0,TIER_E
EA53051,C33051,Air Filter,0,,,0,TIER_E
EA53061,C33061,Air Filter,0,,,0,TIER_E
EA51465,C331465,Air Filter,0,,,0,TIER_E
EA56001,C331600/1,Air Filter,0,,,0,TIER_E
EA51825,C331825,Air Filter,1,MACK,57-MD-33,20,TIER_D
EA53241,C33241,Air Filter,0,,,0,TIER_E
EA53280,C33280,Air Filter,0,,,0,TIER_E
EA53381,C3338/1,Air Filter,0,,,0,TIER_E
EA53540,C33540,Air Filter,0,,,0,TIER_E
EA53612,C3361/2,Air Filter,0,,,0,TIER_E
EA53382,C3382,Air Filter,0,,,0,TIER_E
EA53921,C33921,Air Filter,0,,,0,TIER_E
EA53962,C33962,Air Filter,0,,,0,TIER_E
EA50034,C34,Air Filter,0,,,0,TIER_E
EA54013,C34013,Air Filter,0,,,0,TIER_E
EA54015,C34015,Air Filter,0,,,0,TIER_E
EA54016,C34016,Air Filter,0,,,0,TIER_E
EA54021,C34021,Air Filter,0,,,0,TIER_E
EA54022,C34022,Air Filter,0,,,0,TIER_E
EA54023,C34023,Air Filter,0,,,0,TIER_E
EA54025,C34025,Air Filter,0,,,0,TIER_E
EA54026,C34026,Air Filter,0,,,0,TIER_E
EA54052,C34052,Air Filter,0,,,0,TIER_E
EA51091,C34109/1,Air Filter,0,,,0,TIER_E
EA51232,C34123/2,Air Filter,0,,,0,TIER_E
EA54360,C34360,Air Filter,0,,,0,TIER_E
EA53437,C3437,Air Filter,0,,,0,TIER_E
EA53468,C3468,Air Filter,0,,,0,TIER_E
EA53483,C3483,Air Filter,0,,,0,TIER_E
EA53485,C3485,Air Filter,0,,,0,TIER_E
EA54851,C3485/1,Air Filter,0,,,0,TIER_E
EA54852,C3485/2M,Air Filter,0,,,0,TIER_E
EA54904,C34904,Air Filter,0,,,0,TIER_E
EA53494,C3494,Air Filter,0,,,0,TIER_E
EA55006,C35006,Air Filter,0,,,0,TIER_E
EA55015,C35015M,Air Filter,0,,,0,TIER_E
EA55018,C35018,Air Filter,0,,,0,TIER_E
EA55019,C35019,Air Filter,0,,,0,TIER_E
EA55020,C35020,Air Filter,0,,,0,TIER_E
EA55030,C35030,Air Filter,0,,,0,TIER_E
EA55031,C35031,Air Filter,0,,,0,TIER_E
EA51177,C351177,Air Filter,0,,,0,TIER_E
EA51241,C35124/1,Air Filter,0,,,0,TIER_E
EA55127,C35127,Air Filter,0,,,0,TIER_E
EA55177,C35177M,Air Filter,0,,,0,TIER_E
EA55178,C35178,Air Filter,0,,,0,TIER_E
EA52602,C352260/2,Air Filter,0,,,0,TIER_E
EA53553,C3553,Air Filter,0,,,0,TIER_E
EA55942,C3594/2,Air Filter,0,,,0,TIER_E
EA56003,C36003M,Air Filter,0,,,0,TIER_E
EA56005,C36005,Air Filter,0,,,0,TIER_E
EA56007,C36007,Air Filter,0,,,0,TIER_E
EA50071,C36007/1,Air Filter,0,,,0,TIER_E
EA56015,C36015,Air Filter,0,,,0,TIER_E
EA56019,C36019,Air Filter,0,,,0,TIER_E
EA56022,C36022,Air Filter,0,,,0,TIER_E
EA56023,C36023,Air Filter,0,,,0,TIER_E
EA56032,C36032,Air Filter,0,,,0,TIER_E
EA56041,C36041,Air Filter,0,,,0,TIER_E
EA56051,C36051,Air Filter,0,,,0,TIER_E
EA51008,C361008,Air Filter,0,,,0,TIER_E
EA56110,C36110,Air Filter,0,,,0,TIER_E
EA56111,C36111,Air Filter,0,,,0,TIER_E
EA51552,C361552,Air Filter,0,,,0,TIER_E
EA53671,C3671,Air Filter,0,,,0,TIER_E
EA53698,C3698,Air Filter,0,,,0,TIER_E
EA56982,C3698/2,Air Filter,0,,,0,TIER_E
EA59832,C3698/3/2,Air Filter,0,,,0,TIER_E
EA59981,C36998/1,Air Filter,0,,,0,TIER_E
EA57001,C37001,Air Filter,0,,,0,TIER_E
EA57006,C37006,Air Filter,0,,,0,TIER_E
EA57008,C37008,Air Filter,0,,,0,TIER_E
EA50091,C37009/1,Air Filter,0,,,0,TIER_E
EA57010,C37010,Air Filter,0,,,0,TIER_E
EA57011,C37011,Air Filter,0,,,0,TIER_E
EA50111,C37011/1,Air Filter,0,,,0,TIER_E
EA57013,C37013,Air Filter,0,,,0,TIER_E
EA57015,C37015,Air Filter,0,,,0,TIER_E
EA57018,C37018,Air Filter,0,,,0,TIER_E
EA57022,C37022,Air Filter,0,,,0,TIER_E
EA57101,C37101,Air Filter,0,,,0,TIER_E
EA57306,C37306,Air Filter,0,,,0,TIER_E
EA53766,C3766M,Air Filter,0,,,0,TIER_E
EA53777,C3777,Air Filter,0,,,0,TIER_E
EA50111,C38011/1,Air Filter,0,,,0,TIER_E
EA58016,C38016,Air Filter,0,,,0,TIER_E
EA58017,C38017,Air Filter,0,,,0,TIER_E
EA58018,C38018,Air Filter,0,,,0,TIER_E
EA58147,C38147,Air Filter,0,,,0,TIER_E
EA58163,C38163,Air Filter,0,,,0,TIER_E
EA58309,C38309,Air Filter,0,,,0,TIER_E
EA53842,C3842,Air Filter,0,,,0,TIER_E
EA53877,C3877,Air Filter,0,,,0,TIER_E
EA53880,C3880M,Air Filter,0,,,0,TIER_E
EA59005,C39005,Air Filter,0,,,0,TIER_E
EA53975,C3975,Air Filter,0,,,0,TIER_E
EA53984,C3984,Air Filter,0,,,0,TIER_E
EA50010,C40010,Air Filter,0,,,0,TIER_E
EA50011,C40011,Air Filter,0,,,0,TIER_E
EA54002,C4002,Air Filter,0,,,0,TIER_E
EA50043,C40043,Air Filter,0,,,0,TIER_E
EA51460,C401460,Air Filter,1,MTU,869 094 00 16,20,TIER_D
EA54601,C401460/1,Air Filter,0,,,0,TIER_E
EA54057,C4057,Air Filter,0,,,0,TIER_E
EA54085,C4085,Air Filter,0,,,0,TIER_E
EA50410,C410,Air Filter,0,,,0,TIER_E
EA51001,C41001DECKEL,Air Filter,0,,,0,TIER_E
EA51006,C41006,Air Filter,0,,,0,TIER_E
EA51011,C41011,Air Filter,0,,,0,TIER_E
EA50411,C411,Air Filter,0,,,0,TIER_E
EA50420,C420,Air Filter,1,BOGE,569 004 001,20,TIER_D
EA52003,C42003,Air Filter,1,LIEBHERR,12101152,20,TIER_D
EA52004,C42004,Air Filter,0,,,0,TIER_E
EA52006,C42006,Air Filter,0,,,0,TIER_E
EA51550,C421550,Air Filter,0,,,0,TIER_E
EA55501,C421550/1,Air Filter,0,,,0,TIER_E
EA52192,C42192,Air Filter,0,,,0,TIER_E
EA54280,C4280,Air Filter,0,,,0,TIER_E
EA54287,C4287,Air Filter,0,,,0,TIER_E
EA52873,C4287/3,Air Filter,0,,,0,TIER_E
EA50431,C43/1,Air Filter,0,,,0,TIER_E
EA54334,C43/3(4),Air Filter,0,,,0,TIER_E
EA50901,C431090/1,Air Filter,1,VOLVO (TRUCKS/VCE/VME/PENTA),3837643,20,TIER_D
EA54369,C4369,Air Filter,0,,,0,TIER_E
EA50443,C44/3,Air Filter,0,,,0,TIER_E
EA54464,C44/6(4),Air Filter,0,,,0,TIER_E
EA54474,C44/7(4),Air Filter,0,,,0,TIER_E
EA54001,C44001,Air Filter,0,,,0,TIER_E
EA54002,C44002,Air Filter,0,,,0,TIER_E
EA54008,C44008,Air Filter,0,,,0,TIER_E
EA50045,C45,Air Filter,0,,,0,TIER_E
EA50041,C45004/1,Air Filter,0,,,0,TIER_E
EA50262,C452026/2,Air Filter,2,INNIO JENBACHER,416 037,20,TIER_D
EA50262,C452026/2,Air Filter,2,INNIO JENBACHER,120 7640,20,TIER_D
EA52695,C452695,Air Filter,2,INNIO JENBACHER,415 184,20,TIER_D
EA52695,C452695,Air Filter,2,MTU,X00005776,20,TIER_D
EA55336,C45336,Air Filter,0,,,0,TIER_E
EA54444,C454444,Air Filter,1,AERZENER,151 380 000,20,TIER_D
EA54588,C4588,Air Filter,0,,,0,TIER_E
EA56003,C46003,Air Filter,0,,,0,TIER_E
EA57160,C47160,Air Filter,0,,,0,TIER_E
EA50048,C48,Air Filter,1,RIETSCHLE,513 458,20,TIER_D
EA54824,C48/2(4),Air Filter,0,,,0,TIER_E
EA50011,C49001/1,Air Filter,0,,,0,TIER_E
EA59003,C49003,Air Filter,1,PACCAR,P621725,20,TIER_D
EA50821,C5082/1,Air Filter,0,,,0,TIER_E
EA50051,C51,Air Filter,0,,,0,TIER_E
EA50054,C54,Air Filter,0,,,0,TIER_E
EA54810,C54810,Air Filter,0,,,0,TIER_E
EA50554,C55(4),Air Filter,0,,,0,TIER_E
EA55235,C55235,Air Filter,0,,,0,TIER_E
EA55614,C56/1(4),Air Filter,0,,,0,TIER_E
EA51307,C571307,Air Filter,0,,,0,TIER_E
EA53071,C571307/1,Air Filter,0,,,0,TIER_E
EA53072,C571307/2,Air Filter,0,,,0,TIER_E
EA51708,C571708,Air Filter,0,,,0,TIER_E
EA57081,C571708/1,Air Filter,0,,,0,TIER_E
EA50811,C571708/11,Air Filter,0,,,0,TIER_E
EA50812,C571708/12,Air Filter,0,,,0,TIER_E
EA57082,C571708/2,Air Filter,0,,,0,TIER_E
EA57083,C571708/3,Air Filter,0,,,0,TIER_E
EA57084,C571708/4,Air Filter,0,,,0,TIER_E
EA57085,C571708/5,Air Filter,0,,,0,TIER_E
EA57087,C571708/7,Air Filter,0,,,0,TIER_E
EA57088,C571708/8,Air Filter,0,,,0,TIER_E
EA57089,C571708/9,Air Filter,0,,,0,TIER_E
EA51895,C571895,Air Filter,0,,,0,TIER_E
EA58952,C571895/2,Air Filter,0,,,0,TIER_E
EA58953,C571895/3,Air Filter,0,,,0,TIER_E
EA52192,C572192,Air Filter,0,,,0,TIER_E
EA52001,C572200/1,Air Filter,0,,,0,TIER_E
EA52284,C572284,Air Filter,0,,,0,TIER_E
EA52841,C572284/1,Air Filter,0,,,0,TIER_E
EA52843,C572284/3,Air Filter,0,,,0,TIER_E
EA52845,C572284/5,Air Filter,0,,,0,TIER_E
EA52288,C572288,Air Filter,0,,,0,TIER_E
EA52881,C572288/1,Air Filter,0,,,0,TIER_E
EA57288,C57288,Air Filter,0,,,0,TIER_E
EA53754,C573754,Air Filter,4,DEMAG (COMPAIR),432 628 00,40,TIER_C
EA53754,C573754,Air Filter,4,MERCEDES-BENZ,002 094 02 04,40,TIER_C
EA53754,C573754,Air Filter,4,MERCEDES-BENZ,A 002 094 02 04,40,TIER_C
EA53754,C573754,Air Filter,4,MTU,002 094 02 04,40,TIER_C
EA57541,C573754/1,Air Filter,0,,,0,TIER_E
EA57542,C573754/2,Air Filter,0,,,0,TIER_E
EA57543,C573754/3,Air Filter,0,,,0,TIER_E
EA55845,C575584/5,Air Filter,0,,,0,TIER_E
EA57860,C57860,Air Filter,0,,,0,TIER_E
EA58601,C57860/1,Air Filter,0,,,0,TIER_E
EA56010,C57860/10,Air Filter,0,,,0,TIER_E
EA56011,C57860/11,Air Filter,0,,,0,TIER_E
EA56012,C57860/12,Air Filter,0,,,0,TIER_E
EA56013,C57860/13,Air Filter,0,,,0,TIER_E
EA56014,C57860/14,Air Filter,0,,,0,TIER_E
EA56016,C57860/16,Air Filter,0,,,0,TIER_E
EA58602,C57860/2,Air Filter,0,,,0,TIER_E
EA58603,C57860/3,Air Filter,0,,,0,TIER_E
EA58606,C57860/6,Air Filter,0,,,0,TIER_E
EA58609,C57860/9,Air Filter,0,,,0,TIER_E
EA51507,C581507,Air Filter,0,,,0,TIER_E
EA58185,C58185,Air Filter,0,,,0,TIER_E
EA53451,C60345/1,Air Filter,0,,,0,TIER_E
EA51500,C641500,Air Filter,0,,,0,TIER_E
EA50065,C65,Air Filter,0,,,0,TIER_E
EA50654,C65/4,Air Filter,0,,,0,TIER_E
EA50067,C67,Air Filter,0,,,0,TIER_E
EA50710,C710,Air Filter,0,,,0,TIER_E
EA50711,C711,Air Filter,1,BECKER,90956900000,20,TIER_D
EA57111,C711/1,Air Filter,5,BAUER,N00070,60,TIER_B
EA57111,C711/1,Air Filter,5,HEINKEL,407753049,60,TIER_B
EA57111,C711/1,Air Filter,5,MAN,81.54102-0001,60,TIER_B
EA57111,C711/1,Air Filter,5,ORENSTEIN + KOPPEL (O+K),002 9305,60,TIER_B
EA57111,C711/1,Air Filter,5,STEYR-DAIMLER-PUCH,367.11.52.402,60,TIER_B
EA50712,C712,Air Filter,2,DEMAG (COMPAIR),432 612 00,20,TIER_D
EA50712,C712,Air Filter,2,GARDNER DENVER,4 32 61 200,20,TIER_D
EA50715,C715,Air Filter,1,BUSCH,532 000 019,20,TIER_D
EA57162,C716/2,Air Filter,0,,,0,TIER_E
EA57162,C716/2N,Air Filter,0,,,0,TIER_E
EA57181,C718/1,Air Filter,0,,,0,TIER_E
EA51260,C731260,Air Filter,0,,,0,TIER_E
EA54001,C74001,Air Filter,0,,,0,TIER_E
EA57511,C75/11,Air Filter,0,,,0,TIER_E
EA57512,C75/12,Air Filter,0,,,0,TIER_E
EA57514,C75/14,Air Filter,0,,,0,TIER_E
EA50753,C75/3,Air Filter,0,,,0,TIER_E
EA50759,C75/9,Air Filter,0,,,0,TIER_E
EA50761,C76/1,Air Filter,0,,,0,TIER_E
EA50781,C78/1,Air Filter,0,,,0,TIER_E
EA50784,C78/4,Air Filter,0,,,0,TIER_E
EA50785,C78/5,Air Filter,0,,,0,TIER_E
EA50079,C79,Air Filter,0,,,0,TIER_E
EA50792,C79/2,Air Filter,0,,,0,TIER_E
EA50081,C81,Air Filter,0,,,0,TIER_E
EA50814,C814,Air Filter,0,,,0,TIER_E
EA58161,C816/1,Air Filter,0,,,0,TIER_E
EA50821,C821,Air Filter,0,,,0,TIER_E
EA50892,C89/2,Air Filter,0,,,0,TIER_E
EA50913,C913,Air Filter,0,,,0,TIER_E
EA50916,C916,Air Filter,0,,,0,TIER_E
EA50940,C940,Air Filter,3,HAKO,270280,40,TIER_C
EA50940,C940,Air Filter,3,MERCEDES-BENZ,A 003 094 56 04,40,TIER_C
EA50940,C940,Air Filter,3,MERCEDES-BENZ,003 094 56 04,40,TIER_C
EA59402,C940/2,Air Filter,0,,,0,TIER_E
EA50946,C946,Air Filter,0,,,0,TIER_E
EA50957,C957,Air Filter,0,,,0,TIER_E
EC57001,CF07001,Cabin Filter,0,,,0,TIER_E
EC50001,CF1000/1,Cabin Filter,0,,,0,TIER_E
EC50003,CF10003,Cabin Filter,0,,,0,TIER_E
EC50010,CF10010,Cabin Filter,0,,,0,TIER_E
EC51010,CF1010,Cabin Filter,0,,,0,TIER_E
EC51011,CF1011,Cabin Filter,0,,,0,TIER_E
EC51010,CF11010,Cabin Filter,0,,,0,TIER_E
EC51111,CF1111,Cabin Filter,0,,,0,TIER_E
EC51113,CF1113,Cabin Filter,0,,,0,TIER_E
EC51132,CF1113/2,Cabin Filter,0,,,0,TIER_E
EC51212,CF1212,Cabin Filter,0,,,0,TIER_E
EC51221,CF1221,Cabin Filter,0,,,0,TIER_E
EC51222,CF1222,Cabin Filter,0,,,0,TIER_E
EC50125,CF125,Cabin Filter,0,,,0,TIER_E
EC51270,CF1270,Cabin Filter,0,,,0,TIER_E
EC53115,CF13115X,Cabin Filter,1,KOMATSU,30Z1280158,20,TIER_D
EC53130,CF13130,Cabin Filter,0,,,0,TIER_E
EC51317,CF1317,Cabin Filter,0,,,0,TIER_E
EC54004,CF14004,Cabin Filter,0,,,0,TIER_E
EC54005,CF14005,Cabin Filter,0,,,0,TIER_E
EC51413,CF1413,Cabin Filter,0,,,0,TIER_E
EC54137,CF14137,Cabin Filter,0,,,0,TIER_E
EC51422,CF1422,Cabin Filter,0,,,0,TIER_E
EC54401,CF1440/1,Cabin Filter,0,,,0,TIER_E
EC51450,CF1450,Cabin Filter,0,,,0,TIER_E
EC54801,CF1480/1,Cabin Filter,0,,,0,TIER_E
EC51500,CF1500,Cabin Filter,0,,,0,TIER_E
EC55003,CF15003,Cabin Filter,0,,,0,TIER_E
EC55005,CF15005,Cabin Filter,1,NEW HOLLAND (CNH),73400579,20,TIER_D
EC51022,CF15102/2,Cabin Filter,0,,,0,TIER_E
EC51211,CF15121/1,Cabin Filter,0,,,0,TIER_E
EC55200,CF15200X,Cabin Filter,0,,,0,TIER_E
EC51593,CF1593,Cabin Filter,0,,,0,TIER_E
EC56022,CF16022,Cabin Filter,0,,,0,TIER_E
EC51581,CF16158/1X,Cabin Filter,0,,,0,TIER_E
EC56402,CF1640/2,Cabin Filter,0,,,0,TIER_E
EC56404,CF1640/4,Cabin Filter,0,,,0,TIER_E
EC50083,CF17008/3,Cabin Filter,0,,,0,TIER_E
EC57011,CF17011,Cabin Filter,0,,,0,TIER_E
EC51810,CF1810AZ,Cabin Filter,0,,,0,TIER_E
EC51811,CF1811,Cabin Filter,0,,,0,TIER_E
EC51813,CF1813,Cabin Filter,0,,,0,TIER_E
EC59003,CF19003,Cabin Filter,0,,,0,TIER_E
EC59008,CF19008,Cabin Filter,0,,,0,TIER_E
EC59157,CF19157,Cabin Filter,0,,,0,TIER_E
EC51925,CF1925,Cabin Filter,0,,,0,TIER_E
EC50002,CF20002,Cabin Filter,0,,,0,TIER_E
EC52110,CF2110,Cabin Filter,0,,,0,TIER_E
EC53982,CF23398/2,Cabin Filter,0,,,0,TIER_E
EC54001,CF24001,Cabin Filter,0,,,0,TIER_E
EC54002,CF24002,Cabin Filter,0,,,0,TIER_E
EC59002,CF29002,Cabin Filter,0,,,0,TIER_E
EC50006,CF30006,Cabin Filter,0,,,0,TIER_E
EC52001,CF42001,Cabin Filter,1,LIEBHERR,12101155,20,TIER_D
EC50044,CF44,Cabin Filter,0,,,0,TIER_E
EC56001,CF46001,Cabin Filter,0,,,0,TIER_E
EC56001,CF600/1,Cabin Filter,0,,,0,TIER_E
EC50620,CF620,Cabin Filter,0,,,0,TIER_E
EC50713,CF713,Cabin Filter,0,,,0,TIER_E
EC50722,CF722,Cabin Filter,0,,,0,TIER_E
EC58005,CF8005,Cabin Filter,0,,,0,TIER_E
EC50813,CF813,Cabin Filter,0,,,0,TIER_E
EC50087,CF87,Cabin Filter,0,,,0,TIER_E
EC50940,CF940,Cabin Filter,0,,,0,TIER_E
EA51014,CL1014,Air Filter,0,,,0,TIER_E
EA51116,CL1116,Air Filter,0,,,0,TIER_E
EA51118,CL1118,Air Filter,0,,,0,TIER_E
EA51119,CL1119,Air Filter,0,,,0,TIER_E
EA51121,CL1121,Air Filter,0,,,0,TIER_E
EA51128,CL1128,Air Filter,0,,,0,TIER_E
EA51130,CL1130,Air Filter,0,,,0,TIER_E
EA51220,CL1220,Air Filter,0,,,0,TIER_E
EA51222,CL1222,Air Filter,0,,,0,TIER_E
EA51225,CL1225,Air Filter,0,,,0,TIER_E
EA51227,CL1227,Air Filter,0,,,0,TIER_E
EA51321,CL1321,Air Filter,0,,,0,TIER_E
EA51324,CL1324,Air Filter,0,,,0,TIER_E
EA51325,CL1325,Air Filter,0,,,0,TIER_E
EA51326,CL1326,Air Filter,0,,,0,TIER_E
EA51327,CL1327,Air Filter,0,,,0,TIER_E
EA51418,CL1418,Air Filter,0,,,0,TIER_E
EA51429,CL1429,Air Filter,0,,,0,TIER_E
EA51517,CL1517,Air Filter,0,,,0,TIER_E
EA51526,CL1526,Air Filter,0,,,0,TIER_E
EA51547,CL1547,Air Filter,0,,,0,TIER_E
EA51608,CL1608,Air Filter,0,,,0,TIER_E
EA51626,CL1626,Air Filter,0,,,0,TIER_E
EA51701,CL1701,Air Filter,0,,,0,TIER_E
EA51702,CL1702,Air Filter,0,,,0,TIER_E
EA51723,CL1723,Air Filter,0,,,0,TIER_E
EA51792,CL1792,Air Filter,0,,,0,TIER_E
EA51794,CL1794,Air Filter,0,,,0,TIER_E
EA51817,CL1817,Air Filter,0,,,0,TIER_E
EA51824,CL1824,Air Filter,0,,,0,TIER_E
EA51827,CL1827,Air Filter,0,,,0,TIER_E
EA51832,CL1832,Air Filter,0,,,0,TIER_E
EA59154,CL19154,Air Filter,0,,,0,TIER_E
EA52011,CL2011,Air Filter,0,,,0,TIER_E
EA52036,CL2036,Air Filter,0,,,0,TIER_E
EA52220,CL2220,Air Filter,0,,,0,TIER_E
EA52315,CL2315,Air Filter,0,,,0,TIER_E
EA52429,CL2429,Air Filter,0,,,0,TIER_E
EA52612,CL2612,Air Filter,0,,,0,TIER_E
EA52712,CL2712,Air Filter,0,,,0,TIER_E
EA52719,CL2719,Air Filter,0,,,0,TIER_E
EA53687,CL3687,Air Filter,0,,,0,TIER_E
EA53688,CL3688,Air Filter,0,,,0,TIER_E
EA53689,CL3689,Air Filter,0,,,0,TIER_E
EA53690,CL3690,Air Filter,0,,,0,TIER_E
EA53832,CL3832,Air Filter,0,,,0,TIER_E
EA50001,CP20001,Air Filter,0,,,0,TIER_E
EA51018,CS1018,Air Filter,0,,,0,TIER_E
EA51248,CS1248,Air Filter,0,,,0,TIER_E
EA57111,CS17111,Air Filter,0,,,0,TIER_E
EA51935,CS1935,Air Filter,0,,,0,TIER_E
EA52313,CS2313,Air Filter,0,,,0,TIER_E
EA52720,CS2720,Air Filter,0,,,0,TIER_E
EA53029,CS3029,Air Filter,0,,,0,TIER_E
EA56111,CS36111,Air Filter,0,,,0,TIER_E
EA50148,CS60148,Air Filter,0,,,0,TIER_E
EC50062,CU1006/2,Cabin Filter,0,,,0,TIER_E
EC50110,CU108001/10,Cabin Filter,0,,,0,TIER_E
EC51313,CU1313,Cabin Filter,0,,,0,TIER_E
EC53133,CU1313/3,Cabin Filter,0,,,0,TIER_E
EC54010,CU14010,Cabin Filter,0,,,0,TIER_E
EC54200,CU14200,Cabin Filter,0,,,0,TIER_E
EC50212,CU1490021/2,Cabin Filter,0,,,0,TIER_E
EC53710,CU1550037/10,Cabin Filter,0,,,0,TIER_E
EC50222,CU1560022/2,Cabin Filter,0,,,0,TIER_E
EC50032,CU16003/2,Cabin Filter,0,,,0,TIER_E
EC56011,CU16011,Cabin Filter,0,,,0,TIER_E
EC51620,CU1620,Cabin Filter,0,,,0,TIER_E
EC50242,CU1640024/2,Cabin Filter,0,,,0,TIER_E
EC50092,CU17009/2,Cabin Filter,0,,,0,TIER_E
EC57202,CU1720/2,Cabin Filter,0,,,0,TIER_E
EC51721,CU1721,Cabin Filter,0,,,0,TIER_E
EC57212,CU1721/2,Cabin Filter,0,,,0,TIER_E
EC50002,CU18000/2,Cabin Filter,0,,,0,TIER_E
EC58062,CU1806/2,Cabin Filter,0,,,0,TIER_E
EC58112,CU1811/2,Cabin Filter,0,,,0,TIER_E
EC51828,CU1828M,Cabin Filter,0,,,0,TIER_E
EC51853,CU1853,Cabin Filter,0,,,0,TIER_E
EC50003,CU19000/3,Cabin Filter,0,,,0,TIER_E
EC59003,CU19003,Cabin Filter,0,,,0,TIER_E
EC50042,CU19004/2,Cabin Filter,0,,,0,TIER_E
EC59006,CU19006,Cabin Filter,0,,,0,TIER_E
EC59007,CU19007,Cabin Filter,0,,,0,TIER_E
EC59023,CU19023,Cabin Filter,0,,,0,TIER_E
EC51911,CU1911,Cabin Filter,0,,,0,TIER_E
EC51916,CU1916,Cabin Filter,0,,,0,TIER_E
EC59192,CU1919/2,Cabin Filter,0,,,0,TIER_E
EC51919,CU1919M,Cabin Filter,0,,,0,TIER_E
EC59302,CU1930/2,Cabin Filter,0,,,0,TIER_E
EC51931,CU1931,Cabin Filter,0,,,0,TIER_E
EC59312,CU1931/2,Cabin Filter,0,,,0,TIER_E
EC51938,CU1938,Cabin Filter,0,,,0,TIER_E
EC50052,CU20005/2,Cabin Filter,0,,,0,TIER_E
EC50007,CU20007,Cabin Filter,0,,,0,TIER_E
EC50008,CU20008,Cabin Filter,0,,,0,TIER_E
EC50009,CU20009,Cabin Filter,0,,,0,TIER_E
EC50014,CU20014,Cabin Filter,0,,,0,TIER_E
EC50017,CU20017,Cabin Filter,0,,,0,TIER_E
EC50054,CU20054,Cabin Filter,0,,,0,TIER_E
EC50055,CU20055,Cabin Filter,0,,,0,TIER_E
EC50055,CU20055KIT,Cabin Filter,0,,,0,TIER_E
EC50112,CU2011/2,Cabin Filter,0,,,0,TIER_E
EC50332,CU2033/2,Cabin Filter,0,,,0,TIER_E
EC50002,CU21000/2,Cabin Filter,0,,,0,TIER_E
EC50012,CU21001/2,Cabin Filter,0,,,0,TIER_E
EC50022,CU21002/2,Cabin Filter,0,,,0,TIER_E
EC51003,CU21003M,Cabin Filter,0,,,0,TIER_E
EC50052,CU21005/2,Cabin Filter,0,,,0,TIER_E
EC51012,CU21012,Cabin Filter,0,,,0,TIER_E
EC51015,CU21015,Cabin Filter,0,,,0,TIER_E
EC51036,CU21036,Cabin Filter,0,,,0,TIER_E
EC51062,CU2106/2,Cabin Filter,0,,,0,TIER_E
EC52126,CU2126,Cabin Filter,0,,,0,TIER_E
EC52128,CU2128,Cabin Filter,0,,,0,TIER_E
EC52131,CU2131M,Cabin Filter,0,,,0,TIER_E
EC52133,CU2133,Cabin Filter,0,,,0,TIER_E
EC50012,CU22001/2,Cabin Filter,0,,,0,TIER_E
EC50022,CU22002/2,Cabin Filter,0,,,0,TIER_E
EC50041,CU22004/1,Cabin Filter,0,,,0,TIER_E
EC50092,CU22009/2,Cabin Filter,0,,,0,TIER_E
EC52064,CU22064,Cabin Filter,0,,,0,TIER_E
EC52142,CU2214/2,Cabin Filter,0,,,0,TIER_E
EC52162,CU2216/2,Cabin Filter,0,,,0,TIER_E
EC52172,CU2217/2,Cabin Filter,0,,,0,TIER_E
EC52224,CU2224,Cabin Filter,0,,,0,TIER_E
EC52242,CU2224/2,Cabin Filter,0,,,0,TIER_E
EC52238,CU2238,Cabin Filter,0,,,0,TIER_E
EC50002,CU23000/2,Cabin Filter,0,,,0,TIER_E
EC50012,CU23001/2,Cabin Filter,0,,,0,TIER_E
EC53003,CU23003M,Cabin Filter,0,,,0,TIER_E
EC50052,CU23005/2,Cabin Filter,0,,,0,TIER_E
EC53012,CU23012,Cabin Filter,0,,,0,TIER_E
EC50152,CU23015/2,Cabin Filter,0,,,0,TIER_E
EC50191,CU23019/1,Cabin Filter,0,,,0,TIER_E
EC53019,CU23019M,Cabin Filter,0,,,0,TIER_E
EC52325,CU2325,Cabin Filter,0,,,0,TIER_E
EC53251,CU2325/1,Cabin Filter,0,,,0,TIER_E
EC52327,CU2327,Cabin Filter,0,,,0,TIER_E
EC53272,CU2327/2,Cabin Filter,0,,,0,TIER_E
EC52333,CU2333,Cabin Filter,0,,,0,TIER_E
EC52336,CU2336M,Cabin Filter,0,,,0,TIER_E
EC52368,CU2368,Cabin Filter,0,,,0,TIER_E
EC50002,CU24000/2,Cabin Filter,0,,,0,TIER_E
EC50122,CU24012/2,Cabin Filter,0,,,0,TIER_E
EC54013,CU24013M,Cabin Filter,0,,,0,TIER_E
EC50151,CU24015/1,Cabin Filter,0,,,0,TIER_E
EC50152,CU24015/2,Cabin Filter,0,,,0,TIER_E
EC54023,CU24023,Cabin Filter,0,,,0,TIER_E
EC50332,CU24033/2,Cabin Filter,0,,,0,TIER_E
EC54182,CU2418/2,Cabin Filter,0,,,0,TIER_E
EC54272,CU2427/2,Cabin Filter,0,,,0,TIER_E
EC52434,CU2434M,Cabin Filter,0,,,0,TIER_E
EC54421,CU2442/1,Cabin Filter,0,,,0,TIER_E
EC52443,CU2443,Cabin Filter,0,,,0,TIER_E
EC52445,CU2445,Cabin Filter,0,,,0,TIER_E
EC50042,CU25004/2KIT,Cabin Filter,0,,,0,TIER_E
EC50082,CU25008/2,Cabin Filter,0,,,0,TIER_E
EC50102,CU25010/2,Cabin Filter,0,,,0,TIER_E
EC50202,CU25020/2,Cabin Filter,0,,,0,TIER_E
EC55062,CU2506/2,Cabin Filter,0,,,0,TIER_E
EC55212,CU2521/2,Cabin Filter,0,,,0,TIER_E
EC52531,CU2531,Cabin Filter,0,,,0,TIER_E
EC52531,CU2531KIT,Cabin Filter,0,,,0,TIER_E
EC55332,CU2533/2,Cabin Filter,0,,,0,TIER_E
EC55422,CU2542/2,Cabin Filter,0,,,0,TIER_E
EC52552,CU2552,Cabin Filter,0,,,0,TIER_E
EC52556,CU2556,Cabin Filter,0,,,0,TIER_E
EC50002,CU26000/2,Cabin Filter,0,,,0,TIER_E
EC50082,CU26008/2,Cabin Filter,0,,,0,TIER_E
EC50093,CU26009/3,Cabin Filter,0,,,0,TIER_E
EC50142,CU26014/2,Cabin Filter,0,,,0,TIER_E
EC50252,CU26025/2,Cabin Filter,0,,,0,TIER_E
EC56029,CU26029,Cabin Filter,0,,,0,TIER_E
EC50310,CU2603/10,Cabin Filter,0,,,0,TIER_E
EC50342,CU26034/2,Cabin Filter,0,,,0,TIER_E
EC56053,CU26053,Cabin Filter,0,,,0,TIER_E
EC52649,CU2649,Cabin Filter,0,,,0,TIER_E
EC56721,CU2672/1,Cabin Filter,0,,,0,TIER_E
EC57029,CU27029,Cabin Filter,0,,,0,TIER_E
EC57033,CU27033,Cabin Filter,0,,,0,TIER_E
EC57362,CU2736/2,Cabin Filter,0,,,0,TIER_E
EC52745,CU2745,Cabin Filter,0,,,0,TIER_E
EC57452,CU2745/2,Cabin Filter,0,,,0,TIER_E
EC50101,CU28010/1,Cabin Filter,0,,,0,TIER_E
EC58082,CU2808/2,Cabin Filter,0,,,0,TIER_E
EC52829,CU2829,Cabin Filter,0,,,0,TIER_E
EC58291,CU2829/1,Cabin Filter,0,,,0,TIER_E
EC52836,CU2836,Cabin Filter,0,,,0,TIER_E
EC52845,CU2845,Cabin Filter,0,,,0,TIER_E
EC58561,CU2856/1,Cabin Filter,0,,,0,TIER_E
EC58562,CU2856/2,Cabin Filter,0,,,0,TIER_E
EC52862,CU2862,Cabin Filter,0,,,0,TIER_E
EC58971,CU2897/1,Cabin Filter,0,,,0,TIER_E
EC50022,CU29002/2,Cabin Filter,0,,,0,TIER_E
EC59003,CU29003,Cabin Filter,0,,,0,TIER_E
EC50032,CU29003/2,Cabin Filter,0,,,0,TIER_E
EC52939,CU2939M,Cabin Filter,0,,,0,TIER_E
EC59412,CU2941/2,Cabin Filter,0,,,0,TIER_E
EC52949,CU2949,Cabin Filter,0,,,0,TIER_E
EC59492,CU2949/2,Cabin Filter,0,,,0,TIER_E
EC59493,CU2949/3,Cabin Filter,0,,,0,TIER_E
EC52955,CU2955,Cabin Filter,0,,,0,TIER_E
EC59562,CU2956/2,Cabin Filter,0,,,0,TIER_E
EC50002,CU30002,Cabin Filter,0,,,0,TIER_E
EC50024,CU30024,Cabin Filter,0,,,0,TIER_E
EC50232,CU3023/2,Cabin Filter,0,,,0,TIER_E
EC50332,CU3033/2,Cabin Filter,0,,,0,TIER_E
EC53034,CU3034,Cabin Filter,0,,,0,TIER_E
EC50392,CU3039/2,Cabin Filter,0,,,0,TIER_E
EC53042,CU3042,Cabin Filter,0,,,0,TIER_E
EC53043,CU3043,Cabin Filter,0,,,0,TIER_E
EC51012,CU31012,Cabin Filter,0,,,0,TIER_E
EC51242,CU3124/2,Cabin Filter,0,,,0,TIER_E
EC51392,CU3139/2,Cabin Filter,0,,,0,TIER_E
EC53146,CU3146,Cabin Filter,0,,,0,TIER_E
EC53162,CU3162,Cabin Filter,0,,,0,TIER_E
EC53241,CU3241,Cabin Filter,0,,,0,TIER_E
EC53348,CU3348,Cabin Filter,0,,,0,TIER_E
EC53749,CU33749,Cabin Filter,0,,,0,TIER_E
EC50310,CU3403/10,Cabin Filter,0,,,0,TIER_E
EC54741,CU3474/1,Cabin Filter,0,,,0,TIER_E
EC53553,CU3553,Cabin Filter,0,,,0,TIER_E
EC56001,CU36001,Cabin Filter,1,HISPACOLD,9327326,20,TIER_D
EC56044,CU36044,Cabin Filter,0,,,0,TIER_E
EC56422,CU3642/2,Cabin Filter,0,,,0,TIER_E
EC58222,CU3822/2,Cabin Filter,0,,,0,TIER_E
EC59001,CU39001,Cabin Filter,0,,,0,TIER_E
EC59004,CU39004,Cabin Filter,0,,,0,TIER_E
EC53973,CU3973,Cabin Filter,0,,,0,TIER_E
EC53979,CU3979,Cabin Filter,0,,,0,TIER_E
EC54260,CU4260,Cabin Filter,0,,,0,TIER_E
EC54003,CU44003,Cabin Filter,0,,,0,TIER_E
EC56276,CU4627/6,Cabin Filter,0,,,0,TIER_E
EC53203,CU46320/3,Cabin Filter,0,,,0,TIER_E
EC50252,CU47025/2,Cabin Filter,0,,,0,TIER_E
EC52532,CU47025/3/2,Cabin Filter,0,,,0,TIER_E
EC57952,CU4795/2,Cabin Filter,0,,,0,TIER_E
EC50012,CU48001/2,Cabin Filter,0,,,0,TIER_E
EC51110,CU4811/10,Cabin Filter,0,,,0,TIER_E
EC52003,CU52003,Cabin Filter,0,,,0,TIER_E
EC54001,CU54001,Cabin Filter,1,HISPACOLD,9327327,20,TIER_D
EC50710,CU5407/10,Cabin Filter,0,,,0,TIER_E
EC54192,CU54192,Cabin Filter,0,,,0,TIER_E
EC52010,CU5620/10,Cabin Filter,0,,,0,TIER_E
EC57003,CU57003,Cabin Filter,0,,,0,TIER_E
EC50004,CU81000/4,Cabin Filter,0,,,0,TIER_E
EC51810,CU9018(10),Cabin Filter,0,,,0,TIER_E
EC51810,CU9018/10,Cabin Filter,0,,,0,TIER_E
EC52110,CU9321(10),Cabin Filter,0,,,0,TIER_E
EC52110,CU9321/10,Cabin Filter,0,,,0,TIER_E
EC50191,CUD20019/1,Cabin Filter,0,,,0,TIER_E
EC54110,CUD4110,Cabin Filter,1,NEW HOLLAND (CNH),87677454,20,TIER_D
EC51004,CUD51004,Cabin Filter,0,,,0,TIER_E
EC55001,CUD55001,Cabin Filter,0,,,0,TIER_E
EC50003,CUK10003,Cabin Filter,0,,,0,TIER_E
EC54003,CUK14003,Cabin Filter,0,,,0,TIER_E
EC54010,CUK14010,Cabin Filter,0,,,0,TIER_E
EC55003,CUK15003,Cabin Filter,0,,,0,TIER_E
EC56011,CUK16011,Cabin Filter,0,,,0,TIER_E
EC57005,CUK17005,Cabin Filter,0,,,0,TIER_E
EC57010,CUK17010,Cabin Filter,0,,,0,TIER_E
EC50002,CUK18000/2,Cabin Filter,0,,,0,TIER_E
EC58004,CUK18004,Cabin Filter,0,,,0,TIER_E
EC58010,CUK18010,Cabin Filter,0,,,0,TIER_E
EC58013,CUK18013,Cabin Filter,0,,,0,TIER_E
EC58202,CUK1820/2,Cabin Filter,0,,,0,TIER_E
EC59001,CUK19001,Cabin Filter,0,,,0,TIER_E
EC50042,CUK19004/2,Cabin Filter,0,,,0,TIER_E
EC59013,CUK19013,Cabin Filter,0,,,0,TIER_E
EC59019,CUK19019,Cabin Filter,0,,,0,TIER_E
EC59020,CUK19020,Cabin Filter,0,,,0,TIER_E
EC59021,CUK19021,Cabin Filter,0,,,0,TIER_E
EC59022,CUK19022,Cabin Filter,0,,,0,TIER_E
EC59031,CUK19031,Cabin Filter,0,,,0,TIER_E
EC59312,CUK1931/2,Cabin Filter,0,,,0,TIER_E
EC50002,CUK20000/2,Cabin Filter,0,,,0,TIER_E
EC50003,CUK20003,Cabin Filter,0,,,0,TIER_E
EC50017,CUK20017,Cabin Filter,0,,,0,TIER_E
EC50027,CUK20027,Cabin Filter,0,,,0,TIER_E
EC50032,CUK20032,Cabin Filter,0,,,0,TIER_E
EC50033,CUK20033,Cabin Filter,0,,,0,TIER_E
EC50034,CUK20034,Cabin Filter,0,,,0,TIER_E
EC50035,CUK20035,Cabin Filter,0,,,0,TIER_E
EC50036,CUK20036,Cabin Filter,0,,,0,TIER_E
EC50043,CUK20043,Cabin Filter,0,,,0,TIER_E
EC50044,CUK20044,Cabin Filter,0,,,0,TIER_E
EC50047,CUK20047,Cabin Filter,0,,,0,TIER_E
EC50048,CUK20048,Cabin Filter,0,,,0,TIER_E
EC50050,CUK20050,Cabin Filter,0,,,0,TIER_E
EC50052,CUK20052,Cabin Filter,0,,,0,TIER_E
EC50053,CUK20053,Cabin Filter,0,,,0,TIER_E
EC50057,CUK20057,Cabin Filter,0,,,0,TIER_E
EC50058,CUK20058,Cabin Filter,0,,,0,TIER_E
EC50612,CUK20061/2,Cabin Filter,0,,,0,TIER_E
EC50632,CUK20063/2,Cabin Filter,0,,,0,TIER_E
EC50064,CUK20064,Cabin Filter,0,,,0,TIER_E
EC50065,CUK20065,Cabin Filter,0,,,0,TIER_E
EC50066,CUK20066,Cabin Filter,0,,,0,TIER_E
EC50067,CUK20067,Cabin Filter,0,,,0,TIER_E
EC50068,CUK20068,Cabin Filter,0,,,0,TIER_E
EC50070,CUK20070,Cabin Filter,0,,,0,TIER_E
EC50071,CUK20071,Cabin Filter,0,,,0,TIER_E
EC50872,CUK20087/2,Cabin Filter,0,,,0,TIER_E
EC50962,CUK20096/2,Cabin Filter,0,,,0,TIER_E
EC50301,CUK2030/1,Cabin Filter,0,,,0,TIER_E
EC50332,CUK2033/2,Cabin Filter,0,,,0,TIER_E
EC52043,CUK2043M,Cabin Filter,0,,,0,TIER_E
EC50002,CUK21000/2,Cabin Filter,0,,,0,TIER_E
EC51010,CUK21010,Cabin Filter,0,,,0,TIER_E
EC51017,CUK21017,Cabin Filter,0,,,0,TIER_E
EC51018,CUK21018,Cabin Filter,0,,,0,TIER_E
EC51019,CUK21019,Cabin Filter,0,,,0,TIER_E
EC51020,CUK21020,Cabin Filter,0,,,0,TIER_E
EC51023,CUK21023,Cabin Filter,0,,,0,TIER_E
EC51024,CUK21024,Cabin Filter,0,,,0,TIER_E
EC51026,CUK21026,Cabin Filter,0,,,0,TIER_E
EC51028,CUK21028,Cabin Filter,0,,,0,TIER_E
EC51029,CUK21029,Cabin Filter,0,,,0,TIER_E
EC51030,CUK21030,Cabin Filter,0,,,0,TIER_E
EC51031,CUK21031,Cabin Filter,0,,,0,TIER_E
EC51032,CUK21032,Cabin Filter,0,,,0,TIER_E
EC51034,CUK21034,Cabin Filter,0,,,0,TIER_E
EC51036,CUK21036,Cabin Filter,0,,,0,TIER_E
EC51038,CUK21038,Cabin Filter,0,,,0,TIER_E
EC50462,CUK21046/2,Cabin Filter,0,,,0,TIER_E
EC51047,CUK21047,Cabin Filter,0,,,0,TIER_E
EC51048,CUK21048,Cabin Filter,0,,,0,TIER_E
EC51052,CUK21052,Cabin Filter,0,,,0,TIER_E
EC50662,CUK21066/2,Cabin Filter,0,,,0,TIER_E
EC51074,CUK21074,Cabin Filter,0,,,0,TIER_E
EC51085,CUK21085,Cabin Filter,0,,,0,TIER_E
EC50862,CUK21086/2,Cabin Filter,0,,,0,TIER_E
EC51091,CUK21091,Cabin Filter,0,,,0,TIER_E
EC51112,CUK2111/2,Cabin Filter,0,,,0,TIER_E
EC52141,CUK2141M,Cabin Filter,0,,,0,TIER_E
EC52000,CUK22000,Cabin Filter,0,,,0,TIER_E
EC50001,CUK22000/1,Cabin Filter,0,,,0,TIER_E
EC50002,CUK22000/2,Cabin Filter,0,,,0,TIER_E
EC50041,CUK22004/1,Cabin Filter,0,,,0,TIER_E
EC50084,CUK22008/4,Cabin Filter,0,,,0,TIER_E
EC52011,CUK22011M,Cabin Filter,0,,,0,TIER_E
EC50202,CUK22020/2,Cabin Filter,0,,,0,TIER_E
EC52022,CUK22022M,Cabin Filter,0,,,0,TIER_E
EC52032,CUK22032M,Cabin Filter,0,,,0,TIER_E
EC52040,CUK22040,Cabin Filter,0,,,0,TIER_E
EC52043,CUK22043,Cabin Filter,0,,,0,TIER_E
EC52048,CUK22048,Cabin Filter,0,,,0,TIER_E
EC52049,CUK22049,Cabin Filter,0,,,0,TIER_E
EC52050,CUK22050,Cabin Filter,0,,,0,TIER_E
EC50522,CUK22052/2,Cabin Filter,0,,,0,TIER_E
EC52061,CUK22061,Cabin Filter,0,,,0,TIER_E
EC52062,CUK22062,Cabin Filter,0,,,0,TIER_E
EC52063,CUK22063,Cabin Filter,0,,,0,TIER_E
EC52065,CUK22065,Cabin Filter,0,,,0,TIER_E
EC52067,CUK22067,Cabin Filter,0,,,0,TIER_E
EC50782,CUK22078/2,Cabin Filter,0,,,0,TIER_E
EC52087,CUK22087,Cabin Filter,0,,,0,TIER_E
EC52142,CUK2214/2,Cabin Filter,0,,,0,TIER_E
EC52200,CUK22200,Cabin Filter,0,,,0,TIER_E
EC52227,CUK2227M,Cabin Filter,0,,,0,TIER_E
EC52412,CUK2241/2,Cabin Filter,0,,,0,TIER_E
EC50042,CUK23004/2,Cabin Filter,0,,,0,TIER_E
EC50052,CUK23005/2,Cabin Filter,0,,,0,TIER_E
EC50142,CUK23014/2,Cabin Filter,0,,,0,TIER_E
EC51422,CUK23014/2/2,Cabin Filter,0,,,0,TIER_E
EC50152,CUK23015/2,Cabin Filter,0,,,0,TIER_E
EC51522,CUK23015/2/2,Cabin Filter,0,,,0,TIER_E
EC53016,CUK23016,Cabin Filter,0,,,0,TIER_E
EC53018,CUK23018,Cabin Filter,0,,,0,TIER_E
EC53019,CUK23019,Cabin Filter,0,,,0,TIER_E
EC50191,CUK23019/1M,Cabin Filter,0,,,0,TIER_E
EC53021,CUK23021,Cabin Filter,0,,,0,TIER_E
EC53023,CUK23023,Cabin Filter,0,,,0,TIER_E
EC53029,CUK23029,Cabin Filter,0,,,0,TIER_E
EC53030,CUK23030,Cabin Filter,0,,,0,TIER_E
EC53034,CUK23034,Cabin Filter,0,,,0,TIER_E
EC53036,CUK23036,Cabin Filter,0,,,0,TIER_E
EC53041,CUK23041,Cabin Filter,0,,,0,TIER_E
EC53065,CUK23065,Cabin Filter,0,,,0,TIER_E
EC53067,CUK23067,Cabin Filter,0,,,0,TIER_E
EC53068,CUK23068,Cabin Filter,0,,,0,TIER_E
EC53069,CUK23069,Cabin Filter,0,,,0,TIER_E
EC53070,CUK23070,Cabin Filter,0,,,0,TIER_E
EC53071,CUK23071,Cabin Filter,0,,,0,TIER_E
EC53182,CUK2318/2,Cabin Filter,0,,,0,TIER_E
EC53197,CUK23197,Cabin Filter,0,,,0,TIER_E
EC53272,CUK2327/2,Cabin Filter,0,,,0,TIER_E
EC52336,CUK2336M,Cabin Filter,0,,,0,TIER_E
EC54002,CUK24002,Cabin Filter,0,,,0,TIER_E
EC50034,CUK24003/4,Cabin Filter,0,,,0,TIER_E
EC54004,CUK24004M,Cabin Filter,0,,,0,TIER_E
EC54013,CUK24013M,Cabin Filter,0,,,0,TIER_E
EC54029,CUK24029,Cabin Filter,0,,,0,TIER_E
EC54030,CUK24030,Cabin Filter,0,,,0,TIER_E
EC50322,CUK24032/2,Cabin Filter,0,,,0,TIER_E
EC54034,CUK24034,Cabin Filter,0,,,0,TIER_E
EC54037,CUK24037,Cabin Filter,0,,,0,TIER_E
EC54040,CUK24040,Cabin Filter,0,,,0,TIER_E
EC54041,CUK24041,Cabin Filter,0,,,0,TIER_E
EC54042,CUK24042,Cabin Filter,0,,,0,TIER_E
EC54047,CUK24047,Cabin Filter,0,,,0,TIER_E
EC54050,CUK24050,Cabin Filter,0,,,0,TIER_E
EC54053,CUK24053,Cabin Filter,0,,,0,TIER_E
EC54054,CUK24054,Cabin Filter,0,,,0,TIER_E
EC54056,CUK24056,Cabin Filter,0,,,0,TIER_E
EC54067,CUK24067,Cabin Filter,0,,,0,TIER_E
EC54068,CUK24068,Cabin Filter,0,,,0,TIER_E
EC54093,CUK24093,Cabin Filter,0,,,0,TIER_E
EC54503,CUK2450/3,Cabin Filter,0,,,0,TIER_E
EC55002,CUK25002,Cabin Filter,0,,,0,TIER_E
EC55007,CUK25007M,Cabin Filter,0,,,0,TIER_E
EC51512,CUK25015/1/2,Cabin Filter,0,,,0,TIER_E
EC55212,CUK25015/21/2,Cabin Filter,0,,,0,TIER_E
EC55016,CUK25016,Cabin Filter,0,,,0,TIER_E
EC55017,CUK25017,Cabin Filter,0,,,0,TIER_E
EC55028,CUK25028,Cabin Filter,0,,,0,TIER_E
EC50342,CUK25034/2,Cabin Filter,0,,,0,TIER_E
EC55035,CUK25035,Cabin Filter,0,,,0,TIER_E
EC55045,CUK25045,Cabin Filter,0,,,0,TIER_E
EC55048,CUK25048,Cabin Filter,0,,,0,TIER_E
EC55055,CUK25055,Cabin Filter,0,,,0,TIER_E
EC55063,CUK25063,Cabin Filter,0,,,0,TIER_E
EC50642,CUK25064/2,Cabin Filter,0,,,0,TIER_E
EC50682,CUK25068/2,Cabin Filter,0,,,0,TIER_E
EC55076,CUK25076,Cabin Filter,0,,,0,TIER_E
EC55081,CUK25081,Cabin Filter,0,,,0,TIER_E
EC55094,CUK25094,Cabin Filter,0,,,0,TIER_E
EC53312,CUK2533/1/2,Cabin Filter,0,,,0,TIER_E
EC55332,CUK2533/2,Cabin Filter,0,,,0,TIER_E
EC56010,CUK26010M,Cabin Filter,0,,,0,TIER_E
EC50112,CUK26011/2,Cabin Filter,0,,,0,TIER_E
EC51232,CUK26012/3/2,Cabin Filter,0,,,0,TIER_E
EC50132,CUK26013/2,Cabin Filter,0,,,0,TIER_E
EC50142,CUK26014/2,Cabin Filter,0,,,0,TIER_E
EC56017,CUK26017M,Cabin Filter,0,,,0,TIER_E
EC56020,CUK26020,Cabin Filter,0,,,0,TIER_E
EC50252,CUK26025/2,Cabin Filter,0,,,0,TIER_E
EC50282,CUK26028/2,Cabin Filter,0,,,0,TIER_E
EC56030,CUK26030,Cabin Filter,0,,,0,TIER_E
EC50342,CUK26034/2,Cabin Filter,0,,,0,TIER_E
EC56036,CUK26036,Cabin Filter,0,,,0,TIER_E
EC50372,CUK26037/2,Cabin Filter,0,,,0,TIER_E
EC56039,CUK26039,Cabin Filter,0,,,0,TIER_E
EC56040,CUK26040,Cabin Filter,0,,,0,TIER_E
EC56042,CUK26042,Cabin Filter,0,,,0,TIER_E
EC56046,CUK26046,Cabin Filter,0,,,0,TIER_E
EC56067,CUK26067,Cabin Filter,0,,,0,TIER_E
EC56069,CUK26069,Cabin Filter,0,,,0,TIER_E
EC56081,CUK26081,Cabin Filter,0,,,0,TIER_E
EC52639,CUK2639,Cabin Filter,0,,,0,TIER_E
EC56412,CUK2641/2,Cabin Filter,0,,,0,TIER_E
EC54612,CUK2646/1/2,Cabin Filter,0,,,0,TIER_E
EC56462,CUK2646/2,Cabin Filter,0,,,0,TIER_E
EC50612,CUK27006/1/2,Cabin Filter,0,,,0,TIER_E
EC57011,CUK27011,Cabin Filter,0,,,0,TIER_E
EC50122,CUK27012/2,Cabin Filter,0,,,0,TIER_E
EC50212,CUK27021/2,Cabin Filter,0,,,0,TIER_E
EC57022,CUK27022,Cabin Filter,0,,,0,TIER_E
EC57024,CUK27024,Cabin Filter,0,,,0,TIER_E
EC57058,CUK27058,Cabin Filter,0,,,0,TIER_E
EC57222,CUK2722/2,Cabin Filter,0,,,0,TIER_E
EC57232,CUK2723/2,Cabin Filter,0,,,0,TIER_E
EC52725,CUK2725,Cabin Filter,0,,,0,TIER_E
EC57331,CUK2733/1,Cabin Filter,0,,,0,TIER_E
EC57332,CUK2733/2,Cabin Filter,0,,,0,TIER_E
EC57362,CUK2736/2,Cabin Filter,0,,,0,TIER_E
EC57431,CUK2743/1,Cabin Filter,0,,,0,TIER_E
EC52744,CUK2744,Cabin Filter,0,,,0,TIER_E
EC58001,CUK28001M,Cabin Filter,0,,,0,TIER_E
EC58025,CUK28025,Cabin Filter,0,,,0,TIER_E
EC58029,CUK28029,Cabin Filter,0,,,0,TIER_E
EC58041,CUK28041,Cabin Filter,0,,,0,TIER_E
EC58089,CUK28089,Cabin Filter,0,,,0,TIER_E
EC58095,CUK28095,Cabin Filter,0,,,0,TIER_E
EC58240,CUK28240,Cabin Filter,0,,,0,TIER_E
EC52862,CUK2862M,Cabin Filter,0,,,0,TIER_E
EC52865,CUK2865,Cabin Filter,0,,,0,TIER_E
EC52882,CUK2882M,Cabin Filter,0,,,0,TIER_E
EC58971,CUK2897/1,Cabin Filter,0,,,0,TIER_E
EC59003,CUK29003,Cabin Filter,0,,,0,TIER_E
EC50032,CUK29003/2,Cabin Filter,0,,,0,TIER_E
EC50032,CUK29003/2M,Cabin Filter,0,,,0,TIER_E
EC59010,CUK29010M,Cabin Filter,0,,,0,TIER_E
EC59023,CUK29023,Cabin Filter,0,,,0,TIER_E
EC59060,CUK29060,Cabin Filter,0,,,0,TIER_E
EC59154,CUK29154,Cabin Filter,0,,,0,TIER_E
EC59401,CUK2940/1,Cabin Filter,0,,,0,TIER_E
EC52940,CUK2940M,Cabin Filter,0,,,0,TIER_E
EC59412,CUK2941/2,Cabin Filter,0,,,0,TIER_E
EC52949,CUK2949,Cabin Filter,0,,,0,TIER_E
EC59492,CUK2949/2,Cabin Filter,0,,,0,TIER_E
EC50073,CUK30007/3,Cabin Filter,0,,,0,TIER_E
EC50091,CUK30009/1,Cabin Filter,0,,,0,TIER_E
EC53023,CUK3023,Cabin Filter,0,,,0,TIER_E
EC50232,CUK3023/2,Cabin Filter,0,,,0,TIER_E
EC50392,CUK3039/2,Cabin Filter,0,,,0,TIER_E
EC50031,CUK31003/1,Cabin Filter,0,,,0,TIER_E
EC51242,CUK3124/2,Cabin Filter,0,,,0,TIER_E
EC51392,CUK3139/2,Cabin Filter,0,,,0,TIER_E
EC50062,CUK33006/2,Cabin Filter,0,,,0,TIER_E
EC53008,CUK33008,Cabin Filter,0,,,0,TIER_E
EC50002,CUK35000/2,Cabin Filter,0,,,0,TIER_E
EC50002,CUK35000/2M,Cabin Filter,0,,,0,TIER_E
EC53553,CUK3553,Cabin Filter,0,,,0,TIER_E
EC56044,CUK36044,Cabin Filter,0,,,0,TIER_E
EC56422,CUK3642/2,Cabin Filter,0,,,0,TIER_E
EC50004,CUK39000/4,Cabin Filter,0,,,0,TIER_E
EC53979,CUK3979,Cabin Filter,0,,,0,TIER_E
EC52512,CUK46025/1/2,Cabin Filter,0,,,0,TIER_E
EC50252,CUK46025/2,Cabin Filter,0,,,0,TIER_E
EC50062,CUK52006/2,Cabin Filter,0,,,0,TIER_E
EC50001,CUK70001,Cabin Filter,0,,,0,TIER_E
EA50001,FP-A01,Air Filter,0,,,0,TIER_E
EA50002,FP-A02,Air Filter,0,,,0,TIER_E
EA50001,FP-B01,Air Filter,0,,,0,TIER_E
EA50002,FP-B02,Air Filter,0,,,0,TIER_E
EA50003,FP-B03,Air Filter,0,,,0,TIER_E
EA50004,FP-B04,Air Filter,0,,,0,TIER_E
EA50001,FP-GM01,Air Filter,0,,,0,TIER_E
EA50001,FP-M01,Air Filter,0,,,0,TIER_E
EA50003,FP-M03,Air Filter,0,,,0,TIER_E
EA50004,FP-M04,Air Filter,0,,,0,TIER_E
EA50005,FP-M05,Air Filter,0,,,0,TIER_E
EA50006,FP-M06,Air Filter,0,,,0,TIER_E
EA50007,FP-M07,Air Filter,0,,,0,TIER_E
EA50009,FP-M09,Air Filter,0,,,0,TIER_E
EA50010,FP-M10,Air Filter,0,,,0,TIER_E
EA50001,FP-MN01,Air Filter,0,,,0,TIER_E
EA50001,FP-V01,Air Filter,0,,,0,TIER_E
EA50003,FP-V03,Air Filter,0,,,0,TIER_E
EA50005,FP-V05,Air Filter,0,,,0,TIER_E
EA50002,FP21000/2,Air Filter,0,,,0,TIER_E
EA52016,FP22016,Air Filter,0,,,0,TIER_E
EA50142,FP23014/2,Air Filter,0,,,0,TIER_E
EA50152,FP23015/2,Air Filter,0,,,0,TIER_E
EA50582,FP24058/2,Air Filter,0,,,0,TIER_E
EA54182,FP2418/2,Air Filter,0,,,0,TIER_E
EA50342,FP25034/2,Air Filter,0,,,0,TIER_E
EA55332,FP2533/2,Air Filter,0,,,0,TIER_E
EA50132,FP26013/2,Air Filter,0,,,0,TIER_E
EA56019,FP26019,Air Filter,0,,,0,TIER_E
EA50231,FP26023/1MHJP,Air Filter,0,,,0,TIER_E
EA50282,FP26028/2,Air Filter,0,,,0,TIER_E
EA56462,FP2646/2,Air Filter,0,,,0,TIER_E
EA50212,FP27021/2,Air Filter,0,,,0,TIER_E
EA57058,FP27058,Air Filter,0,,,0,TIER_E
EA57222,FP2722/2,Air Filter,0,,,0,TIER_E
EA57452,FP2745/2,Air Filter,0,,,0,TIER_E
EA58001,FP28001,Air Filter,0,,,0,TIER_E
EA58013,FP28013MHJP,Air Filter,0,,,0,TIER_E
EA50032,FP29003/2,Air Filter,0,,,0,TIER_E
EA59412,FP2941/2,Air Filter,0,,,0,TIER_E
EA50232,FP3023/2,Air Filter,0,,,0,TIER_E
EA51242,FP3124/2,Air Filter,0,,,0,TIER_E
EA56006,FPE26006,Air Filter,0,,,0,TIER_E
EA56021,FPE26021,Air Filter,0,,,0,TIER_E
EA50282,FPE26028/2,Air Filter,0,,,0,TIER_E
EA50071,FPE30007/1,Air Filter,0,,,0,TIER_E
EL50021,HU10002/1Z,Oil Filter,0,,,0,TIER_E
EL51077,HU1077X,Oil Filter,0,,,0,TIER_E
EL51090,HU1090,Oil Filter,0,,,0,TIER_E
EL51005,HU11005X,Oil Filter,0,,,0,TIER_E
EL50071,HU11007/1Z,Oil Filter,0,,,0,TIER_E
EL51007,HU11007Z,Oil Filter,0,,,0,TIER_E
EL51013,HU11013Z,Oil Filter,0,,,0,TIER_E
EL51015,HU11015Z,Oil Filter,0,,,0,TIER_E
EL52002,HU12002Y,Oil Filter,0,,,0,TIER_E
EL52005,HU12005,Oil Filter,0,,,0,TIER_E
EL52005,HU12005X,Oil Filter,0,,,0,TIER_E
EL52105,HU12105,Oil Filter,0,,,0,TIER_E
EL51061,HU12106/1Z,Oil Filter,0,,,0,TIER_E
EL51291,HU1291Z,Oil Filter,0,,,0,TIER_E
EL53120,HU13120,Oil Filter,0,,,0,TIER_E
EL51255,HU13125/5Z,Oil Filter,1,MAN,51.05504-0122,20,TIER_D
EL51381,HU1381,Oil Filter,0,,,0,TIER_E
EL59471,HU2X947/1Z,Oil Filter,0,,,0,TIER_E
EL59473,HU2X947/3Z,Oil Filter,0,,,0,TIER_E
EL55005,HU5005Z,Oil Filter,0,,,0,TIER_E
EL55006,HU5006Z,Oil Filter,0,,,0,TIER_E
EL55011,HU5011Z,Oil Filter,0,,,0,TIER_E
EL56002,HU6002ZM,Oil Filter,0,,,0,TIER_E
EL56006,HU6006ZM,Oil Filter,0,,,0,TIER_E
EL50071,HU6007/1X,Oil Filter,0,,,0,TIER_E
EL50082,HU6008/2Z,Oil Filter,0,,,0,TIER_E
EL50083,HU6008/3Z,Oil Filter,0,,,0,TIER_E
EL56009,HU6009ZM,Oil Filter,0,,,0,TIER_E
EL50152,HU6015/2ZKIT,Oil Filter,0,,,0,TIER_E
EL56017,HU6017Z,Oil Filter,0,,,0,TIER_E
EL50201,HU6020/1Z,Oil Filter,0,,,0,TIER_E
EL50241,HU6024/1Z,Oil Filter,0,,,0,TIER_E
EL56027,HU6027Z,Oil Filter,0,,,0,TIER_E
EL50281,HU6028/1Z,Oil Filter,0,,,0,TIER_E
EL50331,HU6033/1Z,Oil Filter,0,,,0,TIER_E
EL50332,HU6033/2Z,Oil Filter,0,,,0,TIER_E
EL56036,HU6036Z,Oil Filter,0,,,0,TIER_E
EL56037,HU6037Z,Oil Filter,0,,,0,TIER_E
EL56039,HU6039ZKIT,Oil Filter,0,,,0,TIER_E
EL56040,HU6040Z,Oil Filter,0,,,0,TIER_E
EL56044,HU6044Z,Oil Filter,0,,,0,TIER_E
EL56046,HU6046Z,Oil Filter,0,,,0,TIER_E
EL56047,HU6047Z,Oil Filter,0,,,0,TIER_E
EL56048,HU6048Z,Oil Filter,0,,,0,TIER_E
EL56068,HU6068Z,Oil Filter,0,,,0,TIER_E
EL56122,HU612/2XM,Oil Filter,0,,,0,TIER_E
EL56123,HU612/3X,Oil Filter,0,,,0,TIER_E
EL56152,HU615/2X,Oil Filter,0,,,0,TIER_E
EL50691,HU69/1,Oil Filter,0,,,0,TIER_E
EL50694,HU69/4X,Oil Filter,0,,,0,TIER_E
EL50031,HU7003/1X,Oil Filter,0,,,0,TIER_E
EL57004,HU7004X,Oil Filter,0,,,0,TIER_E
EL57009,HU7009ZM,Oil Filter,0,,,0,TIER_E
EL57019,HU7019ZM,Oil Filter,0,,,0,TIER_E
EL57024,HU7024ZM,Oil Filter,0,,,0,TIER_E
EL57027,HU7027ZM,Oil Filter,0,,,0,TIER_E
EL57043,HU7043Z,Oil Filter,0,,,0,TIER_E
EL50491,HU7049/1Z,Oil Filter,0,,,0,TIER_E
EL57052,HU7052Z,Oil Filter,0,,,0,TIER_E
EL57054,HU7054,Oil Filter,0,,,0,TIER_E
EL57056,HU7056Z,Oil Filter,0,,,0,TIER_E
EL57062,HU7062Z,Oil Filter,0,,,0,TIER_E
EL57070,HU7070Z,Oil Filter,0,,,0,TIER_E
EL57071,HU7071Z,Oil Filter,0,,,0,TIER_E
EL51151,HU711/51XM,Oil Filter,0,,,0,TIER_E
EL57115,HU711/5X,Oil Filter,0,,,0,TIER_E
EL50712,HU712X,Oil Filter,0,,,0,TIER_E
EL57131,HU713/1XM,Oil Filter,0,,,0,TIER_E
EL57153,HU715/3X,Oil Filter,0,,,0,TIER_E
EL57181,HU718/1X,Oil Filter,0,,,0,TIER_E
EL57184,HU718/4X,Oil Filter,0,,,0,TIER_E
EL57184,HU718/4Y,Oil Filter,0,,,0,TIER_E
EL57188,HU718/8X,Oil Filter,0,,,0,TIER_E
EL57197,HU719/7XM,Oil Filter,0,,,0,TIER_E
EL57198,HU719/8XM,Oil Filter,0,,,0,TIER_E
EL50721,HU721,Oil Filter,0,,,0,TIER_E
EL57217,HU721/7,Oil Filter,0,,,0,TIER_E
EL57261,HU726/1,Oil Filter,0,,,0,TIER_E
EL57261,HU726/1X,Oil Filter,0,,,0,TIER_E
EL57401,HU7401X,Oil Filter,0,,,0,TIER_E
EL50011,HU8001/1X,Oil Filter,0,,,0,TIER_E
EL58005,HU8005ZM,Oil Filter,0,,,0,TIER_E
EL50071,HU8007/1Z,Oil Filter,0,,,0,TIER_E
EL50101,HU8010/1Z,Oil Filter,0,,,0,TIER_E
EL50121,HU8012/1Z,Oil Filter,0,,,0,TIER_E
EL58017,HU8017Z,Oil Filter,0,,,0,TIER_E
EL58022,HU8022Z,Oil Filter,0,,,0,TIER_E
EL58023,HU8023Z,Oil Filter,0,,,0,TIER_E
EL58153,HU815/3X,Oil Filter,0,,,0,TIER_E
EL58224,HU822/4X,Oil Filter,0,,,0,TIER_E
EL58231,HU823/1X,Oil Filter,0,,,0,TIER_E
EL58351,HU835/1X,Oil Filter,0,,,0,TIER_E
EL58481,HU848/1,Oil Filter,0,,,0,TIER_E
EL59005,HU9005X,Oil Filter,0,,,0,TIER_E
EL59012,HU9012X,Oil Filter,0,,,0,TIER_E
EL59013,HU9013Z,Oil Filter,0,,,0,TIER_E
EL59021,HU9021Z,Oil Filter,0,,,0,TIER_E
EL59253,HU925/3X,Oil Filter,0,,,0,TIER_E
EL59254,HU925/4YM,Oil Filter,0,,,0,TIER_E
EL59255,HU925/5X,Oil Filter,0,,,0,TIER_E
EL59304,HU930/4N,Oil Filter,0,,,0,TIER_E
EL59304,HU930/4X,Oil Filter,0,,,0,TIER_E
EL59383,HU938/3X,Oil Filter,0,,,0,TIER_E
EL59473,HU947/3N,Oil Filter,0,,,0,TIER_E
EL59473,HU947/3X,Oil Filter,0,,,0,TIER_E
EF50002,PU10002Z,Fuel Filter,0,,,0,TIER_E
EF50032,PU10003/2X,Fuel Filter,0,,,0,TIER_E
EF50007,PU10007,Fuel Filter,0,,,0,TIER_E
EF50014,PU10014Z,Fuel Filter,0,,,0,TIER_E
EF50015,PU10015X,Fuel Filter,0,,,0,TIER_E
EF50162,PU10016/2Z,Fuel Filter,0,,,0,TIER_E
EF50031,PU10031X,Fuel Filter,0,,,0,TIER_E
EF50362,PU10036/2Z,Fuel Filter,0,,,0,TIER_E
EF50401,PU1040/1X,Fuel Filter,0,,,0,TIER_E
EF51042,PU1042X,Fuel Filter,0,,,0,TIER_E
EF51046,PU1046X,Fuel Filter,0,,,0,TIER_E
EF51048,PU1048X,Fuel Filter,0,,,0,TIER_E
EF50592,PU1059/2X,Fuel Filter,0,,,0,TIER_E
EF50593,PU1059/3X,Fuel Filter,0,,,0,TIER_E
EF51090,PU1090,Fuel Filter,0,,,0,TIER_E
EF50053,PU11005/3Z,Fuel Filter,0,,,0,TIER_E
EF51006,PU11006Z,Fuel Filter,4,MERCEDES-BENZ (DAIMLER AG),A 000 090 34 51,40,TIER_C
EF51006,PU11006Z,Fuel Filter,4,MERCEDES-BENZ (DAIMLER AG),000 090 34 51,40,TIER_C
EF51006,PU11006Z,Fuel Filter,4,MERCEDES-BENZ (DAIMLER AG),A 472 092 08 05,40,TIER_C
EF51006,PU11006Z,Fuel Filter,4,MERCEDES-BENZ (DAIMLER AG),472 092 08 05,40,TIER_C
EF51012,PU11012Z,Fuel Filter,0,,,0,TIER_E
EF50012,PU12001/2Z,Fuel Filter,0,,,0,TIER_E
EF50022,PU12002/2Z,Fuel Filter,0,,,0,TIER_E
EF50102,PU12010/2Z,Fuel Filter,0,,,0,TIER_E
EF52011,PU12011Z,Fuel Filter,0,,,0,TIER_E
EF52012,PU12012Z,Fuel Filter,0,,,0,TIER_E
EF50132,PU12013/2Z,Fuel Filter,0,,,0,TIER_E
EF52021,PU12021X,Fuel Filter,0,,,0,TIER_E
EF50302,PU12030/2Z,Fuel Filter,0,,,0,TIER_E
EF53006,PU13006Z,Fuel Filter,0,,,0,TIER_E
EF55002,PU5002Z,Fuel Filter,0,,,0,TIER_E
EF50082,PU6008/2,Fuel Filter,0,,,0,TIER_E
EF57009,PU7009Z,Fuel Filter,4,MERCEDES-BENZ (DAIMLER AG),000 090 35 51,40,TIER_C
EF57009,PU7009Z,Fuel Filter,4,MERCEDES-BENZ (DAIMLER AG),472 092 09 05,40,TIER_C
EF57009,PU7009Z,Fuel Filter,4,MERCEDES-BENZ (DAIMLER AG),A 472 092 09 05,40,TIER_C
EF57009,PU7009Z,Fuel Filter,4,MERCEDES-BENZ (DAIMLER AG),A 000 090 35 51,40,TIER_C
EF50162,PU7016/2,Fuel Filter,0,,,0,TIER_E
EF57022,PU7022Z,Fuel Filter,0,,,0,TIER_E
EF57221,PU722/1X,Fuel Filter,0,,,0,TIER_E
EF58006,PU8006,Fuel Filter,0,,,0,TIER_E
EF51012,PU8010/1/2X,Fuel Filter,0,,,0,TIER_E
EF50102,PU8010/2X,Fuel Filter,0,,,0,TIER_E
EF58019,PU8019,Fuel Filter,0,,,0,TIER_E
EF58034,PU8034Z,Fuel Filter,0,,,0,TIER_E
EF58055,PU8055Z,Fuel Filter,0,,,0,TIER_E
EF50810,PU810X,Fuel Filter,0,,,0,TIER_E
EF50835,PU835X,Fuel Filter,0,,,0,TIER_E
EF59002,PU9002X,Fuel Filter,0,,,0,TIER_E
EF59004,PU9004,Fuel Filter,0,,,0,TIER_E
EF59008,PU9008Z,Fuel Filter,0,,,0,TIER_E
EF59010,PU9010Z,Fuel Filter,0,,,0,TIER_E
EF59014,PU9014Z,Fuel Filter,0,,,0,TIER_E
EF59016,PU9016Z,Fuel Filter,0,,,0,TIER_E
EF59017,PU9017X,Fuel Filter,0,,,0,TIER_E
EF59019,PU9019X,Fuel Filter,0,,,0,TIER_E
EF59022,PU9022X,Fuel Filter,0,,,0,TIER_E
EF59025,PU9025Z,Fuel Filter,0,,,0,TIER_E
EF59033,PU9033Z,Fuel Filter,0,,,0,TIER_E
EF50341,PU9034/1Z,Fuel Filter,0,,,0,TIER_E
EF50382,PU9038/2Z,Fuel Filter,0,,,0,TIER_E
EF50392,PU9039/2Z,Fuel Filter,0,,,0,TIER_E
EF59041,PU9041Z,Fuel Filter,1,HINO,23401-1690,20,TIER_D
EF59105,PU9105,Fuel Filter,0,,,0,TIER_E
EF50932,PU932X,Fuel Filter,0,,,0,TIER_E
EF59661,PU966/1,Fuel Filter,0,,,0,TIER_E
EF50966,PU966X,Fuel Filter,0,,,0,TIER_E
EF59993,PU999/3,Fuel Filter,0,,,0,TIER_E
EF50999,PU999X,Fuel Filter,0,,,0,TIER_E
EA50344,SP1034/4,Air Filter,0,,,0,TIER_E
EA50354,SP1035/4,Air Filter,0,,,0,TIER_E
EA50364,SP1036/4,Air Filter,0,,,0,TIER_E
EA50374,SP1037/4,Air Filter,0,,,0,TIER_E
EA50384,SP1038/4,Air Filter,0,,,0,TIER_E
EA50592,SP1059/2,Air Filter,0,,,0,TIER_E
EA53684,SP1368/4,Air Filter,0,,,0,TIER_E
EA53762,SP1376/2,Air Filter,0,,,0,TIER_E
EA51666,SP1666,Air Filter,0,,,0,TIER_E
EA51888,SP1888,Air Filter,0,,,0,TIER_E
EA50352,SP2035/2,Air Filter,0,,,0,TIER_E
EA50362,SP2036/2,Air Filter,0,,,0,TIER_E
EA50372,SP2037/2,Air Filter,0,,,0,TIER_E
EA50382,SP2038/2,Air Filter,0,,,0,TIER_E
EA50392,SP2039/2,Air Filter,0,,,0,TIER_E
EA50402,SP2040/2,Air Filter,0,,,0,TIER_E
EA50412,SP2041/2X,Air Filter,0,,,0,TIER_E
EA50422,SP2042/2,Air Filter,0,,,0,TIER_E
EA50432,SP2043/2,Air Filter,0,,,0,TIER_E
EA50462,SP2046/2,Air Filter,0,,,0,TIER_E
EA50532,SP2053/2,Air Filter,0,,,0,TIER_E
EA50812,SP2081/2,Air Filter,0,,,0,TIER_E
EA50815,SP2081/5,Air Filter,0,,,0,TIER_E
EA50828,SP2082/8,Air Filter,0,,,0,TIER_E
EA50838,SP2083/8,Air Filter,0,,,0,TIER_E
EA50848,SP2084/8,Air Filter,0,,,0,TIER_E
EA58511,SP2085/11,Air Filter,0,,,0,TIER_E
EA58611,SP2086/11,Air Filter,0,,,0,TIER_E
EA58710,SP2087/10,Air Filter,0,,,0,TIER_E
EA50886,SP2088/6,Air Filter,0,,,0,TIER_E
EA50898,SP2089/8,Air Filter,0,,,0,TIER_E
EA59112,SP2091/12,Air Filter,0,,,0,TIER_E
EA59310,SP2093/10,Air Filter,0,,,0,TIER_E
EA50952,SP2095/2,Air Filter,0,,,0,TIER_E
EA50962,SP2096/2,Air Filter,0,,,0,TIER_E
EA50972,SP2097/2,Air Filter,0,,,0,TIER_E
EA51002,SP2100/2,Air Filter,0,,,0,TIER_E
EA51025,SP2102/5,Air Filter,0,,,0,TIER_E
EA51045,SP2104/5,Air Filter,0,,,0,TIER_E
EA51091,SP2109/1,Air Filter,0,,,0,TIER_E
EA51121,SP2112/1,Air Filter,0,,,0,TIER_E
EA52312,SP231/2,Air Filter,0,,,0,TIER_E
EA52446,SP2446,Air Filter,0,,,0,TIER_E
EA55422,SP2542/2,Air Filter,0,,,0,TIER_E
EA57472,SP2747/2,Air Filter,0,,,0,TIER_E
EA58412,SP2841/2,Air Filter,0,,,0,TIER_E
EA52841,SP2841AZ,Air Filter,0,,,0,TIER_E
EA52846,SP2846,Air Filter,0,,,0,TIER_E
EA58532,SP2853/2,Air Filter,0,,,0,TIER_E
EA50082,SP3008/2X,Air Filter,0,,,0,TIER_E
EA50092,SP3009/2,Air Filter,0,,,0,TIER_E
EA50142,SP3014/2,Air Filter,0,,,0,TIER_E
EA50192,SP3019/2,Air Filter,0,,,0,TIER_E
EA50202,SP3020/2,Air Filter,0,,,0,TIER_E
EA50212,SP3021/2,Air Filter,0,,,0,TIER_E
EA50222,SP3022/2,Air Filter,0,,,0,TIER_E
EA50252,SP3025/2X,Air Filter,0,,,0,TIER_E
EA50443,SP3044/3X,Air Filter,0,,,0,TIER_E
EA50452,SP3045/2X,Air Filter,0,,,0,TIER_E
EA50581,SP3058/1,Air Filter,0,,,0,TIER_E
EA50601,SP3060/1,Air Filter,0,,,0,TIER_E
EA56110,SP3061/10,Air Filter,0,,,0,TIER_E
EA50621,SP3062/1,Air Filter,0,,,0,TIER_E
EA50641,SP3064/1,Air Filter,0,,,0,TIER_E
EA57110,SP3071/10,Air Filter,0,,,0,TIER_E
EA55051,SP505/1X,Air Filter,0,,,0,TIER_E
EL51032,W1032,Oil Filter,0,,,0,TIER_E
EL51070,W1070,Oil Filter,0,,,0,TIER_E
EL51071,W1071,Oil Filter,0,,,0,TIER_E
EL50003,W11000/3,Oil Filter,0,,,0,TIER_E
EL51012,W11012,Oil Filter,0,,,0,TIER_E
EL51015,W11015,Oil Filter,0,,,0,TIER_E
EL51018,W11018,Oil Filter,0,,,0,TIER_E
EL51052,W11052,Oil Filter,0,,,0,TIER_E
EL51053,W11053,Oil Filter,0,,,0,TIER_E
EL51056,W11056,Oil Filter,0,,,0,TIER_E
EL51110,W1110,Oil Filter,0,,,0,TIER_E
EL50211,W11102/11,Oil Filter,0,,,0,TIER_E
EL50214,W11102/14,Oil Filter,0,,,0,TIER_E
EL51022,W11102/2,Oil Filter,0,,,0,TIER_E
EL50220,W11102/20,Oil Filter,0,,,0,TIER_E
EL50224,W11102/24,Oil Filter,0,,,0,TIER_E
EL50243,W11102/43,Oil Filter,0,,,0,TIER_E
EL50245,W11102/45,Oil Filter,1,DONGFENG (CN),D5000681013,20,TIER_D
EL50248,W11102/48,Oil Filter,0,,,0,TIER_E
EL51120,W1120,Oil Filter,0,,,0,TIER_E
EL51261,W1126/1,Oil Filter,0,,,0,TIER_E
EL51262,W1126/2,Oil Filter,0,,,0,TIER_E
EL51265,W1126/5,Oil Filter,0,,,0,TIER_E
EL51127,W1127,Oil Filter,0,,,0,TIER_E
EL54022,W1140/22,Oil Filter,0,,,0,TIER_E
EL54053,W1140/5/3,Oil Filter,0,,,0,TIER_E
EL51408,W1140/8,Oil Filter,0,,,0,TIER_E
EL55010,W1150/10,Oil Filter,0,,,0,TIER_E
EL55011,W1150/11,Oil Filter,0,,,0,TIER_E
EL51503,W1150/3,Oil Filter,0,,,0,TIER_E
EL51509,W1150/9,Oil Filter,1,YAMZ ENGINES,53411012075,20,TIER_D
EL51153,W1153,Oil Filter,0,,,0,TIER_E
EL51603,W1160/3,Oil Filter,0,,,0,TIER_E
EL51604,W1160/4,Oil Filter,0,,,0,TIER_E
EL51601,W11601,Oil Filter,0,,,0,TIER_E
EL51162,W1162,Oil Filter,0,,,0,TIER_E
EL51701,W1170/1,Oil Filter,0,,,0,TIER_E
EL57016,W1170/16,Oil Filter,4,FG WILSON,10000-51283,40,TIER_C
EL57016,W1170/16,Oil Filter,4,PERKINS,SE111P,40,TIER_C
EL57016,W1170/16,Oil Filter,4,PERKINS,SE111B,40,TIER_C
EL57016,W1170/16,Oil Filter,4,PERKINS,4324909,40,TIER_C
EL51702,W1170/2,Oil Filter,0,,,0,TIER_E
EL51708,W1170/8,Oil Filter,1,COMPAIR,75279,20,TIER_D
EL51184,W1184,Oil Filter,0,,,0,TIER_E
EL52001,W12001,Oil Filter,0,,,0,TIER_E
EL52002,W12002,Oil Filter,0,,,0,TIER_E
EL52008,W12008Z,Oil Filter,1,INTERNATIONAL TRUCK,1842639C91,20,TIER_D
EL52013,W12013,Oil Filter,0,,,0,TIER_E
EL52106,W12106,Oil Filter,0,,,0,TIER_E
EL52052,W12205/2,Oil Filter,0,,,0,TIER_E
EL52371,W1237/1X,Oil Filter,0,,,0,TIER_E
EL52602,W12602,Oil Filter,0,,,0,TIER_E
EL52941,W1294/1,Oil Filter,0,,,0,TIER_E
EL53120,W13120,Oil Filter,0,,,0,TIER_E
EL51204,W13120/4,Oil Filter,0,,,0,TIER_E
EL54511,W13145/11,Oil Filter,2,CATERPILLAR,1234 3766,20,TIER_D
EL54511,W13145/11,Oil Filter,2,MWM,1234 3764,20,TIER_D
EL51459,W13145/9,Oil Filter,0,,,0,TIER_E
EL53151,W13151,Oil Filter,0,,,0,TIER_E
EL51372,W1372,Oil Filter,0,,,0,TIER_E
EL51374,W1374,Oil Filter,0,,,0,TIER_E
EL53741,W1374/1,Oil Filter,0,,,0,TIER_E
EL57410,W1374/10,Oil Filter,0,,,0,TIER_E
EL51385,W1385,Oil Filter,0,,,0,TIER_E
EL51410,W1410,Oil Filter,0,,,0,TIER_E
EL50431,W43/1,Oil Filter,0,,,0,TIER_E
EL50436,W43/6,Oil Filter,0,,,0,TIER_E
EL50437,W43/7,Oil Filter,0,,,0,TIER_E
EL50111,W6011/1,Oil Filter,0,,,0,TIER_E
EL50181,W6018/1,Oil Filter,0,,,0,TIER_E
EL56019,W6019M,Oil Filter,0,,,0,TIER_E
EL56024,W6024,Oil Filter,0,,,0,TIER_E
EL56028,W6028,Oil Filter,0,,,0,TIER_E
EL51080,W610/80,Oil Filter,0,,,0,TIER_E
EL51081,W610/81,Oil Filter,0,,,0,TIER_E
EL51082,W610/82,Oil Filter,0,,,0,TIER_E
EL51083,W610/83,Oil Filter,0,,,0,TIER_E
EL56109,W610/9M,Oil Filter,0,,,0,TIER_E
EL56117,W6117,Oil Filter,0,,,0,TIER_E
EL56780,W67/80,Oil Filter,0,,,0,TIER_E
EL56781,W67/81,Oil Filter,0,,,0,TIER_E
EL56904,W6904,Oil Filter,0,,,0,TIER_E
EL57015,W7015M,Oil Filter,0,,,0,TIER_E
EL57023,W7023M,Oil Filter,0,,,0,TIER_E
EL57026,W7026,Oil Filter,0,,,0,TIER_E
EL57030,W7030M,Oil Filter,0,,,0,TIER_E
EL57033,W7033,Oil Filter,0,,,0,TIER_E
EL57058,W7058M,Oil Filter,0,,,0,TIER_E
EL50731,W7073/1,Oil Filter,0,,,0,TIER_E
EL57075,W7075,Oil Filter,0,,,0,TIER_E
EL57076,W7076,Oil Filter,0,,,0,TIER_E
EL57092,W7092,Oil Filter,0,,,0,TIER_E
EL50711,W711,Oil Filter,0,,,0,TIER_E
EL57110,W7110,Oil Filter,0,,,0,TIER_E
EL51210,W712(10),Oil Filter,0,,,0,TIER_E
EL57121,W712/1,Oil Filter,0,,,0,TIER_E
EL51211,W712/11X,Oil Filter,0,,,0,TIER_E
EL51212,W712/12,Oil Filter,0,,,0,TIER_E
EL51214,W712/14,Oil Filter,0,,,0,TIER_E
EL51218,W712/18,Oil Filter,0,,,0,TIER_E
EL51219,W712/19,Oil Filter,0,,,0,TIER_E
EL57121,W712/1N,Oil Filter,0,,,0,TIER_E
EL57122,W712/2,Oil Filter,0,,,0,TIER_E
EL51222,W712/22X,Oil Filter,0,,,0,TIER_E
EL51223,W712/23,Oil Filter,0,,,0,TIER_E
EL51224,W712/24,Oil Filter,0,,,0,TIER_E
EL51226,W712/26,Oil Filter,0,,,0,TIER_E
EL57122,W712/2N,Oil Filter,0,,,0,TIER_E
EL57123,W712/3,Oil Filter,0,,,0,TIER_E
EL51234,W712/34,Oil Filter,0,,,0,TIER_E
EL53410,W712/34(10),Oil Filter,0,,,0,TIER_E
EL51235,W712/35,Oil Filter,0,,,0,TIER_E
EL51237,W712/37,Oil Filter,0,,,0,TIER_E
EL51239,W712/39,Oil Filter,0,,,0,TIER_E
EL54310,W712/43(10),Oil Filter,0,,,0,TIER_E
EL57125,W712/5,Oil Filter,0,,,0,TIER_E
EL51253,W712/53,Oil Filter,0,,,0,TIER_E
EL57125,W712/5X,Oil Filter,0,,,0,TIER_E
EL51260,W712/60,Oil Filter,0,,,0,TIER_E
EL51261,W712/61,Oil Filter,0,,,0,TIER_E
EL57126,W712/6N,Oil Filter,0,,,0,TIER_E
EL57127,W712/7,Oil Filter,0,,,0,TIER_E
EL51273,W712/73M,Oil Filter,0,,,0,TIER_E
EL51275,W712/75M,Oil Filter,0,,,0,TIER_E
EL52810,W712/8(10),Oil Filter,0,,,0,TIER_E
EL51281,W712/81,Oil Filter,0,,,0,TIER_E
EL51283,W712/83M,Oil Filter,0,,,0,TIER_E
EL51290,W712/90M,Oil Filter,0,,,0,TIER_E
EL59210,W712/92(10),Oil Filter,0,,,0,TIER_E
EL51292,W712/92M,Oil Filter,0,,,0,TIER_E
EL51294,W712/94M,Oil Filter,0,,,0,TIER_E
EL50712,W712N,Oil Filter,0,,,0,TIER_E
EL50713,W713,Oil Filter,0,,,0,TIER_E
EL57131,W713/1,Oil Filter,0,,,0,TIER_E
EL51313,W713/13,Oil Filter,0,,,0,TIER_E
EL51315,W713/15,Oil Filter,0,,,0,TIER_E
EL51316,W713/16X,Oil Filter,0,,,0,TIER_E
EL51322,W713/22,Oil Filter,0,,,0,TIER_E
EL51323,W713/23,Oil Filter,0,,,0,TIER_E
EL57134,W713/4,Oil Filter,0,,,0,TIER_E
EL57134,W713/4X,Oil Filter,0,,,0,TIER_E
EL57135,W713/5,Oil Filter,0,,,0,TIER_E
EL57135,W713/5X,Oil Filter,0,,,0,TIER_E
EL57136,W713/6,Oil Filter,0,,,0,TIER_E
EL57138,W7138,Oil Filter,0,,,0,TIER_E
EL50717,W717,Oil Filter,0,,,0,TIER_E
EL57171,W717/1,Oil Filter,0,,,0,TIER_E
EL50717,W717X,Oil Filter,0,,,0,TIER_E
EL57181,W718/1,Oil Filter,0,,,0,TIER_E
EL50719,W719,Oil Filter,0,,,0,TIER_E
EL51913,W719/13X,Oil Filter,0,,,0,TIER_E
EL51510,W719/15(10),Oil Filter,0,,,0,TIER_E
EL51915,W719/15X,Oil Filter,0,,,0,TIER_E
EL51916,W719/16,Oil Filter,0,,,0,TIER_E
EL51919,W719/19,Oil Filter,0,,,0,TIER_E
EL57191,W719/1X,Oil Filter,0,,,0,TIER_E
EL51923,W719/23,Oil Filter,0,,,0,TIER_E
EL51924,W719/24,Oil Filter,0,,,0,TIER_E
EL51925,W719/25,Oil Filter,0,,,0,TIER_E
EL51926,W719/26,Oil Filter,0,,,0,TIER_E
EL51928,W719/28,Oil Filter,0,,,0,TIER_E
EL53010,W719/30(10),Oil Filter,0,,,0,TIER_E
EL51932,W719/32,Oil Filter,0,,,0,TIER_E
EL51938,W719/38,Oil Filter,0,,,0,TIER_E
EL51940,W719/40,Oil Filter,0,,,0,TIER_E
EL54510,W719/45(10),Oil Filter,0,,,0,TIER_E
EL51945,W719/45M,Oil Filter,0,,,0,TIER_E
EL59510,W719/5(10),Oil Filter,0,,,0,TIER_E
EL51951,W719/51,Oil Filter,0,,,0,TIER_E
EL57195,W719/5N,Oil Filter,0,,,0,TIER_E
EL57196,W719/6,Oil Filter,0,,,0,TIER_E
EL57199,W719/9,Oil Filter,0,,,0,TIER_E
EL50723,W723,Oil Filter,0,,,0,TIER_E
EL57232,W723/2,Oil Filter,0,,,0,TIER_E
EL50724,W724,Oil Filter,0,,,0,TIER_E
EL57241,W724/1X,Oil Filter,0,,,0,TIER_E
EL57242,W724/2,Oil Filter,0,,,0,TIER_E
EL57244,W724/4,Oil Filter,0,,,0,TIER_E
EL57245,W724/5,Oil Filter,0,,,0,TIER_E
EL50735,W735,Oil Filter,0,,,0,TIER_E
EL50752,W75/2,Oil Filter,0,,,0,TIER_E
EL50754,W75/4,Oil Filter,0,,,0,TIER_E
EL57562,W7562,Oil Filter,0,,,0,TIER_E
EL50773,W77/3,Oil Filter,0,,,0,TIER_E
EL50077,W77N,Oil Filter,0,,,0,TIER_E
EL50078,W78,Oil Filter,0,,,0,TIER_E
EL50793,W79/3,Oil Filter,0,,,0,TIER_E
EL58004,W8004,Oil Filter,0,,,0,TIER_E
EL58037,W8037,Oil Filter,0,,,0,TIER_E
EL58039,W8039,Oil Filter,0,,,0,TIER_E
EL50810,W810,Oil Filter,0,,,0,TIER_E
EL50811,W811,Oil Filter,0,,,0,TIER_E
EL51180,W811/80IBAOYANG,Oil Filter,0,,,0,TIER_E
EL51181,W811/81X,Oil Filter,0,,,0,TIER_E
EL50813,W813,Oil Filter,0,,,0,TIER_E
EL58131,W813/1,Oil Filter,0,,,0,TIER_E
EL58136,W813/6,Oil Filter,0,,,0,TIER_E
EL51480,W814/80X,Oil Filter,0,,,0,TIER_E
EL51481,W814/81,Oil Filter,0,,,0,TIER_E
EL51481,W814/81X,Oil Filter,0,,,0,TIER_E
EL58151,W815/1,Oil Filter,0,,,0,TIER_E
EL58153,W815/3X,Oil Filter,0,,,0,TIER_E
EL58154,W815/4,Oil Filter,0,,,0,TIER_E
EL51580,W815/80X,Oil Filter,0,,,0,TIER_E
EL50815,W815X,Oil Filter,0,,,0,TIER_E
EL51780,W817/80,Oil Filter,0,,,0,TIER_E
EL58183,W818/3,Oil Filter,0,,,0,TIER_E
EL58184,W818/4,Oil Filter,0,,,0,TIER_E
EL58185,W818/5,Oil Filter,0,,,0,TIER_E
EL51880,W818/80,Oil Filter,0,,,0,TIER_E
EL51882,W818/82X,Oil Filter,0,,,0,TIER_E
EL51883,W818/83,Oil Filter,0,,,0,TIER_E
EL50823,W823,Oil Filter,0,,,0,TIER_E
EL52580,W825/80,Oil Filter,0,,,0,TIER_E
EL50830,W830,Oil Filter,0,,,0,TIER_E
EL50901,W901,Oil Filter,0,,,0,TIER_E
EL59018,W9018,Oil Filter,0,,,0,TIER_E
EL59039,W9039,Oil Filter,0,,,0,TIER_E
EL59056,W9056,Oil Filter,0,,,0,TIER_E
EL59061,W9061,Oil Filter,0,,,0,TIER_E
EL59062,W9062,Oil Filter,0,,,0,TIER_E
EL59093,W9093,Oil Filter,1,IVECO,5801877000,20,TIER_D
EL59101,W910/1,Oil Filter,0,,,0,TIER_E
EL59103,W910/3,Oil Filter,0,,,0,TIER_E
EL59105,W910/5,Oil Filter,0,,,0,TIER_E
EL59115,W9115,Oil Filter,0,,,0,TIER_E
EL59117,W9117,Oil Filter,0,,,0,TIER_E
EL50912,W912,Oil Filter,0,,,0,TIER_E
EL50913,W913,Oil Filter,0,,,0,TIER_E
EL59136,W913/6,Oil Filter,0,,,0,TIER_E
EL50914,W914,Oil Filter,0,,,0,TIER_E
EL51411,W914/11,Oil Filter,0,,,0,TIER_E
EL51412,W914/12,Oil Filter,0,,,0,TIER_E
EL51413,W914/13,Oil Filter,0,,,0,TIER_E
EL51414,W914/14,Oil Filter,0,,,0,TIER_E
EL51415,W914/15,Oil Filter,0,,,0,TIER_E
EL51417,W914/17,Oil Filter,0,,,0,TIER_E
EL51419,W914/19,Oil Filter,0,,,0,TIER_E
EL51420,W914/20,Oil Filter,0,,,0,TIER_E
EL51424,W914/24,Oil Filter,0,,,0,TIER_E
EL59142,W914/2N,Oil Filter,0,,,0,TIER_E
EL59143,W914/3,Oil Filter,0,,,0,TIER_E
EL59145,W914/5,Oil Filter,0,,,0,TIER_E
EL59146,W914/6,Oil Filter,0,,,0,TIER_E
EL59146,W914/6X,Oil Filter,0,,,0,TIER_E
EL59147,W914/7,Oil Filter,0,,,0,TIER_E
EL59147,W914/7V,Oil Filter,0,,,0,TIER_E
EL59147,W914/7X,Oil Filter,0,,,0,TIER_E
EL59148,W914/8,Oil Filter,0,,,0,TIER_E
EL51480,W914/80,Oil Filter,0,,,0,TIER_E
EL59148,W914/8X,Oil Filter,0,,,0,TIER_E
EL59149,W914/9,Oil Filter,0,,,0,TIER_E
EL59149,W914/9X,Oil Filter,0,,,0,TIER_E
EL56110,W916/1(10),Oil Filter,0,,,0,TIER_E
EL59161,W916/1X,Oil Filter,0,,,0,TIER_E
EL51710,W917(10),Oil Filter,0,,,0,TIER_E
EL59183,W918/3,Oil Filter,0,,,0,TIER_E
EL59201,W920/1,Oil Filter,0,,,0,TIER_E
EL52012,W920/12,Oil Filter,0,,,0,TIER_E
EL52013,W920/13,Oil Filter,0,,,0,TIER_E
EL52015,W920/15,Oil Filter,0,,,0,TIER_E
EL52016,W920/16,Oil Filter,0,,,0,TIER_E
EL52018,W920/18,Oil Filter,0,,,0,TIER_E
EL52019,W920/19,Oil Filter,0,,,0,TIER_E
EL59202,W920/2,Oil Filter,0,,,0,TIER_E
EL52021,W920/21X,Oil Filter,0,,,0,TIER_E
EL52022,W920/22,Oil Filter,0,,,0,TIER_E
EL52025,W920/25,Oil Filter,0,,,0,TIER_E
EL52026,W920/26,Oil Filter,0,,,0,TIER_E
EL59203,W920/3,Oil Filter,0,,,0,TIER_E
EL52036,W920/36,Oil Filter,0,,,0,TIER_E
EL59203,W920/3X,Oil Filter,0,,,0,TIER_E
EL59204,W920/4,Oil Filter,0,,,0,TIER_E
EL59205,W920/5,Oil Filter,0,,,0,TIER_E
EL50610,W920/6(10),Oil Filter,0,,,0,TIER_E
EL52081,W920/81,Oil Filter,0,,,0,TIER_E
EL59209,W920/9,Oil Filter,0,,,0,TIER_E
EL52181,W921/81,Oil Filter,0,,,0,TIER_E
EL50922,W922,Oil Filter,0,,,0,TIER_E
EL59221,W922/1,Oil Filter,0,,,0,TIER_E
EL50923,W923,Oil Filter,0,,,0,TIER_E
EL59232,W923/2,Oil Filter,0,,,0,TIER_E
EL59235,W923/5,Oil Filter,0,,,0,TIER_E
EL59236,W923/6,Oil Filter,0,,,0,TIER_E
EL50929,W929,Oil Filter,0,,,0,TIER_E
EL59301,W930/1,Oil Filter,0,,,0,TIER_E
EL53014,W930/14,Oil Filter,0,,,0,TIER_E
EL53019,W930/19,Oil Filter,0,,,0,TIER_E
EL59302,W930/2,Oil Filter,0,,,0,TIER_E
EL59304,W930/4,Oil Filter,0,,,0,TIER_E
EL59308,W930/8,Oil Filter,0,,,0,TIER_E
EL50931,W931,Oil Filter,0,,,0,TIER_E
EL53280,W932/80,Oil Filter,0,,,0,TIER_E
EL59333,W933/3,Oil Filter,0,,,0,TIER_E
EL50936,W936,Oil Filter,0,,,0,TIER_E
EL59363,W936/3,Oil Filter,0,,,0,TIER_E
EL50939,W939,Oil Filter,0,,,0,TIER_E
EL54010,W940(10),Oil Filter,0,,,0,TIER_E
EL54011,W940/11,Oil Filter,0,,,0,TIER_E
EL54012,W940/12,Oil Filter,0,,,0,TIER_E
EL54015,W940/15,Oil Filter,0,,,0,TIER_E
EL54016,W940/16,Oil Filter,0,,,0,TIER_E
EL54017,W940/17,Oil Filter,0,,,0,TIER_E
EL54022,W940/22,Oil Filter,0,,,0,TIER_E
EL54023,W940/23,Oil Filter,0,,,0,TIER_E
EL52510,W940/25(10),Oil Filter,0,,,0,TIER_E
EL54025,W940/25N,Oil Filter,0,,,0,TIER_E
EL54032,W940/32,Oil Filter,0,,,0,TIER_E
EL54048,W940/48,Oil Filter,0,,,0,TIER_E
EL50510,W940/5(10),Oil Filter,0,,,0,TIER_E
EL55110,W940/51(10),Oil Filter,0,,,0,TIER_E
EL59407,W940/7,Oil Filter,0,,,0,TIER_E
EL54070,W940/70,Oil Filter,0,,,0,TIER_E
EL59407,W940/7X,Oil Filter,0,,,0,TIER_E
EL59409,W940/9,Oil Filter,0,,,0,TIER_E
EL50944,W944,Oil Filter,0,,,0,TIER_E
EL55015,W950/15,Oil Filter,0,,,0,TIER_E
EL55024,W950/24,Oil Filter,1,COMPAIR,98262/199,20,TIER_D
EL55040,W950/40,Oil Filter,0,,,0,TIER_E
EL55042,W950/42,Oil Filter,0,,,0,TIER_E
EL59506,W9506,Oil Filter,0,,,0,TIER_E
EL59511,W951/1,Oil Filter,0,,,0,TIER_E
EL50953,W953,Oil Filter,0,,,0,TIER_E
EL50954,W954,Oil Filter,0,,,0,TIER_E
EL56213,W962/13,Oil Filter,0,,,0,TIER_E
EL56232,W962/32,Oil Filter,0,,,0,TIER_E
EL52610,W962/6(10),Oil Filter,0,,,0,TIER_E
EL59627,W962/7,Oil Filter,0,,,0,TIER_E
EL56271,W962/71,Oil Filter,0,,,0,TIER_E
EL52262,WA12262,Oil Filter,0,,,0,TIER_E
EL52299,WA12299,Oil Filter,0,,,0,TIER_E
EL50912,WA912,Oil Filter,0,,,0,TIER_E
EL59211,WA921/1,Oil Filter,0,,,0,TIER_E
EL59238,WA923/8,Oil Filter,0,,,0,TIER_E
EL50926,WA926,Oil Filter,0,,,0,TIER_E
EL50940,WA940,Oil Filter,0,,,0,TIER_E
EL54010,WA940/10,Oil Filter,0,,,0,TIER_E
EL54022,WA940/22,Oil Filter,0,,,0,TIER_E
EL54023,WA940/23,Oil Filter,0,,,0,TIER_E
EL59403,WA940/3,Oil Filter,0,,,0,TIER_E
EL59405,WA940/5,Oil Filter,0,,,0,TIER_E
EL53002,WD13002,Oil Filter,0,,,0,TIER_E
EL53004,WD13004,Oil Filter,0,,,0,TIER_E
EL50102,WD13010/2X,Oil Filter,0,,,0,TIER_E
EL53125,WD13125,Oil Filter,0,,,0,TIER_E
EL54510,WD13145/10,Oil Filter,0,,,0,TIER_E
EL51456,WD13145/6,Oil Filter,0,,,0,TIER_E
EL53747,WD1374/7,Oil Filter,0,,,0,TIER_E
EL57242,WD724/2,Oil Filter,0,,,0,TIER_E
EL59202,WD920/2,Oil Filter,0,,,0,TIER_E
EL54026,WD940/26,Oil Filter,2,BAUER,N32047,20,TIER_D
EL54026,WD940/26,Oil Filter,2,UNICCOMP,N32047,20,TIER_D
EL59406,WD940/6,Oil Filter,0,,,0,TIER_E
EL59501,WD950/1,Oil Filter,0,,,0,TIER_E
EL56211,WD962/11,Oil Filter,0,,,0,TIER_E
EL56212,WD962/12,Oil Filter,0,,,0,TIER_E
EL56221,WD962/21,Oil Filter,0,,,0,TIER_E
EL59624,WD962/4,Oil Filter,0,,,0,TIER_E
EL59625,WD962/5,Oil Filter,0,,,0,TIER_E
EL51102,WDK11102,Oil Filter,0,,,0,TIER_E
EL50214,WDK11102/14,Oil Filter,0,,,0,TIER_E
EL50217,WDK11102/17,Oil Filter,3,BOMAG,088 201 24,40,TIER_C
EL50217,WDK11102/17,Oil Filter,3,DEUTZ AG / DEUTZ-FAHR (KHD),0426 8706,40,TIER_C
EL50217,WDK11102/17,Oil Filter,3,DEUTZ AG / DEUTZ-FAHR (KHD),0426 6875,40,TIER_C
EL50242,WDK11102/42,Oil Filter,0,,,0,TIER_E
EL51026,WDK11102/6,Oil Filter,0,,,0,TIER_E
EL51027,WDK11102/7,Oil Filter,0,,,0,TIER_E
EL51028,WDK11102/8,Oil Filter,0,,,0,TIER_E
EL50289,WDK11102/89,Oil Filter,0,,,0,TIER_E
EL51170,WDK1170,Oil Filter,1,MTU,X59308300031,20,TIER_D
EL51451,WDK13145/1,Oil Filter,0,,,0,TIER_E
EL51452,WDK13145/2,Oil Filter,1,MTU,X51408300061,20,TIER_D
EL54598,WDK13145/98,Oil Filter,0,,,0,TIER_E
EL57192,WDK719/2,Oil Filter,2,MTU,X89008300004,20,TIER_D
EL57192,WDK719/2,Oil Filter,2,STEYR MOTORS,703847,20,TIER_D
EL50724,WDK724,Oil Filter,0,,,0,TIER_E
EL59283,WDK928/3,Oil Filter,0,,,0,TIER_E
EL54023,WDK940/23,Oil Filter,1,DEUTZ AG / DEUTZ-FAHR (KHD),0031 9257,20,TIER_D
EL56210,WDK962/10,Oil Filter,0,,,0,TIER_E
EL56211,WDK962/11,Oil Filter,1,MTU,0020921801,20,TIER_D
EL51210,WDK962/12(10),Oil Filter,0,,,0,TIER_E
EL56213,WDK962/13,Oil Filter,0,,,0,TIER_E
EL56214,WDK962/14,Oil Filter,1,KAMAZ,WDK 962/14,20,TIER_D
EL56215,WDK962/15,Oil Filter,0,,,0,TIER_E
EL56218,WDK962/18,Oil Filter,0,,,0,TIER_E
EL50999,WDK999,Oil Filter,0,,,0,TIER_E
EL59992,WDK999/2,Oil Filter,0,,,0,TIER_E
EL53145,WDV13145,Oil Filter,0,,,0,TIER_E
EL50920,WDV920,Oil Filter,0,,,0,TIER_E
EL50940,WDV940,Oil Filter,0,,,0,TIER_E
EL59402,WDV940/2,Oil Filter,0,,,0,TIER_E
EL59403,WDV940/3,Oil Filter,0,,,0,TIER_E
EL50950,WDV950,Oil Filter,0,,,0,TIER_E
EL59501,WDV950/1,Oil Filter,0,,,0,TIER_E
EL50962,WDV962,Oil Filter,0,,,0,TIER_E
EL50912,WF912,Oil Filter,0,,,0,TIER_E
EL50914,WF914,Oil Filter,0,,,0,TIER_E
EL59142,WF914/2,Oil Filter,0,,,0,TIER_E
EL59151,WF915/1,Oil Filter,0,,,0,TIER_E
EL59156,WF915/6,Oil Filter,0,,,0,TIER_E
EL50916,WF916,Oil Filter,0,,,0,TIER_E
EL59161,WF916/1,Oil Filter,0,,,0,TIER_E
EL50917,WF917,Oil Filter,0,,,0,TIER_E
EL50920,WF920,Oil Filter,0,,,0,TIER_E
EL59202,WF920/2,Oil Filter,0,,,0,TIER_E
EL50930,WF930,Oil Filter,0,,,0,TIER_E
EL59302,WF930/2,Oil Filter,0,,,0,TIER_E
EL59303,WF930/3,Oil Filter,0,,,0,TIER_E
EL59322,WF932/2,Oil Filter,0,,,0,TIER_E
EL50962,WF962,Oil Filter,0,,,0,TIER_E
EL59622,WF962/2,Oil Filter,0,,,0,TIER_E
EL59629,WF962/9,Oil Filter,0,,,0,TIER_E
EL50003,WH10003,Oil Filter,0,,,0,TIER_E
EL59002,WH9002,Oil Filter,0,,,0,TIER_E
EL58030,WH980/30,Oil Filter,0,,,0,TIER_E
EF50040,WK10040Z,Fuel Filter,0,,,0,TIER_E
EF50049,WK10049,Fuel Filter,0,,,0,TIER_E
EF50053,WK10053,Fuel Filter,0,,,0,TIER_E
EF56010,WK1060/10X,Fuel Filter,0,,,0,TIER_E
EF50602,WK1060/2,Fuel Filter,0,,,0,TIER_E
EF50701,WK1070/1X,Fuel Filter,0,,,0,TIER_E
EF50702,WK1070/2X,Fuel Filter,0,,,0,TIER_E
EF51090,WK1090,Fuel Filter,0,,,0,TIER_E
EF51039,WK11039Z,Fuel Filter,0,,,0,TIER_E
EF50502,WK11050/2Z,Fuel Filter,0,,,0,TIER_E
EF51076,WK11076Z,Fuel Filter,2,SANY GROUP,B222100000766,20,TIER_D
EF51076,WK11076Z,Fuel Filter,2,SDLG,11210238,20,TIER_D
EF51126,WK1126,Fuel Filter,0,,,0,TIER_E
EF51145,WK1145,Fuel Filter,0,,,0,TIER_E
EF51148,WK1148,Fuel Filter,0,,,0,TIER_E
EF51157,WK1157,Fuel Filter,0,,,0,TIER_E
EF51163,WK1163,Fuel Filter,0,,,0,TIER_E
EF51164,WK1164,Fuel Filter,0,,,0,TIER_E
EF51165,WK1165,Fuel Filter,0,,,0,TIER_E
EF52007,WK12007,Fuel Filter,0,,,0,TIER_E
EF52015,WK12015X,Fuel Filter,0,,,0,TIER_E
EF51111,WK12111/1,Fuel Filter,0,,,0,TIER_E
EF50211,WK21/1,Fuel Filter,0,,,0,TIER_E
EF50212,WK21/2,Fuel Filter,0,,,0,TIER_E
EF51210,WK21/2(10),Fuel Filter,0,,,0,TIER_E
EF53002,WK3002,Fuel Filter,0,,,0,TIER_E
EF50031,WK31,Fuel Filter,0,,,0,TIER_E
EF50311,WK31/1,Fuel Filter,0,,,0,TIER_E
EF50313,WK31/3,Fuel Filter,0,,,0,TIER_E
EF50316,WK31/6,Fuel Filter,0,,,0,TIER_E
EF50317,WK31/7,Fuel Filter,0,,,0,TIER_E
EF50318,WK31/8,Fuel Filter,0,,,0,TIER_E
EF53180,WK31/80,Fuel Filter,0,,,0,TIER_E
EF50319,WK31/9,Fuel Filter,0,,,0,TIER_E
EF50321,WK32/1,Fuel Filter,0,,,0,TIER_E
EF50322,WK32/2,Fuel Filter,0,,,0,TIER_E
EF50408,WK408,Fuel Filter,0,,,0,TIER_E
EF50041,WK41,Fuel Filter,0,,,0,TIER_E
EF50042,WK42,Fuel Filter,0,,,0,TIER_E
EF54213,WK42/13,Fuel Filter,0,,,0,TIER_E
EF50429,WK42/9,Fuel Filter,0,,,0,TIER_E
EF50043,WK43,Fuel Filter,0,,,0,TIER_E
EF50431,WK43/1,Fuel Filter,0,,,0,TIER_E
EF50435,WK43/5,Fuel Filter,0,,,0,TIER_E
EF50451,WK45/1,Fuel Filter,0,,,0,TIER_E
EF50478,WK478,Fuel Filter,0,,,0,TIER_E
EF55005,WK5005Z,Fuel Filter,0,,,0,TIER_E
EF55008,WK5008,Fuel Filter,0,,,0,TIER_E
EF55009,WK5009,Fuel Filter,0,,,0,TIER_E
EF55013,WK5013,Fuel Filter,0,,,0,TIER_E
EF55014,WK5014,Fuel Filter,0,,,0,TIER_E
EF55018,WK5018,Fuel Filter,0,,,0,TIER_E
EF55019,WK5019,Fuel Filter,0,,,0,TIER_E
EF55022,WK5022,Fuel Filter,0,,,0,TIER_E
EF55026,WK5026,Fuel Filter,0,,,0,TIER_E
EF55029,WK5029,Fuel Filter,0,,,0,TIER_E
EF55036,WK5036,Fuel Filter,0,,,0,TIER_E
EF50509,WK509,Fuel Filter,0,,,0,TIER_E
EF50519,WK519,Fuel Filter,0,,,0,TIER_E
EF50521,WK521,Fuel Filter,0,,,0,TIER_E
EF55211,WK521/1,Fuel Filter,0,,,0,TIER_E
EF50523,WK523,Fuel Filter,0,,,0,TIER_E
EF50554,WK55/4,Fuel Filter,0,,,0,TIER_E
EF50582,WK58/2,Fuel Filter,0,,,0,TIER_E
EF50584,WK58/4,Fuel Filter,0,,,0,TIER_E
EF56006,WK6006,Fuel Filter,0,,,0,TIER_E
EF56031,WK6031M,Fuel Filter,0,,,0,TIER_E
EF56040,WK6040,Fuel Filter,0,,,0,TIER_E
EF56043,WK6043,Fuel Filter,0,,,0,TIER_E
EF56047,WK6047,Fuel Filter,0,,,0,TIER_E
EF56056,WK6056,Fuel Filter,0,,,0,TIER_E
EF56133,WK613/3,Fuel Filter,0,,,0,TIER_E
EF51418,WK614/18,Fuel Filter,0,,,0,TIER_E
EF56142,WK614/2,Fuel Filter,0,,,0,TIER_E
EF51426,WK614/26,Fuel Filter,0,,,0,TIER_E
EF51432,WK614/32,Fuel Filter,0,,,0,TIER_E
EF51436,WK614/36,Fuel Filter,0,,,0,TIER_E
EF51437,WK614/37,Fuel Filter,0,,,0,TIER_E
EF56184,WK618/4,Fuel Filter,0,,,0,TIER_E
EF50068,WK68,Fuel Filter,0,,,0,TIER_E
EF50685,WK68/5,Fuel Filter,0,,,0,TIER_E
EF50686,WK68/6,Fuel Filter,0,,,0,TIER_E
EF56881,WK68/81,Fuel Filter,0,,,0,TIER_E
EF50701,WK701,Fuel Filter,0,,,0,TIER_E
EF50702,WK702,Fuel Filter,0,,,0,TIER_E
EF57102,WK710/2,Fuel Filter,0,,,0,TIER_E
EF57105,WK710/5,Fuel Filter,0,,,0,TIER_E
EF57112,WK711/2,Fuel Filter,0,,,0,TIER_E
EF57124,WK712/4,Fuel Filter,1,FORD,98 FU 9155 AA,20,TIER_D
EF57126,WK712/6,Fuel Filter,0,,,0,TIER_E
EF57172,WK717/2,Fuel Filter,0,,,0,TIER_E
EF57174,WK717/4,Fuel Filter,0,,,0,TIER_E
EF50719,WK719,Fuel Filter,0,,,0,TIER_E
EF57193,WK719/3,Fuel Filter,0,,,0,TIER_E
EF57232,WK723/2,Fuel Filter,0,,,0,TIER_E
EF57264,WK726/4,Fuel Filter,0,,,0,TIER_E
EF53110,WK731(10),Fuel Filter,0,,,0,TIER_E
EF57313,WK731/3,Fuel Filter,0,,,0,TIER_E
EF50761,WK76/1,Fuel Filter,0,,,0,TIER_E
EF50764,WK76/4,Fuel Filter,0,,,0,TIER_E
EF50021,WK8002/1,Fuel Filter,0,,,0,TIER_E
EF58009,WK8009,Fuel Filter,0,,,0,TIER_E
EF58023,WK8023,Fuel Filter,0,,,0,TIER_E
EF58026,WK8026,Fuel Filter,0,,,0,TIER_E
EF58040,WK8040,Fuel Filter,0,,,0,TIER_E
EF58047,WK8047,Fuel Filter,0,,,0,TIER_E
EF58048,WK8048,Fuel Filter,0,,,0,TIER_E
EF58066,WK8066,Fuel Filter,0,,,0,TIER_E
EF58079,WK8079Z,Fuel Filter,0,,,0,TIER_E
EF58080,WK8080,Fuel Filter,0,,,0,TIER_E
EF58082,WK8082,Fuel Filter,0,,,0,TIER_E
EF58087,WK8087,Fuel Filter,0,,,0,TIER_E
EF58088,WK8088X,Fuel Filter,0,,,0,TIER_E
EF58091,WK809/1,Fuel Filter,0,,,0,TIER_E
EF58096,WK8096,Fuel Filter,0,,,0,TIER_E
EF58097,WK8097,Fuel Filter,0,,,0,TIER_E
EF50810,WK810,Fuel Filter,0,,,0,TIER_E
EF50811,WK811,Fuel Filter,0,,,0,TIER_E
EF50813,WK813,Fuel Filter,0,,,0,TIER_E
EF50814,WK814,Fuel Filter,0,,,0,TIER_E
EF58141,WK814/1,Fuel Filter,0,,,0,TIER_E
EF58152,WK815/2X,Fuel Filter,0,,,0,TIER_E
EF58150,WK8150,Fuel Filter,1,CATERPILLAR,234-7967,20,TIER_D
EF50817,WK817,Fuel Filter,0,,,0,TIER_E
EF58173,WK817/3XM,Fuel Filter,0,,,0,TIER_E
EF50817,WK817X,Fuel Filter,0,,,0,TIER_E
EF50819,WK819,Fuel Filter,0,,,0,TIER_E
EF58193,WK819/3X,Fuel Filter,0,,,0,TIER_E
EF58192,WK8192,Fuel Filter,0,,,0,TIER_E
EF58203,WK820/3,Fuel Filter,0,,,0,TIER_E
EF58205,WK820/5,Fuel Filter,0,,,0,TIER_E
EF58206,WK820/6,Fuel Filter,0,,,0,TIER_E
EF58208,WK820/8,Fuel Filter,0,,,0,TIER_E
EF58217,WK8217,Fuel Filter,0,,,0,TIER_E
EF58219,WK8219,Fuel Filter,1,HINO,23401-1332,20,TIER_D
EF58233,WK823/3,Fuel Filter,0,,,0,TIER_E
EF50825,WK825,Fuel Filter,0,,,0,TIER_E
EF58301,WK830/1,Fuel Filter,0,,,0,TIER_E
EF53010,WK830/10,Fuel Filter,0,,,0,TIER_E
EF58302,WK830/2,Fuel Filter,0,,,0,TIER_E
EF58303,WK830/3X,Fuel Filter,0,,,0,TIER_E
EF58304,WK830/4,Fuel Filter,0,,,0,TIER_E
EF58309,WK830/9,Fuel Filter,0,,,0,TIER_E
EF50834,WK834,Fuel Filter,0,,,0,TIER_E
EF52210,WK842/2(10),Fuel Filter,0,,,0,TIER_E
EF54229,WK842/29,Fuel Filter,0,,,0,TIER_E
EF58425,WK842/5,Fuel Filter,0,,,0,TIER_E
EF58427,WK842/7,Fuel Filter,0,,,0,TIER_E
EF58533,WK853/3,Fuel Filter,0,,,0,TIER_E
EF58535,WK853/5,Fuel Filter,0,,,0,TIER_E
EF58536,WK853/6,Fuel Filter,0,,,0,TIER_E
EF50854,WK854,Fuel Filter,0,,,0,TIER_E
EF58602,WK8602,Fuel Filter,0,,,0,TIER_E
EF50868,WK868,Fuel Filter,0,,,0,TIER_E
EF58704,WK8704,Fuel Filter,0,,,0,TIER_E
EF59021,WK9021,Fuel Filter,0,,,0,TIER_E
EF59042,WK9042,Fuel Filter,0,,,0,TIER_E
EF59087,WK9087,Fuel Filter,0,,,0,TIER_E
EF59093,WK9093,Fuel Filter,0,,,0,TIER_E
EF51003,WK91003,Fuel Filter,0,,,0,TIER_E
EF59111,WK9111,Fuel Filter,7,CATERPILLAR,9Y-4419,80,TIER_A
EF59111,WK9111,Fuel Filter,7,CATERPILLAR,3I-0755,80,TIER_A
EF59111,WK9111,Fuel Filter,7,CATERPILLAR,3I-1219,80,TIER_A
EF59111,WK9111,Fuel Filter,7,GENERAL MOTORS (GM),23518526,80,TIER_A
EF59111,WK9111,Fuel Filter,7,GENERAL MOTORS (GM),23518669,80,TIER_A
EF59111,WK9111,Fuel Filter,7,GENERAL MOTORS (GM),25010256,80,TIER_A
EF59111,WK9111,Fuel Filter,7,GENERAL MOTORS (GM),25010959,80,TIER_A
EF51651,WK9165/1X,Fuel Filter,0,,,0,TIER_E
EF50917,WK917,Fuel Filter,0,,,0,TIER_E
EF50918,WK918,Fuel Filter,0,,,0,TIER_E
EF50919,WK919,Fuel Filter,0,,,0,TIER_E
EF59211,WK921/1,Fuel Filter,0,,,0,TIER_E
EF59252,WK925/2,Fuel Filter,0,,,0,TIER_E
EF50927,WK927,Fuel Filter,0,,,0,TIER_E
EF50930,WK930X,Fuel Filter,0,,,0,TIER_E
EF50931,WK931X,Fuel Filter,0,,,0,TIER_E
EF59323,WK932/3,Fuel Filter,0,,,0,TIER_E
EF53280,WK932/80,Fuel Filter,0,,,0,TIER_E
EF50935,WK935,Fuel Filter,0,,,0,TIER_E
EF50936,WK936,Fuel Filter,0,,,0,TIER_E
EF50937,WK937,Fuel Filter,0,,,0,TIER_E
EF53916,WK939/16,Fuel Filter,0,,,0,TIER_E
EF54018,WK940/18,Fuel Filter,0,,,0,TIER_E
EF59403,WK940/3,Fuel Filter,0,,,0,TIER_E
EF54032,WK940/32X,Fuel Filter,0,,,0,TIER_E
EF59404,WK940/4,Fuel Filter,0,,,0,TIER_E
EF59409,WK940/9,Fuel Filter,0,,,0,TIER_E
EF50941,WK941,Fuel Filter,1,GILBARCO,140 632 746,20,TIER_D
EF54110,WK941(10),Fuel Filter,1,GILBARCO,140 632 746,20,TIER_D
EF55024,WK950/24X,Fuel Filter,0,,,0,TIER_E
EF55025,WK950/25,Fuel Filter,0,,,0,TIER_E
EF59504,WK950/4,Fuel Filter,0,,,0,TIER_E
EF50953,WK953,Fuel Filter,0,,,0,TIER_E
EF50954,WK954,Fuel Filter,0,,,0,TIER_E
EF59551,WK955/1,Fuel Filter,1,GENERAL MOTORS (GM),8423132,20,TIER_D
EF50956,WK956,Fuel Filter,0,,,0,TIER_E
EF55610,WK956(10),Fuel Filter,0,,,0,TIER_E
EF50957,WK957,Fuel Filter,0,,,0,TIER_E
EF56210,WK962/10,Fuel Filter,0,,,0,TIER_E
EF59623,WK962/3,Fuel Filter,0,,,0,TIER_E
EF59625,WK962/5,Fuel Filter,3,DAF,024 3000,40,TIER_C
EF59625,WK962/5,Fuel Filter,3,DAF,243 000,40,TIER_C
EF59625,WK962/5,Fuel Filter,3,DAF,0234000,40,TIER_C
EF59702,WK9702,Fuel Filter,0,,,0,TIER_E
EL51021,WP11102/1,Oil Filter,0,,,0,TIER_E
EL50212,WP11102/1/2,Oil Filter,0,,,0,TIER_E
EL51022,WP11102/2,Oil Filter,0,,,0,TIER_E
EL51152,WP1152,Oil Filter,0,,,0,TIER_E
EL51168,WP1168,Oil Filter,0,,,0,TIER_E
EL53001,WP12300/1,Oil Filter,0,,,0,TIER_E
EL52309,WP12309,Oil Filter,0,,,0,TIER_E
EL53001,WP13001,Oil Filter,0,,,0,TIER_E
EL50727,WP727,Oil Filter,0,,,0,TIER_E
EL50811,WP811,Oil Filter,0,,,0,TIER_E
EL58133,WP813/3,Oil Filter,0,,,0,TIER_E
EL50823,WP823,Oil Filter,0,,,0,TIER_E
EL59131,WP913/1,Oil Filter,0,,,0,TIER_E
EL59161,WP916/1,Oil Filter,0,,,0,TIER_E
EL50919,WP919,Oil Filter,0,,,0,TIER_E
EL59203,WP920/3,Oil Filter,0,,,0,TIER_E
EL59211,WP921/1,Oil Filter,0,,,0,TIER_E
EL59361,WP936/1,Oil Filter,0,,,0,TIER_E
EL59362,WP936/2,Oil Filter,0,,,0,TIER_E
EL50940,WP940,Oil Filter,0,,,0,TIER_E
EL50958,WP958,Oil Filter,0,,,0,TIER_E
EL50962,WP962,Oil Filter,0,,,0,TIER_E
EL59623,WP962/3,Oil Filter,0,,,0,TIER_E
EL59625,WP962/5,Oil Filter,3,VOLVO (TRUCKS/VCE/VME/PENTA),22030852,40,TIER_C
EL59625,WP962/5,Oil Filter,3,VOLVO (TRUCKS/VCE/VME/PENTA),21632901,40,TIER_C
EL59625,WP962/5,Oil Filter,3,VOLVO (TRUCKS/VCE/VME/PENTA),3582733,40,TIER_C
EL59633,WP963/3,Oil Filter,0,,,0,TIER_E
EL59506,WS950/6,Oil Filter,0,,,0,TIER_E
EL57131,WU713/1,Oil Filter,0,,,0,TIER_E
EL57132,WU713/2,Oil Filter,0,,,0,TIER_E
EL57133,WU713/3,Oil Filter,0,,,0,TIER_E
EL57134,WU713/4,Oil Filter,0,,,0,TIER_E
EL57135,WU713/5,Oil Filter,0,,,0,TIER_E
EL57136,WU713/6,Oil Filter,0,,,0,TIER_E
EL57181,WU718/1,Oil Filter,0,,,0,TIER_E
EL57182,WU718/2,Oil Filter,0,,,0,TIER_E
EL59321,WU932/1,Oil Filter,0,,,0,TIER_E
EL51102,WV11102,Oil Filter,0,,,0,TIER_E
EL57193,WV719/3,Oil Filter,0,,,0,TIER_E
EL57194,WV719/4,Oil Filter,0,,,0,TIER_E
EL50930,WV930,Oil Filter,0,,,0,TIER_E
EL50940,WV940,Oil Filter,0,,,0,TIER_E
EL50962,WV962,Oil Filter,0,,,0,TIER_E
