"elimfilters_sku","source_sku","segment","spec_key","spec_value","source_url"
"EA51151","C1151","Air Filter","Height","239 mm","https://www.airfilter-crossreference.com/convert/MANN/C1151"
"EA51151","C1151","Air Filter","Outer diameter","114 mm","https://www.airfilter-crossreference.com/convert/MANN/C1151"
"EA51151","C1151","Air Filter","Inner diameter","76 mm","https://www.airfilter-crossreference.com/convert/MANN/C1151"
"EA51151","C1151","Air Filter","Inner diameter 1","76 mm","https://www.airfilter-crossreference.com/convert/MANN/C1151"
"EA51357","C1357","Air Filter","Height","174 mm","https://www.airfilter-crossreference.com/convert/MANN/C1357"
"EA51357","C1357","Air Filter","Outer diameter","129 mm","https://www.airfilter-crossreference.com/convert/MANN/C1357"
"EA51357","C1357","Air Filter","Inner diameter","82 mm","https://www.airfilter-crossreference.com/convert/MANN/C1357"
"EA51357","C1357","Air Filter","Inner diameter 1","82 mm","https://www.airfilter-crossreference.com/convert/MANN/C1357"
"EA51376","C1376","Air Filter","Height","232 mm","https://www.airfilter-crossreference.com/convert/MANN/C1376"
"EA51376","C1376","Air Filter","Outer diameter","127 mm","https://www.airfilter-crossreference.com/convert/MANN/C1376"
"EA51376","C1376","Air Filter","Inner diameter","85 mm","https://www.airfilter-crossreference.com/convert/MANN/C1376"
"EA51376","C1376","Air Filter","Inner diameter 1","85 mm","https://www.airfilter-crossreference.com/convert/MANN/C1376"
"EA54117","C14117","Air Filter","Height","171 mm","https://www.airfilter-crossreference.com/convert/MANN/C14117"
"EA54117","C14117","Air Filter","Outer diameter","132 mm","https://www.airfilter-crossreference.com/convert/MANN/C14117"
"EA54117","C14117","Air Filter","Inner diameter","65 mm","https://www.airfilter-crossreference.com/convert/MANN/C14117"
"EA54117","C14117","Air Filter","Inner diameter 1","12 mm","https://www.airfilter-crossreference.com/convert/MANN/C14117"
"EA51415","C1415","Air Filter","Height","50 mm","https://www.airfilter-crossreference.com/convert/MANN/C1415"
"EA51415","C1415","Air Filter","Outer diameter","131 mm","https://www.airfilter-crossreference.com/convert/MANN/C1415"
"EA51415","C1415","Air Filter","Inner diameter","85 mm","https://www.airfilter-crossreference.com/convert/MANN/C1415"
"EA51415","C1415","Air Filter","Inner diameter 1","85 mm","https://www.airfilter-crossreference.com/convert/MANN/C1415"
"EA51465","C1465","Air Filter","Height","155 mm","https://www.airfilter-crossreference.com/convert/MANN/C1465"
"EA51465","C1465","Air Filter","Outer diameter","135 mm","https://www.airfilter-crossreference.com/convert/MANN/C1465"
"EA51465","C1465","Air Filter","Inner diameter","85 mm","https://www.airfilter-crossreference.com/convert/MANN/C1465"
"EA51465","C1465","Air Filter","Inner diameter 1","85 mm","https://www.airfilter-crossreference.com/convert/MANN/C1465"
"EA50149","C149","Air Filter","Height","36 mm","https://www.airfilter-crossreference.com/convert/MANN/C149"
"EA50149","C149","Air Filter","Outer diameter","131 mm","https://www.airfilter-crossreference.com/convert/MANN/C149"
"EA50149","C149","Air Filter","Inner diameter","85 mm","https://www.airfilter-crossreference.com/convert/MANN/C149"
"EA50149","C149","Air Filter","Inner diameter 1","85 mm","https://www.airfilter-crossreference.com/convert/MANN/C149"
"EA55105","C15105","Air Filter","Height","377 mm","https://www.airfilter-crossreference.com/convert/MANN/C15105"
"EA55105","C15105","Air Filter","Inner diameter","109 mm","https://www.airfilter-crossreference.com/convert/MANN/C15105"
"EA55124","C15124","Air Filter","Height","218 mm","https://www.airfilter-crossreference.com/convert/MANN/C15124"
"EA55124","C15124","Air Filter","Outer diameter","157 mm","https://www.airfilter-crossreference.com/convert/MANN/C15124"
"EA55124","C15124","Air Filter","Inner diameter","115 mm","https://www.airfilter-crossreference.com/convert/MANN/C15124"
"EA55124","C15124","Air Filter","Inner diameter 1","115 mm","https://www.airfilter-crossreference.com/convert/MANN/C15124"
"EA55143","C15143","Air Filter","Height","498 mm","https://www.airfilter-crossreference.com/convert/MANN/C15143"
"EA55143","C15143","Air Filter","Inner diameter","109 mm","https://www.airfilter-crossreference.com/convert/MANN/C15143"
"EA55163","C15163","Air Filter","Height","281 mm","https://www.airfilter-crossreference.com/convert/MANN/C15163"
"EA55163","C15163","Air Filter","Outer diameter","146 mm","https://www.airfilter-crossreference.com/convert/MANN/C15163"
"EA55163","C15163","Air Filter","Inner diameter","86 mm","https://www.airfilter-crossreference.com/convert/MANN/C15163"
"EA55163","C15163","Air Filter","Inner diameter 1","31 mm","https://www.airfilter-crossreference.com/convert/MANN/C15163"
"EA55403","C15403","Air Filter","Height","85 mm","https://www.airfilter-crossreference.com/convert/MANN/C15403"
"EA55403","C15403","Air Filter","Outer diameter","141 mm","https://www.airfilter-crossreference.com/convert/MANN/C15403"
"EA55403","C15403","Air Filter","Inner diameter","78 mm","https://www.airfilter-crossreference.com/convert/MANN/C15403"
"EA55403","C15403","Air Filter","Inner diameter 1","78 mm","https://www.airfilter-crossreference.com/convert/MANN/C15403"
"EA56122","C16122","Air Filter","Height","169 mm","https://www.airfilter-crossreference.com/convert/MANN/C16122"
"EA56122","C16122","Air Filter","Outer diameter","155 mm","https://www.airfilter-crossreference.com/convert/MANN/C16122"
"EA56122","C16122","Air Filter","Inner diameter","11 mm","https://www.airfilter-crossreference.com/convert/MANN/C16122"
"EA56122","C16122","Air Filter","Inner diameter 1","8 mm","https://www.airfilter-crossreference.com/convert/MANN/C16122"
"EA56142","C16142","Air Filter","Height","207 mm","https://www.airfilter-crossreference.com/convert/MANN/C16142"
"EA56142","C16142","Air Filter","Outer diameter","157 mm","https://www.airfilter-crossreference.com/convert/MANN/C16142"
"EA56142","C16142","Air Filter","Inner diameter","76 mm","https://www.airfilter-crossreference.com/convert/MANN/C16142"
"EA56214","C16214","Air Filter","Height","246 mm","https://www.airfilter-crossreference.com/convert/MANN/C16214"
"EA56214","C16214","Air Filter","Outer diameter","154 mm","https://www.airfilter-crossreference.com/convert/MANN/C16214"
"EA56214","C16214","Air Filter","Outer diameter 1","213 mm","https://www.airfilter-crossreference.com/convert/MANN/C16214"
"EA56214","C16214","Air Filter","Inner diameter","89 mm","https://www.airfilter-crossreference.com/convert/MANN/C16214"
"EA56214","C16214","Air Filter","Inner diameter 1","17 mm","https://www.airfilter-crossreference.com/convert/MANN/C16214"
"EA51632","C1632","Air Filter","Height","72 mm","https://www.airfilter-crossreference.com/convert/MANN/C1632"
"EA51632","C1632","Air Filter","Outer diameter","152 mm","https://www.airfilter-crossreference.com/convert/MANN/C1632"
"EA51632","C1632","Air Filter","Inner diameter","88 mm","https://www.airfilter-crossreference.com/convert/MANN/C1632"
"EA51632","C1632","Air Filter","Inner diameter 1","88 mm","https://www.airfilter-crossreference.com/convert/MANN/C1632"
"EA51672","C1672","Air Filter","Height","111 mm","https://www.airfilter-crossreference.com/convert/MANN/C1672"
"EA51672","C1672","Air Filter","Outer diameter","158 mm","https://www.airfilter-crossreference.com/convert/MANN/C1672"
"EA51672","C1672","Air Filter","Outer diameter 1","226 mm","https://www.airfilter-crossreference.com/convert/MANN/C1672"
"EA51672","C1672","Air Filter","Inner diameter","86 mm","https://www.airfilter-crossreference.com/convert/MANN/C1672"
"EA57125","C17125","Air Filter","Height","200 mm","https://www.airfilter-crossreference.com/convert/MANN/C17125"
"EA57125","C17125","Air Filter","Outer diameter","171 mm","https://www.airfilter-crossreference.com/convert/MANN/C17125"
"EA57125","C17125","Air Filter","Inner diameter","107 mm","https://www.airfilter-crossreference.com/convert/MANN/C17125"
"EA57125","C17125","Air Filter","Inner diameter 1","107 mm","https://www.airfilter-crossreference.com/convert/MANN/C17125"
"EA57161","C17161","Air Filter","Height","262 mm","https://www.airfilter-crossreference.com/convert/MANN/C17161"
"EA57161","C17161","Air Filter","Outer diameter","166 mm","https://www.airfilter-crossreference.com/convert/MANN/C17161"
"EA57161","C17161","Air Filter","Inner diameter","86 mm","https://www.airfilter-crossreference.com/convert/MANN/C17161"
"EA57161","C17161","Air Filter","Inner diameter 1","9 mm","https://www.airfilter-crossreference.com/convert/MANN/C17161"
"EA51725","C1725","Air Filter","Height","55 mm","https://www.airfilter-crossreference.com/convert/MANN/C1725"
"EA51725","C1725","Air Filter","Outer diameter","166 mm","https://www.airfilter-crossreference.com/convert/MANN/C1725"
"EA51725","C1725","Air Filter","Inner diameter","114 mm","https://www.airfilter-crossreference.com/convert/MANN/C1725"
"EA51725","C1725","Air Filter","Inner diameter 1","114 mm","https://www.airfilter-crossreference.com/convert/MANN/C1725"
"EA51815","C1815","Air Filter","Height","43 mm","https://www.airfilter-crossreference.com/convert/MANN/C1815"
"EA51815","C1815","Air Filter","Outer diameter","175 mm","https://www.airfilter-crossreference.com/convert/MANN/C1815"
"EA51815","C1815","Air Filter","Inner diameter","129 mm","https://www.airfilter-crossreference.com/convert/MANN/C1815"
"EA51815","C1815","Air Filter","Inner diameter 1","129 mm","https://www.airfilter-crossreference.com/convert/MANN/C1815"
"EA50005","C20005","Air Filter","Length","200 mm","https://www.airfilter-crossreference.com/convert/MANN/C20005"
"EA50005","C20005","Air Filter","Width","191 mm","https://www.airfilter-crossreference.com/convert/MANN/C20005"
"EA50005","C20005","Air Filter","Height","32 mm","https://www.airfilter-crossreference.com/convert/MANN/C20005"
"EA50161","C20161","Air Filter","Height","122 mm","https://www.airfilter-crossreference.com/convert/MANN/C20161"
"EA50161","C20161","Air Filter","Outer diameter","198 mm","https://www.airfilter-crossreference.com/convert/MANN/C20161"
"EA50161","C20161","Air Filter","Inner diameter","103 mm","https://www.airfilter-crossreference.com/convert/MANN/C20161"
"EA50280","C20280","Air Filter","Height","196 mm","https://www.airfilter-crossreference.com/convert/MANN/C20280"
"EA50280","C20280","Air Filter","Outer diameter","198 mm","https://www.airfilter-crossreference.com/convert/MANN/C20280"
"EA50280","C20280","Air Filter","Outer diameter 1","248 mm","https://www.airfilter-crossreference.com/convert/MANN/C20280"
"EA50280","C20280","Air Filter","Inner diameter","9 mm","https://www.airfilter-crossreference.com/convert/MANN/C20280"
"EA50280","C20280","Air Filter","Inner diameter 1","103 mm","https://www.airfilter-crossreference.com/convert/MANN/C20280"
"EA51104","C21104","Air Filter","Length","207 mm","https://www.airfilter-crossreference.com/convert/MANN/C21104"
"EA51104","C21104","Air Filter","Width","169 mm","https://www.airfilter-crossreference.com/convert/MANN/C21104"
"EA51104","C21104","Air Filter","Height","69 mm","https://www.airfilter-crossreference.com/convert/MANN/C21104"
"EA52120","C2120","Air Filter","Height","50 mm","https://www.airfilter-crossreference.com/convert/MANN/C2120"
"EA52120","C2120","Air Filter","Outer diameter","203 mm","https://www.airfilter-crossreference.com/convert/MANN/C2120"
"EA52120","C2120","Air Filter","Inner diameter","156 mm","https://www.airfilter-crossreference.com/convert/MANN/C2120"
"EA52120","C2120","Air Filter","Inner diameter 1","156 mm","https://www.airfilter-crossreference.com/convert/MANN/C2120"
"EA52019","C22019","Air Filter","Length","214 mm","https://www.airfilter-crossreference.com/convert/MANN/C22019"
"EA52019","C22019","Air Filter","Width","134 mm","https://www.airfilter-crossreference.com/convert/MANN/C22019"
"EA52019","C22019","Air Filter","Height","34 mm","https://www.airfilter-crossreference.com/convert/MANN/C22019"
"EA52580","C22580","Air Filter","Height","417 mm","https://www.airfilter-crossreference.com/convert/MANN/C22580"
"EA52580","C22580","Air Filter","Outer diameter","214 mm","https://www.airfilter-crossreference.com/convert/MANN/C22580"
"EA52580","C22580","Air Filter","Inner diameter","124 mm","https://www.airfilter-crossreference.com/convert/MANN/C22580"
"EA52323","C2323","Air Filter","Height","47 mm","https://www.airfilter-crossreference.com/convert/MANN/C2323"
"EA52323","C2323","Air Filter","Outer diameter","226 mm","https://www.airfilter-crossreference.com/convert/MANN/C2323"
"EA52323","C2323","Air Filter","Inner diameter","178 mm","https://www.airfilter-crossreference.com/convert/MANN/C2323"
"EA52323","C2323","Air Filter","Inner diameter 1","178 mm","https://www.airfilter-crossreference.com/convert/MANN/C2323"
"EA53259","C23259","Air Filter","Height","184 mm","https://www.airfilter-crossreference.com/convert/MANN/C23259"
"EA53259","C23259","Air Filter","Outer diameter","227 mm","https://www.airfilter-crossreference.com/convert/MANN/C23259"
"EA53259","C23259","Air Filter","Outer diameter 1","278 mm","https://www.airfilter-crossreference.com/convert/MANN/C23259"
"EA53259","C23259","Air Filter","Inner diameter","11 mm","https://www.airfilter-crossreference.com/convert/MANN/C23259"
"EA53259","C23259","Air Filter","Inner diameter 1","116 mm","https://www.airfilter-crossreference.com/convert/MANN/C23259"
"EA54123","C24123","Air Filter","Length","231 mm","https://www.airfilter-crossreference.com/convert/MANN/C24123"
"EA54123","C24123","Air Filter","Width","193 mm","https://www.airfilter-crossreference.com/convert/MANN/C24123"
"EA54123","C24123","Air Filter","Height","50 mm","https://www.airfilter-crossreference.com/convert/MANN/C24123"
"EA52436","C2436","Air Filter","Height","58 mm","https://www.airfilter-crossreference.com/convert/MANN/C2436"
"EA52436","C2436","Air Filter","Outer diameter","235 mm","https://www.airfilter-crossreference.com/convert/MANN/C2436"
"EA52436","C2436","Air Filter","Inner diameter","181 mm","https://www.airfilter-crossreference.com/convert/MANN/C2436"
"EA52436","C2436","Air Filter","Inner diameter 1","181 mm","https://www.airfilter-crossreference.com/convert/MANN/C2436"
"EA52485","C2485","Air Filter","Length","239 mm","https://www.airfilter-crossreference.com/convert/MANN/C2485"
"EA52485","C2485","Air Filter","Width","141 mm","https://www.airfilter-crossreference.com/convert/MANN/C2485"
"EA52485","C2485","Air Filter","Height","58 mm","https://www.airfilter-crossreference.com/convert/MANN/C2485"
"EA55117","C25117","Air Filter","Length","246 mm","https://www.airfilter-crossreference.com/convert/MANN/C25117"
"EA55117","C25117","Air Filter","Width","169 mm","https://www.airfilter-crossreference.com/convert/MANN/C25117"
"EA55117","C25117","Air Filter","Height","69 mm","https://www.airfilter-crossreference.com/convert/MANN/C25117"
"EA52517","C2517","Air Filter","Length","249 mm","https://www.airfilter-crossreference.com/convert/MANN/C2517"
"EA52517","C2517","Air Filter","Width","120 mm","https://www.airfilter-crossreference.com/convert/MANN/C2517"
"EA52517","C2517","Air Filter","Height","54 mm","https://www.airfilter-crossreference.com/convert/MANN/C2517"
"EA55660","C25660","Air Filter","Height","334 mm","https://www.airfilter-crossreference.com/convert/MANN/C25660"
"EA55660","C25660","Air Filter","Outer diameter","246 mm","https://www.airfilter-crossreference.com/convert/MANN/C25660"
"EA55660","C25660","Air Filter","Inner diameter","150 mm","https://www.airfilter-crossreference.com/convert/MANN/C25660"
"EA55754","C25754","Air Filter","Height","374 mm","https://www.airfilter-crossreference.com/convert/MANN/C25754"
"EA55754","C25754","Air Filter","Outer diameter","244 mm","https://www.airfilter-crossreference.com/convert/MANN/C25754"
"EA55754","C25754","Air Filter","Inner diameter","127 mm","https://www.airfilter-crossreference.com/convert/MANN/C25754"
"EA52612","C2612","Air Filter","Length","257 mm","https://www.airfilter-crossreference.com/convert/MANN/C2612"
"EA52612","C2612","Air Filter","Width","115 mm","https://www.airfilter-crossreference.com/convert/MANN/C2612"
"EA52612","C2612","Air Filter","Height","45 mm","https://www.airfilter-crossreference.com/convert/MANN/C2612"
"EA56144","C26144","Air Filter","Length","254 mm","https://www.airfilter-crossreference.com/convert/MANN/C26144"
"EA56144","C26144","Air Filter","Width","213 mm","https://www.airfilter-crossreference.com/convert/MANN/C26144"
"EA56144","C26144","Air Filter","Height","58 mm","https://www.airfilter-crossreference.com/convert/MANN/C26144"
"EA52659","C2659","Air Filter","Height","62 mm","https://www.airfilter-crossreference.com/convert/MANN/C2659"
"EA52659","C2659","Air Filter","Outer diameter","257 mm","https://www.airfilter-crossreference.com/convert/MANN/C2659"
"EA52659","C2659","Air Filter","Inner diameter","193 mm","https://www.airfilter-crossreference.com/convert/MANN/C2659"
"EA52659","C2659","Air Filter","Inner diameter 1","193 mm","https://www.airfilter-crossreference.com/convert/MANN/C2659"
"EA52675","C2675","Air Filter","Height","71 mm","https://www.airfilter-crossreference.com/convert/MANN/C2675"
"EA52675","C2675","Air Filter","Outer diameter","256 mm","https://www.airfilter-crossreference.com/convert/MANN/C2675"
"EA52675","C2675","Air Filter","Inner diameter","186 mm","https://www.airfilter-crossreference.com/convert/MANN/C2675"
"EA52675","C2675","Air Filter","Inner diameter 1","186 mm","https://www.airfilter-crossreference.com/convert/MANN/C2675"
"EA56848","C26848","Air Filter","Height","427 mm","https://www.airfilter-crossreference.com/convert/MANN/C26848"
"EA56848","C26848","Air Filter","Outer diameter","251 mm","https://www.airfilter-crossreference.com/convert/MANN/C26848"
"EA56848","C26848","Air Filter","Inner diameter","170 mm","https://www.airfilter-crossreference.com/convert/MANN/C26848"
"EA52685","C2685","Air Filter","Height","83 mm","https://www.airfilter-crossreference.com/convert/MANN/C2685"
"EA52685","C2685","Air Filter","Outer diameter","256 mm","https://www.airfilter-crossreference.com/convert/MANN/C2685"
"EA52685","C2685","Air Filter","Inner diameter","186 mm","https://www.airfilter-crossreference.com/convert/MANN/C2685"
"EA52685","C2685","Air Filter","Inner diameter 1","186 mm","https://www.airfilter-crossreference.com/convert/MANN/C2685"
"EA51320","C271320","Air Filter","Height","533 mm","https://www.airfilter-crossreference.com/convert/MANN/C271320"
"EA51320","C271320","Air Filter","Outer diameter","267 mm","https://www.airfilter-crossreference.com/convert/MANN/C271320"
"EA51320","C271320","Air Filter","Inner diameter","170 mm","https://www.airfilter-crossreference.com/convert/MANN/C271320"
"EA52758","C2758","Air Filter","Height","66 mm","https://www.airfilter-crossreference.com/convert/MANN/C2758"
"EA52758","C2758","Air Filter","Outer diameter","270 mm","https://www.airfilter-crossreference.com/convert/MANN/C2758"
"EA52758","C2758","Air Filter","Inner diameter","202 mm","https://www.airfilter-crossreference.com/convert/MANN/C2758"
"EA52758","C2758","Air Filter","Inner diameter 1","202 mm","https://www.airfilter-crossreference.com/convert/MANN/C2758"
"EA58003","C28003","Air Filter","Height","507 mm","https://www.airfilter-crossreference.com/convert/MANN/C28003"
"EA58003","C28003","Air Filter","Outer diameter","261 mm","https://www.airfilter-crossreference.com/convert/MANN/C28003"
"EA58003","C28003","Air Filter","Outer diameter 1","280 mm","https://www.airfilter-crossreference.com/convert/MANN/C28003"
"EA58003","C28003","Air Filter","Inner diameter","149 mm","https://www.airfilter-crossreference.com/convert/MANN/C28003"
"EA58160","C28160","Air Filter","Length","279 mm","https://www.airfilter-crossreference.com/convert/MANN/C28160"
"EA58160","C28160","Air Filter","Width","167 mm","https://www.airfilter-crossreference.com/convert/MANN/C28160"
"EA58160","C28160","Air Filter","Height","78 mm","https://www.airfilter-crossreference.com/convert/MANN/C28160"
"EA52982","C2982","Air Filter","Length","287 mm","https://www.airfilter-crossreference.com/convert/MANN/C2982"
"EA52982","C2982","Air Filter","Width","156 mm","https://www.airfilter-crossreference.com/convert/MANN/C2982"
"EA52982","C2982","Air Filter","Height","45 mm","https://www.airfilter-crossreference.com/convert/MANN/C2982"
"EA52987","C2987","Air Filter","Length","278 mm","https://www.airfilter-crossreference.com/convert/MANN/C2987"
"EA52987","C2987","Air Filter","Width","150 mm","https://www.airfilter-crossreference.com/convert/MANN/C2987"
"EA52987","C2987","Air Filter","Height","50 mm","https://www.airfilter-crossreference.com/convert/MANN/C2987"
"EA53012","C3012","Air Filter","Length","302 mm","https://www.airfilter-crossreference.com/convert/MANN/C3012"
"EA53012","C3012","Air Filter","Width","161 mm","https://www.airfilter-crossreference.com/convert/MANN/C3012"
"EA53012","C3012","Air Filter","Height","43 mm","https://www.airfilter-crossreference.com/convert/MANN/C3012"
"EA50400","C30400","Air Filter","Length","207 mm","https://www.airfilter-crossreference.com/convert/MANN/C30400"
"EA50400","C30400","Air Filter","Width","302 mm","https://www.airfilter-crossreference.com/convert/MANN/C30400"
"EA50400","C30400","Air Filter","Height","173 mm","https://www.airfilter-crossreference.com/convert/MANN/C30400"
"EA53051","C3051","Air Filter","Height","53 mm","https://www.airfilter-crossreference.com/convert/MANN/C3051"
"EA53051","C3051","Air Filter","Outer diameter","298 mm","https://www.airfilter-crossreference.com/convert/MANN/C3051"
"EA53051","C3051","Air Filter","Inner diameter","238 mm","https://www.airfilter-crossreference.com/convert/MANN/C3051"
"EA53051","C3051","Air Filter","Inner diameter 1","238 mm","https://www.airfilter-crossreference.com/convert/MANN/C3051"
"EA53087","C3087","Air Filter","Length","382 mm","https://www.airfilter-crossreference.com/convert/MANN/C3087"
"EA53087","C3087","Air Filter","Width","140 mm","https://www.airfilter-crossreference.com/convert/MANN/C3087"
"EA53087","C3087","Air Filter","Height","49 mm","https://www.airfilter-crossreference.com/convert/MANN/C3087"
"EA50873","C30873","Air Filter","Height","341 mm","https://www.airfilter-crossreference.com/convert/MANN/C30873"
"EA50873","C30873","Air Filter","Outer diameter","303 mm","https://www.airfilter-crossreference.com/convert/MANN/C30873"
"EA50873","C30873","Air Filter","Inner diameter","191 mm","https://www.airfilter-crossreference.com/convert/MANN/C30873"
"EA50873","C30873","Air Filter","Inner diameter 1","11 mm","https://www.airfilter-crossreference.com/convert/MANN/C30873"
"EA53088","C3088","Air Filter","Length","307 mm","https://www.airfilter-crossreference.com/convert/MANN/C3088"
"EA53088","C3088","Air Filter","Width","141 mm","https://www.airfilter-crossreference.com/convert/MANN/C3088"
"EA53088","C3088","Air Filter","Height","62 mm","https://www.airfilter-crossreference.com/convert/MANN/C3088"
"EA51109","C31109","Air Filter","Length","308 mm","https://www.airfilter-crossreference.com/convert/MANN/C31109"
"EA51109","C31109","Air Filter","Width","184 mm","https://www.airfilter-crossreference.com/convert/MANN/C31109"
"EA51109","C31109","Air Filter","Height","49 mm","https://www.airfilter-crossreference.com/convert/MANN/C31109"
"EA51752","C321752","Air Filter","Height","557 mm","https://www.airfilter-crossreference.com/convert/MANN/C321752"
"EA51752","C321752","Air Filter","Outer diameter","313 mm","https://www.airfilter-crossreference.com/convert/MANN/C321752"
"EA51752","C321752","Air Filter","Inner diameter","178 mm","https://www.airfilter-crossreference.com/convert/MANN/C321752"
"EA51465","C331465","Air Filter","Height","483 mm","https://www.airfilter-crossreference.com/convert/MANN/C331465"
"EA51465","C331465","Air Filter","Outer diameter","327 mm","https://www.airfilter-crossreference.com/convert/MANN/C331465"
"EA51465","C331465","Air Filter","Inner diameter","216 mm","https://www.airfilter-crossreference.com/convert/MANN/C331465"
"EA51465","C331465","Air Filter","Inner diameter 1","11 mm","https://www.airfilter-crossreference.com/convert/MANN/C331465"
"EA53280","C33280","Air Filter","Length","185 mm","https://www.airfilter-crossreference.com/convert/MANN/C33280"
"EA53280","C33280","Air Filter","Width","325 mm","https://www.airfilter-crossreference.com/convert/MANN/C33280"
"EA53280","C33280","Air Filter","Height","131 mm","https://www.airfilter-crossreference.com/convert/MANN/C33280"
"EA53540","C33540","Air Filter","Length","285 mm","https://www.airfilter-crossreference.com/convert/MANN/C33540"
"EA53540","C33540","Air Filter","Width","331 mm","https://www.airfilter-crossreference.com/convert/MANN/C33540"
"EA53540","C33540","Air Filter","Height","204 mm","https://www.airfilter-crossreference.com/convert/MANN/C33540"
"EA53921","C33921","Air Filter","Height","621 mm","https://www.airfilter-crossreference.com/convert/MANN/C33921"
"EA53921","C33921","Air Filter","Outer diameter","327 mm","https://www.airfilter-crossreference.com/convert/MANN/C33921"
"EA53921","C33921","Air Filter","Inner diameter","216 mm","https://www.airfilter-crossreference.com/convert/MANN/C33921"
"EA53921","C33921","Air Filter","Inner diameter 1","11 mm","https://www.airfilter-crossreference.com/convert/MANN/C33921"
"EA53962","C33962","Air Filter","Height","600 mm","https://www.airfilter-crossreference.com/convert/MANN/C33962"
"EA53962","C33962","Air Filter","Outer diameter","327 mm","https://www.airfilter-crossreference.com/convert/MANN/C33962"
"EA53962","C33962","Air Filter","Inner diameter","216 mm","https://www.airfilter-crossreference.com/convert/MANN/C33962"
"EA53962","C33962","Air Filter","Inner diameter 1","216 mm","https://www.airfilter-crossreference.com/convert/MANN/C33962"
"EA54360","C34360","Air Filter","Length","187 mm","https://www.airfilter-crossreference.com/convert/MANN/C34360"
"EA54360","C34360","Air Filter","Width","340 mm","https://www.airfilter-crossreference.com/convert/MANN/C34360"
"EA54360","C34360","Air Filter","Height","211 mm","https://www.airfilter-crossreference.com/convert/MANN/C34360"
"EA53468","C3468","Air Filter","Length","333 mm","https://www.airfilter-crossreference.com/convert/MANN/C3468"
"EA53468","C3468","Air Filter","Width","110 mm","https://www.airfilter-crossreference.com/convert/MANN/C3468"
"EA53468","C3468","Air Filter","Height","45 mm","https://www.airfilter-crossreference.com/convert/MANN/C3468"
"EA53485","C3485","Air Filter","Length","335 mm","https://www.airfilter-crossreference.com/convert/MANN/C3485"
"EA53485","C3485","Air Filter","Width","102 mm","https://www.airfilter-crossreference.com/convert/MANN/C3485"
"EA53485","C3485","Air Filter","Height","57 mm","https://www.airfilter-crossreference.com/convert/MANN/C3485"
"EA55006","C35006","Air Filter","Length","355 mm","https://www.airfilter-crossreference.com/convert/MANN/C35006"
"EA55006","C35006","Air Filter","Width","131 mm","https://www.airfilter-crossreference.com/convert/MANN/C35006"
"EA55006","C35006","Air Filter","Height","37 mm","https://www.airfilter-crossreference.com/convert/MANN/C35006"
"EA53671","C3671","Air Filter","Length","354 mm","https://www.airfilter-crossreference.com/convert/MANN/C3671"
"EA53671","C3671","Air Filter","Width","103 mm","https://www.airfilter-crossreference.com/convert/MANN/C3671"
"EA53671","C3671","Air Filter","Height","50 mm","https://www.airfilter-crossreference.com/convert/MANN/C3671"
"EA53877","C3877","Air Filter","Height","48 mm","https://www.airfilter-crossreference.com/convert/MANN/C3877"
"EA53877","C3877","Air Filter","Outer diameter","377 mm","https://www.airfilter-crossreference.com/convert/MANN/C3877"
"EA53877","C3877","Air Filter","Inner diameter","148 mm","https://www.airfilter-crossreference.com/convert/MANN/C3877"
"EA53975","C3975","Air Filter","Height","62 mm","https://www.airfilter-crossreference.com/convert/MANN/C3975"
"EA53975","C3975","Air Filter","Outer diameter","379 mm","https://www.airfilter-crossreference.com/convert/MANN/C3975"
"EA53975","C3975","Air Filter","Outer diameter 1","277 mm","https://www.airfilter-crossreference.com/convert/MANN/C3975"
"EA53975","C3975","Air Filter","Inner diameter","319 mm","https://www.airfilter-crossreference.com/convert/MANN/C3975"
"EA53975","C3975","Air Filter","Inner diameter 1","319 mm","https://www.airfilter-crossreference.com/convert/MANN/C3975"
"EA53975","C3975","Air Filter","Inner diameter 2","217 mm","https://www.airfilter-crossreference.com/convert/MANN/C3975"
"EA50410","C410","Air Filter","Height","30 mm","https://www.airfilter-crossreference.com/convert/MANN/C410"
"EA50410","C410","Air Filter","Outer diameter","32 mm","https://www.airfilter-crossreference.com/convert/MANN/C410"
"EA50410","C410","Air Filter","Inner diameter","16 mm","https://www.airfilter-crossreference.com/convert/MANN/C410"
"EA50410","C410","Air Filter","Inner diameter 1","16 mm","https://www.airfilter-crossreference.com/convert/MANN/C410"
"EA50411","C411","Air Filter","Height","130 mm","https://www.airfilter-crossreference.com/convert/MANN/C411"
"EA50411","C411","Air Filter","Outer diameter","39 mm","https://www.airfilter-crossreference.com/convert/MANN/C411"
"EA50411","C411","Air Filter","Inner diameter","13 mm","https://www.airfilter-crossreference.com/convert/MANN/C411"
"EA50411","C411","Air Filter","Inner diameter 1","5 mm","https://www.airfilter-crossreference.com/convert/MANN/C411"
"EA52192","C42192","Air Filter","Length","419 mm","https://www.airfilter-crossreference.com/convert/MANN/C42192"
"EA52192","C42192","Air Filter","Width","227 mm","https://www.airfilter-crossreference.com/convert/MANN/C42192"
"EA52192","C42192","Air Filter","Height","42 mm","https://www.airfilter-crossreference.com/convert/MANN/C42192"
"EA54369","C4369","Air Filter","Length","425 mm","https://www.airfilter-crossreference.com/convert/MANN/C4369"
"EA54369","C4369","Air Filter","Width","95 mm","https://www.airfilter-crossreference.com/convert/MANN/C4369"
"EA54369","C4369","Air Filter","Height","46 mm","https://www.airfilter-crossreference.com/convert/MANN/C4369"
"EA51895","C571895","Air Filter","Height","316 mm","https://www.airfilter-crossreference.com/convert/MANN/C571895"
"EA51895","C571895","Air Filter","Outer diameter","529 mm","https://www.airfilter-crossreference.com/convert/MANN/C571895"
"EA51895","C571895","Air Filter","Outer diameter 1","569 mm","https://www.airfilter-crossreference.com/convert/MANN/C571895"
"EA51895","C571895","Air Filter","Inner diameter","392 mm","https://www.airfilter-crossreference.com/convert/MANN/C571895"
"EA51500","C641500","Air Filter","Length","626 mm","https://www.airfilter-crossreference.com/convert/MANN/C641500"
"EA51500","C641500","Air Filter","Width","564 mm","https://www.airfilter-crossreference.com/convert/MANN/C641500"
"EA51500","C641500","Air Filter","Height","78 mm","https://www.airfilter-crossreference.com/convert/MANN/C641500"
"EA50067","C67","Air Filter","Height","92 mm","https://www.airfilter-crossreference.com/convert/MANN/C67"
"EA50067","C67","Air Filter","Outer diameter","51 mm","https://www.airfilter-crossreference.com/convert/MANN/C67"
"EA50067","C67","Air Filter","Inner diameter","31 mm","https://www.airfilter-crossreference.com/convert/MANN/C67"
"EA50067","C67","Air Filter","Inner diameter 1","5 mm","https://www.airfilter-crossreference.com/convert/MANN/C67"
"EA50946","C946","Air Filter","Height","186 mm","https://www.airfilter-crossreference.com/convert/MANN/C946"
"EA50946","C946","Air Filter","Outer diameter","90 mm","https://www.airfilter-crossreference.com/convert/MANN/C946"
"EA50946","C946","Air Filter","Inner diameter","45 mm","https://www.airfilter-crossreference.com/convert/MANN/C946"
"EA51248","CS1248","Air Filter","Height","173 mm","https://www.airfilter-crossreference.com/convert/MANN/CS1248"
"EA51248","CS1248","Air Filter","Outer diameter","119 mm","https://www.airfilter-crossreference.com/convert/MANN/CS1248"
"EA51248","CS1248","Air Filter","Inner diameter","95 mm","https://www.airfilter-crossreference.com/convert/MANN/CS1248"
"EA51248","CS1248","Air Filter","Inner diameter 1","95 mm","https://www.airfilter-crossreference.com/convert/MANN/CS1248"
"EA52313","CS2313","Air Filter","Length","230 mm","https://www.airfilter-crossreference.com/convert/MANN/CS2313"
"EA52313","CS2313","Air Filter","Width","125 mm","https://www.airfilter-crossreference.com/convert/MANN/CS2313"
"EA52313","CS2313","Air Filter","Height","30 mm","https://www.airfilter-crossreference.com/convert/MANN/CS2313"
"EC51916","CU1916","Cabin Filter","Length","185 mm","https://www.airfilter-crossreference.com/convert/MANN/CU1916"
"EC51916","CU1916","Cabin Filter","Width","92 mm","https://www.airfilter-crossreference.com/convert/MANN/CU1916"
"EC51916","CU1916","Cabin Filter","Height","34 mm","https://www.airfilter-crossreference.com/convert/MANN/CU1916"
"EC52327","CU2327","Cabin Filter","Length","225 mm","https://www.airfilter-crossreference.com/convert/MANN/CU2327"
"EC52327","CU2327","Cabin Filter","Width","111 mm","https://www.airfilter-crossreference.com/convert/MANN/CU2327"
"EC52327","CU2327","Cabin Filter","Height","30 mm","https://www.airfilter-crossreference.com/convert/MANN/CU2327"
"EC52531","CU2531","Cabin Filter","Length","241 mm","https://www.airfilter-crossreference.com/convert/MANN/CU2531"
"EC52531","CU2531","Cabin Filter","Width","201 mm","https://www.airfilter-crossreference.com/convert/MANN/CU2531"
"EC52531","CU2531","Cabin Filter","Height","24 mm","https://www.airfilter-crossreference.com/convert/MANN/CU2531"
"EC52745","CU2745","Cabin Filter","Length","265 mm","https://www.airfilter-crossreference.com/convert/MANN/CU2745"
"EC52745","CU2745","Cabin Filter","Width","127 mm","https://www.airfilter-crossreference.com/convert/MANN/CU2745"
"EC52745","CU2745","Cabin Filter","Height","40 mm","https://www.airfilter-crossreference.com/convert/MANN/CU2745"
"EC52949","CU2949","Cabin Filter","Length","283 mm","https://www.airfilter-crossreference.com/convert/MANN/CU2949"
"EC52949","CU2949","Cabin Filter","Width","203 mm","https://www.airfilter-crossreference.com/convert/MANN/CU2949"
"EC52949","CU2949","Cabin Filter","Height","28 mm","https://www.airfilter-crossreference.com/convert/MANN/CU2949"
"EC53553","CU3553","Cabin Filter","Length","349 mm","https://www.airfilter-crossreference.com/convert/MANN/CU3553"
"EC53553","CU3553","Cabin Filter","Width","159 mm","https://www.airfilter-crossreference.com/convert/MANN/CU3553"
"EC53553","CU3553","Cabin Filter","Height","27 mm","https://www.airfilter-crossreference.com/convert/MANN/CU3553"
"EC54260","CU4260","Cabin Filter","Length","411 mm","https://www.airfilter-crossreference.com/convert/MANN/CU4260"
"EC54260","CU4260","Cabin Filter","Width","167 mm","https://www.airfilter-crossreference.com/convert/MANN/CU4260"
"EC54260","CU4260","Cabin Filter","Height","30 mm","https://www.airfilter-crossreference.com/convert/MANN/CU4260"
"EC54192","CU54192","Cabin Filter","Length","540 mm","https://www.airfilter-crossreference.com/convert/MANN/CU54192"
"EC54192","CU54192","Cabin Filter","Width","150 mm","https://www.airfilter-crossreference.com/convert/MANN/CU54192"
"EC54192","CU54192","Cabin Filter","Height","72 mm","https://www.airfilter-crossreference.com/convert/MANN/CU54192"
"EC52000","CUK22000","Cabin Filter","Length","229 mm","https://www.airfilter-crossreference.com/convert/MANN/CUK22000"
"EC52000","CUK22000","Cabin Filter","Width","213 mm","https://www.airfilter-crossreference.com/convert/MANN/CUK22000"
"EC52000","CUK22000","Cabin Filter","Height","46 mm","https://www.airfilter-crossreference.com/convert/MANN/CUK22000"
"EC52639","CUK2639","Cabin Filter","Length","257 mm","https://www.airfilter-crossreference.com/convert/MANN/CUK2639"
"EC52639","CUK2639","Cabin Filter","Width","157 mm","https://www.airfilter-crossreference.com/convert/MANN/CUK2639"
"EC52639","CUK2639","Cabin Filter","Height","35 mm","https://www.airfilter-crossreference.com/convert/MANN/CUK2639"
"EC59154","CUK29154","Cabin Filter","Height","107 mm","https://www.airfilter-crossreference.com/convert/MANN/CUK29154"
"EC59154","CUK29154","Cabin Filter","Outer diameter","283 mm","https://www.airfilter-crossreference.com/convert/MANN/CUK29154"
"EC59154","CUK29154","Cabin Filter","Inner diameter","292 mm","https://www.airfilter-crossreference.com/convert/MANN/CUK29154"
"EC52949","CUK2949","Cabin Filter","Length","280 mm","https://www.airfilter-crossreference.com/convert/MANN/CUK2949"
"EC52949","CUK2949","Cabin Filter","Width","203 mm","https://www.airfilter-crossreference.com/convert/MANN/CUK2949"
"EC52949","CUK2949","Cabin Filter","Height","28 mm","https://www.airfilter-crossreference.com/convert/MANN/CUK2949"
"EC53023","CUK3023","Cabin Filter","Length","309 mm","https://www.airfilter-crossreference.com/convert/MANN/CUK3023"
"EC53023","CUK3023","Cabin Filter","Width","99 mm","https://www.airfilter-crossreference.com/convert/MANN/CUK3023"
"EC53023","CUK3023","Cabin Filter","Height","30 mm","https://www.airfilter-crossreference.com/convert/MANN/CUK3023"
"EL51077","HU1077X","Oil Filter","Product type","Oil Filter","https://www.oilfilter-crossreference.com/convert/MANN-FILTER/HU1077X"
"EL51077","HU1077X","Oil Filter","Outer diameter","9 mm (Approx. 3.54"")","https://www.oilfilter-crossreference.com/convert/MANN-FILTER/HU1077X"
"EL51077","HU1077X","Oil Filter","Inner diameter 1","45 mm (Approx. 1.77"")","https://www.oilfilter-crossreference.com/convert/MANN-FILTER/HU1077X"
"EL51077","HU1077X","Oil Filter","Height","281 mm (Approx. 11.06"")","https://www.oilfilter-crossreference.com/convert/MANN-FILTER/HU1077X"
"EL52105","HU12105","Oil Filter","Product type","Oil Filter","https://www.oilfilter-crossreference.com/convert/MANN-FILTER/HU12105"
"EL51291","HU1291Z","Oil Filter","Product type","Oil Filter","https://www.oilfilter-crossreference.com/convert/MANN-FILTER/HU1291Z"
"EL51291","HU1291Z","Oil Filter","Outer diameter","12 mm (Approx. 4.72"")","https://www.oilfilter-crossreference.com/convert/MANN-FILTER/HU1291Z"
"EL51291","HU1291Z","Oil Filter","Inner diameter 1","52 mm (Approx. 2.05"")","https://www.oilfilter-crossreference.com/convert/MANN-FILTER/HU1291Z"
"EL51291","HU1291Z","Oil Filter","Height","194 mm (Approx. 7.64"")","https://www.oilfilter-crossreference.com/convert/MANN-FILTER/HU1291Z"
"EL57004","HU7004X","Oil Filter","Product type","Oil Filter","https://www.oilfilter-crossreference.com/convert/MANN-FILTER/HU7004X"
"EL57004","HU7004X","Oil Filter","Height","105 mm (Approx. 4.13"")","https://www.oilfilter-crossreference.com/convert/MANN-FILTER/HU7004X"
"EL50712","HU712X","Oil Filter","Product type","Oil Filter","https://www.oilfilter-crossreference.com/convert/MANN-FILTER/HU712X"
"EL50712","HU712X","Oil Filter","Outer diameter","59 mm (Approx. 2.32"")","https://www.oilfilter-crossreference.com/convert/MANN-FILTER/HU712X"
"EL50712","HU712X","Oil Filter","Inner diameter 1","3 mm (Approx. 1.18"")","https://www.oilfilter-crossreference.com/convert/MANN-FILTER/HU712X"
"EL50712","HU712X","Oil Filter","Height","87 mm (Approx. 3.43"")","https://www.oilfilter-crossreference.com/convert/MANN-FILTER/HU712X"
"EL50211","W11102/11","Oil Filter","Product type","Oil Filter| Filter, operating hydraulics","https://www.oilfilter-crossreference.com/convert/MANN-FILTER/W11102/11"
"EL50211","W11102/11","Oil Filter","Thread measurement","1 1/8-16 UN","https://www.oilfilter-crossreference.com/convert/MANN-FILTER/W11102/11"
"EL50211","W11102/11","Oil Filter","Outer diameter","108 mm (Approx. 4.25"")","https://www.oilfilter-crossreference.com/convert/MANN-FILTER/W11102/11"
"EL50211","W11102/11","Oil Filter","Inner diameter 1","93 mm (Approx. 3.66"")","https://www.oilfilter-crossreference.com/convert/MANN-FILTER/W11102/11"
"EL50211","W11102/11","Oil Filter","Inner diameter 2","104 mm (Approx. 4.09"")","https://www.oilfilter-crossreference.com/convert/MANN-FILTER/W11102/11"
"EL50211","W11102/11","Oil Filter","Height","26 mm (Approx. 10.24"")","https://www.oilfilter-crossreference.com/convert/MANN-FILTER/W11102/11"
"EL50214","W11102/14","Oil Filter","Product type","Oil Filter| Filter, operating hydraulics","https://www.oilfilter-crossreference.com/convert/MANN-FILTER/W11102/14"
"EL50214","W11102/14","Oil Filter","Thread measurement","1 1/8-16 UN","https://www.oilfilter-crossreference.com/convert/MANN-FILTER/W11102/14"
"EL50214","W11102/14","Oil Filter","Outer diameter","108 mm (Approx. 4.25"")","https://www.oilfilter-crossreference.com/convert/MANN-FILTER/W11102/14"
"EL50214","W11102/14","Oil Filter","Inner diameter 1","93 mm (Approx. 3.66"")","https://www.oilfilter-crossreference.com/convert/MANN-FILTER/W11102/14"
"EL50214","W11102/14","Oil Filter","Inner diameter 2","104 mm (Approx. 4.09"")","https://www.oilfilter-crossreference.com/convert/MANN-FILTER/W11102/14"
"EL50214","W11102/14","Oil Filter","Height","26 mm (Approx. 10.24"")","https://www.oilfilter-crossreference.com/convert/MANN-FILTER/W11102/14"
"EL51022","W11102/2","Oil Filter","Product type","Oil Filter| Filter, operating hydraulics","https://www.oilfilter-crossreference.com/convert/MANN-FILTER/W11102/2"
"EL51022","W11102/2","Oil Filter","Thread measurement","1 1/8-16 UN","https://www.oilfilter-crossreference.com/convert/MANN-FILTER/W11102/2"
"EL51022","W11102/2","Oil Filter","Outer diameter","108 mm (Approx. 4.25"")","https://www.oilfilter-crossreference.com/convert/MANN-FILTER/W11102/2"
"EL51022","W11102/2","Oil Filter","Inner diameter 1","93 mm (Approx. 3.66"")","https://www.oilfilter-crossreference.com/convert/MANN-FILTER/W11102/2"
"EL51022","W11102/2","Oil Filter","Inner diameter 2","104 mm (Approx. 4.09"")","https://www.oilfilter-crossreference.com/convert/MANN-FILTER/W11102/2"
"EL51022","W11102/2","Oil Filter","Height","26 mm (Approx. 10.24"")","https://www.oilfilter-crossreference.com/convert/MANN-FILTER/W11102/2"
"EL50220","W11102/20","Oil Filter","Product type","Oil Filter| Filter, operating hydraulics","https://www.oilfilter-crossreference.com/convert/MANN-FILTER/W11102/20"
"EL50220","W11102/20","Oil Filter","Thread measurement","1 1/8-16 UN","https://www.oilfilter-crossreference.com/convert/MANN-FILTER/W11102/20"
"EL50220","W11102/20","Oil Filter","Outer diameter","108 mm (Approx. 4.25"")","https://www.oilfilter-crossreference.com/convert/MANN-FILTER/W11102/20"
"EL50220","W11102/20","Oil Filter","Inner diameter 1","93 mm (Approx. 3.66"")","https://www.oilfilter-crossreference.com/convert/MANN-FILTER/W11102/20"
"EL50220","W11102/20","Oil Filter","Inner diameter 2","104 mm (Approx. 4.09"")","https://www.oilfilter-crossreference.com/convert/MANN-FILTER/W11102/20"
"EL50220","W11102/20","Oil Filter","Height","26 mm (Approx. 10.24"")","https://www.oilfilter-crossreference.com/convert/MANN-FILTER/W11102/20"
"EL50224","W11102/24","Oil Filter","Product type","Oil Filter| Filter, operating hydraulics","https://www.oilfilter-crossreference.com/convert/MANN-FILTER/W11102/24"
"EL50224","W11102/24","Oil Filter","Thread measurement","1 1/8-16 UN","https://www.oilfilter-crossreference.com/convert/MANN-FILTER/W11102/24"
"EL50224","W11102/24","Oil Filter","Outer diameter","108 mm (Approx. 4.25"")","https://www.oilfilter-crossreference.com/convert/MANN-FILTER/W11102/24"
"EL50224","W11102/24","Oil Filter","Inner diameter 1","93 mm (Approx. 3.66"")","https://www.oilfilter-crossreference.com/convert/MANN-FILTER/W11102/24"
"EL50224","W11102/24","Oil Filter","Inner diameter 2","104 mm (Approx. 4.09"")","https://www.oilfilter-crossreference.com/convert/MANN-FILTER/W11102/24"
"EL50224","W11102/24","Oil Filter","Height","26 mm (Approx. 10.24"")","https://www.oilfilter-crossreference.com/convert/MANN-FILTER/W11102/24"
"EL50243","W11102/43","Oil Filter","Product type","Oil Filter| Filter, operating hydraulics","https://www.oilfilter-crossreference.com/convert/MANN-FILTER/W11102/43"
"EL50243","W11102/43","Oil Filter","Thread measurement","1 1/8-16 UN","https://www.oilfilter-crossreference.com/convert/MANN-FILTER/W11102/43"
"EL50243","W11102/43","Oil Filter","Outer diameter","108 mm (Approx. 4.25"")","https://www.oilfilter-crossreference.com/convert/MANN-FILTER/W11102/43"
"EL50243","W11102/43","Oil Filter","Inner diameter 1","93 mm (Approx. 3.66"")","https://www.oilfilter-crossreference.com/convert/MANN-FILTER/W11102/43"
"EL50243","W11102/43","Oil Filter","Inner diameter 2","104 mm (Approx. 4.09"")","https://www.oilfilter-crossreference.com/convert/MANN-FILTER/W11102/43"
"EL50243","W11102/43","Oil Filter","Height","26 mm (Approx. 10.24"")","https://www.oilfilter-crossreference.com/convert/MANN-FILTER/W11102/43"
"EL50248","W11102/48","Oil Filter","Product type","Oil Filter| Filter, operating hydraulics","https://www.oilfilter-crossreference.com/convert/MANN-FILTER/W11102/48"
"EL50248","W11102/48","Oil Filter","Thread measurement","1 1/8-16 UN","https://www.oilfilter-crossreference.com/convert/MANN-FILTER/W11102/48"
"EL50248","W11102/48","Oil Filter","Outer diameter","108 mm (Approx. 4.25"")","https://www.oilfilter-crossreference.com/convert/MANN-FILTER/W11102/48"
"EL50248","W11102/48","Oil Filter","Inner diameter 1","93 mm (Approx. 3.66"")","https://www.oilfilter-crossreference.com/convert/MANN-FILTER/W11102/48"
"EL50248","W11102/48","Oil Filter","Inner diameter 2","104 mm (Approx. 4.09"")","https://www.oilfilter-crossreference.com/convert/MANN-FILTER/W11102/48"
"EL50248","W11102/48","Oil Filter","Height","26 mm (Approx. 10.24"")","https://www.oilfilter-crossreference.com/convert/MANN-FILTER/W11102/48"
"EL51261","W1126/1","Oil Filter","Product type","Oil Filter","https://www.oilfilter-crossreference.com/convert/MANN-FILTER/W1126/1"
"EL51261","W1126/1","Oil Filter","Thread measurement","3/4-16 UNF","https://www.oilfilter-crossreference.com/convert/MANN-FILTER/W1126/1"
"EL51261","W1126/1","Oil Filter","Outer diameter","108 mm (Approx. 4.25"")","https://www.oilfilter-crossreference.com/convert/MANN-FILTER/W1126/1"
"EL51261","W1126/1","Oil Filter","Inner diameter 1","62 mm (Approx. 2.44"")","https://www.oilfilter-crossreference.com/convert/MANN-FILTER/W1126/1"
"EL51261","W1126/1","Oil Filter","Inner diameter 2","71 mm (Approx. 2.80"")","https://www.oilfilter-crossreference.com/convert/MANN-FILTER/W1126/1"
"EL51261","W1126/1","Oil Filter","Height","95 mm (Approx. 3.74"")","https://www.oilfilter-crossreference.com/convert/MANN-FILTER/W1126/1"
"EL51262","W1126/2","Oil Filter","Product type","Oil Filter","https://www.oilfilter-crossreference.com/convert/MANN-FILTER/W1126/2"
"EL51262","W1126/2","Oil Filter","Thread measurement","3/4-16 UNF","https://www.oilfilter-crossreference.com/convert/MANN-FILTER/W1126/2"
"EL51262","W1126/2","Oil Filter","Outer diameter","108 mm (Approx. 4.25"")","https://www.oilfilter-crossreference.com/convert/MANN-FILTER/W1126/2"
"EL51262","W1126/2","Oil Filter","Inner diameter 1","62 mm (Approx. 2.44"")","https://www.oilfilter-crossreference.com/convert/MANN-FILTER/W1126/2"
"EL51262","W1126/2","Oil Filter","Inner diameter 2","71 mm (Approx. 2.80"")","https://www.oilfilter-crossreference.com/convert/MANN-FILTER/W1126/2"
"EL51262","W1126/2","Oil Filter","Height","95 mm (Approx. 3.74"")","https://www.oilfilter-crossreference.com/convert/MANN-FILTER/W1126/2"
"EL51265","W1126/5","Oil Filter","Product type","Oil Filter","https://www.oilfilter-crossreference.com/convert/MANN-FILTER/W1126/5"
"EL51265","W1126/5","Oil Filter","Thread measurement","3/4-16 UNF","https://www.oilfilter-crossreference.com/convert/MANN-FILTER/W1126/5"
"EL51265","W1126/5","Oil Filter","Outer diameter","108 mm (Approx. 4.25"")","https://www.oilfilter-crossreference.com/convert/MANN-FILTER/W1126/5"
"EL51265","W1126/5","Oil Filter","Inner diameter 1","62 mm (Approx. 2.44"")","https://www.oilfilter-crossreference.com/convert/MANN-FILTER/W1126/5"
"EL51265","W1126/5","Oil Filter","Inner diameter 2","71 mm (Approx. 2.80"")","https://www.oilfilter-crossreference.com/convert/MANN-FILTER/W1126/5"
"EL51265","W1126/5","Oil Filter","Height","95 mm (Approx. 3.74"")","https://www.oilfilter-crossreference.com/convert/MANN-FILTER/W1126/5"
"EL54022","W1140/22","Oil Filter","Product type","Oil Filter| Filter, operating hydraulics","https://www.oilfilter-crossreference.com/convert/MANN-FILTER/W1140/22"
"EL54022","W1140/22","Oil Filter","Thread measurement","3/4-16 UNF","https://www.oilfilter-crossreference.com/convert/MANN-FILTER/W1140/22"
"EL54022","W1140/22","Oil Filter","Outer diameter","108 mm (Approx. 4.25"")","https://www.oilfilter-crossreference.com/convert/MANN-FILTER/W1140/22"
"EL54022","W1140/22","Oil Filter","Inner diameter 1","62 mm (Approx. 2.44"")","https://www.oilfilter-crossreference.com/convert/MANN-FILTER/W1140/22"
"EL54022","W1140/22","Oil Filter","Inner diameter 2","71 mm (Approx. 2.80"")","https://www.oilfilter-crossreference.com/convert/MANN-FILTER/W1140/22"
"EL54022","W1140/22","Oil Filter","Height","135 mm (Approx. 5.31"")","https://www.oilfilter-crossreference.com/convert/MANN-FILTER/W1140/22"
"EL54053","W1140/5/3","Oil Filter","Product type","Oil Filter| Filter, operating hydraulics","https://www.oilfilter-crossreference.com/convert/MANN-FILTER/W1140/5/3"
"EL54053","W1140/5/3","Oil Filter","Thread measurement","3/4-16 UNF","https://www.oilfilter-crossreference.com/convert/MANN-FILTER/W1140/5/3"
"EL54053","W1140/5/3","Oil Filter","Outer diameter","108 mm (Approx. 4.25"")","https://www.oilfilter-crossreference.com/convert/MANN-FILTER/W1140/5/3"
"EL54053","W1140/5/3","Oil Filter","Inner diameter 1","62 mm (Approx. 2.44"")","https://www.oilfilter-crossreference.com/convert/MANN-FILTER/W1140/5/3"
"EL54053","W1140/5/3","Oil Filter","Inner diameter 2","71 mm (Approx. 2.80"")","https://www.oilfilter-crossreference.com/convert/MANN-FILTER/W1140/5/3"
"EL54053","W1140/5/3","Oil Filter","Height","135 mm (Approx. 5.31"")","https://www.oilfilter-crossreference.com/convert/MANN-FILTER/W1140/5/3"
"EL51408","W1140/8","Oil Filter","Product type","Oil Filter| Filter, operating hydraulics","https://www.oilfilter-crossreference.com/convert/MANN-FILTER/W1140/8"
"EL51408","W1140/8","Oil Filter","Thread measurement","3/4-16 UNF","https://www.oilfilter-crossreference.com/convert/MANN-FILTER/W1140/8"
"EL51408","W1140/8","Oil Filter","Outer diameter","108 mm (Approx. 4.25"")","https://www.oilfilter-crossreference.com/convert/MANN-FILTER/W1140/8"
"EL51408","W1140/8","Oil Filter","Inner diameter 1","62 mm (Approx. 2.44"")","https://www.oilfilter-crossreference.com/convert/MANN-FILTER/W1140/8"
"EL51408","W1140/8","Oil Filter","Inner diameter 2","71 mm (Approx. 2.80"")","https://www.oilfilter-crossreference.com/convert/MANN-FILTER/W1140/8"
"EL51408","W1140/8","Oil Filter","Height","135 mm (Approx. 5.31"")","https://www.oilfilter-crossreference.com/convert/MANN-FILTER/W1140/8"
"EL51603","W1160/3","Oil Filter","Product type","Oil Filter","https://www.oilfilter-crossreference.com/convert/MANN-FILTER/W1160/3"
"EL51603","W1160/3","Oil Filter","Thread measurement","M 30 X 2","https://www.oilfilter-crossreference.com/convert/MANN-FILTER/W1160/3"
"EL51603","W1160/3","Oil Filter","Outer diameter","108 mm (Approx. 4.25"")","https://www.oilfilter-crossreference.com/convert/MANN-FILTER/W1160/3"
"EL51603","W1160/3","Oil Filter","Inner diameter 1","93 mm (Approx. 3.66"")","https://www.oilfilter-crossreference.com/convert/MANN-FILTER/W1160/3"
"EL51603","W1160/3","Oil Filter","Inner diameter 2","104 mm (Approx. 4.09"")","https://www.oilfilter-crossreference.com/convert/MANN-FILTER/W1160/3"
"EL51603","W1160/3","Oil Filter","Height","178 mm (Approx. 7.01"")","https://www.oilfilter-crossreference.com/convert/MANN-FILTER/W1160/3"
"EL51604","W1160/4","Oil Filter","Product type","Oil Filter","https://www.oilfilter-crossreference.com/convert/MANN-FILTER/W1160/4"
"EL51604","W1160/4","Oil Filter","Thread measurement","M 30 X 2","https://www.oilfilter-crossreference.com/convert/MANN-FILTER/W1160/4"
"EL51604","W1160/4","Oil Filter","Outer diameter","108 mm (Approx. 4.25"")","https://www.oilfilter-crossreference.com/convert/MANN-FILTER/W1160/4"
"EL51604","W1160/4","Oil Filter","Inner diameter 1","93 mm (Approx. 3.66"")","https://www.oilfilter-crossreference.com/convert/MANN-FILTER/W1160/4"
"EL51604","W1160/4","Oil Filter","Inner diameter 2","104 mm (Approx. 4.09"")","https://www.oilfilter-crossreference.com/convert/MANN-FILTER/W1160/4"
"EL51604","W1160/4","Oil Filter","Height","178 mm (Approx. 7.01"")","https://www.oilfilter-crossreference.com/convert/MANN-FILTER/W1160/4"
"EL51701","W1170/1","Oil Filter","Product type","Oil Filter| Hydraulic Filter, steering system","https://www.oilfilter-crossreference.com/convert/MANN-FILTER/W1170/1"
"EL51701","W1170/1","Oil Filter","Thread measurement","1-12 UNF","https://www.oilfilter-crossreference.com/convert/MANN-FILTER/W1170/1"
"EL51701","W1170/1","Oil Filter","Outer diameter","108 mm (Approx. 4.25"")","https://www.oilfilter-crossreference.com/convert/MANN-FILTER/W1170/1"
"EL51701","W1170/1","Oil Filter","Inner diameter 1","62 mm (Approx. 2.44"")","https://www.oilfilter-crossreference.com/convert/MANN-FILTER/W1170/1"
"EL51701","W1170/1","Oil Filter","Inner diameter 2","71 mm (Approx. 2.80"")","https://www.oilfilter-crossreference.com/convert/MANN-FILTER/W1170/1"
"EL51701","W1170/1","Oil Filter","Height","227 mm (Approx. 8.94"")","https://www.oilfilter-crossreference.com/convert/MANN-FILTER/W1170/1"
"EL51702","W1170/2","Oil Filter","Product type","Oil Filter| Hydraulic Filter, steering system","https://www.oilfilter-crossreference.com/convert/MANN-FILTER/W1170/2"
"EL51702","W1170/2","Oil Filter","Thread measurement","1-12 UNF","https://www.oilfilter-crossreference.com/convert/MANN-FILTER/W1170/2"
"EL51702","W1170/2","Oil Filter","Outer diameter","108 mm (Approx. 4.25"")","https://www.oilfilter-crossreference.com/convert/MANN-FILTER/W1170/2"
"EL51702","W1170/2","Oil Filter","Inner diameter 1","62 mm (Approx. 2.44"")","https://www.oilfilter-crossreference.com/convert/MANN-FILTER/W1170/2"
"EL51702","W1170/2","Oil Filter","Inner diameter 2","71 mm (Approx. 2.80"")","https://www.oilfilter-crossreference.com/convert/MANN-FILTER/W1170/2"
"EL51702","W1170/2","Oil Filter","Height","227 mm (Approx. 8.94"")","https://www.oilfilter-crossreference.com/convert/MANN-FILTER/W1170/2"
"EL52052","W12205/2","Oil Filter","Product type","Oil Filter","https://www.oilfilter-crossreference.com/convert/MANN-FILTER/W12205/2"
"EL52052","W12205/2","Oil Filter","Thread measurement","1 1/2-12 UNF","https://www.oilfilter-crossreference.com/convert/MANN-FILTER/W12205/2"
"EL52052","W12205/2","Oil Filter","Outer diameter","116 mm (Approx. 4.57"")","https://www.oilfilter-crossreference.com/convert/MANN-FILTER/W12205/2"
"EL52052","W12205/2","Oil Filter","Inner diameter 1","98 mm (Approx. 3.86"")","https://www.oilfilter-crossreference.com/convert/MANN-FILTER/W12205/2"
"EL52052","W12205/2","Oil Filter","Inner diameter 2","11 mm (Approx. 4.33"")","https://www.oilfilter-crossreference.com/convert/MANN-FILTER/W12205/2"
"EL52052","W12205/2","Oil Filter","Height","205 mm (Approx. 8.07"")","https://www.oilfilter-crossreference.com/convert/MANN-FILTER/W12205/2"
"EL52941","W1294/1","Oil Filter","Product type","Oil Filter","https://www.oilfilter-crossreference.com/convert/MANN-FILTER/W1294/1"
"EL52941","W1294/1","Oil Filter","Thread measurement","1 1/2-12 UNS","https://www.oilfilter-crossreference.com/convert/MANN-FILTER/W1294/1"
"EL52941","W1294/1","Oil Filter","Outer diameter","118 mm (Approx. 4.65"")","https://www.oilfilter-crossreference.com/convert/MANN-FILTER/W1294/1"
"EL52941","W1294/1","Oil Filter","Inner diameter 1","97 mm (Approx. 3.82"")","https://www.oilfilter-crossreference.com/convert/MANN-FILTER/W1294/1"
"EL52941","W1294/1","Oil Filter","Inner diameter 2","111 mm (Approx. 4.37"")","https://www.oilfilter-crossreference.com/convert/MANN-FILTER/W1294/1"
"EL52941","W1294/1","Oil Filter","Height","248 mm (Approx. 9.76"")","https://www.oilfilter-crossreference.com/convert/MANN-FILTER/W1294/1"
"EL51374","W1374","Oil Filter","Product type","Oil Filter","https://www.oilfilter-crossreference.com/convert/MANN-FILTER/W1374"
"EL51374","W1374","Oil Filter","Thread measurement","1 1/2-16 UN","https://www.oilfilter-crossreference.com/convert/MANN-FILTER/W1374"
"EL51374","W1374","Oil Filter","Outer diameter","136 mm (Approx. 5.35"")","https://www.oilfilter-crossreference.com/convert/MANN-FILTER/W1374"
"EL51374","W1374","Oil Filter","Inner diameter 1","1 mm (Approx. 3.94"")","https://www.oilfilter-crossreference.com/convert/MANN-FILTER/W1374"
"EL51374","W1374","Oil Filter","Inner diameter 2","111 mm (Approx. 4.37"")","https://www.oilfilter-crossreference.com/convert/MANN-FILTER/W1374"
"EL51374","W1374","Oil Filter","Height","177 mm (Approx. 6.97"")","https://www.oilfilter-crossreference.com/convert/MANN-FILTER/W1374"
"EL53741","W1374/1","Oil Filter","Product type","Oil Filter","https://www.oilfilter-crossreference.com/convert/MANN-FILTER/W1374/1"
"EL53741","W1374/1","Oil Filter","Thread measurement","1 1/2-16 UN","https://www.oilfilter-crossreference.com/convert/MANN-FILTER/W1374/1"
"EL53741","W1374/1","Oil Filter","Outer diameter","136 mm (Approx. 5.35"")","https://www.oilfilter-crossreference.com/convert/MANN-FILTER/W1374/1"
"EL53741","W1374/1","Oil Filter","Inner diameter 1","1 mm (Approx. 3.94"")","https://www.oilfilter-crossreference.com/convert/MANN-FILTER/W1374/1"
"EL53741","W1374/1","Oil Filter","Inner diameter 2","111 mm (Approx. 4.37"")","https://www.oilfilter-crossreference.com/convert/MANN-FILTER/W1374/1"
"EL53741","W1374/1","Oil Filter","Height","177 mm (Approx. 6.97"")","https://www.oilfilter-crossreference.com/convert/MANN-FILTER/W1374/1"
"EL57410","W1374/10","Oil Filter","Product type","Oil Filter","https://www.oilfilter-crossreference.com/convert/MANN-FILTER/W1374/10"
"EL57410","W1374/10","Oil Filter","Thread measurement","1 1/2-16 UN","https://www.oilfilter-crossreference.com/convert/MANN-FILTER/W1374/10"
"EL57410","W1374/10","Oil Filter","Outer diameter","136 mm (Approx. 5.35"")","https://www.oilfilter-crossreference.com/convert/MANN-FILTER/W1374/10"
"EL57410","W1374/10","Oil Filter","Inner diameter 1","1 mm (Approx. 3.94"")","https://www.oilfilter-crossreference.com/convert/MANN-FILTER/W1374/10"
"EL57410","W1374/10","Oil Filter","Inner diameter 2","111 mm (Approx. 4.37"")","https://www.oilfilter-crossreference.com/convert/MANN-FILTER/W1374/10"
"EL57410","W1374/10","Oil Filter","Height","177 mm (Approx. 6.97"")","https://www.oilfilter-crossreference.com/convert/MANN-FILTER/W1374/10"
"EL50111","W6011/1","Oil Filter","Product type","Oil Filter","https://www.oilfilter-crossreference.com/convert/MANN-FILTER/W6011/1"
"EL50111","W6011/1","Oil Filter","Thread measurement","M 20 X 1.5","https://www.oilfilter-crossreference.com/convert/MANN-FILTER/W6011/1"
"EL50111","W6011/1","Oil Filter","Outer diameter","66 mm (Approx. 2.60"")","https://www.oilfilter-crossreference.com/convert/MANN-FILTER/W6011/1"
"EL50111","W6011/1","Oil Filter","Inner diameter 1","54 mm (Approx. 2.13"")","https://www.oilfilter-crossreference.com/convert/MANN-FILTER/W6011/1"
"EL50111","W6011/1","Oil Filter","Inner diameter 2","62 mm (Approx. 2.44"")","https://www.oilfilter-crossreference.com/convert/MANN-FILTER/W6011/1"
"EL50111","W6011/1","Oil Filter","Height","58 mm (Approx. 2.28"")","https://www.oilfilter-crossreference.com/convert/MANN-FILTER/W6011/1"
"EL50181","W6018/1","Oil Filter","Product type","Oil Filter","https://www.oilfilter-crossreference.com/convert/MANN-FILTER/W6018/1"
"EL50181","W6018/1","Oil Filter","Thread measurement","M 20 X 1.5","https://www.oilfilter-crossreference.com/convert/MANN-FILTER/W6018/1"
"EL50181","W6018/1","Oil Filter","Outer diameter","66 mm (Approx. 2.60"")","https://www.oilfilter-crossreference.com/convert/MANN-FILTER/W6018/1"
"EL50181","W6018/1","Oil Filter","Inner diameter 1","54 mm (Approx. 2.13"")","https://www.oilfilter-crossreference.com/convert/MANN-FILTER/W6018/1"
"EL50181","W6018/1","Oil Filter","Inner diameter 2","62 mm (Approx. 2.44"")","https://www.oilfilter-crossreference.com/convert/MANN-FILTER/W6018/1"
"EL50181","W6018/1","Oil Filter","Height","65 mm (Approx. 2.56"")","https://www.oilfilter-crossreference.com/convert/MANN-FILTER/W6018/1"
"EL56780","W67/80","Oil Filter","Product type","Oil Filter","https://www.oilfilter-crossreference.com/convert/MANN-FILTER/W67/80"
"EL56780","W67/80","Oil Filter","Thread measurement","M 20 X 1.5","https://www.oilfilter-crossreference.com/convert/MANN-FILTER/W67/80"
"EL56780","W67/80","Oil Filter","Outer diameter","68 mm (Approx. 2.68"")","https://www.oilfilter-crossreference.com/convert/MANN-FILTER/W67/80"
"EL56780","W67/80","Oil Filter","Inner diameter 1","57 mm (Approx. 2.24"")","https://www.oilfilter-crossreference.com/convert/MANN-FILTER/W67/80"
"EL56780","W67/80","Oil Filter","Inner diameter 2","64 mm (Approx. 2.52"")","https://www.oilfilter-crossreference.com/convert/MANN-FILTER/W67/80"
"EL56780","W67/80","Oil Filter","Height","85 mm (Approx. 3.35"")","https://www.oilfilter-crossreference.com/convert/MANN-FILTER/W67/80"
"EL56781","W67/81","Oil Filter","Product type","Oil Filter","https://www.oilfilter-crossreference.com/convert/MANN-FILTER/W67/81"
"EL56781","W67/81","Oil Filter","Thread measurement","M 20 X 1.5","https://www.oilfilter-crossreference.com/convert/MANN-FILTER/W67/81"
"EL56781","W67/81","Oil Filter","Outer diameter","68 mm (Approx. 2.68"")","https://www.oilfilter-crossreference.com/convert/MANN-FILTER/W67/81"
"EL56781","W67/81","Oil Filter","Inner diameter 1","57 mm (Approx. 2.24"")","https://www.oilfilter-crossreference.com/convert/MANN-FILTER/W67/81"
"EL56781","W67/81","Oil Filter","Inner diameter 2","64 mm (Approx. 2.52"")","https://www.oilfilter-crossreference.com/convert/MANN-FILTER/W67/81"
"EL56781","W67/81","Oil Filter","Height","85 mm (Approx. 3.35"")","https://www.oilfilter-crossreference.com/convert/MANN-FILTER/W67/81"
"EL57121","W712/1","Oil Filter","Product type","Oil Filter| Filter, operating hydraulics| Filter, crankcase breather","https://www.oilfilter-crossreference.com/convert/MANN-FILTER/W712/1"
"EL57121","W712/1","Oil Filter","Thread measurement","3/4-16 UNF","https://www.oilfilter-crossreference.com/convert/MANN-FILTER/W712/1"
"EL57121","W712/1","Oil Filter","Outer diameter","76 mm (Approx. 2.99"")","https://www.oilfilter-crossreference.com/convert/MANN-FILTER/W712/1"
"EL57121","W712/1","Oil Filter","Inner diameter 1","62 mm (Approx. 2.44"")","https://www.oilfilter-crossreference.com/convert/MANN-FILTER/W712/1"
"EL57121","W712/1","Oil Filter","Inner diameter 2","71 mm (Approx. 2.80"")","https://www.oilfilter-crossreference.com/convert/MANN-FILTER/W712/1"
"EL57121","W712/1","Oil Filter","Height","79 mm (Approx. 3.11"")","https://www.oilfilter-crossreference.com/convert/MANN-FILTER/W712/1"
"EL51211","W712/11X","Oil Filter","Product type","Oil Filter| Filter, operating hydraulics| Filter, crankcase breather","https://www.oilfilter-crossreference.com/convert/MANN-FILTER/W712/11X"
"EL51211","W712/11X","Oil Filter","Thread measurement","3/4-16 UNF","https://www.oilfilter-crossreference.com/convert/MANN-FILTER/W712/11X"
"EL51211","W712/11X","Oil Filter","Outer diameter","76 mm (Approx. 2.99"")","https://www.oilfilter-crossreference.com/convert/MANN-FILTER/W712/11X"
"EL51211","W712/11X","Oil Filter","Inner diameter 1","62 mm (Approx. 2.44"")","https://www.oilfilter-crossreference.com/convert/MANN-FILTER/W712/11X"
"EL51211","W712/11X","Oil Filter","Inner diameter 2","71 mm (Approx. 2.80"")","https://www.oilfilter-crossreference.com/convert/MANN-FILTER/W712/11X"
"EL51211","W712/11X","Oil Filter","Height","79 mm (Approx. 3.11"")","https://www.oilfilter-crossreference.com/convert/MANN-FILTER/W712/11X"
"EL51212","W712/12","Oil Filter","Product type","Oil Filter| Filter, operating hydraulics| Filter, crankcase breather","https://www.oilfilter-crossreference.com/convert/MANN-FILTER/W712/12"
"EL51212","W712/12","Oil Filter","Thread measurement","3/4-16 UNF","https://www.oilfilter-crossreference.com/convert/MANN-FILTER/W712/12"
"EL51212","W712/12","Oil Filter","Outer diameter","76 mm (Approx. 2.99"")","https://www.oilfilter-crossreference.com/convert/MANN-FILTER/W712/12"
"EL51212","W712/12","Oil Filter","Inner diameter 1","62 mm (Approx. 2.44"")","https://www.oilfilter-crossreference.com/convert/MANN-FILTER/W712/12"
"EL51212","W712/12","Oil Filter","Inner diameter 2","71 mm (Approx. 2.80"")","https://www.oilfilter-crossreference.com/convert/MANN-FILTER/W712/12"
"EL51212","W712/12","Oil Filter","Height","79 mm (Approx. 3.11"")","https://www.oilfilter-crossreference.com/convert/MANN-FILTER/W712/12"
"EL51214","W712/14","Oil Filter","Product type","Oil Filter| Filter, operating hydraulics| Filter, crankcase breather","https://www.oilfilter-crossreference.com/convert/MANN-FILTER/W712/14"
"EL51214","W712/14","Oil Filter","Thread measurement","3/4-16 UNF","https://www.oilfilter-crossreference.com/convert/MANN-FILTER/W712/14"
"EL51214","W712/14","Oil Filter","Outer diameter","76 mm (Approx. 2.99"")","https://www.oilfilter-crossreference.com/convert/MANN-FILTER/W712/14"
"EL51214","W712/14","Oil Filter","Inner diameter 1","62 mm (Approx. 2.44"")","https://www.oilfilter-crossreference.com/convert/MANN-FILTER/W712/14"
"EL51214","W712/14","Oil Filter","Inner diameter 2","71 mm (Approx. 2.80"")","https://www.oilfilter-crossreference.com/convert/MANN-FILTER/W712/14"
"EL51214","W712/14","Oil Filter","Height","79 mm (Approx. 3.11"")","https://www.oilfilter-crossreference.com/convert/MANN-FILTER/W712/14"
"EL51218","W712/18","Oil Filter","Product type","Oil Filter| Filter, operating hydraulics| Filter, crankcase breather","https://www.oilfilter-crossreference.com/convert/MANN-FILTER/W712/18"
"EL51218","W712/18","Oil Filter","Thread measurement","3/4-16 UNF","https://www.oilfilter-crossreference.com/convert/MANN-FILTER/W712/18"
"EL51218","W712/18","Oil Filter","Outer diameter","76 mm (Approx. 2.99"")","https://www.oilfilter-crossreference.com/convert/MANN-FILTER/W712/18"
"EL51218","W712/18","Oil Filter","Inner diameter 1","62 mm (Approx. 2.44"")","https://www.oilfilter-crossreference.com/convert/MANN-FILTER/W712/18"
"EL51218","W712/18","Oil Filter","Inner diameter 2","71 mm (Approx. 2.80"")","https://www.oilfilter-crossreference.com/convert/MANN-FILTER/W712/18"
"EL51218","W712/18","Oil Filter","Height","79 mm (Approx. 3.11"")","https://www.oilfilter-crossreference.com/convert/MANN-FILTER/W712/18"
"EL51219","W712/19","Oil Filter","Product type","Oil Filter| Filter, operating hydraulics| Filter, crankcase breather","https://www.oilfilter-crossreference.com/convert/MANN-FILTER/W712/19"
"EL51219","W712/19","Oil Filter","Thread measurement","3/4-16 UNF","https://www.oilfilter-crossreference.com/convert/MANN-FILTER/W712/19"
"EL51219","W712/19","Oil Filter","Outer diameter","76 mm (Approx. 2.99"")","https://www.oilfilter-crossreference.com/convert/MANN-FILTER/W712/19"
"EL51219","W712/19","Oil Filter","Inner diameter 1","62 mm (Approx. 2.44"")","https://www.oilfilter-crossreference.com/convert/MANN-FILTER/W712/19"
"EL51219","W712/19","Oil Filter","Inner diameter 2","71 mm (Approx. 2.80"")","https://www.oilfilter-crossreference.com/convert/MANN-FILTER/W712/19"
"EL51219","W712/19","Oil Filter","Height","79 mm (Approx. 3.11"")","https://www.oilfilter-crossreference.com/convert/MANN-FILTER/W712/19"
"EL57121","W712/1N","Oil Filter","Product type","Oil Filter| Filter, operating hydraulics| Filter, crankcase breather","https://www.oilfilter-crossreference.com/convert/MANN-FILTER/W712/1N"
"EL57121","W712/1N","Oil Filter","Thread measurement","3/4-16 UNF","https://www.oilfilter-crossreference.com/convert/MANN-FILTER/W712/1N"
"EL57121","W712/1N","Oil Filter","Outer diameter","76 mm (Approx. 2.99"")","https://www.oilfilter-crossreference.com/convert/MANN-FILTER/W712/1N"
"EL57121","W712/1N","Oil Filter","Inner diameter 1","62 mm (Approx. 2.44"")","https://www.oilfilter-crossreference.com/convert/MANN-FILTER/W712/1N"
"EL57121","W712/1N","Oil Filter","Inner diameter 2","71 mm (Approx. 2.80"")","https://www.oilfilter-crossreference.com/convert/MANN-FILTER/W712/1N"
"EL57121","W712/1N","Oil Filter","Height","79 mm (Approx. 3.11"")","https://www.oilfilter-crossreference.com/convert/MANN-FILTER/W712/1N"
"EL57122","W712/2","Oil Filter","Product type","Oil Filter| Filter, operating hydraulics| Filter, crankcase breather","https://www.oilfilter-crossreference.com/convert/MANN-FILTER/W712/2"
"EL57122","W712/2","Oil Filter","Thread measurement","3/4-16 UNF","https://www.oilfilter-crossreference.com/convert/MANN-FILTER/W712/2"
"EL57122","W712/2","Oil Filter","Outer diameter","76 mm (Approx. 2.99"")","https://www.oilfilter-crossreference.com/convert/MANN-FILTER/W712/2"
"EL57122","W712/2","Oil Filter","Inner diameter 1","62 mm (Approx. 2.44"")","https://www.oilfilter-crossreference.com/convert/MANN-FILTER/W712/2"
"EL57122","W712/2","Oil Filter","Inner diameter 2","71 mm (Approx. 2.80"")","https://www.oilfilter-crossreference.com/convert/MANN-FILTER/W712/2"
"EL57122","W712/2","Oil Filter","Height","79 mm (Approx. 3.11"")","https://www.oilfilter-crossreference.com/convert/MANN-FILTER/W712/2"
"EL51222","W712/22X","Oil Filter","Product type","Oil Filter| Filter, operating hydraulics| Filter, crankcase breather","https://www.oilfilter-crossreference.com/convert/MANN-FILTER/W712/22X"
"EL51222","W712/22X","Oil Filter","Thread measurement","3/4-16 UNF","https://www.oilfilter-crossreference.com/convert/MANN-FILTER/W712/22X"
"EL51222","W712/22X","Oil Filter","Outer diameter","76 mm (Approx. 2.99"")","https://www.oilfilter-crossreference.com/convert/MANN-FILTER/W712/22X"
"EL51222","W712/22X","Oil Filter","Inner diameter 1","62 mm (Approx. 2.44"")","https://www.oilfilter-crossreference.com/convert/MANN-FILTER/W712/22X"
"EL51222","W712/22X","Oil Filter","Inner diameter 2","71 mm (Approx. 2.80"")","https://www.oilfilter-crossreference.com/convert/MANN-FILTER/W712/22X"
"EL51222","W712/22X","Oil Filter","Height","79 mm (Approx. 3.11"")","https://www.oilfilter-crossreference.com/convert/MANN-FILTER/W712/22X"
"EL51223","W712/23","Oil Filter","Product type","Oil Filter| Filter, operating hydraulics| Filter, crankcase breather","https://www.oilfilter-crossreference.com/convert/MANN-FILTER/W712/23"
"EL51223","W712/23","Oil Filter","Thread measurement","3/4-16 UNF","https://www.oilfilter-crossreference.com/convert/MANN-FILTER/W712/23"
"EL51223","W712/23","Oil Filter","Outer diameter","76 mm (Approx. 2.99"")","https://www.oilfilter-crossreference.com/convert/MANN-FILTER/W712/23"
"EL51223","W712/23","Oil Filter","Inner diameter 1","62 mm (Approx. 2.44"")","https://www.oilfilter-crossreference.com/convert/MANN-FILTER/W712/23"
"EL51223","W712/23","Oil Filter","Inner diameter 2","71 mm (Approx. 2.80"")","https://www.oilfilter-crossreference.com/convert/MANN-FILTER/W712/23"
"EL51223","W712/23","Oil Filter","Height","79 mm (Approx. 3.11"")","https://www.oilfilter-crossreference.com/convert/MANN-FILTER/W712/23"
"EL51224","W712/24","Oil Filter","Product type","Oil Filter| Filter, operating hydraulics| Filter, crankcase breather","https://www.oilfilter-crossreference.com/convert/MANN-FILTER/W712/24"
"EL51224","W712/24","Oil Filter","Thread measurement","3/4-16 UNF","https://www.oilfilter-crossreference.com/convert/MANN-FILTER/W712/24"
"EL51224","W712/24","Oil Filter","Outer diameter","76 mm (Approx. 2.99"")","https://www.oilfilter-crossreference.com/convert/MANN-FILTER/W712/24"
"EL51224","W712/24","Oil Filter","Inner diameter 1","62 mm (Approx. 2.44"")","https://www.oilfilter-crossreference.com/convert/MANN-FILTER/W712/24"
"EL51224","W712/24","Oil Filter","Inner diameter 2","71 mm (Approx. 2.80"")","https://www.oilfilter-crossreference.com/convert/MANN-FILTER/W712/24"
"EL51224","W712/24","Oil Filter","Height","79 mm (Approx. 3.11"")","https://www.oilfilter-crossreference.com/convert/MANN-FILTER/W712/24"
"EL51226","W712/26","Oil Filter","Product type","Oil Filter| Filter, operating hydraulics| Filter, crankcase breather","https://www.oilfilter-crossreference.com/convert/MANN-FILTER/W712/26"
"EL51226","W712/26","Oil Filter","Thread measurement","3/4-16 UNF","https://www.oilfilter-crossreference.com/convert/MANN-FILTER/W712/26"
"EL51226","W712/26","Oil Filter","Outer diameter","76 mm (Approx. 2.99"")","https://www.oilfilter-crossreference.com/convert/MANN-FILTER/W712/26"
"EL51226","W712/26","Oil Filter","Inner diameter 1","62 mm (Approx. 2.44"")","https://www.oilfilter-crossreference.com/convert/MANN-FILTER/W712/26"
"EL51226","W712/26","Oil Filter","Inner diameter 2","71 mm (Approx. 2.80"")","https://www.oilfilter-crossreference.com/convert/MANN-FILTER/W712/26"
"EL51226","W712/26","Oil Filter","Height","79 mm (Approx. 3.11"")","https://www.oilfilter-crossreference.com/convert/MANN-FILTER/W712/26"
"EL57122","W712/2N","Oil Filter","Product type","Oil Filter| Filter, operating hydraulics| Filter, crankcase breather","https://www.oilfilter-crossreference.com/convert/MANN-FILTER/W712/2N"
"EL57122","W712/2N","Oil Filter","Thread measurement","3/4-16 UNF","https://www.oilfilter-crossreference.com/convert/MANN-FILTER/W712/2N"
"EL57122","W712/2N","Oil Filter","Outer diameter","76 mm (Approx. 2.99"")","https://www.oilfilter-crossreference.com/convert/MANN-FILTER/W712/2N"
"EL57122","W712/2N","Oil Filter","Inner diameter 1","62 mm (Approx. 2.44"")","https://www.oilfilter-crossreference.com/convert/MANN-FILTER/W712/2N"
"EL57122","W712/2N","Oil Filter","Inner diameter 2","71 mm (Approx. 2.80"")","https://www.oilfilter-crossreference.com/convert/MANN-FILTER/W712/2N"
"EL57122","W712/2N","Oil Filter","Height","79 mm (Approx. 3.11"")","https://www.oilfilter-crossreference.com/convert/MANN-FILTER/W712/2N"
"EL57123","W712/3","Oil Filter","Product type","Oil Filter| Filter, operating hydraulics| Filter, crankcase breather","https://www.oilfilter-crossreference.com/convert/MANN-FILTER/W712/3"
"EL57123","W712/3","Oil Filter","Thread measurement","3/4-16 UNF","https://www.oilfilter-crossreference.com/convert/MANN-FILTER/W712/3"
"EL57123","W712/3","Oil Filter","Outer diameter","76 mm (Approx. 2.99"")","https://www.oilfilter-crossreference.com/convert/MANN-FILTER/W712/3"
"EL57123","W712/3","Oil Filter","Inner diameter 1","62 mm (Approx. 2.44"")","https://www.oilfilter-crossreference.com/convert/MANN-FILTER/W712/3"
"EL57123","W712/3","Oil Filter","Inner diameter 2","71 mm (Approx. 2.80"")","https://www.oilfilter-crossreference.com/convert/MANN-FILTER/W712/3"
"EL57123","W712/3","Oil Filter","Height","79 mm (Approx. 3.11"")","https://www.oilfilter-crossreference.com/convert/MANN-FILTER/W712/3"
"EL51234","W712/34","Oil Filter","Product type","Oil Filter| Filter, operating hydraulics| Filter, crankcase breather","https://www.oilfilter-crossreference.com/convert/MANN-FILTER/W712/34"
"EL51234","W712/34","Oil Filter","Thread measurement","3/4-16 UNF","https://www.oilfilter-crossreference.com/convert/MANN-FILTER/W712/34"
"EL51234","W712/34","Oil Filter","Outer diameter","76 mm (Approx. 2.99"")","https://www.oilfilter-crossreference.com/convert/MANN-FILTER/W712/34"
"EL51234","W712/34","Oil Filter","Inner diameter 1","62 mm (Approx. 2.44"")","https://www.oilfilter-crossreference.com/convert/MANN-FILTER/W712/34"
"EL51234","W712/34","Oil Filter","Inner diameter 2","71 mm (Approx. 2.80"")","https://www.oilfilter-crossreference.com/convert/MANN-FILTER/W712/34"
"EL51234","W712/34","Oil Filter","Height","79 mm (Approx. 3.11"")","https://www.oilfilter-crossreference.com/convert/MANN-FILTER/W712/34"
"EL53410","W712/34(10)","Oil Filter","Product type","Oil Filter| Filter, operating hydraulics| Filter, crankcase breather","https://www.oilfilter-crossreference.com/convert/MANN-FILTER/W712/34(10)"
"EL53410","W712/34(10)","Oil Filter","Thread measurement","3/4-16 UNF","https://www.oilfilter-crossreference.com/convert/MANN-FILTER/W712/34(10)"
"EL53410","W712/34(10)","Oil Filter","Outer diameter","76 mm (Approx. 2.99"")","https://www.oilfilter-crossreference.com/convert/MANN-FILTER/W712/34(10)"
"EL53410","W712/34(10)","Oil Filter","Inner diameter 1","62 mm (Approx. 2.44"")","https://www.oilfilter-crossreference.com/convert/MANN-FILTER/W712/34(10)"
"EL53410","W712/34(10)","Oil Filter","Inner diameter 2","71 mm (Approx. 2.80"")","https://www.oilfilter-crossreference.com/convert/MANN-FILTER/W712/34(10)"
"EL53410","W712/34(10)","Oil Filter","Height","79 mm (Approx. 3.11"")","https://www.oilfilter-crossreference.com/convert/MANN-FILTER/W712/34(10)"
"EL51235","W712/35","Oil Filter","Product type","Oil Filter| Filter, operating hydraulics| Filter, crankcase breather","https://www.oilfilter-crossreference.com/convert/MANN-FILTER/W712/35"
"EL51235","W712/35","Oil Filter","Thread measurement","3/4-16 UNF","https://www.oilfilter-crossreference.com/convert/MANN-FILTER/W712/35"
"EL51235","W712/35","Oil Filter","Outer diameter","76 mm (Approx. 2.99"")","https://www.oilfilter-crossreference.com/convert/MANN-FILTER/W712/35"
"EL51235","W712/35","Oil Filter","Inner diameter 1","62 mm (Approx. 2.44"")","https://www.oilfilter-crossreference.com/convert/MANN-FILTER/W712/35"
"EL51235","W712/35","Oil Filter","Inner diameter 2","71 mm (Approx. 2.80"")","https://www.oilfilter-crossreference.com/convert/MANN-FILTER/W712/35"
"EL51235","W712/35","Oil Filter","Height","79 mm (Approx. 3.11"")","https://www.oilfilter-crossreference.com/convert/MANN-FILTER/W712/35"
"EL51237","W712/37","Oil Filter","Product type","Oil Filter| Filter, operating hydraulics| Filter, crankcase breather","https://www.oilfilter-crossreference.com/convert/MANN-FILTER/W712/37"
"EL51237","W712/37","Oil Filter","Thread measurement","3/4-16 UNF","https://www.oilfilter-crossreference.com/convert/MANN-FILTER/W712/37"
"EL51237","W712/37","Oil Filter","Outer diameter","76 mm (Approx. 2.99"")","https://www.oilfilter-crossreference.com/convert/MANN-FILTER/W712/37"
"EL51237","W712/37","Oil Filter","Inner diameter 1","62 mm (Approx. 2.44"")","https://www.oilfilter-crossreference.com/convert/MANN-FILTER/W712/37"
"EL51237","W712/37","Oil Filter","Inner diameter 2","71 mm (Approx. 2.80"")","https://www.oilfilter-crossreference.com/convert/MANN-FILTER/W712/37"
"EL51237","W712/37","Oil Filter","Height","79 mm (Approx. 3.11"")","https://www.oilfilter-crossreference.com/convert/MANN-FILTER/W712/37"
"EL51239","W712/39","Oil Filter","Product type","Oil Filter| Filter, operating hydraulics| Filter, crankcase breather","https://www.oilfilter-crossreference.com/convert/MANN-FILTER/W712/39"
"EL51239","W712/39","Oil Filter","Thread measurement","3/4-16 UNF","https://www.oilfilter-crossreference.com/convert/MANN-FILTER/W712/39"
"EL51239","W712/39","Oil Filter","Outer diameter","76 mm (Approx. 2.99"")","https://www.oilfilter-crossreference.com/convert/MANN-FILTER/W712/39"
"EL51239","W712/39","Oil Filter","Inner diameter 1","62 mm (Approx. 2.44"")","https://www.oilfilter-crossreference.com/convert/MANN-FILTER/W712/39"
"EL51239","W712/39","Oil Filter","Inner diameter 2","71 mm (Approx. 2.80"")","https://www.oilfilter-crossreference.com/convert/MANN-FILTER/W712/39"
"EL51239","W712/39","Oil Filter","Height","79 mm (Approx. 3.11"")","https://www.oilfilter-crossreference.com/convert/MANN-FILTER/W712/39"
"EL54310","W712/43(10)","Oil Filter","Product type","Oil Filter| Filter, operating hydraulics| Filter, crankcase breather","https://www.oilfilter-crossreference.com/convert/MANN-FILTER/W712/43(10)"
"EL54310","W712/43(10)","Oil Filter","Thread measurement","3/4-16 UNF","https://www.oilfilter-crossreference.com/convert/MANN-FILTER/W712/43(10)"
"EL54310","W712/43(10)","Oil Filter","Outer diameter","76 mm (Approx. 2.99"")","https://www.oilfilter-crossreference.com/convert/MANN-FILTER/W712/43(10)"
"EL54310","W712/43(10)","Oil Filter","Inner diameter 1","62 mm (Approx. 2.44"")","https://www.oilfilter-crossreference.com/convert/MANN-FILTER/W712/43(10)"
"EL54310","W712/43(10)","Oil Filter","Inner diameter 2","71 mm (Approx. 2.80"")","https://www.oilfilter-crossreference.com/convert/MANN-FILTER/W712/43(10)"
"EL54310","W712/43(10)","Oil Filter","Height","79 mm (Approx. 3.11"")","https://www.oilfilter-crossreference.com/convert/MANN-FILTER/W712/43(10)"
"EL57125","W712/5","Oil Filter","Product type","Oil Filter| Filter, operating hydraulics| Filter, crankcase breather","https://www.oilfilter-crossreference.com/convert/MANN-FILTER/W712/5"
"EL57125","W712/5","Oil Filter","Thread measurement","3/4-16 UNF","https://www.oilfilter-crossreference.com/convert/MANN-FILTER/W712/5"
"EL57125","W712/5","Oil Filter","Outer diameter","76 mm (Approx. 2.99"")","https://www.oilfilter-crossreference.com/convert/MANN-FILTER/W712/5"
"EL57125","W712/5","Oil Filter","Inner diameter 1","62 mm (Approx. 2.44"")","https://www.oilfilter-crossreference.com/convert/MANN-FILTER/W712/5"
"EL57125","W712/5","Oil Filter","Inner diameter 2","71 mm (Approx. 2.80"")","https://www.oilfilter-crossreference.com/convert/MANN-FILTER/W712/5"
"EL57125","W712/5","Oil Filter","Height","79 mm (Approx. 3.11"")","https://www.oilfilter-crossreference.com/convert/MANN-FILTER/W712/5"
"EL51253","W712/53","Oil Filter","Product type","Oil Filter| Filter, operating hydraulics| Filter, crankcase breather","https://www.oilfilter-crossreference.com/convert/MANN-FILTER/W712/53"
"EL51253","W712/53","Oil Filter","Thread measurement","3/4-16 UNF","https://www.oilfilter-crossreference.com/convert/MANN-FILTER/W712/53"
"EL51253","W712/53","Oil Filter","Outer diameter","76 mm (Approx. 2.99"")","https://www.oilfilter-crossreference.com/convert/MANN-FILTER/W712/53"
"EL51253","W712/53","Oil Filter","Inner diameter 1","62 mm (Approx. 2.44"")","https://www.oilfilter-crossreference.com/convert/MANN-FILTER/W712/53"
"EL51253","W712/53","Oil Filter","Inner diameter 2","71 mm (Approx. 2.80"")","https://www.oilfilter-crossreference.com/convert/MANN-FILTER/W712/53"
"EL51253","W712/53","Oil Filter","Height","79 mm (Approx. 3.11"")","https://www.oilfilter-crossreference.com/convert/MANN-FILTER/W712/53"
"EL57125","W712/5X","Oil Filter","Product type","Oil Filter| Filter, operating hydraulics| Filter, crankcase breather","https://www.oilfilter-crossreference.com/convert/MANN-FILTER/W712/5X"
"EL57125","W712/5X","Oil Filter","Thread measurement","3/4-16 UNF","https://www.oilfilter-crossreference.com/convert/MANN-FILTER/W712/5X"
"EL57125","W712/5X","Oil Filter","Outer diameter","76 mm (Approx. 2.99"")","https://www.oilfilter-crossreference.com/convert/MANN-FILTER/W712/5X"
"EL57125","W712/5X","Oil Filter","Inner diameter 1","62 mm (Approx. 2.44"")","https://www.oilfilter-crossreference.com/convert/MANN-FILTER/W712/5X"
"EL57125","W712/5X","Oil Filter","Inner diameter 2","71 mm (Approx. 2.80"")","https://www.oilfilter-crossreference.com/convert/MANN-FILTER/W712/5X"
"EL57125","W712/5X","Oil Filter","Height","79 mm (Approx. 3.11"")","https://www.oilfilter-crossreference.com/convert/MANN-FILTER/W712/5X"
"EL51260","W712/60","Oil Filter","Product type","Oil Filter| Filter, operating hydraulics| Filter, crankcase breather","https://www.oilfilter-crossreference.com/convert/MANN-FILTER/W712/60"
"EL51260","W712/60","Oil Filter","Thread measurement","3/4-16 UNF","https://www.oilfilter-crossreference.com/convert/MANN-FILTER/W712/60"
"EL51260","W712/60","Oil Filter","Outer diameter","76 mm (Approx. 2.99"")","https://www.oilfilter-crossreference.com/convert/MANN-FILTER/W712/60"
"EL51260","W712/60","Oil Filter","Inner diameter 1","62 mm (Approx. 2.44"")","https://www.oilfilter-crossreference.com/convert/MANN-FILTER/W712/60"
"EL51260","W712/60","Oil Filter","Inner diameter 2","71 mm (Approx. 2.80"")","https://www.oilfilter-crossreference.com/convert/MANN-FILTER/W712/60"
"EL51260","W712/60","Oil Filter","Height","79 mm (Approx. 3.11"")","https://www.oilfilter-crossreference.com/convert/MANN-FILTER/W712/60"
"EL51261","W712/61","Oil Filter","Product type","Oil Filter| Filter, operating hydraulics| Filter, crankcase breather","https://www.oilfilter-crossreference.com/convert/MANN-FILTER/W712/61"
"EL51261","W712/61","Oil Filter","Thread measurement","3/4-16 UNF","https://www.oilfilter-crossreference.com/convert/MANN-FILTER/W712/61"
"EL51261","W712/61","Oil Filter","Outer diameter","76 mm (Approx. 2.99"")","https://www.oilfilter-crossreference.com/convert/MANN-FILTER/W712/61"
"EL51261","W712/61","Oil Filter","Inner diameter 1","62 mm (Approx. 2.44"")","https://www.oilfilter-crossreference.com/convert/MANN-FILTER/W712/61"
"EL51261","W712/61","Oil Filter","Inner diameter 2","71 mm (Approx. 2.80"")","https://www.oilfilter-crossreference.com/convert/MANN-FILTER/W712/61"
"EL51261","W712/61","Oil Filter","Height","79 mm (Approx. 3.11"")","https://www.oilfilter-crossreference.com/convert/MANN-FILTER/W712/61"
"EL57126","W712/6N","Oil Filter","Product type","Oil Filter| Filter, operating hydraulics| Filter, crankcase breather","https://www.oilfilter-crossreference.com/convert/MANN-FILTER/W712/6N"
"EL57126","W712/6N","Oil Filter","Thread measurement","3/4-16 UNF","https://www.oilfilter-crossreference.com/convert/MANN-FILTER/W712/6N"
"EL57126","W712/6N","Oil Filter","Outer diameter","76 mm (Approx. 2.99"")","https://www.oilfilter-crossreference.com/convert/MANN-FILTER/W712/6N"
"EL57126","W712/6N","Oil Filter","Inner diameter 1","62 mm (Approx. 2.44"")","https://www.oilfilter-crossreference.com/convert/MANN-FILTER/W712/6N"
"EL57126","W712/6N","Oil Filter","Inner diameter 2","71 mm (Approx. 2.80"")","https://www.oilfilter-crossreference.com/convert/MANN-FILTER/W712/6N"
"EL57126","W712/6N","Oil Filter","Height","79 mm (Approx. 3.11"")","https://www.oilfilter-crossreference.com/convert/MANN-FILTER/W712/6N"
"EL57127","W712/7","Oil Filter","Product type","Oil Filter| Filter, operating hydraulics| Filter, crankcase breather","https://www.oilfilter-crossreference.com/convert/MANN-FILTER/W712/7"
"EL57127","W712/7","Oil Filter","Thread measurement","3/4-16 UNF","https://www.oilfilter-crossreference.com/convert/MANN-FILTER/W712/7"
"EL57127","W712/7","Oil Filter","Outer diameter","76 mm (Approx. 2.99"")","https://www.oilfilter-crossreference.com/convert/MANN-FILTER/W712/7"
"EL57127","W712/7","Oil Filter","Inner diameter 1","62 mm (Approx. 2.44"")","https://www.oilfilter-crossreference.com/convert/MANN-FILTER/W712/7"
"EL57127","W712/7","Oil Filter","Inner diameter 2","71 mm (Approx. 2.80"")","https://www.oilfilter-crossreference.com/convert/MANN-FILTER/W712/7"
"EL57127","W712/7","Oil Filter","Height","79 mm (Approx. 3.11"")","https://www.oilfilter-crossreference.com/convert/MANN-FILTER/W712/7"
"EL51273","W712/73M","Oil Filter","Product type","Oil Filter| Filter, operating hydraulics| Filter, crankcase breather","https://www.oilfilter-crossreference.com/convert/MANN-FILTER/W712/73M"
"EL51273","W712/73M","Oil Filter","Thread measurement","3/4-16 UNF","https://www.oilfilter-crossreference.com/convert/MANN-FILTER/W712/73M"
"EL51273","W712/73M","Oil Filter","Outer diameter","76 mm (Approx. 2.99"")","https://www.oilfilter-crossreference.com/convert/MANN-FILTER/W712/73M"
"EL51273","W712/73M","Oil Filter","Inner diameter 1","62 mm (Approx. 2.44"")","https://www.oilfilter-crossreference.com/convert/MANN-FILTER/W712/73M"
"EL51273","W712/73M","Oil Filter","Inner diameter 2","71 mm (Approx. 2.80"")","https://www.oilfilter-crossreference.com/convert/MANN-FILTER/W712/73M"
"EL51273","W712/73M","Oil Filter","Height","79 mm (Approx. 3.11"")","https://www.oilfilter-crossreference.com/convert/MANN-FILTER/W712/73M"
"EL51275","W712/75M","Oil Filter","Product type","Oil Filter| Filter, operating hydraulics| Filter, crankcase breather","https://www.oilfilter-crossreference.com/convert/MANN-FILTER/W712/75M"
"EL51275","W712/75M","Oil Filter","Thread measurement","3/4-16 UNF","https://www.oilfilter-crossreference.com/convert/MANN-FILTER/W712/75M"
"EL51275","W712/75M","Oil Filter","Outer diameter","76 mm (Approx. 2.99"")","https://www.oilfilter-crossreference.com/convert/MANN-FILTER/W712/75M"
"EL51275","W712/75M","Oil Filter","Inner diameter 1","62 mm (Approx. 2.44"")","https://www.oilfilter-crossreference.com/convert/MANN-FILTER/W712/75M"
"EL51275","W712/75M","Oil Filter","Inner diameter 2","71 mm (Approx. 2.80"")","https://www.oilfilter-crossreference.com/convert/MANN-FILTER/W712/75M"
"EL51275","W712/75M","Oil Filter","Height","79 mm (Approx. 3.11"")","https://www.oilfilter-crossreference.com/convert/MANN-FILTER/W712/75M"
"EL52810","W712/8(10)","Oil Filter","Product type","Oil Filter| Filter, operating hydraulics| Filter, crankcase breather","https://www.oilfilter-crossreference.com/convert/MANN-FILTER/W712/8(10)"
"EL52810","W712/8(10)","Oil Filter","Thread measurement","3/4-16 UNF","https://www.oilfilter-crossreference.com/convert/MANN-FILTER/W712/8(10)"
"EL52810","W712/8(10)","Oil Filter","Outer diameter","76 mm (Approx. 2.99"")","https://www.oilfilter-crossreference.com/convert/MANN-FILTER/W712/8(10)"
"EL52810","W712/8(10)","Oil Filter","Inner diameter 1","62 mm (Approx. 2.44"")","https://www.oilfilter-crossreference.com/convert/MANN-FILTER/W712/8(10)"
"EL52810","W712/8(10)","Oil Filter","Inner diameter 2","71 mm (Approx. 2.80"")","https://www.oilfilter-crossreference.com/convert/MANN-FILTER/W712/8(10)"
"EL52810","W712/8(10)","Oil Filter","Height","79 mm (Approx. 3.11"")","https://www.oilfilter-crossreference.com/convert/MANN-FILTER/W712/8(10)"
"EL51281","W712/81","Oil Filter","Product type","Oil Filter| Filter, operating hydraulics| Filter, crankcase breather","https://www.oilfilter-crossreference.com/convert/MANN-FILTER/W712/81"
"EL51281","W712/81","Oil Filter","Thread measurement","3/4-16 UNF","https://www.oilfilter-crossreference.com/convert/MANN-FILTER/W712/81"
"EL51281","W712/81","Oil Filter","Outer diameter","76 mm (Approx. 2.99"")","https://www.oilfilter-crossreference.com/convert/MANN-FILTER/W712/81"
"EL51281","W712/81","Oil Filter","Inner diameter 1","62 mm (Approx. 2.44"")","https://www.oilfilter-crossreference.com/convert/MANN-FILTER/W712/81"
"EL51281","W712/81","Oil Filter","Inner diameter 2","71 mm (Approx. 2.80"")","https://www.oilfilter-crossreference.com/convert/MANN-FILTER/W712/81"
"EL51281","W712/81","Oil Filter","Height","79 mm (Approx. 3.11"")","https://www.oilfilter-crossreference.com/convert/MANN-FILTER/W712/81"
"EL51283","W712/83M","Oil Filter","Product type","Oil Filter| Filter, operating hydraulics| Filter, crankcase breather","https://www.oilfilter-crossreference.com/convert/MANN-FILTER/W712/83M"
"EL51283","W712/83M","Oil Filter","Thread measurement","3/4-16 UNF","https://www.oilfilter-crossreference.com/convert/MANN-FILTER/W712/83M"
"EL51283","W712/83M","Oil Filter","Outer diameter","76 mm (Approx. 2.99"")","https://www.oilfilter-crossreference.com/convert/MANN-FILTER/W712/83M"
"EL51283","W712/83M","Oil Filter","Inner diameter 1","62 mm (Approx. 2.44"")","https://www.oilfilter-crossreference.com/convert/MANN-FILTER/W712/83M"
"EL51283","W712/83M","Oil Filter","Inner diameter 2","71 mm (Approx. 2.80"")","https://www.oilfilter-crossreference.com/convert/MANN-FILTER/W712/83M"
"EL51283","W712/83M","Oil Filter","Height","79 mm (Approx. 3.11"")","https://www.oilfilter-crossreference.com/convert/MANN-FILTER/W712/83M"
"EL51290","W712/90M","Oil Filter","Product type","Oil Filter| Filter, operating hydraulics| Filter, crankcase breather","https://www.oilfilter-crossreference.com/convert/MANN-FILTER/W712/90M"
"EL51290","W712/90M","Oil Filter","Thread measurement","3/4-16 UNF","https://www.oilfilter-crossreference.com/convert/MANN-FILTER/W712/90M"
"EL51290","W712/90M","Oil Filter","Outer diameter","76 mm (Approx. 2.99"")","https://www.oilfilter-crossreference.com/convert/MANN-FILTER/W712/90M"
"EL51290","W712/90M","Oil Filter","Inner diameter 1","62 mm (Approx. 2.44"")","https://www.oilfilter-crossreference.com/convert/MANN-FILTER/W712/90M"
"EL51290","W712/90M","Oil Filter","Inner diameter 2","71 mm (Approx. 2.80"")","https://www.oilfilter-crossreference.com/convert/MANN-FILTER/W712/90M"
"EL51290","W712/90M","Oil Filter","Height","79 mm (Approx. 3.11"")","https://www.oilfilter-crossreference.com/convert/MANN-FILTER/W712/90M"
"EL59210","W712/92(10)","Oil Filter","Product type","Oil Filter| Filter, operating hydraulics| Filter, crankcase breather","https://www.oilfilter-crossreference.com/convert/MANN-FILTER/W712/92(10)"
"EL59210","W712/92(10)","Oil Filter","Thread measurement","3/4-16 UNF","https://www.oilfilter-crossreference.com/convert/MANN-FILTER/W712/92(10)"
"EL59210","W712/92(10)","Oil Filter","Outer diameter","76 mm (Approx. 2.99"")","https://www.oilfilter-crossreference.com/convert/MANN-FILTER/W712/92(10)"
"EL59210","W712/92(10)","Oil Filter","Inner diameter 1","62 mm (Approx. 2.44"")","https://www.oilfilter-crossreference.com/convert/MANN-FILTER/W712/92(10)"
"EL59210","W712/92(10)","Oil Filter","Inner diameter 2","71 mm (Approx. 2.80"")","https://www.oilfilter-crossreference.com/convert/MANN-FILTER/W712/92(10)"
"EL59210","W712/92(10)","Oil Filter","Height","79 mm (Approx. 3.11"")","https://www.oilfilter-crossreference.com/convert/MANN-FILTER/W712/92(10)"
"EL51292","W712/92M","Oil Filter","Product type","Oil Filter| Filter, operating hydraulics| Filter, crankcase breather","https://www.oilfilter-crossreference.com/convert/MANN-FILTER/W712/92M"
"EL51292","W712/92M","Oil Filter","Thread measurement","3/4-16 UNF","https://www.oilfilter-crossreference.com/convert/MANN-FILTER/W712/92M"
"EL51292","W712/92M","Oil Filter","Outer diameter","76 mm (Approx. 2.99"")","https://www.oilfilter-crossreference.com/convert/MANN-FILTER/W712/92M"
"EL51292","W712/92M","Oil Filter","Inner diameter 1","62 mm (Approx. 2.44"")","https://www.oilfilter-crossreference.com/convert/MANN-FILTER/W712/92M"
"EL51292","W712/92M","Oil Filter","Inner diameter 2","71 mm (Approx. 2.80"")","https://www.oilfilter-crossreference.com/convert/MANN-FILTER/W712/92M"
"EL51292","W712/92M","Oil Filter","Height","79 mm (Approx. 3.11"")","https://www.oilfilter-crossreference.com/convert/MANN-FILTER/W712/92M"
"EL51294","W712/94M","Oil Filter","Product type","Oil Filter| Filter, operating hydraulics| Filter, crankcase breather","https://www.oilfilter-crossreference.com/convert/MANN-FILTER/W712/94M"
"EL51294","W712/94M","Oil Filter","Thread measurement","3/4-16 UNF","https://www.oilfilter-crossreference.com/convert/MANN-FILTER/W712/94M"
"EL51294","W712/94M","Oil Filter","Outer diameter","76 mm (Approx. 2.99"")","https://www.oilfilter-crossreference.com/convert/MANN-FILTER/W712/94M"
"EL51294","W712/94M","Oil Filter","Inner diameter 1","62 mm (Approx. 2.44"")","https://www.oilfilter-crossreference.com/convert/MANN-FILTER/W712/94M"
"EL51294","W712/94M","Oil Filter","Inner diameter 2","71 mm (Approx. 2.80"")","https://www.oilfilter-crossreference.com/convert/MANN-FILTER/W712/94M"
"EL51294","W712/94M","Oil Filter","Height","79 mm (Approx. 3.11"")","https://www.oilfilter-crossreference.com/convert/MANN-FILTER/W712/94M"
"EL57181","W718/1","Oil Filter","Product type","Oil Filter","https://www.oilfilter-crossreference.com/convert/MANN-FILTER/W718/1"
"EL57181","W718/1","Oil Filter","Thread measurement","3/4-16 UNF","https://www.oilfilter-crossreference.com/convert/MANN-FILTER/W718/1"
"EL57181","W718/1","Oil Filter","Outer diameter","76 mm (Approx. 2.99"")","https://www.oilfilter-crossreference.com/convert/MANN-FILTER/W718/1"
"EL57181","W718/1","Oil Filter","Inner diameter 1","62 mm (Approx. 2.44"")","https://www.oilfilter-crossreference.com/convert/MANN-FILTER/W718/1"
"EL57181","W718/1","Oil Filter","Inner diameter 2","71 mm (Approx. 2.80"")","https://www.oilfilter-crossreference.com/convert/MANN-FILTER/W718/1"
"EL57181","W718/1","Oil Filter","Height","123 mm (Approx. 4.84"")","https://www.oilfilter-crossreference.com/convert/MANN-FILTER/W718/1"
"EL50773","W77/3","Oil Filter","Product type","Oil Filter","https://www.oilfilter-crossreference.com/convert/MANN-FILTER/W77/3"
"EL50773","W77/3","Oil Filter","Thread measurement","3/4-16 UNF","https://www.oilfilter-crossreference.com/convert/MANN-FILTER/W77/3"
"EL50773","W77/3","Oil Filter","Outer diameter","76 mm (Approx. 2.99"")","https://www.oilfilter-crossreference.com/convert/MANN-FILTER/W77/3"
"EL50773","W77/3","Oil Filter","Inner diameter 1","62 mm (Approx. 2.44"")","https://www.oilfilter-crossreference.com/convert/MANN-FILTER/W77/3"
"EL50773","W77/3","Oil Filter","Inner diameter 2","71 mm (Approx. 2.80"")","https://www.oilfilter-crossreference.com/convert/MANN-FILTER/W77/3"
"EL50773","W77/3","Oil Filter","Height","59 mm (Approx. 2.32"")","https://www.oilfilter-crossreference.com/convert/MANN-FILTER/W77/3"
"EL50793","W79/3","Oil Filter","Product type","Oil Filter","https://www.oilfilter-crossreference.com/convert/MANN-FILTER/W79/3"
"EL50793","W79/3","Oil Filter","Thread measurement","M 20 X 1.5","https://www.oilfilter-crossreference.com/convert/MANN-FILTER/W79/3"
"EL50793","W79/3","Oil Filter","Outer diameter","76 mm (Approx. 2.99"")","https://www.oilfilter-crossreference.com/convert/MANN-FILTER/W79/3"
"EL50793","W79/3","Oil Filter","Inner diameter 1","62 mm (Approx. 2.44"")","https://www.oilfilter-crossreference.com/convert/MANN-FILTER/W79/3"
"EL50793","W79/3","Oil Filter","Inner diameter 2","71 mm (Approx. 2.80"")","https://www.oilfilter-crossreference.com/convert/MANN-FILTER/W79/3"
"EL50793","W79/3","Oil Filter","Height","64 mm (Approx. 2.52"")","https://www.oilfilter-crossreference.com/convert/MANN-FILTER/W79/3"
"EL50811","W811","Oil Filter","Product type","Oil Filter","https://www.oilfilter-crossreference.com/convert/MANN-FILTER/W811"
"EL50811","W811","Oil Filter","Thread measurement","M 16 X 1.5","https://www.oilfilter-crossreference.com/convert/MANN-FILTER/W811"
"EL50811","W811","Oil Filter","Outer diameter","76 mm (Approx. 2.99"")","https://www.oilfilter-crossreference.com/convert/MANN-FILTER/W811"
"EL50811","W811","Oil Filter","Inner diameter 1","62 mm (Approx. 2.44"")","https://www.oilfilter-crossreference.com/convert/MANN-FILTER/W811"
"EL50811","W811","Oil Filter","Inner diameter 2","71 mm (Approx. 2.80"")","https://www.oilfilter-crossreference.com/convert/MANN-FILTER/W811"
"EL50811","W811","Oil Filter","Height","79 mm (Approx. 3.11"")","https://www.oilfilter-crossreference.com/convert/MANN-FILTER/W811"
"EL51180","W811/80IBAOYANG","Oil Filter","Product type","Oil Filter","https://www.oilfilter-crossreference.com/convert/MANN-FILTER/W811/80IBAOYANG"
"EL51180","W811/80IBAOYANG","Oil Filter","Thread measurement","M 16 X 1.5","https://www.oilfilter-crossreference.com/convert/MANN-FILTER/W811/80IBAOYANG"
"EL51180","W811/80IBAOYANG","Oil Filter","Outer diameter","76 mm (Approx. 2.99"")","https://www.oilfilter-crossreference.com/convert/MANN-FILTER/W811/80IBAOYANG"
"EL51180","W811/80IBAOYANG","Oil Filter","Inner diameter 1","62 mm (Approx. 2.44"")","https://www.oilfilter-crossreference.com/convert/MANN-FILTER/W811/80IBAOYANG"
"EL51180","W811/80IBAOYANG","Oil Filter","Inner diameter 2","71 mm (Approx. 2.80"")","https://www.oilfilter-crossreference.com/convert/MANN-FILTER/W811/80IBAOYANG"
"EL51180","W811/80IBAOYANG","Oil Filter","Height","79 mm (Approx. 3.11"")","https://www.oilfilter-crossreference.com/convert/MANN-FILTER/W811/80IBAOYANG"
"EL51181","W811/81X","Oil Filter","Product type","Oil Filter","https://www.oilfilter-crossreference.com/convert/MANN-FILTER/W811/81X"
"EL51181","W811/81X","Oil Filter","Thread measurement","M 16 X 1.5","https://www.oilfilter-crossreference.com/convert/MANN-FILTER/W811/81X"
"EL51181","W811/81X","Oil Filter","Outer diameter","76 mm (Approx. 2.99"")","https://www.oilfilter-crossreference.com/convert/MANN-FILTER/W811/81X"
"EL51181","W811/81X","Oil Filter","Inner diameter 1","62 mm (Approx. 2.44"")","https://www.oilfilter-crossreference.com/convert/MANN-FILTER/W811/81X"
"EL51181","W811/81X","Oil Filter","Inner diameter 2","71 mm (Approx. 2.80"")","https://www.oilfilter-crossreference.com/convert/MANN-FILTER/W811/81X"
"EL51181","W811/81X","Oil Filter","Height","79 mm (Approx. 3.11"")","https://www.oilfilter-crossreference.com/convert/MANN-FILTER/W811/81X"
"EL58151","W815/1","Oil Filter","Product type","Oil Filter","https://www.oilfilter-crossreference.com/convert/MANN-FILTER/W815/1"
"EL58151","W815/1","Oil Filter","Thread measurement","M 20 X 1.5","https://www.oilfilter-crossreference.com/convert/MANN-FILTER/W815/1"
"EL58151","W815/1","Oil Filter","Outer diameter","86 mm (Approx. 3.39"")","https://www.oilfilter-crossreference.com/convert/MANN-FILTER/W815/1"
"EL58151","W815/1","Oil Filter","Inner diameter 1","62 mm (Approx. 2.44"")","https://www.oilfilter-crossreference.com/convert/MANN-FILTER/W815/1"
"EL58151","W815/1","Oil Filter","Inner diameter 2","71 mm (Approx. 2.80"")","https://www.oilfilter-crossreference.com/convert/MANN-FILTER/W815/1"
"EL58151","W815/1","Oil Filter","Height","89 mm (Approx. 3.50"")","https://www.oilfilter-crossreference.com/convert/MANN-FILTER/W815/1"
"EL58153","W815/3X","Oil Filter","Product type","Oil Filter","https://www.oilfilter-crossreference.com/convert/MANN-FILTER/W815/3X"
"EL58153","W815/3X","Oil Filter","Thread measurement","M 20 X 1.5","https://www.oilfilter-crossreference.com/convert/MANN-FILTER/W815/3X"
"EL58153","W815/3X","Oil Filter","Outer diameter","86 mm (Approx. 3.39"")","https://www.oilfilter-crossreference.com/convert/MANN-FILTER/W815/3X"
"EL58153","W815/3X","Oil Filter","Inner diameter 1","62 mm (Approx. 2.44"")","https://www.oilfilter-crossreference.com/convert/MANN-FILTER/W815/3X"
"EL58153","W815/3X","Oil Filter","Inner diameter 2","71 mm (Approx. 2.80"")","https://www.oilfilter-crossreference.com/convert/MANN-FILTER/W815/3X"
"EL58153","W815/3X","Oil Filter","Height","89 mm (Approx. 3.50"")","https://www.oilfilter-crossreference.com/convert/MANN-FILTER/W815/3X"
"EL58154","W815/4","Oil Filter","Product type","Oil Filter","https://www.oilfilter-crossreference.com/convert/MANN-FILTER/W815/4"
"EL58154","W815/4","Oil Filter","Thread measurement","M 20 X 1.5","https://www.oilfilter-crossreference.com/convert/MANN-FILTER/W815/4"
"EL58154","W815/4","Oil Filter","Outer diameter","86 mm (Approx. 3.39"")","https://www.oilfilter-crossreference.com/convert/MANN-FILTER/W815/4"
"EL58154","W815/4","Oil Filter","Inner diameter 1","62 mm (Approx. 2.44"")","https://www.oilfilter-crossreference.com/convert/MANN-FILTER/W815/4"
"EL58154","W815/4","Oil Filter","Inner diameter 2","71 mm (Approx. 2.80"")","https://www.oilfilter-crossreference.com/convert/MANN-FILTER/W815/4"
"EL58154","W815/4","Oil Filter","Height","89 mm (Approx. 3.50"")","https://www.oilfilter-crossreference.com/convert/MANN-FILTER/W815/4"
"EL51580","W815/80X","Oil Filter","Product type","Oil Filter","https://www.oilfilter-crossreference.com/convert/MANN-FILTER/W815/80X"
"EL51580","W815/80X","Oil Filter","Thread measurement","M 20 X 1.5","https://www.oilfilter-crossreference.com/convert/MANN-FILTER/W815/80X"
"EL51580","W815/80X","Oil Filter","Outer diameter","86 mm (Approx. 3.39"")","https://www.oilfilter-crossreference.com/convert/MANN-FILTER/W815/80X"
"EL51580","W815/80X","Oil Filter","Inner diameter 1","62 mm (Approx. 2.44"")","https://www.oilfilter-crossreference.com/convert/MANN-FILTER/W815/80X"
"EL51580","W815/80X","Oil Filter","Inner diameter 2","71 mm (Approx. 2.80"")","https://www.oilfilter-crossreference.com/convert/MANN-FILTER/W815/80X"
"EL51580","W815/80X","Oil Filter","Height","89 mm (Approx. 3.50"")","https://www.oilfilter-crossreference.com/convert/MANN-FILTER/W815/80X"
"EL59201","W920/1","Oil Filter","Product type","Oil Filter| Hydraulic Filter, automatic transmission| Filter, operating hydraulics","https://www.oilfilter-crossreference.com/convert/MANN-FILTER/W920/1"
"EL59201","W920/1","Oil Filter","Thread measurement","3/4-16 UNF","https://www.oilfilter-crossreference.com/convert/MANN-FILTER/W920/1"
"EL59201","W920/1","Oil Filter","Outer diameter","93 mm (Approx. 3.66"")","https://www.oilfilter-crossreference.com/convert/MANN-FILTER/W920/1"
"EL59201","W920/1","Oil Filter","Inner diameter 1","62 mm (Approx. 2.44"")","https://www.oilfilter-crossreference.com/convert/MANN-FILTER/W920/1"
"EL59201","W920/1","Oil Filter","Inner diameter 2","71 mm (Approx. 2.80"")","https://www.oilfilter-crossreference.com/convert/MANN-FILTER/W920/1"
"EL59201","W920/1","Oil Filter","Height","95 mm (Approx. 3.74"")","https://www.oilfilter-crossreference.com/convert/MANN-FILTER/W920/1"
"EL52012","W920/12","Oil Filter","Product type","Oil Filter| Hydraulic Filter, automatic transmission| Filter, operating hydraulics","https://www.oilfilter-crossreference.com/convert/MANN-FILTER/W920/12"
"EL52012","W920/12","Oil Filter","Thread measurement","3/4-16 UNF","https://www.oilfilter-crossreference.com/convert/MANN-FILTER/W920/12"
"EL52012","W920/12","Oil Filter","Outer diameter","93 mm (Approx. 3.66"")","https://www.oilfilter-crossreference.com/convert/MANN-FILTER/W920/12"
"EL52012","W920/12","Oil Filter","Inner diameter 1","62 mm (Approx. 2.44"")","https://www.oilfilter-crossreference.com/convert/MANN-FILTER/W920/12"
"EL52012","W920/12","Oil Filter","Inner diameter 2","71 mm (Approx. 2.80"")","https://www.oilfilter-crossreference.com/convert/MANN-FILTER/W920/12"
"EL52012","W920/12","Oil Filter","Height","95 mm (Approx. 3.74"")","https://www.oilfilter-crossreference.com/convert/MANN-FILTER/W920/12"
"EL52013","W920/13","Oil Filter","Product type","Oil Filter| Hydraulic Filter, automatic transmission| Filter, operating hydraulics","https://www.oilfilter-crossreference.com/convert/MANN-FILTER/W920/13"
"EL52013","W920/13","Oil Filter","Thread measurement","3/4-16 UNF","https://www.oilfilter-crossreference.com/convert/MANN-FILTER/W920/13"
"EL52013","W920/13","Oil Filter","Outer diameter","93 mm (Approx. 3.66"")","https://www.oilfilter-crossreference.com/convert/MANN-FILTER/W920/13"
"EL52013","W920/13","Oil Filter","Inner diameter 1","62 mm (Approx. 2.44"")","https://www.oilfilter-crossreference.com/convert/MANN-FILTER/W920/13"
"EL52013","W920/13","Oil Filter","Inner diameter 2","71 mm (Approx. 2.80"")","https://www.oilfilter-crossreference.com/convert/MANN-FILTER/W920/13"
"EL52013","W920/13","Oil Filter","Height","95 mm (Approx. 3.74"")","https://www.oilfilter-crossreference.com/convert/MANN-FILTER/W920/13"
"EL52015","W920/15","Oil Filter","Product type","Oil Filter| Hydraulic Filter, automatic transmission| Filter, operating hydraulics","https://www.oilfilter-crossreference.com/convert/MANN-FILTER/W920/15"
"EL52015","W920/15","Oil Filter","Thread measurement","3/4-16 UNF","https://www.oilfilter-crossreference.com/convert/MANN-FILTER/W920/15"
"EL52015","W920/15","Oil Filter","Outer diameter","93 mm (Approx. 3.66"")","https://www.oilfilter-crossreference.com/convert/MANN-FILTER/W920/15"
"EL52015","W920/15","Oil Filter","Inner diameter 1","62 mm (Approx. 2.44"")","https://www.oilfilter-crossreference.com/convert/MANN-FILTER/W920/15"
"EL52015","W920/15","Oil Filter","Inner diameter 2","71 mm (Approx. 2.80"")","https://www.oilfilter-crossreference.com/convert/MANN-FILTER/W920/15"
"EL52015","W920/15","Oil Filter","Height","95 mm (Approx. 3.74"")","https://www.oilfilter-crossreference.com/convert/MANN-FILTER/W920/15"
"EL52016","W920/16","Oil Filter","Product type","Oil Filter| Hydraulic Filter, automatic transmission| Filter, operating hydraulics","https://www.oilfilter-crossreference.com/convert/MANN-FILTER/W920/16"
"EL52016","W920/16","Oil Filter","Thread measurement","3/4-16 UNF","https://www.oilfilter-crossreference.com/convert/MANN-FILTER/W920/16"
"EL52016","W920/16","Oil Filter","Outer diameter","93 mm (Approx. 3.66"")","https://www.oilfilter-crossreference.com/convert/MANN-FILTER/W920/16"
"EL52016","W920/16","Oil Filter","Inner diameter 1","62 mm (Approx. 2.44"")","https://www.oilfilter-crossreference.com/convert/MANN-FILTER/W920/16"
"EL52016","W920/16","Oil Filter","Inner diameter 2","71 mm (Approx. 2.80"")","https://www.oilfilter-crossreference.com/convert/MANN-FILTER/W920/16"
"EL52016","W920/16","Oil Filter","Height","95 mm (Approx. 3.74"")","https://www.oilfilter-crossreference.com/convert/MANN-FILTER/W920/16"
"EL52018","W920/18","Oil Filter","Product type","Oil Filter| Hydraulic Filter, automatic transmission| Filter, operating hydraulics","https://www.oilfilter-crossreference.com/convert/MANN-FILTER/W920/18"
"EL52018","W920/18","Oil Filter","Thread measurement","3/4-16 UNF","https://www.oilfilter-crossreference.com/convert/MANN-FILTER/W920/18"
"EL52018","W920/18","Oil Filter","Outer diameter","93 mm (Approx. 3.66"")","https://www.oilfilter-crossreference.com/convert/MANN-FILTER/W920/18"
"EL52018","W920/18","Oil Filter","Inner diameter 1","62 mm (Approx. 2.44"")","https://www.oilfilter-crossreference.com/convert/MANN-FILTER/W920/18"
"EL52018","W920/18","Oil Filter","Inner diameter 2","71 mm (Approx. 2.80"")","https://www.oilfilter-crossreference.com/convert/MANN-FILTER/W920/18"
"EL52018","W920/18","Oil Filter","Height","95 mm (Approx. 3.74"")","https://www.oilfilter-crossreference.com/convert/MANN-FILTER/W920/18"
"EL52019","W920/19","Oil Filter","Product type","Oil Filter| Hydraulic Filter, automatic transmission| Filter, operating hydraulics","https://www.oilfilter-crossreference.com/convert/MANN-FILTER/W920/19"
"EL52019","W920/19","Oil Filter","Thread measurement","3/4-16 UNF","https://www.oilfilter-crossreference.com/convert/MANN-FILTER/W920/19"
"EL52019","W920/19","Oil Filter","Outer diameter","93 mm (Approx. 3.66"")","https://www.oilfilter-crossreference.com/convert/MANN-FILTER/W920/19"
"EL52019","W920/19","Oil Filter","Inner diameter 1","62 mm (Approx. 2.44"")","https://www.oilfilter-crossreference.com/convert/MANN-FILTER/W920/19"
"EL52019","W920/19","Oil Filter","Inner diameter 2","71 mm (Approx. 2.80"")","https://www.oilfilter-crossreference.com/convert/MANN-FILTER/W920/19"
"EL52019","W920/19","Oil Filter","Height","95 mm (Approx. 3.74"")","https://www.oilfilter-crossreference.com/convert/MANN-FILTER/W920/19"
"EL59202","W920/2","Oil Filter","Product type","Oil Filter| Hydraulic Filter, automatic transmission| Filter, operating hydraulics","https://www.oilfilter-crossreference.com/convert/MANN-FILTER/W920/2"
"EL59202","W920/2","Oil Filter","Thread measurement","3/4-16 UNF","https://www.oilfilter-crossreference.com/convert/MANN-FILTER/W920/2"
"EL59202","W920/2","Oil Filter","Outer diameter","93 mm (Approx. 3.66"")","https://www.oilfilter-crossreference.com/convert/MANN-FILTER/W920/2"
"EL59202","W920/2","Oil Filter","Inner diameter 1","62 mm (Approx. 2.44"")","https://www.oilfilter-crossreference.com/convert/MANN-FILTER/W920/2"
"EL59202","W920/2","Oil Filter","Inner diameter 2","71 mm (Approx. 2.80"")","https://www.oilfilter-crossreference.com/convert/MANN-FILTER/W920/2"
"EL59202","W920/2","Oil Filter","Height","95 mm (Approx. 3.74"")","https://www.oilfilter-crossreference.com/convert/MANN-FILTER/W920/2"
"EL52021","W920/21X","Oil Filter","Product type","Oil Filter| Hydraulic Filter, automatic transmission| Filter, operating hydraulics","https://www.oilfilter-crossreference.com/convert/MANN-FILTER/W920/21X"
"EL52021","W920/21X","Oil Filter","Thread measurement","3/4-16 UNF","https://www.oilfilter-crossreference.com/convert/MANN-FILTER/W920/21X"
"EL52021","W920/21X","Oil Filter","Outer diameter","93 mm (Approx. 3.66"")","https://www.oilfilter-crossreference.com/convert/MANN-FILTER/W920/21X"
"EL52021","W920/21X","Oil Filter","Inner diameter 1","62 mm (Approx. 2.44"")","https://www.oilfilter-crossreference.com/convert/MANN-FILTER/W920/21X"
"EL52021","W920/21X","Oil Filter","Inner diameter 2","71 mm (Approx. 2.80"")","https://www.oilfilter-crossreference.com/convert/MANN-FILTER/W920/21X"
"EL52021","W920/21X","Oil Filter","Height","95 mm (Approx. 3.74"")","https://www.oilfilter-crossreference.com/convert/MANN-FILTER/W920/21X"
"EL52022","W920/22","Oil Filter","Product type","Oil Filter| Hydraulic Filter, automatic transmission| Filter, operating hydraulics","https://www.oilfilter-crossreference.com/convert/MANN-FILTER/W920/22"
"EL52022","W920/22","Oil Filter","Thread measurement","3/4-16 UNF","https://www.oilfilter-crossreference.com/convert/MANN-FILTER/W920/22"
"EL52022","W920/22","Oil Filter","Outer diameter","93 mm (Approx. 3.66"")","https://www.oilfilter-crossreference.com/convert/MANN-FILTER/W920/22"
"EL52022","W920/22","Oil Filter","Inner diameter 1","62 mm (Approx. 2.44"")","https://www.oilfilter-crossreference.com/convert/MANN-FILTER/W920/22"
"EL52022","W920/22","Oil Filter","Inner diameter 2","71 mm (Approx. 2.80"")","https://www.oilfilter-crossreference.com/convert/MANN-FILTER/W920/22"
"EL52022","W920/22","Oil Filter","Height","95 mm (Approx. 3.74"")","https://www.oilfilter-crossreference.com/convert/MANN-FILTER/W920/22"
"EL52025","W920/25","Oil Filter","Product type","Oil Filter| Hydraulic Filter, automatic transmission| Filter, operating hydraulics","https://www.oilfilter-crossreference.com/convert/MANN-FILTER/W920/25"
"EL52025","W920/25","Oil Filter","Thread measurement","3/4-16 UNF","https://www.oilfilter-crossreference.com/convert/MANN-FILTER/W920/25"
"EL52025","W920/25","Oil Filter","Outer diameter","93 mm (Approx. 3.66"")","https://www.oilfilter-crossreference.com/convert/MANN-FILTER/W920/25"
"EL52025","W920/25","Oil Filter","Inner diameter 1","62 mm (Approx. 2.44"")","https://www.oilfilter-crossreference.com/convert/MANN-FILTER/W920/25"
"EL52025","W920/25","Oil Filter","Inner diameter 2","71 mm (Approx. 2.80"")","https://www.oilfilter-crossreference.com/convert/MANN-FILTER/W920/25"
"EL52025","W920/25","Oil Filter","Height","95 mm (Approx. 3.74"")","https://www.oilfilter-crossreference.com/convert/MANN-FILTER/W920/25"
"EL52026","W920/26","Oil Filter","Product type","Oil Filter| Hydraulic Filter, automatic transmission| Filter, operating hydraulics","https://www.oilfilter-crossreference.com/convert/MANN-FILTER/W920/26"
"EL52026","W920/26","Oil Filter","Thread measurement","3/4-16 UNF","https://www.oilfilter-crossreference.com/convert/MANN-FILTER/W920/26"
"EL52026","W920/26","Oil Filter","Outer diameter","93 mm (Approx. 3.66"")","https://www.oilfilter-crossreference.com/convert/MANN-FILTER/W920/26"
"EL52026","W920/26","Oil Filter","Inner diameter 1","62 mm (Approx. 2.44"")","https://www.oilfilter-crossreference.com/convert/MANN-FILTER/W920/26"
"EL52026","W920/26","Oil Filter","Inner diameter 2","71 mm (Approx. 2.80"")","https://www.oilfilter-crossreference.com/convert/MANN-FILTER/W920/26"
"EL52026","W920/26","Oil Filter","Height","95 mm (Approx. 3.74"")","https://www.oilfilter-crossreference.com/convert/MANN-FILTER/W920/26"
"EL59203","W920/3","Oil Filter","Product type","Oil Filter| Hydraulic Filter, automatic transmission| Filter, operating hydraulics","https://www.oilfilter-crossreference.com/convert/MANN-FILTER/W920/3"
"EL59203","W920/3","Oil Filter","Thread measurement","3/4-16 UNF","https://www.oilfilter-crossreference.com/convert/MANN-FILTER/W920/3"
"EL59203","W920/3","Oil Filter","Outer diameter","93 mm (Approx. 3.66"")","https://www.oilfilter-crossreference.com/convert/MANN-FILTER/W920/3"
"EL59203","W920/3","Oil Filter","Inner diameter 1","62 mm (Approx. 2.44"")","https://www.oilfilter-crossreference.com/convert/MANN-FILTER/W920/3"
"EL59203","W920/3","Oil Filter","Inner diameter 2","71 mm (Approx. 2.80"")","https://www.oilfilter-crossreference.com/convert/MANN-FILTER/W920/3"
"EL59203","W920/3","Oil Filter","Height","95 mm (Approx. 3.74"")","https://www.oilfilter-crossreference.com/convert/MANN-FILTER/W920/3"
"EL52036","W920/36","Oil Filter","Product type","Oil Filter| Hydraulic Filter, automatic transmission| Filter, operating hydraulics","https://www.oilfilter-crossreference.com/convert/MANN-FILTER/W920/36"
"EL52036","W920/36","Oil Filter","Thread measurement","3/4-16 UNF","https://www.oilfilter-crossreference.com/convert/MANN-FILTER/W920/36"
"EL52036","W920/36","Oil Filter","Outer diameter","93 mm (Approx. 3.66"")","https://www.oilfilter-crossreference.com/convert/MANN-FILTER/W920/36"
"EL52036","W920/36","Oil Filter","Inner diameter 1","62 mm (Approx. 2.44"")","https://www.oilfilter-crossreference.com/convert/MANN-FILTER/W920/36"
"EL52036","W920/36","Oil Filter","Inner diameter 2","71 mm (Approx. 2.80"")","https://www.oilfilter-crossreference.com/convert/MANN-FILTER/W920/36"
"EL52036","W920/36","Oil Filter","Height","95 mm (Approx. 3.74"")","https://www.oilfilter-crossreference.com/convert/MANN-FILTER/W920/36"
"EL59203","W920/3X","Oil Filter","Product type","Oil Filter| Hydraulic Filter, automatic transmission| Filter, operating hydraulics","https://www.oilfilter-crossreference.com/convert/MANN-FILTER/W920/3X"
"EL59203","W920/3X","Oil Filter","Thread measurement","3/4-16 UNF","https://www.oilfilter-crossreference.com/convert/MANN-FILTER/W920/3X"
"EL59203","W920/3X","Oil Filter","Outer diameter","93 mm (Approx. 3.66"")","https://www.oilfilter-crossreference.com/convert/MANN-FILTER/W920/3X"
"EL59203","W920/3X","Oil Filter","Inner diameter 1","62 mm (Approx. 2.44"")","https://www.oilfilter-crossreference.com/convert/MANN-FILTER/W920/3X"
"EL59203","W920/3X","Oil Filter","Inner diameter 2","71 mm (Approx. 2.80"")","https://www.oilfilter-crossreference.com/convert/MANN-FILTER/W920/3X"
"EL59203","W920/3X","Oil Filter","Height","95 mm (Approx. 3.74"")","https://www.oilfilter-crossreference.com/convert/MANN-FILTER/W920/3X"
"EL59204","W920/4","Oil Filter","Product type","Oil Filter| Hydraulic Filter, automatic transmission| Filter, operating hydraulics","https://www.oilfilter-crossreference.com/convert/MANN-FILTER/W920/4"
"EL59204","W920/4","Oil Filter","Thread measurement","3/4-16 UNF","https://www.oilfilter-crossreference.com/convert/MANN-FILTER/W920/4"
"EL59204","W920/4","Oil Filter","Outer diameter","93 mm (Approx. 3.66"")","https://www.oilfilter-crossreference.com/convert/MANN-FILTER/W920/4"
"EL59204","W920/4","Oil Filter","Inner diameter 1","62 mm (Approx. 2.44"")","https://www.oilfilter-crossreference.com/convert/MANN-FILTER/W920/4"
"EL59204","W920/4","Oil Filter","Inner diameter 2","71 mm (Approx. 2.80"")","https://www.oilfilter-crossreference.com/convert/MANN-FILTER/W920/4"
"EL59204","W920/4","Oil Filter","Height","95 mm (Approx. 3.74"")","https://www.oilfilter-crossreference.com/convert/MANN-FILTER/W920/4"
"EL59205","W920/5","Oil Filter","Product type","Oil Filter| Hydraulic Filter, automatic transmission| Filter, operating hydraulics","https://www.oilfilter-crossreference.com/convert/MANN-FILTER/W920/5"
"EL59205","W920/5","Oil Filter","Thread measurement","3/4-16 UNF","https://www.oilfilter-crossreference.com/convert/MANN-FILTER/W920/5"
"EL59205","W920/5","Oil Filter","Outer diameter","93 mm (Approx. 3.66"")","https://www.oilfilter-crossreference.com/convert/MANN-FILTER/W920/5"
"EL59205","W920/5","Oil Filter","Inner diameter 1","62 mm (Approx. 2.44"")","https://www.oilfilter-crossreference.com/convert/MANN-FILTER/W920/5"
"EL59205","W920/5","Oil Filter","Inner diameter 2","71 mm (Approx. 2.80"")","https://www.oilfilter-crossreference.com/convert/MANN-FILTER/W920/5"
"EL59205","W920/5","Oil Filter","Height","95 mm (Approx. 3.74"")","https://www.oilfilter-crossreference.com/convert/MANN-FILTER/W920/5"
"EL50610","W920/6(10)","Oil Filter","Product type","Oil Filter| Hydraulic Filter, automatic transmission| Filter, operating hydraulics","https://www.oilfilter-crossreference.com/convert/MANN-FILTER/W920/6(10)"
"EL50610","W920/6(10)","Oil Filter","Thread measurement","3/4-16 UNF","https://www.oilfilter-crossreference.com/convert/MANN-FILTER/W920/6(10)"
"EL50610","W920/6(10)","Oil Filter","Outer diameter","93 mm (Approx. 3.66"")","https://www.oilfilter-crossreference.com/convert/MANN-FILTER/W920/6(10)"
"EL50610","W920/6(10)","Oil Filter","Inner diameter 1","62 mm (Approx. 2.44"")","https://www.oilfilter-crossreference.com/convert/MANN-FILTER/W920/6(10)"
"EL50610","W920/6(10)","Oil Filter","Inner diameter 2","71 mm (Approx. 2.80"")","https://www.oilfilter-crossreference.com/convert/MANN-FILTER/W920/6(10)"
"EL50610","W920/6(10)","Oil Filter","Height","95 mm (Approx. 3.74"")","https://www.oilfilter-crossreference.com/convert/MANN-FILTER/W920/6(10)"
"EL52081","W920/81","Oil Filter","Product type","Oil Filter| Hydraulic Filter, automatic transmission| Filter, operating hydraulics","https://www.oilfilter-crossreference.com/convert/MANN-FILTER/W920/81"
"EL52081","W920/81","Oil Filter","Thread measurement","3/4-16 UNF","https://www.oilfilter-crossreference.com/convert/MANN-FILTER/W920/81"
"EL52081","W920/81","Oil Filter","Outer diameter","93 mm (Approx. 3.66"")","https://www.oilfilter-crossreference.com/convert/MANN-FILTER/W920/81"
"EL52081","W920/81","Oil Filter","Inner diameter 1","62 mm (Approx. 2.44"")","https://www.oilfilter-crossreference.com/convert/MANN-FILTER/W920/81"
"EL52081","W920/81","Oil Filter","Inner diameter 2","71 mm (Approx. 2.80"")","https://www.oilfilter-crossreference.com/convert/MANN-FILTER/W920/81"
"EL52081","W920/81","Oil Filter","Height","95 mm (Approx. 3.74"")","https://www.oilfilter-crossreference.com/convert/MANN-FILTER/W920/81"
"EL59209","W920/9","Oil Filter","Product type","Oil Filter| Hydraulic Filter, automatic transmission| Filter, operating hydraulics","https://www.oilfilter-crossreference.com/convert/MANN-FILTER/W920/9"
"EL59209","W920/9","Oil Filter","Thread measurement","3/4-16 UNF","https://www.oilfilter-crossreference.com/convert/MANN-FILTER/W920/9"
"EL59209","W920/9","Oil Filter","Outer diameter","93 mm (Approx. 3.66"")","https://www.oilfilter-crossreference.com/convert/MANN-FILTER/W920/9"
"EL59209","W920/9","Oil Filter","Inner diameter 1","62 mm (Approx. 2.44"")","https://www.oilfilter-crossreference.com/convert/MANN-FILTER/W920/9"
"EL59209","W920/9","Oil Filter","Inner diameter 2","71 mm (Approx. 2.80"")","https://www.oilfilter-crossreference.com/convert/MANN-FILTER/W920/9"
"EL59209","W920/9","Oil Filter","Height","95 mm (Approx. 3.74"")","https://www.oilfilter-crossreference.com/convert/MANN-FILTER/W920/9"
"EL52181","W921/81","Oil Filter","Product type","Oil Filter","https://www.oilfilter-crossreference.com/convert/MANN-FILTER/W921/81"
"EL52181","W921/81","Oil Filter","Thread measurement","1-12 UNF","https://www.oilfilter-crossreference.com/convert/MANN-FILTER/W921/81"
"EL52181","W921/81","Oil Filter","Outer diameter","93 mm (Approx. 3.66"")","https://www.oilfilter-crossreference.com/convert/MANN-FILTER/W921/81"
"EL52181","W921/81","Oil Filter","Inner diameter 1","63 mm (Approx. 2.48"")","https://www.oilfilter-crossreference.com/convert/MANN-FILTER/W921/81"
"EL52181","W921/81","Oil Filter","Inner diameter 2","72 mm (Approx. 2.83"")","https://www.oilfilter-crossreference.com/convert/MANN-FILTER/W921/81"
"EL52181","W921/81","Oil Filter","Height","98 mm (Approx. 3.86"")","https://www.oilfilter-crossreference.com/convert/MANN-FILTER/W921/81"
"EL59301","W930/1","Oil Filter","Product type","Oil Filter| Filter, operating hydraulics","https://www.oilfilter-crossreference.com/convert/MANN-FILTER/W930/1"
"EL59301","W930/1","Oil Filter","Thread measurement","3/4-16 UNF","https://www.oilfilter-crossreference.com/convert/MANN-FILTER/W930/1"
"EL59301","W930/1","Oil Filter","Outer diameter","93 mm (Approx. 3.66"")","https://www.oilfilter-crossreference.com/convert/MANN-FILTER/W930/1"
"EL59301","W930/1","Oil Filter","Inner diameter 1","62 mm (Approx. 2.44"")","https://www.oilfilter-crossreference.com/convert/MANN-FILTER/W930/1"
"EL59301","W930/1","Oil Filter","Inner diameter 2","71 mm (Approx. 2.80"")","https://www.oilfilter-crossreference.com/convert/MANN-FILTER/W930/1"
"EL59301","W930/1","Oil Filter","Height","114 mm (Approx. 4.49"")","https://www.oilfilter-crossreference.com/convert/MANN-FILTER/W930/1"
"EL53014","W930/14","Oil Filter","Product type","Oil Filter| Filter, operating hydraulics","https://www.oilfilter-crossreference.com/convert/MANN-FILTER/W930/14"
"EL53014","W930/14","Oil Filter","Thread measurement","3/4-16 UNF","https://www.oilfilter-crossreference.com/convert/MANN-FILTER/W930/14"
"EL53014","W930/14","Oil Filter","Outer diameter","93 mm (Approx. 3.66"")","https://www.oilfilter-crossreference.com/convert/MANN-FILTER/W930/14"
"EL53014","W930/14","Oil Filter","Inner diameter 1","62 mm (Approx. 2.44"")","https://www.oilfilter-crossreference.com/convert/MANN-FILTER/W930/14"
"EL53014","W930/14","Oil Filter","Inner diameter 2","71 mm (Approx. 2.80"")","https://www.oilfilter-crossreference.com/convert/MANN-FILTER/W930/14"
"EL53014","W930/14","Oil Filter","Height","114 mm (Approx. 4.49"")","https://www.oilfilter-crossreference.com/convert/MANN-FILTER/W930/14"
"EL53019","W930/19","Oil Filter","Product type","Oil Filter| Filter, operating hydraulics","https://www.oilfilter-crossreference.com/convert/MANN-FILTER/W930/19"
"EL53019","W930/19","Oil Filter","Thread measurement","3/4-16 UNF","https://www.oilfilter-crossreference.com/convert/MANN-FILTER/W930/19"
"EL53019","W930/19","Oil Filter","Outer diameter","93 mm (Approx. 3.66"")","https://www.oilfilter-crossreference.com/convert/MANN-FILTER/W930/19"
"EL53019","W930/19","Oil Filter","Inner diameter 1","62 mm (Approx. 2.44"")","https://www.oilfilter-crossreference.com/convert/MANN-FILTER/W930/19"
"EL53019","W930/19","Oil Filter","Inner diameter 2","71 mm (Approx. 2.80"")","https://www.oilfilter-crossreference.com/convert/MANN-FILTER/W930/19"
"EL53019","W930/19","Oil Filter","Height","114 mm (Approx. 4.49"")","https://www.oilfilter-crossreference.com/convert/MANN-FILTER/W930/19"
"EL59302","W930/2","Oil Filter","Product type","Oil Filter| Filter, operating hydraulics","https://www.oilfilter-crossreference.com/convert/MANN-FILTER/W930/2"
"EL59302","W930/2","Oil Filter","Thread measurement","3/4-16 UNF","https://www.oilfilter-crossreference.com/convert/MANN-FILTER/W930/2"
"EL59302","W930/2","Oil Filter","Outer diameter","93 mm (Approx. 3.66"")","https://www.oilfilter-crossreference.com/convert/MANN-FILTER/W930/2"
"EL59302","W930/2","Oil Filter","Inner diameter 1","62 mm (Approx. 2.44"")","https://www.oilfilter-crossreference.com/convert/MANN-FILTER/W930/2"
"EL59302","W930/2","Oil Filter","Inner diameter 2","71 mm (Approx. 2.80"")","https://www.oilfilter-crossreference.com/convert/MANN-FILTER/W930/2"
"EL59302","W930/2","Oil Filter","Height","114 mm (Approx. 4.49"")","https://www.oilfilter-crossreference.com/convert/MANN-FILTER/W930/2"
"EL59304","W930/4","Oil Filter","Product type","Oil Filter| Filter, operating hydraulics","https://www.oilfilter-crossreference.com/convert/MANN-FILTER/W930/4"
"EL59304","W930/4","Oil Filter","Thread measurement","3/4-16 UNF","https://www.oilfilter-crossreference.com/convert/MANN-FILTER/W930/4"
"EL59304","W930/4","Oil Filter","Outer diameter","93 mm (Approx. 3.66"")","https://www.oilfilter-crossreference.com/convert/MANN-FILTER/W930/4"
"EL59304","W930/4","Oil Filter","Inner diameter 1","62 mm (Approx. 2.44"")","https://www.oilfilter-crossreference.com/convert/MANN-FILTER/W930/4"
"EL59304","W930/4","Oil Filter","Inner diameter 2","71 mm (Approx. 2.80"")","https://www.oilfilter-crossreference.com/convert/MANN-FILTER/W930/4"
"EL59304","W930/4","Oil Filter","Height","114 mm (Approx. 4.49"")","https://www.oilfilter-crossreference.com/convert/MANN-FILTER/W930/4"
"EL59308","W930/8","Oil Filter","Product type","Oil Filter| Filter, operating hydraulics","https://www.oilfilter-crossreference.com/convert/MANN-FILTER/W930/8"
"EL59308","W930/8","Oil Filter","Thread measurement","3/4-16 UNF","https://www.oilfilter-crossreference.com/convert/MANN-FILTER/W930/8"
"EL59308","W930/8","Oil Filter","Outer diameter","93 mm (Approx. 3.66"")","https://www.oilfilter-crossreference.com/convert/MANN-FILTER/W930/8"
"EL59308","W930/8","Oil Filter","Inner diameter 1","62 mm (Approx. 2.44"")","https://www.oilfilter-crossreference.com/convert/MANN-FILTER/W930/8"
"EL59308","W930/8","Oil Filter","Inner diameter 2","71 mm (Approx. 2.80"")","https://www.oilfilter-crossreference.com/convert/MANN-FILTER/W930/8"
"EL59308","W930/8","Oil Filter","Height","114 mm (Approx. 4.49"")","https://www.oilfilter-crossreference.com/convert/MANN-FILTER/W930/8"
"EL53280","W932/80","Oil Filter","Product type","Oil Filter","https://www.oilfilter-crossreference.com/convert/MANN-FILTER/W932/80"
"EL53280","W932/80","Oil Filter","Thread measurement","M 20 X 1.5","https://www.oilfilter-crossreference.com/convert/MANN-FILTER/W932/80"
"EL53280","W932/80","Oil Filter","Outer diameter","86 mm (Approx. 3.39"")","https://www.oilfilter-crossreference.com/convert/MANN-FILTER/W932/80"
"EL53280","W932/80","Oil Filter","Inner diameter 1","62 mm (Approx. 2.44"")","https://www.oilfilter-crossreference.com/convert/MANN-FILTER/W932/80"
"EL53280","W932/80","Oil Filter","Inner diameter 2","71 mm (Approx. 2.80"")","https://www.oilfilter-crossreference.com/convert/MANN-FILTER/W932/80"
"EL53280","W932/80","Oil Filter","Height","119 mm (Approx. 4.69"")","https://www.oilfilter-crossreference.com/convert/MANN-FILTER/W932/80"
"EL54011","W940/11","Oil Filter","Product type","Oil Filter| Hydraulic Filter, automatic transmission| Filter, operating hydraulics","https://www.oilfilter-crossreference.com/convert/MANN-FILTER/W940/11"
"EL54011","W940/11","Oil Filter","Thread measurement","3/4-16 UNF","https://www.oilfilter-crossreference.com/convert/MANN-FILTER/W940/11"
"EL54011","W940/11","Oil Filter","Outer diameter","93 mm (Approx. 3.66"")","https://www.oilfilter-crossreference.com/convert/MANN-FILTER/W940/11"
"EL54011","W940/11","Oil Filter","Inner diameter 1","62 mm (Approx. 2.44"")","https://www.oilfilter-crossreference.com/convert/MANN-FILTER/W940/11"
"EL54011","W940/11","Oil Filter","Inner diameter 2","71 mm (Approx. 2.80"")","https://www.oilfilter-crossreference.com/convert/MANN-FILTER/W940/11"
"EL54011","W940/11","Oil Filter","Height","142 mm (Approx. 5.59"")","https://www.oilfilter-crossreference.com/convert/MANN-FILTER/W940/11"
"EL54012","W940/12","Oil Filter","Product type","Oil Filter| Hydraulic Filter, automatic transmission| Filter, operating hydraulics","https://www.oilfilter-crossreference.com/convert/MANN-FILTER/W940/12"
"EL54012","W940/12","Oil Filter","Thread measurement","3/4-16 UNF","https://www.oilfilter-crossreference.com/convert/MANN-FILTER/W940/12"
"EL54012","W940/12","Oil Filter","Outer diameter","93 mm (Approx. 3.66"")","https://www.oilfilter-crossreference.com/convert/MANN-FILTER/W940/12"
"EL54012","W940/12","Oil Filter","Inner diameter 1","62 mm (Approx. 2.44"")","https://www.oilfilter-crossreference.com/convert/MANN-FILTER/W940/12"
"EL54012","W940/12","Oil Filter","Inner diameter 2","71 mm (Approx. 2.80"")","https://www.oilfilter-crossreference.com/convert/MANN-FILTER/W940/12"
"EL54012","W940/12","Oil Filter","Height","142 mm (Approx. 5.59"")","https://www.oilfilter-crossreference.com/convert/MANN-FILTER/W940/12"
"EL54015","W940/15","Oil Filter","Product type","Oil Filter| Hydraulic Filter, automatic transmission| Filter, operating hydraulics","https://www.oilfilter-crossreference.com/convert/MANN-FILTER/W940/15"
"EL54015","W940/15","Oil Filter","Thread measurement","3/4-16 UNF","https://www.oilfilter-crossreference.com/convert/MANN-FILTER/W940/15"
"EL54015","W940/15","Oil Filter","Outer diameter","93 mm (Approx. 3.66"")","https://www.oilfilter-crossreference.com/convert/MANN-FILTER/W940/15"
"EL54015","W940/15","Oil Filter","Inner diameter 1","62 mm (Approx. 2.44"")","https://www.oilfilter-crossreference.com/convert/MANN-FILTER/W940/15"
"EL54015","W940/15","Oil Filter","Inner diameter 2","71 mm (Approx. 2.80"")","https://www.oilfilter-crossreference.com/convert/MANN-FILTER/W940/15"
"EL54015","W940/15","Oil Filter","Height","142 mm (Approx. 5.59"")","https://www.oilfilter-crossreference.com/convert/MANN-FILTER/W940/15"
"EL54016","W940/16","Oil Filter","Product type","Oil Filter| Hydraulic Filter, automatic transmission| Filter, operating hydraulics","https://www.oilfilter-crossreference.com/convert/MANN-FILTER/W940/16"
"EL54016","W940/16","Oil Filter","Thread measurement","3/4-16 UNF","https://www.oilfilter-crossreference.com/convert/MANN-FILTER/W940/16"
"EL54016","W940/16","Oil Filter","Outer diameter","93 mm (Approx. 3.66"")","https://www.oilfilter-crossreference.com/convert/MANN-FILTER/W940/16"
"EL54016","W940/16","Oil Filter","Inner diameter 1","62 mm (Approx. 2.44"")","https://www.oilfilter-crossreference.com/convert/MANN-FILTER/W940/16"
"EL54016","W940/16","Oil Filter","Inner diameter 2","71 mm (Approx. 2.80"")","https://www.oilfilter-crossreference.com/convert/MANN-FILTER/W940/16"
"EL54016","W940/16","Oil Filter","Height","142 mm (Approx. 5.59"")","https://www.oilfilter-crossreference.com/convert/MANN-FILTER/W940/16"
"EL54017","W940/17","Oil Filter","Product type","Oil Filter| Hydraulic Filter, automatic transmission| Filter, operating hydraulics","https://www.oilfilter-crossreference.com/convert/MANN-FILTER/W940/17"
"EL54017","W940/17","Oil Filter","Thread measurement","3/4-16 UNF","https://www.oilfilter-crossreference.com/convert/MANN-FILTER/W940/17"
"EL54017","W940/17","Oil Filter","Outer diameter","93 mm (Approx. 3.66"")","https://www.oilfilter-crossreference.com/convert/MANN-FILTER/W940/17"
"EL54017","W940/17","Oil Filter","Inner diameter 1","62 mm (Approx. 2.44"")","https://www.oilfilter-crossreference.com/convert/MANN-FILTER/W940/17"
"EL54017","W940/17","Oil Filter","Inner diameter 2","71 mm (Approx. 2.80"")","https://www.oilfilter-crossreference.com/convert/MANN-FILTER/W940/17"
"EL54017","W940/17","Oil Filter","Height","142 mm (Approx. 5.59"")","https://www.oilfilter-crossreference.com/convert/MANN-FILTER/W940/17"
"EL54022","W940/22","Oil Filter","Product type","Oil Filter| Hydraulic Filter, automatic transmission| Filter, operating hydraulics","https://www.oilfilter-crossreference.com/convert/MANN-FILTER/W940/22"
"EL54022","W940/22","Oil Filter","Thread measurement","3/4-16 UNF","https://www.oilfilter-crossreference.com/convert/MANN-FILTER/W940/22"
"EL54022","W940/22","Oil Filter","Outer diameter","93 mm (Approx. 3.66"")","https://www.oilfilter-crossreference.com/convert/MANN-FILTER/W940/22"
"EL54022","W940/22","Oil Filter","Inner diameter 1","62 mm (Approx. 2.44"")","https://www.oilfilter-crossreference.com/convert/MANN-FILTER/W940/22"
"EL54022","W940/22","Oil Filter","Inner diameter 2","71 mm (Approx. 2.80"")","https://www.oilfilter-crossreference.com/convert/MANN-FILTER/W940/22"
"EL54022","W940/22","Oil Filter","Height","142 mm (Approx. 5.59"")","https://www.oilfilter-crossreference.com/convert/MANN-FILTER/W940/22"
"EL54023","W940/23","Oil Filter","Product type","Oil Filter| Hydraulic Filter, automatic transmission| Filter, operating hydraulics","https://www.oilfilter-crossreference.com/convert/MANN-FILTER/W940/23"
"EL54023","W940/23","Oil Filter","Thread measurement","3/4-16 UNF","https://www.oilfilter-crossreference.com/convert/MANN-FILTER/W940/23"
"EL54023","W940/23","Oil Filter","Outer diameter","93 mm (Approx. 3.66"")","https://www.oilfilter-crossreference.com/convert/MANN-FILTER/W940/23"
"EL54023","W940/23","Oil Filter","Inner diameter 1","62 mm (Approx. 2.44"")","https://www.oilfilter-crossreference.com/convert/MANN-FILTER/W940/23"
"EL54023","W940/23","Oil Filter","Inner diameter 2","71 mm (Approx. 2.80"")","https://www.oilfilter-crossreference.com/convert/MANN-FILTER/W940/23"
"EL54023","W940/23","Oil Filter","Height","142 mm (Approx. 5.59"")","https://www.oilfilter-crossreference.com/convert/MANN-FILTER/W940/23"
"EL52510","W940/25(10)","Oil Filter","Product type","Oil Filter| Hydraulic Filter, automatic transmission| Filter, operating hydraulics","https://www.oilfilter-crossreference.com/convert/MANN-FILTER/W940/25(10)"
"EL52510","W940/25(10)","Oil Filter","Thread measurement","3/4-16 UNF","https://www.oilfilter-crossreference.com/convert/MANN-FILTER/W940/25(10)"
"EL52510","W940/25(10)","Oil Filter","Outer diameter","93 mm (Approx. 3.66"")","https://www.oilfilter-crossreference.com/convert/MANN-FILTER/W940/25(10)"
"EL52510","W940/25(10)","Oil Filter","Inner diameter 1","62 mm (Approx. 2.44"")","https://www.oilfilter-crossreference.com/convert/MANN-FILTER/W940/25(10)"
"EL52510","W940/25(10)","Oil Filter","Inner diameter 2","71 mm (Approx. 2.80"")","https://www.oilfilter-crossreference.com/convert/MANN-FILTER/W940/25(10)"
"EL52510","W940/25(10)","Oil Filter","Height","142 mm (Approx. 5.59"")","https://www.oilfilter-crossreference.com/convert/MANN-FILTER/W940/25(10)"
"EL54025","W940/25N","Oil Filter","Product type","Oil Filter| Hydraulic Filter, automatic transmission| Filter, operating hydraulics","https://www.oilfilter-crossreference.com/convert/MANN-FILTER/W940/25N"
"EL54025","W940/25N","Oil Filter","Thread measurement","3/4-16 UNF","https://www.oilfilter-crossreference.com/convert/MANN-FILTER/W940/25N"
"EL54025","W940/25N","Oil Filter","Outer diameter","93 mm (Approx. 3.66"")","https://www.oilfilter-crossreference.com/convert/MANN-FILTER/W940/25N"
"EL54025","W940/25N","Oil Filter","Inner diameter 1","62 mm (Approx. 2.44"")","https://www.oilfilter-crossreference.com/convert/MANN-FILTER/W940/25N"
"EL54025","W940/25N","Oil Filter","Inner diameter 2","71 mm (Approx. 2.80"")","https://www.oilfilter-crossreference.com/convert/MANN-FILTER/W940/25N"
"EL54025","W940/25N","Oil Filter","Height","142 mm (Approx. 5.59"")","https://www.oilfilter-crossreference.com/convert/MANN-FILTER/W940/25N"
"EL54032","W940/32","Oil Filter","Product type","Oil Filter| Hydraulic Filter, automatic transmission| Filter, operating hydraulics","https://www.oilfilter-crossreference.com/convert/MANN-FILTER/W940/32"
"EL54032","W940/32","Oil Filter","Thread measurement","3/4-16 UNF","https://www.oilfilter-crossreference.com/convert/MANN-FILTER/W940/32"
"EL54032","W940/32","Oil Filter","Outer diameter","93 mm (Approx. 3.66"")","https://www.oilfilter-crossreference.com/convert/MANN-FILTER/W940/32"
"EL54032","W940/32","Oil Filter","Inner diameter 1","62 mm (Approx. 2.44"")","https://www.oilfilter-crossreference.com/convert/MANN-FILTER/W940/32"
"EL54032","W940/32","Oil Filter","Inner diameter 2","71 mm (Approx. 2.80"")","https://www.oilfilter-crossreference.com/convert/MANN-FILTER/W940/32"
"EL54032","W940/32","Oil Filter","Height","142 mm (Approx. 5.59"")","https://www.oilfilter-crossreference.com/convert/MANN-FILTER/W940/32"
"EL54048","W940/48","Oil Filter","Product type","Oil Filter| Hydraulic Filter, automatic transmission| Filter, operating hydraulics","https://www.oilfilter-crossreference.com/convert/MANN-FILTER/W940/48"
"EL54048","W940/48","Oil Filter","Thread measurement","3/4-16 UNF","https://www.oilfilter-crossreference.com/convert/MANN-FILTER/W940/48"
"EL54048","W940/48","Oil Filter","Outer diameter","93 mm (Approx. 3.66"")","https://www.oilfilter-crossreference.com/convert/MANN-FILTER/W940/48"
"EL54048","W940/48","Oil Filter","Inner diameter 1","62 mm (Approx. 2.44"")","https://www.oilfilter-crossreference.com/convert/MANN-FILTER/W940/48"
"EL54048","W940/48","Oil Filter","Inner diameter 2","71 mm (Approx. 2.80"")","https://www.oilfilter-crossreference.com/convert/MANN-FILTER/W940/48"
"EL54048","W940/48","Oil Filter","Height","142 mm (Approx. 5.59"")","https://www.oilfilter-crossreference.com/convert/MANN-FILTER/W940/48"
"EL50510","W940/5(10)","Oil Filter","Product type","Oil Filter| Hydraulic Filter, automatic transmission| Filter, operating hydraulics","https://www.oilfilter-crossreference.com/convert/MANN-FILTER/W940/5(10)"
"EL50510","W940/5(10)","Oil Filter","Thread measurement","3/4-16 UNF","https://www.oilfilter-crossreference.com/convert/MANN-FILTER/W940/5(10)"
"EL50510","W940/5(10)","Oil Filter","Outer diameter","93 mm (Approx. 3.66"")","https://www.oilfilter-crossreference.com/convert/MANN-FILTER/W940/5(10)"
"EL50510","W940/5(10)","Oil Filter","Inner diameter 1","62 mm (Approx. 2.44"")","https://www.oilfilter-crossreference.com/convert/MANN-FILTER/W940/5(10)"
"EL50510","W940/5(10)","Oil Filter","Inner diameter 2","71 mm (Approx. 2.80"")","https://www.oilfilter-crossreference.com/convert/MANN-FILTER/W940/5(10)"
"EL50510","W940/5(10)","Oil Filter","Height","142 mm (Approx. 5.59"")","https://www.oilfilter-crossreference.com/convert/MANN-FILTER/W940/5(10)"
"EL55110","W940/51(10)","Oil Filter","Product type","Oil Filter| Hydraulic Filter, automatic transmission| Filter, operating hydraulics","https://www.oilfilter-crossreference.com/convert/MANN-FILTER/W940/51(10)"
"EL55110","W940/51(10)","Oil Filter","Thread measurement","3/4-16 UNF","https://www.oilfilter-crossreference.com/convert/MANN-FILTER/W940/51(10)"
"EL55110","W940/51(10)","Oil Filter","Outer diameter","93 mm (Approx. 3.66"")","https://www.oilfilter-crossreference.com/convert/MANN-FILTER/W940/51(10)"
"EL55110","W940/51(10)","Oil Filter","Inner diameter 1","62 mm (Approx. 2.44"")","https://www.oilfilter-crossreference.com/convert/MANN-FILTER/W940/51(10)"
"EL55110","W940/51(10)","Oil Filter","Inner diameter 2","71 mm (Approx. 2.80"")","https://www.oilfilter-crossreference.com/convert/MANN-FILTER/W940/51(10)"
"EL55110","W940/51(10)","Oil Filter","Height","142 mm (Approx. 5.59"")","https://www.oilfilter-crossreference.com/convert/MANN-FILTER/W940/51(10)"
"EL59407","W940/7","Oil Filter","Product type","Oil Filter| Hydraulic Filter, automatic transmission| Filter, operating hydraulics","https://www.oilfilter-crossreference.com/convert/MANN-FILTER/W940/7"
"EL59407","W940/7","Oil Filter","Thread measurement","3/4-16 UNF","https://www.oilfilter-crossreference.com/convert/MANN-FILTER/W940/7"
"EL59407","W940/7","Oil Filter","Outer diameter","93 mm (Approx. 3.66"")","https://www.oilfilter-crossreference.com/convert/MANN-FILTER/W940/7"
"EL59407","W940/7","Oil Filter","Inner diameter 1","62 mm (Approx. 2.44"")","https://www.oilfilter-crossreference.com/convert/MANN-FILTER/W940/7"
"EL59407","W940/7","Oil Filter","Inner diameter 2","71 mm (Approx. 2.80"")","https://www.oilfilter-crossreference.com/convert/MANN-FILTER/W940/7"
"EL59407","W940/7","Oil Filter","Height","142 mm (Approx. 5.59"")","https://www.oilfilter-crossreference.com/convert/MANN-FILTER/W940/7"
"EL54070","W940/70","Oil Filter","Product type","Oil Filter| Hydraulic Filter, automatic transmission| Filter, operating hydraulics","https://www.oilfilter-crossreference.com/convert/MANN-FILTER/W940/70"
"EL54070","W940/70","Oil Filter","Thread measurement","3/4-16 UNF","https://www.oilfilter-crossreference.com/convert/MANN-FILTER/W940/70"
"EL54070","W940/70","Oil Filter","Outer diameter","93 mm (Approx. 3.66"")","https://www.oilfilter-crossreference.com/convert/MANN-FILTER/W940/70"
"EL54070","W940/70","Oil Filter","Inner diameter 1","62 mm (Approx. 2.44"")","https://www.oilfilter-crossreference.com/convert/MANN-FILTER/W940/70"
"EL54070","W940/70","Oil Filter","Inner diameter 2","71 mm (Approx. 2.80"")","https://www.oilfilter-crossreference.com/convert/MANN-FILTER/W940/70"
"EL54070","W940/70","Oil Filter","Height","142 mm (Approx. 5.59"")","https://www.oilfilter-crossreference.com/convert/MANN-FILTER/W940/70"
"EL59407","W940/7X","Oil Filter","Product type","Oil Filter| Hydraulic Filter, automatic transmission| Filter, operating hydraulics","https://www.oilfilter-crossreference.com/convert/MANN-FILTER/W940/7X"
"EL59407","W940/7X","Oil Filter","Thread measurement","3/4-16 UNF","https://www.oilfilter-crossreference.com/convert/MANN-FILTER/W940/7X"
"EL59407","W940/7X","Oil Filter","Outer diameter","93 mm (Approx. 3.66"")","https://www.oilfilter-crossreference.com/convert/MANN-FILTER/W940/7X"
"EL59407","W940/7X","Oil Filter","Inner diameter 1","62 mm (Approx. 2.44"")","https://www.oilfilter-crossreference.com/convert/MANN-FILTER/W940/7X"
"EL59407","W940/7X","Oil Filter","Inner diameter 2","71 mm (Approx. 2.80"")","https://www.oilfilter-crossreference.com/convert/MANN-FILTER/W940/7X"
"EL59407","W940/7X","Oil Filter","Height","142 mm (Approx. 5.59"")","https://www.oilfilter-crossreference.com/convert/MANN-FILTER/W940/7X"
"EL59409","W940/9","Oil Filter","Product type","Oil Filter| Hydraulic Filter, automatic transmission| Filter, operating hydraulics","https://www.oilfilter-crossreference.com/convert/MANN-FILTER/W940/9"
"EL59409","W940/9","Oil Filter","Thread measurement","3/4-16 UNF","https://www.oilfilter-crossreference.com/convert/MANN-FILTER/W940/9"
"EL59409","W940/9","Oil Filter","Outer diameter","93 mm (Approx. 3.66"")","https://www.oilfilter-crossreference.com/convert/MANN-FILTER/W940/9"
"EL59409","W940/9","Oil Filter","Inner diameter 1","62 mm (Approx. 2.44"")","https://www.oilfilter-crossreference.com/convert/MANN-FILTER/W940/9"
"EL59409","W940/9","Oil Filter","Inner diameter 2","71 mm (Approx. 2.80"")","https://www.oilfilter-crossreference.com/convert/MANN-FILTER/W940/9"
"EL59409","W940/9","Oil Filter","Height","142 mm (Approx. 5.59"")","https://www.oilfilter-crossreference.com/convert/MANN-FILTER/W940/9"
"EL55015","W950/15","Oil Filter","Product type","Oil Filter","https://www.oilfilter-crossreference.com/convert/MANN-FILTER/W950/15"
"EL55015","W950/15","Oil Filter","Thread measurement","1-12 UNF","https://www.oilfilter-crossreference.com/convert/MANN-FILTER/W950/15"
"EL55015","W950/15","Oil Filter","Outer diameter","93 mm (Approx. 3.66"")","https://www.oilfilter-crossreference.com/convert/MANN-FILTER/W950/15"
"EL55015","W950/15","Oil Filter","Inner diameter 1","62 mm (Approx. 2.44"")","https://www.oilfilter-crossreference.com/convert/MANN-FILTER/W950/15"
"EL55015","W950/15","Oil Filter","Inner diameter 2","71 mm (Approx. 2.80"")","https://www.oilfilter-crossreference.com/convert/MANN-FILTER/W950/15"
"EL55015","W950/15","Oil Filter","Height","17 mm (Approx. 6.69"")","https://www.oilfilter-crossreference.com/convert/MANN-FILTER/W950/15"
"EL55040","W950/40","Oil Filter","Product type","Oil Filter","https://www.oilfilter-crossreference.com/convert/MANN-FILTER/W950/40"
"EL55040","W950/40","Oil Filter","Thread measurement","1-12 UNF","https://www.oilfilter-crossreference.com/convert/MANN-FILTER/W950/40"
"EL55040","W950/40","Oil Filter","Outer diameter","93 mm (Approx. 3.66"")","https://www.oilfilter-crossreference.com/convert/MANN-FILTER/W950/40"
"EL55040","W950/40","Oil Filter","Inner diameter 1","62 mm (Approx. 2.44"")","https://www.oilfilter-crossreference.com/convert/MANN-FILTER/W950/40"
"EL55040","W950/40","Oil Filter","Inner diameter 2","71 mm (Approx. 2.80"")","https://www.oilfilter-crossreference.com/convert/MANN-FILTER/W950/40"
"EL55040","W950/40","Oil Filter","Height","17 mm (Approx. 6.69"")","https://www.oilfilter-crossreference.com/convert/MANN-FILTER/W950/40"
"EL55042","W950/42","Oil Filter","Product type","Oil Filter","https://www.oilfilter-crossreference.com/convert/MANN-FILTER/W950/42"
"EL55042","W950/42","Oil Filter","Thread measurement","1-12 UNF","https://www.oilfilter-crossreference.com/convert/MANN-FILTER/W950/42"
"EL55042","W950/42","Oil Filter","Outer diameter","93 mm (Approx. 3.66"")","https://www.oilfilter-crossreference.com/convert/MANN-FILTER/W950/42"
"EL55042","W950/42","Oil Filter","Inner diameter 1","62 mm (Approx. 2.44"")","https://www.oilfilter-crossreference.com/convert/MANN-FILTER/W950/42"
"EL55042","W950/42","Oil Filter","Inner diameter 2","71 mm (Approx. 2.80"")","https://www.oilfilter-crossreference.com/convert/MANN-FILTER/W950/42"
"EL55042","W950/42","Oil Filter","Height","17 mm (Approx. 6.69"")","https://www.oilfilter-crossreference.com/convert/MANN-FILTER/W950/42"
"EL59511","W951/1","Oil Filter","Product type","Oil Filter","https://www.oilfilter-crossreference.com/convert/MANN-FILTER/W951/1"
"EL59511","W951/1","Oil Filter","Thread measurement","1 1/8-16 UN","https://www.oilfilter-crossreference.com/convert/MANN-FILTER/W951/1"
"EL59511","W951/1","Oil Filter","Outer diameter","93 mm (Approx. 3.66"")","https://www.oilfilter-crossreference.com/convert/MANN-FILTER/W951/1"
"EL59511","W951/1","Oil Filter","Inner diameter 1","62 mm (Approx. 2.44"")","https://www.oilfilter-crossreference.com/convert/MANN-FILTER/W951/1"
"EL59511","W951/1","Oil Filter","Inner diameter 2","72 mm (Approx. 2.83"")","https://www.oilfilter-crossreference.com/convert/MANN-FILTER/W951/1"
"EL59511","W951/1","Oil Filter","Height","174 mm (Approx. 6.85"")","https://www.oilfilter-crossreference.com/convert/MANN-FILTER/W951/1"
"EL50954","W954","Oil Filter","Product type","Oil Filter","https://www.oilfilter-crossreference.com/convert/MANN-FILTER/W954"
"EL50954","W954","Oil Filter","Thread measurement","1-12 UNF","https://www.oilfilter-crossreference.com/convert/MANN-FILTER/W954"
"EL50954","W954","Oil Filter","Outer diameter","93 mm (Approx. 3.66"")","https://www.oilfilter-crossreference.com/convert/MANN-FILTER/W954"
"EL50954","W954","Oil Filter","Inner diameter 1","62 mm (Approx. 2.44"")","https://www.oilfilter-crossreference.com/convert/MANN-FILTER/W954"
"EL50954","W954","Oil Filter","Inner diameter 2","71 mm (Approx. 2.80"")","https://www.oilfilter-crossreference.com/convert/MANN-FILTER/W954"
"EL50954","W954","Oil Filter","Height","18 mm (Approx. 7.09"")","https://www.oilfilter-crossreference.com/convert/MANN-FILTER/W954"
"EL56213","W962/13","Oil Filter","Product type","Oil Filter| Hydraulic Filter, automatic transmission| Filter, operating hydraulics","https://www.oilfilter-crossreference.com/convert/MANN-FILTER/W962/13"
"EL56213","W962/13","Oil Filter","Thread measurement","1-12 UNF","https://www.oilfilter-crossreference.com/convert/MANN-FILTER/W962/13"
"EL56213","W962/13","Oil Filter","Outer diameter","93 mm (Approx. 3.66"")","https://www.oilfilter-crossreference.com/convert/MANN-FILTER/W962/13"
"EL56213","W962/13","Oil Filter","Inner diameter 1","62 mm (Approx. 2.44"")","https://www.oilfilter-crossreference.com/convert/MANN-FILTER/W962/13"
"EL56213","W962/13","Oil Filter","Inner diameter 2","71 mm (Approx. 2.80"")","https://www.oilfilter-crossreference.com/convert/MANN-FILTER/W962/13"
"EL56213","W962/13","Oil Filter","Height","21 mm (Approx. 8.27"")","https://www.oilfilter-crossreference.com/convert/MANN-FILTER/W962/13"
"EL56232","W962/32","Oil Filter","Product type","Oil Filter| Hydraulic Filter, automatic transmission| Filter, operating hydraulics","https://www.oilfilter-crossreference.com/convert/MANN-FILTER/W962/32"
"EL56232","W962/32","Oil Filter","Thread measurement","1-12 UNF","https://www.oilfilter-crossreference.com/convert/MANN-FILTER/W962/32"
"EL56232","W962/32","Oil Filter","Outer diameter","93 mm (Approx. 3.66"")","https://www.oilfilter-crossreference.com/convert/MANN-FILTER/W962/32"
"EL56232","W962/32","Oil Filter","Inner diameter 1","62 mm (Approx. 2.44"")","https://www.oilfilter-crossreference.com/convert/MANN-FILTER/W962/32"
"EL56232","W962/32","Oil Filter","Inner diameter 2","71 mm (Approx. 2.80"")","https://www.oilfilter-crossreference.com/convert/MANN-FILTER/W962/32"
"EL56232","W962/32","Oil Filter","Height","21 mm (Approx. 8.27"")","https://www.oilfilter-crossreference.com/convert/MANN-FILTER/W962/32"
"EL52610","W962/6(10)","Oil Filter","Product type","Oil Filter| Hydraulic Filter, automatic transmission| Filter, operating hydraulics","https://www.oilfilter-crossreference.com/convert/MANN-FILTER/W962/6(10)"
"EL52610","W962/6(10)","Oil Filter","Thread measurement","1-12 UNF","https://www.oilfilter-crossreference.com/convert/MANN-FILTER/W962/6(10)"
"EL52610","W962/6(10)","Oil Filter","Outer diameter","93 mm (Approx. 3.66"")","https://www.oilfilter-crossreference.com/convert/MANN-FILTER/W962/6(10)"
"EL52610","W962/6(10)","Oil Filter","Inner diameter 1","62 mm (Approx. 2.44"")","https://www.oilfilter-crossreference.com/convert/MANN-FILTER/W962/6(10)"
"EL52610","W962/6(10)","Oil Filter","Inner diameter 2","71 mm (Approx. 2.80"")","https://www.oilfilter-crossreference.com/convert/MANN-FILTER/W962/6(10)"
"EL52610","W962/6(10)","Oil Filter","Height","21 mm (Approx. 8.27"")","https://www.oilfilter-crossreference.com/convert/MANN-FILTER/W962/6(10)"
"EL59627","W962/7","Oil Filter","Product type","Oil Filter| Hydraulic Filter, automatic transmission| Filter, operating hydraulics","https://www.oilfilter-crossreference.com/convert/MANN-FILTER/W962/7"
"EL59627","W962/7","Oil Filter","Thread measurement","1-12 UNF","https://www.oilfilter-crossreference.com/convert/MANN-FILTER/W962/7"
"EL59627","W962/7","Oil Filter","Outer diameter","93 mm (Approx. 3.66"")","https://www.oilfilter-crossreference.com/convert/MANN-FILTER/W962/7"
"EL59627","W962/7","Oil Filter","Inner diameter 1","62 mm (Approx. 2.44"")","https://www.oilfilter-crossreference.com/convert/MANN-FILTER/W962/7"
"EL59627","W962/7","Oil Filter","Inner diameter 2","71 mm (Approx. 2.80"")","https://www.oilfilter-crossreference.com/convert/MANN-FILTER/W962/7"
"EL59627","W962/7","Oil Filter","Height","21 mm (Approx. 8.27"")","https://www.oilfilter-crossreference.com/convert/MANN-FILTER/W962/7"
"EL56271","W962/71","Oil Filter","Product type","Oil Filter| Hydraulic Filter, automatic transmission| Filter, operating hydraulics","https://www.oilfilter-crossreference.com/convert/MANN-FILTER/W962/71"
"EL56271","W962/71","Oil Filter","Thread measurement","1-12 UNF","https://www.oilfilter-crossreference.com/convert/MANN-FILTER/W962/71"
"EL56271","W962/71","Oil Filter","Outer diameter","93 mm (Approx. 3.66"")","https://www.oilfilter-crossreference.com/convert/MANN-FILTER/W962/71"
"EL56271","W962/71","Oil Filter","Inner diameter 1","62 mm (Approx. 2.44"")","https://www.oilfilter-crossreference.com/convert/MANN-FILTER/W962/71"
"EL56271","W962/71","Oil Filter","Inner diameter 2","71 mm (Approx. 2.80"")","https://www.oilfilter-crossreference.com/convert/MANN-FILTER/W962/71"
"EL56271","W962/71","Oil Filter","Height","21 mm (Approx. 8.27"")","https://www.oilfilter-crossreference.com/convert/MANN-FILTER/W962/71"
"EL54510","WD13145/10","Oil Filter","Product type","Oil Filter| Hydraulic Filter, automatic transmission| Filter, operating hydraulics","https://www.oilfilter-crossreference.com/convert/MANN-FILTER/WD13145/10"
"EL54510","WD13145/10","Oil Filter","Thread measurement","1 1/2-16 UN","https://www.oilfilter-crossreference.com/convert/MANN-FILTER/WD13145/10"
"EL54510","WD13145/10","Oil Filter","Outer diameter","136 mm (Approx. 5.35"")","https://www.oilfilter-crossreference.com/convert/MANN-FILTER/WD13145/10"
"EL54510","WD13145/10","Oil Filter","Inner diameter 1","1 mm (Approx. 3.94"")","https://www.oilfilter-crossreference.com/convert/MANN-FILTER/WD13145/10"
"EL54510","WD13145/10","Oil Filter","Inner diameter 2","111 mm (Approx. 4.37"")","https://www.oilfilter-crossreference.com/convert/MANN-FILTER/WD13145/10"
"EL54510","WD13145/10","Oil Filter","Height","302 mm (Approx. 11.89"")","https://www.oilfilter-crossreference.com/convert/MANN-FILTER/WD13145/10"
"EL51456","WD13145/6","Oil Filter","Product type","Oil Filter| Hydraulic Filter, automatic transmission| Filter, operating hydraulics","https://www.oilfilter-crossreference.com/convert/MANN-FILTER/WD13145/6"
"EL51456","WD13145/6","Oil Filter","Thread measurement","1 1/2-16 UN","https://www.oilfilter-crossreference.com/convert/MANN-FILTER/WD13145/6"
"EL51456","WD13145/6","Oil Filter","Outer diameter","136 mm (Approx. 5.35"")","https://www.oilfilter-crossreference.com/convert/MANN-FILTER/WD13145/6"
"EL51456","WD13145/6","Oil Filter","Inner diameter 1","1 mm (Approx. 3.94"")","https://www.oilfilter-crossreference.com/convert/MANN-FILTER/WD13145/6"
"EL51456","WD13145/6","Oil Filter","Inner diameter 2","111 mm (Approx. 4.37"")","https://www.oilfilter-crossreference.com/convert/MANN-FILTER/WD13145/6"
"EL51456","WD13145/6","Oil Filter","Height","302 mm (Approx. 11.89"")","https://www.oilfilter-crossreference.com/convert/MANN-FILTER/WD13145/6"
"EL53747","WD1374/7","Oil Filter","Product type","Oil Filter","https://www.oilfilter-crossreference.com/convert/MANN-FILTER/WD1374/7"
"EL53747","WD1374/7","Oil Filter","Thread measurement","1 1/2-16 UN","https://www.oilfilter-crossreference.com/convert/MANN-FILTER/WD1374/7"
"EL53747","WD1374/7","Oil Filter","Outer diameter","136 mm (Approx. 5.35"")","https://www.oilfilter-crossreference.com/convert/MANN-FILTER/WD1374/7"
"EL53747","WD1374/7","Oil Filter","Inner diameter 1","1 mm (Approx. 3.94"")","https://www.oilfilter-crossreference.com/convert/MANN-FILTER/WD1374/7"
"EL53747","WD1374/7","Oil Filter","Inner diameter 2","111 mm (Approx. 4.37"")","https://www.oilfilter-crossreference.com/convert/MANN-FILTER/WD1374/7"
"EL53747","WD1374/7","Oil Filter","Height","177 mm (Approx. 6.97"")","https://www.oilfilter-crossreference.com/convert/MANN-FILTER/WD1374/7"
"EL59406","WD940/6","Oil Filter","Product type","Oil Filter| Filter, operating hydraulics","https://www.oilfilter-crossreference.com/convert/MANN-FILTER/WD940/6"
"EL59406","WD940/6","Oil Filter","Thread measurement","3/4-16 UNF","https://www.oilfilter-crossreference.com/convert/MANN-FILTER/WD940/6"
"EL59406","WD940/6","Oil Filter","Outer diameter","93 mm (Approx. 3.66"")","https://www.oilfilter-crossreference.com/convert/MANN-FILTER/WD940/6"
"EL59406","WD940/6","Oil Filter","Inner diameter 1","62 mm (Approx. 2.44"")","https://www.oilfilter-crossreference.com/convert/MANN-FILTER/WD940/6"
"EL59406","WD940/6","Oil Filter","Inner diameter 2","71 mm (Approx. 2.80"")","https://www.oilfilter-crossreference.com/convert/MANN-FILTER/WD940/6"
"EL59406","WD940/6","Oil Filter","Height","144 mm (Approx. 5.67"")","https://www.oilfilter-crossreference.com/convert/MANN-FILTER/WD940/6"
"EL56211","WD962/11","Oil Filter","Product type","Oil Filter| Hydraulic Filter, automatic transmission| Filter, operating hydraulics","https://www.oilfilter-crossreference.com/convert/MANN-FILTER/WD962/11"
"EL56211","WD962/11","Oil Filter","Thread measurement","1-12 UNF","https://www.oilfilter-crossreference.com/convert/MANN-FILTER/WD962/11"
"EL56211","WD962/11","Oil Filter","Outer diameter","93 mm (Approx. 3.66"")","https://www.oilfilter-crossreference.com/convert/MANN-FILTER/WD962/11"
"EL56211","WD962/11","Oil Filter","Inner diameter 1","62 mm (Approx. 2.44"")","https://www.oilfilter-crossreference.com/convert/MANN-FILTER/WD962/11"
"EL56211","WD962/11","Oil Filter","Inner diameter 2","71 mm (Approx. 2.80"")","https://www.oilfilter-crossreference.com/convert/MANN-FILTER/WD962/11"
"EL56211","WD962/11","Oil Filter","Height","212 mm (Approx. 8.35"")","https://www.oilfilter-crossreference.com/convert/MANN-FILTER/WD962/11"
"EL56212","WD962/12","Oil Filter","Product type","Oil Filter| Hydraulic Filter, automatic transmission| Filter, operating hydraulics","https://www.oilfilter-crossreference.com/convert/MANN-FILTER/WD962/12"
"EL56212","WD962/12","Oil Filter","Thread measurement","1-12 UNF","https://www.oilfilter-crossreference.com/convert/MANN-FILTER/WD962/12"
"EL56212","WD962/12","Oil Filter","Outer diameter","93 mm (Approx. 3.66"")","https://www.oilfilter-crossreference.com/convert/MANN-FILTER/WD962/12"
"EL56212","WD962/12","Oil Filter","Inner diameter 1","62 mm (Approx. 2.44"")","https://www.oilfilter-crossreference.com/convert/MANN-FILTER/WD962/12"
"EL56212","WD962/12","Oil Filter","Inner diameter 2","71 mm (Approx. 2.80"")","https://www.oilfilter-crossreference.com/convert/MANN-FILTER/WD962/12"
"EL56212","WD962/12","Oil Filter","Height","212 mm (Approx. 8.35"")","https://www.oilfilter-crossreference.com/convert/MANN-FILTER/WD962/12"
"EL56221","WD962/21","Oil Filter","Product type","Oil Filter| Hydraulic Filter, automatic transmission| Filter, operating hydraulics","https://www.oilfilter-crossreference.com/convert/MANN-FILTER/WD962/21"
"EL56221","WD962/21","Oil Filter","Thread measurement","1-12 UNF","https://www.oilfilter-crossreference.com/convert/MANN-FILTER/WD962/21"
"EL56221","WD962/21","Oil Filter","Outer diameter","93 mm (Approx. 3.66"")","https://www.oilfilter-crossreference.com/convert/MANN-FILTER/WD962/21"
"EL56221","WD962/21","Oil Filter","Inner diameter 1","62 mm (Approx. 2.44"")","https://www.oilfilter-crossreference.com/convert/MANN-FILTER/WD962/21"
"EL56221","WD962/21","Oil Filter","Inner diameter 2","71 mm (Approx. 2.80"")","https://www.oilfilter-crossreference.com/convert/MANN-FILTER/WD962/21"
"EL56221","WD962/21","Oil Filter","Height","212 mm (Approx. 8.35"")","https://www.oilfilter-crossreference.com/convert/MANN-FILTER/WD962/21"
"EL59624","WD962/4","Oil Filter","Product type","Oil Filter| Hydraulic Filter, automatic transmission| Filter, operating hydraulics","https://www.oilfilter-crossreference.com/convert/MANN-FILTER/WD962/4"
"EL59624","WD962/4","Oil Filter","Thread measurement","1-12 UNF","https://www.oilfilter-crossreference.com/convert/MANN-FILTER/WD962/4"
"EL59624","WD962/4","Oil Filter","Outer diameter","93 mm (Approx. 3.66"")","https://www.oilfilter-crossreference.com/convert/MANN-FILTER/WD962/4"
"EL59624","WD962/4","Oil Filter","Inner diameter 1","62 mm (Approx. 2.44"")","https://www.oilfilter-crossreference.com/convert/MANN-FILTER/WD962/4"
"EL59624","WD962/4","Oil Filter","Inner diameter 2","71 mm (Approx. 2.80"")","https://www.oilfilter-crossreference.com/convert/MANN-FILTER/WD962/4"
"EL59624","WD962/4","Oil Filter","Height","212 mm (Approx. 8.35"")","https://www.oilfilter-crossreference.com/convert/MANN-FILTER/WD962/4"
"EL59625","WD962/5","Oil Filter","Product type","Oil Filter| Hydraulic Filter, automatic transmission| Filter, operating hydraulics","https://www.oilfilter-crossreference.com/convert/MANN-FILTER/WD962/5"
"EL59625","WD962/5","Oil Filter","Thread measurement","1-12 UNF","https://www.oilfilter-crossreference.com/convert/MANN-FILTER/WD962/5"
"EL59625","WD962/5","Oil Filter","Outer diameter","93 mm (Approx. 3.66"")","https://www.oilfilter-crossreference.com/convert/MANN-FILTER/WD962/5"
"EL59625","WD962/5","Oil Filter","Inner diameter 1","62 mm (Approx. 2.44"")","https://www.oilfilter-crossreference.com/convert/MANN-FILTER/WD962/5"
"EL59625","WD962/5","Oil Filter","Inner diameter 2","71 mm (Approx. 2.80"")","https://www.oilfilter-crossreference.com/convert/MANN-FILTER/WD962/5"
"EL59625","WD962/5","Oil Filter","Height","212 mm (Approx. 8.35"")","https://www.oilfilter-crossreference.com/convert/MANN-FILTER/WD962/5"
"EL51021","WP11102/1","Oil Filter","Product type","Oil Filter","https://www.oilfilter-crossreference.com/convert/MANN-FILTER/WP11102/1"
"EL51021","WP11102/1","Oil Filter","Thread measurement","1 3/8-16 UN","https://www.oilfilter-crossreference.com/convert/MANN-FILTER/WP11102/1"
"EL51021","WP11102/1","Oil Filter","Outer diameter","108 mm (Approx. 4.25"")","https://www.oilfilter-crossreference.com/convert/MANN-FILTER/WP11102/1"
"EL51021","WP11102/1","Oil Filter","Inner diameter 1","93 mm (Approx. 3.66"")","https://www.oilfilter-crossreference.com/convert/MANN-FILTER/WP11102/1"
"EL51021","WP11102/1","Oil Filter","Inner diameter 2","104 mm (Approx. 4.09"")","https://www.oilfilter-crossreference.com/convert/MANN-FILTER/WP11102/1"
"EL51021","WP11102/1","Oil Filter","Height","26 mm (Approx. 10.24"")","https://www.oilfilter-crossreference.com/convert/MANN-FILTER/WP11102/1"
"EL50212","WP11102/1/2","Oil Filter","Product type","Oil Filter","https://www.oilfilter-crossreference.com/convert/MANN-FILTER/WP11102/1/2"
"EL50212","WP11102/1/2","Oil Filter","Thread measurement","1 3/8-16 UN","https://www.oilfilter-crossreference.com/convert/MANN-FILTER/WP11102/1/2"
"EL50212","WP11102/1/2","Oil Filter","Outer diameter","108 mm (Approx. 4.25"")","https://www.oilfilter-crossreference.com/convert/MANN-FILTER/WP11102/1/2"
"EL50212","WP11102/1/2","Oil Filter","Inner diameter 1","93 mm (Approx. 3.66"")","https://www.oilfilter-crossreference.com/convert/MANN-FILTER/WP11102/1/2"
"EL50212","WP11102/1/2","Oil Filter","Inner diameter 2","104 mm (Approx. 4.09"")","https://www.oilfilter-crossreference.com/convert/MANN-FILTER/WP11102/1/2"
"EL50212","WP11102/1/2","Oil Filter","Height","26 mm (Approx. 10.24"")","https://www.oilfilter-crossreference.com/convert/MANN-FILTER/WP11102/1/2"
"EL51022","WP11102/2","Oil Filter","Product type","Oil Filter","https://www.oilfilter-crossreference.com/convert/MANN-FILTER/WP11102/2"
"EL51022","WP11102/2","Oil Filter","Thread measurement","1 3/8-16 UN","https://www.oilfilter-crossreference.com/convert/MANN-FILTER/WP11102/2"
"EL51022","WP11102/2","Oil Filter","Outer diameter","108 mm (Approx. 4.25"")","https://www.oilfilter-crossreference.com/convert/MANN-FILTER/WP11102/2"
"EL51022","WP11102/2","Oil Filter","Inner diameter 1","93 mm (Approx. 3.66"")","https://www.oilfilter-crossreference.com/convert/MANN-FILTER/WP11102/2"
"EL51022","WP11102/2","Oil Filter","Inner diameter 2","104 mm (Approx. 4.09"")","https://www.oilfilter-crossreference.com/convert/MANN-FILTER/WP11102/2"
"EL51022","WP11102/2","Oil Filter","Height","26 mm (Approx. 10.24"")","https://www.oilfilter-crossreference.com/convert/MANN-FILTER/WP11102/2"
"EL51152","WP1152","Oil Filter","Product type","Oil Filter","https://www.oilfilter-crossreference.com/convert/MANN-FILTER/WP1152"
"EL51152","WP1152","Oil Filter","Thread measurement","1 3/8-16 UN","https://www.oilfilter-crossreference.com/convert/MANN-FILTER/WP1152"
"EL51152","WP1152","Oil Filter","Outer diameter","108 mm (Approx. 4.25"")","https://www.oilfilter-crossreference.com/convert/MANN-FILTER/WP1152"
"EL51152","WP1152","Oil Filter","Inner diameter 1","92 mm (Approx. 3.62"")","https://www.oilfilter-crossreference.com/convert/MANN-FILTER/WP1152"
"EL51152","WP1152","Oil Filter","Inner diameter 2","1 mm (Approx. 3.94"")","https://www.oilfilter-crossreference.com/convert/MANN-FILTER/WP1152"
"EL51152","WP1152","Oil Filter","Height","186 mm (Approx. 7.32"")","https://www.oilfilter-crossreference.com/convert/MANN-FILTER/WP1152"
"EL53001","WP12300/1","Oil Filter","Product type","Oil Filter","https://www.oilfilter-crossreference.com/convert/MANN-FILTER/WP12300/1"
"EL53001","WP12300/1","Oil Filter","Thread measurement","2 1/4-12 UN","https://www.oilfilter-crossreference.com/convert/MANN-FILTER/WP12300/1"
"EL53001","WP12300/1","Oil Filter","Outer diameter","118 mm (Approx. 4.65"")","https://www.oilfilter-crossreference.com/convert/MANN-FILTER/WP12300/1"
"EL53001","WP12300/1","Oil Filter","Inner diameter 1","104 mm (Approx. 4.09"")","https://www.oilfilter-crossreference.com/convert/MANN-FILTER/WP12300/1"
"EL53001","WP12300/1","Oil Filter","Inner diameter 2","119 mm (Approx. 4.69"")","https://www.oilfilter-crossreference.com/convert/MANN-FILTER/WP12300/1"
"EL53001","WP12300/1","Oil Filter","Height","294 mm (Approx. 11.57"")","https://www.oilfilter-crossreference.com/convert/MANN-FILTER/WP12300/1"
