"elimfilters_sku","source_sku","segment","ref_brand","ref_code","source_url"
"EA51151","C1151","Air Filter","PEUGEOT","1427C6","https://www.airfilter-crossreference.com/convert/MANN/C1151"
"EA51151","C1151","Air Filter","PEUGEOT","144411","https://www.airfilter-crossreference.com/convert/MANN/C1151"
"EA51185","C1185","Air Filter","VOLVO","7354867","https://www.airfilter-crossreference.com/convert/MANN/C1185"
"EA51236","C1236","Air Filter","PEUGEOT","144510","https://www.airfilter-crossreference.com/convert/MANN/C1236"
"EA51236","C1236","Air Filter","PEUGEOT","144550","https://www.airfilter-crossreference.com/convert/MANN/C1236"
"EA51236","C1236","Air Filter","PEUGEOT","144552","https://www.airfilter-crossreference.com/convert/MANN/C1236"
"EA54117","C14117","Air Filter","TOYOTA","1780172010","https://www.airfilter-crossreference.com/convert/MANN/C14117"
"EA51591","C14159/1","Air Filter","PEUGEOT","25194900","https://www.airfilter-crossreference.com/convert/MANN/C14159/1"
"EA55163","C15163","Air Filter","TOYOTA","17801-54140","https://www.airfilter-crossreference.com/convert/MANN/C15163"
"EA51651","C15165/1","Air Filter","FIAT","9927846","https://www.airfilter-crossreference.com/convert/MANN/C15165/1"
"EA51651","C15165/1","Air Filter","FIAT","9985779","https://www.airfilter-crossreference.com/convert/MANN/C15165/1"
"EA51651","C15165/1","Air Filter","FORD","5011314","https://www.airfilter-crossreference.com/convert/MANN/C15165/1"
"EA51651","C15165/1","Air Filter","FORD","5011547","https://www.airfilter-crossreference.com/convert/MANN/C15165/1"
"EA51651","C15165/1","Air Filter","FORD","A830X9601BSA","https://www.airfilter-crossreference.com/convert/MANN/C15165/1"
"EA51651","C15165/1","Air Filter","FORD","A830X9601SA","https://www.airfilter-crossreference.com/convert/MANN/C15165/1"
"EA51651","C15165/1","Air Filter","GENERAL-MOTORS","9974133","https://www.airfilter-crossreference.com/convert/MANN/C15165/1"
"EA51651","C15165/1","Air Filter","MERCEDES-BENZ","0020943404","https://www.airfilter-crossreference.com/convert/MANN/C15165/1"
"EA51651","C15165/1","Air Filter","MERCEDES-BENZ","0030943204","https://www.airfilter-crossreference.com/convert/MANN/C15165/1"
"EA51651","C15165/1","Air Filter","NISSAN","16546-G9601","https://www.airfilter-crossreference.com/convert/MANN/C15165/1"
"EA51651","C15165/1","Air Filter","NISSAN","16546G9601","https://www.airfilter-crossreference.com/convert/MANN/C15165/1"
"EA51651","C15165/1","Air Filter","OPEL","834284","https://www.airfilter-crossreference.com/convert/MANN/C15165/1"
"EA51651","C15165/1","Air Filter","OPEL","90137364","https://www.airfilter-crossreference.com/convert/MANN/C15165/1"
"EA51651","C15165/1","Air Filter","VAUXHALL","90137364","https://www.airfilter-crossreference.com/convert/MANN/C15165/1"
"EA51651","C15165/1","Air Filter","VAUXHALL","9974133","https://www.airfilter-crossreference.com/convert/MANN/C15165/1"
"EA56122","C16122","Air Filter","MAZDA","R20523603","https://www.airfilter-crossreference.com/convert/MANN/C16122"
"EA56122","C16122","Air Filter","MAZDA","R20913Z40","https://www.airfilter-crossreference.com/convert/MANN/C16122"
"EA56122","C16122","Air Filter","MAZDA","R22623603","https://www.airfilter-crossreference.com/convert/MANN/C16122"
"EA56142","C16142","Air Filter","FORD","1516654","https://www.airfilter-crossreference.com/convert/MANN/C16142"
"EA56142","C16142","Air Filter","FORD","1531451","https://www.airfilter-crossreference.com/convert/MANN/C16142"
"EA56142","C16142","Air Filter","FORD","1556191","https://www.airfilter-crossreference.com/convert/MANN/C16142"
"EA56142","C16142","Air Filter","FORD","1698685","https://www.airfilter-crossreference.com/convert/MANN/C16142"
"EA56142","C16142","Air Filter","FORD","8G91-9601-AB","https://www.airfilter-crossreference.com/convert/MANN/C16142"
"EA56142","C16142","Air Filter","FORD","8G91-9601-AC","https://www.airfilter-crossreference.com/convert/MANN/C16142"
"EA56142","C16142","Air Filter","FORD","8G91-9601-AD","https://www.airfilter-crossreference.com/convert/MANN/C16142"
"EA56142","C16142","Air Filter","FORD","8G91-9601-AE","https://www.airfilter-crossreference.com/convert/MANN/C16142"
"EA57308","C17308","Air Filter","MERCEDES-BENZ","3740947004","https://www.airfilter-crossreference.com/convert/MANN/C17308"
"EA58023","C18023","Air Filter","PEUGEOT","1612496780","https://www.airfilter-crossreference.com/convert/MANN/C18023"
"EA58023","C18023","Air Filter","PEUGEOT","1616368880","https://www.airfilter-crossreference.com/convert/MANN/C18023"
"EA58023","C18023","Air Filter","TOYOTA","178010M030","https://www.airfilter-crossreference.com/convert/MANN/C18023"
"EA58023","C18023","Air Filter","TOYOTA","178010M040","https://www.airfilter-crossreference.com/convert/MANN/C18023"
"EA58023","C18023","Air Filter","TOYOTA","1780121060","https://www.airfilter-crossreference.com/convert/MANN/C18023"
"EA51829","C1829","Air Filter","MERCEDES-BENZ","0008354047","https://www.airfilter-crossreference.com/convert/MANN/C1829"
"EA51829","C1829","Air Filter","MERCEDES-BENZ","0008354347","https://www.airfilter-crossreference.com/convert/MANN/C1829"
"EA51829","C1829","Air Filter","MERCEDES-BENZ","0008357247","https://www.airfilter-crossreference.com/convert/MANN/C1829"
"EA51829","C1829","Air Filter","MERCEDES-BENZ","A0008354047","https://www.airfilter-crossreference.com/convert/MANN/C1829"
"EA51829","C1829","Air Filter","MERCEDES-BENZ","A0008354347","https://www.airfilter-crossreference.com/convert/MANN/C1829"
"EA51829","C1829","Air Filter","MERCEDES-BENZ","A0008357247","https://www.airfilter-crossreference.com/convert/MANN/C1829"
"EA58832","C1883/2","Air Filter","FORD","1498422","https://www.airfilter-crossreference.com/convert/MANN/C1883/2"
"EA58832","C1883/2","Air Filter","FORD","5000214","https://www.airfilter-crossreference.com/convert/MANN/C1883/2"
"EA58832","C1883/2","Air Filter","FORD","A700K9601HA","https://www.airfilter-crossreference.com/convert/MANN/C1883/2"
"EA58832","C1883/2","Air Filter","FORD","A700X9601HA","https://www.airfilter-crossreference.com/convert/MANN/C1883/2"
"EA58832","C1883/2","Air Filter","GMC","1553922","https://www.airfilter-crossreference.com/convert/MANN/C1883/2"
"EA58832","C1883/2","Air Filter","GMC","9974115","https://www.airfilter-crossreference.com/convert/MANN/C1883/2"
"EA58832","C1883/2","Air Filter","MERCEDES-BENZ","0000940204","https://www.airfilter-crossreference.com/convert/MANN/C1883/2"
"EA58832","C1883/2","Air Filter","MERCEDES-BENZ","0000945704","https://www.airfilter-crossreference.com/convert/MANN/C1883/2"
"EA58832","C1883/2","Air Filter","MERCEDES-BENZ","0000948104","https://www.airfilter-crossreference.com/convert/MANN/C1883/2"
"EA58832","C1883/2","Air Filter","MERCEDES-BENZ","0000949904","https://www.airfilter-crossreference.com/convert/MANN/C1883/2"
"EA58832","C1883/2","Air Filter","MERCEDES-BENZ","0010940204","https://www.airfilter-crossreference.com/convert/MANN/C1883/2"
"EA51201","C2120/1","Air Filter","FIAT","4180816","https://www.airfilter-crossreference.com/convert/MANN/C2120/1"
"EA51201","C2120/1","Air Filter","FIAT","4195069","https://www.airfilter-crossreference.com/convert/MANN/C2120/1"
"EA51201","C2120/1","Air Filter","FIAT","4237082","https://www.airfilter-crossreference.com/convert/MANN/C2120/1"
"EA51201","C2120/1","Air Filter","FIAT","4238882","https://www.airfilter-crossreference.com/convert/MANN/C2120/1"
"EA51201","C2120/1","Air Filter","FIAT","4292447","https://www.airfilter-crossreference.com/convert/MANN/C2120/1"
"EA51201","C2120/1","Air Filter","FIAT","4361618","https://www.airfilter-crossreference.com/convert/MANN/C2120/1"
"EA51201","C2120/1","Air Filter","FIAT","4363100","https://www.airfilter-crossreference.com/convert/MANN/C2120/1"
"EA51201","C2120/1","Air Filter","FIAT","4368711","https://www.airfilter-crossreference.com/convert/MANN/C2120/1"
"EA51201","C2120/1","Air Filter","FIAT","4371570","https://www.airfilter-crossreference.com/convert/MANN/C2120/1"
"EA51201","C2120/1","Air Filter","FIAT","5889203","https://www.airfilter-crossreference.com/convert/MANN/C2120/1"
"EA51201","C2120/1","Air Filter","FIAT","71736147","https://www.airfilter-crossreference.com/convert/MANN/C2120/1"
"EA51201","C2120/1","Air Filter","FORD","1498429","https://www.airfilter-crossreference.com/convert/MANN/C2120/1"
"EA51201","C2120/1","Air Filter","FORD","5006574","https://www.airfilter-crossreference.com/convert/MANN/C2120/1"
"EA51201","C2120/1","Air Filter","FORD","5012632","https://www.airfilter-crossreference.com/convert/MANN/C2120/1"
"EA51201","C2120/1","Air Filter","FORD","5013137","https://www.airfilter-crossreference.com/convert/MANN/C2120/1"
"EA51201","C2120/1","Air Filter","FORD","A700X9601SA","https://www.airfilter-crossreference.com/convert/MANN/C2120/1"
"EA51201","C2120/1","Air Filter","FORD","A800X9601FA","https://www.airfilter-crossreference.com/convert/MANN/C2120/1"
"EA51201","C2120/1","Air Filter","FORD","A840X9601ASA","https://www.airfilter-crossreference.com/convert/MANN/C2120/1"
"EA51201","C2120/1","Air Filter","FORD","A840X9601BGA","https://www.airfilter-crossreference.com/convert/MANN/C2120/1"
"EA51201","C2120/1","Air Filter","GENERAL-MOTORS","9974278","https://www.airfilter-crossreference.com/convert/MANN/C2120/1"
"EA51201","C2120/1","Air Filter","LANCIA","4371570","https://www.airfilter-crossreference.com/convert/MANN/C2120/1"
"EA51201","C2120/1","Air Filter","SEAT","0003897995","https://www.airfilter-crossreference.com/convert/MANN/C2120/1"
"EA51201","C2120/1","Air Filter","SEAT","3897995","https://www.airfilter-crossreference.com/convert/MANN/C2120/1"
"EA51201","C2120/1","Air Filter","SUZUKI","13780-78000","https://www.airfilter-crossreference.com/convert/MANN/C2120/1"
"EA51201","C2120/1","Air Filter","SUZUKI","13780-78000-000","https://www.airfilter-crossreference.com/convert/MANN/C2120/1"
"EA51201","C2120/1","Air Filter","SUZUKI","13780-78100","https://www.airfilter-crossreference.com/convert/MANN/C2120/1"
"EA51201","C2120/1","Air Filter","SUZUKI","13780-78100-000","https://www.airfilter-crossreference.com/convert/MANN/C2120/1"
"EA51201","C2120/1","Air Filter","SUZUKI","1378078000","https://www.airfilter-crossreference.com/convert/MANN/C2120/1"
"EA51201","C2120/1","Air Filter","SUZUKI","1378078000000","https://www.airfilter-crossreference.com/convert/MANN/C2120/1"
"EA51201","C2120/1","Air Filter","SUZUKI","1378078100","https://www.airfilter-crossreference.com/convert/MANN/C2120/1"
"EA51201","C2120/1","Air Filter","SUZUKI","1378078100000","https://www.airfilter-crossreference.com/convert/MANN/C2120/1"
"EA51201","C2120/1","Air Filter","VAUXHALL","9974278","https://www.airfilter-crossreference.com/convert/MANN/C2120/1"
"EA51631","C2163/1","Air Filter","FIAT","72957478","https://www.airfilter-crossreference.com/convert/MANN/C2163/1"
"EA51631","C2163/1","Air Filter","FORD","5012560","https://www.airfilter-crossreference.com/convert/MANN/C2163/1"
"EA51631","C2163/1","Air Filter","FORD","5017007","https://www.airfilter-crossreference.com/convert/MANN/C2163/1"
"EA51631","C2163/1","Air Filter","FORD","860X9601AJA","https://www.airfilter-crossreference.com/convert/MANN/C2163/1"
"EA51631","C2163/1","Air Filter","FORD","A840X9601RA","https://www.airfilter-crossreference.com/convert/MANN/C2163/1"
"EA51631","C2163/1","Air Filter","GENERAL-MOTORS","25062057","https://www.airfilter-crossreference.com/convert/MANN/C2163/1"
"EA51631","C2163/1","Air Filter","GENERAL-MOTORS","90108601","https://www.airfilter-crossreference.com/convert/MANN/C2163/1"
"EA51631","C2163/1","Air Filter","GENERAL-MOTORS","93152883","https://www.airfilter-crossreference.com/convert/MANN/C2163/1"
"EA51631","C2163/1","Air Filter","OPEL","834276","https://www.airfilter-crossreference.com/convert/MANN/C2163/1"
"EA51631","C2163/1","Air Filter","OPEL","90108601","https://www.airfilter-crossreference.com/convert/MANN/C2163/1"
"EA51631","C2163/1","Air Filter","VAUXHALL","90108601","https://www.airfilter-crossreference.com/convert/MANN/C2163/1"
"EA51631","C2163/1","Air Filter","VAUXHALL","93152883","https://www.airfilter-crossreference.com/convert/MANN/C2163/1"
"EA52180","C2180","Air Filter","PORSCHE","022129620","https://www.airfilter-crossreference.com/convert/MANN/C2180"
"EA52323","C2323","Air Filter","FIAT","4242480","https://www.airfilter-crossreference.com/convert/MANN/C2323"
"EA52323","C2323","Air Filter","FIAT","4434896","https://www.airfilter-crossreference.com/convert/MANN/C2323"
"EA53251","C23251","Air Filter","GENERAL-MOTORS","15586878","https://www.airfilter-crossreference.com/convert/MANN/C23251"
"EA53251","C23251","Air Filter","GENERAL-MOTORS","5648080","https://www.airfilter-crossreference.com/convert/MANN/C23251"
"EA53251","C23251","Air Filter","GMC","5648080","https://www.airfilter-crossreference.com/convert/MANN/C23251"
"EA53795","C2379/5","Air Filter","TOYOTA","17601-45020","https://www.airfilter-crossreference.com/convert/MANN/C2379/5"
"EA53795","C2379/5","Air Filter","TOYOTA","1760145020","https://www.airfilter-crossreference.com/convert/MANN/C2379/5"
"EA53795","C2379/5","Air Filter","TOYOTA","17801-01020","https://www.airfilter-crossreference.com/convert/MANN/C2379/5"
"EA53795","C2379/5","Air Filter","TOYOTA","17801-03030","https://www.airfilter-crossreference.com/convert/MANN/C2379/5"
"EA53795","C2379/5","Air Filter","TOYOTA","17801-45010","https://www.airfilter-crossreference.com/convert/MANN/C2379/5"
"EA53795","C2379/5","Air Filter","TOYOTA","17801-55010","https://www.airfilter-crossreference.com/convert/MANN/C2379/5"
"EA53795","C2379/5","Air Filter","TOYOTA","17801-74010","https://www.airfilter-crossreference.com/convert/MANN/C2379/5"
"EA53795","C2379/5","Air Filter","TOYOTA","17801-87715","https://www.airfilter-crossreference.com/convert/MANN/C2379/5"
"EA53795","C2379/5","Air Filter","TOYOTA","1780101020","https://www.airfilter-crossreference.com/convert/MANN/C2379/5"
"EA53795","C2379/5","Air Filter","TOYOTA","1780103030","https://www.airfilter-crossreference.com/convert/MANN/C2379/5"
"EA53795","C2379/5","Air Filter","TOYOTA","1780145010","https://www.airfilter-crossreference.com/convert/MANN/C2379/5"
"EA53795","C2379/5","Air Filter","TOYOTA","1780155010","https://www.airfilter-crossreference.com/convert/MANN/C2379/5"
"EA53795","C2379/5","Air Filter","TOYOTA","1780174010","https://www.airfilter-crossreference.com/convert/MANN/C2379/5"
"EA53795","C2379/5","Air Filter","TOYOTA","1780187715","https://www.airfilter-crossreference.com/convert/MANN/C2379/5"
"EA54039","C24039","Air Filter","MITSUBISHI","ME441131","https://www.airfilter-crossreference.com/convert/MANN/C24039"
"EA52485","C2485","Air Filter","NISSAN","16546-BN701","https://www.airfilter-crossreference.com/convert/MANN/C2485"
"EA55262","C2526/2","Air Filter","FORD","5025069","https://www.airfilter-crossreference.com/convert/MANN/C2526/2"
"EA55262","C2526/2","Air Filter","FORD","900X9601ABA","https://www.airfilter-crossreference.com/convert/MANN/C2526/2"
"EA55262","C2526/2","Air Filter","GENERAL-MOTORS","94247245","https://www.airfilter-crossreference.com/convert/MANN/C2526/2"
"EA55262","C2526/2","Air Filter","GENERAL-MOTORS","94849664","https://www.airfilter-crossreference.com/convert/MANN/C2526/2"
"EA55262","C2526/2","Air Filter","SUZUKI","1780116040","https://www.airfilter-crossreference.com/convert/MANN/C2526/2"
"EA55262","C2526/2","Air Filter","TOYOTA","1780116020","https://www.airfilter-crossreference.com/convert/MANN/C2526/2"
"EA55262","C2526/2","Air Filter","TOYOTA","178011602083","https://www.airfilter-crossreference.com/convert/MANN/C2526/2"
"EA55262","C2526/2","Air Filter","TOYOTA","1780116040","https://www.airfilter-crossreference.com/convert/MANN/C2526/2"
"EA55262","C2526/2","Air Filter","TOYOTA","1780174040","https://www.airfilter-crossreference.com/convert/MANN/C2526/2"
"EA55262","C2526/2","Air Filter","TOYOTA","17801BZ020","https://www.airfilter-crossreference.com/convert/MANN/C2526/2"
"EA52590","C2590","Air Filter","GENERAL-MOTORS","834233","https://www.airfilter-crossreference.com/convert/MANN/C2590"
"EA52590","C2590","Air Filter","OPEL","834233","https://www.airfilter-crossreference.com/convert/MANN/C2590"
"EA52631","C2631M","Air Filter","HYUNDAI","2811308000","https://www.airfilter-crossreference.com/convert/MANN/C2631M"
"EA52631","C2631M","Air Filter","KIA","281132F250","https://www.airfilter-crossreference.com/convert/MANN/C2631M"
"EA52659","C2659","Air Filter","FORD","1498433","https://www.airfilter-crossreference.com/convert/MANN/C2659"
"EA52659","C2659","Air Filter","FORD","5017062","https://www.airfilter-crossreference.com/convert/MANN/C2659"
"EA52659","C2659","Air Filter","FORD","860X9601CNA","https://www.airfilter-crossreference.com/convert/MANN/C2659"
"EA52659","C2659","Air Filter","FORD","A700X9601AAA","https://www.airfilter-crossreference.com/convert/MANN/C2659"
"EA52659","C2659","Air Filter","GENERAL-MOTORS","7987985","https://www.airfilter-crossreference.com/convert/MANN/C2659"
"EA52659","C2659","Air Filter","HYUNDAI","2811311010","https://www.airfilter-crossreference.com/convert/MANN/C2659"
"EA52659","C2659","Air Filter","HYUNDAI","2811311020","https://www.airfilter-crossreference.com/convert/MANN/C2659"
"EA52659","C2659","Air Filter","MITSUBISHI","MD320276","https://www.airfilter-crossreference.com/convert/MANN/C2659"
"EA52659","C2659","Air Filter","MITSUBISHI","MD603014","https://www.airfilter-crossreference.com/convert/MANN/C2659"
"EA52675","C2675","Air Filter","FORD","0448231","https://www.airfilter-crossreference.com/convert/MANN/C2675"
"EA52675","C2675","Air Filter","FORD","11448231","https://www.airfilter-crossreference.com/convert/MANN/C2675"
"EA52675","C2675","Air Filter","FORD","11464231","https://www.airfilter-crossreference.com/convert/MANN/C2675"
"EA52675","C2675","Air Filter","FORD","5004880","https://www.airfilter-crossreference.com/convert/MANN/C2675"
"EA52675","C2675","Air Filter","FORD","5008725","https://www.airfilter-crossreference.com/convert/MANN/C2675"
"EA52675","C2675","Air Filter","FORD","71HF9601FA","https://www.airfilter-crossreference.com/convert/MANN/C2675"
"EA52675","C2675","Air Filter","GENERAL-MOTORS","9974283","https://www.airfilter-crossreference.com/convert/MANN/C2675"
"EA52685","C2685","Air Filter","FORD","6049487","https://www.airfilter-crossreference.com/convert/MANN/C2685"
"EA52685","C2685","Air Filter","FORD","78TF9601AA","https://www.airfilter-crossreference.com/convert/MANN/C2685"
"EA52685","C2685","Air Filter","GENERAL-MOTORS","25062230","https://www.airfilter-crossreference.com/convert/MANN/C2685"
"EA57008","C27008","Air Filter","GENERAL-MOTORS","24508572","https://www.airfilter-crossreference.com/convert/MANN/C27008"
"EA57008","C27008","Air Filter","GENERAL-MOTORS","25096932","https://www.airfilter-crossreference.com/convert/MANN/C27008"
"EA57008","C27008","Air Filter","GENERAL-MOTORS","92101146","https://www.airfilter-crossreference.com/convert/MANN/C27008"
"EA52758","C2758","Air Filter","MAZDA","AM1513Z00","https://www.airfilter-crossreference.com/convert/MANN/C2758"
"EA52758","C2758","Air Filter","MITSUBISHI","MD604880","https://www.airfilter-crossreference.com/convert/MANN/C2758"
"EA52758","C2758","Air Filter","MITSUBISHI","MR571471","https://www.airfilter-crossreference.com/convert/MANN/C2758"
"EA57742","C2774/2","Air Filter","FORD","1058022","https://www.airfilter-crossreference.com/convert/MANN/C2774/2"
"EA57742","C2774/2","Air Filter","FORD","1072246","https://www.airfilter-crossreference.com/convert/MANN/C2774/2"
"EA57902","C27902","Air Filter","MERCEDES-BENZ","3760948204","https://www.airfilter-crossreference.com/convert/MANN/C27902"
"EA58006","C28006","Air Filter","OEM","96815102","https://www.airfilter-crossreference.com/convert/MANN/C28006"
"EA58612","C2861/2","Air Filter","CHRYSLER","05098424AA","https://www.airfilter-crossreference.com/convert/MANN/C2861/2"
"EA58612","C2861/2","Air Filter","CHRYSLER","05098424AB","https://www.airfilter-crossreference.com/convert/MANN/C2861/2"
"EA58612","C2861/2","Air Filter","CHRYSLER","5098424AC","https://www.airfilter-crossreference.com/convert/MANN/C2861/2"
"EA58612","C2861/2","Air Filter","OEM","05098424AA","https://www.airfilter-crossreference.com/convert/MANN/C2861/2"
"EA59021","C29021M","Air Filter","VOLVO","31370089","https://www.airfilter-crossreference.com/convert/MANN/C29021M"
"EA50321","C291032/1","Air Filter","MERCEDES-BENZ","0030949504","https://www.airfilter-crossreference.com/convert/MANN/C291032/1"
"EA50321","C291032/1","Air Filter","MERCEDES-BENZ","0030949604","https://www.airfilter-crossreference.com/convert/MANN/C291032/1"
"EA52987","C2987","Air Filter","DACIA","6001545525","https://www.airfilter-crossreference.com/convert/MANN/C2987"
"EA52987","C2987","Air Filter","SUZUKI","13780-84CT0","https://www.airfilter-crossreference.com/convert/MANN/C2987"
"EA52987","C2987","Air Filter","SUZUKI","13780-84CT0-000","https://www.airfilter-crossreference.com/convert/MANN/C2987"
"EA53012","C3012","Air Filter","MAZDA","LFG1-13-Z40","https://www.airfilter-crossreference.com/convert/MANN/C3012"
"EA51253","C30125/3","Air Filter","GENERAL-MOTORS","13270892","https://www.airfilter-crossreference.com/convert/MANN/C30125/3"
"EA51253","C30125/3","Air Filter","GENERAL-MOTORS","93192056","https://www.airfilter-crossreference.com/convert/MANN/C30125/3"
"EA51253","C30125/3","Air Filter","OPEL","834158","https://www.airfilter-crossreference.com/convert/MANN/C30125/3"
"EA51253","C30125/3","Air Filter","OPEL","835635","https://www.airfilter-crossreference.com/convert/MANN/C30125/3"
"EA51253","C30125/3","Air Filter","OPEL","93192056","https://www.airfilter-crossreference.com/convert/MANN/C30125/3"
"EA51253","C30125/3","Air Filter","OPEL","93193037","https://www.airfilter-crossreference.com/convert/MANN/C30125/3"
"EA53051","C3051","Air Filter","FORD","5005530","https://www.airfilter-crossreference.com/convert/MANN/C3051"
"EA53051","C3051","Air Filter","FORD","A790X9601CA","https://www.airfilter-crossreference.com/convert/MANN/C3051"
"EA53051","C3051","Air Filter","GENERAL-MOTORS","93152738","https://www.airfilter-crossreference.com/convert/MANN/C3051"
"EA51491","C31149/1","Air Filter","BMW","13717521037","https://www.airfilter-crossreference.com/convert/MANN/C31149/1"
"EA51491","C31149/1","Air Filter","BMW","13717521037-01","https://www.airfilter-crossreference.com/convert/MANN/C31149/1"
"EA51902","C31190/2","Air Filter","FORD","5017041","https://www.airfilter-crossreference.com/convert/MANN/C31190/2"
"EA51902","C31190/2","Air Filter","FORD","860X9601CEA","https://www.airfilter-crossreference.com/convert/MANN/C31190/2"
"EA51902","C31190/2","Air Filter","MERCEDES-BENZ","0020940404","https://www.airfilter-crossreference.com/convert/MANN/C31190/2"
"EA51902","C31190/2","Air Filter","MERCEDES-BENZ","A0020940404","https://www.airfilter-crossreference.com/convert/MANN/C31190/2"
"EA53381","C3338/1","Air Filter","HONDA","17220PH7013","https://www.airfilter-crossreference.com/convert/MANN/C3338/1"
"EA53381","C3338/1","Air Filter","HONDA","17220PH7661","https://www.airfilter-crossreference.com/convert/MANN/C3338/1"
"EA55177","C35177M","Air Filter","VOLVO","30748212","https://www.airfilter-crossreference.com/convert/MANN/C35177M"
"EA55177","C35177M","Air Filter","VOLVO","31370161","https://www.airfilter-crossreference.com/convert/MANN/C35177M"
"EA53671","C3671","Air Filter","CITROEN","1444FC","https://www.airfilter-crossreference.com/convert/MANN/C3671"
"EA53671","C3671","Air Filter","PEUGEOT","1444CQ","https://www.airfilter-crossreference.com/convert/MANN/C3671"
"EA53984","C3984","Air Filter","GENERAL-MOTORS","834238","https://www.airfilter-crossreference.com/convert/MANN/C3984"
"EA53984","C3984","Air Filter","GENERAL-MOTORS","9974988","https://www.airfilter-crossreference.com/convert/MANN/C3984"
"EA53984","C3984","Air Filter","OPEL","834238","https://www.airfilter-crossreference.com/convert/MANN/C3984"
"EA50010","C40010","Air Filter","CITROEN","1444CF","https://www.airfilter-crossreference.com/convert/MANN/C40010"
"EA50010","C40010","Air Filter","CITROEN","1444EC","https://www.airfilter-crossreference.com/convert/MANN/C40010"
"EA50010","C40010","Air Filter","CITROEN","1444VH","https://www.airfilter-crossreference.com/convert/MANN/C40010"
"EA50010","C40010","Air Filter","CITROEN","1444X1","https://www.airfilter-crossreference.com/convert/MANN/C40010"
"EA50010","C40010","Air Filter","PEUGEOT","1444EE","https://www.airfilter-crossreference.com/convert/MANN/C40010"
"EA50010","C40010","Air Filter","PEUGEOT","1444EF","https://www.airfilter-crossreference.com/convert/MANN/C40010"
"EA50010","C40010","Air Filter","PEUGEOT","1444XA","https://www.airfilter-crossreference.com/convert/MANN/C40010"
"EA54085","C4085","Air Filter","GENERAL-MOTORS","834234","https://www.airfilter-crossreference.com/convert/MANN/C4085"
"EA54085","C4085","Air Filter","GENERAL-MOTORS","9974303","https://www.airfilter-crossreference.com/convert/MANN/C4085"
"EA54085","C4085","Air Filter","OPEL","834234","https://www.airfilter-crossreference.com/convert/MANN/C4085"
"EA50821","C5082/1","Air Filter","CITROEN","1444RW","https://www.airfilter-crossreference.com/convert/MANN/C5082/1"
"EA50821","C5082/1","Air Filter","PEUGEOT","1444RV","https://www.airfilter-crossreference.com/convert/MANN/C5082/1"
"EA50946","C946","Air Filter","VOLVO","6050126","https://www.airfilter-crossreference.com/convert/MANN/C946"
"EC51422","CF1422","Cabin Filter","FIAT","102976","https://www.airfilter-crossreference.com/convert/MANN/CF1422"
"EC51422","CF1422","Cabin Filter","FIAT","132882","https://www.airfilter-crossreference.com/convert/MANN/CF1422"
"EC51422","CF1422","Cabin Filter","FIAT","1728450","https://www.airfilter-crossreference.com/convert/MANN/CF1422"
"EC51422","CF1422","Cabin Filter","FIAT","1930789","https://www.airfilter-crossreference.com/convert/MANN/CF1422"
"EC51422","CF1422","Cabin Filter","FIAT","20015931","https://www.airfilter-crossreference.com/convert/MANN/CF1422"
"EC51422","CF1422","Cabin Filter","FIAT","300132882","https://www.airfilter-crossreference.com/convert/MANN/CF1422"
"EC51422","CF1422","Cabin Filter","FIAT","701728450","https://www.airfilter-crossreference.com/convert/MANN/CF1422"
"EC51422","CF1422","Cabin Filter","FIAT","71728450","https://www.airfilter-crossreference.com/convert/MANN/CF1422"
"EA51014","CL1014","Air Filter","PEUGEOT","144569","https://www.airfilter-crossreference.com/convert/MANN/CL1014"
"EA51121","CL1121","Air Filter","GENERAL-MOTORS","25177027","https://www.airfilter-crossreference.com/convert/MANN/CL1121"
"EA51121","CL1121","Air Filter","PEUGEOT","144582","https://www.airfilter-crossreference.com/convert/MANN/CL1121"
"EA51121","CL1121","Air Filter","PEUGEOT","144587","https://www.airfilter-crossreference.com/convert/MANN/CL1121"
"EA51130","CL1130","Air Filter","GENERAL-MOTORS","25177027","https://www.airfilter-crossreference.com/convert/MANN/CL1130"
"EA51130","CL1130","Air Filter","PEUGEOT","144582","https://www.airfilter-crossreference.com/convert/MANN/CL1130"
"EA51130","CL1130","Air Filter","PEUGEOT","144587","https://www.airfilter-crossreference.com/convert/MANN/CL1130"
"EA51321","CL1321","Air Filter","PEUGEOT","144549","https://www.airfilter-crossreference.com/convert/MANN/CL1321"
"EA53690","CL3690","Air Filter","PEUGEOT","144404","https://www.airfilter-crossreference.com/convert/MANN/CL3690"
"EA51248","CS1248","Air Filter","PEUGEOT","144532","https://www.airfilter-crossreference.com/convert/MANN/CS1248"
"EA51248","CS1248","Air Filter","PEUGEOT","144538","https://www.airfilter-crossreference.com/convert/MANN/CS1248"
"EA51248","CS1248","Air Filter","PEUGEOT","144549","https://www.airfilter-crossreference.com/convert/MANN/CS1248"
"EA51248","CS1248","Air Filter","PEUGEOT","144563","https://www.airfilter-crossreference.com/convert/MANN/CS1248"
"EC51620","CU1620","Cabin Filter","PEUGEOT","9649774880","https://www.airfilter-crossreference.com/convert/MANN/CU1620"
"EC51620","CU1620","Cabin Filter","PEUGEOT","9656172180","https://www.airfilter-crossreference.com/convert/MANN/CU1620"
"EC58112","CU1811/2","Cabin Filter","DODGE","68033193AA","https://www.airfilter-crossreference.com/convert/MANN/CU1811/2"
"EC58112","CU1811/2","Cabin Filter","OEM","68033193AA","https://www.airfilter-crossreference.com/convert/MANN/CU1811/2"
"EC51828","CU1828M","Cabin Filter","SUBARU","72880AG010","https://www.airfilter-crossreference.com/convert/MANN/CU1828M"
"EC51828","CU1828M","Cabin Filter","TOYOTA","08974077820","https://www.airfilter-crossreference.com/convert/MANN/CU1828M"
"EC51828","CU1828M","Cabin Filter","TOYOTA","8713912010","https://www.airfilter-crossreference.com/convert/MANN/CU1828M"
"EC51828","CU1828M","Cabin Filter","TOYOTA","8713952010","https://www.airfilter-crossreference.com/convert/MANN/CU1828M"
"EC51828","CU1828M","Cabin Filter","TOYOTA","8856852010","https://www.airfilter-crossreference.com/convert/MANN/CU1828M"
"EC51828","CU1828M","Cabin Filter","TOYOTA","885685201083","https://www.airfilter-crossreference.com/convert/MANN/CU1828M"
"EC51853","CU1853","Cabin Filter","MERCEDES-BENZ","0008356247","https://www.airfilter-crossreference.com/convert/MANN/CU1853"
"EC51853","CU1853","Cabin Filter","MERCEDES-BENZ","0008357147","https://www.airfilter-crossreference.com/convert/MANN/CU1853"
"EC51012","CU21012","Cabin Filter","TOYOTA","8850820130","https://www.airfilter-crossreference.com/convert/MANN/CU21012"
"EC51012","CU21012","Cabin Filter","TOYOTA","8888020010","https://www.airfilter-crossreference.com/convert/MANN/CU21012"
"EC51012","CU21012","Cabin Filter","TOYOTA","8888020030","https://www.airfilter-crossreference.com/convert/MANN/CU21012"
"EC51012","CU21012","Cabin Filter","TOYOTA","8888020050","https://www.airfilter-crossreference.com/convert/MANN/CU21012"
"EC51012","CU21012","Cabin Filter","TOYOTA","8888020100","https://www.airfilter-crossreference.com/convert/MANN/CU21012"
"EC51012","CU21012","Cabin Filter","TOYOTA","8888044030","https://www.airfilter-crossreference.com/convert/MANN/CU21012"
"EC51062","CU2106/2","Cabin Filter","MITSUBISHI","MR315172","https://www.airfilter-crossreference.com/convert/MANN/CU2106/2"
"EC51062","CU2106/2","Cabin Filter","MITSUBISHI","XR315172D","https://www.airfilter-crossreference.com/convert/MANN/CU2106/2"
"EC51062","CU2106/2","Cabin Filter","OEM","MR315172","https://www.airfilter-crossreference.com/convert/MANN/CU2106/2"
"EC52126","CU2126","Cabin Filter","PEUGEOT","9656172180","https://www.airfilter-crossreference.com/convert/MANN/CU2126"
"EC52131","CU2131M","Cabin Filter","SUBARU","72880AG000","https://www.airfilter-crossreference.com/convert/MANN/CU2131M"
"EC52131","CU2131M","Cabin Filter","SUBARU","72880AG0009P","https://www.airfilter-crossreference.com/convert/MANN/CU2131M"
"EC52131","CU2131M","Cabin Filter","SUBARU","72880AG00A","https://www.airfilter-crossreference.com/convert/MANN/CU2131M"
"EC52131","CU2131M","Cabin Filter","SUBARU","72880XA00A","https://www.airfilter-crossreference.com/convert/MANN/CU2131M"
"EC52131","CU2131M","Cabin Filter","SUBARU","G3210AG000","https://www.airfilter-crossreference.com/convert/MANN/CU2131M"
"EC52131","CU2131M","Cabin Filter","TOYOTA","8713906030","https://www.airfilter-crossreference.com/convert/MANN/CU2131M"
"EC52131","CU2131M","Cabin Filter","TOYOTA","8713906040","https://www.airfilter-crossreference.com/convert/MANN/CU2131M"
"EC52131","CU2131M","Cabin Filter","TOYOTA","8713908030","https://www.airfilter-crossreference.com/convert/MANN/CU2131M"
"EC52131","CU2131M","Cabin Filter","TOYOTA","8713928010","https://www.airfilter-crossreference.com/convert/MANN/CU2131M"
"EC52131","CU2131M","Cabin Filter","TOYOTA","8713932010","https://www.airfilter-crossreference.com/convert/MANN/CU2131M"
"EC52131","CU2131M","Cabin Filter","TOYOTA","8713947010","https://www.airfilter-crossreference.com/convert/MANN/CU2131M"
"EC52131","CU2131M","Cabin Filter","TOYOTA","8713949010","https://www.airfilter-crossreference.com/convert/MANN/CU2131M"
"EC52131","CU2131M","Cabin Filter","TOYOTA","87139YZZ05","https://www.airfilter-crossreference.com/convert/MANN/CU2131M"
"EC52131","CU2131M","Cabin Filter","TOYOTA","87139YZZ19","https://www.airfilter-crossreference.com/convert/MANN/CU2131M"
"EC52131","CU2131M","Cabin Filter","TOYOTA","8850820120","https://www.airfilter-crossreference.com/convert/MANN/CU2131M"
"EC52131","CU2131M","Cabin Filter","TOYOTA","8850820210","https://www.airfilter-crossreference.com/convert/MANN/CU2131M"
"EC52131","CU2131M","Cabin Filter","TOYOTA","8856802020","https://www.airfilter-crossreference.com/convert/MANN/CU2131M"
"EC52131","CU2131M","Cabin Filter","TOYOTA","8888020090","https://www.airfilter-crossreference.com/convert/MANN/CU2131M"
"EC52131","CU2131M","Cabin Filter","TOYOTA","8888032020","https://www.airfilter-crossreference.com/convert/MANN/CU2131M"
"EC52131","CU2131M","Cabin Filter","TOYOTA","8888041010","https://www.airfilter-crossreference.com/convert/MANN/CU2131M"
"EC50092","CU22009/2","Cabin Filter","OEM","68111091A0","https://www.airfilter-crossreference.com/convert/MANN/CU22009/2"
"EC52142","CU2214/2","Cabin Filter","KIA","971332E900","https://www.airfilter-crossreference.com/convert/MANN/CU2214/2"
"EC52142","CU2214/2","Cabin Filter","KIA","971332E910","https://www.airfilter-crossreference.com/convert/MANN/CU2214/2"
"EC52142","CU2214/2","Cabin Filter","OEM","971332E900","https://www.airfilter-crossreference.com/convert/MANN/CU2214/2"
"EC53019","CU23019M","Cabin Filter","KIA","97133D3000","https://www.airfilter-crossreference.com/convert/MANN/CU23019M"
"EC52368","CU2368","Cabin Filter","CHRYSLER","68042866AA","https://www.airfilter-crossreference.com/convert/MANN/CU2368"
"EC52368","CU2368","Cabin Filter","CHRYSLER","68042866AB","https://www.airfilter-crossreference.com/convert/MANN/CU2368"
"EC52368","CU2368","Cabin Filter","CITROEN","6447ZY","https://www.airfilter-crossreference.com/convert/MANN/CU2368"
"EC52368","CU2368","Cabin Filter","CITROEN","6479E9","https://www.airfilter-crossreference.com/convert/MANN/CU2368"
"EC52368","CU2368","Cabin Filter","HONDA","06801S10000","https://www.airfilter-crossreference.com/convert/MANN/CU2368"
"EC52368","CU2368","Cabin Filter","HONDA","08R79ST3600","https://www.airfilter-crossreference.com/convert/MANN/CU2368"
"EC52368","CU2368","Cabin Filter","HONDA","1987432053","https://www.airfilter-crossreference.com/convert/MANN/CU2368"
"EC52368","CU2368","Cabin Filter","HONDA","79831S04003","https://www.airfilter-crossreference.com/convert/MANN/CU2368"
"EC52368","CU2368","Cabin Filter","HONDA","79831ST3E01","https://www.airfilter-crossreference.com/convert/MANN/CU2368"
"EC52368","CU2368","Cabin Filter","HONDA","80290FT3E01","https://www.airfilter-crossreference.com/convert/MANN/CU2368"
"EC52368","CU2368","Cabin Filter","HONDA","80290ST3505","https://www.airfilter-crossreference.com/convert/MANN/CU2368"
"EC52368","CU2368","Cabin Filter","HONDA","80290ST3E01","https://www.airfilter-crossreference.com/convert/MANN/CU2368"
"EC52368","CU2368","Cabin Filter","HONDA","80291S04000","https://www.airfilter-crossreference.com/convert/MANN/CU2368"
"EC52368","CU2368","Cabin Filter","HONDA","80291S04003","https://www.airfilter-crossreference.com/convert/MANN/CU2368"
"EC52368","CU2368","Cabin Filter","HONDA","80291S2H505","https://www.airfilter-crossreference.com/convert/MANN/CU2368"
"EC52368","CU2368","Cabin Filter","HONDA","80291S2HE01","https://www.airfilter-crossreference.com/convert/MANN/CU2368"
"EC52368","CU2368","Cabin Filter","HONDA","80291ST3505","https://www.airfilter-crossreference.com/convert/MANN/CU2368"
"EC52368","CU2368","Cabin Filter","HONDA","80291ST3515","https://www.airfilter-crossreference.com/convert/MANN/CU2368"
"EC52368","CU2368","Cabin Filter","HONDA","80291ST3E01","https://www.airfilter-crossreference.com/convert/MANN/CU2368"
"EC52368","CU2368","Cabin Filter","HONDA","JKR100080","https://www.airfilter-crossreference.com/convert/MANN/CU2368"
"EC52368","CU2368","Cabin Filter","INFINITI","27891BM400","https://www.airfilter-crossreference.com/convert/MANN/CU2368"
"EC52368","CU2368","Cabin Filter","INFINITI","27891BM401","https://www.airfilter-crossreference.com/convert/MANN/CU2368"
"EC52368","CU2368","Cabin Filter","INFINITI","27891BM401KE","https://www.airfilter-crossreference.com/convert/MANN/CU2368"
"EC52368","CU2368","Cabin Filter","INFINITI","27891BM410","https://www.airfilter-crossreference.com/convert/MANN/CU2368"
"EC52368","CU2368","Cabin Filter","LEXUS","8713930100","https://www.airfilter-crossreference.com/convert/MANN/CU2368"
"EC52368","CU2368","Cabin Filter","MITSUBISHI","7803A004","https://www.airfilter-crossreference.com/convert/MANN/CU2368"
"EC52368","CU2368","Cabin Filter","MITSUBISHI","7803A005","https://www.airfilter-crossreference.com/convert/MANN/CU2368"
"EC52368","CU2368","Cabin Filter","MITSUBISHI","7803A043","https://www.airfilter-crossreference.com/convert/MANN/CU2368"
"EC52368","CU2368","Cabin Filter","NISSAN","27200BN020","https://www.airfilter-crossreference.com/convert/MANN/CU2368"
"EC52368","CU2368","Cabin Filter","NISSAN","27236BN000","https://www.airfilter-crossreference.com/convert/MANN/CU2368"
"EC52368","CU2368","Cabin Filter","NISSAN","27237BN000","https://www.airfilter-crossreference.com/convert/MANN/CU2368"
"EC52368","CU2368","Cabin Filter","NISSAN","27238BN000","https://www.airfilter-crossreference.com/convert/MANN/CU2368"
"EC52368","CU2368","Cabin Filter","NISSAN","272472Y000","https://www.airfilter-crossreference.com/convert/MANN/CU2368"
"EC52368","CU2368","Cabin Filter","NISSAN","272750N025","https://www.airfilter-crossreference.com/convert/MANN/CU2368"
"EC52368","CU2368","Cabin Filter","NISSAN","272751N626","https://www.airfilter-crossreference.com/convert/MANN/CU2368"
"EC52368","CU2368","Cabin Filter","NISSAN","27276BN000","https://www.airfilter-crossreference.com/convert/MANN/CU2368"
"EC52368","CU2368","Cabin Filter","NISSAN","272774M00","https://www.airfilter-crossreference.com/convert/MANN/CU2368"
"EC52368","CU2368","Cabin Filter","NISSAN","272774M400","https://www.airfilter-crossreference.com/convert/MANN/CU2368"
"EC52368","CU2368","Cabin Filter","NISSAN","272774M425","https://www.airfilter-crossreference.com/convert/MANN/CU2368"
"EC52368","CU2368","Cabin Filter","NISSAN","272779W125","https://www.airfilter-crossreference.com/convert/MANN/CU2368"
"EC52368","CU2368","Cabin Filter","NISSAN","27277AG025","https://www.airfilter-crossreference.com/convert/MANN/CU2368"
"EC52368","CU2368","Cabin Filter","NISSAN","27277EG025","https://www.airfilter-crossreference.com/convert/MANN/CU2368"
"EC52368","CU2368","Cabin Filter","NISSAN","27891BM400","https://www.airfilter-crossreference.com/convert/MANN/CU2368"
"EC52368","CU2368","Cabin Filter","NISSAN","27891BM400KE","https://www.airfilter-crossreference.com/convert/MANN/CU2368"
"EC52368","CU2368","Cabin Filter","NISSAN","27891BM401","https://www.airfilter-crossreference.com/convert/MANN/CU2368"
"EC52368","CU2368","Cabin Filter","NISSAN","27891BM401KE","https://www.airfilter-crossreference.com/convert/MANN/CU2368"
"EC52368","CU2368","Cabin Filter","NISSAN","27891BM402","https://www.airfilter-crossreference.com/convert/MANN/CU2368"
"EC52368","CU2368","Cabin Filter","NISSAN","27891BM410","https://www.airfilter-crossreference.com/convert/MANN/CU2368"
"EC52368","CU2368","Cabin Filter","NISSAN","2K00330361","https://www.airfilter-crossreference.com/convert/MANN/CU2368"
"EC52368","CU2368","Cabin Filter","NISSAN","2T351BH401","https://www.airfilter-crossreference.com/convert/MANN/CU2368"
"EC52368","CU2368","Cabin Filter","NISSAN","999M1VP001","https://www.airfilter-crossreference.com/convert/MANN/CU2368"
"EC52368","CU2368","Cabin Filter","NISSAN","B72005M000","https://www.airfilter-crossreference.com/convert/MANN/CU2368"
"EC52368","CU2368","Cabin Filter","NISSAN","B72005U100","https://www.airfilter-crossreference.com/convert/MANN/CU2368"
"EC52368","CU2368","Cabin Filter","NISSAN","B7277EG01A","https://www.airfilter-crossreference.com/convert/MANN/CU2368"
"EC52368","CU2368","Cabin Filter","NISSAN","B727A79225","https://www.airfilter-crossreference.com/convert/MANN/CU2368"
"EC52368","CU2368","Cabin Filter","NISSAN","B727A79925","https://www.airfilter-crossreference.com/convert/MANN/CU2368"
"EC52368","CU2368","Cabin Filter","NISSAN","EA03130450","https://www.airfilter-crossreference.com/convert/MANN/CU2368"
"EC52368","CU2368","Cabin Filter","NISSAN","KE27870J00","https://www.airfilter-crossreference.com/convert/MANN/CU2368"
"EC52368","CU2368","Cabin Filter","PEUGEOT","6447ZX","https://www.airfilter-crossreference.com/convert/MANN/CU2368"
"EC52368","CU2368","Cabin Filter","PEUGEOT","6479E9","https://www.airfilter-crossreference.com/convert/MANN/CU2368"
"EC54182","CU2418/2","Cabin Filter","NISSAN","2789100Q0D","https://www.airfilter-crossreference.com/convert/MANN/CU2418/2"
"EC54182","CU2418/2","Cabin Filter","OEM","27891-00Q0D","https://www.airfilter-crossreference.com/convert/MANN/CU2418/2"
"EC52531","CU2531KIT","Cabin Filter","PEUGEOT","6444JX","https://www.airfilter-crossreference.com/convert/MANN/CU2531KIT"
"EC55422","CU2542/2","Cabin Filter","HYUNDAI","976193D100","https://www.airfilter-crossreference.com/convert/MANN/CU2542/2"
"EC55422","CU2542/2","Cabin Filter","HYUNDAI","976193D200","https://www.airfilter-crossreference.com/convert/MANN/CU2542/2"
"EC55422","CU2542/2","Cabin Filter","KIA","976193D100","https://www.airfilter-crossreference.com/convert/MANN/CU2542/2"
"EC55422","CU2542/2","Cabin Filter","KIA","976193D200","https://www.airfilter-crossreference.com/convert/MANN/CU2542/2"
"EC55422","CU2542/2","Cabin Filter","OEM","976193D100","https://www.airfilter-crossreference.com/convert/MANN/CU2542/2"
"EC54260","CU4260","Cabin Filter","PEUGEOT","002440","https://www.airfilter-crossreference.com/convert/MANN/CU4260"
"EC54260","CU4260","Cabin Filter","PEUGEOT","6447K6","https://www.airfilter-crossreference.com/convert/MANN/CU4260"
"EC54260","CU4260","Cabin Filter","PEUGEOT","E146113","https://www.airfilter-crossreference.com/convert/MANN/CU4260"
"EC58971","CUK2897/1","Cabin Filter","CHRYSLER","71775179","https://www.airfilter-crossreference.com/convert/MANN/CUK2897/1"
"EC58971","CUK2897/1","Cabin Filter","FIAT","K05101439AA","https://www.airfilter-crossreference.com/convert/MANN/CUK2897/1"
"EC58971","CUK2897/1","Cabin Filter","FIAT","K5101438AA","https://www.airfilter-crossreference.com/convert/MANN/CUK2897/1"
"EC58971","CUK2897/1","Cabin Filter","FIAT","K71775179","https://www.airfilter-crossreference.com/convert/MANN/CUK2897/1"
"EC58971","CUK2897/1","Cabin Filter","MERCEDES-BENZ","2028300318","https://www.airfilter-crossreference.com/convert/MANN/CUK2897/1"
"EC58971","CUK2897/1","Cabin Filter","MERCEDES-BENZ","2108300718","https://www.airfilter-crossreference.com/convert/MANN/CUK2897/1"
"EC58971","CUK2897/1","Cabin Filter","MERCEDES-BENZ","2108300818","https://www.airfilter-crossreference.com/convert/MANN/CUK2897/1"
"EC58971","CUK2897/1","Cabin Filter","MERCEDES-BENZ","2108300918","https://www.airfilter-crossreference.com/convert/MANN/CUK2897/1"
"EC58971","CUK2897/1","Cabin Filter","MERCEDES-BENZ","2108301218","https://www.airfilter-crossreference.com/convert/MANN/CUK2897/1"
"EC58971","CUK2897/1","Cabin Filter","MERCEDES-BENZ","A2028300318","https://www.airfilter-crossreference.com/convert/MANN/CUK2897/1"
"EC58971","CUK2897/1","Cabin Filter","MERCEDES-BENZ","A2108300718","https://www.airfilter-crossreference.com/convert/MANN/CUK2897/1"
"EC58971","CUK2897/1","Cabin Filter","MERCEDES-BENZ","A2108300818","https://www.airfilter-crossreference.com/convert/MANN/CUK2897/1"
"EC58971","CUK2897/1","Cabin Filter","MERCEDES-BENZ","A2108300918","https://www.airfilter-crossreference.com/convert/MANN/CUK2897/1"
"EC58971","CUK2897/1","Cabin Filter","MERCEDES-BENZ","A2108301218","https://www.airfilter-crossreference.com/convert/MANN/CUK2897/1"
"EL52005","HU12005","Oil Filter","MERCEDES-BENZ","4571840225","https://www.oilfilter-crossreference.com/convert/MANN-FILTER/HU12005"
"EL52005","HU12005","Oil Filter","MERCEDES-BENZ","A4571840225","https://www.oilfilter-crossreference.com/convert/MANN-FILTER/HU12005"
"EL52005","HU12005X","Oil Filter","MERCEDES-BENZ","4571840225","https://www.oilfilter-crossreference.com/convert/MANN-FILTER/HU12005X"
"EL52005","HU12005X","Oil Filter","MERCEDES-BENZ","A4571840225","https://www.oilfilter-crossreference.com/convert/MANN-FILTER/HU12005X"
"EL56002","HU6002ZM","Oil Filter","PORSCHE","95811546600","https://www.oilfilter-crossreference.com/convert/MANN-FILTER/HU6002ZM"
"EL56002","HU6002ZM","Oil Filter","PORSCHE","95811556200","https://www.oilfilter-crossreference.com/convert/MANN-FILTER/HU6002ZM"
"EL56006","HU6006ZM","Oil Filter","TOYOTA","0415237010","https://www.oilfilter-crossreference.com/convert/MANN-FILTER/HU6006ZM"
"EL56006","HU6006ZM","Oil Filter","TOYOTA","0415240040","https://www.oilfilter-crossreference.com/convert/MANN-FILTER/HU6006ZM"
"EL56006","HU6006ZM","Oil Filter","TOYOTA","0415240060","https://www.oilfilter-crossreference.com/convert/MANN-FILTER/HU6006ZM"
"EL56006","HU6006ZM","Oil Filter","TOYOTA","04152B1010","https://www.oilfilter-crossreference.com/convert/MANN-FILTER/HU6006ZM"
"EL56006","HU6006ZM","Oil Filter","TOYOTA","04152YZZA6","https://www.oilfilter-crossreference.com/convert/MANN-FILTER/HU6006ZM"
"EL56006","HU6006ZM","Oil Filter","TOYOTA","04152YZZA7","https://www.oilfilter-crossreference.com/convert/MANN-FILTER/HU6006ZM"
"EL56006","HU6006ZM","Oil Filter","TOYOTA","15613YZZA6","https://www.oilfilter-crossreference.com/convert/MANN-FILTER/HU6006ZM"
"EL57004","HU7004X","Oil Filter","GENERAL-MOTORS","93191747","https://www.oilfilter-crossreference.com/convert/MANN-FILTER/HU7004X"
"EL57004","HU7004X","Oil Filter","OPEL","650017","https://www.oilfilter-crossreference.com/convert/MANN-FILTER/HU7004X"
"EL57004","HU7004X","Oil Filter","VAUXHALL","55565960","https://www.oilfilter-crossreference.com/convert/MANN-FILTER/HU7004X"
"EL51151","HU711/51XM","Oil Filter","FORD","1124160","https://www.oilfilter-crossreference.com/convert/MANN/HU711/51XM"
"EL51151","HU711/51XM","Oil Filter","FORD","1152049","https://www.oilfilter-crossreference.com/convert/MANN/HU711/51XM"
"EL51151","HU711/51XM","Oil Filter","FORD","1343102","https://www.oilfilter-crossreference.com/convert/MANN/HU711/51XM"
"EL51151","HU711/51XM","Oil Filter","FORD","1S7G6744AC","https://www.oilfilter-crossreference.com/convert/MANN/HU711/51XM"
"EL51151","HU711/51XM","Oil Filter","FORD","1S7J6744AC","https://www.oilfilter-crossreference.com/convert/MANN/HU711/51XM"
"EL51151","HU711/51XM","Oil Filter","FORD","1S7J6744BA","https://www.oilfilter-crossreference.com/convert/MANN/HU711/51XM"
"EL51151","HU711/51XM","Oil Filter","FORD","3M4G6744AA","https://www.oilfilter-crossreference.com/convert/MANN/HU711/51XM"
"EL51151","HU711/51XM","Oil Filter","FORD","3M4Z6744AC","https://www.oilfilter-crossreference.com/convert/MANN/HU711/51XM"
"EL51151","HU711/51XM","Oil Filter","FORD","4S7J6744AA","https://www.oilfilter-crossreference.com/convert/MANN/HU711/51XM"
"EL57115","HU711/5X","Oil Filter","FORD","1124160","https://www.oilfilter-crossreference.com/convert/MANN/HU711/5X"
"EL57115","HU711/5X","Oil Filter","FORD","1152049","https://www.oilfilter-crossreference.com/convert/MANN/HU711/5X"
"EL57115","HU711/5X","Oil Filter","FORD","1343102","https://www.oilfilter-crossreference.com/convert/MANN/HU711/5X"
"EL57115","HU711/5X","Oil Filter","FORD","1S7G6744AC","https://www.oilfilter-crossreference.com/convert/MANN/HU711/5X"
"EL57115","HU711/5X","Oil Filter","FORD","1S7J6744AC","https://www.oilfilter-crossreference.com/convert/MANN/HU711/5X"
"EL57115","HU711/5X","Oil Filter","FORD","1S7J6744BA","https://www.oilfilter-crossreference.com/convert/MANN/HU711/5X"
"EL57115","HU711/5X","Oil Filter","FORD","3M4G6744AA","https://www.oilfilter-crossreference.com/convert/MANN/HU711/5X"
"EL57115","HU711/5X","Oil Filter","FORD","3M4Z6744AC","https://www.oilfilter-crossreference.com/convert/MANN/HU711/5X"
"EL57115","HU711/5X","Oil Filter","FORD","4S7J6744AA","https://www.oilfilter-crossreference.com/convert/MANN/HU711/5X"
"EL58231","HU823/1X","Oil Filter","BMW","11427521008","https://www.oilfilter-crossreference.com/convert/MANN/HU823/1X"
"EL58231","HU823/1X","Oil Filter","BMW","11427527957","https://www.oilfilter-crossreference.com/convert/MANN/HU823/1X"
"EL58231","HU823/1X","Oil Filter","BMW","11427542021","https://www.oilfilter-crossreference.com/convert/MANN/HU823/1X"
"EL58231","HU823/1X","Oil Filter","BMW","11427542022","https://www.oilfilter-crossreference.com/convert/MANN/HU823/1X"
"EF55002","PU5002Z","Fuel Filter","MERCEDES-BENZ","0000903951","https://www.fuelfilter-crossreference.com/convert/MANN/PU5002Z"
"EF55002","PU5002Z","Fuel Filter","MERCEDES-BENZ","4720900251","https://www.fuelfilter-crossreference.com/convert/MANN/PU5002Z"
"EF55002","PU5002Z","Fuel Filter","MERCEDES-BENZ","A0000903951","https://www.fuelfilter-crossreference.com/convert/MANN/PU5002Z"
"EF55002","PU5002Z","Fuel Filter","MERCEDES-BENZ","A4720900251","https://www.fuelfilter-crossreference.com/convert/MANN/PU5002Z"
"EL50211","W11102/11","Oil Filter","FIAT","71455205","https://www.oilfilter-crossreference.com/convert/MANN-FILTER/W11102/11"
"EL50214","W11102/14","Oil Filter","FIAT","71455205","https://www.oilfilter-crossreference.com/convert/MANN-FILTER/W11102/14"
"EL51022","W11102/2","Oil Filter","FIAT","71455205","https://www.oilfilter-crossreference.com/convert/MANN-FILTER/W11102/2"
"EL50220","W11102/20","Oil Filter","FIAT","71455205","https://www.oilfilter-crossreference.com/convert/MANN-FILTER/W11102/20"
"EL50224","W11102/24","Oil Filter","FIAT","71455205","https://www.oilfilter-crossreference.com/convert/MANN-FILTER/W11102/24"
"EL50243","W11102/43","Oil Filter","FIAT","71455205","https://www.oilfilter-crossreference.com/convert/MANN-FILTER/W11102/43"
"EL50248","W11102/48","Oil Filter","FIAT","71455205","https://www.oilfilter-crossreference.com/convert/MANN-FILTER/W11102/48"
"EL51261","W1126/1","Oil Filter","ALFA-ROMEO","105550603001","https://www.oilfilter-crossreference.com/convert/MANN-FILTER/W1126/1"
"EL51261","W1126/1","Oil Filter","ALFA-ROMEO","11600060309","https://www.oilfilter-crossreference.com/convert/MANN-FILTER/W1126/1"
"EL51261","W1126/1","Oil Filter","ALFA-ROMEO","116000603099","https://www.oilfilter-crossreference.com/convert/MANN-FILTER/W1126/1"
"EL51261","W1126/1","Oil Filter","FIAT","4135559","https://www.oilfilter-crossreference.com/convert/MANN-FILTER/W1126/1"
"EL51261","W1126/1","Oil Filter","FIAT","4371581","https://www.oilfilter-crossreference.com/convert/MANN-FILTER/W1126/1"
"EL51261","W1126/1","Oil Filter","FIAT","4371582","https://www.oilfilter-crossreference.com/convert/MANN-FILTER/W1126/1"
"EL51261","W1126/1","Oil Filter","FIAT","9129","https://www.oilfilter-crossreference.com/convert/MANN-FILTER/W1126/1"
"EL51261","W1126/1","Oil Filter","FORD","1526270","https://www.oilfilter-crossreference.com/convert/MANN-FILTER/W1126/1"
"EL51261","W1126/1","Oil Filter","FORD","300","https://www.oilfilter-crossreference.com/convert/MANN-FILTER/W1126/1"
"EL51261","W1126/1","Oil Filter","FORD","5002798","https://www.oilfilter-crossreference.com/convert/MANN-FILTER/W1126/1"
"EL51261","W1126/1","Oil Filter","FORD","5006580","https://www.oilfilter-crossreference.com/convert/MANN-FILTER/W1126/1"
"EL51261","W1126/1","Oil Filter","FORD","5014056","https://www.oilfilter-crossreference.com/convert/MANN-FILTER/W1126/1"
"EL51261","W1126/1","Oil Filter","FORD","5016946","https://www.oilfilter-crossreference.com/convert/MANN-FILTER/W1126/1"
"EL51261","W1126/1","Oil Filter","FORD","5018356","https://www.oilfilter-crossreference.com/convert/MANN-FILTER/W1126/1"
"EL51261","W1126/1","Oil Filter","FORD","A720X6714DA","https://www.oilfilter-crossreference.com/convert/MANN-FILTER/W1126/1"
"EL51261","W1126/1","Oil Filter","FORD","A760X6714RA","https://www.oilfilter-crossreference.com/convert/MANN-FILTER/W1126/1"
"EL51261","W1126/1","Oil Filter","FORD","B8NN-6714-A","https://www.oilfilter-crossreference.com/convert/MANN-FILTER/W1126/1"
"EL51261","W1126/1","Oil Filter","FORD","B9NN-6714-A","https://www.oilfilter-crossreference.com/convert/MANN-FILTER/W1126/1"
"EL51261","W1126/1","Oil Filter","FORD","C3NN-6714-A","https://www.oilfilter-crossreference.com/convert/MANN-FILTER/W1126/1"
"EL51261","W1126/1","Oil Filter","FORD","C5NN-6714-A","https://www.oilfilter-crossreference.com/convert/MANN-FILTER/W1126/1"
"EL51261","W1126/1","Oil Filter","FORD","C5NN-6714-B","https://www.oilfilter-crossreference.com/convert/MANN-FILTER/W1126/1"
"EL51261","W1126/1","Oil Filter","FORD","C7NN-6714-A","https://www.oilfilter-crossreference.com/convert/MANN-FILTER/W1126/1"
"EL51261","W1126/1","Oil Filter","FORD","C9NN-6714-A","https://www.oilfilter-crossreference.com/convert/MANN-FILTER/W1126/1"
"EL51261","W1126/1","Oil Filter","FORD","D9NN-6714-DA","https://www.oilfilter-crossreference.com/convert/MANN-FILTER/W1126/1"
"EL51261","W1126/1","Oil Filter","GENERAL-MOTORS","5577281","https://www.oilfilter-crossreference.com/convert/MANN-FILTER/W1126/1"
"EL51262","W1126/2","Oil Filter","ALFA-ROMEO","105550603001","https://www.oilfilter-crossreference.com/convert/MANN-FILTER/W1126/2"
"EL51262","W1126/2","Oil Filter","ALFA-ROMEO","11600060309","https://www.oilfilter-crossreference.com/convert/MANN-FILTER/W1126/2"
"EL51262","W1126/2","Oil Filter","ALFA-ROMEO","116000603099","https://www.oilfilter-crossreference.com/convert/MANN-FILTER/W1126/2"
"EL51262","W1126/2","Oil Filter","FIAT","4135559","https://www.oilfilter-crossreference.com/convert/MANN-FILTER/W1126/2"
"EL51262","W1126/2","Oil Filter","FIAT","4371581","https://www.oilfilter-crossreference.com/convert/MANN-FILTER/W1126/2"
"EL51262","W1126/2","Oil Filter","FIAT","4371582","https://www.oilfilter-crossreference.com/convert/MANN-FILTER/W1126/2"
"EL51262","W1126/2","Oil Filter","FIAT","9129","https://www.oilfilter-crossreference.com/convert/MANN-FILTER/W1126/2"
"EL51262","W1126/2","Oil Filter","FORD","1526270","https://www.oilfilter-crossreference.com/convert/MANN-FILTER/W1126/2"
"EL51262","W1126/2","Oil Filter","FORD","300","https://www.oilfilter-crossreference.com/convert/MANN-FILTER/W1126/2"
"EL51262","W1126/2","Oil Filter","FORD","5002798","https://www.oilfilter-crossreference.com/convert/MANN-FILTER/W1126/2"
"EL51262","W1126/2","Oil Filter","FORD","5006580","https://www.oilfilter-crossreference.com/convert/MANN-FILTER/W1126/2"
"EL51262","W1126/2","Oil Filter","FORD","5014056","https://www.oilfilter-crossreference.com/convert/MANN-FILTER/W1126/2"
"EL51262","W1126/2","Oil Filter","FORD","5016946","https://www.oilfilter-crossreference.com/convert/MANN-FILTER/W1126/2"
"EL51262","W1126/2","Oil Filter","FORD","5018356","https://www.oilfilter-crossreference.com/convert/MANN-FILTER/W1126/2"
"EL51262","W1126/2","Oil Filter","FORD","A720X6714DA","https://www.oilfilter-crossreference.com/convert/MANN-FILTER/W1126/2"
"EL51262","W1126/2","Oil Filter","FORD","A760X6714RA","https://www.oilfilter-crossreference.com/convert/MANN-FILTER/W1126/2"
"EL51262","W1126/2","Oil Filter","FORD","B8NN-6714-A","https://www.oilfilter-crossreference.com/convert/MANN-FILTER/W1126/2"
"EL51262","W1126/2","Oil Filter","FORD","B9NN-6714-A","https://www.oilfilter-crossreference.com/convert/MANN-FILTER/W1126/2"
"EL51262","W1126/2","Oil Filter","FORD","C3NN-6714-A","https://www.oilfilter-crossreference.com/convert/MANN-FILTER/W1126/2"
"EL51262","W1126/2","Oil Filter","FORD","C5NN-6714-A","https://www.oilfilter-crossreference.com/convert/MANN-FILTER/W1126/2"
"EL51262","W1126/2","Oil Filter","FORD","C5NN-6714-B","https://www.oilfilter-crossreference.com/convert/MANN-FILTER/W1126/2"
"EL51262","W1126/2","Oil Filter","FORD","C7NN-6714-A","https://www.oilfilter-crossreference.com/convert/MANN-FILTER/W1126/2"
"EL51262","W1126/2","Oil Filter","FORD","C9NN-6714-A","https://www.oilfilter-crossreference.com/convert/MANN-FILTER/W1126/2"
"EL51262","W1126/2","Oil Filter","FORD","D9NN-6714-DA","https://www.oilfilter-crossreference.com/convert/MANN-FILTER/W1126/2"
"EL51262","W1126/2","Oil Filter","GENERAL-MOTORS","5577281","https://www.oilfilter-crossreference.com/convert/MANN-FILTER/W1126/2"
"EL51265","W1126/5","Oil Filter","ALFA-ROMEO","105550603001","https://www.oilfilter-crossreference.com/convert/MANN-FILTER/W1126/5"
"EL51265","W1126/5","Oil Filter","ALFA-ROMEO","11600060309","https://www.oilfilter-crossreference.com/convert/MANN-FILTER/W1126/5"
"EL51265","W1126/5","Oil Filter","ALFA-ROMEO","116000603099","https://www.oilfilter-crossreference.com/convert/MANN-FILTER/W1126/5"
"EL51265","W1126/5","Oil Filter","FIAT","4135559","https://www.oilfilter-crossreference.com/convert/MANN-FILTER/W1126/5"
"EL51265","W1126/5","Oil Filter","FIAT","4371581","https://www.oilfilter-crossreference.com/convert/MANN-FILTER/W1126/5"
"EL51265","W1126/5","Oil Filter","FIAT","4371582","https://www.oilfilter-crossreference.com/convert/MANN-FILTER/W1126/5"
"EL51265","W1126/5","Oil Filter","FIAT","9129","https://www.oilfilter-crossreference.com/convert/MANN-FILTER/W1126/5"
"EL51265","W1126/5","Oil Filter","FORD","1526270","https://www.oilfilter-crossreference.com/convert/MANN-FILTER/W1126/5"
"EL51265","W1126/5","Oil Filter","FORD","300","https://www.oilfilter-crossreference.com/convert/MANN-FILTER/W1126/5"
"EL51265","W1126/5","Oil Filter","FORD","5002798","https://www.oilfilter-crossreference.com/convert/MANN-FILTER/W1126/5"
"EL51265","W1126/5","Oil Filter","FORD","5006580","https://www.oilfilter-crossreference.com/convert/MANN-FILTER/W1126/5"
"EL51265","W1126/5","Oil Filter","FORD","5014056","https://www.oilfilter-crossreference.com/convert/MANN-FILTER/W1126/5"
"EL51265","W1126/5","Oil Filter","FORD","5016946","https://www.oilfilter-crossreference.com/convert/MANN-FILTER/W1126/5"
"EL51265","W1126/5","Oil Filter","FORD","5018356","https://www.oilfilter-crossreference.com/convert/MANN-FILTER/W1126/5"
"EL51265","W1126/5","Oil Filter","FORD","A720X6714DA","https://www.oilfilter-crossreference.com/convert/MANN-FILTER/W1126/5"
"EL51265","W1126/5","Oil Filter","FORD","A760X6714RA","https://www.oilfilter-crossreference.com/convert/MANN-FILTER/W1126/5"
"EL51265","W1126/5","Oil Filter","FORD","B8NN-6714-A","https://www.oilfilter-crossreference.com/convert/MANN-FILTER/W1126/5"
"EL51265","W1126/5","Oil Filter","FORD","B9NN-6714-A","https://www.oilfilter-crossreference.com/convert/MANN-FILTER/W1126/5"
"EL51265","W1126/5","Oil Filter","FORD","C3NN-6714-A","https://www.oilfilter-crossreference.com/convert/MANN-FILTER/W1126/5"
"EL51265","W1126/5","Oil Filter","FORD","C5NN-6714-A","https://www.oilfilter-crossreference.com/convert/MANN-FILTER/W1126/5"
"EL51265","W1126/5","Oil Filter","FORD","C5NN-6714-B","https://www.oilfilter-crossreference.com/convert/MANN-FILTER/W1126/5"
"EL51265","W1126/5","Oil Filter","FORD","C7NN-6714-A","https://www.oilfilter-crossreference.com/convert/MANN-FILTER/W1126/5"
"EL51265","W1126/5","Oil Filter","FORD","C9NN-6714-A","https://www.oilfilter-crossreference.com/convert/MANN-FILTER/W1126/5"
"EL51265","W1126/5","Oil Filter","FORD","D9NN-6714-DA","https://www.oilfilter-crossreference.com/convert/MANN-FILTER/W1126/5"
"EL51265","W1126/5","Oil Filter","GENERAL-MOTORS","5577281","https://www.oilfilter-crossreference.com/convert/MANN-FILTER/W1126/5"
"EL51127","W1127","Oil Filter","GENERAL-MOTORS","25177249","https://www.oilfilter-crossreference.com/convert/MANN-FILTER/W1127"
"EL51127","W1127","Oil Filter","MAZDA","0K410-23-802A","https://www.oilfilter-crossreference.com/convert/MANN-FILTER/W1127"
"EL51127","W1127","Oil Filter","MAZDA","1305-23-802","https://www.oilfilter-crossreference.com/convert/MANN-FILTER/W1127"
"EL51127","W1127","Oil Filter","MAZDA","SL01-23-802","https://www.oilfilter-crossreference.com/convert/MANN-FILTER/W1127"
"EL51127","W1127","Oil Filter","MAZDA","SL02-23-802","https://www.oilfilter-crossreference.com/convert/MANN-FILTER/W1127"
"EL51127","W1127","Oil Filter","MAZDA","TFYO-14-302","https://www.oilfilter-crossreference.com/convert/MANN-FILTER/W1127"
"EL51127","W1127","Oil Filter","MITSUBISHI","32B40-00100","https://www.oilfilter-crossreference.com/convert/MANN-FILTER/W1127"
"EL54022","W1140/22","Oil Filter","FIAT","1901602","https://www.oilfilter-crossreference.com/convert/MANN-FILTER/W1140/22"
"EL54022","W1140/22","Oil Filter","FIAT","1909102","https://www.oilfilter-crossreference.com/convert/MANN-FILTER/W1140/22"
"EL54022","W1140/22","Oil Filter","FIAT","2654392","https://www.oilfilter-crossreference.com/convert/MANN-FILTER/W1140/22"
"EL54022","W1140/22","Oil Filter","FIAT","4027979","https://www.oilfilter-crossreference.com/convert/MANN-FILTER/W1140/22"
"EL54022","W1140/22","Oil Filter","FIAT","4135600","https://www.oilfilter-crossreference.com/convert/MANN-FILTER/W1140/22"
"EL54022","W1140/22","Oil Filter","FIAT","41356000","https://www.oilfilter-crossreference.com/convert/MANN-FILTER/W1140/22"
"EL54022","W1140/22","Oil Filter","FIAT","4222406","https://www.oilfilter-crossreference.com/convert/MANN-FILTER/W1140/22"
"EL54022","W1140/22","Oil Filter","FIAT","4602186","https://www.oilfilter-crossreference.com/convert/MANN-FILTER/W1140/22"
"EL54022","W1140/22","Oil Filter","FIAT","4607360","https://www.oilfilter-crossreference.com/convert/MANN-FILTER/W1140/22"
"EL54022","W1140/22","Oil Filter","FIAT","4608186","https://www.oilfilter-crossreference.com/convert/MANN-FILTER/W1140/22"
"EL54022","W1140/22","Oil Filter","FIAT","4625546","https://www.oilfilter-crossreference.com/convert/MANN-FILTER/W1140/22"
"EL54022","W1140/22","Oil Filter","FIAT","4630787","https://www.oilfilter-crossreference.com/convert/MANN-FILTER/W1140/22"
"EL54022","W1140/22","Oil Filter","FIAT","4730587","https://www.oilfilter-crossreference.com/convert/MANN-FILTER/W1140/22"
"EL54022","W1140/22","Oil Filter","FIAT","71961003","https://www.oilfilter-crossreference.com/convert/MANN-FILTER/W1140/22"
"EL54022","W1140/22","Oil Filter","FIAT","74027979","https://www.oilfilter-crossreference.com/convert/MANN-FILTER/W1140/22"
"EL54022","W1140/22","Oil Filter","FIAT","74513411","https://www.oilfilter-crossreference.com/convert/MANN-FILTER/W1140/22"
"EL54022","W1140/22","Oil Filter","FORD","5001124","https://www.oilfilter-crossreference.com/convert/MANN-FILTER/W1140/22"
"EL54022","W1140/22","Oil Filter","FORD","A740X6714BA","https://www.oilfilter-crossreference.com/convert/MANN-FILTER/W1140/22"
"EL54022","W1140/22","Oil Filter","FORD","D5NN-6714-A","https://www.oilfilter-crossreference.com/convert/MANN-FILTER/W1140/22"
"EL54022","W1140/22","Oil Filter","FORD","D8NN-6714-LA","https://www.oilfilter-crossreference.com/convert/MANN-FILTER/W1140/22"
"EL54022","W1140/22","Oil Filter","FORD","D9NN-6714-CA","https://www.oilfilter-crossreference.com/convert/MANN-FILTER/W1140/22"
"EL54022","W1140/22","Oil Filter","FORD","EFL93","https://www.oilfilter-crossreference.com/convert/MANN-FILTER/W1140/22"
"EL54022","W1140/22","Oil Filter","GENERAL-MOTORS","25011619","https://www.oilfilter-crossreference.com/convert/MANN-FILTER/W1140/22"
"EL54022","W1140/22","Oil Filter","GENERAL-MOTORS","7984919","https://www.oilfilter-crossreference.com/convert/MANN-FILTER/W1140/22"
"EL54053","W1140/5/3","Oil Filter","FIAT","1901602","https://www.oilfilter-crossreference.com/convert/MANN-FILTER/W1140/5/3"
"EL54053","W1140/5/3","Oil Filter","FIAT","1909102","https://www.oilfilter-crossreference.com/convert/MANN-FILTER/W1140/5/3"
"EL54053","W1140/5/3","Oil Filter","FIAT","2654392","https://www.oilfilter-crossreference.com/convert/MANN-FILTER/W1140/5/3"
"EL54053","W1140/5/3","Oil Filter","FIAT","4027979","https://www.oilfilter-crossreference.com/convert/MANN-FILTER/W1140/5/3"
"EL54053","W1140/5/3","Oil Filter","FIAT","4135600","https://www.oilfilter-crossreference.com/convert/MANN-FILTER/W1140/5/3"
"EL54053","W1140/5/3","Oil Filter","FIAT","41356000","https://www.oilfilter-crossreference.com/convert/MANN-FILTER/W1140/5/3"
"EL54053","W1140/5/3","Oil Filter","FIAT","4222406","https://www.oilfilter-crossreference.com/convert/MANN-FILTER/W1140/5/3"
"EL54053","W1140/5/3","Oil Filter","FIAT","4602186","https://www.oilfilter-crossreference.com/convert/MANN-FILTER/W1140/5/3"
"EL54053","W1140/5/3","Oil Filter","FIAT","4607360","https://www.oilfilter-crossreference.com/convert/MANN-FILTER/W1140/5/3"
"EL54053","W1140/5/3","Oil Filter","FIAT","4608186","https://www.oilfilter-crossreference.com/convert/MANN-FILTER/W1140/5/3"
"EL54053","W1140/5/3","Oil Filter","FIAT","4625546","https://www.oilfilter-crossreference.com/convert/MANN-FILTER/W1140/5/3"
"EL54053","W1140/5/3","Oil Filter","FIAT","4630787","https://www.oilfilter-crossreference.com/convert/MANN-FILTER/W1140/5/3"
"EL54053","W1140/5/3","Oil Filter","FIAT","4730587","https://www.oilfilter-crossreference.com/convert/MANN-FILTER/W1140/5/3"
"EL54053","W1140/5/3","Oil Filter","FIAT","71961003","https://www.oilfilter-crossreference.com/convert/MANN-FILTER/W1140/5/3"
"EL54053","W1140/5/3","Oil Filter","FIAT","74027979","https://www.oilfilter-crossreference.com/convert/MANN-FILTER/W1140/5/3"
"EL54053","W1140/5/3","Oil Filter","FIAT","74513411","https://www.oilfilter-crossreference.com/convert/MANN-FILTER/W1140/5/3"
"EL54053","W1140/5/3","Oil Filter","FORD","5001124","https://www.oilfilter-crossreference.com/convert/MANN-FILTER/W1140/5/3"
"EL54053","W1140/5/3","Oil Filter","FORD","A740X6714BA","https://www.oilfilter-crossreference.com/convert/MANN-FILTER/W1140/5/3"
"EL54053","W1140/5/3","Oil Filter","FORD","D5NN-6714-A","https://www.oilfilter-crossreference.com/convert/MANN-FILTER/W1140/5/3"
"EL54053","W1140/5/3","Oil Filter","FORD","D8NN-6714-LA","https://www.oilfilter-crossreference.com/convert/MANN-FILTER/W1140/5/3"
"EL54053","W1140/5/3","Oil Filter","FORD","D9NN-6714-CA","https://www.oilfilter-crossreference.com/convert/MANN-FILTER/W1140/5/3"
"EL54053","W1140/5/3","Oil Filter","FORD","EFL93","https://www.oilfilter-crossreference.com/convert/MANN-FILTER/W1140/5/3"
"EL54053","W1140/5/3","Oil Filter","GENERAL-MOTORS","25011619","https://www.oilfilter-crossreference.com/convert/MANN-FILTER/W1140/5/3"
"EL54053","W1140/5/3","Oil Filter","GENERAL-MOTORS","7984919","https://www.oilfilter-crossreference.com/convert/MANN-FILTER/W1140/5/3"
"EL51408","W1140/8","Oil Filter","FIAT","1901602","https://www.oilfilter-crossreference.com/convert/MANN-FILTER/W1140/8"
"EL51408","W1140/8","Oil Filter","FIAT","1909102","https://www.oilfilter-crossreference.com/convert/MANN-FILTER/W1140/8"
"EL51408","W1140/8","Oil Filter","FIAT","2654392","https://www.oilfilter-crossreference.com/convert/MANN-FILTER/W1140/8"
"EL51408","W1140/8","Oil Filter","FIAT","4027979","https://www.oilfilter-crossreference.com/convert/MANN-FILTER/W1140/8"
"EL51408","W1140/8","Oil Filter","FIAT","4135600","https://www.oilfilter-crossreference.com/convert/MANN-FILTER/W1140/8"
"EL51408","W1140/8","Oil Filter","FIAT","41356000","https://www.oilfilter-crossreference.com/convert/MANN-FILTER/W1140/8"
"EL51408","W1140/8","Oil Filter","FIAT","4222406","https://www.oilfilter-crossreference.com/convert/MANN-FILTER/W1140/8"
"EL51408","W1140/8","Oil Filter","FIAT","4602186","https://www.oilfilter-crossreference.com/convert/MANN-FILTER/W1140/8"
"EL51408","W1140/8","Oil Filter","FIAT","4607360","https://www.oilfilter-crossreference.com/convert/MANN-FILTER/W1140/8"
"EL51408","W1140/8","Oil Filter","FIAT","4608186","https://www.oilfilter-crossreference.com/convert/MANN-FILTER/W1140/8"
"EL51408","W1140/8","Oil Filter","FIAT","4625546","https://www.oilfilter-crossreference.com/convert/MANN-FILTER/W1140/8"
"EL51408","W1140/8","Oil Filter","FIAT","4630787","https://www.oilfilter-crossreference.com/convert/MANN-FILTER/W1140/8"
"EL51408","W1140/8","Oil Filter","FIAT","4730587","https://www.oilfilter-crossreference.com/convert/MANN-FILTER/W1140/8"
"EL51408","W1140/8","Oil Filter","FIAT","71961003","https://www.oilfilter-crossreference.com/convert/MANN-FILTER/W1140/8"
"EL51408","W1140/8","Oil Filter","FIAT","74027979","https://www.oilfilter-crossreference.com/convert/MANN-FILTER/W1140/8"
"EL51408","W1140/8","Oil Filter","FIAT","74513411","https://www.oilfilter-crossreference.com/convert/MANN-FILTER/W1140/8"
"EL51408","W1140/8","Oil Filter","FORD","5001124","https://www.oilfilter-crossreference.com/convert/MANN-FILTER/W1140/8"
"EL51408","W1140/8","Oil Filter","FORD","A740X6714BA","https://www.oilfilter-crossreference.com/convert/MANN-FILTER/W1140/8"
"EL51408","W1140/8","Oil Filter","FORD","D5NN-6714-A","https://www.oilfilter-crossreference.com/convert/MANN-FILTER/W1140/8"
"EL51408","W1140/8","Oil Filter","FORD","D8NN-6714-LA","https://www.oilfilter-crossreference.com/convert/MANN-FILTER/W1140/8"
"EL51408","W1140/8","Oil Filter","FORD","D9NN-6714-CA","https://www.oilfilter-crossreference.com/convert/MANN-FILTER/W1140/8"
"EL51408","W1140/8","Oil Filter","FORD","EFL93","https://www.oilfilter-crossreference.com/convert/MANN-FILTER/W1140/8"
"EL51408","W1140/8","Oil Filter","GENERAL-MOTORS","25011619","https://www.oilfilter-crossreference.com/convert/MANN-FILTER/W1140/8"
"EL51408","W1140/8","Oil Filter","GENERAL-MOTORS","7984919","https://www.oilfilter-crossreference.com/convert/MANN-FILTER/W1140/8"
"EL51701","W1170/1","Oil Filter","GENERAL-MOTORS","25012634","https://www.oilfilter-crossreference.com/convert/MANN-FILTER/W1170/1"
"EL51701","W1170/1","Oil Filter","MERCEDES-BENZ","003 184 1701","https://www.oilfilter-crossreference.com/convert/MANN-FILTER/W1170/1"
"EL51701","W1170/1","Oil Filter","MERCEDES-BENZ","003 184 3301","https://www.oilfilter-crossreference.com/convert/MANN-FILTER/W1170/1"
"EL51701","W1170/1","Oil Filter","MERCEDES-BENZ","31841701","https://www.oilfilter-crossreference.com/convert/MANN-FILTER/W1170/1"
"EL51702","W1170/2","Oil Filter","GENERAL-MOTORS","25012634","https://www.oilfilter-crossreference.com/convert/MANN-FILTER/W1170/2"
"EL51702","W1170/2","Oil Filter","MERCEDES-BENZ","003 184 1701","https://www.oilfilter-crossreference.com/convert/MANN-FILTER/W1170/2"
"EL51702","W1170/2","Oil Filter","MERCEDES-BENZ","003 184 3301","https://www.oilfilter-crossreference.com/convert/MANN-FILTER/W1170/2"
"EL51702","W1170/2","Oil Filter","MERCEDES-BENZ","31841701","https://www.oilfilter-crossreference.com/convert/MANN-FILTER/W1170/2"
"EL52371","W1237/1X","Oil Filter","CITROEN","65111280","https://www.oilfilter-crossreference.com/convert/MANN/W1237/1X"
"EL52371","W1237/1X","Oil Filter","FIAT","7738743","https://www.oilfilter-crossreference.com/convert/MANN/W1237/1X"
"EL52371","W1237/1X","Oil Filter","FORD","1868072","https://www.oilfilter-crossreference.com/convert/MANN/W1237/1X"
"EL52371","W1237/1X","Oil Filter","FORD","D5NNF914A","https://www.oilfilter-crossreference.com/convert/MANN/W1237/1X"
"EL52371","W1237/1X","Oil Filter","GENERAL-MOTORS","25011184","https://www.oilfilter-crossreference.com/convert/MANN/W1237/1X"
"EL52602","W12602","Oil Filter","NISSAN","15209Z5001","https://www.oilfilter-crossreference.com/convert/MANN/W12602"
"EL52941","W1294/1","Oil Filter","FORD","1582092","https://www.oilfilter-crossreference.com/convert/MANN-FILTER/W1294/1"
"EL52941","W1294/1","Oil Filter","FORD","E4HZ-6731-A","https://www.oilfilter-crossreference.com/convert/MANN-FILTER/W1294/1"
"EL52941","W1294/1","Oil Filter","FORD","E4HZ-6731-B","https://www.oilfilter-crossreference.com/convert/MANN-FILTER/W1294/1"
"EL52941","W1294/1","Oil Filter","FORD","SFD-01-2187","https://www.oilfilter-crossreference.com/convert/MANN-FILTER/W1294/1"
"EL52941","W1294/1","Oil Filter","GENERAL-MOTORS","15010333","https://www.oilfilter-crossreference.com/convert/MANN-FILTER/W1294/1"
"EL52941","W1294/1","Oil Filter","GENERAL-MOTORS","15587368","https://www.oilfilter-crossreference.com/convert/MANN-FILTER/W1294/1"
"EL52941","W1294/1","Oil Filter","GENERAL-MOTORS","23518671","https://www.oilfilter-crossreference.com/convert/MANN-FILTER/W1294/1"
"EL52941","W1294/1","Oil Filter","GENERAL-MOTORS","23530408","https://www.oilfilter-crossreference.com/convert/MANN-FILTER/W1294/1"
"EL52941","W1294/1","Oil Filter","GENERAL-MOTORS","25010042","https://www.oilfilter-crossreference.com/convert/MANN-FILTER/W1294/1"
"EL52941","W1294/1","Oil Filter","GENERAL-MOTORS","25010043","https://www.oilfilter-crossreference.com/convert/MANN-FILTER/W1294/1"
"EL52941","W1294/1","Oil Filter","GENERAL-MOTORS","25010333","https://www.oilfilter-crossreference.com/convert/MANN-FILTER/W1294/1"
"EL52941","W1294/1","Oil Filter","GENERAL-MOTORS","25010449","https://www.oilfilter-crossreference.com/convert/MANN-FILTER/W1294/1"
"EL52941","W1294/1","Oil Filter","GENERAL-MOTORS","25010450","https://www.oilfilter-crossreference.com/convert/MANN-FILTER/W1294/1"
"EL52941","W1294/1","Oil Filter","GENERAL-MOTORS","25010495","https://www.oilfilter-crossreference.com/convert/MANN-FILTER/W1294/1"
"EL52941","W1294/1","Oil Filter","GENERAL-MOTORS","25010971","https://www.oilfilter-crossreference.com/convert/MANN-FILTER/W1294/1"
"EL52941","W1294/1","Oil Filter","GENERAL-MOTORS","25011398","https://www.oilfilter-crossreference.com/convert/MANN-FILTER/W1294/1"
"EL52941","W1294/1","Oil Filter","GENERAL-MOTORS","25014214","https://www.oilfilter-crossreference.com/convert/MANN-FILTER/W1294/1"
"EL52941","W1294/1","Oil Filter","GENERAL-MOTORS","9059909","https://www.oilfilter-crossreference.com/convert/MANN-FILTER/W1294/1"
"EL51372","W1372","Oil Filter","MERCEDES-BENZ","6285510289","https://www.oilfilter-crossreference.com/convert/MANN-FILTER/W1372"
"EL50111","W6011/1","Oil Filter","MITSUBISHI","1230A040","https://www.oilfilter-crossreference.com/convert/MANN-FILTER/W6011/1"
"EL50181","W6018/1","Oil Filter","MAZDA","PE0114302","https://www.oilfilter-crossreference.com/convert/MANN-FILTER/W6018/1"
"EL50181","W6018/1","Oil Filter","MAZDA","PE0114302A","https://www.oilfilter-crossreference.com/convert/MANN-FILTER/W6018/1"
"EL50181","W6018/1","Oil Filter","MAZDA","PE0114302A9A","https://www.oilfilter-crossreference.com/convert/MANN-FILTER/W6018/1"
"EL56019","W6019M","Oil Filter","FIAT","0009948806","https://www.oilfilter-crossreference.com/convert/MANN-FILTER/W6019M"
"EL56019","W6019M","Oil Filter","FORD","B6M614302","https://www.oilfilter-crossreference.com/convert/MANN-FILTER/W6019M"
"EL56019","W6019M","Oil Filter","FORD","E9GZ6731A","https://www.oilfilter-crossreference.com/convert/MANN-FILTER/W6019M"
"EL56019","W6019M","Oil Filter","HONDA","15400PFB004","https://www.oilfilter-crossreference.com/convert/MANN-FILTER/W6019M"
"EL56019","W6019M","Oil Filter","HONDA","15400PFB007","https://www.oilfilter-crossreference.com/convert/MANN-FILTER/W6019M"
"EL56019","W6019M","Oil Filter","HONDA","15400PFB014","https://www.oilfilter-crossreference.com/convert/MANN-FILTER/W6019M"
"EL56019","W6019M","Oil Filter","HONDA","15400PLC003","https://www.oilfilter-crossreference.com/convert/MANN-FILTER/W6019M"
"EL56019","W6019M","Oil Filter","HONDA","15400PLC004","https://www.oilfilter-crossreference.com/convert/MANN-FILTER/W6019M"
"EL56019","W6019M","Oil Filter","HONDA","15400RTA003","https://www.oilfilter-crossreference.com/convert/MANN-FILTER/W6019M"
"EL56019","W6019M","Oil Filter","HONDA","15400RTA004","https://www.oilfilter-crossreference.com/convert/MANN-FILTER/W6019M"
"EL56019","W6019M","Oil Filter","HONDA","15400ZZ3003","https://www.oilfilter-crossreference.com/convert/MANN-FILTER/W6019M"
"EL56019","W6019M","Oil Filter","KIA","0B63114302","https://www.oilfilter-crossreference.com/convert/MANN-FILTER/W6019M"
"EL56019","W6019M","Oil Filter","KIA","2360002500","https://www.oilfilter-crossreference.com/convert/MANN-FILTER/W6019M"
"EL56019","W6019M","Oil Filter","KIA","OB63114302","https://www.oilfilter-crossreference.com/convert/MANN-FILTER/W6019M"
"EL56019","W6019M","Oil Filter","KIA","OKB63114302","https://www.oilfilter-crossreference.com/convert/MANN-FILTER/W6019M"
"EL56019","W6019M","Oil Filter","MAZDA","B63114302","https://www.oilfilter-crossreference.com/convert/MANN-FILTER/W6019M"
"EL56019","W6019M","Oil Filter","MAZDA","B6Y114302","https://www.oilfilter-crossreference.com/convert/MANN-FILTER/W6019M"
"EL56019","W6019M","Oil Filter","MAZDA","B6Y214302","https://www.oilfilter-crossreference.com/convert/MANN-FILTER/W6019M"
"EL56019","W6019M","Oil Filter","MERCURY","358M0162832","https://www.oilfilter-crossreference.com/convert/MANN-FILTER/W6019M"
"EL56019","W6019M","Oil Filter","MITSUBISHI","30A4000200","https://www.oilfilter-crossreference.com/convert/MANN-FILTER/W6019M"
"EL56019","W6019M","Oil Filter","MITSUBISHI","30A4000201","https://www.oilfilter-crossreference.com/convert/MANN-FILTER/W6019M"
"EL56019","W6019M","Oil Filter","MITSUBISHI","30A4000202","https://www.oilfilter-crossreference.com/convert/MANN-FILTER/W6019M"
"EL56019","W6019M","Oil Filter","MITSUBISHI","30A4000203","https://www.oilfilter-crossreference.com/convert/MANN-FILTER/W6019M"
"EL56019","W6019M","Oil Filter","MITSUBISHI","30A4000205","https://www.oilfilter-crossreference.com/convert/MANN-FILTER/W6019M"
"EL56019","W6019M","Oil Filter","MITSUBISHI","MD134953","https://www.oilfilter-crossreference.com/convert/MANN-FILTER/W6019M"
"EL56019","W6019M","Oil Filter","NISSAN","1520865F01","https://www.oilfilter-crossreference.com/convert/MANN-FILTER/W6019M"
"EL56019","W6019M","Oil Filter","NISSAN","15208HC430","https://www.oilfilter-crossreference.com/convert/MANN-FILTER/W6019M"
"EL56019","W6019M","Oil Filter","NISSAN","5863007560","https://www.oilfilter-crossreference.com/convert/MANN-FILTER/W6019M"
"EL56019","W6019M","Oil Filter","NISSAN","AY100KE001","https://www.oilfilter-crossreference.com/convert/MANN-FILTER/W6019M"
"EL56019","W6019M","Oil Filter","PEUGEOT","1109L9","https://www.oilfilter-crossreference.com/convert/MANN-FILTER/W6019M"
"EL56019","W6019M","Oil Filter","SUBARU","15205KA000","https://www.oilfilter-crossreference.com/convert/MANN-FILTER/W6019M"
"EL56019","W6019M","Oil Filter","SUBARU","15208AA100","https://www.oilfilter-crossreference.com/convert/MANN-FILTER/W6019M"
"EL56019","W6019M","Oil Filter","SUBARU","15208AA12A","https://www.oilfilter-crossreference.com/convert/MANN-FILTER/W6019M"
"EL56019","W6019M","Oil Filter","SUBARU","15208AA130","https://www.oilfilter-crossreference.com/convert/MANN-FILTER/W6019M"
"EL56019","W6019M","Oil Filter","SUBARU","15208AA15A","https://www.oilfilter-crossreference.com/convert/MANN-FILTER/W6019M"
"EL56019","W6019M","Oil Filter","SUBARU","15208AA160","https://www.oilfilter-crossreference.com/convert/MANN-FILTER/W6019M"
"EL56019","W6019M","Oil Filter","SUBARU","15208KA000","https://www.oilfilter-crossreference.com/convert/MANN-FILTER/W6019M"
"EL56019","W6019M","Oil Filter","SUBARU","15208KA010","https://www.oilfilter-crossreference.com/convert/MANN-FILTER/W6019M"
"EL56019","W6019M","Oil Filter","SUBARU","38325AA032","https://www.oilfilter-crossreference.com/convert/MANN-FILTER/W6019M"
"EL56019","W6019M","Oil Filter","SUBARU","38325KA010","https://www.oilfilter-crossreference.com/convert/MANN-FILTER/W6019M"
"EL56019","W6019M","Oil Filter","SUBARU","SU00300311","https://www.oilfilter-crossreference.com/convert/MANN-FILTER/W6019M"
"EL56780","W67/80","Oil Filter","MERCEDES-BENZ","0001802810","https://www.oilfilter-crossreference.com/convert/MANN-FILTER/W67/80"
"EL56780","W67/80","Oil Filter","MERCEDES-BENZ","A0001802810","https://www.oilfilter-crossreference.com/convert/MANN-FILTER/W67/80"
"EL56780","W67/80","Oil Filter","MITSUBISHI","MR984204","https://www.oilfilter-crossreference.com/convert/MANN-FILTER/W67/80"
"EL56781","W67/81","Oil Filter","MERCEDES-BENZ","0001802810","https://www.oilfilter-crossreference.com/convert/MANN-FILTER/W67/81"
"EL56781","W67/81","Oil Filter","MERCEDES-BENZ","A0001802810","https://www.oilfilter-crossreference.com/convert/MANN-FILTER/W67/81"
"EL56781","W67/81","Oil Filter","MITSUBISHI","MR984204","https://www.oilfilter-crossreference.com/convert/MANN-FILTER/W67/81"
"EL57023","W7023M","Oil Filter","DACIA","152089F60A","https://www.oilfilter-crossreference.com/convert/MANN/W7023M"
"EL57023","W7023M","Oil Filter","FORD","Z6Y1-14-302A","https://www.oilfilter-crossreference.com/convert/MANN/W7023M"
"EL57023","W7023M","Oil Filter","HONDA","15400-PFB-014","https://www.oilfilter-crossreference.com/convert/MANN/W7023M"
"EL57023","W7023M","Oil Filter","HONDA","15400-ZZ3-003","https://www.oilfilter-crossreference.com/convert/MANN/W7023M"
"EL57023","W7023M","Oil Filter","HONDA","15400PFB004","https://www.oilfilter-crossreference.com/convert/MANN/W7023M"
"EL57023","W7023M","Oil Filter","HONDA","15400PFB014","https://www.oilfilter-crossreference.com/convert/MANN/W7023M"
"EL57023","W7023M","Oil Filter","HONDA","15400PJ7005","https://www.oilfilter-crossreference.com/convert/MANN/W7023M"
"EL57023","W7023M","Oil Filter","HONDA","15400PJ7015","https://www.oilfilter-crossreference.com/convert/MANN/W7023M"
"EL57023","W7023M","Oil Filter","KIA","0B63114302","https://www.oilfilter-crossreference.com/convert/MANN/W7023M"
"EL57023","W7023M","Oil Filter","KIA","2630002500","https://www.oilfilter-crossreference.com/convert/MANN/W7023M"
"EL57023","W7023M","Oil Filter","KIA","2630002501","https://www.oilfilter-crossreference.com/convert/MANN/W7023M"
"EL57023","W7023M","Oil Filter","KIA","2630002502","https://www.oilfilter-crossreference.com/convert/MANN/W7023M"
"EL57023","W7023M","Oil Filter","KIA","2630002503","https://www.oilfilter-crossreference.com/convert/MANN/W7023M"
"EL57023","W7023M","Oil Filter","KIA","2630003000","https://www.oilfilter-crossreference.com/convert/MANN/W7023M"
"EL57023","W7023M","Oil Filter","KIA","2630003001","https://www.oilfilter-crossreference.com/convert/MANN/W7023M"
"EL57023","W7023M","Oil Filter","KIA","263002Y500","https://www.oilfilter-crossreference.com/convert/MANN/W7023M"
"EL57023","W7023M","Oil Filter","KIA","OB63114302","https://www.oilfilter-crossreference.com/convert/MANN/W7023M"
"EL57023","W7023M","Oil Filter","KIA","S2630003001","https://www.oilfilter-crossreference.com/convert/MANN/W7023M"
"EL57023","W7023M","Oil Filter","MAZDA","0222-14-300","https://www.oilfilter-crossreference.com/convert/MANN/W7023M"
"EL57023","W7023M","Oil Filter","MAZDA","0222-143","https://www.oilfilter-crossreference.com/convert/MANN/W7023M"
"EL57023","W7023M","Oil Filter","MAZDA","0222-23-420A","https://www.oilfilter-crossreference.com/convert/MANN/W7023M"
"EL57023","W7023M","Oil Filter","MAZDA","0222143","https://www.oilfilter-crossreference.com/convert/MANN/W7023M"
"EL57023","W7023M","Oil Filter","MAZDA","022214300","https://www.oilfilter-crossreference.com/convert/MANN/W7023M"
"EL57023","W7023M","Oil Filter","MAZDA","022223420A","https://www.oilfilter-crossreference.com/convert/MANN/W7023M"
"EL57023","W7023M","Oil Filter","MAZDA","0259-14-300","https://www.oilfilter-crossreference.com/convert/MANN/W7023M"
"EL57023","W7023M","Oil Filter","MAZDA","025914300","https://www.oilfilter-crossreference.com/convert/MANN/W7023M"
"EL57023","W7023M","Oil Filter","MAZDA","0324-14-300","https://www.oilfilter-crossreference.com/convert/MANN/W7023M"
"EL57023","W7023M","Oil Filter","MAZDA","032414300","https://www.oilfilter-crossreference.com/convert/MANN/W7023M"
"EL57023","W7023M","Oil Filter","MAZDA","0370-23-802","https://www.oilfilter-crossreference.com/convert/MANN/W7023M"
"EL57023","W7023M","Oil Filter","MAZDA","0370-23-803","https://www.oilfilter-crossreference.com/convert/MANN/W7023M"
"EL57023","W7023M","Oil Filter","MAZDA","037023802","https://www.oilfilter-crossreference.com/convert/MANN/W7023M"
"EL57023","W7023M","Oil Filter","MAZDA","037023803","https://www.oilfilter-crossreference.com/convert/MANN/W7023M"
"EL57023","W7023M","Oil Filter","MAZDA","0778-23-802","https://www.oilfilter-crossreference.com/convert/MANN/W7023M"
"EL57023","W7023M","Oil Filter","MAZDA","077823802","https://www.oilfilter-crossreference.com/convert/MANN/W7023M"
"EL57023","W7023M","Oil Filter","MAZDA","0813-23-802A","https://www.oilfilter-crossreference.com/convert/MANN/W7023M"
"EL57023","W7023M","Oil Filter","MAZDA","0813-23-802B","https://www.oilfilter-crossreference.com/convert/MANN/W7023M"
"EL57023","W7023M","Oil Filter","MAZDA","081323802A","https://www.oilfilter-crossreference.com/convert/MANN/W7023M"
"EL57023","W7023M","Oil Filter","MAZDA","081323802B","https://www.oilfilter-crossreference.com/convert/MANN/W7023M"
"EL57023","W7023M","Oil Filter","MAZDA","0866-23-802","https://www.oilfilter-crossreference.com/convert/MANN/W7023M"
"EL57023","W7023M","Oil Filter","MAZDA","086623802","https://www.oilfilter-crossreference.com/convert/MANN/W7023M"
"EL57023","W7023M","Oil Filter","MAZDA","4899-14-300","https://www.oilfilter-crossreference.com/convert/MANN/W7023M"
"EL57023","W7023M","Oil Filter","MAZDA","489914300","https://www.oilfilter-crossreference.com/convert/MANN/W7023M"
"EL57023","W7023M","Oil Filter","MAZDA","8173-23-802","https://www.oilfilter-crossreference.com/convert/MANN/W7023M"
"EL57023","W7023M","Oil Filter","MAZDA","817323802","https://www.oilfilter-crossreference.com/convert/MANN/W7023M"
"EL57023","W7023M","Oil Filter","MAZDA","8FG1-23-802","https://www.oilfilter-crossreference.com/convert/MANN/W7023M"
"EL57023","W7023M","Oil Filter","MAZDA","8FG1-23-8029A","https://www.oilfilter-crossreference.com/convert/MANN/W7023M"
"EL57023","W7023M","Oil Filter","MAZDA","8FG1-23-803","https://www.oilfilter-crossreference.com/convert/MANN/W7023M"
"EL57023","W7023M","Oil Filter","MAZDA","8FG123802","https://www.oilfilter-crossreference.com/convert/MANN/W7023M"
"EL57023","W7023M","Oil Filter","MAZDA","8FG1238029A","https://www.oilfilter-crossreference.com/convert/MANN/W7023M"
"EL57023","W7023M","Oil Filter","MAZDA","8FG123803","https://www.oilfilter-crossreference.com/convert/MANN/W7023M"
"EL57023","W7023M","Oil Filter","MAZDA","B359-14-302","https://www.oilfilter-crossreference.com/convert/MANN/W7023M"
"EL57023","W7023M","Oil Filter","MAZDA","B35914302","https://www.oilfilter-crossreference.com/convert/MANN/W7023M"
"EL57023","W7023M","Oil Filter","MAZDA","B630-14-302","https://www.oilfilter-crossreference.com/convert/MANN/W7023M"
"EL57023","W7023M","Oil Filter","MAZDA","B63014302","https://www.oilfilter-crossreference.com/convert/MANN/W7023M"
"EL57023","W7023M","Oil Filter","MAZDA","B63114302","https://www.oilfilter-crossreference.com/convert/MANN/W7023M"
"EL57023","W7023M","Oil Filter","MAZDA","B651-14-302","https://www.oilfilter-crossreference.com/convert/MANN/W7023M"
"EL57023","W7023M","Oil Filter","MAZDA","B65114302","https://www.oilfilter-crossreference.com/convert/MANN/W7023M"
"EL57023","W7023M","Oil Filter","MAZDA","B6Y0-14-300","https://www.oilfilter-crossreference.com/convert/MANN/W7023M"
"EL57023","W7023M","Oil Filter","MAZDA","B6Y014300","https://www.oilfilter-crossreference.com/convert/MANN/W7023M"
"EL57023","W7023M","Oil Filter","MAZDA","B6Y1-14-302","https://www.oilfilter-crossreference.com/convert/MANN/W7023M"
"EL57023","W7023M","Oil Filter","MAZDA","B6Y1-14-3029A","https://www.oilfilter-crossreference.com/convert/MANN/W7023M"
"EL57023","W7023M","Oil Filter","MAZDA","B6Y1-14-302A","https://www.oilfilter-crossreference.com/convert/MANN/W7023M"
"EL57023","W7023M","Oil Filter","MAZDA","B6Y1-14-302A9A","https://www.oilfilter-crossreference.com/convert/MANN/W7023M"
"EL57023","W7023M","Oil Filter","MAZDA","B6Y1-25-302A","https://www.oilfilter-crossreference.com/convert/MANN/W7023M"
"EL57023","W7023M","Oil Filter","MAZDA","B6Y114302","https://www.oilfilter-crossreference.com/convert/MANN/W7023M"
"EL57023","W7023M","Oil Filter","MAZDA","B6Y1143029A","https://www.oilfilter-crossreference.com/convert/MANN/W7023M"
"EL57023","W7023M","Oil Filter","MAZDA","B6Y114302A","https://www.oilfilter-crossreference.com/convert/MANN/W7023M"
"EL57023","W7023M","Oil Filter","MAZDA","B6Y114302A9A","https://www.oilfilter-crossreference.com/convert/MANN/W7023M"
"EL57023","W7023M","Oil Filter","MAZDA","B6YI-14-302","https://www.oilfilter-crossreference.com/convert/MANN/W7023M"
"EL57023","W7023M","Oil Filter","MAZDA","B6YI14302","https://www.oilfilter-crossreference.com/convert/MANN/W7023M"
"EL57023","W7023M","Oil Filter","MAZDA","B6YL-14302","https://www.oilfilter-crossreference.com/convert/MANN/W7023M"
"EL57023","W7023M","Oil Filter","MAZDA","B6YL14302","https://www.oilfilter-crossreference.com/convert/MANN/W7023M"
"EL57023","W7023M","Oil Filter","MAZDA","F802-23-802","https://www.oilfilter-crossreference.com/convert/MANN/W7023M"
"EL57023","W7023M","Oil Filter","MAZDA","FEY0-14-302","https://www.oilfilter-crossreference.com/convert/MANN/W7023M"
"EL57023","W7023M","Oil Filter","MAZDA","FEY0-14-3029A","https://www.oilfilter-crossreference.com/convert/MANN/W7023M"
"EL57023","W7023M","Oil Filter","MAZDA","FEY014302","https://www.oilfilter-crossreference.com/convert/MANN/W7023M"
"EL57023","W7023M","Oil Filter","MAZDA","FEY0143029A","https://www.oilfilter-crossreference.com/convert/MANN/W7023M"
"EL57023","W7023M","Oil Filter","MAZDA","HE19-23-802","https://www.oilfilter-crossreference.com/convert/MANN/W7023M"
"EL57023","W7023M","Oil Filter","MAZDA","HE1923802","https://www.oilfilter-crossreference.com/convert/MANN/W7023M"
"EL57023","W7023M","Oil Filter","MAZDA","N231-23-802","https://www.oilfilter-crossreference.com/convert/MANN/W7023M"
"EL57023","W7023M","Oil Filter","MAZDA","N23123802","https://www.oilfilter-crossreference.com/convert/MANN/W7023M"
"EL57023","W7023M","Oil Filter","MAZDA","N350-14-302","https://www.oilfilter-crossreference.com/convert/MANN/W7023M"
"EL57023","W7023M","Oil Filter","MAZDA","N35014302","https://www.oilfilter-crossreference.com/convert/MANN/W7023M"
"EL57023","W7023M","Oil Filter","MAZDA","N3Y6-14-302","https://www.oilfilter-crossreference.com/convert/MANN/W7023M"
"EL57023","W7023M","Oil Filter","MAZDA","N3Y614302","https://www.oilfilter-crossreference.com/convert/MANN/W7023M"
"EL57121","W712/1","Oil Filter","BMW","11 42 1 266 773","https://www.oilfilter-crossreference.com/convert/MANN-FILTER/W712/1"
"EL57121","W712/1","Oil Filter","BMW","11 42 9 061 198","https://www.oilfilter-crossreference.com/convert/MANN-FILTER/W712/1"
"EL57121","W712/1","Oil Filter","CHRYSLER","3232126","https://www.oilfilter-crossreference.com/convert/MANN-FILTER/W712/1"
"EL57121","W712/1","Oil Filter","CHRYSLER","3250334","https://www.oilfilter-crossreference.com/convert/MANN-FILTER/W712/1"
"EL57121","W712/1","Oil Filter","CHRYSLER","5203217","https://www.oilfilter-crossreference.com/convert/MANN-FILTER/W712/1"
"EL57121","W712/1","Oil Filter","CHRYSLER","72674028","https://www.oilfilter-crossreference.com/convert/MANN-FILTER/W712/1"
"EL57121","W712/1","Oil Filter","CHRYSLER","8127168","https://www.oilfilter-crossreference.com/convert/MANN-FILTER/W712/1"
"EL57121","W712/1","Oil Filter","CHRYSLER","J3232126","https://www.oilfilter-crossreference.com/convert/MANN-FILTER/W712/1"
"EL57121","W712/1","Oil Filter","CHRYSLER","J3250334","https://www.oilfilter-crossreference.com/convert/MANN-FILTER/W712/1"
"EL57121","W712/1","Oil Filter","CHRYSLER","J8127168","https://www.oilfilter-crossreference.com/convert/MANN-FILTER/W712/1"
"EL57121","W712/1","Oil Filter","CITROEN","MLS000-155","https://www.oilfilter-crossreference.com/convert/MANN-FILTER/W712/1"
"EL57121","W712/1","Oil Filter","CITROEN","MLS000155","https://www.oilfilter-crossreference.com/convert/MANN-FILTER/W712/1"
"EL57121","W712/1","Oil Filter","FORD","1457512","https://www.oilfilter-crossreference.com/convert/MANN-FILTER/W712/1"
"EL57121","W712/1","Oil Filter","FORD","1462805","https://www.oilfilter-crossreference.com/convert/MANN-FILTER/W712/1"
"EL57121","W712/1","Oil Filter","FORD","1498014","https://www.oilfilter-crossreference.com/convert/MANN-FILTER/W712/1"
"EL57121","W712/1","Oil Filter","FORD","1536304","https://www.oilfilter-crossreference.com/convert/MANN-FILTER/W712/1"
"EL57121","W712/1","Oil Filter","FORD","1553370","https://www.oilfilter-crossreference.com/convert/MANN-FILTER/W712/1"
"EL57121","W712/1","Oil Filter","FORD","1555370","https://www.oilfilter-crossreference.com/convert/MANN-FILTER/W712/1"
"EL57121","W712/1","Oil Filter","FORD","1559937","https://www.oilfilter-crossreference.com/convert/MANN-FILTER/W712/1"
"EL57121","W712/1","Oil Filter","FORD","2735E-6714-B","https://www.oilfilter-crossreference.com/convert/MANN-FILTER/W712/1"
"EL57121","W712/1","Oil Filter","FORD","5002530","https://www.oilfilter-crossreference.com/convert/MANN-FILTER/W712/1"
"EL57121","W712/1","Oil Filter","FORD","5003329","https://www.oilfilter-crossreference.com/convert/MANN-FILTER/W712/1"
"EL57121","W712/1","Oil Filter","FORD","5003331","https://www.oilfilter-crossreference.com/convert/MANN-FILTER/W712/1"
"EL57121","W712/1","Oil Filter","FORD","5003930","https://www.oilfilter-crossreference.com/convert/MANN-FILTER/W712/1"
"EL57121","W712/1","Oil Filter","FORD","5003968","https://www.oilfilter-crossreference.com/convert/MANN-FILTER/W712/1"
"EL57121","W712/1","Oil Filter","FORD","5004926","https://www.oilfilter-crossreference.com/convert/MANN-FILTER/W712/1"
"EL57121","W712/1","Oil Filter","FORD","5011780","https://www.oilfilter-crossreference.com/convert/MANN-FILTER/W712/1"
"EL57121","W712/1","Oil Filter","FORD","5011782","https://www.oilfilter-crossreference.com/convert/MANN-FILTER/W712/1"
"EL57121","W712/1","Oil Filter","FORD","5013143","https://www.oilfilter-crossreference.com/convert/MANN-FILTER/W712/1"
"EL57121","W712/1","Oil Filter","FORD","5013319","https://www.oilfilter-crossreference.com/convert/MANN-FILTER/W712/1"
"EL57121","W712/1","Oil Filter","FORD","6041176","https://www.oilfilter-crossreference.com/convert/MANN-FILTER/W712/1"
"EL57121","W712/1","Oil Filter","FORD","691M-6714A/A","https://www.oilfilter-crossreference.com/convert/MANN-FILTER/W712/1"
"EL57121","W712/1","Oil Filter","FORD","77BM-6714-AA","https://www.oilfilter-crossreference.com/convert/MANN-FILTER/W712/1"
"EL57121","W712/1","Oil Filter","FORD","77BM-6714-C1A","https://www.oilfilter-crossreference.com/convert/MANN-FILTER/W712/1"
"EL57121","W712/1","Oil Filter","FORD","A700X6714AA","https://www.oilfilter-crossreference.com/convert/MANN-FILTER/W712/1"
"EL57121","W712/1","Oil Filter","FORD","A760X6714KA","https://www.oilfilter-crossreference.com/convert/MANN-FILTER/W712/1"
"EL57121","W712/1","Oil Filter","FORD","D0RY-6731-A","https://www.oilfilter-crossreference.com/convert/MANN-FILTER/W712/1"
"EL57121","W712/1","Oil Filter","FORD","D1PJ-6714-AA","https://www.oilfilter-crossreference.com/convert/MANN-FILTER/W712/1"
"EL57121","W712/1","Oil Filter","FORD","D1PZ-6731-A","https://www.oilfilter-crossreference.com/convert/MANN-FILTER/W712/1"
"EL57121","W712/1","Oil Filter","GENERAL-MOTORS","19160691","https://www.oilfilter-crossreference.com/convert/MANN-FILTER/W712/1"
"EL57121","W712/1","Oil Filter","GENERAL-MOTORS","19160694","https://www.oilfilter-crossreference.com/convert/MANN-FILTER/W712/1"
"EL57121","W712/1","Oil Filter","GENERAL-MOTORS","2-866-477","https://www.oilfilter-crossreference.com/convert/MANN-FILTER/W712/1"
"EL57121","W712/1","Oil Filter","GENERAL-MOTORS","6438162","https://www.oilfilter-crossreference.com/convert/MANN-FILTER/W712/1"
"EL57121","W712/1","Oil Filter","GENERAL-MOTORS","6439109","https://www.oilfilter-crossreference.com/convert/MANN-FILTER/W712/1"
"EL57121","W712/1","Oil Filter","GENERAL-MOTORS","650352","https://www.oilfilter-crossreference.com/convert/MANN-FILTER/W712/1"
"EL57121","W712/1","Oil Filter","GENERAL-MOTORS","7965051","https://www.oilfilter-crossreference.com/convert/MANN-FILTER/W712/1"
"EL57121","W712/1","Oil Filter","GENERAL-MOTORS","7976051","https://www.oilfilter-crossreference.com/convert/MANN-FILTER/W712/1"
"EL57121","W712/1","Oil Filter","GENERAL-MOTORS","7984225","https://www.oilfilter-crossreference.com/convert/MANN-FILTER/W712/1"
"EL57121","W712/1","Oil Filter","GENERAL-MOTORS","7984256","https://www.oilfilter-crossreference.com/convert/MANN-FILTER/W712/1"
"EL57121","W712/1","Oil Filter","GENERAL-MOTORS","90027778","https://www.oilfilter-crossreference.com/convert/MANN-FILTER/W712/1"
"EL57121","W712/1","Oil Filter","GENERAL-MOTORS","93156299","https://www.oilfilter-crossreference.com/convert/MANN-FILTER/W712/1"
"EL57121","W712/1","Oil Filter","GENERAL-MOTORS","93156958","https://www.oilfilter-crossreference.com/convert/MANN-FILTER/W712/1"
"EL57121","W712/1","Oil Filter","MITSUBISHI","J3232126","https://www.oilfilter-crossreference.com/convert/MANN-FILTER/W712/1"
"EL57121","W712/1","Oil Filter","MITSUBISHI","J3250334","https://www.oilfilter-crossreference.com/convert/MANN-FILTER/W712/1"
"EL57121","W712/1","Oil Filter","MITSUBISHI","N152H1010","https://www.oilfilter-crossreference.com/convert/MANN-FILTER/W712/1"
"EL57121","W712/1","Oil Filter","NISSAN","15208-H1010","https://www.oilfilter-crossreference.com/convert/MANN-FILTER/W712/1"
"EL57121","W712/1","Oil Filter","NISSAN","15208-H1011","https://www.oilfilter-crossreference.com/convert/MANN-FILTER/W712/1"
"EL57121","W712/1","Oil Filter","OPEL","09281199","https://www.oilfilter-crossreference.com/convert/MANN-FILTER/W712/1"
"EL57121","W712/1","Oil Filter","OPEL","2-866-477","https://www.oilfilter-crossreference.com/convert/MANN-FILTER/W712/1"
"EL57121","W712/1","Oil Filter","OPEL","2866477/VP","https://www.oilfilter-crossreference.com/convert/MANN-FILTER/W712/1"
"EL57121","W712/1","Oil Filter","OPEL","2866477VP","https://www.oilfilter-crossreference.com/convert/MANN-FILTER/W712/1"
"EL57121","W712/1","Oil Filter","OPEL","650352","https://www.oilfilter-crossreference.com/convert/MANN-FILTER/W712/1"
"EL57121","W712/1","Oil Filter","OPEL","650364","https://www.oilfilter-crossreference.com/convert/MANN-FILTER/W712/1"
"EL57121","W712/1","Oil Filter","OPEL","650365","https://www.oilfilter-crossreference.com/convert/MANN-FILTER/W712/1"
"EL57121","W712/1","Oil Filter","OPEL","650370","https://www.oilfilter-crossreference.com/convert/MANN-FILTER/W712/1"
"EL57121","W712/1","Oil Filter","OPEL","650371","https://www.oilfilter-crossreference.com/convert/MANN-FILTER/W712/1"
"EL57121","W712/1","Oil Filter","OPEL","650373","https://www.oilfilter-crossreference.com/convert/MANN-FILTER/W712/1"
"EL57121","W712/1","Oil Filter","OPEL","650400","https://www.oilfilter-crossreference.com/convert/MANN-FILTER/W712/1"
"EL57121","W712/1","Oil Filter","OPEL","7976051","https://www.oilfilter-crossreference.com/convert/MANN-FILTER/W712/1"
"EL57121","W712/1","Oil Filter","OPEL","90027778","https://www.oilfilter-crossreference.com/convert/MANN-FILTER/W712/1"
"EL57121","W712/1","Oil Filter","OPEL","9281199","https://www.oilfilter-crossreference.com/convert/MANN-FILTER/W712/1"
"EL57121","W712/1","Oil Filter","OPEL","VOF136","https://www.oilfilter-crossreference.com/convert/MANN-FILTER/W712/1"
"EL57121","W712/1","Oil Filter","OE","OF-1055","https://www.oilfilter-crossreference.com/convert/MANN-FILTER/W712/1"
"EL57121","W712/1","Oil Filter","OE","OF-1065","https://www.oilfilter-crossreference.com/convert/MANN-FILTER/W712/1"
"EL57121","W712/1","Oil Filter","OE","OF-250","https://www.oilfilter-crossreference.com/convert/MANN-FILTER/W712/1"
"EL57121","W712/1","Oil Filter","PEUGEOT","1109C5","https://www.oilfilter-crossreference.com/convert/MANN-FILTER/W712/1"
"EL57121","W712/1","Oil Filter","VAUXHALL","650364","https://www.oilfilter-crossreference.com/convert/MANN-FILTER/W712/1"
"EL57121","W712/1","Oil Filter","VAUXHALL","650365","https://www.oilfilter-crossreference.com/convert/MANN-FILTER/W712/1"
"EL57121","W712/1","Oil Filter","VAUXHALL","6696776","https://www.oilfilter-crossreference.com/convert/MANN-FILTER/W712/1"
"EL57121","W712/1","Oil Filter","VAUXHALL","7884256","https://www.oilfilter-crossreference.com/convert/MANN-FILTER/W712/1"
"EL57121","W712/1","Oil Filter","VAUXHALL","7965051","https://www.oilfilter-crossreference.com/convert/MANN-FILTER/W712/1"
"EL57121","W712/1","Oil Filter","VAUXHALL","7973235","https://www.oilfilter-crossreference.com/convert/MANN-FILTER/W712/1"
"EL57121","W712/1","Oil Filter","VAUXHALL","7973429","https://www.oilfilter-crossreference.com/convert/MANN-FILTER/W712/1"
"EL57121","W712/1","Oil Filter","VAUXHALL","7984256","https://www.oilfilter-crossreference.com/convert/MANN-FILTER/W712/1"
"EL57121","W712/1","Oil Filter","VAUXHALL","90027778","https://www.oilfilter-crossreference.com/convert/MANN-FILTER/W712/1"
"EL57121","W712/1","Oil Filter","VAUXHALL","93156299","https://www.oilfilter-crossreference.com/convert/MANN-FILTER/W712/1"
"EL57121","W712/1","Oil Filter","VAUXHALL","VOF136","https://www.oilfilter-crossreference.com/convert/MANN-FILTER/W712/1"
"EL57121","W712/1","Oil Filter","VW","034 115 561A","https://www.oilfilter-crossreference.com/convert/MANN-FILTER/W712/1"
"EL57121","W712/1","Oil Filter","VW","035 115 561","https://www.oilfilter-crossreference.com/convert/MANN-FILTER/W712/1"
"EL57121","W712/1","Oil Filter","VW","037 115 561","https://www.oilfilter-crossreference.com/convert/MANN-FILTER/W712/1"
"EL57121","W712/1","Oil Filter","VW","056 115 561","https://www.oilfilter-crossreference.com/convert/MANN-FILTER/W712/1"
"EL57121","W712/1","Oil Filter","VW","056 115 561A","https://www.oilfilter-crossreference.com/convert/MANN-FILTER/W712/1"
"EL57121","W712/1","Oil Filter","VW","056 115 561B","https://www.oilfilter-crossreference.com/convert/MANN-FILTER/W712/1"
"EL57121","W712/1","Oil Filter","VW","056 115 561C","https://www.oilfilter-crossreference.com/convert/MANN-FILTER/W712/1"
"EL57121","W712/1","Oil Filter","VW","056 115 561G","https://www.oilfilter-crossreference.com/convert/MANN-FILTER/W712/1"
"EL57121","W712/1","Oil Filter","VW","059 115 561A","https://www.oilfilter-crossreference.com/convert/MANN-FILTER/W712/1"
"EL57121","W712/1","Oil Filter","VW","059 115 561B","https://www.oilfilter-crossreference.com/convert/MANN-FILTER/W712/1"
"EL57121","W712/1","Oil Filter","VW","059 115 561C","https://www.oilfilter-crossreference.com/convert/MANN-FILTER/W712/1"
"EL57121","W712/1","Oil Filter","VW","06A 115 561","https://www.oilfilter-crossreference.com/convert/MANN-FILTER/W712/1"
"EL57121","W712/1","Oil Filter","VW","06A 115 561B","https://www.oilfilter-crossreference.com/convert/MANN-FILTER/W712/1"
"EL57121","W712/1","Oil Filter","VW","070 115 561","https://www.oilfilter-crossreference.com/convert/MANN-FILTER/W712/1"
"EL57121","W712/1","Oil Filter","VW","931 107 701 00","https://www.oilfilter-crossreference.com/convert/MANN-FILTER/W712/1"
"EL51211","W712/11X","Oil Filter","BMW","11 42 1 266 773","https://www.oilfilter-crossreference.com/convert/MANN-FILTER/W712/11X"
"EL51211","W712/11X","Oil Filter","BMW","11 42 9 061 198","https://www.oilfilter-crossreference.com/convert/MANN-FILTER/W712/11X"
"EL51211","W712/11X","Oil Filter","CHRYSLER","3232126","https://www.oilfilter-crossreference.com/convert/MANN-FILTER/W712/11X"
"EL51211","W712/11X","Oil Filter","CHRYSLER","3250334","https://www.oilfilter-crossreference.com/convert/MANN-FILTER/W712/11X"
"EL51211","W712/11X","Oil Filter","CHRYSLER","5203217","https://www.oilfilter-crossreference.com/convert/MANN-FILTER/W712/11X"
"EL51211","W712/11X","Oil Filter","CHRYSLER","72674028","https://www.oilfilter-crossreference.com/convert/MANN-FILTER/W712/11X"
"EL51211","W712/11X","Oil Filter","CHRYSLER","8127168","https://www.oilfilter-crossreference.com/convert/MANN-FILTER/W712/11X"
"EL51211","W712/11X","Oil Filter","CHRYSLER","J3232126","https://www.oilfilter-crossreference.com/convert/MANN-FILTER/W712/11X"
"EL51211","W712/11X","Oil Filter","CHRYSLER","J3250334","https://www.oilfilter-crossreference.com/convert/MANN-FILTER/W712/11X"
"EL51211","W712/11X","Oil Filter","CHRYSLER","J8127168","https://www.oilfilter-crossreference.com/convert/MANN-FILTER/W712/11X"
"EL51211","W712/11X","Oil Filter","CITROEN","MLS000-155","https://www.oilfilter-crossreference.com/convert/MANN-FILTER/W712/11X"
"EL51211","W712/11X","Oil Filter","CITROEN","MLS000155","https://www.oilfilter-crossreference.com/convert/MANN-FILTER/W712/11X"
"EL51211","W712/11X","Oil Filter","FORD","1457512","https://www.oilfilter-crossreference.com/convert/MANN-FILTER/W712/11X"
"EL51211","W712/11X","Oil Filter","FORD","1462805","https://www.oilfilter-crossreference.com/convert/MANN-FILTER/W712/11X"
"EL51211","W712/11X","Oil Filter","FORD","1498014","https://www.oilfilter-crossreference.com/convert/MANN-FILTER/W712/11X"
"EL51211","W712/11X","Oil Filter","FORD","1536304","https://www.oilfilter-crossreference.com/convert/MANN-FILTER/W712/11X"
"EL51211","W712/11X","Oil Filter","FORD","1553370","https://www.oilfilter-crossreference.com/convert/MANN-FILTER/W712/11X"
"EL51211","W712/11X","Oil Filter","FORD","1555370","https://www.oilfilter-crossreference.com/convert/MANN-FILTER/W712/11X"
"EL51211","W712/11X","Oil Filter","FORD","1559937","https://www.oilfilter-crossreference.com/convert/MANN-FILTER/W712/11X"
"EL51211","W712/11X","Oil Filter","FORD","2735E-6714-B","https://www.oilfilter-crossreference.com/convert/MANN-FILTER/W712/11X"
"EL51211","W712/11X","Oil Filter","FORD","5002530","https://www.oilfilter-crossreference.com/convert/MANN-FILTER/W712/11X"
"EL51211","W712/11X","Oil Filter","FORD","5003329","https://www.oilfilter-crossreference.com/convert/MANN-FILTER/W712/11X"
"EL51211","W712/11X","Oil Filter","FORD","5003331","https://www.oilfilter-crossreference.com/convert/MANN-FILTER/W712/11X"
"EL51211","W712/11X","Oil Filter","FORD","5003930","https://www.oilfilter-crossreference.com/convert/MANN-FILTER/W712/11X"
"EL51211","W712/11X","Oil Filter","FORD","5003968","https://www.oilfilter-crossreference.com/convert/MANN-FILTER/W712/11X"
"EL51211","W712/11X","Oil Filter","FORD","5004926","https://www.oilfilter-crossreference.com/convert/MANN-FILTER/W712/11X"
"EL51211","W712/11X","Oil Filter","FORD","5011780","https://www.oilfilter-crossreference.com/convert/MANN-FILTER/W712/11X"
"EL51211","W712/11X","Oil Filter","FORD","5011782","https://www.oilfilter-crossreference.com/convert/MANN-FILTER/W712/11X"
"EL51211","W712/11X","Oil Filter","FORD","5013143","https://www.oilfilter-crossreference.com/convert/MANN-FILTER/W712/11X"
"EL51211","W712/11X","Oil Filter","FORD","5013319","https://www.oilfilter-crossreference.com/convert/MANN-FILTER/W712/11X"
"EL51211","W712/11X","Oil Filter","FORD","6041176","https://www.oilfilter-crossreference.com/convert/MANN-FILTER/W712/11X"
"EL51211","W712/11X","Oil Filter","FORD","691M-6714A/A","https://www.oilfilter-crossreference.com/convert/MANN-FILTER/W712/11X"
"EL51211","W712/11X","Oil Filter","FORD","77BM-6714-AA","https://www.oilfilter-crossreference.com/convert/MANN-FILTER/W712/11X"
"EL51211","W712/11X","Oil Filter","FORD","77BM-6714-C1A","https://www.oilfilter-crossreference.com/convert/MANN-FILTER/W712/11X"
"EL51211","W712/11X","Oil Filter","FORD","A700X6714AA","https://www.oilfilter-crossreference.com/convert/MANN-FILTER/W712/11X"
"EL51211","W712/11X","Oil Filter","FORD","A760X6714KA","https://www.oilfilter-crossreference.com/convert/MANN-FILTER/W712/11X"
"EL51211","W712/11X","Oil Filter","FORD","D0RY-6731-A","https://www.oilfilter-crossreference.com/convert/MANN-FILTER/W712/11X"
"EL51211","W712/11X","Oil Filter","FORD","D1PJ-6714-AA","https://www.oilfilter-crossreference.com/convert/MANN-FILTER/W712/11X"
"EL51211","W712/11X","Oil Filter","FORD","D1PZ-6731-A","https://www.oilfilter-crossreference.com/convert/MANN-FILTER/W712/11X"
"EL51211","W712/11X","Oil Filter","GENERAL-MOTORS","19160691","https://www.oilfilter-crossreference.com/convert/MANN-FILTER/W712/11X"
"EL51211","W712/11X","Oil Filter","GENERAL-MOTORS","19160694","https://www.oilfilter-crossreference.com/convert/MANN-FILTER/W712/11X"
"EL51211","W712/11X","Oil Filter","GENERAL-MOTORS","2-866-477","https://www.oilfilter-crossreference.com/convert/MANN-FILTER/W712/11X"
"EL51211","W712/11X","Oil Filter","GENERAL-MOTORS","6438162","https://www.oilfilter-crossreference.com/convert/MANN-FILTER/W712/11X"
"EL51211","W712/11X","Oil Filter","GENERAL-MOTORS","6439109","https://www.oilfilter-crossreference.com/convert/MANN-FILTER/W712/11X"
"EL51211","W712/11X","Oil Filter","GENERAL-MOTORS","650352","https://www.oilfilter-crossreference.com/convert/MANN-FILTER/W712/11X"
"EL51211","W712/11X","Oil Filter","GENERAL-MOTORS","7965051","https://www.oilfilter-crossreference.com/convert/MANN-FILTER/W712/11X"
"EL51211","W712/11X","Oil Filter","GENERAL-MOTORS","7976051","https://www.oilfilter-crossreference.com/convert/MANN-FILTER/W712/11X"
"EL51211","W712/11X","Oil Filter","GENERAL-MOTORS","7984225","https://www.oilfilter-crossreference.com/convert/MANN-FILTER/W712/11X"
"EL51211","W712/11X","Oil Filter","GENERAL-MOTORS","7984256","https://www.oilfilter-crossreference.com/convert/MANN-FILTER/W712/11X"
"EL51211","W712/11X","Oil Filter","GENERAL-MOTORS","90027778","https://www.oilfilter-crossreference.com/convert/MANN-FILTER/W712/11X"
"EL51211","W712/11X","Oil Filter","GENERAL-MOTORS","93156299","https://www.oilfilter-crossreference.com/convert/MANN-FILTER/W712/11X"
"EL51211","W712/11X","Oil Filter","GENERAL-MOTORS","93156958","https://www.oilfilter-crossreference.com/convert/MANN-FILTER/W712/11X"
"EL51211","W712/11X","Oil Filter","MITSUBISHI","J3232126","https://www.oilfilter-crossreference.com/convert/MANN-FILTER/W712/11X"
"EL51211","W712/11X","Oil Filter","MITSUBISHI","J3250334","https://www.oilfilter-crossreference.com/convert/MANN-FILTER/W712/11X"
"EL51211","W712/11X","Oil Filter","MITSUBISHI","N152H1010","https://www.oilfilter-crossreference.com/convert/MANN-FILTER/W712/11X"
"EL51211","W712/11X","Oil Filter","NISSAN","15208-H1010","https://www.oilfilter-crossreference.com/convert/MANN-FILTER/W712/11X"
"EL51211","W712/11X","Oil Filter","NISSAN","15208-H1011","https://www.oilfilter-crossreference.com/convert/MANN-FILTER/W712/11X"
"EL51211","W712/11X","Oil Filter","OPEL","09281199","https://www.oilfilter-crossreference.com/convert/MANN-FILTER/W712/11X"
"EL51211","W712/11X","Oil Filter","OPEL","2-866-477","https://www.oilfilter-crossreference.com/convert/MANN-FILTER/W712/11X"
"EL51211","W712/11X","Oil Filter","OPEL","2866477/VP","https://www.oilfilter-crossreference.com/convert/MANN-FILTER/W712/11X"
"EL51211","W712/11X","Oil Filter","OPEL","2866477VP","https://www.oilfilter-crossreference.com/convert/MANN-FILTER/W712/11X"
"EL51211","W712/11X","Oil Filter","OPEL","650352","https://www.oilfilter-crossreference.com/convert/MANN-FILTER/W712/11X"
"EL51211","W712/11X","Oil Filter","OPEL","650364","https://www.oilfilter-crossreference.com/convert/MANN-FILTER/W712/11X"
"EL51211","W712/11X","Oil Filter","OPEL","650365","https://www.oilfilter-crossreference.com/convert/MANN-FILTER/W712/11X"
"EL51211","W712/11X","Oil Filter","OPEL","650370","https://www.oilfilter-crossreference.com/convert/MANN-FILTER/W712/11X"
"EL51211","W712/11X","Oil Filter","OPEL","650371","https://www.oilfilter-crossreference.com/convert/MANN-FILTER/W712/11X"
"EL51211","W712/11X","Oil Filter","OPEL","650373","https://www.oilfilter-crossreference.com/convert/MANN-FILTER/W712/11X"
"EL51211","W712/11X","Oil Filter","OPEL","650400","https://www.oilfilter-crossreference.com/convert/MANN-FILTER/W712/11X"
"EL51211","W712/11X","Oil Filter","OPEL","7976051","https://www.oilfilter-crossreference.com/convert/MANN-FILTER/W712/11X"
"EL51211","W712/11X","Oil Filter","OPEL","90027778","https://www.oilfilter-crossreference.com/convert/MANN-FILTER/W712/11X"
"EL51211","W712/11X","Oil Filter","OPEL","9281199","https://www.oilfilter-crossreference.com/convert/MANN-FILTER/W712/11X"
"EL51211","W712/11X","Oil Filter","OPEL","VOF136","https://www.oilfilter-crossreference.com/convert/MANN-FILTER/W712/11X"
"EL51211","W712/11X","Oil Filter","OE","OF-1055","https://www.oilfilter-crossreference.com/convert/MANN-FILTER/W712/11X"
"EL51211","W712/11X","Oil Filter","OE","OF-1065","https://www.oilfilter-crossreference.com/convert/MANN-FILTER/W712/11X"
"EL51211","W712/11X","Oil Filter","OE","OF-250","https://www.oilfilter-crossreference.com/convert/MANN-FILTER/W712/11X"
"EL51211","W712/11X","Oil Filter","PEUGEOT","1109C5","https://www.oilfilter-crossreference.com/convert/MANN-FILTER/W712/11X"
"EL51211","W712/11X","Oil Filter","VAUXHALL","650364","https://www.oilfilter-crossreference.com/convert/MANN-FILTER/W712/11X"
"EL51211","W712/11X","Oil Filter","VAUXHALL","650365","https://www.oilfilter-crossreference.com/convert/MANN-FILTER/W712/11X"
"EL51211","W712/11X","Oil Filter","VAUXHALL","6696776","https://www.oilfilter-crossreference.com/convert/MANN-FILTER/W712/11X"
"EL51211","W712/11X","Oil Filter","VAUXHALL","7884256","https://www.oilfilter-crossreference.com/convert/MANN-FILTER/W712/11X"
"EL51211","W712/11X","Oil Filter","VAUXHALL","7965051","https://www.oilfilter-crossreference.com/convert/MANN-FILTER/W712/11X"
"EL51211","W712/11X","Oil Filter","VAUXHALL","7973235","https://www.oilfilter-crossreference.com/convert/MANN-FILTER/W712/11X"
"EL51211","W712/11X","Oil Filter","VAUXHALL","7973429","https://www.oilfilter-crossreference.com/convert/MANN-FILTER/W712/11X"
"EL51211","W712/11X","Oil Filter","VAUXHALL","7984256","https://www.oilfilter-crossreference.com/convert/MANN-FILTER/W712/11X"
"EL51211","W712/11X","Oil Filter","VAUXHALL","90027778","https://www.oilfilter-crossreference.com/convert/MANN-FILTER/W712/11X"
"EL51211","W712/11X","Oil Filter","VAUXHALL","93156299","https://www.oilfilter-crossreference.com/convert/MANN-FILTER/W712/11X"
"EL51211","W712/11X","Oil Filter","VAUXHALL","VOF136","https://www.oilfilter-crossreference.com/convert/MANN-FILTER/W712/11X"
"EL51211","W712/11X","Oil Filter","VW","034 115 561A","https://www.oilfilter-crossreference.com/convert/MANN-FILTER/W712/11X"
"EL51211","W712/11X","Oil Filter","VW","035 115 561","https://www.oilfilter-crossreference.com/convert/MANN-FILTER/W712/11X"
"EL51211","W712/11X","Oil Filter","VW","037 115 561","https://www.oilfilter-crossreference.com/convert/MANN-FILTER/W712/11X"
"EL51211","W712/11X","Oil Filter","VW","056 115 561","https://www.oilfilter-crossreference.com/convert/MANN-FILTER/W712/11X"
"EL51211","W712/11X","Oil Filter","VW","056 115 561A","https://www.oilfilter-crossreference.com/convert/MANN-FILTER/W712/11X"
"EL51211","W712/11X","Oil Filter","VW","056 115 561B","https://www.oilfilter-crossreference.com/convert/MANN-FILTER/W712/11X"
"EL51211","W712/11X","Oil Filter","VW","056 115 561C","https://www.oilfilter-crossreference.com/convert/MANN-FILTER/W712/11X"
"EL51211","W712/11X","Oil Filter","VW","056 115 561G","https://www.oilfilter-crossreference.com/convert/MANN-FILTER/W712/11X"
"EL51211","W712/11X","Oil Filter","VW","059 115 561A","https://www.oilfilter-crossreference.com/convert/MANN-FILTER/W712/11X"
"EL51211","W712/11X","Oil Filter","VW","059 115 561B","https://www.oilfilter-crossreference.com/convert/MANN-FILTER/W712/11X"
"EL51211","W712/11X","Oil Filter","VW","059 115 561C","https://www.oilfilter-crossreference.com/convert/MANN-FILTER/W712/11X"
"EL51211","W712/11X","Oil Filter","VW","06A 115 561","https://www.oilfilter-crossreference.com/convert/MANN-FILTER/W712/11X"
"EL51211","W712/11X","Oil Filter","VW","06A 115 561B","https://www.oilfilter-crossreference.com/convert/MANN-FILTER/W712/11X"
"EL51211","W712/11X","Oil Filter","VW","070 115 561","https://www.oilfilter-crossreference.com/convert/MANN-FILTER/W712/11X"
"EL51211","W712/11X","Oil Filter","VW","931 107 701 00","https://www.oilfilter-crossreference.com/convert/MANN-FILTER/W712/11X"
"EL51212","W712/12","Oil Filter","BMW","11 42 1 266 773","https://www.oilfilter-crossreference.com/convert/MANN-FILTER/W712/12"
"EL51212","W712/12","Oil Filter","BMW","11 42 9 061 198","https://www.oilfilter-crossreference.com/convert/MANN-FILTER/W712/12"
"EL51212","W712/12","Oil Filter","CHRYSLER","3232126","https://www.oilfilter-crossreference.com/convert/MANN-FILTER/W712/12"
"EL51212","W712/12","Oil Filter","CHRYSLER","3250334","https://www.oilfilter-crossreference.com/convert/MANN-FILTER/W712/12"
"EL51212","W712/12","Oil Filter","CHRYSLER","5203217","https://www.oilfilter-crossreference.com/convert/MANN-FILTER/W712/12"
"EL51212","W712/12","Oil Filter","CHRYSLER","72674028","https://www.oilfilter-crossreference.com/convert/MANN-FILTER/W712/12"
"EL51212","W712/12","Oil Filter","CHRYSLER","8127168","https://www.oilfilter-crossreference.com/convert/MANN-FILTER/W712/12"
"EL51212","W712/12","Oil Filter","CHRYSLER","J3232126","https://www.oilfilter-crossreference.com/convert/MANN-FILTER/W712/12"
"EL51212","W712/12","Oil Filter","CHRYSLER","J3250334","https://www.oilfilter-crossreference.com/convert/MANN-FILTER/W712/12"
"EL51212","W712/12","Oil Filter","CHRYSLER","J8127168","https://www.oilfilter-crossreference.com/convert/MANN-FILTER/W712/12"
"EL51212","W712/12","Oil Filter","CITROEN","MLS000-155","https://www.oilfilter-crossreference.com/convert/MANN-FILTER/W712/12"
"EL51212","W712/12","Oil Filter","CITROEN","MLS000155","https://www.oilfilter-crossreference.com/convert/MANN-FILTER/W712/12"
"EL51212","W712/12","Oil Filter","FORD","1457512","https://www.oilfilter-crossreference.com/convert/MANN-FILTER/W712/12"
"EL51212","W712/12","Oil Filter","FORD","1462805","https://www.oilfilter-crossreference.com/convert/MANN-FILTER/W712/12"
"EL51212","W712/12","Oil Filter","FORD","1498014","https://www.oilfilter-crossreference.com/convert/MANN-FILTER/W712/12"
"EL51212","W712/12","Oil Filter","FORD","1536304","https://www.oilfilter-crossreference.com/convert/MANN-FILTER/W712/12"
"EL51212","W712/12","Oil Filter","FORD","1553370","https://www.oilfilter-crossreference.com/convert/MANN-FILTER/W712/12"
"EL51212","W712/12","Oil Filter","FORD","1555370","https://www.oilfilter-crossreference.com/convert/MANN-FILTER/W712/12"
"EL51212","W712/12","Oil Filter","FORD","1559937","https://www.oilfilter-crossreference.com/convert/MANN-FILTER/W712/12"
"EL51212","W712/12","Oil Filter","FORD","2735E-6714-B","https://www.oilfilter-crossreference.com/convert/MANN-FILTER/W712/12"
"EL51212","W712/12","Oil Filter","FORD","5002530","https://www.oilfilter-crossreference.com/convert/MANN-FILTER/W712/12"
"EL51212","W712/12","Oil Filter","FORD","5003329","https://www.oilfilter-crossreference.com/convert/MANN-FILTER/W712/12"
"EL51212","W712/12","Oil Filter","FORD","5003331","https://www.oilfilter-crossreference.com/convert/MANN-FILTER/W712/12"
"EL51212","W712/12","Oil Filter","FORD","5003930","https://www.oilfilter-crossreference.com/convert/MANN-FILTER/W712/12"
"EL51212","W712/12","Oil Filter","FORD","5003968","https://www.oilfilter-crossreference.com/convert/MANN-FILTER/W712/12"
"EL51212","W712/12","Oil Filter","FORD","5004926","https://www.oilfilter-crossreference.com/convert/MANN-FILTER/W712/12"
"EL51212","W712/12","Oil Filter","FORD","5011780","https://www.oilfilter-crossreference.com/convert/MANN-FILTER/W712/12"
"EL51212","W712/12","Oil Filter","FORD","5011782","https://www.oilfilter-crossreference.com/convert/MANN-FILTER/W712/12"
"EL51212","W712/12","Oil Filter","FORD","5013143","https://www.oilfilter-crossreference.com/convert/MANN-FILTER/W712/12"
"EL51212","W712/12","Oil Filter","FORD","5013319","https://www.oilfilter-crossreference.com/convert/MANN-FILTER/W712/12"
"EL51212","W712/12","Oil Filter","FORD","6041176","https://www.oilfilter-crossreference.com/convert/MANN-FILTER/W712/12"
"EL51212","W712/12","Oil Filter","FORD","691M-6714A/A","https://www.oilfilter-crossreference.com/convert/MANN-FILTER/W712/12"
"EL51212","W712/12","Oil Filter","FORD","77BM-6714-AA","https://www.oilfilter-crossreference.com/convert/MANN-FILTER/W712/12"
"EL51212","W712/12","Oil Filter","FORD","77BM-6714-C1A","https://www.oilfilter-crossreference.com/convert/MANN-FILTER/W712/12"
"EL51212","W712/12","Oil Filter","FORD","A700X6714AA","https://www.oilfilter-crossreference.com/convert/MANN-FILTER/W712/12"
"EL51212","W712/12","Oil Filter","FORD","A760X6714KA","https://www.oilfilter-crossreference.com/convert/MANN-FILTER/W712/12"
"EL51212","W712/12","Oil Filter","FORD","D0RY-6731-A","https://www.oilfilter-crossreference.com/convert/MANN-FILTER/W712/12"
"EL51212","W712/12","Oil Filter","FORD","D1PJ-6714-AA","https://www.oilfilter-crossreference.com/convert/MANN-FILTER/W712/12"
"EL51212","W712/12","Oil Filter","FORD","D1PZ-6731-A","https://www.oilfilter-crossreference.com/convert/MANN-FILTER/W712/12"
"EL51212","W712/12","Oil Filter","GENERAL-MOTORS","19160691","https://www.oilfilter-crossreference.com/convert/MANN-FILTER/W712/12"
"EL51212","W712/12","Oil Filter","GENERAL-MOTORS","19160694","https://www.oilfilter-crossreference.com/convert/MANN-FILTER/W712/12"
"EL51212","W712/12","Oil Filter","GENERAL-MOTORS","2-866-477","https://www.oilfilter-crossreference.com/convert/MANN-FILTER/W712/12"
"EL51212","W712/12","Oil Filter","GENERAL-MOTORS","6438162","https://www.oilfilter-crossreference.com/convert/MANN-FILTER/W712/12"
"EL51212","W712/12","Oil Filter","GENERAL-MOTORS","6439109","https://www.oilfilter-crossreference.com/convert/MANN-FILTER/W712/12"
"EL51212","W712/12","Oil Filter","GENERAL-MOTORS","650352","https://www.oilfilter-crossreference.com/convert/MANN-FILTER/W712/12"
"EL51212","W712/12","Oil Filter","GENERAL-MOTORS","7965051","https://www.oilfilter-crossreference.com/convert/MANN-FILTER/W712/12"
"EL51212","W712/12","Oil Filter","GENERAL-MOTORS","7976051","https://www.oilfilter-crossreference.com/convert/MANN-FILTER/W712/12"
"EL51212","W712/12","Oil Filter","GENERAL-MOTORS","7984225","https://www.oilfilter-crossreference.com/convert/MANN-FILTER/W712/12"
"EL51212","W712/12","Oil Filter","GENERAL-MOTORS","7984256","https://www.oilfilter-crossreference.com/convert/MANN-FILTER/W712/12"
"EL51212","W712/12","Oil Filter","GENERAL-MOTORS","90027778","https://www.oilfilter-crossreference.com/convert/MANN-FILTER/W712/12"
"EL51212","W712/12","Oil Filter","GENERAL-MOTORS","93156299","https://www.oilfilter-crossreference.com/convert/MANN-FILTER/W712/12"
"EL51212","W712/12","Oil Filter","GENERAL-MOTORS","93156958","https://www.oilfilter-crossreference.com/convert/MANN-FILTER/W712/12"
"EL51212","W712/12","Oil Filter","MITSUBISHI","J3232126","https://www.oilfilter-crossreference.com/convert/MANN-FILTER/W712/12"
"EL51212","W712/12","Oil Filter","MITSUBISHI","J3250334","https://www.oilfilter-crossreference.com/convert/MANN-FILTER/W712/12"
"EL51212","W712/12","Oil Filter","MITSUBISHI","N152H1010","https://www.oilfilter-crossreference.com/convert/MANN-FILTER/W712/12"
"EL51212","W712/12","Oil Filter","NISSAN","15208-H1010","https://www.oilfilter-crossreference.com/convert/MANN-FILTER/W712/12"
"EL51212","W712/12","Oil Filter","NISSAN","15208-H1011","https://www.oilfilter-crossreference.com/convert/MANN-FILTER/W712/12"
"EL51212","W712/12","Oil Filter","OPEL","09281199","https://www.oilfilter-crossreference.com/convert/MANN-FILTER/W712/12"
"EL51212","W712/12","Oil Filter","OPEL","2-866-477","https://www.oilfilter-crossreference.com/convert/MANN-FILTER/W712/12"
"EL51212","W712/12","Oil Filter","OPEL","2866477/VP","https://www.oilfilter-crossreference.com/convert/MANN-FILTER/W712/12"
"EL51212","W712/12","Oil Filter","OPEL","2866477VP","https://www.oilfilter-crossreference.com/convert/MANN-FILTER/W712/12"
"EL51212","W712/12","Oil Filter","OPEL","650352","https://www.oilfilter-crossreference.com/convert/MANN-FILTER/W712/12"
"EL51212","W712/12","Oil Filter","OPEL","650364","https://www.oilfilter-crossreference.com/convert/MANN-FILTER/W712/12"
"EL51212","W712/12","Oil Filter","OPEL","650365","https://www.oilfilter-crossreference.com/convert/MANN-FILTER/W712/12"
"EL51212","W712/12","Oil Filter","OPEL","650370","https://www.oilfilter-crossreference.com/convert/MANN-FILTER/W712/12"
"EL51212","W712/12","Oil Filter","OPEL","650371","https://www.oilfilter-crossreference.com/convert/MANN-FILTER/W712/12"
"EL51212","W712/12","Oil Filter","OPEL","650373","https://www.oilfilter-crossreference.com/convert/MANN-FILTER/W712/12"
"EL51212","W712/12","Oil Filter","OPEL","650400","https://www.oilfilter-crossreference.com/convert/MANN-FILTER/W712/12"
"EL51212","W712/12","Oil Filter","OPEL","7976051","https://www.oilfilter-crossreference.com/convert/MANN-FILTER/W712/12"
"EL51212","W712/12","Oil Filter","OPEL","90027778","https://www.oilfilter-crossreference.com/convert/MANN-FILTER/W712/12"
"EL51212","W712/12","Oil Filter","OPEL","9281199","https://www.oilfilter-crossreference.com/convert/MANN-FILTER/W712/12"
"EL51212","W712/12","Oil Filter","OPEL","VOF136","https://www.oilfilter-crossreference.com/convert/MANN-FILTER/W712/12"
"EL51212","W712/12","Oil Filter","OE","OF-1055","https://www.oilfilter-crossreference.com/convert/MANN-FILTER/W712/12"
"EL51212","W712/12","Oil Filter","OE","OF-1065","https://www.oilfilter-crossreference.com/convert/MANN-FILTER/W712/12"
"EL51212","W712/12","Oil Filter","OE","OF-250","https://www.oilfilter-crossreference.com/convert/MANN-FILTER/W712/12"
"EL51212","W712/12","Oil Filter","PEUGEOT","1109C5","https://www.oilfilter-crossreference.com/convert/MANN-FILTER/W712/12"
"EL51212","W712/12","Oil Filter","VAUXHALL","650364","https://www.oilfilter-crossreference.com/convert/MANN-FILTER/W712/12"
"EL51212","W712/12","Oil Filter","VAUXHALL","650365","https://www.oilfilter-crossreference.com/convert/MANN-FILTER/W712/12"
"EL51212","W712/12","Oil Filter","VAUXHALL","6696776","https://www.oilfilter-crossreference.com/convert/MANN-FILTER/W712/12"
"EL51212","W712/12","Oil Filter","VAUXHALL","7884256","https://www.oilfilter-crossreference.com/convert/MANN-FILTER/W712/12"
"EL51212","W712/12","Oil Filter","VAUXHALL","7965051","https://www.oilfilter-crossreference.com/convert/MANN-FILTER/W712/12"
"EL51212","W712/12","Oil Filter","VAUXHALL","7973235","https://www.oilfilter-crossreference.com/convert/MANN-FILTER/W712/12"
"EL51212","W712/12","Oil Filter","VAUXHALL","7973429","https://www.oilfilter-crossreference.com/convert/MANN-FILTER/W712/12"
"EL51212","W712/12","Oil Filter","VAUXHALL","7984256","https://www.oilfilter-crossreference.com/convert/MANN-FILTER/W712/12"
"EL51212","W712/12","Oil Filter","VAUXHALL","90027778","https://www.oilfilter-crossreference.com/convert/MANN-FILTER/W712/12"
"EL51212","W712/12","Oil Filter","VAUXHALL","93156299","https://www.oilfilter-crossreference.com/convert/MANN-FILTER/W712/12"
"EL51212","W712/12","Oil Filter","VAUXHALL","VOF136","https://www.oilfilter-crossreference.com/convert/MANN-FILTER/W712/12"
"EL51212","W712/12","Oil Filter","VW","034 115 561A","https://www.oilfilter-crossreference.com/convert/MANN-FILTER/W712/12"
"EL51212","W712/12","Oil Filter","VW","035 115 561","https://www.oilfilter-crossreference.com/convert/MANN-FILTER/W712/12"
"EL51212","W712/12","Oil Filter","VW","037 115 561","https://www.oilfilter-crossreference.com/convert/MANN-FILTER/W712/12"
"EL51212","W712/12","Oil Filter","VW","056 115 561","https://www.oilfilter-crossreference.com/convert/MANN-FILTER/W712/12"
"EL51212","W712/12","Oil Filter","VW","056 115 561A","https://www.oilfilter-crossreference.com/convert/MANN-FILTER/W712/12"
"EL51212","W712/12","Oil Filter","VW","056 115 561B","https://www.oilfilter-crossreference.com/convert/MANN-FILTER/W712/12"
"EL51212","W712/12","Oil Filter","VW","056 115 561C","https://www.oilfilter-crossreference.com/convert/MANN-FILTER/W712/12"
"EL51212","W712/12","Oil Filter","VW","056 115 561G","https://www.oilfilter-crossreference.com/convert/MANN-FILTER/W712/12"
"EL51212","W712/12","Oil Filter","VW","059 115 561A","https://www.oilfilter-crossreference.com/convert/MANN-FILTER/W712/12"
"EL51212","W712/12","Oil Filter","VW","059 115 561B","https://www.oilfilter-crossreference.com/convert/MANN-FILTER/W712/12"
"EL51212","W712/12","Oil Filter","VW","059 115 561C","https://www.oilfilter-crossreference.com/convert/MANN-FILTER/W712/12"
"EL51212","W712/12","Oil Filter","VW","06A 115 561","https://www.oilfilter-crossreference.com/convert/MANN-FILTER/W712/12"
"EL51212","W712/12","Oil Filter","VW","06A 115 561B","https://www.oilfilter-crossreference.com/convert/MANN-FILTER/W712/12"
"EL51212","W712/12","Oil Filter","VW","070 115 561","https://www.oilfilter-crossreference.com/convert/MANN-FILTER/W712/12"
"EL51212","W712/12","Oil Filter","VW","931 107 701 00","https://www.oilfilter-crossreference.com/convert/MANN-FILTER/W712/12"
"EL51214","W712/14","Oil Filter","BMW","11 42 1 266 773","https://www.oilfilter-crossreference.com/convert/MANN-FILTER/W712/14"
"EL51214","W712/14","Oil Filter","BMW","11 42 9 061 198","https://www.oilfilter-crossreference.com/convert/MANN-FILTER/W712/14"
"EL51214","W712/14","Oil Filter","CHRYSLER","3232126","https://www.oilfilter-crossreference.com/convert/MANN-FILTER/W712/14"
"EL51214","W712/14","Oil Filter","CHRYSLER","3250334","https://www.oilfilter-crossreference.com/convert/MANN-FILTER/W712/14"
"EL51214","W712/14","Oil Filter","CHRYSLER","5203217","https://www.oilfilter-crossreference.com/convert/MANN-FILTER/W712/14"
"EL51214","W712/14","Oil Filter","CHRYSLER","72674028","https://www.oilfilter-crossreference.com/convert/MANN-FILTER/W712/14"
"EL51214","W712/14","Oil Filter","CHRYSLER","8127168","https://www.oilfilter-crossreference.com/convert/MANN-FILTER/W712/14"
"EL51214","W712/14","Oil Filter","CHRYSLER","J3232126","https://www.oilfilter-crossreference.com/convert/MANN-FILTER/W712/14"
"EL51214","W712/14","Oil Filter","CHRYSLER","J3250334","https://www.oilfilter-crossreference.com/convert/MANN-FILTER/W712/14"
"EL51214","W712/14","Oil Filter","CHRYSLER","J8127168","https://www.oilfilter-crossreference.com/convert/MANN-FILTER/W712/14"
"EL51214","W712/14","Oil Filter","CITROEN","MLS000-155","https://www.oilfilter-crossreference.com/convert/MANN-FILTER/W712/14"
"EL51214","W712/14","Oil Filter","CITROEN","MLS000155","https://www.oilfilter-crossreference.com/convert/MANN-FILTER/W712/14"
"EL51214","W712/14","Oil Filter","FORD","1457512","https://www.oilfilter-crossreference.com/convert/MANN-FILTER/W712/14"
"EL51214","W712/14","Oil Filter","FORD","1462805","https://www.oilfilter-crossreference.com/convert/MANN-FILTER/W712/14"
"EL51214","W712/14","Oil Filter","FORD","1498014","https://www.oilfilter-crossreference.com/convert/MANN-FILTER/W712/14"
"EL51214","W712/14","Oil Filter","FORD","1536304","https://www.oilfilter-crossreference.com/convert/MANN-FILTER/W712/14"
"EL51214","W712/14","Oil Filter","FORD","1553370","https://www.oilfilter-crossreference.com/convert/MANN-FILTER/W712/14"
"EL51214","W712/14","Oil Filter","FORD","1555370","https://www.oilfilter-crossreference.com/convert/MANN-FILTER/W712/14"
"EL51214","W712/14","Oil Filter","FORD","1559937","https://www.oilfilter-crossreference.com/convert/MANN-FILTER/W712/14"
"EL51214","W712/14","Oil Filter","FORD","2735E-6714-B","https://www.oilfilter-crossreference.com/convert/MANN-FILTER/W712/14"
"EL51214","W712/14","Oil Filter","FORD","5002530","https://www.oilfilter-crossreference.com/convert/MANN-FILTER/W712/14"
"EL51214","W712/14","Oil Filter","FORD","5003329","https://www.oilfilter-crossreference.com/convert/MANN-FILTER/W712/14"
"EL51214","W712/14","Oil Filter","FORD","5003331","https://www.oilfilter-crossreference.com/convert/MANN-FILTER/W712/14"
"EL51214","W712/14","Oil Filter","FORD","5003930","https://www.oilfilter-crossreference.com/convert/MANN-FILTER/W712/14"
"EL51214","W712/14","Oil Filter","FORD","5003968","https://www.oilfilter-crossreference.com/convert/MANN-FILTER/W712/14"
"EL51214","W712/14","Oil Filter","FORD","5004926","https://www.oilfilter-crossreference.com/convert/MANN-FILTER/W712/14"
"EL51214","W712/14","Oil Filter","FORD","5011780","https://www.oilfilter-crossreference.com/convert/MANN-FILTER/W712/14"
"EL51214","W712/14","Oil Filter","FORD","5011782","https://www.oilfilter-crossreference.com/convert/MANN-FILTER/W712/14"
"EL51214","W712/14","Oil Filter","FORD","5013143","https://www.oilfilter-crossreference.com/convert/MANN-FILTER/W712/14"
"EL51214","W712/14","Oil Filter","FORD","5013319","https://www.oilfilter-crossreference.com/convert/MANN-FILTER/W712/14"
"EL51214","W712/14","Oil Filter","FORD","6041176","https://www.oilfilter-crossreference.com/convert/MANN-FILTER/W712/14"
"EL51214","W712/14","Oil Filter","FORD","691M-6714A/A","https://www.oilfilter-crossreference.com/convert/MANN-FILTER/W712/14"
"EL51214","W712/14","Oil Filter","FORD","77BM-6714-AA","https://www.oilfilter-crossreference.com/convert/MANN-FILTER/W712/14"
"EL51214","W712/14","Oil Filter","FORD","77BM-6714-C1A","https://www.oilfilter-crossreference.com/convert/MANN-FILTER/W712/14"
"EL51214","W712/14","Oil Filter","FORD","A700X6714AA","https://www.oilfilter-crossreference.com/convert/MANN-FILTER/W712/14"
"EL51214","W712/14","Oil Filter","FORD","A760X6714KA","https://www.oilfilter-crossreference.com/convert/MANN-FILTER/W712/14"
"EL51214","W712/14","Oil Filter","FORD","D0RY-6731-A","https://www.oilfilter-crossreference.com/convert/MANN-FILTER/W712/14"
"EL51214","W712/14","Oil Filter","FORD","D1PJ-6714-AA","https://www.oilfilter-crossreference.com/convert/MANN-FILTER/W712/14"
"EL51214","W712/14","Oil Filter","FORD","D1PZ-6731-A","https://www.oilfilter-crossreference.com/convert/MANN-FILTER/W712/14"
"EL51214","W712/14","Oil Filter","GENERAL-MOTORS","19160691","https://www.oilfilter-crossreference.com/convert/MANN-FILTER/W712/14"
"EL51214","W712/14","Oil Filter","GENERAL-MOTORS","19160694","https://www.oilfilter-crossreference.com/convert/MANN-FILTER/W712/14"
"EL51214","W712/14","Oil Filter","GENERAL-MOTORS","2-866-477","https://www.oilfilter-crossreference.com/convert/MANN-FILTER/W712/14"
"EL51214","W712/14","Oil Filter","GENERAL-MOTORS","6438162","https://www.oilfilter-crossreference.com/convert/MANN-FILTER/W712/14"
"EL51214","W712/14","Oil Filter","GENERAL-MOTORS","6439109","https://www.oilfilter-crossreference.com/convert/MANN-FILTER/W712/14"
"EL51214","W712/14","Oil Filter","GENERAL-MOTORS","650352","https://www.oilfilter-crossreference.com/convert/MANN-FILTER/W712/14"
"EL51214","W712/14","Oil Filter","GENERAL-MOTORS","7965051","https://www.oilfilter-crossreference.com/convert/MANN-FILTER/W712/14"
"EL51214","W712/14","Oil Filter","GENERAL-MOTORS","7976051","https://www.oilfilter-crossreference.com/convert/MANN-FILTER/W712/14"
"EL51214","W712/14","Oil Filter","GENERAL-MOTORS","7984225","https://www.oilfilter-crossreference.com/convert/MANN-FILTER/W712/14"
"EL51214","W712/14","Oil Filter","GENERAL-MOTORS","7984256","https://www.oilfilter-crossreference.com/convert/MANN-FILTER/W712/14"
"EL51214","W712/14","Oil Filter","GENERAL-MOTORS","90027778","https://www.oilfilter-crossreference.com/convert/MANN-FILTER/W712/14"
"EL51214","W712/14","Oil Filter","GENERAL-MOTORS","93156299","https://www.oilfilter-crossreference.com/convert/MANN-FILTER/W712/14"
"EL51214","W712/14","Oil Filter","GENERAL-MOTORS","93156958","https://www.oilfilter-crossreference.com/convert/MANN-FILTER/W712/14"
"EL51214","W712/14","Oil Filter","MITSUBISHI","J3232126","https://www.oilfilter-crossreference.com/convert/MANN-FILTER/W712/14"
"EL51214","W712/14","Oil Filter","MITSUBISHI","J3250334","https://www.oilfilter-crossreference.com/convert/MANN-FILTER/W712/14"
"EL51214","W712/14","Oil Filter","MITSUBISHI","N152H1010","https://www.oilfilter-crossreference.com/convert/MANN-FILTER/W712/14"
"EL51214","W712/14","Oil Filter","NISSAN","15208-H1010","https://www.oilfilter-crossreference.com/convert/MANN-FILTER/W712/14"
"EL51214","W712/14","Oil Filter","NISSAN","15208-H1011","https://www.oilfilter-crossreference.com/convert/MANN-FILTER/W712/14"
"EL51214","W712/14","Oil Filter","OPEL","09281199","https://www.oilfilter-crossreference.com/convert/MANN-FILTER/W712/14"
"EL51214","W712/14","Oil Filter","OPEL","2-866-477","https://www.oilfilter-crossreference.com/convert/MANN-FILTER/W712/14"
"EL51214","W712/14","Oil Filter","OPEL","2866477/VP","https://www.oilfilter-crossreference.com/convert/MANN-FILTER/W712/14"
"EL51214","W712/14","Oil Filter","OPEL","2866477VP","https://www.oilfilter-crossreference.com/convert/MANN-FILTER/W712/14"
"EL51214","W712/14","Oil Filter","OPEL","650352","https://www.oilfilter-crossreference.com/convert/MANN-FILTER/W712/14"
"EL51214","W712/14","Oil Filter","OPEL","650364","https://www.oilfilter-crossreference.com/convert/MANN-FILTER/W712/14"
"EL51214","W712/14","Oil Filter","OPEL","650365","https://www.oilfilter-crossreference.com/convert/MANN-FILTER/W712/14"
"EL51214","W712/14","Oil Filter","OPEL","650370","https://www.oilfilter-crossreference.com/convert/MANN-FILTER/W712/14"
"EL51214","W712/14","Oil Filter","OPEL","650371","https://www.oilfilter-crossreference.com/convert/MANN-FILTER/W712/14"
"EL51214","W712/14","Oil Filter","OPEL","650373","https://www.oilfilter-crossreference.com/convert/MANN-FILTER/W712/14"
"EL51214","W712/14","Oil Filter","OPEL","650400","https://www.oilfilter-crossreference.com/convert/MANN-FILTER/W712/14"
"EL51214","W712/14","Oil Filter","OPEL","7976051","https://www.oilfilter-crossreference.com/convert/MANN-FILTER/W712/14"
"EL51214","W712/14","Oil Filter","OPEL","90027778","https://www.oilfilter-crossreference.com/convert/MANN-FILTER/W712/14"
"EL51214","W712/14","Oil Filter","OPEL","9281199","https://www.oilfilter-crossreference.com/convert/MANN-FILTER/W712/14"
"EL51214","W712/14","Oil Filter","OPEL","VOF136","https://www.oilfilter-crossreference.com/convert/MANN-FILTER/W712/14"
"EL51214","W712/14","Oil Filter","OE","OF-1055","https://www.oilfilter-crossreference.com/convert/MANN-FILTER/W712/14"
"EL51214","W712/14","Oil Filter","OE","OF-1065","https://www.oilfilter-crossreference.com/convert/MANN-FILTER/W712/14"
"EL51214","W712/14","Oil Filter","OE","OF-250","https://www.oilfilter-crossreference.com/convert/MANN-FILTER/W712/14"
"EL51214","W712/14","Oil Filter","PEUGEOT","1109C5","https://www.oilfilter-crossreference.com/convert/MANN-FILTER/W712/14"
"EL51214","W712/14","Oil Filter","VAUXHALL","650364","https://www.oilfilter-crossreference.com/convert/MANN-FILTER/W712/14"
"EL51214","W712/14","Oil Filter","VAUXHALL","650365","https://www.oilfilter-crossreference.com/convert/MANN-FILTER/W712/14"
"EL51214","W712/14","Oil Filter","VAUXHALL","6696776","https://www.oilfilter-crossreference.com/convert/MANN-FILTER/W712/14"
"EL51214","W712/14","Oil Filter","VAUXHALL","7884256","https://www.oilfilter-crossreference.com/convert/MANN-FILTER/W712/14"
"EL51214","W712/14","Oil Filter","VAUXHALL","7965051","https://www.oilfilter-crossreference.com/convert/MANN-FILTER/W712/14"
"EL51214","W712/14","Oil Filter","VAUXHALL","7973235","https://www.oilfilter-crossreference.com/convert/MANN-FILTER/W712/14"
"EL51214","W712/14","Oil Filter","VAUXHALL","7973429","https://www.oilfilter-crossreference.com/convert/MANN-FILTER/W712/14"
"EL51214","W712/14","Oil Filter","VAUXHALL","7984256","https://www.oilfilter-crossreference.com/convert/MANN-FILTER/W712/14"
"EL51214","W712/14","Oil Filter","VAUXHALL","90027778","https://www.oilfilter-crossreference.com/convert/MANN-FILTER/W712/14"
"EL51214","W712/14","Oil Filter","VAUXHALL","93156299","https://www.oilfilter-crossreference.com/convert/MANN-FILTER/W712/14"
"EL51214","W712/14","Oil Filter","VAUXHALL","VOF136","https://www.oilfilter-crossreference.com/convert/MANN-FILTER/W712/14"
"EL51214","W712/14","Oil Filter","VW","034 115 561A","https://www.oilfilter-crossreference.com/convert/MANN-FILTER/W712/14"
"EL51214","W712/14","Oil Filter","VW","035 115 561","https://www.oilfilter-crossreference.com/convert/MANN-FILTER/W712/14"
"EL51214","W712/14","Oil Filter","VW","037 115 561","https://www.oilfilter-crossreference.com/convert/MANN-FILTER/W712/14"
"EL51214","W712/14","Oil Filter","VW","056 115 561","https://www.oilfilter-crossreference.com/convert/MANN-FILTER/W712/14"
"EL51214","W712/14","Oil Filter","VW","056 115 561A","https://www.oilfilter-crossreference.com/convert/MANN-FILTER/W712/14"
"EL51214","W712/14","Oil Filter","VW","056 115 561B","https://www.oilfilter-crossreference.com/convert/MANN-FILTER/W712/14"
"EL51214","W712/14","Oil Filter","VW","056 115 561C","https://www.oilfilter-crossreference.com/convert/MANN-FILTER/W712/14"
"EL51214","W712/14","Oil Filter","VW","056 115 561G","https://www.oilfilter-crossreference.com/convert/MANN-FILTER/W712/14"
"EL51214","W712/14","Oil Filter","VW","059 115 561A","https://www.oilfilter-crossreference.com/convert/MANN-FILTER/W712/14"
"EL51214","W712/14","Oil Filter","VW","059 115 561B","https://www.oilfilter-crossreference.com/convert/MANN-FILTER/W712/14"
"EL51214","W712/14","Oil Filter","VW","059 115 561C","https://www.oilfilter-crossreference.com/convert/MANN-FILTER/W712/14"
"EL51214","W712/14","Oil Filter","VW","06A 115 561","https://www.oilfilter-crossreference.com/convert/MANN-FILTER/W712/14"
"EL51214","W712/14","Oil Filter","VW","06A 115 561B","https://www.oilfilter-crossreference.com/convert/MANN-FILTER/W712/14"
"EL51214","W712/14","Oil Filter","VW","070 115 561","https://www.oilfilter-crossreference.com/convert/MANN-FILTER/W712/14"
"EL51214","W712/14","Oil Filter","VW","931 107 701 00","https://www.oilfilter-crossreference.com/convert/MANN-FILTER/W712/14"
"EL51218","W712/18","Oil Filter","BMW","11 42 1 266 773","https://www.oilfilter-crossreference.com/convert/MANN-FILTER/W712/18"
"EL51218","W712/18","Oil Filter","BMW","11 42 9 061 198","https://www.oilfilter-crossreference.com/convert/MANN-FILTER/W712/18"
"EL51218","W712/18","Oil Filter","CHRYSLER","3232126","https://www.oilfilter-crossreference.com/convert/MANN-FILTER/W712/18"
"EL51218","W712/18","Oil Filter","CHRYSLER","3250334","https://www.oilfilter-crossreference.com/convert/MANN-FILTER/W712/18"
"EL51218","W712/18","Oil Filter","CHRYSLER","5203217","https://www.oilfilter-crossreference.com/convert/MANN-FILTER/W712/18"
"EL51218","W712/18","Oil Filter","CHRYSLER","72674028","https://www.oilfilter-crossreference.com/convert/MANN-FILTER/W712/18"
"EL51218","W712/18","Oil Filter","CHRYSLER","8127168","https://www.oilfilter-crossreference.com/convert/MANN-FILTER/W712/18"
"EL51218","W712/18","Oil Filter","CHRYSLER","J3232126","https://www.oilfilter-crossreference.com/convert/MANN-FILTER/W712/18"
"EL51218","W712/18","Oil Filter","CHRYSLER","J3250334","https://www.oilfilter-crossreference.com/convert/MANN-FILTER/W712/18"
"EL51218","W712/18","Oil Filter","CHRYSLER","J8127168","https://www.oilfilter-crossreference.com/convert/MANN-FILTER/W712/18"
"EL51218","W712/18","Oil Filter","CITROEN","MLS000-155","https://www.oilfilter-crossreference.com/convert/MANN-FILTER/W712/18"
"EL51218","W712/18","Oil Filter","CITROEN","MLS000155","https://www.oilfilter-crossreference.com/convert/MANN-FILTER/W712/18"
"EL51218","W712/18","Oil Filter","FORD","1457512","https://www.oilfilter-crossreference.com/convert/MANN-FILTER/W712/18"
"EL51218","W712/18","Oil Filter","FORD","1462805","https://www.oilfilter-crossreference.com/convert/MANN-FILTER/W712/18"
"EL51218","W712/18","Oil Filter","FORD","1498014","https://www.oilfilter-crossreference.com/convert/MANN-FILTER/W712/18"
"EL51218","W712/18","Oil Filter","FORD","1536304","https://www.oilfilter-crossreference.com/convert/MANN-FILTER/W712/18"
"EL51218","W712/18","Oil Filter","FORD","1553370","https://www.oilfilter-crossreference.com/convert/MANN-FILTER/W712/18"
"EL51218","W712/18","Oil Filter","FORD","1555370","https://www.oilfilter-crossreference.com/convert/MANN-FILTER/W712/18"
"EL51218","W712/18","Oil Filter","FORD","1559937","https://www.oilfilter-crossreference.com/convert/MANN-FILTER/W712/18"
"EL51218","W712/18","Oil Filter","FORD","2735E-6714-B","https://www.oilfilter-crossreference.com/convert/MANN-FILTER/W712/18"
"EL51218","W712/18","Oil Filter","FORD","5002530","https://www.oilfilter-crossreference.com/convert/MANN-FILTER/W712/18"
"EL51218","W712/18","Oil Filter","FORD","5003329","https://www.oilfilter-crossreference.com/convert/MANN-FILTER/W712/18"
"EL51218","W712/18","Oil Filter","FORD","5003331","https://www.oilfilter-crossreference.com/convert/MANN-FILTER/W712/18"
"EL51218","W712/18","Oil Filter","FORD","5003930","https://www.oilfilter-crossreference.com/convert/MANN-FILTER/W712/18"
"EL51218","W712/18","Oil Filter","FORD","5003968","https://www.oilfilter-crossreference.com/convert/MANN-FILTER/W712/18"
"EL51218","W712/18","Oil Filter","FORD","5004926","https://www.oilfilter-crossreference.com/convert/MANN-FILTER/W712/18"
"EL51218","W712/18","Oil Filter","FORD","5011780","https://www.oilfilter-crossreference.com/convert/MANN-FILTER/W712/18"
"EL51218","W712/18","Oil Filter","FORD","5011782","https://www.oilfilter-crossreference.com/convert/MANN-FILTER/W712/18"
"EL51218","W712/18","Oil Filter","FORD","5013143","https://www.oilfilter-crossreference.com/convert/MANN-FILTER/W712/18"
"EL51218","W712/18","Oil Filter","FORD","5013319","https://www.oilfilter-crossreference.com/convert/MANN-FILTER/W712/18"
"EL51218","W712/18","Oil Filter","FORD","6041176","https://www.oilfilter-crossreference.com/convert/MANN-FILTER/W712/18"
"EL51218","W712/18","Oil Filter","FORD","691M-6714A/A","https://www.oilfilter-crossreference.com/convert/MANN-FILTER/W712/18"
"EL51218","W712/18","Oil Filter","FORD","77BM-6714-AA","https://www.oilfilter-crossreference.com/convert/MANN-FILTER/W712/18"
"EL51218","W712/18","Oil Filter","FORD","77BM-6714-C1A","https://www.oilfilter-crossreference.com/convert/MANN-FILTER/W712/18"
"EL51218","W712/18","Oil Filter","FORD","A700X6714AA","https://www.oilfilter-crossreference.com/convert/MANN-FILTER/W712/18"
"EL51218","W712/18","Oil Filter","FORD","A760X6714KA","https://www.oilfilter-crossreference.com/convert/MANN-FILTER/W712/18"
"EL51218","W712/18","Oil Filter","FORD","D0RY-6731-A","https://www.oilfilter-crossreference.com/convert/MANN-FILTER/W712/18"
"EL51218","W712/18","Oil Filter","FORD","D1PJ-6714-AA","https://www.oilfilter-crossreference.com/convert/MANN-FILTER/W712/18"
"EL51218","W712/18","Oil Filter","FORD","D1PZ-6731-A","https://www.oilfilter-crossreference.com/convert/MANN-FILTER/W712/18"
"EL51218","W712/18","Oil Filter","GENERAL-MOTORS","19160691","https://www.oilfilter-crossreference.com/convert/MANN-FILTER/W712/18"
"EL51218","W712/18","Oil Filter","GENERAL-MOTORS","19160694","https://www.oilfilter-crossreference.com/convert/MANN-FILTER/W712/18"
"EL51218","W712/18","Oil Filter","GENERAL-MOTORS","2-866-477","https://www.oilfilter-crossreference.com/convert/MANN-FILTER/W712/18"
"EL51218","W712/18","Oil Filter","GENERAL-MOTORS","6438162","https://www.oilfilter-crossreference.com/convert/MANN-FILTER/W712/18"
"EL51218","W712/18","Oil Filter","GENERAL-MOTORS","6439109","https://www.oilfilter-crossreference.com/convert/MANN-FILTER/W712/18"
"EL51218","W712/18","Oil Filter","GENERAL-MOTORS","650352","https://www.oilfilter-crossreference.com/convert/MANN-FILTER/W712/18"
"EL51218","W712/18","Oil Filter","GENERAL-MOTORS","7965051","https://www.oilfilter-crossreference.com/convert/MANN-FILTER/W712/18"
"EL51218","W712/18","Oil Filter","GENERAL-MOTORS","7976051","https://www.oilfilter-crossreference.com/convert/MANN-FILTER/W712/18"
"EL51218","W712/18","Oil Filter","GENERAL-MOTORS","7984225","https://www.oilfilter-crossreference.com/convert/MANN-FILTER/W712/18"
"EL51218","W712/18","Oil Filter","GENERAL-MOTORS","7984256","https://www.oilfilter-crossreference.com/convert/MANN-FILTER/W712/18"
"EL51218","W712/18","Oil Filter","GENERAL-MOTORS","90027778","https://www.oilfilter-crossreference.com/convert/MANN-FILTER/W712/18"
"EL51218","W712/18","Oil Filter","GENERAL-MOTORS","93156299","https://www.oilfilter-crossreference.com/convert/MANN-FILTER/W712/18"
"EL51218","W712/18","Oil Filter","GENERAL-MOTORS","93156958","https://www.oilfilter-crossreference.com/convert/MANN-FILTER/W712/18"
"EL51218","W712/18","Oil Filter","MITSUBISHI","J3232126","https://www.oilfilter-crossreference.com/convert/MANN-FILTER/W712/18"
"EL51218","W712/18","Oil Filter","MITSUBISHI","J3250334","https://www.oilfilter-crossreference.com/convert/MANN-FILTER/W712/18"
"EL51218","W712/18","Oil Filter","MITSUBISHI","N152H1010","https://www.oilfilter-crossreference.com/convert/MANN-FILTER/W712/18"
"EL51218","W712/18","Oil Filter","NISSAN","15208-H1010","https://www.oilfilter-crossreference.com/convert/MANN-FILTER/W712/18"
"EL51218","W712/18","Oil Filter","NISSAN","15208-H1011","https://www.oilfilter-crossreference.com/convert/MANN-FILTER/W712/18"
"EL51218","W712/18","Oil Filter","OPEL","09281199","https://www.oilfilter-crossreference.com/convert/MANN-FILTER/W712/18"
"EL51218","W712/18","Oil Filter","OPEL","2-866-477","https://www.oilfilter-crossreference.com/convert/MANN-FILTER/W712/18"
"EL51218","W712/18","Oil Filter","OPEL","2866477/VP","https://www.oilfilter-crossreference.com/convert/MANN-FILTER/W712/18"
"EL51218","W712/18","Oil Filter","OPEL","2866477VP","https://www.oilfilter-crossreference.com/convert/MANN-FILTER/W712/18"
"EL51218","W712/18","Oil Filter","OPEL","650352","https://www.oilfilter-crossreference.com/convert/MANN-FILTER/W712/18"
"EL51218","W712/18","Oil Filter","OPEL","650364","https://www.oilfilter-crossreference.com/convert/MANN-FILTER/W712/18"
"EL51218","W712/18","Oil Filter","OPEL","650365","https://www.oilfilter-crossreference.com/convert/MANN-FILTER/W712/18"
"EL51218","W712/18","Oil Filter","OPEL","650370","https://www.oilfilter-crossreference.com/convert/MANN-FILTER/W712/18"
"EL51218","W712/18","Oil Filter","OPEL","650371","https://www.oilfilter-crossreference.com/convert/MANN-FILTER/W712/18"
"EL51218","W712/18","Oil Filter","OPEL","650373","https://www.oilfilter-crossreference.com/convert/MANN-FILTER/W712/18"
"EL51218","W712/18","Oil Filter","OPEL","650400","https://www.oilfilter-crossreference.com/convert/MANN-FILTER/W712/18"
"EL51218","W712/18","Oil Filter","OPEL","7976051","https://www.oilfilter-crossreference.com/convert/MANN-FILTER/W712/18"
"EL51218","W712/18","Oil Filter","OPEL","90027778","https://www.oilfilter-crossreference.com/convert/MANN-FILTER/W712/18"
"EL51218","W712/18","Oil Filter","OPEL","9281199","https://www.oilfilter-crossreference.com/convert/MANN-FILTER/W712/18"
"EL51218","W712/18","Oil Filter","OPEL","VOF136","https://www.oilfilter-crossreference.com/convert/MANN-FILTER/W712/18"
"EL51218","W712/18","Oil Filter","OE","OF-1055","https://www.oilfilter-crossreference.com/convert/MANN-FILTER/W712/18"
"EL51218","W712/18","Oil Filter","OE","OF-1065","https://www.oilfilter-crossreference.com/convert/MANN-FILTER/W712/18"
"EL51218","W712/18","Oil Filter","OE","OF-250","https://www.oilfilter-crossreference.com/convert/MANN-FILTER/W712/18"
"EL51218","W712/18","Oil Filter","PEUGEOT","1109C5","https://www.oilfilter-crossreference.com/convert/MANN-FILTER/W712/18"
"EL51218","W712/18","Oil Filter","VAUXHALL","650364","https://www.oilfilter-crossreference.com/convert/MANN-FILTER/W712/18"
"EL51218","W712/18","Oil Filter","VAUXHALL","650365","https://www.oilfilter-crossreference.com/convert/MANN-FILTER/W712/18"
"EL51218","W712/18","Oil Filter","VAUXHALL","6696776","https://www.oilfilter-crossreference.com/convert/MANN-FILTER/W712/18"
"EL51218","W712/18","Oil Filter","VAUXHALL","7884256","https://www.oilfilter-crossreference.com/convert/MANN-FILTER/W712/18"
"EL51218","W712/18","Oil Filter","VAUXHALL","7965051","https://www.oilfilter-crossreference.com/convert/MANN-FILTER/W712/18"
"EL51218","W712/18","Oil Filter","VAUXHALL","7973235","https://www.oilfilter-crossreference.com/convert/MANN-FILTER/W712/18"
"EL51218","W712/18","Oil Filter","VAUXHALL","7973429","https://www.oilfilter-crossreference.com/convert/MANN-FILTER/W712/18"
"EL51218","W712/18","Oil Filter","VAUXHALL","7984256","https://www.oilfilter-crossreference.com/convert/MANN-FILTER/W712/18"
"EL51218","W712/18","Oil Filter","VAUXHALL","90027778","https://www.oilfilter-crossreference.com/convert/MANN-FILTER/W712/18"
"EL51218","W712/18","Oil Filter","VAUXHALL","93156299","https://www.oilfilter-crossreference.com/convert/MANN-FILTER/W712/18"
"EL51218","W712/18","Oil Filter","VAUXHALL","VOF136","https://www.oilfilter-crossreference.com/convert/MANN-FILTER/W712/18"
"EL51218","W712/18","Oil Filter","VW","034 115 561A","https://www.oilfilter-crossreference.com/convert/MANN-FILTER/W712/18"
"EL51218","W712/18","Oil Filter","VW","035 115 561","https://www.oilfilter-crossreference.com/convert/MANN-FILTER/W712/18"
"EL51218","W712/18","Oil Filter","VW","037 115 561","https://www.oilfilter-crossreference.com/convert/MANN-FILTER/W712/18"
"EL51218","W712/18","Oil Filter","VW","056 115 561","https://www.oilfilter-crossreference.com/convert/MANN-FILTER/W712/18"
"EL51218","W712/18","Oil Filter","VW","056 115 561A","https://www.oilfilter-crossreference.com/convert/MANN-FILTER/W712/18"
"EL51218","W712/18","Oil Filter","VW","056 115 561B","https://www.oilfilter-crossreference.com/convert/MANN-FILTER/W712/18"
"EL51218","W712/18","Oil Filter","VW","056 115 561C","https://www.oilfilter-crossreference.com/convert/MANN-FILTER/W712/18"
"EL51218","W712/18","Oil Filter","VW","056 115 561G","https://www.oilfilter-crossreference.com/convert/MANN-FILTER/W712/18"
"EL51218","W712/18","Oil Filter","VW","059 115 561A","https://www.oilfilter-crossreference.com/convert/MANN-FILTER/W712/18"
"EL51218","W712/18","Oil Filter","VW","059 115 561B","https://www.oilfilter-crossreference.com/convert/MANN-FILTER/W712/18"
"EL51218","W712/18","Oil Filter","VW","059 115 561C","https://www.oilfilter-crossreference.com/convert/MANN-FILTER/W712/18"
"EL51218","W712/18","Oil Filter","VW","06A 115 561","https://www.oilfilter-crossreference.com/convert/MANN-FILTER/W712/18"
"EL51218","W712/18","Oil Filter","VW","06A 115 561B","https://www.oilfilter-crossreference.com/convert/MANN-FILTER/W712/18"
"EL51218","W712/18","Oil Filter","VW","070 115 561","https://www.oilfilter-crossreference.com/convert/MANN-FILTER/W712/18"
"EL51218","W712/18","Oil Filter","VW","931 107 701 00","https://www.oilfilter-crossreference.com/convert/MANN-FILTER/W712/18"
"EL51219","W712/19","Oil Filter","BMW","11 42 1 266 773","https://www.oilfilter-crossreference.com/convert/MANN-FILTER/W712/19"
"EL51219","W712/19","Oil Filter","BMW","11 42 9 061 198","https://www.oilfilter-crossreference.com/convert/MANN-FILTER/W712/19"
"EL51219","W712/19","Oil Filter","CHRYSLER","3232126","https://www.oilfilter-crossreference.com/convert/MANN-FILTER/W712/19"
"EL51219","W712/19","Oil Filter","CHRYSLER","3250334","https://www.oilfilter-crossreference.com/convert/MANN-FILTER/W712/19"
"EL51219","W712/19","Oil Filter","CHRYSLER","5203217","https://www.oilfilter-crossreference.com/convert/MANN-FILTER/W712/19"
"EL51219","W712/19","Oil Filter","CHRYSLER","72674028","https://www.oilfilter-crossreference.com/convert/MANN-FILTER/W712/19"
"EL51219","W712/19","Oil Filter","CHRYSLER","8127168","https://www.oilfilter-crossreference.com/convert/MANN-FILTER/W712/19"
"EL51219","W712/19","Oil Filter","CHRYSLER","J3232126","https://www.oilfilter-crossreference.com/convert/MANN-FILTER/W712/19"
"EL51219","W712/19","Oil Filter","CHRYSLER","J3250334","https://www.oilfilter-crossreference.com/convert/MANN-FILTER/W712/19"
"EL51219","W712/19","Oil Filter","CHRYSLER","J8127168","https://www.oilfilter-crossreference.com/convert/MANN-FILTER/W712/19"
"EL51219","W712/19","Oil Filter","CITROEN","MLS000-155","https://www.oilfilter-crossreference.com/convert/MANN-FILTER/W712/19"
"EL51219","W712/19","Oil Filter","CITROEN","MLS000155","https://www.oilfilter-crossreference.com/convert/MANN-FILTER/W712/19"
"EL51219","W712/19","Oil Filter","FORD","1457512","https://www.oilfilter-crossreference.com/convert/MANN-FILTER/W712/19"
"EL51219","W712/19","Oil Filter","FORD","1462805","https://www.oilfilter-crossreference.com/convert/MANN-FILTER/W712/19"
"EL51219","W712/19","Oil Filter","FORD","1498014","https://www.oilfilter-crossreference.com/convert/MANN-FILTER/W712/19"
"EL51219","W712/19","Oil Filter","FORD","1536304","https://www.oilfilter-crossreference.com/convert/MANN-FILTER/W712/19"
"EL51219","W712/19","Oil Filter","FORD","1553370","https://www.oilfilter-crossreference.com/convert/MANN-FILTER/W712/19"
"EL51219","W712/19","Oil Filter","FORD","1555370","https://www.oilfilter-crossreference.com/convert/MANN-FILTER/W712/19"
"EL51219","W712/19","Oil Filter","FORD","1559937","https://www.oilfilter-crossreference.com/convert/MANN-FILTER/W712/19"
"EL51219","W712/19","Oil Filter","FORD","2735E-6714-B","https://www.oilfilter-crossreference.com/convert/MANN-FILTER/W712/19"
"EL51219","W712/19","Oil Filter","FORD","5002530","https://www.oilfilter-crossreference.com/convert/MANN-FILTER/W712/19"
"EL51219","W712/19","Oil Filter","FORD","5003329","https://www.oilfilter-crossreference.com/convert/MANN-FILTER/W712/19"
"EL51219","W712/19","Oil Filter","FORD","5003331","https://www.oilfilter-crossreference.com/convert/MANN-FILTER/W712/19"
"EL51219","W712/19","Oil Filter","FORD","5003930","https://www.oilfilter-crossreference.com/convert/MANN-FILTER/W712/19"
"EL51219","W712/19","Oil Filter","FORD","5003968","https://www.oilfilter-crossreference.com/convert/MANN-FILTER/W712/19"
"EL51219","W712/19","Oil Filter","FORD","5004926","https://www.oilfilter-crossreference.com/convert/MANN-FILTER/W712/19"
"EL51219","W712/19","Oil Filter","FORD","5011780","https://www.oilfilter-crossreference.com/convert/MANN-FILTER/W712/19"
"EL51219","W712/19","Oil Filter","FORD","5011782","https://www.oilfilter-crossreference.com/convert/MANN-FILTER/W712/19"
"EL51219","W712/19","Oil Filter","FORD","5013143","https://www.oilfilter-crossreference.com/convert/MANN-FILTER/W712/19"
"EL51219","W712/19","Oil Filter","FORD","5013319","https://www.oilfilter-crossreference.com/convert/MANN-FILTER/W712/19"
"EL51219","W712/19","Oil Filter","FORD","6041176","https://www.oilfilter-crossreference.com/convert/MANN-FILTER/W712/19"
"EL51219","W712/19","Oil Filter","FORD","691M-6714A/A","https://www.oilfilter-crossreference.com/convert/MANN-FILTER/W712/19"
"EL51219","W712/19","Oil Filter","FORD","77BM-6714-AA","https://www.oilfilter-crossreference.com/convert/MANN-FILTER/W712/19"
"EL51219","W712/19","Oil Filter","FORD","77BM-6714-C1A","https://www.oilfilter-crossreference.com/convert/MANN-FILTER/W712/19"
"EL51219","W712/19","Oil Filter","FORD","A700X6714AA","https://www.oilfilter-crossreference.com/convert/MANN-FILTER/W712/19"
"EL51219","W712/19","Oil Filter","FORD","A760X6714KA","https://www.oilfilter-crossreference.com/convert/MANN-FILTER/W712/19"
"EL51219","W712/19","Oil Filter","FORD","D0RY-6731-A","https://www.oilfilter-crossreference.com/convert/MANN-FILTER/W712/19"
"EL51219","W712/19","Oil Filter","FORD","D1PJ-6714-AA","https://www.oilfilter-crossreference.com/convert/MANN-FILTER/W712/19"
"EL51219","W712/19","Oil Filter","FORD","D1PZ-6731-A","https://www.oilfilter-crossreference.com/convert/MANN-FILTER/W712/19"
"EL51219","W712/19","Oil Filter","GENERAL-MOTORS","19160691","https://www.oilfilter-crossreference.com/convert/MANN-FILTER/W712/19"
"EL51219","W712/19","Oil Filter","GENERAL-MOTORS","19160694","https://www.oilfilter-crossreference.com/convert/MANN-FILTER/W712/19"
"EL51219","W712/19","Oil Filter","GENERAL-MOTORS","2-866-477","https://www.oilfilter-crossreference.com/convert/MANN-FILTER/W712/19"
"EL51219","W712/19","Oil Filter","GENERAL-MOTORS","6438162","https://www.oilfilter-crossreference.com/convert/MANN-FILTER/W712/19"
"EL51219","W712/19","Oil Filter","GENERAL-MOTORS","6439109","https://www.oilfilter-crossreference.com/convert/MANN-FILTER/W712/19"
"EL51219","W712/19","Oil Filter","GENERAL-MOTORS","650352","https://www.oilfilter-crossreference.com/convert/MANN-FILTER/W712/19"
"EL51219","W712/19","Oil Filter","GENERAL-MOTORS","7965051","https://www.oilfilter-crossreference.com/convert/MANN-FILTER/W712/19"
"EL51219","W712/19","Oil Filter","GENERAL-MOTORS","7976051","https://www.oilfilter-crossreference.com/convert/MANN-FILTER/W712/19"
"EL51219","W712/19","Oil Filter","GENERAL-MOTORS","7984225","https://www.oilfilter-crossreference.com/convert/MANN-FILTER/W712/19"
"EL51219","W712/19","Oil Filter","GENERAL-MOTORS","7984256","https://www.oilfilter-crossreference.com/convert/MANN-FILTER/W712/19"
"EL51219","W712/19","Oil Filter","GENERAL-MOTORS","90027778","https://www.oilfilter-crossreference.com/convert/MANN-FILTER/W712/19"
"EL51219","W712/19","Oil Filter","GENERAL-MOTORS","93156299","https://www.oilfilter-crossreference.com/convert/MANN-FILTER/W712/19"
"EL51219","W712/19","Oil Filter","GENERAL-MOTORS","93156958","https://www.oilfilter-crossreference.com/convert/MANN-FILTER/W712/19"
"EL51219","W712/19","Oil Filter","MITSUBISHI","J3232126","https://www.oilfilter-crossreference.com/convert/MANN-FILTER/W712/19"
"EL51219","W712/19","Oil Filter","MITSUBISHI","J3250334","https://www.oilfilter-crossreference.com/convert/MANN-FILTER/W712/19"
"EL51219","W712/19","Oil Filter","MITSUBISHI","N152H1010","https://www.oilfilter-crossreference.com/convert/MANN-FILTER/W712/19"
"EL51219","W712/19","Oil Filter","NISSAN","15208-H1010","https://www.oilfilter-crossreference.com/convert/MANN-FILTER/W712/19"
"EL51219","W712/19","Oil Filter","NISSAN","15208-H1011","https://www.oilfilter-crossreference.com/convert/MANN-FILTER/W712/19"
"EL51219","W712/19","Oil Filter","OPEL","09281199","https://www.oilfilter-crossreference.com/convert/MANN-FILTER/W712/19"
"EL51219","W712/19","Oil Filter","OPEL","2-866-477","https://www.oilfilter-crossreference.com/convert/MANN-FILTER/W712/19"
"EL51219","W712/19","Oil Filter","OPEL","2866477/VP","https://www.oilfilter-crossreference.com/convert/MANN-FILTER/W712/19"
"EL51219","W712/19","Oil Filter","OPEL","2866477VP","https://www.oilfilter-crossreference.com/convert/MANN-FILTER/W712/19"
"EL51219","W712/19","Oil Filter","OPEL","650352","https://www.oilfilter-crossreference.com/convert/MANN-FILTER/W712/19"
"EL51219","W712/19","Oil Filter","OPEL","650364","https://www.oilfilter-crossreference.com/convert/MANN-FILTER/W712/19"
"EL51219","W712/19","Oil Filter","OPEL","650365","https://www.oilfilter-crossreference.com/convert/MANN-FILTER/W712/19"
"EL51219","W712/19","Oil Filter","OPEL","650370","https://www.oilfilter-crossreference.com/convert/MANN-FILTER/W712/19"
"EL51219","W712/19","Oil Filter","OPEL","650371","https://www.oilfilter-crossreference.com/convert/MANN-FILTER/W712/19"
"EL51219","W712/19","Oil Filter","OPEL","650373","https://www.oilfilter-crossreference.com/convert/MANN-FILTER/W712/19"
"EL51219","W712/19","Oil Filter","OPEL","650400","https://www.oilfilter-crossreference.com/convert/MANN-FILTER/W712/19"
"EL51219","W712/19","Oil Filter","OPEL","7976051","https://www.oilfilter-crossreference.com/convert/MANN-FILTER/W712/19"
"EL51219","W712/19","Oil Filter","OPEL","90027778","https://www.oilfilter-crossreference.com/convert/MANN-FILTER/W712/19"
"EL51219","W712/19","Oil Filter","OPEL","9281199","https://www.oilfilter-crossreference.com/convert/MANN-FILTER/W712/19"
"EL51219","W712/19","Oil Filter","OPEL","VOF136","https://www.oilfilter-crossreference.com/convert/MANN-FILTER/W712/19"
"EL51219","W712/19","Oil Filter","OE","OF-1055","https://www.oilfilter-crossreference.com/convert/MANN-FILTER/W712/19"
"EL51219","W712/19","Oil Filter","OE","OF-1065","https://www.oilfilter-crossreference.com/convert/MANN-FILTER/W712/19"
"EL51219","W712/19","Oil Filter","OE","OF-250","https://www.oilfilter-crossreference.com/convert/MANN-FILTER/W712/19"
"EL51219","W712/19","Oil Filter","PEUGEOT","1109C5","https://www.oilfilter-crossreference.com/convert/MANN-FILTER/W712/19"
"EL51219","W712/19","Oil Filter","VAUXHALL","650364","https://www.oilfilter-crossreference.com/convert/MANN-FILTER/W712/19"
"EL51219","W712/19","Oil Filter","VAUXHALL","650365","https://www.oilfilter-crossreference.com/convert/MANN-FILTER/W712/19"
"EL51219","W712/19","Oil Filter","VAUXHALL","6696776","https://www.oilfilter-crossreference.com/convert/MANN-FILTER/W712/19"
"EL51219","W712/19","Oil Filter","VAUXHALL","7884256","https://www.oilfilter-crossreference.com/convert/MANN-FILTER/W712/19"
"EL51219","W712/19","Oil Filter","VAUXHALL","7965051","https://www.oilfilter-crossreference.com/convert/MANN-FILTER/W712/19"
"EL51219","W712/19","Oil Filter","VAUXHALL","7973235","https://www.oilfilter-crossreference.com/convert/MANN-FILTER/W712/19"
"EL51219","W712/19","Oil Filter","VAUXHALL","7973429","https://www.oilfilter-crossreference.com/convert/MANN-FILTER/W712/19"
"EL51219","W712/19","Oil Filter","VAUXHALL","7984256","https://www.oilfilter-crossreference.com/convert/MANN-FILTER/W712/19"
"EL51219","W712/19","Oil Filter","VAUXHALL","90027778","https://www.oilfilter-crossreference.com/convert/MANN-FILTER/W712/19"
"EL51219","W712/19","Oil Filter","VAUXHALL","93156299","https://www.oilfilter-crossreference.com/convert/MANN-FILTER/W712/19"
"EL51219","W712/19","Oil Filter","VAUXHALL","VOF136","https://www.oilfilter-crossreference.com/convert/MANN-FILTER/W712/19"
"EL51219","W712/19","Oil Filter","VW","034 115 561A","https://www.oilfilter-crossreference.com/convert/MANN-FILTER/W712/19"
"EL51219","W712/19","Oil Filter","VW","035 115 561","https://www.oilfilter-crossreference.com/convert/MANN-FILTER/W712/19"
"EL51219","W712/19","Oil Filter","VW","037 115 561","https://www.oilfilter-crossreference.com/convert/MANN-FILTER/W712/19"
"EL51219","W712/19","Oil Filter","VW","056 115 561","https://www.oilfilter-crossreference.com/convert/MANN-FILTER/W712/19"
"EL51219","W712/19","Oil Filter","VW","056 115 561A","https://www.oilfilter-crossreference.com/convert/MANN-FILTER/W712/19"
"EL51219","W712/19","Oil Filter","VW","056 115 561B","https://www.oilfilter-crossreference.com/convert/MANN-FILTER/W712/19"
"EL51219","W712/19","Oil Filter","VW","056 115 561C","https://www.oilfilter-crossreference.com/convert/MANN-FILTER/W712/19"
"EL51219","W712/19","Oil Filter","VW","056 115 561G","https://www.oilfilter-crossreference.com/convert/MANN-FILTER/W712/19"
"EL51219","W712/19","Oil Filter","VW","059 115 561A","https://www.oilfilter-crossreference.com/convert/MANN-FILTER/W712/19"
"EL51219","W712/19","Oil Filter","VW","059 115 561B","https://www.oilfilter-crossreference.com/convert/MANN-FILTER/W712/19"
"EL51219","W712/19","Oil Filter","VW","059 115 561C","https://www.oilfilter-crossreference.com/convert/MANN-FILTER/W712/19"
"EL51219","W712/19","Oil Filter","VW","06A 115 561","https://www.oilfilter-crossreference.com/convert/MANN-FILTER/W712/19"
"EL51219","W712/19","Oil Filter","VW","06A 115 561B","https://www.oilfilter-crossreference.com/convert/MANN-FILTER/W712/19"
"EL51219","W712/19","Oil Filter","VW","070 115 561","https://www.oilfilter-crossreference.com/convert/MANN-FILTER/W712/19"
"EL51219","W712/19","Oil Filter","VW","931 107 701 00","https://www.oilfilter-crossreference.com/convert/MANN-FILTER/W712/19"
"EL57121","W712/1N","Oil Filter","BMW","11 42 1 266 773","https://www.oilfilter-crossreference.com/convert/MANN-FILTER/W712/1N"
"EL57121","W712/1N","Oil Filter","BMW","11 42 9 061 198","https://www.oilfilter-crossreference.com/convert/MANN-FILTER/W712/1N"
"EL57121","W712/1N","Oil Filter","CHRYSLER","3232126","https://www.oilfilter-crossreference.com/convert/MANN-FILTER/W712/1N"
"EL57121","W712/1N","Oil Filter","CHRYSLER","3250334","https://www.oilfilter-crossreference.com/convert/MANN-FILTER/W712/1N"
"EL57121","W712/1N","Oil Filter","CHRYSLER","5203217","https://www.oilfilter-crossreference.com/convert/MANN-FILTER/W712/1N"
"EL57121","W712/1N","Oil Filter","CHRYSLER","72674028","https://www.oilfilter-crossreference.com/convert/MANN-FILTER/W712/1N"
"EL57121","W712/1N","Oil Filter","CHRYSLER","8127168","https://www.oilfilter-crossreference.com/convert/MANN-FILTER/W712/1N"
"EL57121","W712/1N","Oil Filter","CHRYSLER","J3232126","https://www.oilfilter-crossreference.com/convert/MANN-FILTER/W712/1N"
"EL57121","W712/1N","Oil Filter","CHRYSLER","J3250334","https://www.oilfilter-crossreference.com/convert/MANN-FILTER/W712/1N"
"EL57121","W712/1N","Oil Filter","CHRYSLER","J8127168","https://www.oilfilter-crossreference.com/convert/MANN-FILTER/W712/1N"
"EL57121","W712/1N","Oil Filter","CITROEN","MLS000-155","https://www.oilfilter-crossreference.com/convert/MANN-FILTER/W712/1N"
"EL57121","W712/1N","Oil Filter","CITROEN","MLS000155","https://www.oilfilter-crossreference.com/convert/MANN-FILTER/W712/1N"
"EL57121","W712/1N","Oil Filter","FORD","1457512","https://www.oilfilter-crossreference.com/convert/MANN-FILTER/W712/1N"
"EL57121","W712/1N","Oil Filter","FORD","1462805","https://www.oilfilter-crossreference.com/convert/MANN-FILTER/W712/1N"
"EL57121","W712/1N","Oil Filter","FORD","1498014","https://www.oilfilter-crossreference.com/convert/MANN-FILTER/W712/1N"
"EL57121","W712/1N","Oil Filter","FORD","1536304","https://www.oilfilter-crossreference.com/convert/MANN-FILTER/W712/1N"
"EL57121","W712/1N","Oil Filter","FORD","1553370","https://www.oilfilter-crossreference.com/convert/MANN-FILTER/W712/1N"
"EL57121","W712/1N","Oil Filter","FORD","1555370","https://www.oilfilter-crossreference.com/convert/MANN-FILTER/W712/1N"
"EL57121","W712/1N","Oil Filter","FORD","1559937","https://www.oilfilter-crossreference.com/convert/MANN-FILTER/W712/1N"
"EL57121","W712/1N","Oil Filter","FORD","2735E-6714-B","https://www.oilfilter-crossreference.com/convert/MANN-FILTER/W712/1N"
"EL57121","W712/1N","Oil Filter","FORD","5002530","https://www.oilfilter-crossreference.com/convert/MANN-FILTER/W712/1N"
"EL57121","W712/1N","Oil Filter","FORD","5003329","https://www.oilfilter-crossreference.com/convert/MANN-FILTER/W712/1N"
"EL57121","W712/1N","Oil Filter","FORD","5003331","https://www.oilfilter-crossreference.com/convert/MANN-FILTER/W712/1N"
"EL57121","W712/1N","Oil Filter","FORD","5003930","https://www.oilfilter-crossreference.com/convert/MANN-FILTER/W712/1N"
"EL57121","W712/1N","Oil Filter","FORD","5003968","https://www.oilfilter-crossreference.com/convert/MANN-FILTER/W712/1N"
"EL57121","W712/1N","Oil Filter","FORD","5004926","https://www.oilfilter-crossreference.com/convert/MANN-FILTER/W712/1N"
"EL57121","W712/1N","Oil Filter","FORD","5011780","https://www.oilfilter-crossreference.com/convert/MANN-FILTER/W712/1N"
"EL57121","W712/1N","Oil Filter","FORD","5011782","https://www.oilfilter-crossreference.com/convert/MANN-FILTER/W712/1N"
"EL57121","W712/1N","Oil Filter","FORD","5013143","https://www.oilfilter-crossreference.com/convert/MANN-FILTER/W712/1N"
"EL57121","W712/1N","Oil Filter","FORD","5013319","https://www.oilfilter-crossreference.com/convert/MANN-FILTER/W712/1N"
"EL57121","W712/1N","Oil Filter","FORD","6041176","https://www.oilfilter-crossreference.com/convert/MANN-FILTER/W712/1N"
"EL57121","W712/1N","Oil Filter","FORD","691M-6714A/A","https://www.oilfilter-crossreference.com/convert/MANN-FILTER/W712/1N"
"EL57121","W712/1N","Oil Filter","FORD","77BM-6714-AA","https://www.oilfilter-crossreference.com/convert/MANN-FILTER/W712/1N"
"EL57121","W712/1N","Oil Filter","FORD","77BM-6714-C1A","https://www.oilfilter-crossreference.com/convert/MANN-FILTER/W712/1N"
"EL57121","W712/1N","Oil Filter","FORD","A700X6714AA","https://www.oilfilter-crossreference.com/convert/MANN-FILTER/W712/1N"
"EL57121","W712/1N","Oil Filter","FORD","A760X6714KA","https://www.oilfilter-crossreference.com/convert/MANN-FILTER/W712/1N"
"EL57121","W712/1N","Oil Filter","FORD","D0RY-6731-A","https://www.oilfilter-crossreference.com/convert/MANN-FILTER/W712/1N"
"EL57121","W712/1N","Oil Filter","FORD","D1PJ-6714-AA","https://www.oilfilter-crossreference.com/convert/MANN-FILTER/W712/1N"
"EL57121","W712/1N","Oil Filter","FORD","D1PZ-6731-A","https://www.oilfilter-crossreference.com/convert/MANN-FILTER/W712/1N"
"EL57121","W712/1N","Oil Filter","GENERAL-MOTORS","19160691","https://www.oilfilter-crossreference.com/convert/MANN-FILTER/W712/1N"
"EL57121","W712/1N","Oil Filter","GENERAL-MOTORS","19160694","https://www.oilfilter-crossreference.com/convert/MANN-FILTER/W712/1N"
"EL57121","W712/1N","Oil Filter","GENERAL-MOTORS","2-866-477","https://www.oilfilter-crossreference.com/convert/MANN-FILTER/W712/1N"
"EL57121","W712/1N","Oil Filter","GENERAL-MOTORS","6438162","https://www.oilfilter-crossreference.com/convert/MANN-FILTER/W712/1N"
"EL57121","W712/1N","Oil Filter","GENERAL-MOTORS","6439109","https://www.oilfilter-crossreference.com/convert/MANN-FILTER/W712/1N"
"EL57121","W712/1N","Oil Filter","GENERAL-MOTORS","650352","https://www.oilfilter-crossreference.com/convert/MANN-FILTER/W712/1N"
"EL57121","W712/1N","Oil Filter","GENERAL-MOTORS","7965051","https://www.oilfilter-crossreference.com/convert/MANN-FILTER/W712/1N"
"EL57121","W712/1N","Oil Filter","GENERAL-MOTORS","7976051","https://www.oilfilter-crossreference.com/convert/MANN-FILTER/W712/1N"
"EL57121","W712/1N","Oil Filter","GENERAL-MOTORS","7984225","https://www.oilfilter-crossreference.com/convert/MANN-FILTER/W712/1N"
"EL57121","W712/1N","Oil Filter","GENERAL-MOTORS","7984256","https://www.oilfilter-crossreference.com/convert/MANN-FILTER/W712/1N"
"EL57121","W712/1N","Oil Filter","GENERAL-MOTORS","90027778","https://www.oilfilter-crossreference.com/convert/MANN-FILTER/W712/1N"
"EL57121","W712/1N","Oil Filter","GENERAL-MOTORS","93156299","https://www.oilfilter-crossreference.com/convert/MANN-FILTER/W712/1N"
"EL57121","W712/1N","Oil Filter","GENERAL-MOTORS","93156958","https://www.oilfilter-crossreference.com/convert/MANN-FILTER/W712/1N"
"EL57121","W712/1N","Oil Filter","MITSUBISHI","J3232126","https://www.oilfilter-crossreference.com/convert/MANN-FILTER/W712/1N"
"EL57121","W712/1N","Oil Filter","MITSUBISHI","J3250334","https://www.oilfilter-crossreference.com/convert/MANN-FILTER/W712/1N"
"EL57121","W712/1N","Oil Filter","MITSUBISHI","N152H1010","https://www.oilfilter-crossreference.com/convert/MANN-FILTER/W712/1N"
"EL57121","W712/1N","Oil Filter","NISSAN","15208-H1010","https://www.oilfilter-crossreference.com/convert/MANN-FILTER/W712/1N"
"EL57121","W712/1N","Oil Filter","NISSAN","15208-H1011","https://www.oilfilter-crossreference.com/convert/MANN-FILTER/W712/1N"
"EL57121","W712/1N","Oil Filter","OPEL","09281199","https://www.oilfilter-crossreference.com/convert/MANN-FILTER/W712/1N"
"EL57121","W712/1N","Oil Filter","OPEL","2-866-477","https://www.oilfilter-crossreference.com/convert/MANN-FILTER/W712/1N"
"EL57121","W712/1N","Oil Filter","OPEL","2866477/VP","https://www.oilfilter-crossreference.com/convert/MANN-FILTER/W712/1N"
"EL57121","W712/1N","Oil Filter","OPEL","2866477VP","https://www.oilfilter-crossreference.com/convert/MANN-FILTER/W712/1N"
"EL57121","W712/1N","Oil Filter","OPEL","650352","https://www.oilfilter-crossreference.com/convert/MANN-FILTER/W712/1N"
"EL57121","W712/1N","Oil Filter","OPEL","650364","https://www.oilfilter-crossreference.com/convert/MANN-FILTER/W712/1N"
"EL57121","W712/1N","Oil Filter","OPEL","650365","https://www.oilfilter-crossreference.com/convert/MANN-FILTER/W712/1N"
"EL57121","W712/1N","Oil Filter","OPEL","650370","https://www.oilfilter-crossreference.com/convert/MANN-FILTER/W712/1N"
"EL57121","W712/1N","Oil Filter","OPEL","650371","https://www.oilfilter-crossreference.com/convert/MANN-FILTER/W712/1N"
"EL57121","W712/1N","Oil Filter","OPEL","650373","https://www.oilfilter-crossreference.com/convert/MANN-FILTER/W712/1N"
"EL57121","W712/1N","Oil Filter","OPEL","650400","https://www.oilfilter-crossreference.com/convert/MANN-FILTER/W712/1N"
"EL57121","W712/1N","Oil Filter","OPEL","7976051","https://www.oilfilter-crossreference.com/convert/MANN-FILTER/W712/1N"
"EL57121","W712/1N","Oil Filter","OPEL","90027778","https://www.oilfilter-crossreference.com/convert/MANN-FILTER/W712/1N"
"EL57121","W712/1N","Oil Filter","OPEL","9281199","https://www.oilfilter-crossreference.com/convert/MANN-FILTER/W712/1N"
"EL57121","W712/1N","Oil Filter","OPEL","VOF136","https://www.oilfilter-crossreference.com/convert/MANN-FILTER/W712/1N"
"EL57121","W712/1N","Oil Filter","OE","OF-1055","https://www.oilfilter-crossreference.com/convert/MANN-FILTER/W712/1N"
"EL57121","W712/1N","Oil Filter","OE","OF-1065","https://www.oilfilter-crossreference.com/convert/MANN-FILTER/W712/1N"
"EL57121","W712/1N","Oil Filter","OE","OF-250","https://www.oilfilter-crossreference.com/convert/MANN-FILTER/W712/1N"
"EL57121","W712/1N","Oil Filter","PEUGEOT","1109C5","https://www.oilfilter-crossreference.com/convert/MANN-FILTER/W712/1N"
"EL57121","W712/1N","Oil Filter","VAUXHALL","650364","https://www.oilfilter-crossreference.com/convert/MANN-FILTER/W712/1N"
"EL57121","W712/1N","Oil Filter","VAUXHALL","650365","https://www.oilfilter-crossreference.com/convert/MANN-FILTER/W712/1N"
"EL57121","W712/1N","Oil Filter","VAUXHALL","6696776","https://www.oilfilter-crossreference.com/convert/MANN-FILTER/W712/1N"
"EL57121","W712/1N","Oil Filter","VAUXHALL","7884256","https://www.oilfilter-crossreference.com/convert/MANN-FILTER/W712/1N"
"EL57121","W712/1N","Oil Filter","VAUXHALL","7965051","https://www.oilfilter-crossreference.com/convert/MANN-FILTER/W712/1N"
"EL57121","W712/1N","Oil Filter","VAUXHALL","7973235","https://www.oilfilter-crossreference.com/convert/MANN-FILTER/W712/1N"
"EL57121","W712/1N","Oil Filter","VAUXHALL","7973429","https://www.oilfilter-crossreference.com/convert/MANN-FILTER/W712/1N"
"EL57121","W712/1N","Oil Filter","VAUXHALL","7984256","https://www.oilfilter-crossreference.com/convert/MANN-FILTER/W712/1N"
"EL57121","W712/1N","Oil Filter","VAUXHALL","90027778","https://www.oilfilter-crossreference.com/convert/MANN-FILTER/W712/1N"
"EL57121","W712/1N","Oil Filter","VAUXHALL","93156299","https://www.oilfilter-crossreference.com/convert/MANN-FILTER/W712/1N"
"EL57121","W712/1N","Oil Filter","VAUXHALL","VOF136","https://www.oilfilter-crossreference.com/convert/MANN-FILTER/W712/1N"
"EL57121","W712/1N","Oil Filter","VW","034 115 561A","https://www.oilfilter-crossreference.com/convert/MANN-FILTER/W712/1N"
"EL57121","W712/1N","Oil Filter","VW","035 115 561","https://www.oilfilter-crossreference.com/convert/MANN-FILTER/W712/1N"
"EL57121","W712/1N","Oil Filter","VW","037 115 561","https://www.oilfilter-crossreference.com/convert/MANN-FILTER/W712/1N"
"EL57121","W712/1N","Oil Filter","VW","056 115 561","https://www.oilfilter-crossreference.com/convert/MANN-FILTER/W712/1N"
"EL57121","W712/1N","Oil Filter","VW","056 115 561A","https://www.oilfilter-crossreference.com/convert/MANN-FILTER/W712/1N"
"EL57121","W712/1N","Oil Filter","VW","056 115 561B","https://www.oilfilter-crossreference.com/convert/MANN-FILTER/W712/1N"
"EL57121","W712/1N","Oil Filter","VW","056 115 561C","https://www.oilfilter-crossreference.com/convert/MANN-FILTER/W712/1N"
"EL57121","W712/1N","Oil Filter","VW","056 115 561G","https://www.oilfilter-crossreference.com/convert/MANN-FILTER/W712/1N"
"EL57121","W712/1N","Oil Filter","VW","059 115 561A","https://www.oilfilter-crossreference.com/convert/MANN-FILTER/W712/1N"
"EL57121","W712/1N","Oil Filter","VW","059 115 561B","https://www.oilfilter-crossreference.com/convert/MANN-FILTER/W712/1N"
"EL57121","W712/1N","Oil Filter","VW","059 115 561C","https://www.oilfilter-crossreference.com/convert/MANN-FILTER/W712/1N"
"EL57121","W712/1N","Oil Filter","VW","06A 115 561","https://www.oilfilter-crossreference.com/convert/MANN-FILTER/W712/1N"
"EL57121","W712/1N","Oil Filter","VW","06A 115 561B","https://www.oilfilter-crossreference.com/convert/MANN-FILTER/W712/1N"
"EL57121","W712/1N","Oil Filter","VW","070 115 561","https://www.oilfilter-crossreference.com/convert/MANN-FILTER/W712/1N"
"EL57121","W712/1N","Oil Filter","VW","931 107 701 00","https://www.oilfilter-crossreference.com/convert/MANN-FILTER/W712/1N"
"EL57122","W712/2","Oil Filter","BMW","11 42 1 266 773","https://www.oilfilter-crossreference.com/convert/MANN-FILTER/W712/2"
"EL57122","W712/2","Oil Filter","BMW","11 42 9 061 198","https://www.oilfilter-crossreference.com/convert/MANN-FILTER/W712/2"
"EL57122","W712/2","Oil Filter","CHRYSLER","3232126","https://www.oilfilter-crossreference.com/convert/MANN-FILTER/W712/2"
"EL57122","W712/2","Oil Filter","CHRYSLER","3250334","https://www.oilfilter-crossreference.com/convert/MANN-FILTER/W712/2"
"EL57122","W712/2","Oil Filter","CHRYSLER","5203217","https://www.oilfilter-crossreference.com/convert/MANN-FILTER/W712/2"
"EL57122","W712/2","Oil Filter","CHRYSLER","72674028","https://www.oilfilter-crossreference.com/convert/MANN-FILTER/W712/2"
"EL57122","W712/2","Oil Filter","CHRYSLER","8127168","https://www.oilfilter-crossreference.com/convert/MANN-FILTER/W712/2"
"EL57122","W712/2","Oil Filter","CHRYSLER","J3232126","https://www.oilfilter-crossreference.com/convert/MANN-FILTER/W712/2"
"EL57122","W712/2","Oil Filter","CHRYSLER","J3250334","https://www.oilfilter-crossreference.com/convert/MANN-FILTER/W712/2"
"EL57122","W712/2","Oil Filter","CHRYSLER","J8127168","https://www.oilfilter-crossreference.com/convert/MANN-FILTER/W712/2"
"EL57122","W712/2","Oil Filter","CITROEN","MLS000-155","https://www.oilfilter-crossreference.com/convert/MANN-FILTER/W712/2"
"EL57122","W712/2","Oil Filter","CITROEN","MLS000155","https://www.oilfilter-crossreference.com/convert/MANN-FILTER/W712/2"
"EL57122","W712/2","Oil Filter","FORD","1457512","https://www.oilfilter-crossreference.com/convert/MANN-FILTER/W712/2"
"EL57122","W712/2","Oil Filter","FORD","1462805","https://www.oilfilter-crossreference.com/convert/MANN-FILTER/W712/2"
"EL57122","W712/2","Oil Filter","FORD","1498014","https://www.oilfilter-crossreference.com/convert/MANN-FILTER/W712/2"
"EL57122","W712/2","Oil Filter","FORD","1536304","https://www.oilfilter-crossreference.com/convert/MANN-FILTER/W712/2"
"EL57122","W712/2","Oil Filter","FORD","1553370","https://www.oilfilter-crossreference.com/convert/MANN-FILTER/W712/2"
"EL57122","W712/2","Oil Filter","FORD","1555370","https://www.oilfilter-crossreference.com/convert/MANN-FILTER/W712/2"
"EL57122","W712/2","Oil Filter","FORD","1559937","https://www.oilfilter-crossreference.com/convert/MANN-FILTER/W712/2"
"EL57122","W712/2","Oil Filter","FORD","2735E-6714-B","https://www.oilfilter-crossreference.com/convert/MANN-FILTER/W712/2"
"EL57122","W712/2","Oil Filter","FORD","5002530","https://www.oilfilter-crossreference.com/convert/MANN-FILTER/W712/2"
"EL57122","W712/2","Oil Filter","FORD","5003329","https://www.oilfilter-crossreference.com/convert/MANN-FILTER/W712/2"
"EL57122","W712/2","Oil Filter","FORD","5003331","https://www.oilfilter-crossreference.com/convert/MANN-FILTER/W712/2"
"EL57122","W712/2","Oil Filter","FORD","5003930","https://www.oilfilter-crossreference.com/convert/MANN-FILTER/W712/2"
"EL57122","W712/2","Oil Filter","FORD","5003968","https://www.oilfilter-crossreference.com/convert/MANN-FILTER/W712/2"
"EL57122","W712/2","Oil Filter","FORD","5004926","https://www.oilfilter-crossreference.com/convert/MANN-FILTER/W712/2"
"EL57122","W712/2","Oil Filter","FORD","5011780","https://www.oilfilter-crossreference.com/convert/MANN-FILTER/W712/2"
"EL57122","W712/2","Oil Filter","FORD","5011782","https://www.oilfilter-crossreference.com/convert/MANN-FILTER/W712/2"
"EL57122","W712/2","Oil Filter","FORD","5013143","https://www.oilfilter-crossreference.com/convert/MANN-FILTER/W712/2"
"EL57122","W712/2","Oil Filter","FORD","5013319","https://www.oilfilter-crossreference.com/convert/MANN-FILTER/W712/2"
"EL57122","W712/2","Oil Filter","FORD","6041176","https://www.oilfilter-crossreference.com/convert/MANN-FILTER/W712/2"
"EL57122","W712/2","Oil Filter","FORD","691M-6714A/A","https://www.oilfilter-crossreference.com/convert/MANN-FILTER/W712/2"
"EL57122","W712/2","Oil Filter","FORD","77BM-6714-AA","https://www.oilfilter-crossreference.com/convert/MANN-FILTER/W712/2"
"EL57122","W712/2","Oil Filter","FORD","77BM-6714-C1A","https://www.oilfilter-crossreference.com/convert/MANN-FILTER/W712/2"
"EL57122","W712/2","Oil Filter","FORD","A700X6714AA","https://www.oilfilter-crossreference.com/convert/MANN-FILTER/W712/2"
"EL57122","W712/2","Oil Filter","FORD","A760X6714KA","https://www.oilfilter-crossreference.com/convert/MANN-FILTER/W712/2"
"EL57122","W712/2","Oil Filter","FORD","D0RY-6731-A","https://www.oilfilter-crossreference.com/convert/MANN-FILTER/W712/2"
"EL57122","W712/2","Oil Filter","FORD","D1PJ-6714-AA","https://www.oilfilter-crossreference.com/convert/MANN-FILTER/W712/2"
"EL57122","W712/2","Oil Filter","FORD","D1PZ-6731-A","https://www.oilfilter-crossreference.com/convert/MANN-FILTER/W712/2"
"EL57122","W712/2","Oil Filter","GENERAL-MOTORS","19160691","https://www.oilfilter-crossreference.com/convert/MANN-FILTER/W712/2"
"EL57122","W712/2","Oil Filter","GENERAL-MOTORS","19160694","https://www.oilfilter-crossreference.com/convert/MANN-FILTER/W712/2"
"EL57122","W712/2","Oil Filter","GENERAL-MOTORS","2-866-477","https://www.oilfilter-crossreference.com/convert/MANN-FILTER/W712/2"
"EL57122","W712/2","Oil Filter","GENERAL-MOTORS","6438162","https://www.oilfilter-crossreference.com/convert/MANN-FILTER/W712/2"
"EL57122","W712/2","Oil Filter","GENERAL-MOTORS","6439109","https://www.oilfilter-crossreference.com/convert/MANN-FILTER/W712/2"
"EL57122","W712/2","Oil Filter","GENERAL-MOTORS","650352","https://www.oilfilter-crossreference.com/convert/MANN-FILTER/W712/2"
"EL57122","W712/2","Oil Filter","GENERAL-MOTORS","7965051","https://www.oilfilter-crossreference.com/convert/MANN-FILTER/W712/2"
"EL57122","W712/2","Oil Filter","GENERAL-MOTORS","7976051","https://www.oilfilter-crossreference.com/convert/MANN-FILTER/W712/2"
"EL57122","W712/2","Oil Filter","GENERAL-MOTORS","7984225","https://www.oilfilter-crossreference.com/convert/MANN-FILTER/W712/2"
"EL57122","W712/2","Oil Filter","GENERAL-MOTORS","7984256","https://www.oilfilter-crossreference.com/convert/MANN-FILTER/W712/2"
"EL57122","W712/2","Oil Filter","GENERAL-MOTORS","90027778","https://www.oilfilter-crossreference.com/convert/MANN-FILTER/W712/2"
"EL57122","W712/2","Oil Filter","GENERAL-MOTORS","93156299","https://www.oilfilter-crossreference.com/convert/MANN-FILTER/W712/2"
"EL57122","W712/2","Oil Filter","GENERAL-MOTORS","93156958","https://www.oilfilter-crossreference.com/convert/MANN-FILTER/W712/2"
"EL57122","W712/2","Oil Filter","MITSUBISHI","J3232126","https://www.oilfilter-crossreference.com/convert/MANN-FILTER/W712/2"
"EL57122","W712/2","Oil Filter","MITSUBISHI","J3250334","https://www.oilfilter-crossreference.com/convert/MANN-FILTER/W712/2"
"EL57122","W712/2","Oil Filter","MITSUBISHI","N152H1010","https://www.oilfilter-crossreference.com/convert/MANN-FILTER/W712/2"
"EL57122","W712/2","Oil Filter","NISSAN","15208-H1010","https://www.oilfilter-crossreference.com/convert/MANN-FILTER/W712/2"
"EL57122","W712/2","Oil Filter","NISSAN","15208-H1011","https://www.oilfilter-crossreference.com/convert/MANN-FILTER/W712/2"
"EL57122","W712/2","Oil Filter","OPEL","09281199","https://www.oilfilter-crossreference.com/convert/MANN-FILTER/W712/2"
"EL57122","W712/2","Oil Filter","OPEL","2-866-477","https://www.oilfilter-crossreference.com/convert/MANN-FILTER/W712/2"
"EL57122","W712/2","Oil Filter","OPEL","2866477/VP","https://www.oilfilter-crossreference.com/convert/MANN-FILTER/W712/2"
"EL57122","W712/2","Oil Filter","OPEL","2866477VP","https://www.oilfilter-crossreference.com/convert/MANN-FILTER/W712/2"
"EL57122","W712/2","Oil Filter","OPEL","650352","https://www.oilfilter-crossreference.com/convert/MANN-FILTER/W712/2"
"EL57122","W712/2","Oil Filter","OPEL","650364","https://www.oilfilter-crossreference.com/convert/MANN-FILTER/W712/2"
"EL57122","W712/2","Oil Filter","OPEL","650365","https://www.oilfilter-crossreference.com/convert/MANN-FILTER/W712/2"
"EL57122","W712/2","Oil Filter","OPEL","650370","https://www.oilfilter-crossreference.com/convert/MANN-FILTER/W712/2"
"EL57122","W712/2","Oil Filter","OPEL","650371","https://www.oilfilter-crossreference.com/convert/MANN-FILTER/W712/2"
"EL57122","W712/2","Oil Filter","OPEL","650373","https://www.oilfilter-crossreference.com/convert/MANN-FILTER/W712/2"
"EL57122","W712/2","Oil Filter","OPEL","650400","https://www.oilfilter-crossreference.com/convert/MANN-FILTER/W712/2"
"EL57122","W712/2","Oil Filter","OPEL","7976051","https://www.oilfilter-crossreference.com/convert/MANN-FILTER/W712/2"
"EL57122","W712/2","Oil Filter","OPEL","90027778","https://www.oilfilter-crossreference.com/convert/MANN-FILTER/W712/2"
"EL57122","W712/2","Oil Filter","OPEL","9281199","https://www.oilfilter-crossreference.com/convert/MANN-FILTER/W712/2"
"EL57122","W712/2","Oil Filter","OPEL","VOF136","https://www.oilfilter-crossreference.com/convert/MANN-FILTER/W712/2"
"EL57122","W712/2","Oil Filter","OE","OF-1055","https://www.oilfilter-crossreference.com/convert/MANN-FILTER/W712/2"
"EL57122","W712/2","Oil Filter","OE","OF-1065","https://www.oilfilter-crossreference.com/convert/MANN-FILTER/W712/2"
"EL57122","W712/2","Oil Filter","OE","OF-250","https://www.oilfilter-crossreference.com/convert/MANN-FILTER/W712/2"
"EL57122","W712/2","Oil Filter","PEUGEOT","1109C5","https://www.oilfilter-crossreference.com/convert/MANN-FILTER/W712/2"
"EL57122","W712/2","Oil Filter","VAUXHALL","650364","https://www.oilfilter-crossreference.com/convert/MANN-FILTER/W712/2"
"EL57122","W712/2","Oil Filter","VAUXHALL","650365","https://www.oilfilter-crossreference.com/convert/MANN-FILTER/W712/2"
"EL57122","W712/2","Oil Filter","VAUXHALL","6696776","https://www.oilfilter-crossreference.com/convert/MANN-FILTER/W712/2"
"EL57122","W712/2","Oil Filter","VAUXHALL","7884256","https://www.oilfilter-crossreference.com/convert/MANN-FILTER/W712/2"
"EL57122","W712/2","Oil Filter","VAUXHALL","7965051","https://www.oilfilter-crossreference.com/convert/MANN-FILTER/W712/2"
"EL57122","W712/2","Oil Filter","VAUXHALL","7973235","https://www.oilfilter-crossreference.com/convert/MANN-FILTER/W712/2"
"EL57122","W712/2","Oil Filter","VAUXHALL","7973429","https://www.oilfilter-crossreference.com/convert/MANN-FILTER/W712/2"
"EL57122","W712/2","Oil Filter","VAUXHALL","7984256","https://www.oilfilter-crossreference.com/convert/MANN-FILTER/W712/2"
"EL57122","W712/2","Oil Filter","VAUXHALL","90027778","https://www.oilfilter-crossreference.com/convert/MANN-FILTER/W712/2"
"EL57122","W712/2","Oil Filter","VAUXHALL","93156299","https://www.oilfilter-crossreference.com/convert/MANN-FILTER/W712/2"
"EL57122","W712/2","Oil Filter","VAUXHALL","VOF136","https://www.oilfilter-crossreference.com/convert/MANN-FILTER/W712/2"
"EL57122","W712/2","Oil Filter","VW","034 115 561A","https://www.oilfilter-crossreference.com/convert/MANN-FILTER/W712/2"
"EL57122","W712/2","Oil Filter","VW","035 115 561","https://www.oilfilter-crossreference.com/convert/MANN-FILTER/W712/2"
"EL57122","W712/2","Oil Filter","VW","037 115 561","https://www.oilfilter-crossreference.com/convert/MANN-FILTER/W712/2"
"EL57122","W712/2","Oil Filter","VW","056 115 561","https://www.oilfilter-crossreference.com/convert/MANN-FILTER/W712/2"
"EL57122","W712/2","Oil Filter","VW","056 115 561A","https://www.oilfilter-crossreference.com/convert/MANN-FILTER/W712/2"
"EL57122","W712/2","Oil Filter","VW","056 115 561B","https://www.oilfilter-crossreference.com/convert/MANN-FILTER/W712/2"
"EL57122","W712/2","Oil Filter","VW","056 115 561C","https://www.oilfilter-crossreference.com/convert/MANN-FILTER/W712/2"
"EL57122","W712/2","Oil Filter","VW","056 115 561G","https://www.oilfilter-crossreference.com/convert/MANN-FILTER/W712/2"
"EL57122","W712/2","Oil Filter","VW","059 115 561A","https://www.oilfilter-crossreference.com/convert/MANN-FILTER/W712/2"
"EL57122","W712/2","Oil Filter","VW","059 115 561B","https://www.oilfilter-crossreference.com/convert/MANN-FILTER/W712/2"
"EL57122","W712/2","Oil Filter","VW","059 115 561C","https://www.oilfilter-crossreference.com/convert/MANN-FILTER/W712/2"
"EL57122","W712/2","Oil Filter","VW","06A 115 561","https://www.oilfilter-crossreference.com/convert/MANN-FILTER/W712/2"
"EL57122","W712/2","Oil Filter","VW","06A 115 561B","https://www.oilfilter-crossreference.com/convert/MANN-FILTER/W712/2"
"EL57122","W712/2","Oil Filter","VW","070 115 561","https://www.oilfilter-crossreference.com/convert/MANN-FILTER/W712/2"
"EL57122","W712/2","Oil Filter","VW","931 107 701 00","https://www.oilfilter-crossreference.com/convert/MANN-FILTER/W712/2"
"EL51222","W712/22X","Oil Filter","BMW","11 42 1 266 773","https://www.oilfilter-crossreference.com/convert/MANN-FILTER/W712/22X"
"EL51222","W712/22X","Oil Filter","BMW","11 42 9 061 198","https://www.oilfilter-crossreference.com/convert/MANN-FILTER/W712/22X"
"EL51222","W712/22X","Oil Filter","CHRYSLER","3232126","https://www.oilfilter-crossreference.com/convert/MANN-FILTER/W712/22X"
"EL51222","W712/22X","Oil Filter","CHRYSLER","3250334","https://www.oilfilter-crossreference.com/convert/MANN-FILTER/W712/22X"
"EL51222","W712/22X","Oil Filter","CHRYSLER","5203217","https://www.oilfilter-crossreference.com/convert/MANN-FILTER/W712/22X"
"EL51222","W712/22X","Oil Filter","CHRYSLER","72674028","https://www.oilfilter-crossreference.com/convert/MANN-FILTER/W712/22X"
"EL51222","W712/22X","Oil Filter","CHRYSLER","8127168","https://www.oilfilter-crossreference.com/convert/MANN-FILTER/W712/22X"
"EL51222","W712/22X","Oil Filter","CHRYSLER","J3232126","https://www.oilfilter-crossreference.com/convert/MANN-FILTER/W712/22X"
"EL51222","W712/22X","Oil Filter","CHRYSLER","J3250334","https://www.oilfilter-crossreference.com/convert/MANN-FILTER/W712/22X"
"EL51222","W712/22X","Oil Filter","CHRYSLER","J8127168","https://www.oilfilter-crossreference.com/convert/MANN-FILTER/W712/22X"
"EL51222","W712/22X","Oil Filter","CITROEN","MLS000-155","https://www.oilfilter-crossreference.com/convert/MANN-FILTER/W712/22X"
"EL51222","W712/22X","Oil Filter","CITROEN","MLS000155","https://www.oilfilter-crossreference.com/convert/MANN-FILTER/W712/22X"
"EL51222","W712/22X","Oil Filter","FORD","1457512","https://www.oilfilter-crossreference.com/convert/MANN-FILTER/W712/22X"
"EL51222","W712/22X","Oil Filter","FORD","1462805","https://www.oilfilter-crossreference.com/convert/MANN-FILTER/W712/22X"
"EL51222","W712/22X","Oil Filter","FORD","1498014","https://www.oilfilter-crossreference.com/convert/MANN-FILTER/W712/22X"
"EL51222","W712/22X","Oil Filter","FORD","1536304","https://www.oilfilter-crossreference.com/convert/MANN-FILTER/W712/22X"
"EL51222","W712/22X","Oil Filter","FORD","1553370","https://www.oilfilter-crossreference.com/convert/MANN-FILTER/W712/22X"
"EL51222","W712/22X","Oil Filter","FORD","1555370","https://www.oilfilter-crossreference.com/convert/MANN-FILTER/W712/22X"
"EL51222","W712/22X","Oil Filter","FORD","1559937","https://www.oilfilter-crossreference.com/convert/MANN-FILTER/W712/22X"
"EL51222","W712/22X","Oil Filter","FORD","2735E-6714-B","https://www.oilfilter-crossreference.com/convert/MANN-FILTER/W712/22X"
"EL51222","W712/22X","Oil Filter","FORD","5002530","https://www.oilfilter-crossreference.com/convert/MANN-FILTER/W712/22X"
"EL51222","W712/22X","Oil Filter","FORD","5003329","https://www.oilfilter-crossreference.com/convert/MANN-FILTER/W712/22X"
"EL51222","W712/22X","Oil Filter","FORD","5003331","https://www.oilfilter-crossreference.com/convert/MANN-FILTER/W712/22X"
"EL51222","W712/22X","Oil Filter","FORD","5003930","https://www.oilfilter-crossreference.com/convert/MANN-FILTER/W712/22X"
"EL51222","W712/22X","Oil Filter","FORD","5003968","https://www.oilfilter-crossreference.com/convert/MANN-FILTER/W712/22X"
"EL51222","W712/22X","Oil Filter","FORD","5004926","https://www.oilfilter-crossreference.com/convert/MANN-FILTER/W712/22X"
"EL51222","W712/22X","Oil Filter","FORD","5011780","https://www.oilfilter-crossreference.com/convert/MANN-FILTER/W712/22X"
"EL51222","W712/22X","Oil Filter","FORD","5011782","https://www.oilfilter-crossreference.com/convert/MANN-FILTER/W712/22X"
"EL51222","W712/22X","Oil Filter","FORD","5013143","https://www.oilfilter-crossreference.com/convert/MANN-FILTER/W712/22X"
"EL51222","W712/22X","Oil Filter","FORD","5013319","https://www.oilfilter-crossreference.com/convert/MANN-FILTER/W712/22X"
"EL51222","W712/22X","Oil Filter","FORD","6041176","https://www.oilfilter-crossreference.com/convert/MANN-FILTER/W712/22X"
"EL51222","W712/22X","Oil Filter","FORD","691M-6714A/A","https://www.oilfilter-crossreference.com/convert/MANN-FILTER/W712/22X"
"EL51222","W712/22X","Oil Filter","FORD","77BM-6714-AA","https://www.oilfilter-crossreference.com/convert/MANN-FILTER/W712/22X"
"EL51222","W712/22X","Oil Filter","FORD","77BM-6714-C1A","https://www.oilfilter-crossreference.com/convert/MANN-FILTER/W712/22X"
"EL51222","W712/22X","Oil Filter","FORD","A700X6714AA","https://www.oilfilter-crossreference.com/convert/MANN-FILTER/W712/22X"
"EL51222","W712/22X","Oil Filter","FORD","A760X6714KA","https://www.oilfilter-crossreference.com/convert/MANN-FILTER/W712/22X"
"EL51222","W712/22X","Oil Filter","FORD","D0RY-6731-A","https://www.oilfilter-crossreference.com/convert/MANN-FILTER/W712/22X"
"EL51222","W712/22X","Oil Filter","FORD","D1PJ-6714-AA","https://www.oilfilter-crossreference.com/convert/MANN-FILTER/W712/22X"
"EL51222","W712/22X","Oil Filter","FORD","D1PZ-6731-A","https://www.oilfilter-crossreference.com/convert/MANN-FILTER/W712/22X"
"EL51222","W712/22X","Oil Filter","GENERAL-MOTORS","19160691","https://www.oilfilter-crossreference.com/convert/MANN-FILTER/W712/22X"
"EL51222","W712/22X","Oil Filter","GENERAL-MOTORS","19160694","https://www.oilfilter-crossreference.com/convert/MANN-FILTER/W712/22X"
"EL51222","W712/22X","Oil Filter","GENERAL-MOTORS","2-866-477","https://www.oilfilter-crossreference.com/convert/MANN-FILTER/W712/22X"
"EL51222","W712/22X","Oil Filter","GENERAL-MOTORS","6438162","https://www.oilfilter-crossreference.com/convert/MANN-FILTER/W712/22X"
"EL51222","W712/22X","Oil Filter","GENERAL-MOTORS","6439109","https://www.oilfilter-crossreference.com/convert/MANN-FILTER/W712/22X"
"EL51222","W712/22X","Oil Filter","GENERAL-MOTORS","650352","https://www.oilfilter-crossreference.com/convert/MANN-FILTER/W712/22X"
"EL51222","W712/22X","Oil Filter","GENERAL-MOTORS","7965051","https://www.oilfilter-crossreference.com/convert/MANN-FILTER/W712/22X"
"EL51222","W712/22X","Oil Filter","GENERAL-MOTORS","7976051","https://www.oilfilter-crossreference.com/convert/MANN-FILTER/W712/22X"
"EL51222","W712/22X","Oil Filter","GENERAL-MOTORS","7984225","https://www.oilfilter-crossreference.com/convert/MANN-FILTER/W712/22X"
"EL51222","W712/22X","Oil Filter","GENERAL-MOTORS","7984256","https://www.oilfilter-crossreference.com/convert/MANN-FILTER/W712/22X"
"EL51222","W712/22X","Oil Filter","GENERAL-MOTORS","90027778","https://www.oilfilter-crossreference.com/convert/MANN-FILTER/W712/22X"
"EL51222","W712/22X","Oil Filter","GENERAL-MOTORS","93156299","https://www.oilfilter-crossreference.com/convert/MANN-FILTER/W712/22X"
"EL51222","W712/22X","Oil Filter","GENERAL-MOTORS","93156958","https://www.oilfilter-crossreference.com/convert/MANN-FILTER/W712/22X"
"EL51222","W712/22X","Oil Filter","MITSUBISHI","J3232126","https://www.oilfilter-crossreference.com/convert/MANN-FILTER/W712/22X"
"EL51222","W712/22X","Oil Filter","MITSUBISHI","J3250334","https://www.oilfilter-crossreference.com/convert/MANN-FILTER/W712/22X"
"EL51222","W712/22X","Oil Filter","MITSUBISHI","N152H1010","https://www.oilfilter-crossreference.com/convert/MANN-FILTER/W712/22X"
"EL51222","W712/22X","Oil Filter","NISSAN","15208-H1010","https://www.oilfilter-crossreference.com/convert/MANN-FILTER/W712/22X"
"EL51222","W712/22X","Oil Filter","NISSAN","15208-H1011","https://www.oilfilter-crossreference.com/convert/MANN-FILTER/W712/22X"
"EL51222","W712/22X","Oil Filter","OPEL","09281199","https://www.oilfilter-crossreference.com/convert/MANN-FILTER/W712/22X"
"EL51222","W712/22X","Oil Filter","OPEL","2-866-477","https://www.oilfilter-crossreference.com/convert/MANN-FILTER/W712/22X"
"EL51222","W712/22X","Oil Filter","OPEL","2866477/VP","https://www.oilfilter-crossreference.com/convert/MANN-FILTER/W712/22X"
"EL51222","W712/22X","Oil Filter","OPEL","2866477VP","https://www.oilfilter-crossreference.com/convert/MANN-FILTER/W712/22X"
"EL51222","W712/22X","Oil Filter","OPEL","650352","https://www.oilfilter-crossreference.com/convert/MANN-FILTER/W712/22X"
"EL51222","W712/22X","Oil Filter","OPEL","650364","https://www.oilfilter-crossreference.com/convert/MANN-FILTER/W712/22X"
"EL51222","W712/22X","Oil Filter","OPEL","650365","https://www.oilfilter-crossreference.com/convert/MANN-FILTER/W712/22X"
"EL51222","W712/22X","Oil Filter","OPEL","650370","https://www.oilfilter-crossreference.com/convert/MANN-FILTER/W712/22X"
"EL51222","W712/22X","Oil Filter","OPEL","650371","https://www.oilfilter-crossreference.com/convert/MANN-FILTER/W712/22X"
"EL51222","W712/22X","Oil Filter","OPEL","650373","https://www.oilfilter-crossreference.com/convert/MANN-FILTER/W712/22X"
"EL51222","W712/22X","Oil Filter","OPEL","650400","https://www.oilfilter-crossreference.com/convert/MANN-FILTER/W712/22X"
"EL51222","W712/22X","Oil Filter","OPEL","7976051","https://www.oilfilter-crossreference.com/convert/MANN-FILTER/W712/22X"
"EL51222","W712/22X","Oil Filter","OPEL","90027778","https://www.oilfilter-crossreference.com/convert/MANN-FILTER/W712/22X"
"EL51222","W712/22X","Oil Filter","OPEL","9281199","https://www.oilfilter-crossreference.com/convert/MANN-FILTER/W712/22X"
"EL51222","W712/22X","Oil Filter","OPEL","VOF136","https://www.oilfilter-crossreference.com/convert/MANN-FILTER/W712/22X"
"EL51222","W712/22X","Oil Filter","OE","OF-1055","https://www.oilfilter-crossreference.com/convert/MANN-FILTER/W712/22X"
"EL51222","W712/22X","Oil Filter","OE","OF-1065","https://www.oilfilter-crossreference.com/convert/MANN-FILTER/W712/22X"
"EL51222","W712/22X","Oil Filter","OE","OF-250","https://www.oilfilter-crossreference.com/convert/MANN-FILTER/W712/22X"
"EL51222","W712/22X","Oil Filter","PEUGEOT","1109C5","https://www.oilfilter-crossreference.com/convert/MANN-FILTER/W712/22X"
"EL51222","W712/22X","Oil Filter","VAUXHALL","650364","https://www.oilfilter-crossreference.com/convert/MANN-FILTER/W712/22X"
"EL51222","W712/22X","Oil Filter","VAUXHALL","650365","https://www.oilfilter-crossreference.com/convert/MANN-FILTER/W712/22X"
"EL51222","W712/22X","Oil Filter","VAUXHALL","6696776","https://www.oilfilter-crossreference.com/convert/MANN-FILTER/W712/22X"
"EL51222","W712/22X","Oil Filter","VAUXHALL","7884256","https://www.oilfilter-crossreference.com/convert/MANN-FILTER/W712/22X"
"EL51222","W712/22X","Oil Filter","VAUXHALL","7965051","https://www.oilfilter-crossreference.com/convert/MANN-FILTER/W712/22X"
"EL51222","W712/22X","Oil Filter","VAUXHALL","7973235","https://www.oilfilter-crossreference.com/convert/MANN-FILTER/W712/22X"
"EL51222","W712/22X","Oil Filter","VAUXHALL","7973429","https://www.oilfilter-crossreference.com/convert/MANN-FILTER/W712/22X"
"EL51222","W712/22X","Oil Filter","VAUXHALL","7984256","https://www.oilfilter-crossreference.com/convert/MANN-FILTER/W712/22X"
"EL51222","W712/22X","Oil Filter","VAUXHALL","90027778","https://www.oilfilter-crossreference.com/convert/MANN-FILTER/W712/22X"
"EL51222","W712/22X","Oil Filter","VAUXHALL","93156299","https://www.oilfilter-crossreference.com/convert/MANN-FILTER/W712/22X"
"EL51222","W712/22X","Oil Filter","VAUXHALL","VOF136","https://www.oilfilter-crossreference.com/convert/MANN-FILTER/W712/22X"
"EL51222","W712/22X","Oil Filter","VW","034 115 561A","https://www.oilfilter-crossreference.com/convert/MANN-FILTER/W712/22X"
"EL51222","W712/22X","Oil Filter","VW","035 115 561","https://www.oilfilter-crossreference.com/convert/MANN-FILTER/W712/22X"
"EL51222","W712/22X","Oil Filter","VW","037 115 561","https://www.oilfilter-crossreference.com/convert/MANN-FILTER/W712/22X"
"EL51222","W712/22X","Oil Filter","VW","056 115 561","https://www.oilfilter-crossreference.com/convert/MANN-FILTER/W712/22X"
"EL51222","W712/22X","Oil Filter","VW","056 115 561A","https://www.oilfilter-crossreference.com/convert/MANN-FILTER/W712/22X"
"EL51222","W712/22X","Oil Filter","VW","056 115 561B","https://www.oilfilter-crossreference.com/convert/MANN-FILTER/W712/22X"
"EL51222","W712/22X","Oil Filter","VW","056 115 561C","https://www.oilfilter-crossreference.com/convert/MANN-FILTER/W712/22X"
"EL51222","W712/22X","Oil Filter","VW","056 115 561G","https://www.oilfilter-crossreference.com/convert/MANN-FILTER/W712/22X"
"EL51222","W712/22X","Oil Filter","VW","059 115 561A","https://www.oilfilter-crossreference.com/convert/MANN-FILTER/W712/22X"
"EL51222","W712/22X","Oil Filter","VW","059 115 561B","https://www.oilfilter-crossreference.com/convert/MANN-FILTER/W712/22X"
"EL51222","W712/22X","Oil Filter","VW","059 115 561C","https://www.oilfilter-crossreference.com/convert/MANN-FILTER/W712/22X"
"EL51222","W712/22X","Oil Filter","VW","06A 115 561","https://www.oilfilter-crossreference.com/convert/MANN-FILTER/W712/22X"
"EL51222","W712/22X","Oil Filter","VW","06A 115 561B","https://www.oilfilter-crossreference.com/convert/MANN-FILTER/W712/22X"
"EL51222","W712/22X","Oil Filter","VW","070 115 561","https://www.oilfilter-crossreference.com/convert/MANN-FILTER/W712/22X"
"EL51222","W712/22X","Oil Filter","VW","931 107 701 00","https://www.oilfilter-crossreference.com/convert/MANN-FILTER/W712/22X"
"EL51223","W712/23","Oil Filter","BMW","11 42 1 266 773","https://www.oilfilter-crossreference.com/convert/MANN-FILTER/W712/23"
"EL51223","W712/23","Oil Filter","BMW","11 42 9 061 198","https://www.oilfilter-crossreference.com/convert/MANN-FILTER/W712/23"
"EL51223","W712/23","Oil Filter","CHRYSLER","3232126","https://www.oilfilter-crossreference.com/convert/MANN-FILTER/W712/23"
"EL51223","W712/23","Oil Filter","CHRYSLER","3250334","https://www.oilfilter-crossreference.com/convert/MANN-FILTER/W712/23"
"EL51223","W712/23","Oil Filter","CHRYSLER","5203217","https://www.oilfilter-crossreference.com/convert/MANN-FILTER/W712/23"
"EL51223","W712/23","Oil Filter","CHRYSLER","72674028","https://www.oilfilter-crossreference.com/convert/MANN-FILTER/W712/23"
"EL51223","W712/23","Oil Filter","CHRYSLER","8127168","https://www.oilfilter-crossreference.com/convert/MANN-FILTER/W712/23"
"EL51223","W712/23","Oil Filter","CHRYSLER","J3232126","https://www.oilfilter-crossreference.com/convert/MANN-FILTER/W712/23"
"EL51223","W712/23","Oil Filter","CHRYSLER","J3250334","https://www.oilfilter-crossreference.com/convert/MANN-FILTER/W712/23"
"EL51223","W712/23","Oil Filter","CHRYSLER","J8127168","https://www.oilfilter-crossreference.com/convert/MANN-FILTER/W712/23"
"EL51223","W712/23","Oil Filter","CITROEN","MLS000-155","https://www.oilfilter-crossreference.com/convert/MANN-FILTER/W712/23"
"EL51223","W712/23","Oil Filter","CITROEN","MLS000155","https://www.oilfilter-crossreference.com/convert/MANN-FILTER/W712/23"
"EL51223","W712/23","Oil Filter","FORD","1457512","https://www.oilfilter-crossreference.com/convert/MANN-FILTER/W712/23"
"EL51223","W712/23","Oil Filter","FORD","1462805","https://www.oilfilter-crossreference.com/convert/MANN-FILTER/W712/23"
"EL51223","W712/23","Oil Filter","FORD","1498014","https://www.oilfilter-crossreference.com/convert/MANN-FILTER/W712/23"
"EL51223","W712/23","Oil Filter","FORD","1536304","https://www.oilfilter-crossreference.com/convert/MANN-FILTER/W712/23"
"EL51223","W712/23","Oil Filter","FORD","1553370","https://www.oilfilter-crossreference.com/convert/MANN-FILTER/W712/23"
"EL51223","W712/23","Oil Filter","FORD","1555370","https://www.oilfilter-crossreference.com/convert/MANN-FILTER/W712/23"
"EL51223","W712/23","Oil Filter","FORD","1559937","https://www.oilfilter-crossreference.com/convert/MANN-FILTER/W712/23"
"EL51223","W712/23","Oil Filter","FORD","2735E-6714-B","https://www.oilfilter-crossreference.com/convert/MANN-FILTER/W712/23"
"EL51223","W712/23","Oil Filter","FORD","5002530","https://www.oilfilter-crossreference.com/convert/MANN-FILTER/W712/23"
"EL51223","W712/23","Oil Filter","FORD","5003329","https://www.oilfilter-crossreference.com/convert/MANN-FILTER/W712/23"
"EL51223","W712/23","Oil Filter","FORD","5003331","https://www.oilfilter-crossreference.com/convert/MANN-FILTER/W712/23"
"EL51223","W712/23","Oil Filter","FORD","5003930","https://www.oilfilter-crossreference.com/convert/MANN-FILTER/W712/23"
"EL51223","W712/23","Oil Filter","FORD","5003968","https://www.oilfilter-crossreference.com/convert/MANN-FILTER/W712/23"
"EL51223","W712/23","Oil Filter","FORD","5004926","https://www.oilfilter-crossreference.com/convert/MANN-FILTER/W712/23"
"EL51223","W712/23","Oil Filter","FORD","5011780","https://www.oilfilter-crossreference.com/convert/MANN-FILTER/W712/23"
"EL51223","W712/23","Oil Filter","FORD","5011782","https://www.oilfilter-crossreference.com/convert/MANN-FILTER/W712/23"
"EL51223","W712/23","Oil Filter","FORD","5013143","https://www.oilfilter-crossreference.com/convert/MANN-FILTER/W712/23"
"EL51223","W712/23","Oil Filter","FORD","5013319","https://www.oilfilter-crossreference.com/convert/MANN-FILTER/W712/23"
"EL51223","W712/23","Oil Filter","FORD","6041176","https://www.oilfilter-crossreference.com/convert/MANN-FILTER/W712/23"
"EL51223","W712/23","Oil Filter","FORD","691M-6714A/A","https://www.oilfilter-crossreference.com/convert/MANN-FILTER/W712/23"
"EL51223","W712/23","Oil Filter","FORD","77BM-6714-AA","https://www.oilfilter-crossreference.com/convert/MANN-FILTER/W712/23"
"EL51223","W712/23","Oil Filter","FORD","77BM-6714-C1A","https://www.oilfilter-crossreference.com/convert/MANN-FILTER/W712/23"
"EL51223","W712/23","Oil Filter","FORD","A700X6714AA","https://www.oilfilter-crossreference.com/convert/MANN-FILTER/W712/23"
"EL51223","W712/23","Oil Filter","FORD","A760X6714KA","https://www.oilfilter-crossreference.com/convert/MANN-FILTER/W712/23"
"EL51223","W712/23","Oil Filter","FORD","D0RY-6731-A","https://www.oilfilter-crossreference.com/convert/MANN-FILTER/W712/23"
"EL51223","W712/23","Oil Filter","FORD","D1PJ-6714-AA","https://www.oilfilter-crossreference.com/convert/MANN-FILTER/W712/23"
"EL51223","W712/23","Oil Filter","FORD","D1PZ-6731-A","https://www.oilfilter-crossreference.com/convert/MANN-FILTER/W712/23"
"EL51223","W712/23","Oil Filter","GENERAL-MOTORS","19160691","https://www.oilfilter-crossreference.com/convert/MANN-FILTER/W712/23"
"EL51223","W712/23","Oil Filter","GENERAL-MOTORS","19160694","https://www.oilfilter-crossreference.com/convert/MANN-FILTER/W712/23"
"EL51223","W712/23","Oil Filter","GENERAL-MOTORS","2-866-477","https://www.oilfilter-crossreference.com/convert/MANN-FILTER/W712/23"
"EL51223","W712/23","Oil Filter","GENERAL-MOTORS","6438162","https://www.oilfilter-crossreference.com/convert/MANN-FILTER/W712/23"
"EL51223","W712/23","Oil Filter","GENERAL-MOTORS","6439109","https://www.oilfilter-crossreference.com/convert/MANN-FILTER/W712/23"
"EL51223","W712/23","Oil Filter","GENERAL-MOTORS","650352","https://www.oilfilter-crossreference.com/convert/MANN-FILTER/W712/23"
"EL51223","W712/23","Oil Filter","GENERAL-MOTORS","7965051","https://www.oilfilter-crossreference.com/convert/MANN-FILTER/W712/23"
"EL51223","W712/23","Oil Filter","GENERAL-MOTORS","7976051","https://www.oilfilter-crossreference.com/convert/MANN-FILTER/W712/23"
"EL51223","W712/23","Oil Filter","GENERAL-MOTORS","7984225","https://www.oilfilter-crossreference.com/convert/MANN-FILTER/W712/23"
"EL51223","W712/23","Oil Filter","GENERAL-MOTORS","7984256","https://www.oilfilter-crossreference.com/convert/MANN-FILTER/W712/23"
"EL51223","W712/23","Oil Filter","GENERAL-MOTORS","90027778","https://www.oilfilter-crossreference.com/convert/MANN-FILTER/W712/23"
"EL51223","W712/23","Oil Filter","GENERAL-MOTORS","93156299","https://www.oilfilter-crossreference.com/convert/MANN-FILTER/W712/23"
"EL51223","W712/23","Oil Filter","GENERAL-MOTORS","93156958","https://www.oilfilter-crossreference.com/convert/MANN-FILTER/W712/23"
"EL51223","W712/23","Oil Filter","MITSUBISHI","J3232126","https://www.oilfilter-crossreference.com/convert/MANN-FILTER/W712/23"
"EL51223","W712/23","Oil Filter","MITSUBISHI","J3250334","https://www.oilfilter-crossreference.com/convert/MANN-FILTER/W712/23"
"EL51223","W712/23","Oil Filter","MITSUBISHI","N152H1010","https://www.oilfilter-crossreference.com/convert/MANN-FILTER/W712/23"
"EL51223","W712/23","Oil Filter","NISSAN","15208-H1010","https://www.oilfilter-crossreference.com/convert/MANN-FILTER/W712/23"
"EL51223","W712/23","Oil Filter","NISSAN","15208-H1011","https://www.oilfilter-crossreference.com/convert/MANN-FILTER/W712/23"
"EL51223","W712/23","Oil Filter","OPEL","09281199","https://www.oilfilter-crossreference.com/convert/MANN-FILTER/W712/23"
"EL51223","W712/23","Oil Filter","OPEL","2-866-477","https://www.oilfilter-crossreference.com/convert/MANN-FILTER/W712/23"
"EL51223","W712/23","Oil Filter","OPEL","2866477/VP","https://www.oilfilter-crossreference.com/convert/MANN-FILTER/W712/23"
"EL51223","W712/23","Oil Filter","OPEL","2866477VP","https://www.oilfilter-crossreference.com/convert/MANN-FILTER/W712/23"
"EL51223","W712/23","Oil Filter","OPEL","650352","https://www.oilfilter-crossreference.com/convert/MANN-FILTER/W712/23"
"EL51223","W712/23","Oil Filter","OPEL","650364","https://www.oilfilter-crossreference.com/convert/MANN-FILTER/W712/23"
"EL51223","W712/23","Oil Filter","OPEL","650365","https://www.oilfilter-crossreference.com/convert/MANN-FILTER/W712/23"
"EL51223","W712/23","Oil Filter","OPEL","650370","https://www.oilfilter-crossreference.com/convert/MANN-FILTER/W712/23"
"EL51223","W712/23","Oil Filter","OPEL","650371","https://www.oilfilter-crossreference.com/convert/MANN-FILTER/W712/23"
"EL51223","W712/23","Oil Filter","OPEL","650373","https://www.oilfilter-crossreference.com/convert/MANN-FILTER/W712/23"
"EL51223","W712/23","Oil Filter","OPEL","650400","https://www.oilfilter-crossreference.com/convert/MANN-FILTER/W712/23"
"EL51223","W712/23","Oil Filter","OPEL","7976051","https://www.oilfilter-crossreference.com/convert/MANN-FILTER/W712/23"
"EL51223","W712/23","Oil Filter","OPEL","90027778","https://www.oilfilter-crossreference.com/convert/MANN-FILTER/W712/23"
"EL51223","W712/23","Oil Filter","OPEL","9281199","https://www.oilfilter-crossreference.com/convert/MANN-FILTER/W712/23"
"EL51223","W712/23","Oil Filter","OPEL","VOF136","https://www.oilfilter-crossreference.com/convert/MANN-FILTER/W712/23"
"EL51223","W712/23","Oil Filter","OE","OF-1055","https://www.oilfilter-crossreference.com/convert/MANN-FILTER/W712/23"
"EL51223","W712/23","Oil Filter","OE","OF-1065","https://www.oilfilter-crossreference.com/convert/MANN-FILTER/W712/23"
"EL51223","W712/23","Oil Filter","OE","OF-250","https://www.oilfilter-crossreference.com/convert/MANN-FILTER/W712/23"
"EL51223","W712/23","Oil Filter","PEUGEOT","1109C5","https://www.oilfilter-crossreference.com/convert/MANN-FILTER/W712/23"
"EL51223","W712/23","Oil Filter","VAUXHALL","650364","https://www.oilfilter-crossreference.com/convert/MANN-FILTER/W712/23"
"EL51223","W712/23","Oil Filter","VAUXHALL","650365","https://www.oilfilter-crossreference.com/convert/MANN-FILTER/W712/23"
"EL51223","W712/23","Oil Filter","VAUXHALL","6696776","https://www.oilfilter-crossreference.com/convert/MANN-FILTER/W712/23"
"EL51223","W712/23","Oil Filter","VAUXHALL","7884256","https://www.oilfilter-crossreference.com/convert/MANN-FILTER/W712/23"
"EL51223","W712/23","Oil Filter","VAUXHALL","7965051","https://www.oilfilter-crossreference.com/convert/MANN-FILTER/W712/23"
"EL51223","W712/23","Oil Filter","VAUXHALL","7973235","https://www.oilfilter-crossreference.com/convert/MANN-FILTER/W712/23"
"EL51223","W712/23","Oil Filter","VAUXHALL","7973429","https://www.oilfilter-crossreference.com/convert/MANN-FILTER/W712/23"
"EL51223","W712/23","Oil Filter","VAUXHALL","7984256","https://www.oilfilter-crossreference.com/convert/MANN-FILTER/W712/23"
"EL51223","W712/23","Oil Filter","VAUXHALL","90027778","https://www.oilfilter-crossreference.com/convert/MANN-FILTER/W712/23"
"EL51223","W712/23","Oil Filter","VAUXHALL","93156299","https://www.oilfilter-crossreference.com/convert/MANN-FILTER/W712/23"
"EL51223","W712/23","Oil Filter","VAUXHALL","VOF136","https://www.oilfilter-crossreference.com/convert/MANN-FILTER/W712/23"
"EL51223","W712/23","Oil Filter","VW","034 115 561A","https://www.oilfilter-crossreference.com/convert/MANN-FILTER/W712/23"
"EL51223","W712/23","Oil Filter","VW","035 115 561","https://www.oilfilter-crossreference.com/convert/MANN-FILTER/W712/23"
"EL51223","W712/23","Oil Filter","VW","037 115 561","https://www.oilfilter-crossreference.com/convert/MANN-FILTER/W712/23"
"EL51223","W712/23","Oil Filter","VW","056 115 561","https://www.oilfilter-crossreference.com/convert/MANN-FILTER/W712/23"
"EL51223","W712/23","Oil Filter","VW","056 115 561A","https://www.oilfilter-crossreference.com/convert/MANN-FILTER/W712/23"
"EL51223","W712/23","Oil Filter","VW","056 115 561B","https://www.oilfilter-crossreference.com/convert/MANN-FILTER/W712/23"
"EL51223","W712/23","Oil Filter","VW","056 115 561C","https://www.oilfilter-crossreference.com/convert/MANN-FILTER/W712/23"
"EL51223","W712/23","Oil Filter","VW","056 115 561G","https://www.oilfilter-crossreference.com/convert/MANN-FILTER/W712/23"
"EL51223","W712/23","Oil Filter","VW","059 115 561A","https://www.oilfilter-crossreference.com/convert/MANN-FILTER/W712/23"
"EL51223","W712/23","Oil Filter","VW","059 115 561B","https://www.oilfilter-crossreference.com/convert/MANN-FILTER/W712/23"
"EL51223","W712/23","Oil Filter","VW","059 115 561C","https://www.oilfilter-crossreference.com/convert/MANN-FILTER/W712/23"
"EL51223","W712/23","Oil Filter","VW","06A 115 561","https://www.oilfilter-crossreference.com/convert/MANN-FILTER/W712/23"
"EL51223","W712/23","Oil Filter","VW","06A 115 561B","https://www.oilfilter-crossreference.com/convert/MANN-FILTER/W712/23"
"EL51223","W712/23","Oil Filter","VW","070 115 561","https://www.oilfilter-crossreference.com/convert/MANN-FILTER/W712/23"
"EL51223","W712/23","Oil Filter","VW","931 107 701 00","https://www.oilfilter-crossreference.com/convert/MANN-FILTER/W712/23"
"EL51224","W712/24","Oil Filter","BMW","11 42 1 266 773","https://www.oilfilter-crossreference.com/convert/MANN-FILTER/W712/24"
"EL51224","W712/24","Oil Filter","BMW","11 42 9 061 198","https://www.oilfilter-crossreference.com/convert/MANN-FILTER/W712/24"
"EL51224","W712/24","Oil Filter","CHRYSLER","3232126","https://www.oilfilter-crossreference.com/convert/MANN-FILTER/W712/24"
"EL51224","W712/24","Oil Filter","CHRYSLER","3250334","https://www.oilfilter-crossreference.com/convert/MANN-FILTER/W712/24"
"EL51224","W712/24","Oil Filter","CHRYSLER","5203217","https://www.oilfilter-crossreference.com/convert/MANN-FILTER/W712/24"
"EL51224","W712/24","Oil Filter","CHRYSLER","72674028","https://www.oilfilter-crossreference.com/convert/MANN-FILTER/W712/24"
"EL51224","W712/24","Oil Filter","CHRYSLER","8127168","https://www.oilfilter-crossreference.com/convert/MANN-FILTER/W712/24"
"EL51224","W712/24","Oil Filter","CHRYSLER","J3232126","https://www.oilfilter-crossreference.com/convert/MANN-FILTER/W712/24"
"EL51224","W712/24","Oil Filter","CHRYSLER","J3250334","https://www.oilfilter-crossreference.com/convert/MANN-FILTER/W712/24"
"EL51224","W712/24","Oil Filter","CHRYSLER","J8127168","https://www.oilfilter-crossreference.com/convert/MANN-FILTER/W712/24"
"EL51224","W712/24","Oil Filter","CITROEN","MLS000-155","https://www.oilfilter-crossreference.com/convert/MANN-FILTER/W712/24"
"EL51224","W712/24","Oil Filter","CITROEN","MLS000155","https://www.oilfilter-crossreference.com/convert/MANN-FILTER/W712/24"
"EL51224","W712/24","Oil Filter","FORD","1457512","https://www.oilfilter-crossreference.com/convert/MANN-FILTER/W712/24"
"EL51224","W712/24","Oil Filter","FORD","1462805","https://www.oilfilter-crossreference.com/convert/MANN-FILTER/W712/24"
"EL51224","W712/24","Oil Filter","FORD","1498014","https://www.oilfilter-crossreference.com/convert/MANN-FILTER/W712/24"
"EL51224","W712/24","Oil Filter","FORD","1536304","https://www.oilfilter-crossreference.com/convert/MANN-FILTER/W712/24"
"EL51224","W712/24","Oil Filter","FORD","1553370","https://www.oilfilter-crossreference.com/convert/MANN-FILTER/W712/24"
"EL51224","W712/24","Oil Filter","FORD","1555370","https://www.oilfilter-crossreference.com/convert/MANN-FILTER/W712/24"
"EL51224","W712/24","Oil Filter","FORD","1559937","https://www.oilfilter-crossreference.com/convert/MANN-FILTER/W712/24"
"EL51224","W712/24","Oil Filter","FORD","2735E-6714-B","https://www.oilfilter-crossreference.com/convert/MANN-FILTER/W712/24"
"EL51224","W712/24","Oil Filter","FORD","5002530","https://www.oilfilter-crossreference.com/convert/MANN-FILTER/W712/24"
"EL51224","W712/24","Oil Filter","FORD","5003329","https://www.oilfilter-crossreference.com/convert/MANN-FILTER/W712/24"
"EL51224","W712/24","Oil Filter","FORD","5003331","https://www.oilfilter-crossreference.com/convert/MANN-FILTER/W712/24"
"EL51224","W712/24","Oil Filter","FORD","5003930","https://www.oilfilter-crossreference.com/convert/MANN-FILTER/W712/24"
"EL51224","W712/24","Oil Filter","FORD","5003968","https://www.oilfilter-crossreference.com/convert/MANN-FILTER/W712/24"
"EL51224","W712/24","Oil Filter","FORD","5004926","https://www.oilfilter-crossreference.com/convert/MANN-FILTER/W712/24"
"EL51224","W712/24","Oil Filter","FORD","5011780","https://www.oilfilter-crossreference.com/convert/MANN-FILTER/W712/24"
"EL51224","W712/24","Oil Filter","FORD","5011782","https://www.oilfilter-crossreference.com/convert/MANN-FILTER/W712/24"
"EL51224","W712/24","Oil Filter","FORD","5013143","https://www.oilfilter-crossreference.com/convert/MANN-FILTER/W712/24"
"EL51224","W712/24","Oil Filter","FORD","5013319","https://www.oilfilter-crossreference.com/convert/MANN-FILTER/W712/24"
"EL51224","W712/24","Oil Filter","FORD","6041176","https://www.oilfilter-crossreference.com/convert/MANN-FILTER/W712/24"
"EL51224","W712/24","Oil Filter","FORD","691M-6714A/A","https://www.oilfilter-crossreference.com/convert/MANN-FILTER/W712/24"
"EL51224","W712/24","Oil Filter","FORD","77BM-6714-AA","https://www.oilfilter-crossreference.com/convert/MANN-FILTER/W712/24"
"EL51224","W712/24","Oil Filter","FORD","77BM-6714-C1A","https://www.oilfilter-crossreference.com/convert/MANN-FILTER/W712/24"
"EL51224","W712/24","Oil Filter","FORD","A700X6714AA","https://www.oilfilter-crossreference.com/convert/MANN-FILTER/W712/24"
"EL51224","W712/24","Oil Filter","FORD","A760X6714KA","https://www.oilfilter-crossreference.com/convert/MANN-FILTER/W712/24"
"EL51224","W712/24","Oil Filter","FORD","D0RY-6731-A","https://www.oilfilter-crossreference.com/convert/MANN-FILTER/W712/24"
"EL51224","W712/24","Oil Filter","FORD","D1PJ-6714-AA","https://www.oilfilter-crossreference.com/convert/MANN-FILTER/W712/24"
"EL51224","W712/24","Oil Filter","FORD","D1PZ-6731-A","https://www.oilfilter-crossreference.com/convert/MANN-FILTER/W712/24"
"EL51224","W712/24","Oil Filter","GENERAL-MOTORS","19160691","https://www.oilfilter-crossreference.com/convert/MANN-FILTER/W712/24"
"EL51224","W712/24","Oil Filter","GENERAL-MOTORS","19160694","https://www.oilfilter-crossreference.com/convert/MANN-FILTER/W712/24"
"EL51224","W712/24","Oil Filter","GENERAL-MOTORS","2-866-477","https://www.oilfilter-crossreference.com/convert/MANN-FILTER/W712/24"
"EL51224","W712/24","Oil Filter","GENERAL-MOTORS","6438162","https://www.oilfilter-crossreference.com/convert/MANN-FILTER/W712/24"
"EL51224","W712/24","Oil Filter","GENERAL-MOTORS","6439109","https://www.oilfilter-crossreference.com/convert/MANN-FILTER/W712/24"
"EL51224","W712/24","Oil Filter","GENERAL-MOTORS","650352","https://www.oilfilter-crossreference.com/convert/MANN-FILTER/W712/24"
"EL51224","W712/24","Oil Filter","GENERAL-MOTORS","7965051","https://www.oilfilter-crossreference.com/convert/MANN-FILTER/W712/24"
"EL51224","W712/24","Oil Filter","GENERAL-MOTORS","7976051","https://www.oilfilter-crossreference.com/convert/MANN-FILTER/W712/24"
"EL51224","W712/24","Oil Filter","GENERAL-MOTORS","7984225","https://www.oilfilter-crossreference.com/convert/MANN-FILTER/W712/24"
"EL51224","W712/24","Oil Filter","GENERAL-MOTORS","7984256","https://www.oilfilter-crossreference.com/convert/MANN-FILTER/W712/24"
"EL51224","W712/24","Oil Filter","GENERAL-MOTORS","90027778","https://www.oilfilter-crossreference.com/convert/MANN-FILTER/W712/24"
"EL51224","W712/24","Oil Filter","GENERAL-MOTORS","93156299","https://www.oilfilter-crossreference.com/convert/MANN-FILTER/W712/24"
"EL51224","W712/24","Oil Filter","GENERAL-MOTORS","93156958","https://www.oilfilter-crossreference.com/convert/MANN-FILTER/W712/24"
"EL51224","W712/24","Oil Filter","MITSUBISHI","J3232126","https://www.oilfilter-crossreference.com/convert/MANN-FILTER/W712/24"
"EL51224","W712/24","Oil Filter","MITSUBISHI","J3250334","https://www.oilfilter-crossreference.com/convert/MANN-FILTER/W712/24"
"EL51224","W712/24","Oil Filter","MITSUBISHI","N152H1010","https://www.oilfilter-crossreference.com/convert/MANN-FILTER/W712/24"
"EL51224","W712/24","Oil Filter","NISSAN","15208-H1010","https://www.oilfilter-crossreference.com/convert/MANN-FILTER/W712/24"
"EL51224","W712/24","Oil Filter","NISSAN","15208-H1011","https://www.oilfilter-crossreference.com/convert/MANN-FILTER/W712/24"
"EL51224","W712/24","Oil Filter","OPEL","09281199","https://www.oilfilter-crossreference.com/convert/MANN-FILTER/W712/24"
"EL51224","W712/24","Oil Filter","OPEL","2-866-477","https://www.oilfilter-crossreference.com/convert/MANN-FILTER/W712/24"
"EL51224","W712/24","Oil Filter","OPEL","2866477/VP","https://www.oilfilter-crossreference.com/convert/MANN-FILTER/W712/24"
"EL51224","W712/24","Oil Filter","OPEL","2866477VP","https://www.oilfilter-crossreference.com/convert/MANN-FILTER/W712/24"
"EL51224","W712/24","Oil Filter","OPEL","650352","https://www.oilfilter-crossreference.com/convert/MANN-FILTER/W712/24"
"EL51224","W712/24","Oil Filter","OPEL","650364","https://www.oilfilter-crossreference.com/convert/MANN-FILTER/W712/24"
"EL51224","W712/24","Oil Filter","OPEL","650365","https://www.oilfilter-crossreference.com/convert/MANN-FILTER/W712/24"
"EL51224","W712/24","Oil Filter","OPEL","650370","https://www.oilfilter-crossreference.com/convert/MANN-FILTER/W712/24"
"EL51224","W712/24","Oil Filter","OPEL","650371","https://www.oilfilter-crossreference.com/convert/MANN-FILTER/W712/24"
"EL51224","W712/24","Oil Filter","OPEL","650373","https://www.oilfilter-crossreference.com/convert/MANN-FILTER/W712/24"
"EL51224","W712/24","Oil Filter","OPEL","650400","https://www.oilfilter-crossreference.com/convert/MANN-FILTER/W712/24"
"EL51224","W712/24","Oil Filter","OPEL","7976051","https://www.oilfilter-crossreference.com/convert/MANN-FILTER/W712/24"
"EL51224","W712/24","Oil Filter","OPEL","90027778","https://www.oilfilter-crossreference.com/convert/MANN-FILTER/W712/24"
"EL51224","W712/24","Oil Filter","OPEL","9281199","https://www.oilfilter-crossreference.com/convert/MANN-FILTER/W712/24"
"EL51224","W712/24","Oil Filter","OPEL","VOF136","https://www.oilfilter-crossreference.com/convert/MANN-FILTER/W712/24"
"EL51224","W712/24","Oil Filter","OE","OF-1055","https://www.oilfilter-crossreference.com/convert/MANN-FILTER/W712/24"
"EL51224","W712/24","Oil Filter","OE","OF-1065","https://www.oilfilter-crossreference.com/convert/MANN-FILTER/W712/24"
"EL51224","W712/24","Oil Filter","OE","OF-250","https://www.oilfilter-crossreference.com/convert/MANN-FILTER/W712/24"
"EL51224","W712/24","Oil Filter","PEUGEOT","1109C5","https://www.oilfilter-crossreference.com/convert/MANN-FILTER/W712/24"
"EL51224","W712/24","Oil Filter","VAUXHALL","650364","https://www.oilfilter-crossreference.com/convert/MANN-FILTER/W712/24"
"EL51224","W712/24","Oil Filter","VAUXHALL","650365","https://www.oilfilter-crossreference.com/convert/MANN-FILTER/W712/24"
"EL51224","W712/24","Oil Filter","VAUXHALL","6696776","https://www.oilfilter-crossreference.com/convert/MANN-FILTER/W712/24"
"EL51224","W712/24","Oil Filter","VAUXHALL","7884256","https://www.oilfilter-crossreference.com/convert/MANN-FILTER/W712/24"
"EL51224","W712/24","Oil Filter","VAUXHALL","7965051","https://www.oilfilter-crossreference.com/convert/MANN-FILTER/W712/24"
"EL51224","W712/24","Oil Filter","VAUXHALL","7973235","https://www.oilfilter-crossreference.com/convert/MANN-FILTER/W712/24"
"EL51224","W712/24","Oil Filter","VAUXHALL","7973429","https://www.oilfilter-crossreference.com/convert/MANN-FILTER/W712/24"
"EL51224","W712/24","Oil Filter","VAUXHALL","7984256","https://www.oilfilter-crossreference.com/convert/MANN-FILTER/W712/24"
"EL51224","W712/24","Oil Filter","VAUXHALL","90027778","https://www.oilfilter-crossreference.com/convert/MANN-FILTER/W712/24"
"EL51224","W712/24","Oil Filter","VAUXHALL","93156299","https://www.oilfilter-crossreference.com/convert/MANN-FILTER/W712/24"
"EL51224","W712/24","Oil Filter","VAUXHALL","VOF136","https://www.oilfilter-crossreference.com/convert/MANN-FILTER/W712/24"
"EL51224","W712/24","Oil Filter","VW","034 115 561A","https://www.oilfilter-crossreference.com/convert/MANN-FILTER/W712/24"
"EL51224","W712/24","Oil Filter","VW","035 115 561","https://www.oilfilter-crossreference.com/convert/MANN-FILTER/W712/24"
"EL51224","W712/24","Oil Filter","VW","037 115 561","https://www.oilfilter-crossreference.com/convert/MANN-FILTER/W712/24"
"EL51224","W712/24","Oil Filter","VW","056 115 561","https://www.oilfilter-crossreference.com/convert/MANN-FILTER/W712/24"
"EL51224","W712/24","Oil Filter","VW","056 115 561A","https://www.oilfilter-crossreference.com/convert/MANN-FILTER/W712/24"
"EL51224","W712/24","Oil Filter","VW","056 115 561B","https://www.oilfilter-crossreference.com/convert/MANN-FILTER/W712/24"
"EL51224","W712/24","Oil Filter","VW","056 115 561C","https://www.oilfilter-crossreference.com/convert/MANN-FILTER/W712/24"
"EL51224","W712/24","Oil Filter","VW","056 115 561G","https://www.oilfilter-crossreference.com/convert/MANN-FILTER/W712/24"
"EL51224","W712/24","Oil Filter","VW","059 115 561A","https://www.oilfilter-crossreference.com/convert/MANN-FILTER/W712/24"
"EL51224","W712/24","Oil Filter","VW","059 115 561B","https://www.oilfilter-crossreference.com/convert/MANN-FILTER/W712/24"
"EL51224","W712/24","Oil Filter","VW","059 115 561C","https://www.oilfilter-crossreference.com/convert/MANN-FILTER/W712/24"
"EL51224","W712/24","Oil Filter","VW","06A 115 561","https://www.oilfilter-crossreference.com/convert/MANN-FILTER/W712/24"
"EL51224","W712/24","Oil Filter","VW","06A 115 561B","https://www.oilfilter-crossreference.com/convert/MANN-FILTER/W712/24"
"EL51224","W712/24","Oil Filter","VW","070 115 561","https://www.oilfilter-crossreference.com/convert/MANN-FILTER/W712/24"
"EL51224","W712/24","Oil Filter","VW","931 107 701 00","https://www.oilfilter-crossreference.com/convert/MANN-FILTER/W712/24"
"EL51226","W712/26","Oil Filter","BMW","11 42 1 266 773","https://www.oilfilter-crossreference.com/convert/MANN-FILTER/W712/26"
"EL51226","W712/26","Oil Filter","BMW","11 42 9 061 198","https://www.oilfilter-crossreference.com/convert/MANN-FILTER/W712/26"
"EL51226","W712/26","Oil Filter","CHRYSLER","3232126","https://www.oilfilter-crossreference.com/convert/MANN-FILTER/W712/26"
"EL51226","W712/26","Oil Filter","CHRYSLER","3250334","https://www.oilfilter-crossreference.com/convert/MANN-FILTER/W712/26"
"EL51226","W712/26","Oil Filter","CHRYSLER","5203217","https://www.oilfilter-crossreference.com/convert/MANN-FILTER/W712/26"
"EL51226","W712/26","Oil Filter","CHRYSLER","72674028","https://www.oilfilter-crossreference.com/convert/MANN-FILTER/W712/26"
"EL51226","W712/26","Oil Filter","CHRYSLER","8127168","https://www.oilfilter-crossreference.com/convert/MANN-FILTER/W712/26"
"EL51226","W712/26","Oil Filter","CHRYSLER","J3232126","https://www.oilfilter-crossreference.com/convert/MANN-FILTER/W712/26"
"EL51226","W712/26","Oil Filter","CHRYSLER","J3250334","https://www.oilfilter-crossreference.com/convert/MANN-FILTER/W712/26"
"EL51226","W712/26","Oil Filter","CHRYSLER","J8127168","https://www.oilfilter-crossreference.com/convert/MANN-FILTER/W712/26"
"EL51226","W712/26","Oil Filter","CITROEN","MLS000-155","https://www.oilfilter-crossreference.com/convert/MANN-FILTER/W712/26"
"EL51226","W712/26","Oil Filter","CITROEN","MLS000155","https://www.oilfilter-crossreference.com/convert/MANN-FILTER/W712/26"
"EL51226","W712/26","Oil Filter","FORD","1457512","https://www.oilfilter-crossreference.com/convert/MANN-FILTER/W712/26"
"EL51226","W712/26","Oil Filter","FORD","1462805","https://www.oilfilter-crossreference.com/convert/MANN-FILTER/W712/26"
"EL51226","W712/26","Oil Filter","FORD","1498014","https://www.oilfilter-crossreference.com/convert/MANN-FILTER/W712/26"
"EL51226","W712/26","Oil Filter","FORD","1536304","https://www.oilfilter-crossreference.com/convert/MANN-FILTER/W712/26"
"EL51226","W712/26","Oil Filter","FORD","1553370","https://www.oilfilter-crossreference.com/convert/MANN-FILTER/W712/26"
"EL51226","W712/26","Oil Filter","FORD","1555370","https://www.oilfilter-crossreference.com/convert/MANN-FILTER/W712/26"
"EL51226","W712/26","Oil Filter","FORD","1559937","https://www.oilfilter-crossreference.com/convert/MANN-FILTER/W712/26"
"EL51226","W712/26","Oil Filter","FORD","2735E-6714-B","https://www.oilfilter-crossreference.com/convert/MANN-FILTER/W712/26"
"EL51226","W712/26","Oil Filter","FORD","5002530","https://www.oilfilter-crossreference.com/convert/MANN-FILTER/W712/26"
"EL51226","W712/26","Oil Filter","FORD","5003329","https://www.oilfilter-crossreference.com/convert/MANN-FILTER/W712/26"
"EL51226","W712/26","Oil Filter","FORD","5003331","https://www.oilfilter-crossreference.com/convert/MANN-FILTER/W712/26"
"EL51226","W712/26","Oil Filter","FORD","5003930","https://www.oilfilter-crossreference.com/convert/MANN-FILTER/W712/26"
"EL51226","W712/26","Oil Filter","FORD","5003968","https://www.oilfilter-crossreference.com/convert/MANN-FILTER/W712/26"
"EL51226","W712/26","Oil Filter","FORD","5004926","https://www.oilfilter-crossreference.com/convert/MANN-FILTER/W712/26"
"EL51226","W712/26","Oil Filter","FORD","5011780","https://www.oilfilter-crossreference.com/convert/MANN-FILTER/W712/26"
"EL51226","W712/26","Oil Filter","FORD","5011782","https://www.oilfilter-crossreference.com/convert/MANN-FILTER/W712/26"
"EL51226","W712/26","Oil Filter","FORD","5013143","https://www.oilfilter-crossreference.com/convert/MANN-FILTER/W712/26"
"EL51226","W712/26","Oil Filter","FORD","5013319","https://www.oilfilter-crossreference.com/convert/MANN-FILTER/W712/26"
"EL51226","W712/26","Oil Filter","FORD","6041176","https://www.oilfilter-crossreference.com/convert/MANN-FILTER/W712/26"
"EL51226","W712/26","Oil Filter","FORD","691M-6714A/A","https://www.oilfilter-crossreference.com/convert/MANN-FILTER/W712/26"
"EL51226","W712/26","Oil Filter","FORD","77BM-6714-AA","https://www.oilfilter-crossreference.com/convert/MANN-FILTER/W712/26"
"EL51226","W712/26","Oil Filter","FORD","77BM-6714-C1A","https://www.oilfilter-crossreference.com/convert/MANN-FILTER/W712/26"
"EL51226","W712/26","Oil Filter","FORD","A700X6714AA","https://www.oilfilter-crossreference.com/convert/MANN-FILTER/W712/26"
"EL51226","W712/26","Oil Filter","FORD","A760X6714KA","https://www.oilfilter-crossreference.com/convert/MANN-FILTER/W712/26"
"EL51226","W712/26","Oil Filter","FORD","D0RY-6731-A","https://www.oilfilter-crossreference.com/convert/MANN-FILTER/W712/26"
"EL51226","W712/26","Oil Filter","FORD","D1PJ-6714-AA","https://www.oilfilter-crossreference.com/convert/MANN-FILTER/W712/26"
"EL51226","W712/26","Oil Filter","FORD","D1PZ-6731-A","https://www.oilfilter-crossreference.com/convert/MANN-FILTER/W712/26"
"EL51226","W712/26","Oil Filter","GENERAL-MOTORS","19160691","https://www.oilfilter-crossreference.com/convert/MANN-FILTER/W712/26"
"EL51226","W712/26","Oil Filter","GENERAL-MOTORS","19160694","https://www.oilfilter-crossreference.com/convert/MANN-FILTER/W712/26"
"EL51226","W712/26","Oil Filter","GENERAL-MOTORS","2-866-477","https://www.oilfilter-crossreference.com/convert/MANN-FILTER/W712/26"
"EL51226","W712/26","Oil Filter","GENERAL-MOTORS","6438162","https://www.oilfilter-crossreference.com/convert/MANN-FILTER/W712/26"
"EL51226","W712/26","Oil Filter","GENERAL-MOTORS","6439109","https://www.oilfilter-crossreference.com/convert/MANN-FILTER/W712/26"
"EL51226","W712/26","Oil Filter","GENERAL-MOTORS","650352","https://www.oilfilter-crossreference.com/convert/MANN-FILTER/W712/26"
"EL51226","W712/26","Oil Filter","GENERAL-MOTORS","7965051","https://www.oilfilter-crossreference.com/convert/MANN-FILTER/W712/26"
"EL51226","W712/26","Oil Filter","GENERAL-MOTORS","7976051","https://www.oilfilter-crossreference.com/convert/MANN-FILTER/W712/26"
"EL51226","W712/26","Oil Filter","GENERAL-MOTORS","7984225","https://www.oilfilter-crossreference.com/convert/MANN-FILTER/W712/26"
"EL51226","W712/26","Oil Filter","GENERAL-MOTORS","7984256","https://www.oilfilter-crossreference.com/convert/MANN-FILTER/W712/26"
"EL51226","W712/26","Oil Filter","GENERAL-MOTORS","90027778","https://www.oilfilter-crossreference.com/convert/MANN-FILTER/W712/26"
"EL51226","W712/26","Oil Filter","GENERAL-MOTORS","93156299","https://www.oilfilter-crossreference.com/convert/MANN-FILTER/W712/26"
"EL51226","W712/26","Oil Filter","GENERAL-MOTORS","93156958","https://www.oilfilter-crossreference.com/convert/MANN-FILTER/W712/26"
"EL51226","W712/26","Oil Filter","MITSUBISHI","J3232126","https://www.oilfilter-crossreference.com/convert/MANN-FILTER/W712/26"
"EL51226","W712/26","Oil Filter","MITSUBISHI","J3250334","https://www.oilfilter-crossreference.com/convert/MANN-FILTER/W712/26"
"EL51226","W712/26","Oil Filter","MITSUBISHI","N152H1010","https://www.oilfilter-crossreference.com/convert/MANN-FILTER/W712/26"
"EL51226","W712/26","Oil Filter","NISSAN","15208-H1010","https://www.oilfilter-crossreference.com/convert/MANN-FILTER/W712/26"
"EL51226","W712/26","Oil Filter","NISSAN","15208-H1011","https://www.oilfilter-crossreference.com/convert/MANN-FILTER/W712/26"
"EL51226","W712/26","Oil Filter","OPEL","09281199","https://www.oilfilter-crossreference.com/convert/MANN-FILTER/W712/26"
"EL51226","W712/26","Oil Filter","OPEL","2-866-477","https://www.oilfilter-crossreference.com/convert/MANN-FILTER/W712/26"
"EL51226","W712/26","Oil Filter","OPEL","2866477/VP","https://www.oilfilter-crossreference.com/convert/MANN-FILTER/W712/26"
"EL51226","W712/26","Oil Filter","OPEL","2866477VP","https://www.oilfilter-crossreference.com/convert/MANN-FILTER/W712/26"
"EL51226","W712/26","Oil Filter","OPEL","650352","https://www.oilfilter-crossreference.com/convert/MANN-FILTER/W712/26"
"EL51226","W712/26","Oil Filter","OPEL","650364","https://www.oilfilter-crossreference.com/convert/MANN-FILTER/W712/26"
"EL51226","W712/26","Oil Filter","OPEL","650365","https://www.oilfilter-crossreference.com/convert/MANN-FILTER/W712/26"
"EL51226","W712/26","Oil Filter","OPEL","650370","https://www.oilfilter-crossreference.com/convert/MANN-FILTER/W712/26"
"EL51226","W712/26","Oil Filter","OPEL","650371","https://www.oilfilter-crossreference.com/convert/MANN-FILTER/W712/26"
"EL51226","W712/26","Oil Filter","OPEL","650373","https://www.oilfilter-crossreference.com/convert/MANN-FILTER/W712/26"
"EL51226","W712/26","Oil Filter","OPEL","650400","https://www.oilfilter-crossreference.com/convert/MANN-FILTER/W712/26"
"EL51226","W712/26","Oil Filter","OPEL","7976051","https://www.oilfilter-crossreference.com/convert/MANN-FILTER/W712/26"
"EL51226","W712/26","Oil Filter","OPEL","90027778","https://www.oilfilter-crossreference.com/convert/MANN-FILTER/W712/26"
"EL51226","W712/26","Oil Filter","OPEL","9281199","https://www.oilfilter-crossreference.com/convert/MANN-FILTER/W712/26"
"EL51226","W712/26","Oil Filter","OPEL","VOF136","https://www.oilfilter-crossreference.com/convert/MANN-FILTER/W712/26"
"EL51226","W712/26","Oil Filter","OE","OF-1055","https://www.oilfilter-crossreference.com/convert/MANN-FILTER/W712/26"
"EL51226","W712/26","Oil Filter","OE","OF-1065","https://www.oilfilter-crossreference.com/convert/MANN-FILTER/W712/26"
"EL51226","W712/26","Oil Filter","OE","OF-250","https://www.oilfilter-crossreference.com/convert/MANN-FILTER/W712/26"
"EL51226","W712/26","Oil Filter","PEUGEOT","1109C5","https://www.oilfilter-crossreference.com/convert/MANN-FILTER/W712/26"
"EL51226","W712/26","Oil Filter","VAUXHALL","650364","https://www.oilfilter-crossreference.com/convert/MANN-FILTER/W712/26"
"EL51226","W712/26","Oil Filter","VAUXHALL","650365","https://www.oilfilter-crossreference.com/convert/MANN-FILTER/W712/26"
"EL51226","W712/26","Oil Filter","VAUXHALL","6696776","https://www.oilfilter-crossreference.com/convert/MANN-FILTER/W712/26"
"EL51226","W712/26","Oil Filter","VAUXHALL","7884256","https://www.oilfilter-crossreference.com/convert/MANN-FILTER/W712/26"
"EL51226","W712/26","Oil Filter","VAUXHALL","7965051","https://www.oilfilter-crossreference.com/convert/MANN-FILTER/W712/26"
"EL51226","W712/26","Oil Filter","VAUXHALL","7973235","https://www.oilfilter-crossreference.com/convert/MANN-FILTER/W712/26"
"EL51226","W712/26","Oil Filter","VAUXHALL","7973429","https://www.oilfilter-crossreference.com/convert/MANN-FILTER/W712/26"
"EL51226","W712/26","Oil Filter","VAUXHALL","7984256","https://www.oilfilter-crossreference.com/convert/MANN-FILTER/W712/26"
"EL51226","W712/26","Oil Filter","VAUXHALL","90027778","https://www.oilfilter-crossreference.com/convert/MANN-FILTER/W712/26"
"EL51226","W712/26","Oil Filter","VAUXHALL","93156299","https://www.oilfilter-crossreference.com/convert/MANN-FILTER/W712/26"
"EL51226","W712/26","Oil Filter","VAUXHALL","VOF136","https://www.oilfilter-crossreference.com/convert/MANN-FILTER/W712/26"
"EL51226","W712/26","Oil Filter","VW","034 115 561A","https://www.oilfilter-crossreference.com/convert/MANN-FILTER/W712/26"
"EL51226","W712/26","Oil Filter","VW","035 115 561","https://www.oilfilter-crossreference.com/convert/MANN-FILTER/W712/26"
"EL51226","W712/26","Oil Filter","VW","037 115 561","https://www.oilfilter-crossreference.com/convert/MANN-FILTER/W712/26"
"EL51226","W712/26","Oil Filter","VW","056 115 561","https://www.oilfilter-crossreference.com/convert/MANN-FILTER/W712/26"
"EL51226","W712/26","Oil Filter","VW","056 115 561A","https://www.oilfilter-crossreference.com/convert/MANN-FILTER/W712/26"
"EL51226","W712/26","Oil Filter","VW","056 115 561B","https://www.oilfilter-crossreference.com/convert/MANN-FILTER/W712/26"
"EL51226","W712/26","Oil Filter","VW","056 115 561C","https://www.oilfilter-crossreference.com/convert/MANN-FILTER/W712/26"
"EL51226","W712/26","Oil Filter","VW","056 115 561G","https://www.oilfilter-crossreference.com/convert/MANN-FILTER/W712/26"
"EL51226","W712/26","Oil Filter","VW","059 115 561A","https://www.oilfilter-crossreference.com/convert/MANN-FILTER/W712/26"
"EL51226","W712/26","Oil Filter","VW","059 115 561B","https://www.oilfilter-crossreference.com/convert/MANN-FILTER/W712/26"
"EL51226","W712/26","Oil Filter","VW","059 115 561C","https://www.oilfilter-crossreference.com/convert/MANN-FILTER/W712/26"
"EL51226","W712/26","Oil Filter","VW","06A 115 561","https://www.oilfilter-crossreference.com/convert/MANN-FILTER/W712/26"
"EL51226","W712/26","Oil Filter","VW","06A 115 561B","https://www.oilfilter-crossreference.com/convert/MANN-FILTER/W712/26"
"EL51226","W712/26","Oil Filter","VW","070 115 561","https://www.oilfilter-crossreference.com/convert/MANN-FILTER/W712/26"
"EL51226","W712/26","Oil Filter","VW","931 107 701 00","https://www.oilfilter-crossreference.com/convert/MANN-FILTER/W712/26"
"EL57122","W712/2N","Oil Filter","BMW","11 42 1 266 773","https://www.oilfilter-crossreference.com/convert/MANN-FILTER/W712/2N"
"EL57122","W712/2N","Oil Filter","BMW","11 42 9 061 198","https://www.oilfilter-crossreference.com/convert/MANN-FILTER/W712/2N"
"EL57122","W712/2N","Oil Filter","CHRYSLER","3232126","https://www.oilfilter-crossreference.com/convert/MANN-FILTER/W712/2N"
"EL57122","W712/2N","Oil Filter","CHRYSLER","3250334","https://www.oilfilter-crossreference.com/convert/MANN-FILTER/W712/2N"
"EL57122","W712/2N","Oil Filter","CHRYSLER","5203217","https://www.oilfilter-crossreference.com/convert/MANN-FILTER/W712/2N"
"EL57122","W712/2N","Oil Filter","CHRYSLER","72674028","https://www.oilfilter-crossreference.com/convert/MANN-FILTER/W712/2N"
"EL57122","W712/2N","Oil Filter","CHRYSLER","8127168","https://www.oilfilter-crossreference.com/convert/MANN-FILTER/W712/2N"
"EL57122","W712/2N","Oil Filter","CHRYSLER","J3232126","https://www.oilfilter-crossreference.com/convert/MANN-FILTER/W712/2N"
"EL57122","W712/2N","Oil Filter","CHRYSLER","J3250334","https://www.oilfilter-crossreference.com/convert/MANN-FILTER/W712/2N"
"EL57122","W712/2N","Oil Filter","CHRYSLER","J8127168","https://www.oilfilter-crossreference.com/convert/MANN-FILTER/W712/2N"
"EL57122","W712/2N","Oil Filter","CITROEN","MLS000-155","https://www.oilfilter-crossreference.com/convert/MANN-FILTER/W712/2N"
"EL57122","W712/2N","Oil Filter","CITROEN","MLS000155","https://www.oilfilter-crossreference.com/convert/MANN-FILTER/W712/2N"
"EL57122","W712/2N","Oil Filter","FORD","1457512","https://www.oilfilter-crossreference.com/convert/MANN-FILTER/W712/2N"
"EL57122","W712/2N","Oil Filter","FORD","1462805","https://www.oilfilter-crossreference.com/convert/MANN-FILTER/W712/2N"
"EL57122","W712/2N","Oil Filter","FORD","1498014","https://www.oilfilter-crossreference.com/convert/MANN-FILTER/W712/2N"
"EL57122","W712/2N","Oil Filter","FORD","1536304","https://www.oilfilter-crossreference.com/convert/MANN-FILTER/W712/2N"
"EL57122","W712/2N","Oil Filter","FORD","1553370","https://www.oilfilter-crossreference.com/convert/MANN-FILTER/W712/2N"
"EL57122","W712/2N","Oil Filter","FORD","1555370","https://www.oilfilter-crossreference.com/convert/MANN-FILTER/W712/2N"
"EL57122","W712/2N","Oil Filter","FORD","1559937","https://www.oilfilter-crossreference.com/convert/MANN-FILTER/W712/2N"
"EL57122","W712/2N","Oil Filter","FORD","2735E-6714-B","https://www.oilfilter-crossreference.com/convert/MANN-FILTER/W712/2N"
"EL57122","W712/2N","Oil Filter","FORD","5002530","https://www.oilfilter-crossreference.com/convert/MANN-FILTER/W712/2N"
"EL57122","W712/2N","Oil Filter","FORD","5003329","https://www.oilfilter-crossreference.com/convert/MANN-FILTER/W712/2N"
"EL57122","W712/2N","Oil Filter","FORD","5003331","https://www.oilfilter-crossreference.com/convert/MANN-FILTER/W712/2N"
"EL57122","W712/2N","Oil Filter","FORD","5003930","https://www.oilfilter-crossreference.com/convert/MANN-FILTER/W712/2N"
"EL57122","W712/2N","Oil Filter","FORD","5003968","https://www.oilfilter-crossreference.com/convert/MANN-FILTER/W712/2N"
"EL57122","W712/2N","Oil Filter","FORD","5004926","https://www.oilfilter-crossreference.com/convert/MANN-FILTER/W712/2N"
"EL57122","W712/2N","Oil Filter","FORD","5011780","https://www.oilfilter-crossreference.com/convert/MANN-FILTER/W712/2N"
"EL57122","W712/2N","Oil Filter","FORD","5011782","https://www.oilfilter-crossreference.com/convert/MANN-FILTER/W712/2N"
"EL57122","W712/2N","Oil Filter","FORD","5013143","https://www.oilfilter-crossreference.com/convert/MANN-FILTER/W712/2N"
"EL57122","W712/2N","Oil Filter","FORD","5013319","https://www.oilfilter-crossreference.com/convert/MANN-FILTER/W712/2N"
"EL57122","W712/2N","Oil Filter","FORD","6041176","https://www.oilfilter-crossreference.com/convert/MANN-FILTER/W712/2N"
"EL57122","W712/2N","Oil Filter","FORD","691M-6714A/A","https://www.oilfilter-crossreference.com/convert/MANN-FILTER/W712/2N"
"EL57122","W712/2N","Oil Filter","FORD","77BM-6714-AA","https://www.oilfilter-crossreference.com/convert/MANN-FILTER/W712/2N"
"EL57122","W712/2N","Oil Filter","FORD","77BM-6714-C1A","https://www.oilfilter-crossreference.com/convert/MANN-FILTER/W712/2N"
"EL57122","W712/2N","Oil Filter","FORD","A700X6714AA","https://www.oilfilter-crossreference.com/convert/MANN-FILTER/W712/2N"
"EL57122","W712/2N","Oil Filter","FORD","A760X6714KA","https://www.oilfilter-crossreference.com/convert/MANN-FILTER/W712/2N"
"EL57122","W712/2N","Oil Filter","FORD","D0RY-6731-A","https://www.oilfilter-crossreference.com/convert/MANN-FILTER/W712/2N"
"EL57122","W712/2N","Oil Filter","FORD","D1PJ-6714-AA","https://www.oilfilter-crossreference.com/convert/MANN-FILTER/W712/2N"
"EL57122","W712/2N","Oil Filter","FORD","D1PZ-6731-A","https://www.oilfilter-crossreference.com/convert/MANN-FILTER/W712/2N"
"EL57122","W712/2N","Oil Filter","GENERAL-MOTORS","19160691","https://www.oilfilter-crossreference.com/convert/MANN-FILTER/W712/2N"
"EL57122","W712/2N","Oil Filter","GENERAL-MOTORS","19160694","https://www.oilfilter-crossreference.com/convert/MANN-FILTER/W712/2N"
"EL57122","W712/2N","Oil Filter","GENERAL-MOTORS","2-866-477","https://www.oilfilter-crossreference.com/convert/MANN-FILTER/W712/2N"
"EL57122","W712/2N","Oil Filter","GENERAL-MOTORS","6438162","https://www.oilfilter-crossreference.com/convert/MANN-FILTER/W712/2N"
"EL57122","W712/2N","Oil Filter","GENERAL-MOTORS","6439109","https://www.oilfilter-crossreference.com/convert/MANN-FILTER/W712/2N"
"EL57122","W712/2N","Oil Filter","GENERAL-MOTORS","650352","https://www.oilfilter-crossreference.com/convert/MANN-FILTER/W712/2N"
"EL57122","W712/2N","Oil Filter","GENERAL-MOTORS","7965051","https://www.oilfilter-crossreference.com/convert/MANN-FILTER/W712/2N"
"EL57122","W712/2N","Oil Filter","GENERAL-MOTORS","7976051","https://www.oilfilter-crossreference.com/convert/MANN-FILTER/W712/2N"
"EL57122","W712/2N","Oil Filter","GENERAL-MOTORS","7984225","https://www.oilfilter-crossreference.com/convert/MANN-FILTER/W712/2N"
"EL57122","W712/2N","Oil Filter","GENERAL-MOTORS","7984256","https://www.oilfilter-crossreference.com/convert/MANN-FILTER/W712/2N"
"EL57122","W712/2N","Oil Filter","GENERAL-MOTORS","90027778","https://www.oilfilter-crossreference.com/convert/MANN-FILTER/W712/2N"
"EL57122","W712/2N","Oil Filter","GENERAL-MOTORS","93156299","https://www.oilfilter-crossreference.com/convert/MANN-FILTER/W712/2N"
"EL57122","W712/2N","Oil Filter","GENERAL-MOTORS","93156958","https://www.oilfilter-crossreference.com/convert/MANN-FILTER/W712/2N"
"EL57122","W712/2N","Oil Filter","MITSUBISHI","J3232126","https://www.oilfilter-crossreference.com/convert/MANN-FILTER/W712/2N"
"EL57122","W712/2N","Oil Filter","MITSUBISHI","J3250334","https://www.oilfilter-crossreference.com/convert/MANN-FILTER/W712/2N"
"EL57122","W712/2N","Oil Filter","MITSUBISHI","N152H1010","https://www.oilfilter-crossreference.com/convert/MANN-FILTER/W712/2N"
"EL57122","W712/2N","Oil Filter","NISSAN","15208-H1010","https://www.oilfilter-crossreference.com/convert/MANN-FILTER/W712/2N"
"EL57122","W712/2N","Oil Filter","NISSAN","15208-H1011","https://www.oilfilter-crossreference.com/convert/MANN-FILTER/W712/2N"
"EL57122","W712/2N","Oil Filter","OPEL","09281199","https://www.oilfilter-crossreference.com/convert/MANN-FILTER/W712/2N"
"EL57122","W712/2N","Oil Filter","OPEL","2-866-477","https://www.oilfilter-crossreference.com/convert/MANN-FILTER/W712/2N"
"EL57122","W712/2N","Oil Filter","OPEL","2866477/VP","https://www.oilfilter-crossreference.com/convert/MANN-FILTER/W712/2N"
"EL57122","W712/2N","Oil Filter","OPEL","2866477VP","https://www.oilfilter-crossreference.com/convert/MANN-FILTER/W712/2N"
"EL57122","W712/2N","Oil Filter","OPEL","650352","https://www.oilfilter-crossreference.com/convert/MANN-FILTER/W712/2N"
"EL57122","W712/2N","Oil Filter","OPEL","650364","https://www.oilfilter-crossreference.com/convert/MANN-FILTER/W712/2N"
"EL57122","W712/2N","Oil Filter","OPEL","650365","https://www.oilfilter-crossreference.com/convert/MANN-FILTER/W712/2N"
"EL57122","W712/2N","Oil Filter","OPEL","650370","https://www.oilfilter-crossreference.com/convert/MANN-FILTER/W712/2N"
"EL57122","W712/2N","Oil Filter","OPEL","650371","https://www.oilfilter-crossreference.com/convert/MANN-FILTER/W712/2N"
"EL57122","W712/2N","Oil Filter","OPEL","650373","https://www.oilfilter-crossreference.com/convert/MANN-FILTER/W712/2N"
"EL57122","W712/2N","Oil Filter","OPEL","650400","https://www.oilfilter-crossreference.com/convert/MANN-FILTER/W712/2N"
"EL57122","W712/2N","Oil Filter","OPEL","7976051","https://www.oilfilter-crossreference.com/convert/MANN-FILTER/W712/2N"
"EL57122","W712/2N","Oil Filter","OPEL","90027778","https://www.oilfilter-crossreference.com/convert/MANN-FILTER/W712/2N"
"EL57122","W712/2N","Oil Filter","OPEL","9281199","https://www.oilfilter-crossreference.com/convert/MANN-FILTER/W712/2N"
"EL57122","W712/2N","Oil Filter","OPEL","VOF136","https://www.oilfilter-crossreference.com/convert/MANN-FILTER/W712/2N"
"EL57122","W712/2N","Oil Filter","OE","OF-1055","https://www.oilfilter-crossreference.com/convert/MANN-FILTER/W712/2N"
"EL57122","W712/2N","Oil Filter","OE","OF-1065","https://www.oilfilter-crossreference.com/convert/MANN-FILTER/W712/2N"
"EL57122","W712/2N","Oil Filter","OE","OF-250","https://www.oilfilter-crossreference.com/convert/MANN-FILTER/W712/2N"
"EL57122","W712/2N","Oil Filter","PEUGEOT","1109C5","https://www.oilfilter-crossreference.com/convert/MANN-FILTER/W712/2N"
"EL57122","W712/2N","Oil Filter","VAUXHALL","650364","https://www.oilfilter-crossreference.com/convert/MANN-FILTER/W712/2N"
"EL57122","W712/2N","Oil Filter","VAUXHALL","650365","https://www.oilfilter-crossreference.com/convert/MANN-FILTER/W712/2N"
"EL57122","W712/2N","Oil Filter","VAUXHALL","6696776","https://www.oilfilter-crossreference.com/convert/MANN-FILTER/W712/2N"
"EL57122","W712/2N","Oil Filter","VAUXHALL","7884256","https://www.oilfilter-crossreference.com/convert/MANN-FILTER/W712/2N"
"EL57122","W712/2N","Oil Filter","VAUXHALL","7965051","https://www.oilfilter-crossreference.com/convert/MANN-FILTER/W712/2N"
"EL57122","W712/2N","Oil Filter","VAUXHALL","7973235","https://www.oilfilter-crossreference.com/convert/MANN-FILTER/W712/2N"
"EL57122","W712/2N","Oil Filter","VAUXHALL","7973429","https://www.oilfilter-crossreference.com/convert/MANN-FILTER/W712/2N"
"EL57122","W712/2N","Oil Filter","VAUXHALL","7984256","https://www.oilfilter-crossreference.com/convert/MANN-FILTER/W712/2N"
"EL57122","W712/2N","Oil Filter","VAUXHALL","90027778","https://www.oilfilter-crossreference.com/convert/MANN-FILTER/W712/2N"
"EL57122","W712/2N","Oil Filter","VAUXHALL","93156299","https://www.oilfilter-crossreference.com/convert/MANN-FILTER/W712/2N"
"EL57122","W712/2N","Oil Filter","VAUXHALL","VOF136","https://www.oilfilter-crossreference.com/convert/MANN-FILTER/W712/2N"
"EL57122","W712/2N","Oil Filter","VW","034 115 561A","https://www.oilfilter-crossreference.com/convert/MANN-FILTER/W712/2N"
"EL57122","W712/2N","Oil Filter","VW","035 115 561","https://www.oilfilter-crossreference.com/convert/MANN-FILTER/W712/2N"
"EL57122","W712/2N","Oil Filter","VW","037 115 561","https://www.oilfilter-crossreference.com/convert/MANN-FILTER/W712/2N"
"EL57122","W712/2N","Oil Filter","VW","056 115 561","https://www.oilfilter-crossreference.com/convert/MANN-FILTER/W712/2N"
"EL57122","W712/2N","Oil Filter","VW","056 115 561A","https://www.oilfilter-crossreference.com/convert/MANN-FILTER/W712/2N"
"EL57122","W712/2N","Oil Filter","VW","056 115 561B","https://www.oilfilter-crossreference.com/convert/MANN-FILTER/W712/2N"
"EL57122","W712/2N","Oil Filter","VW","056 115 561C","https://www.oilfilter-crossreference.com/convert/MANN-FILTER/W712/2N"
"EL57122","W712/2N","Oil Filter","VW","056 115 561G","https://www.oilfilter-crossreference.com/convert/MANN-FILTER/W712/2N"
"EL57122","W712/2N","Oil Filter","VW","059 115 561A","https://www.oilfilter-crossreference.com/convert/MANN-FILTER/W712/2N"
"EL57122","W712/2N","Oil Filter","VW","059 115 561B","https://www.oilfilter-crossreference.com/convert/MANN-FILTER/W712/2N"
"EL57122","W712/2N","Oil Filter","VW","059 115 561C","https://www.oilfilter-crossreference.com/convert/MANN-FILTER/W712/2N"
"EL57122","W712/2N","Oil Filter","VW","06A 115 561","https://www.oilfilter-crossreference.com/convert/MANN-FILTER/W712/2N"
"EL57122","W712/2N","Oil Filter","VW","06A 115 561B","https://www.oilfilter-crossreference.com/convert/MANN-FILTER/W712/2N"
"EL57122","W712/2N","Oil Filter","VW","070 115 561","https://www.oilfilter-crossreference.com/convert/MANN-FILTER/W712/2N"
"EL57122","W712/2N","Oil Filter","VW","931 107 701 00","https://www.oilfilter-crossreference.com/convert/MANN-FILTER/W712/2N"
"EL57123","W712/3","Oil Filter","BMW","11 42 1 266 773","https://www.oilfilter-crossreference.com/convert/MANN-FILTER/W712/3"
"EL57123","W712/3","Oil Filter","BMW","11 42 9 061 198","https://www.oilfilter-crossreference.com/convert/MANN-FILTER/W712/3"
"EL57123","W712/3","Oil Filter","CHRYSLER","3232126","https://www.oilfilter-crossreference.com/convert/MANN-FILTER/W712/3"
"EL57123","W712/3","Oil Filter","CHRYSLER","3250334","https://www.oilfilter-crossreference.com/convert/MANN-FILTER/W712/3"
"EL57123","W712/3","Oil Filter","CHRYSLER","5203217","https://www.oilfilter-crossreference.com/convert/MANN-FILTER/W712/3"
"EL57123","W712/3","Oil Filter","CHRYSLER","72674028","https://www.oilfilter-crossreference.com/convert/MANN-FILTER/W712/3"
"EL57123","W712/3","Oil Filter","CHRYSLER","8127168","https://www.oilfilter-crossreference.com/convert/MANN-FILTER/W712/3"
"EL57123","W712/3","Oil Filter","CHRYSLER","J3232126","https://www.oilfilter-crossreference.com/convert/MANN-FILTER/W712/3"
"EL57123","W712/3","Oil Filter","CHRYSLER","J3250334","https://www.oilfilter-crossreference.com/convert/MANN-FILTER/W712/3"
"EL57123","W712/3","Oil Filter","CHRYSLER","J8127168","https://www.oilfilter-crossreference.com/convert/MANN-FILTER/W712/3"
"EL57123","W712/3","Oil Filter","CITROEN","MLS000-155","https://www.oilfilter-crossreference.com/convert/MANN-FILTER/W712/3"
"EL57123","W712/3","Oil Filter","CITROEN","MLS000155","https://www.oilfilter-crossreference.com/convert/MANN-FILTER/W712/3"
"EL57123","W712/3","Oil Filter","FORD","1457512","https://www.oilfilter-crossreference.com/convert/MANN-FILTER/W712/3"
"EL57123","W712/3","Oil Filter","FORD","1462805","https://www.oilfilter-crossreference.com/convert/MANN-FILTER/W712/3"
"EL57123","W712/3","Oil Filter","FORD","1498014","https://www.oilfilter-crossreference.com/convert/MANN-FILTER/W712/3"
"EL57123","W712/3","Oil Filter","FORD","1536304","https://www.oilfilter-crossreference.com/convert/MANN-FILTER/W712/3"
"EL57123","W712/3","Oil Filter","FORD","1553370","https://www.oilfilter-crossreference.com/convert/MANN-FILTER/W712/3"
"EL57123","W712/3","Oil Filter","FORD","1555370","https://www.oilfilter-crossreference.com/convert/MANN-FILTER/W712/3"
"EL57123","W712/3","Oil Filter","FORD","1559937","https://www.oilfilter-crossreference.com/convert/MANN-FILTER/W712/3"
"EL57123","W712/3","Oil Filter","FORD","2735E-6714-B","https://www.oilfilter-crossreference.com/convert/MANN-FILTER/W712/3"
"EL57123","W712/3","Oil Filter","FORD","5002530","https://www.oilfilter-crossreference.com/convert/MANN-FILTER/W712/3"
"EL57123","W712/3","Oil Filter","FORD","5003329","https://www.oilfilter-crossreference.com/convert/MANN-FILTER/W712/3"
"EL57123","W712/3","Oil Filter","FORD","5003331","https://www.oilfilter-crossreference.com/convert/MANN-FILTER/W712/3"
"EL57123","W712/3","Oil Filter","FORD","5003930","https://www.oilfilter-crossreference.com/convert/MANN-FILTER/W712/3"
"EL57123","W712/3","Oil Filter","FORD","5003968","https://www.oilfilter-crossreference.com/convert/MANN-FILTER/W712/3"
"EL57123","W712/3","Oil Filter","FORD","5004926","https://www.oilfilter-crossreference.com/convert/MANN-FILTER/W712/3"
"EL57123","W712/3","Oil Filter","FORD","5011780","https://www.oilfilter-crossreference.com/convert/MANN-FILTER/W712/3"
"EL57123","W712/3","Oil Filter","FORD","5011782","https://www.oilfilter-crossreference.com/convert/MANN-FILTER/W712/3"
"EL57123","W712/3","Oil Filter","FORD","5013143","https://www.oilfilter-crossreference.com/convert/MANN-FILTER/W712/3"
"EL57123","W712/3","Oil Filter","FORD","5013319","https://www.oilfilter-crossreference.com/convert/MANN-FILTER/W712/3"
"EL57123","W712/3","Oil Filter","FORD","6041176","https://www.oilfilter-crossreference.com/convert/MANN-FILTER/W712/3"
"EL57123","W712/3","Oil Filter","FORD","691M-6714A/A","https://www.oilfilter-crossreference.com/convert/MANN-FILTER/W712/3"
"EL57123","W712/3","Oil Filter","FORD","77BM-6714-AA","https://www.oilfilter-crossreference.com/convert/MANN-FILTER/W712/3"
"EL57123","W712/3","Oil Filter","FORD","77BM-6714-C1A","https://www.oilfilter-crossreference.com/convert/MANN-FILTER/W712/3"
"EL57123","W712/3","Oil Filter","FORD","A700X6714AA","https://www.oilfilter-crossreference.com/convert/MANN-FILTER/W712/3"
"EL57123","W712/3","Oil Filter","FORD","A760X6714KA","https://www.oilfilter-crossreference.com/convert/MANN-FILTER/W712/3"
"EL57123","W712/3","Oil Filter","FORD","D0RY-6731-A","https://www.oilfilter-crossreference.com/convert/MANN-FILTER/W712/3"
"EL57123","W712/3","Oil Filter","FORD","D1PJ-6714-AA","https://www.oilfilter-crossreference.com/convert/MANN-FILTER/W712/3"
"EL57123","W712/3","Oil Filter","FORD","D1PZ-6731-A","https://www.oilfilter-crossreference.com/convert/MANN-FILTER/W712/3"
"EL57123","W712/3","Oil Filter","GENERAL-MOTORS","19160691","https://www.oilfilter-crossreference.com/convert/MANN-FILTER/W712/3"
"EL57123","W712/3","Oil Filter","GENERAL-MOTORS","19160694","https://www.oilfilter-crossreference.com/convert/MANN-FILTER/W712/3"
"EL57123","W712/3","Oil Filter","GENERAL-MOTORS","2-866-477","https://www.oilfilter-crossreference.com/convert/MANN-FILTER/W712/3"
"EL57123","W712/3","Oil Filter","GENERAL-MOTORS","6438162","https://www.oilfilter-crossreference.com/convert/MANN-FILTER/W712/3"
"EL57123","W712/3","Oil Filter","GENERAL-MOTORS","6439109","https://www.oilfilter-crossreference.com/convert/MANN-FILTER/W712/3"
"EL57123","W712/3","Oil Filter","GENERAL-MOTORS","650352","https://www.oilfilter-crossreference.com/convert/MANN-FILTER/W712/3"
"EL57123","W712/3","Oil Filter","GENERAL-MOTORS","7965051","https://www.oilfilter-crossreference.com/convert/MANN-FILTER/W712/3"
"EL57123","W712/3","Oil Filter","GENERAL-MOTORS","7976051","https://www.oilfilter-crossreference.com/convert/MANN-FILTER/W712/3"
"EL57123","W712/3","Oil Filter","GENERAL-MOTORS","7984225","https://www.oilfilter-crossreference.com/convert/MANN-FILTER/W712/3"
"EL57123","W712/3","Oil Filter","GENERAL-MOTORS","7984256","https://www.oilfilter-crossreference.com/convert/MANN-FILTER/W712/3"
"EL57123","W712/3","Oil Filter","GENERAL-MOTORS","90027778","https://www.oilfilter-crossreference.com/convert/MANN-FILTER/W712/3"
"EL57123","W712/3","Oil Filter","GENERAL-MOTORS","93156299","https://www.oilfilter-crossreference.com/convert/MANN-FILTER/W712/3"
"EL57123","W712/3","Oil Filter","GENERAL-MOTORS","93156958","https://www.oilfilter-crossreference.com/convert/MANN-FILTER/W712/3"
"EL57123","W712/3","Oil Filter","MITSUBISHI","J3232126","https://www.oilfilter-crossreference.com/convert/MANN-FILTER/W712/3"
"EL57123","W712/3","Oil Filter","MITSUBISHI","J3250334","https://www.oilfilter-crossreference.com/convert/MANN-FILTER/W712/3"
"EL57123","W712/3","Oil Filter","MITSUBISHI","N152H1010","https://www.oilfilter-crossreference.com/convert/MANN-FILTER/W712/3"
"EL57123","W712/3","Oil Filter","NISSAN","15208-H1010","https://www.oilfilter-crossreference.com/convert/MANN-FILTER/W712/3"
"EL57123","W712/3","Oil Filter","NISSAN","15208-H1011","https://www.oilfilter-crossreference.com/convert/MANN-FILTER/W712/3"
"EL57123","W712/3","Oil Filter","OPEL","09281199","https://www.oilfilter-crossreference.com/convert/MANN-FILTER/W712/3"
"EL57123","W712/3","Oil Filter","OPEL","2-866-477","https://www.oilfilter-crossreference.com/convert/MANN-FILTER/W712/3"
"EL57123","W712/3","Oil Filter","OPEL","2866477/VP","https://www.oilfilter-crossreference.com/convert/MANN-FILTER/W712/3"
"EL57123","W712/3","Oil Filter","OPEL","2866477VP","https://www.oilfilter-crossreference.com/convert/MANN-FILTER/W712/3"
"EL57123","W712/3","Oil Filter","OPEL","650352","https://www.oilfilter-crossreference.com/convert/MANN-FILTER/W712/3"
"EL57123","W712/3","Oil Filter","OPEL","650364","https://www.oilfilter-crossreference.com/convert/MANN-FILTER/W712/3"
"EL57123","W712/3","Oil Filter","OPEL","650365","https://www.oilfilter-crossreference.com/convert/MANN-FILTER/W712/3"
"EL57123","W712/3","Oil Filter","OPEL","650370","https://www.oilfilter-crossreference.com/convert/MANN-FILTER/W712/3"
"EL57123","W712/3","Oil Filter","OPEL","650371","https://www.oilfilter-crossreference.com/convert/MANN-FILTER/W712/3"
"EL57123","W712/3","Oil Filter","OPEL","650373","https://www.oilfilter-crossreference.com/convert/MANN-FILTER/W712/3"
"EL57123","W712/3","Oil Filter","OPEL","650400","https://www.oilfilter-crossreference.com/convert/MANN-FILTER/W712/3"
"EL57123","W712/3","Oil Filter","OPEL","7976051","https://www.oilfilter-crossreference.com/convert/MANN-FILTER/W712/3"
"EL57123","W712/3","Oil Filter","OPEL","90027778","https://www.oilfilter-crossreference.com/convert/MANN-FILTER/W712/3"
"EL57123","W712/3","Oil Filter","OPEL","9281199","https://www.oilfilter-crossreference.com/convert/MANN-FILTER/W712/3"
"EL57123","W712/3","Oil Filter","OPEL","VOF136","https://www.oilfilter-crossreference.com/convert/MANN-FILTER/W712/3"
"EL57123","W712/3","Oil Filter","OE","OF-1055","https://www.oilfilter-crossreference.com/convert/MANN-FILTER/W712/3"
"EL57123","W712/3","Oil Filter","OE","OF-1065","https://www.oilfilter-crossreference.com/convert/MANN-FILTER/W712/3"
"EL57123","W712/3","Oil Filter","OE","OF-250","https://www.oilfilter-crossreference.com/convert/MANN-FILTER/W712/3"
"EL57123","W712/3","Oil Filter","PEUGEOT","1109C5","https://www.oilfilter-crossreference.com/convert/MANN-FILTER/W712/3"
"EL57123","W712/3","Oil Filter","VAUXHALL","650364","https://www.oilfilter-crossreference.com/convert/MANN-FILTER/W712/3"
"EL57123","W712/3","Oil Filter","VAUXHALL","650365","https://www.oilfilter-crossreference.com/convert/MANN-FILTER/W712/3"
"EL57123","W712/3","Oil Filter","VAUXHALL","6696776","https://www.oilfilter-crossreference.com/convert/MANN-FILTER/W712/3"
"EL57123","W712/3","Oil Filter","VAUXHALL","7884256","https://www.oilfilter-crossreference.com/convert/MANN-FILTER/W712/3"
"EL57123","W712/3","Oil Filter","VAUXHALL","7965051","https://www.oilfilter-crossreference.com/convert/MANN-FILTER/W712/3"
"EL57123","W712/3","Oil Filter","VAUXHALL","7973235","https://www.oilfilter-crossreference.com/convert/MANN-FILTER/W712/3"
"EL57123","W712/3","Oil Filter","VAUXHALL","7973429","https://www.oilfilter-crossreference.com/convert/MANN-FILTER/W712/3"
"EL57123","W712/3","Oil Filter","VAUXHALL","7984256","https://www.oilfilter-crossreference.com/convert/MANN-FILTER/W712/3"
"EL57123","W712/3","Oil Filter","VAUXHALL","90027778","https://www.oilfilter-crossreference.com/convert/MANN-FILTER/W712/3"
"EL57123","W712/3","Oil Filter","VAUXHALL","93156299","https://www.oilfilter-crossreference.com/convert/MANN-FILTER/W712/3"
"EL57123","W712/3","Oil Filter","VAUXHALL","VOF136","https://www.oilfilter-crossreference.com/convert/MANN-FILTER/W712/3"
"EL57123","W712/3","Oil Filter","VW","034 115 561A","https://www.oilfilter-crossreference.com/convert/MANN-FILTER/W712/3"
"EL57123","W712/3","Oil Filter","VW","035 115 561","https://www.oilfilter-crossreference.com/convert/MANN-FILTER/W712/3"
"EL57123","W712/3","Oil Filter","VW","037 115 561","https://www.oilfilter-crossreference.com/convert/MANN-FILTER/W712/3"
"EL57123","W712/3","Oil Filter","VW","056 115 561","https://www.oilfilter-crossreference.com/convert/MANN-FILTER/W712/3"
"EL57123","W712/3","Oil Filter","VW","056 115 561A","https://www.oilfilter-crossreference.com/convert/MANN-FILTER/W712/3"
"EL57123","W712/3","Oil Filter","VW","056 115 561B","https://www.oilfilter-crossreference.com/convert/MANN-FILTER/W712/3"
"EL57123","W712/3","Oil Filter","VW","056 115 561C","https://www.oilfilter-crossreference.com/convert/MANN-FILTER/W712/3"
"EL57123","W712/3","Oil Filter","VW","056 115 561G","https://www.oilfilter-crossreference.com/convert/MANN-FILTER/W712/3"
"EL57123","W712/3","Oil Filter","VW","059 115 561A","https://www.oilfilter-crossreference.com/convert/MANN-FILTER/W712/3"
"EL57123","W712/3","Oil Filter","VW","059 115 561B","https://www.oilfilter-crossreference.com/convert/MANN-FILTER/W712/3"
"EL57123","W712/3","Oil Filter","VW","059 115 561C","https://www.oilfilter-crossreference.com/convert/MANN-FILTER/W712/3"
"EL57123","W712/3","Oil Filter","VW","06A 115 561","https://www.oilfilter-crossreference.com/convert/MANN-FILTER/W712/3"
"EL57123","W712/3","Oil Filter","VW","06A 115 561B","https://www.oilfilter-crossreference.com/convert/MANN-FILTER/W712/3"
"EL57123","W712/3","Oil Filter","VW","070 115 561","https://www.oilfilter-crossreference.com/convert/MANN-FILTER/W712/3"
"EL57123","W712/3","Oil Filter","VW","931 107 701 00","https://www.oilfilter-crossreference.com/convert/MANN-FILTER/W712/3"
"EL51234","W712/34","Oil Filter","BMW","11 42 1 266 773","https://www.oilfilter-crossreference.com/convert/MANN-FILTER/W712/34"
"EL51234","W712/34","Oil Filter","BMW","11 42 9 061 198","https://www.oilfilter-crossreference.com/convert/MANN-FILTER/W712/34"
"EL51234","W712/34","Oil Filter","CHRYSLER","3232126","https://www.oilfilter-crossreference.com/convert/MANN-FILTER/W712/34"
"EL51234","W712/34","Oil Filter","CHRYSLER","3250334","https://www.oilfilter-crossreference.com/convert/MANN-FILTER/W712/34"
"EL51234","W712/34","Oil Filter","CHRYSLER","5203217","https://www.oilfilter-crossreference.com/convert/MANN-FILTER/W712/34"
"EL51234","W712/34","Oil Filter","CHRYSLER","72674028","https://www.oilfilter-crossreference.com/convert/MANN-FILTER/W712/34"
"EL51234","W712/34","Oil Filter","CHRYSLER","8127168","https://www.oilfilter-crossreference.com/convert/MANN-FILTER/W712/34"
"EL51234","W712/34","Oil Filter","CHRYSLER","J3232126","https://www.oilfilter-crossreference.com/convert/MANN-FILTER/W712/34"
"EL51234","W712/34","Oil Filter","CHRYSLER","J3250334","https://www.oilfilter-crossreference.com/convert/MANN-FILTER/W712/34"
"EL51234","W712/34","Oil Filter","CHRYSLER","J8127168","https://www.oilfilter-crossreference.com/convert/MANN-FILTER/W712/34"
"EL51234","W712/34","Oil Filter","CITROEN","MLS000-155","https://www.oilfilter-crossreference.com/convert/MANN-FILTER/W712/34"
"EL51234","W712/34","Oil Filter","CITROEN","MLS000155","https://www.oilfilter-crossreference.com/convert/MANN-FILTER/W712/34"
"EL51234","W712/34","Oil Filter","FORD","1457512","https://www.oilfilter-crossreference.com/convert/MANN-FILTER/W712/34"
"EL51234","W712/34","Oil Filter","FORD","1462805","https://www.oilfilter-crossreference.com/convert/MANN-FILTER/W712/34"
"EL51234","W712/34","Oil Filter","FORD","1498014","https://www.oilfilter-crossreference.com/convert/MANN-FILTER/W712/34"
"EL51234","W712/34","Oil Filter","FORD","1536304","https://www.oilfilter-crossreference.com/convert/MANN-FILTER/W712/34"
"EL51234","W712/34","Oil Filter","FORD","1553370","https://www.oilfilter-crossreference.com/convert/MANN-FILTER/W712/34"
"EL51234","W712/34","Oil Filter","FORD","1555370","https://www.oilfilter-crossreference.com/convert/MANN-FILTER/W712/34"
"EL51234","W712/34","Oil Filter","FORD","1559937","https://www.oilfilter-crossreference.com/convert/MANN-FILTER/W712/34"
"EL51234","W712/34","Oil Filter","FORD","2735E-6714-B","https://www.oilfilter-crossreference.com/convert/MANN-FILTER/W712/34"
"EL51234","W712/34","Oil Filter","FORD","5002530","https://www.oilfilter-crossreference.com/convert/MANN-FILTER/W712/34"
"EL51234","W712/34","Oil Filter","FORD","5003329","https://www.oilfilter-crossreference.com/convert/MANN-FILTER/W712/34"
"EL51234","W712/34","Oil Filter","FORD","5003331","https://www.oilfilter-crossreference.com/convert/MANN-FILTER/W712/34"
"EL51234","W712/34","Oil Filter","FORD","5003930","https://www.oilfilter-crossreference.com/convert/MANN-FILTER/W712/34"
"EL51234","W712/34","Oil Filter","FORD","5003968","https://www.oilfilter-crossreference.com/convert/MANN-FILTER/W712/34"
"EL51234","W712/34","Oil Filter","FORD","5004926","https://www.oilfilter-crossreference.com/convert/MANN-FILTER/W712/34"
"EL51234","W712/34","Oil Filter","FORD","5011780","https://www.oilfilter-crossreference.com/convert/MANN-FILTER/W712/34"
"EL51234","W712/34","Oil Filter","FORD","5011782","https://www.oilfilter-crossreference.com/convert/MANN-FILTER/W712/34"
"EL51234","W712/34","Oil Filter","FORD","5013143","https://www.oilfilter-crossreference.com/convert/MANN-FILTER/W712/34"
"EL51234","W712/34","Oil Filter","FORD","5013319","https://www.oilfilter-crossreference.com/convert/MANN-FILTER/W712/34"
"EL51234","W712/34","Oil Filter","FORD","6041176","https://www.oilfilter-crossreference.com/convert/MANN-FILTER/W712/34"
"EL51234","W712/34","Oil Filter","FORD","691M-6714A/A","https://www.oilfilter-crossreference.com/convert/MANN-FILTER/W712/34"
"EL51234","W712/34","Oil Filter","FORD","77BM-6714-AA","https://www.oilfilter-crossreference.com/convert/MANN-FILTER/W712/34"
"EL51234","W712/34","Oil Filter","FORD","77BM-6714-C1A","https://www.oilfilter-crossreference.com/convert/MANN-FILTER/W712/34"
"EL51234","W712/34","Oil Filter","FORD","A700X6714AA","https://www.oilfilter-crossreference.com/convert/MANN-FILTER/W712/34"
"EL51234","W712/34","Oil Filter","FORD","A760X6714KA","https://www.oilfilter-crossreference.com/convert/MANN-FILTER/W712/34"
"EL51234","W712/34","Oil Filter","FORD","D0RY-6731-A","https://www.oilfilter-crossreference.com/convert/MANN-FILTER/W712/34"
"EL51234","W712/34","Oil Filter","FORD","D1PJ-6714-AA","https://www.oilfilter-crossreference.com/convert/MANN-FILTER/W712/34"
"EL51234","W712/34","Oil Filter","FORD","D1PZ-6731-A","https://www.oilfilter-crossreference.com/convert/MANN-FILTER/W712/34"
"EL51234","W712/34","Oil Filter","GENERAL-MOTORS","19160691","https://www.oilfilter-crossreference.com/convert/MANN-FILTER/W712/34"
"EL51234","W712/34","Oil Filter","GENERAL-MOTORS","19160694","https://www.oilfilter-crossreference.com/convert/MANN-FILTER/W712/34"
"EL51234","W712/34","Oil Filter","GENERAL-MOTORS","2-866-477","https://www.oilfilter-crossreference.com/convert/MANN-FILTER/W712/34"
"EL51234","W712/34","Oil Filter","GENERAL-MOTORS","6438162","https://www.oilfilter-crossreference.com/convert/MANN-FILTER/W712/34"
"EL51234","W712/34","Oil Filter","GENERAL-MOTORS","6439109","https://www.oilfilter-crossreference.com/convert/MANN-FILTER/W712/34"
"EL51234","W712/34","Oil Filter","GENERAL-MOTORS","650352","https://www.oilfilter-crossreference.com/convert/MANN-FILTER/W712/34"
"EL51234","W712/34","Oil Filter","GENERAL-MOTORS","7965051","https://www.oilfilter-crossreference.com/convert/MANN-FILTER/W712/34"
"EL51234","W712/34","Oil Filter","GENERAL-MOTORS","7976051","https://www.oilfilter-crossreference.com/convert/MANN-FILTER/W712/34"
"EL51234","W712/34","Oil Filter","GENERAL-MOTORS","7984225","https://www.oilfilter-crossreference.com/convert/MANN-FILTER/W712/34"
"EL51234","W712/34","Oil Filter","GENERAL-MOTORS","7984256","https://www.oilfilter-crossreference.com/convert/MANN-FILTER/W712/34"
"EL51234","W712/34","Oil Filter","GENERAL-MOTORS","90027778","https://www.oilfilter-crossreference.com/convert/MANN-FILTER/W712/34"
"EL51234","W712/34","Oil Filter","GENERAL-MOTORS","93156299","https://www.oilfilter-crossreference.com/convert/MANN-FILTER/W712/34"
"EL51234","W712/34","Oil Filter","GENERAL-MOTORS","93156958","https://www.oilfilter-crossreference.com/convert/MANN-FILTER/W712/34"
"EL51234","W712/34","Oil Filter","MITSUBISHI","J3232126","https://www.oilfilter-crossreference.com/convert/MANN-FILTER/W712/34"
"EL51234","W712/34","Oil Filter","MITSUBISHI","J3250334","https://www.oilfilter-crossreference.com/convert/MANN-FILTER/W712/34"
"EL51234","W712/34","Oil Filter","MITSUBISHI","N152H1010","https://www.oilfilter-crossreference.com/convert/MANN-FILTER/W712/34"
"EL51234","W712/34","Oil Filter","NISSAN","15208-H1010","https://www.oilfilter-crossreference.com/convert/MANN-FILTER/W712/34"
"EL51234","W712/34","Oil Filter","NISSAN","15208-H1011","https://www.oilfilter-crossreference.com/convert/MANN-FILTER/W712/34"
"EL51234","W712/34","Oil Filter","OPEL","09281199","https://www.oilfilter-crossreference.com/convert/MANN-FILTER/W712/34"
"EL51234","W712/34","Oil Filter","OPEL","2-866-477","https://www.oilfilter-crossreference.com/convert/MANN-FILTER/W712/34"
"EL51234","W712/34","Oil Filter","OPEL","2866477/VP","https://www.oilfilter-crossreference.com/convert/MANN-FILTER/W712/34"
"EL51234","W712/34","Oil Filter","OPEL","2866477VP","https://www.oilfilter-crossreference.com/convert/MANN-FILTER/W712/34"
"EL51234","W712/34","Oil Filter","OPEL","650352","https://www.oilfilter-crossreference.com/convert/MANN-FILTER/W712/34"
"EL51234","W712/34","Oil Filter","OPEL","650364","https://www.oilfilter-crossreference.com/convert/MANN-FILTER/W712/34"
"EL51234","W712/34","Oil Filter","OPEL","650365","https://www.oilfilter-crossreference.com/convert/MANN-FILTER/W712/34"
"EL51234","W712/34","Oil Filter","OPEL","650370","https://www.oilfilter-crossreference.com/convert/MANN-FILTER/W712/34"
"EL51234","W712/34","Oil Filter","OPEL","650371","https://www.oilfilter-crossreference.com/convert/MANN-FILTER/W712/34"
"EL51234","W712/34","Oil Filter","OPEL","650373","https://www.oilfilter-crossreference.com/convert/MANN-FILTER/W712/34"
"EL51234","W712/34","Oil Filter","OPEL","650400","https://www.oilfilter-crossreference.com/convert/MANN-FILTER/W712/34"
"EL51234","W712/34","Oil Filter","OPEL","7976051","https://www.oilfilter-crossreference.com/convert/MANN-FILTER/W712/34"
"EL51234","W712/34","Oil Filter","OPEL","90027778","https://www.oilfilter-crossreference.com/convert/MANN-FILTER/W712/34"
"EL51234","W712/34","Oil Filter","OPEL","9281199","https://www.oilfilter-crossreference.com/convert/MANN-FILTER/W712/34"
"EL51234","W712/34","Oil Filter","OPEL","VOF136","https://www.oilfilter-crossreference.com/convert/MANN-FILTER/W712/34"
"EL51234","W712/34","Oil Filter","OE","OF-1055","https://www.oilfilter-crossreference.com/convert/MANN-FILTER/W712/34"
"EL51234","W712/34","Oil Filter","OE","OF-1065","https://www.oilfilter-crossreference.com/convert/MANN-FILTER/W712/34"
"EL51234","W712/34","Oil Filter","OE","OF-250","https://www.oilfilter-crossreference.com/convert/MANN-FILTER/W712/34"
"EL51234","W712/34","Oil Filter","PEUGEOT","1109C5","https://www.oilfilter-crossreference.com/convert/MANN-FILTER/W712/34"
"EL51234","W712/34","Oil Filter","VAUXHALL","650364","https://www.oilfilter-crossreference.com/convert/MANN-FILTER/W712/34"
"EL51234","W712/34","Oil Filter","VAUXHALL","650365","https://www.oilfilter-crossreference.com/convert/MANN-FILTER/W712/34"
"EL51234","W712/34","Oil Filter","VAUXHALL","6696776","https://www.oilfilter-crossreference.com/convert/MANN-FILTER/W712/34"
"EL51234","W712/34","Oil Filter","VAUXHALL","7884256","https://www.oilfilter-crossreference.com/convert/MANN-FILTER/W712/34"
"EL51234","W712/34","Oil Filter","VAUXHALL","7965051","https://www.oilfilter-crossreference.com/convert/MANN-FILTER/W712/34"
"EL51234","W712/34","Oil Filter","VAUXHALL","7973235","https://www.oilfilter-crossreference.com/convert/MANN-FILTER/W712/34"
"EL51234","W712/34","Oil Filter","VAUXHALL","7973429","https://www.oilfilter-crossreference.com/convert/MANN-FILTER/W712/34"
"EL51234","W712/34","Oil Filter","VAUXHALL","7984256","https://www.oilfilter-crossreference.com/convert/MANN-FILTER/W712/34"
"EL51234","W712/34","Oil Filter","VAUXHALL","90027778","https://www.oilfilter-crossreference.com/convert/MANN-FILTER/W712/34"
"EL51234","W712/34","Oil Filter","VAUXHALL","93156299","https://www.oilfilter-crossreference.com/convert/MANN-FILTER/W712/34"
"EL51234","W712/34","Oil Filter","VAUXHALL","VOF136","https://www.oilfilter-crossreference.com/convert/MANN-FILTER/W712/34"
"EL51234","W712/34","Oil Filter","VW","034 115 561A","https://www.oilfilter-crossreference.com/convert/MANN-FILTER/W712/34"
"EL51234","W712/34","Oil Filter","VW","035 115 561","https://www.oilfilter-crossreference.com/convert/MANN-FILTER/W712/34"
"EL51234","W712/34","Oil Filter","VW","037 115 561","https://www.oilfilter-crossreference.com/convert/MANN-FILTER/W712/34"
"EL51234","W712/34","Oil Filter","VW","056 115 561","https://www.oilfilter-crossreference.com/convert/MANN-FILTER/W712/34"
"EL51234","W712/34","Oil Filter","VW","056 115 561A","https://www.oilfilter-crossreference.com/convert/MANN-FILTER/W712/34"
"EL51234","W712/34","Oil Filter","VW","056 115 561B","https://www.oilfilter-crossreference.com/convert/MANN-FILTER/W712/34"
"EL51234","W712/34","Oil Filter","VW","056 115 561C","https://www.oilfilter-crossreference.com/convert/MANN-FILTER/W712/34"
"EL51234","W712/34","Oil Filter","VW","056 115 561G","https://www.oilfilter-crossreference.com/convert/MANN-FILTER/W712/34"
"EL51234","W712/34","Oil Filter","VW","059 115 561A","https://www.oilfilter-crossreference.com/convert/MANN-FILTER/W712/34"
"EL51234","W712/34","Oil Filter","VW","059 115 561B","https://www.oilfilter-crossreference.com/convert/MANN-FILTER/W712/34"
"EL51234","W712/34","Oil Filter","VW","059 115 561C","https://www.oilfilter-crossreference.com/convert/MANN-FILTER/W712/34"
"EL51234","W712/34","Oil Filter","VW","06A 115 561","https://www.oilfilter-crossreference.com/convert/MANN-FILTER/W712/34"
"EL51234","W712/34","Oil Filter","VW","06A 115 561B","https://www.oilfilter-crossreference.com/convert/MANN-FILTER/W712/34"
"EL51234","W712/34","Oil Filter","VW","070 115 561","https://www.oilfilter-crossreference.com/convert/MANN-FILTER/W712/34"
"EL51234","W712/34","Oil Filter","VW","931 107 701 00","https://www.oilfilter-crossreference.com/convert/MANN-FILTER/W712/34"
"EL53410","W712/34(10)","Oil Filter","BMW","11 42 1 266 773","https://www.oilfilter-crossreference.com/convert/MANN-FILTER/W712/34(10)"
"EL53410","W712/34(10)","Oil Filter","BMW","11 42 9 061 198","https://www.oilfilter-crossreference.com/convert/MANN-FILTER/W712/34(10)"
"EL53410","W712/34(10)","Oil Filter","CHRYSLER","3232126","https://www.oilfilter-crossreference.com/convert/MANN-FILTER/W712/34(10)"
"EL53410","W712/34(10)","Oil Filter","CHRYSLER","3250334","https://www.oilfilter-crossreference.com/convert/MANN-FILTER/W712/34(10)"
"EL53410","W712/34(10)","Oil Filter","CHRYSLER","5203217","https://www.oilfilter-crossreference.com/convert/MANN-FILTER/W712/34(10)"
"EL53410","W712/34(10)","Oil Filter","CHRYSLER","72674028","https://www.oilfilter-crossreference.com/convert/MANN-FILTER/W712/34(10)"
"EL53410","W712/34(10)","Oil Filter","CHRYSLER","8127168","https://www.oilfilter-crossreference.com/convert/MANN-FILTER/W712/34(10)"
"EL53410","W712/34(10)","Oil Filter","CHRYSLER","J3232126","https://www.oilfilter-crossreference.com/convert/MANN-FILTER/W712/34(10)"
"EL53410","W712/34(10)","Oil Filter","CHRYSLER","J3250334","https://www.oilfilter-crossreference.com/convert/MANN-FILTER/W712/34(10)"
"EL53410","W712/34(10)","Oil Filter","CHRYSLER","J8127168","https://www.oilfilter-crossreference.com/convert/MANN-FILTER/W712/34(10)"
"EL53410","W712/34(10)","Oil Filter","CITROEN","MLS000-155","https://www.oilfilter-crossreference.com/convert/MANN-FILTER/W712/34(10)"
"EL53410","W712/34(10)","Oil Filter","CITROEN","MLS000155","https://www.oilfilter-crossreference.com/convert/MANN-FILTER/W712/34(10)"
"EL53410","W712/34(10)","Oil Filter","FORD","1457512","https://www.oilfilter-crossreference.com/convert/MANN-FILTER/W712/34(10)"
"EL53410","W712/34(10)","Oil Filter","FORD","1462805","https://www.oilfilter-crossreference.com/convert/MANN-FILTER/W712/34(10)"
"EL53410","W712/34(10)","Oil Filter","FORD","1498014","https://www.oilfilter-crossreference.com/convert/MANN-FILTER/W712/34(10)"
"EL53410","W712/34(10)","Oil Filter","FORD","1536304","https://www.oilfilter-crossreference.com/convert/MANN-FILTER/W712/34(10)"
"EL53410","W712/34(10)","Oil Filter","FORD","1553370","https://www.oilfilter-crossreference.com/convert/MANN-FILTER/W712/34(10)"
"EL53410","W712/34(10)","Oil Filter","FORD","1555370","https://www.oilfilter-crossreference.com/convert/MANN-FILTER/W712/34(10)"
"EL53410","W712/34(10)","Oil Filter","FORD","1559937","https://www.oilfilter-crossreference.com/convert/MANN-FILTER/W712/34(10)"
"EL53410","W712/34(10)","Oil Filter","FORD","2735E-6714-B","https://www.oilfilter-crossreference.com/convert/MANN-FILTER/W712/34(10)"
"EL53410","W712/34(10)","Oil Filter","FORD","5002530","https://www.oilfilter-crossreference.com/convert/MANN-FILTER/W712/34(10)"
"EL53410","W712/34(10)","Oil Filter","FORD","5003329","https://www.oilfilter-crossreference.com/convert/MANN-FILTER/W712/34(10)"
"EL53410","W712/34(10)","Oil Filter","FORD","5003331","https://www.oilfilter-crossreference.com/convert/MANN-FILTER/W712/34(10)"
"EL53410","W712/34(10)","Oil Filter","FORD","5003930","https://www.oilfilter-crossreference.com/convert/MANN-FILTER/W712/34(10)"
"EL53410","W712/34(10)","Oil Filter","FORD","5003968","https://www.oilfilter-crossreference.com/convert/MANN-FILTER/W712/34(10)"
"EL53410","W712/34(10)","Oil Filter","FORD","5004926","https://www.oilfilter-crossreference.com/convert/MANN-FILTER/W712/34(10)"
"EL53410","W712/34(10)","Oil Filter","FORD","5011780","https://www.oilfilter-crossreference.com/convert/MANN-FILTER/W712/34(10)"
"EL53410","W712/34(10)","Oil Filter","FORD","5011782","https://www.oilfilter-crossreference.com/convert/MANN-FILTER/W712/34(10)"
"EL53410","W712/34(10)","Oil Filter","FORD","5013143","https://www.oilfilter-crossreference.com/convert/MANN-FILTER/W712/34(10)"
"EL53410","W712/34(10)","Oil Filter","FORD","5013319","https://www.oilfilter-crossreference.com/convert/MANN-FILTER/W712/34(10)"
"EL53410","W712/34(10)","Oil Filter","FORD","6041176","https://www.oilfilter-crossreference.com/convert/MANN-FILTER/W712/34(10)"
"EL53410","W712/34(10)","Oil Filter","FORD","691M-6714A/A","https://www.oilfilter-crossreference.com/convert/MANN-FILTER/W712/34(10)"
"EL53410","W712/34(10)","Oil Filter","FORD","77BM-6714-AA","https://www.oilfilter-crossreference.com/convert/MANN-FILTER/W712/34(10)"
"EL53410","W712/34(10)","Oil Filter","FORD","77BM-6714-C1A","https://www.oilfilter-crossreference.com/convert/MANN-FILTER/W712/34(10)"
"EL53410","W712/34(10)","Oil Filter","FORD","A700X6714AA","https://www.oilfilter-crossreference.com/convert/MANN-FILTER/W712/34(10)"
"EL53410","W712/34(10)","Oil Filter","FORD","A760X6714KA","https://www.oilfilter-crossreference.com/convert/MANN-FILTER/W712/34(10)"
"EL53410","W712/34(10)","Oil Filter","FORD","D0RY-6731-A","https://www.oilfilter-crossreference.com/convert/MANN-FILTER/W712/34(10)"
"EL53410","W712/34(10)","Oil Filter","FORD","D1PJ-6714-AA","https://www.oilfilter-crossreference.com/convert/MANN-FILTER/W712/34(10)"
"EL53410","W712/34(10)","Oil Filter","FORD","D1PZ-6731-A","https://www.oilfilter-crossreference.com/convert/MANN-FILTER/W712/34(10)"
"EL53410","W712/34(10)","Oil Filter","GENERAL-MOTORS","19160691","https://www.oilfilter-crossreference.com/convert/MANN-FILTER/W712/34(10)"
"EL53410","W712/34(10)","Oil Filter","GENERAL-MOTORS","19160694","https://www.oilfilter-crossreference.com/convert/MANN-FILTER/W712/34(10)"
"EL53410","W712/34(10)","Oil Filter","GENERAL-MOTORS","2-866-477","https://www.oilfilter-crossreference.com/convert/MANN-FILTER/W712/34(10)"
"EL53410","W712/34(10)","Oil Filter","GENERAL-MOTORS","6438162","https://www.oilfilter-crossreference.com/convert/MANN-FILTER/W712/34(10)"
"EL53410","W712/34(10)","Oil Filter","GENERAL-MOTORS","6439109","https://www.oilfilter-crossreference.com/convert/MANN-FILTER/W712/34(10)"
"EL53410","W712/34(10)","Oil Filter","GENERAL-MOTORS","650352","https://www.oilfilter-crossreference.com/convert/MANN-FILTER/W712/34(10)"
"EL53410","W712/34(10)","Oil Filter","GENERAL-MOTORS","7965051","https://www.oilfilter-crossreference.com/convert/MANN-FILTER/W712/34(10)"
"EL53410","W712/34(10)","Oil Filter","GENERAL-MOTORS","7976051","https://www.oilfilter-crossreference.com/convert/MANN-FILTER/W712/34(10)"
"EL53410","W712/34(10)","Oil Filter","GENERAL-MOTORS","7984225","https://www.oilfilter-crossreference.com/convert/MANN-FILTER/W712/34(10)"
"EL53410","W712/34(10)","Oil Filter","GENERAL-MOTORS","7984256","https://www.oilfilter-crossreference.com/convert/MANN-FILTER/W712/34(10)"
"EL53410","W712/34(10)","Oil Filter","GENERAL-MOTORS","90027778","https://www.oilfilter-crossreference.com/convert/MANN-FILTER/W712/34(10)"
"EL53410","W712/34(10)","Oil Filter","GENERAL-MOTORS","93156299","https://www.oilfilter-crossreference.com/convert/MANN-FILTER/W712/34(10)"
"EL53410","W712/34(10)","Oil Filter","GENERAL-MOTORS","93156958","https://www.oilfilter-crossreference.com/convert/MANN-FILTER/W712/34(10)"
"EL53410","W712/34(10)","Oil Filter","MITSUBISHI","J3232126","https://www.oilfilter-crossreference.com/convert/MANN-FILTER/W712/34(10)"
"EL53410","W712/34(10)","Oil Filter","MITSUBISHI","J3250334","https://www.oilfilter-crossreference.com/convert/MANN-FILTER/W712/34(10)"
"EL53410","W712/34(10)","Oil Filter","MITSUBISHI","N152H1010","https://www.oilfilter-crossreference.com/convert/MANN-FILTER/W712/34(10)"
"EL53410","W712/34(10)","Oil Filter","NISSAN","15208-H1010","https://www.oilfilter-crossreference.com/convert/MANN-FILTER/W712/34(10)"
"EL53410","W712/34(10)","Oil Filter","NISSAN","15208-H1011","https://www.oilfilter-crossreference.com/convert/MANN-FILTER/W712/34(10)"
"EL53410","W712/34(10)","Oil Filter","OPEL","09281199","https://www.oilfilter-crossreference.com/convert/MANN-FILTER/W712/34(10)"
"EL53410","W712/34(10)","Oil Filter","OPEL","2-866-477","https://www.oilfilter-crossreference.com/convert/MANN-FILTER/W712/34(10)"
"EL53410","W712/34(10)","Oil Filter","OPEL","2866477/VP","https://www.oilfilter-crossreference.com/convert/MANN-FILTER/W712/34(10)"
"EL53410","W712/34(10)","Oil Filter","OPEL","2866477VP","https://www.oilfilter-crossreference.com/convert/MANN-FILTER/W712/34(10)"
"EL53410","W712/34(10)","Oil Filter","OPEL","650352","https://www.oilfilter-crossreference.com/convert/MANN-FILTER/W712/34(10)"
"EL53410","W712/34(10)","Oil Filter","OPEL","650364","https://www.oilfilter-crossreference.com/convert/MANN-FILTER/W712/34(10)"
"EL53410","W712/34(10)","Oil Filter","OPEL","650365","https://www.oilfilter-crossreference.com/convert/MANN-FILTER/W712/34(10)"
"EL53410","W712/34(10)","Oil Filter","OPEL","650370","https://www.oilfilter-crossreference.com/convert/MANN-FILTER/W712/34(10)"
"EL53410","W712/34(10)","Oil Filter","OPEL","650371","https://www.oilfilter-crossreference.com/convert/MANN-FILTER/W712/34(10)"
"EL53410","W712/34(10)","Oil Filter","OPEL","650373","https://www.oilfilter-crossreference.com/convert/MANN-FILTER/W712/34(10)"
"EL53410","W712/34(10)","Oil Filter","OPEL","650400","https://www.oilfilter-crossreference.com/convert/MANN-FILTER/W712/34(10)"
"EL53410","W712/34(10)","Oil Filter","OPEL","7976051","https://www.oilfilter-crossreference.com/convert/MANN-FILTER/W712/34(10)"
"EL53410","W712/34(10)","Oil Filter","OPEL","90027778","https://www.oilfilter-crossreference.com/convert/MANN-FILTER/W712/34(10)"
"EL53410","W712/34(10)","Oil Filter","OPEL","9281199","https://www.oilfilter-crossreference.com/convert/MANN-FILTER/W712/34(10)"
"EL53410","W712/34(10)","Oil Filter","OPEL","VOF136","https://www.oilfilter-crossreference.com/convert/MANN-FILTER/W712/34(10)"
"EL53410","W712/34(10)","Oil Filter","OE","OF-1055","https://www.oilfilter-crossreference.com/convert/MANN-FILTER/W712/34(10)"
"EL53410","W712/34(10)","Oil Filter","OE","OF-1065","https://www.oilfilter-crossreference.com/convert/MANN-FILTER/W712/34(10)"
"EL53410","W712/34(10)","Oil Filter","OE","OF-250","https://www.oilfilter-crossreference.com/convert/MANN-FILTER/W712/34(10)"
"EL53410","W712/34(10)","Oil Filter","PEUGEOT","1109C5","https://www.oilfilter-crossreference.com/convert/MANN-FILTER/W712/34(10)"
"EL53410","W712/34(10)","Oil Filter","VAUXHALL","650364","https://www.oilfilter-crossreference.com/convert/MANN-FILTER/W712/34(10)"
"EL53410","W712/34(10)","Oil Filter","VAUXHALL","650365","https://www.oilfilter-crossreference.com/convert/MANN-FILTER/W712/34(10)"
"EL53410","W712/34(10)","Oil Filter","VAUXHALL","6696776","https://www.oilfilter-crossreference.com/convert/MANN-FILTER/W712/34(10)"
"EL53410","W712/34(10)","Oil Filter","VAUXHALL","7884256","https://www.oilfilter-crossreference.com/convert/MANN-FILTER/W712/34(10)"
"EL53410","W712/34(10)","Oil Filter","VAUXHALL","7965051","https://www.oilfilter-crossreference.com/convert/MANN-FILTER/W712/34(10)"
"EL53410","W712/34(10)","Oil Filter","VAUXHALL","7973235","https://www.oilfilter-crossreference.com/convert/MANN-FILTER/W712/34(10)"
"EL53410","W712/34(10)","Oil Filter","VAUXHALL","7973429","https://www.oilfilter-crossreference.com/convert/MANN-FILTER/W712/34(10)"
"EL53410","W712/34(10)","Oil Filter","VAUXHALL","7984256","https://www.oilfilter-crossreference.com/convert/MANN-FILTER/W712/34(10)"
"EL53410","W712/34(10)","Oil Filter","VAUXHALL","90027778","https://www.oilfilter-crossreference.com/convert/MANN-FILTER/W712/34(10)"
"EL53410","W712/34(10)","Oil Filter","VAUXHALL","93156299","https://www.oilfilter-crossreference.com/convert/MANN-FILTER/W712/34(10)"
"EL53410","W712/34(10)","Oil Filter","VAUXHALL","VOF136","https://www.oilfilter-crossreference.com/convert/MANN-FILTER/W712/34(10)"
"EL53410","W712/34(10)","Oil Filter","VW","034 115 561A","https://www.oilfilter-crossreference.com/convert/MANN-FILTER/W712/34(10)"
"EL53410","W712/34(10)","Oil Filter","VW","035 115 561","https://www.oilfilter-crossreference.com/convert/MANN-FILTER/W712/34(10)"
"EL53410","W712/34(10)","Oil Filter","VW","037 115 561","https://www.oilfilter-crossreference.com/convert/MANN-FILTER/W712/34(10)"
"EL53410","W712/34(10)","Oil Filter","VW","056 115 561","https://www.oilfilter-crossreference.com/convert/MANN-FILTER/W712/34(10)"
"EL53410","W712/34(10)","Oil Filter","VW","056 115 561A","https://www.oilfilter-crossreference.com/convert/MANN-FILTER/W712/34(10)"
"EL53410","W712/34(10)","Oil Filter","VW","056 115 561B","https://www.oilfilter-crossreference.com/convert/MANN-FILTER/W712/34(10)"
"EL53410","W712/34(10)","Oil Filter","VW","056 115 561C","https://www.oilfilter-crossreference.com/convert/MANN-FILTER/W712/34(10)"
"EL53410","W712/34(10)","Oil Filter","VW","056 115 561G","https://www.oilfilter-crossreference.com/convert/MANN-FILTER/W712/34(10)"
"EL53410","W712/34(10)","Oil Filter","VW","059 115 561A","https://www.oilfilter-crossreference.com/convert/MANN-FILTER/W712/34(10)"
"EL53410","W712/34(10)","Oil Filter","VW","059 115 561B","https://www.oilfilter-crossreference.com/convert/MANN-FILTER/W712/34(10)"
"EL53410","W712/34(10)","Oil Filter","VW","059 115 561C","https://www.oilfilter-crossreference.com/convert/MANN-FILTER/W712/34(10)"
"EL53410","W712/34(10)","Oil Filter","VW","06A 115 561","https://www.oilfilter-crossreference.com/convert/MANN-FILTER/W712/34(10)"
"EL53410","W712/34(10)","Oil Filter","VW","06A 115 561B","https://www.oilfilter-crossreference.com/convert/MANN-FILTER/W712/34(10)"
"EL53410","W712/34(10)","Oil Filter","VW","070 115 561","https://www.oilfilter-crossreference.com/convert/MANN-FILTER/W712/34(10)"
"EL53410","W712/34(10)","Oil Filter","VW","931 107 701 00","https://www.oilfilter-crossreference.com/convert/MANN-FILTER/W712/34(10)"
"EL51235","W712/35","Oil Filter","BMW","11 42 1 266 773","https://www.oilfilter-crossreference.com/convert/MANN-FILTER/W712/35"
"EL51235","W712/35","Oil Filter","BMW","11 42 9 061 198","https://www.oilfilter-crossreference.com/convert/MANN-FILTER/W712/35"
"EL51235","W712/35","Oil Filter","CHRYSLER","3232126","https://www.oilfilter-crossreference.com/convert/MANN-FILTER/W712/35"
"EL51235","W712/35","Oil Filter","CHRYSLER","3250334","https://www.oilfilter-crossreference.com/convert/MANN-FILTER/W712/35"
"EL51235","W712/35","Oil Filter","CHRYSLER","5203217","https://www.oilfilter-crossreference.com/convert/MANN-FILTER/W712/35"
"EL51235","W712/35","Oil Filter","CHRYSLER","72674028","https://www.oilfilter-crossreference.com/convert/MANN-FILTER/W712/35"
"EL51235","W712/35","Oil Filter","CHRYSLER","8127168","https://www.oilfilter-crossreference.com/convert/MANN-FILTER/W712/35"
"EL51235","W712/35","Oil Filter","CHRYSLER","J3232126","https://www.oilfilter-crossreference.com/convert/MANN-FILTER/W712/35"
"EL51235","W712/35","Oil Filter","CHRYSLER","J3250334","https://www.oilfilter-crossreference.com/convert/MANN-FILTER/W712/35"
"EL51235","W712/35","Oil Filter","CHRYSLER","J8127168","https://www.oilfilter-crossreference.com/convert/MANN-FILTER/W712/35"
"EL51235","W712/35","Oil Filter","CITROEN","MLS000-155","https://www.oilfilter-crossreference.com/convert/MANN-FILTER/W712/35"
"EL51235","W712/35","Oil Filter","CITROEN","MLS000155","https://www.oilfilter-crossreference.com/convert/MANN-FILTER/W712/35"
"EL51235","W712/35","Oil Filter","FORD","1457512","https://www.oilfilter-crossreference.com/convert/MANN-FILTER/W712/35"
"EL51235","W712/35","Oil Filter","FORD","1462805","https://www.oilfilter-crossreference.com/convert/MANN-FILTER/W712/35"
"EL51235","W712/35","Oil Filter","FORD","1498014","https://www.oilfilter-crossreference.com/convert/MANN-FILTER/W712/35"
"EL51235","W712/35","Oil Filter","FORD","1536304","https://www.oilfilter-crossreference.com/convert/MANN-FILTER/W712/35"
"EL51235","W712/35","Oil Filter","FORD","1553370","https://www.oilfilter-crossreference.com/convert/MANN-FILTER/W712/35"
"EL51235","W712/35","Oil Filter","FORD","1555370","https://www.oilfilter-crossreference.com/convert/MANN-FILTER/W712/35"
"EL51235","W712/35","Oil Filter","FORD","1559937","https://www.oilfilter-crossreference.com/convert/MANN-FILTER/W712/35"
"EL51235","W712/35","Oil Filter","FORD","2735E-6714-B","https://www.oilfilter-crossreference.com/convert/MANN-FILTER/W712/35"
"EL51235","W712/35","Oil Filter","FORD","5002530","https://www.oilfilter-crossreference.com/convert/MANN-FILTER/W712/35"
"EL51235","W712/35","Oil Filter","FORD","5003329","https://www.oilfilter-crossreference.com/convert/MANN-FILTER/W712/35"
"EL51235","W712/35","Oil Filter","FORD","5003331","https://www.oilfilter-crossreference.com/convert/MANN-FILTER/W712/35"
"EL51235","W712/35","Oil Filter","FORD","5003930","https://www.oilfilter-crossreference.com/convert/MANN-FILTER/W712/35"
"EL51235","W712/35","Oil Filter","FORD","5003968","https://www.oilfilter-crossreference.com/convert/MANN-FILTER/W712/35"
"EL51235","W712/35","Oil Filter","FORD","5004926","https://www.oilfilter-crossreference.com/convert/MANN-FILTER/W712/35"
"EL51235","W712/35","Oil Filter","FORD","5011780","https://www.oilfilter-crossreference.com/convert/MANN-FILTER/W712/35"
"EL51235","W712/35","Oil Filter","FORD","5011782","https://www.oilfilter-crossreference.com/convert/MANN-FILTER/W712/35"
"EL51235","W712/35","Oil Filter","FORD","5013143","https://www.oilfilter-crossreference.com/convert/MANN-FILTER/W712/35"
"EL51235","W712/35","Oil Filter","FORD","5013319","https://www.oilfilter-crossreference.com/convert/MANN-FILTER/W712/35"
"EL51235","W712/35","Oil Filter","FORD","6041176","https://www.oilfilter-crossreference.com/convert/MANN-FILTER/W712/35"
"EL51235","W712/35","Oil Filter","FORD","691M-6714A/A","https://www.oilfilter-crossreference.com/convert/MANN-FILTER/W712/35"
"EL51235","W712/35","Oil Filter","FORD","77BM-6714-AA","https://www.oilfilter-crossreference.com/convert/MANN-FILTER/W712/35"
"EL51235","W712/35","Oil Filter","FORD","77BM-6714-C1A","https://www.oilfilter-crossreference.com/convert/MANN-FILTER/W712/35"
"EL51235","W712/35","Oil Filter","FORD","A700X6714AA","https://www.oilfilter-crossreference.com/convert/MANN-FILTER/W712/35"
"EL51235","W712/35","Oil Filter","FORD","A760X6714KA","https://www.oilfilter-crossreference.com/convert/MANN-FILTER/W712/35"
"EL51235","W712/35","Oil Filter","FORD","D0RY-6731-A","https://www.oilfilter-crossreference.com/convert/MANN-FILTER/W712/35"
"EL51235","W712/35","Oil Filter","FORD","D1PJ-6714-AA","https://www.oilfilter-crossreference.com/convert/MANN-FILTER/W712/35"
"EL51235","W712/35","Oil Filter","FORD","D1PZ-6731-A","https://www.oilfilter-crossreference.com/convert/MANN-FILTER/W712/35"
"EL51235","W712/35","Oil Filter","GENERAL-MOTORS","19160691","https://www.oilfilter-crossreference.com/convert/MANN-FILTER/W712/35"
"EL51235","W712/35","Oil Filter","GENERAL-MOTORS","19160694","https://www.oilfilter-crossreference.com/convert/MANN-FILTER/W712/35"
"EL51235","W712/35","Oil Filter","GENERAL-MOTORS","2-866-477","https://www.oilfilter-crossreference.com/convert/MANN-FILTER/W712/35"
"EL51235","W712/35","Oil Filter","GENERAL-MOTORS","6438162","https://www.oilfilter-crossreference.com/convert/MANN-FILTER/W712/35"
"EL51235","W712/35","Oil Filter","GENERAL-MOTORS","6439109","https://www.oilfilter-crossreference.com/convert/MANN-FILTER/W712/35"
"EL51235","W712/35","Oil Filter","GENERAL-MOTORS","650352","https://www.oilfilter-crossreference.com/convert/MANN-FILTER/W712/35"
"EL51235","W712/35","Oil Filter","GENERAL-MOTORS","7965051","https://www.oilfilter-crossreference.com/convert/MANN-FILTER/W712/35"
"EL51235","W712/35","Oil Filter","GENERAL-MOTORS","7976051","https://www.oilfilter-crossreference.com/convert/MANN-FILTER/W712/35"
"EL51235","W712/35","Oil Filter","GENERAL-MOTORS","7984225","https://www.oilfilter-crossreference.com/convert/MANN-FILTER/W712/35"
"EL51235","W712/35","Oil Filter","GENERAL-MOTORS","7984256","https://www.oilfilter-crossreference.com/convert/MANN-FILTER/W712/35"
"EL51235","W712/35","Oil Filter","GENERAL-MOTORS","90027778","https://www.oilfilter-crossreference.com/convert/MANN-FILTER/W712/35"
"EL51235","W712/35","Oil Filter","GENERAL-MOTORS","93156299","https://www.oilfilter-crossreference.com/convert/MANN-FILTER/W712/35"
"EL51235","W712/35","Oil Filter","GENERAL-MOTORS","93156958","https://www.oilfilter-crossreference.com/convert/MANN-FILTER/W712/35"
"EL51235","W712/35","Oil Filter","MITSUBISHI","J3232126","https://www.oilfilter-crossreference.com/convert/MANN-FILTER/W712/35"
"EL51235","W712/35","Oil Filter","MITSUBISHI","J3250334","https://www.oilfilter-crossreference.com/convert/MANN-FILTER/W712/35"
"EL51235","W712/35","Oil Filter","MITSUBISHI","N152H1010","https://www.oilfilter-crossreference.com/convert/MANN-FILTER/W712/35"
"EL51235","W712/35","Oil Filter","NISSAN","15208-H1010","https://www.oilfilter-crossreference.com/convert/MANN-FILTER/W712/35"
"EL51235","W712/35","Oil Filter","NISSAN","15208-H1011","https://www.oilfilter-crossreference.com/convert/MANN-FILTER/W712/35"
"EL51235","W712/35","Oil Filter","OPEL","09281199","https://www.oilfilter-crossreference.com/convert/MANN-FILTER/W712/35"
"EL51235","W712/35","Oil Filter","OPEL","2-866-477","https://www.oilfilter-crossreference.com/convert/MANN-FILTER/W712/35"
"EL51235","W712/35","Oil Filter","OPEL","2866477/VP","https://www.oilfilter-crossreference.com/convert/MANN-FILTER/W712/35"
"EL51235","W712/35","Oil Filter","OPEL","2866477VP","https://www.oilfilter-crossreference.com/convert/MANN-FILTER/W712/35"
"EL51235","W712/35","Oil Filter","OPEL","650352","https://www.oilfilter-crossreference.com/convert/MANN-FILTER/W712/35"
"EL51235","W712/35","Oil Filter","OPEL","650364","https://www.oilfilter-crossreference.com/convert/MANN-FILTER/W712/35"
"EL51235","W712/35","Oil Filter","OPEL","650365","https://www.oilfilter-crossreference.com/convert/MANN-FILTER/W712/35"
"EL51235","W712/35","Oil Filter","OPEL","650370","https://www.oilfilter-crossreference.com/convert/MANN-FILTER/W712/35"
"EL51235","W712/35","Oil Filter","OPEL","650371","https://www.oilfilter-crossreference.com/convert/MANN-FILTER/W712/35"
"EL51235","W712/35","Oil Filter","OPEL","650373","https://www.oilfilter-crossreference.com/convert/MANN-FILTER/W712/35"
"EL51235","W712/35","Oil Filter","OPEL","650400","https://www.oilfilter-crossreference.com/convert/MANN-FILTER/W712/35"
"EL51235","W712/35","Oil Filter","OPEL","7976051","https://www.oilfilter-crossreference.com/convert/MANN-FILTER/W712/35"
"EL51235","W712/35","Oil Filter","OPEL","90027778","https://www.oilfilter-crossreference.com/convert/MANN-FILTER/W712/35"
"EL51235","W712/35","Oil Filter","OPEL","9281199","https://www.oilfilter-crossreference.com/convert/MANN-FILTER/W712/35"
"EL51235","W712/35","Oil Filter","OPEL","VOF136","https://www.oilfilter-crossreference.com/convert/MANN-FILTER/W712/35"
"EL51235","W712/35","Oil Filter","OE","OF-1055","https://www.oilfilter-crossreference.com/convert/MANN-FILTER/W712/35"
"EL51235","W712/35","Oil Filter","OE","OF-1065","https://www.oilfilter-crossreference.com/convert/MANN-FILTER/W712/35"
"EL51235","W712/35","Oil Filter","OE","OF-250","https://www.oilfilter-crossreference.com/convert/MANN-FILTER/W712/35"
"EL51235","W712/35","Oil Filter","PEUGEOT","1109C5","https://www.oilfilter-crossreference.com/convert/MANN-FILTER/W712/35"
"EL51235","W712/35","Oil Filter","VAUXHALL","650364","https://www.oilfilter-crossreference.com/convert/MANN-FILTER/W712/35"
"EL51235","W712/35","Oil Filter","VAUXHALL","650365","https://www.oilfilter-crossreference.com/convert/MANN-FILTER/W712/35"
"EL51235","W712/35","Oil Filter","VAUXHALL","6696776","https://www.oilfilter-crossreference.com/convert/MANN-FILTER/W712/35"
"EL51235","W712/35","Oil Filter","VAUXHALL","7884256","https://www.oilfilter-crossreference.com/convert/MANN-FILTER/W712/35"
"EL51235","W712/35","Oil Filter","VAUXHALL","7965051","https://www.oilfilter-crossreference.com/convert/MANN-FILTER/W712/35"
"EL51235","W712/35","Oil Filter","VAUXHALL","7973235","https://www.oilfilter-crossreference.com/convert/MANN-FILTER/W712/35"
"EL51235","W712/35","Oil Filter","VAUXHALL","7973429","https://www.oilfilter-crossreference.com/convert/MANN-FILTER/W712/35"
"EL51235","W712/35","Oil Filter","VAUXHALL","7984256","https://www.oilfilter-crossreference.com/convert/MANN-FILTER/W712/35"
"EL51235","W712/35","Oil Filter","VAUXHALL","90027778","https://www.oilfilter-crossreference.com/convert/MANN-FILTER/W712/35"
"EL51235","W712/35","Oil Filter","VAUXHALL","93156299","https://www.oilfilter-crossreference.com/convert/MANN-FILTER/W712/35"
"EL51235","W712/35","Oil Filter","VAUXHALL","VOF136","https://www.oilfilter-crossreference.com/convert/MANN-FILTER/W712/35"
"EL51235","W712/35","Oil Filter","VW","034 115 561A","https://www.oilfilter-crossreference.com/convert/MANN-FILTER/W712/35"
"EL51235","W712/35","Oil Filter","VW","035 115 561","https://www.oilfilter-crossreference.com/convert/MANN-FILTER/W712/35"
"EL51235","W712/35","Oil Filter","VW","037 115 561","https://www.oilfilter-crossreference.com/convert/MANN-FILTER/W712/35"
"EL51235","W712/35","Oil Filter","VW","056 115 561","https://www.oilfilter-crossreference.com/convert/MANN-FILTER/W712/35"
"EL51235","W712/35","Oil Filter","VW","056 115 561A","https://www.oilfilter-crossreference.com/convert/MANN-FILTER/W712/35"
"EL51235","W712/35","Oil Filter","VW","056 115 561B","https://www.oilfilter-crossreference.com/convert/MANN-FILTER/W712/35"
"EL51235","W712/35","Oil Filter","VW","056 115 561C","https://www.oilfilter-crossreference.com/convert/MANN-FILTER/W712/35"
"EL51235","W712/35","Oil Filter","VW","056 115 561G","https://www.oilfilter-crossreference.com/convert/MANN-FILTER/W712/35"
"EL51235","W712/35","Oil Filter","VW","059 115 561A","https://www.oilfilter-crossreference.com/convert/MANN-FILTER/W712/35"
"EL51235","W712/35","Oil Filter","VW","059 115 561B","https://www.oilfilter-crossreference.com/convert/MANN-FILTER/W712/35"
"EL51235","W712/35","Oil Filter","VW","059 115 561C","https://www.oilfilter-crossreference.com/convert/MANN-FILTER/W712/35"
"EL51235","W712/35","Oil Filter","VW","06A 115 561","https://www.oilfilter-crossreference.com/convert/MANN-FILTER/W712/35"
"EL51235","W712/35","Oil Filter","VW","06A 115 561B","https://www.oilfilter-crossreference.com/convert/MANN-FILTER/W712/35"
"EL51235","W712/35","Oil Filter","VW","070 115 561","https://www.oilfilter-crossreference.com/convert/MANN-FILTER/W712/35"
"EL51235","W712/35","Oil Filter","VW","931 107 701 00","https://www.oilfilter-crossreference.com/convert/MANN-FILTER/W712/35"
"EL51237","W712/37","Oil Filter","BMW","11 42 1 266 773","https://www.oilfilter-crossreference.com/convert/MANN-FILTER/W712/37"
"EL51237","W712/37","Oil Filter","BMW","11 42 9 061 198","https://www.oilfilter-crossreference.com/convert/MANN-FILTER/W712/37"
"EL51237","W712/37","Oil Filter","CHRYSLER","3232126","https://www.oilfilter-crossreference.com/convert/MANN-FILTER/W712/37"
"EL51237","W712/37","Oil Filter","CHRYSLER","3250334","https://www.oilfilter-crossreference.com/convert/MANN-FILTER/W712/37"
"EL51237","W712/37","Oil Filter","CHRYSLER","5203217","https://www.oilfilter-crossreference.com/convert/MANN-FILTER/W712/37"
"EL51237","W712/37","Oil Filter","CHRYSLER","72674028","https://www.oilfilter-crossreference.com/convert/MANN-FILTER/W712/37"
"EL51237","W712/37","Oil Filter","CHRYSLER","8127168","https://www.oilfilter-crossreference.com/convert/MANN-FILTER/W712/37"
"EL51237","W712/37","Oil Filter","CHRYSLER","J3232126","https://www.oilfilter-crossreference.com/convert/MANN-FILTER/W712/37"
"EL51237","W712/37","Oil Filter","CHRYSLER","J3250334","https://www.oilfilter-crossreference.com/convert/MANN-FILTER/W712/37"
"EL51237","W712/37","Oil Filter","CHRYSLER","J8127168","https://www.oilfilter-crossreference.com/convert/MANN-FILTER/W712/37"
"EL51237","W712/37","Oil Filter","CITROEN","MLS000-155","https://www.oilfilter-crossreference.com/convert/MANN-FILTER/W712/37"
"EL51237","W712/37","Oil Filter","CITROEN","MLS000155","https://www.oilfilter-crossreference.com/convert/MANN-FILTER/W712/37"
"EL51237","W712/37","Oil Filter","FORD","1457512","https://www.oilfilter-crossreference.com/convert/MANN-FILTER/W712/37"
"EL51237","W712/37","Oil Filter","FORD","1462805","https://www.oilfilter-crossreference.com/convert/MANN-FILTER/W712/37"
"EL51237","W712/37","Oil Filter","FORD","1498014","https://www.oilfilter-crossreference.com/convert/MANN-FILTER/W712/37"
"EL51237","W712/37","Oil Filter","FORD","1536304","https://www.oilfilter-crossreference.com/convert/MANN-FILTER/W712/37"
"EL51237","W712/37","Oil Filter","FORD","1553370","https://www.oilfilter-crossreference.com/convert/MANN-FILTER/W712/37"
"EL51237","W712/37","Oil Filter","FORD","1555370","https://www.oilfilter-crossreference.com/convert/MANN-FILTER/W712/37"
"EL51237","W712/37","Oil Filter","FORD","1559937","https://www.oilfilter-crossreference.com/convert/MANN-FILTER/W712/37"
"EL51237","W712/37","Oil Filter","FORD","2735E-6714-B","https://www.oilfilter-crossreference.com/convert/MANN-FILTER/W712/37"
"EL51237","W712/37","Oil Filter","FORD","5002530","https://www.oilfilter-crossreference.com/convert/MANN-FILTER/W712/37"
"EL51237","W712/37","Oil Filter","FORD","5003329","https://www.oilfilter-crossreference.com/convert/MANN-FILTER/W712/37"
"EL51237","W712/37","Oil Filter","FORD","5003331","https://www.oilfilter-crossreference.com/convert/MANN-FILTER/W712/37"
"EL51237","W712/37","Oil Filter","FORD","5003930","https://www.oilfilter-crossreference.com/convert/MANN-FILTER/W712/37"
"EL51237","W712/37","Oil Filter","FORD","5003968","https://www.oilfilter-crossreference.com/convert/MANN-FILTER/W712/37"
"EL51237","W712/37","Oil Filter","FORD","5004926","https://www.oilfilter-crossreference.com/convert/MANN-FILTER/W712/37"
"EL51237","W712/37","Oil Filter","FORD","5011780","https://www.oilfilter-crossreference.com/convert/MANN-FILTER/W712/37"
"EL51237","W712/37","Oil Filter","FORD","5011782","https://www.oilfilter-crossreference.com/convert/MANN-FILTER/W712/37"
"EL51237","W712/37","Oil Filter","FORD","5013143","https://www.oilfilter-crossreference.com/convert/MANN-FILTER/W712/37"
"EL51237","W712/37","Oil Filter","FORD","5013319","https://www.oilfilter-crossreference.com/convert/MANN-FILTER/W712/37"
"EL51237","W712/37","Oil Filter","FORD","6041176","https://www.oilfilter-crossreference.com/convert/MANN-FILTER/W712/37"
"EL51237","W712/37","Oil Filter","FORD","691M-6714A/A","https://www.oilfilter-crossreference.com/convert/MANN-FILTER/W712/37"
"EL51237","W712/37","Oil Filter","FORD","77BM-6714-AA","https://www.oilfilter-crossreference.com/convert/MANN-FILTER/W712/37"
"EL51237","W712/37","Oil Filter","FORD","77BM-6714-C1A","https://www.oilfilter-crossreference.com/convert/MANN-FILTER/W712/37"
"EL51237","W712/37","Oil Filter","FORD","A700X6714AA","https://www.oilfilter-crossreference.com/convert/MANN-FILTER/W712/37"
"EL51237","W712/37","Oil Filter","FORD","A760X6714KA","https://www.oilfilter-crossreference.com/convert/MANN-FILTER/W712/37"
"EL51237","W712/37","Oil Filter","FORD","D0RY-6731-A","https://www.oilfilter-crossreference.com/convert/MANN-FILTER/W712/37"
"EL51237","W712/37","Oil Filter","FORD","D1PJ-6714-AA","https://www.oilfilter-crossreference.com/convert/MANN-FILTER/W712/37"
"EL51237","W712/37","Oil Filter","FORD","D1PZ-6731-A","https://www.oilfilter-crossreference.com/convert/MANN-FILTER/W712/37"
"EL51237","W712/37","Oil Filter","GENERAL-MOTORS","19160691","https://www.oilfilter-crossreference.com/convert/MANN-FILTER/W712/37"
"EL51237","W712/37","Oil Filter","GENERAL-MOTORS","19160694","https://www.oilfilter-crossreference.com/convert/MANN-FILTER/W712/37"
"EL51237","W712/37","Oil Filter","GENERAL-MOTORS","2-866-477","https://www.oilfilter-crossreference.com/convert/MANN-FILTER/W712/37"
"EL51237","W712/37","Oil Filter","GENERAL-MOTORS","6438162","https://www.oilfilter-crossreference.com/convert/MANN-FILTER/W712/37"
"EL51237","W712/37","Oil Filter","GENERAL-MOTORS","6439109","https://www.oilfilter-crossreference.com/convert/MANN-FILTER/W712/37"
"EL51237","W712/37","Oil Filter","GENERAL-MOTORS","650352","https://www.oilfilter-crossreference.com/convert/MANN-FILTER/W712/37"
"EL51237","W712/37","Oil Filter","GENERAL-MOTORS","7965051","https://www.oilfilter-crossreference.com/convert/MANN-FILTER/W712/37"
"EL51237","W712/37","Oil Filter","GENERAL-MOTORS","7976051","https://www.oilfilter-crossreference.com/convert/MANN-FILTER/W712/37"
"EL51237","W712/37","Oil Filter","GENERAL-MOTORS","7984225","https://www.oilfilter-crossreference.com/convert/MANN-FILTER/W712/37"
"EL51237","W712/37","Oil Filter","GENERAL-MOTORS","7984256","https://www.oilfilter-crossreference.com/convert/MANN-FILTER/W712/37"
"EL51237","W712/37","Oil Filter","GENERAL-MOTORS","90027778","https://www.oilfilter-crossreference.com/convert/MANN-FILTER/W712/37"
"EL51237","W712/37","Oil Filter","GENERAL-MOTORS","93156299","https://www.oilfilter-crossreference.com/convert/MANN-FILTER/W712/37"
"EL51237","W712/37","Oil Filter","GENERAL-MOTORS","93156958","https://www.oilfilter-crossreference.com/convert/MANN-FILTER/W712/37"
"EL51237","W712/37","Oil Filter","MITSUBISHI","J3232126","https://www.oilfilter-crossreference.com/convert/MANN-FILTER/W712/37"
"EL51237","W712/37","Oil Filter","MITSUBISHI","J3250334","https://www.oilfilter-crossreference.com/convert/MANN-FILTER/W712/37"
"EL51237","W712/37","Oil Filter","MITSUBISHI","N152H1010","https://www.oilfilter-crossreference.com/convert/MANN-FILTER/W712/37"
"EL51237","W712/37","Oil Filter","NISSAN","15208-H1010","https://www.oilfilter-crossreference.com/convert/MANN-FILTER/W712/37"
"EL51237","W712/37","Oil Filter","NISSAN","15208-H1011","https://www.oilfilter-crossreference.com/convert/MANN-FILTER/W712/37"
"EL51237","W712/37","Oil Filter","OPEL","09281199","https://www.oilfilter-crossreference.com/convert/MANN-FILTER/W712/37"
"EL51237","W712/37","Oil Filter","OPEL","2-866-477","https://www.oilfilter-crossreference.com/convert/MANN-FILTER/W712/37"
"EL51237","W712/37","Oil Filter","OPEL","2866477/VP","https://www.oilfilter-crossreference.com/convert/MANN-FILTER/W712/37"
"EL51237","W712/37","Oil Filter","OPEL","2866477VP","https://www.oilfilter-crossreference.com/convert/MANN-FILTER/W712/37"
"EL51237","W712/37","Oil Filter","OPEL","650352","https://www.oilfilter-crossreference.com/convert/MANN-FILTER/W712/37"
"EL51237","W712/37","Oil Filter","OPEL","650364","https://www.oilfilter-crossreference.com/convert/MANN-FILTER/W712/37"
"EL51237","W712/37","Oil Filter","OPEL","650365","https://www.oilfilter-crossreference.com/convert/MANN-FILTER/W712/37"
"EL51237","W712/37","Oil Filter","OPEL","650370","https://www.oilfilter-crossreference.com/convert/MANN-FILTER/W712/37"
"EL51237","W712/37","Oil Filter","OPEL","650371","https://www.oilfilter-crossreference.com/convert/MANN-FILTER/W712/37"
"EL51237","W712/37","Oil Filter","OPEL","650373","https://www.oilfilter-crossreference.com/convert/MANN-FILTER/W712/37"
"EL51237","W712/37","Oil Filter","OPEL","650400","https://www.oilfilter-crossreference.com/convert/MANN-FILTER/W712/37"
"EL51237","W712/37","Oil Filter","OPEL","7976051","https://www.oilfilter-crossreference.com/convert/MANN-FILTER/W712/37"
"EL51237","W712/37","Oil Filter","OPEL","90027778","https://www.oilfilter-crossreference.com/convert/MANN-FILTER/W712/37"
"EL51237","W712/37","Oil Filter","OPEL","9281199","https://www.oilfilter-crossreference.com/convert/MANN-FILTER/W712/37"
"EL51237","W712/37","Oil Filter","OPEL","VOF136","https://www.oilfilter-crossreference.com/convert/MANN-FILTER/W712/37"
"EL51237","W712/37","Oil Filter","OE","OF-1055","https://www.oilfilter-crossreference.com/convert/MANN-FILTER/W712/37"
"EL51237","W712/37","Oil Filter","OE","OF-1065","https://www.oilfilter-crossreference.com/convert/MANN-FILTER/W712/37"
"EL51237","W712/37","Oil Filter","OE","OF-250","https://www.oilfilter-crossreference.com/convert/MANN-FILTER/W712/37"
"EL51237","W712/37","Oil Filter","PEUGEOT","1109C5","https://www.oilfilter-crossreference.com/convert/MANN-FILTER/W712/37"
"EL51237","W712/37","Oil Filter","VAUXHALL","650364","https://www.oilfilter-crossreference.com/convert/MANN-FILTER/W712/37"
"EL51237","W712/37","Oil Filter","VAUXHALL","650365","https://www.oilfilter-crossreference.com/convert/MANN-FILTER/W712/37"
"EL51237","W712/37","Oil Filter","VAUXHALL","6696776","https://www.oilfilter-crossreference.com/convert/MANN-FILTER/W712/37"
"EL51237","W712/37","Oil Filter","VAUXHALL","7884256","https://www.oilfilter-crossreference.com/convert/MANN-FILTER/W712/37"
"EL51237","W712/37","Oil Filter","VAUXHALL","7965051","https://www.oilfilter-crossreference.com/convert/MANN-FILTER/W712/37"
"EL51237","W712/37","Oil Filter","VAUXHALL","7973235","https://www.oilfilter-crossreference.com/convert/MANN-FILTER/W712/37"
"EL51237","W712/37","Oil Filter","VAUXHALL","7973429","https://www.oilfilter-crossreference.com/convert/MANN-FILTER/W712/37"
"EL51237","W712/37","Oil Filter","VAUXHALL","7984256","https://www.oilfilter-crossreference.com/convert/MANN-FILTER/W712/37"
"EL51237","W712/37","Oil Filter","VAUXHALL","90027778","https://www.oilfilter-crossreference.com/convert/MANN-FILTER/W712/37"
"EL51237","W712/37","Oil Filter","VAUXHALL","93156299","https://www.oilfilter-crossreference.com/convert/MANN-FILTER/W712/37"
"EL51237","W712/37","Oil Filter","VAUXHALL","VOF136","https://www.oilfilter-crossreference.com/convert/MANN-FILTER/W712/37"
"EL51237","W712/37","Oil Filter","VW","034 115 561A","https://www.oilfilter-crossreference.com/convert/MANN-FILTER/W712/37"
"EL51237","W712/37","Oil Filter","VW","035 115 561","https://www.oilfilter-crossreference.com/convert/MANN-FILTER/W712/37"
"EL51237","W712/37","Oil Filter","VW","037 115 561","https://www.oilfilter-crossreference.com/convert/MANN-FILTER/W712/37"
"EL51237","W712/37","Oil Filter","VW","056 115 561","https://www.oilfilter-crossreference.com/convert/MANN-FILTER/W712/37"
"EL51237","W712/37","Oil Filter","VW","056 115 561A","https://www.oilfilter-crossreference.com/convert/MANN-FILTER/W712/37"
"EL51237","W712/37","Oil Filter","VW","056 115 561B","https://www.oilfilter-crossreference.com/convert/MANN-FILTER/W712/37"
"EL51237","W712/37","Oil Filter","VW","056 115 561C","https://www.oilfilter-crossreference.com/convert/MANN-FILTER/W712/37"
"EL51237","W712/37","Oil Filter","VW","056 115 561G","https://www.oilfilter-crossreference.com/convert/MANN-FILTER/W712/37"
"EL51237","W712/37","Oil Filter","VW","059 115 561A","https://www.oilfilter-crossreference.com/convert/MANN-FILTER/W712/37"
"EL51237","W712/37","Oil Filter","VW","059 115 561B","https://www.oilfilter-crossreference.com/convert/MANN-FILTER/W712/37"
"EL51237","W712/37","Oil Filter","VW","059 115 561C","https://www.oilfilter-crossreference.com/convert/MANN-FILTER/W712/37"
"EL51237","W712/37","Oil Filter","VW","06A 115 561","https://www.oilfilter-crossreference.com/convert/MANN-FILTER/W712/37"
"EL51237","W712/37","Oil Filter","VW","06A 115 561B","https://www.oilfilter-crossreference.com/convert/MANN-FILTER/W712/37"
"EL51237","W712/37","Oil Filter","VW","070 115 561","https://www.oilfilter-crossreference.com/convert/MANN-FILTER/W712/37"
"EL51237","W712/37","Oil Filter","VW","931 107 701 00","https://www.oilfilter-crossreference.com/convert/MANN-FILTER/W712/37"
"EL51239","W712/39","Oil Filter","BMW","11 42 1 266 773","https://www.oilfilter-crossreference.com/convert/MANN-FILTER/W712/39"
"EL51239","W712/39","Oil Filter","BMW","11 42 9 061 198","https://www.oilfilter-crossreference.com/convert/MANN-FILTER/W712/39"
"EL51239","W712/39","Oil Filter","CHRYSLER","3232126","https://www.oilfilter-crossreference.com/convert/MANN-FILTER/W712/39"
"EL51239","W712/39","Oil Filter","CHRYSLER","3250334","https://www.oilfilter-crossreference.com/convert/MANN-FILTER/W712/39"
"EL51239","W712/39","Oil Filter","CHRYSLER","5203217","https://www.oilfilter-crossreference.com/convert/MANN-FILTER/W712/39"
"EL51239","W712/39","Oil Filter","CHRYSLER","72674028","https://www.oilfilter-crossreference.com/convert/MANN-FILTER/W712/39"
"EL51239","W712/39","Oil Filter","CHRYSLER","8127168","https://www.oilfilter-crossreference.com/convert/MANN-FILTER/W712/39"
"EL51239","W712/39","Oil Filter","CHRYSLER","J3232126","https://www.oilfilter-crossreference.com/convert/MANN-FILTER/W712/39"
"EL51239","W712/39","Oil Filter","CHRYSLER","J3250334","https://www.oilfilter-crossreference.com/convert/MANN-FILTER/W712/39"
"EL51239","W712/39","Oil Filter","CHRYSLER","J8127168","https://www.oilfilter-crossreference.com/convert/MANN-FILTER/W712/39"
"EL51239","W712/39","Oil Filter","CITROEN","MLS000-155","https://www.oilfilter-crossreference.com/convert/MANN-FILTER/W712/39"
"EL51239","W712/39","Oil Filter","CITROEN","MLS000155","https://www.oilfilter-crossreference.com/convert/MANN-FILTER/W712/39"
"EL51239","W712/39","Oil Filter","FORD","1457512","https://www.oilfilter-crossreference.com/convert/MANN-FILTER/W712/39"
"EL51239","W712/39","Oil Filter","FORD","1462805","https://www.oilfilter-crossreference.com/convert/MANN-FILTER/W712/39"
"EL51239","W712/39","Oil Filter","FORD","1498014","https://www.oilfilter-crossreference.com/convert/MANN-FILTER/W712/39"
"EL51239","W712/39","Oil Filter","FORD","1536304","https://www.oilfilter-crossreference.com/convert/MANN-FILTER/W712/39"
"EL51239","W712/39","Oil Filter","FORD","1553370","https://www.oilfilter-crossreference.com/convert/MANN-FILTER/W712/39"
"EL51239","W712/39","Oil Filter","FORD","1555370","https://www.oilfilter-crossreference.com/convert/MANN-FILTER/W712/39"
"EL51239","W712/39","Oil Filter","FORD","1559937","https://www.oilfilter-crossreference.com/convert/MANN-FILTER/W712/39"
"EL51239","W712/39","Oil Filter","FORD","2735E-6714-B","https://www.oilfilter-crossreference.com/convert/MANN-FILTER/W712/39"
"EL51239","W712/39","Oil Filter","FORD","5002530","https://www.oilfilter-crossreference.com/convert/MANN-FILTER/W712/39"
"EL51239","W712/39","Oil Filter","FORD","5003329","https://www.oilfilter-crossreference.com/convert/MANN-FILTER/W712/39"
"EL51239","W712/39","Oil Filter","FORD","5003331","https://www.oilfilter-crossreference.com/convert/MANN-FILTER/W712/39"
"EL51239","W712/39","Oil Filter","FORD","5003930","https://www.oilfilter-crossreference.com/convert/MANN-FILTER/W712/39"
"EL51239","W712/39","Oil Filter","FORD","5003968","https://www.oilfilter-crossreference.com/convert/MANN-FILTER/W712/39"
"EL51239","W712/39","Oil Filter","FORD","5004926","https://www.oilfilter-crossreference.com/convert/MANN-FILTER/W712/39"
"EL51239","W712/39","Oil Filter","FORD","5011780","https://www.oilfilter-crossreference.com/convert/MANN-FILTER/W712/39"
"EL51239","W712/39","Oil Filter","FORD","5011782","https://www.oilfilter-crossreference.com/convert/MANN-FILTER/W712/39"
"EL51239","W712/39","Oil Filter","FORD","5013143","https://www.oilfilter-crossreference.com/convert/MANN-FILTER/W712/39"
"EL51239","W712/39","Oil Filter","FORD","5013319","https://www.oilfilter-crossreference.com/convert/MANN-FILTER/W712/39"
"EL51239","W712/39","Oil Filter","FORD","6041176","https://www.oilfilter-crossreference.com/convert/MANN-FILTER/W712/39"
"EL51239","W712/39","Oil Filter","FORD","691M-6714A/A","https://www.oilfilter-crossreference.com/convert/MANN-FILTER/W712/39"
"EL51239","W712/39","Oil Filter","FORD","77BM-6714-AA","https://www.oilfilter-crossreference.com/convert/MANN-FILTER/W712/39"
"EL51239","W712/39","Oil Filter","FORD","77BM-6714-C1A","https://www.oilfilter-crossreference.com/convert/MANN-FILTER/W712/39"
"EL51239","W712/39","Oil Filter","FORD","A700X6714AA","https://www.oilfilter-crossreference.com/convert/MANN-FILTER/W712/39"
"EL51239","W712/39","Oil Filter","FORD","A760X6714KA","https://www.oilfilter-crossreference.com/convert/MANN-FILTER/W712/39"
"EL51239","W712/39","Oil Filter","FORD","D0RY-6731-A","https://www.oilfilter-crossreference.com/convert/MANN-FILTER/W712/39"
"EL51239","W712/39","Oil Filter","FORD","D1PJ-6714-AA","https://www.oilfilter-crossreference.com/convert/MANN-FILTER/W712/39"
"EL51239","W712/39","Oil Filter","FORD","D1PZ-6731-A","https://www.oilfilter-crossreference.com/convert/MANN-FILTER/W712/39"
"EL51239","W712/39","Oil Filter","GENERAL-MOTORS","19160691","https://www.oilfilter-crossreference.com/convert/MANN-FILTER/W712/39"
"EL51239","W712/39","Oil Filter","GENERAL-MOTORS","19160694","https://www.oilfilter-crossreference.com/convert/MANN-FILTER/W712/39"
"EL51239","W712/39","Oil Filter","GENERAL-MOTORS","2-866-477","https://www.oilfilter-crossreference.com/convert/MANN-FILTER/W712/39"
"EL51239","W712/39","Oil Filter","GENERAL-MOTORS","6438162","https://www.oilfilter-crossreference.com/convert/MANN-FILTER/W712/39"
"EL51239","W712/39","Oil Filter","GENERAL-MOTORS","6439109","https://www.oilfilter-crossreference.com/convert/MANN-FILTER/W712/39"
"EL51239","W712/39","Oil Filter","GENERAL-MOTORS","650352","https://www.oilfilter-crossreference.com/convert/MANN-FILTER/W712/39"
"EL51239","W712/39","Oil Filter","GENERAL-MOTORS","7965051","https://www.oilfilter-crossreference.com/convert/MANN-FILTER/W712/39"
"EL51239","W712/39","Oil Filter","GENERAL-MOTORS","7976051","https://www.oilfilter-crossreference.com/convert/MANN-FILTER/W712/39"
"EL51239","W712/39","Oil Filter","GENERAL-MOTORS","7984225","https://www.oilfilter-crossreference.com/convert/MANN-FILTER/W712/39"
"EL51239","W712/39","Oil Filter","GENERAL-MOTORS","7984256","https://www.oilfilter-crossreference.com/convert/MANN-FILTER/W712/39"
"EL51239","W712/39","Oil Filter","GENERAL-MOTORS","90027778","https://www.oilfilter-crossreference.com/convert/MANN-FILTER/W712/39"
"EL51239","W712/39","Oil Filter","GENERAL-MOTORS","93156299","https://www.oilfilter-crossreference.com/convert/MANN-FILTER/W712/39"
"EL51239","W712/39","Oil Filter","GENERAL-MOTORS","93156958","https://www.oilfilter-crossreference.com/convert/MANN-FILTER/W712/39"
"EL51239","W712/39","Oil Filter","MITSUBISHI","J3232126","https://www.oilfilter-crossreference.com/convert/MANN-FILTER/W712/39"
"EL51239","W712/39","Oil Filter","MITSUBISHI","J3250334","https://www.oilfilter-crossreference.com/convert/MANN-FILTER/W712/39"
"EL51239","W712/39","Oil Filter","MITSUBISHI","N152H1010","https://www.oilfilter-crossreference.com/convert/MANN-FILTER/W712/39"
"EL51239","W712/39","Oil Filter","NISSAN","15208-H1010","https://www.oilfilter-crossreference.com/convert/MANN-FILTER/W712/39"
"EL51239","W712/39","Oil Filter","NISSAN","15208-H1011","https://www.oilfilter-crossreference.com/convert/MANN-FILTER/W712/39"
"EL51239","W712/39","Oil Filter","OPEL","09281199","https://www.oilfilter-crossreference.com/convert/MANN-FILTER/W712/39"
"EL51239","W712/39","Oil Filter","OPEL","2-866-477","https://www.oilfilter-crossreference.com/convert/MANN-FILTER/W712/39"
"EL51239","W712/39","Oil Filter","OPEL","2866477/VP","https://www.oilfilter-crossreference.com/convert/MANN-FILTER/W712/39"
"EL51239","W712/39","Oil Filter","OPEL","2866477VP","https://www.oilfilter-crossreference.com/convert/MANN-FILTER/W712/39"
"EL51239","W712/39","Oil Filter","OPEL","650352","https://www.oilfilter-crossreference.com/convert/MANN-FILTER/W712/39"
"EL51239","W712/39","Oil Filter","OPEL","650364","https://www.oilfilter-crossreference.com/convert/MANN-FILTER/W712/39"
"EL51239","W712/39","Oil Filter","OPEL","650365","https://www.oilfilter-crossreference.com/convert/MANN-FILTER/W712/39"
"EL51239","W712/39","Oil Filter","OPEL","650370","https://www.oilfilter-crossreference.com/convert/MANN-FILTER/W712/39"
"EL51239","W712/39","Oil Filter","OPEL","650371","https://www.oilfilter-crossreference.com/convert/MANN-FILTER/W712/39"
"EL51239","W712/39","Oil Filter","OPEL","650373","https://www.oilfilter-crossreference.com/convert/MANN-FILTER/W712/39"
"EL51239","W712/39","Oil Filter","OPEL","650400","https://www.oilfilter-crossreference.com/convert/MANN-FILTER/W712/39"
"EL51239","W712/39","Oil Filter","OPEL","7976051","https://www.oilfilter-crossreference.com/convert/MANN-FILTER/W712/39"
"EL51239","W712/39","Oil Filter","OPEL","90027778","https://www.oilfilter-crossreference.com/convert/MANN-FILTER/W712/39"
"EL51239","W712/39","Oil Filter","OPEL","9281199","https://www.oilfilter-crossreference.com/convert/MANN-FILTER/W712/39"
"EL51239","W712/39","Oil Filter","OPEL","VOF136","https://www.oilfilter-crossreference.com/convert/MANN-FILTER/W712/39"
"EL51239","W712/39","Oil Filter","OE","OF-1055","https://www.oilfilter-crossreference.com/convert/MANN-FILTER/W712/39"
"EL51239","W712/39","Oil Filter","OE","OF-1065","https://www.oilfilter-crossreference.com/convert/MANN-FILTER/W712/39"
"EL51239","W712/39","Oil Filter","OE","OF-250","https://www.oilfilter-crossreference.com/convert/MANN-FILTER/W712/39"
"EL51239","W712/39","Oil Filter","PEUGEOT","1109C5","https://www.oilfilter-crossreference.com/convert/MANN-FILTER/W712/39"
"EL51239","W712/39","Oil Filter","VAUXHALL","650364","https://www.oilfilter-crossreference.com/convert/MANN-FILTER/W712/39"
"EL51239","W712/39","Oil Filter","VAUXHALL","650365","https://www.oilfilter-crossreference.com/convert/MANN-FILTER/W712/39"
"EL51239","W712/39","Oil Filter","VAUXHALL","6696776","https://www.oilfilter-crossreference.com/convert/MANN-FILTER/W712/39"
"EL51239","W712/39","Oil Filter","VAUXHALL","7884256","https://www.oilfilter-crossreference.com/convert/MANN-FILTER/W712/39"
"EL51239","W712/39","Oil Filter","VAUXHALL","7965051","https://www.oilfilter-crossreference.com/convert/MANN-FILTER/W712/39"
"EL51239","W712/39","Oil Filter","VAUXHALL","7973235","https://www.oilfilter-crossreference.com/convert/MANN-FILTER/W712/39"
"EL51239","W712/39","Oil Filter","VAUXHALL","7973429","https://www.oilfilter-crossreference.com/convert/MANN-FILTER/W712/39"
"EL51239","W712/39","Oil Filter","VAUXHALL","7984256","https://www.oilfilter-crossreference.com/convert/MANN-FILTER/W712/39"
"EL51239","W712/39","Oil Filter","VAUXHALL","90027778","https://www.oilfilter-crossreference.com/convert/MANN-FILTER/W712/39"
"EL51239","W712/39","Oil Filter","VAUXHALL","93156299","https://www.oilfilter-crossreference.com/convert/MANN-FILTER/W712/39"
"EL51239","W712/39","Oil Filter","VAUXHALL","VOF136","https://www.oilfilter-crossreference.com/convert/MANN-FILTER/W712/39"
"EL51239","W712/39","Oil Filter","VW","034 115 561A","https://www.oilfilter-crossreference.com/convert/MANN-FILTER/W712/39"
"EL51239","W712/39","Oil Filter","VW","035 115 561","https://www.oilfilter-crossreference.com/convert/MANN-FILTER/W712/39"
"EL51239","W712/39","Oil Filter","VW","037 115 561","https://www.oilfilter-crossreference.com/convert/MANN-FILTER/W712/39"
"EL51239","W712/39","Oil Filter","VW","056 115 561","https://www.oilfilter-crossreference.com/convert/MANN-FILTER/W712/39"
"EL51239","W712/39","Oil Filter","VW","056 115 561A","https://www.oilfilter-crossreference.com/convert/MANN-FILTER/W712/39"
"EL51239","W712/39","Oil Filter","VW","056 115 561B","https://www.oilfilter-crossreference.com/convert/MANN-FILTER/W712/39"
"EL51239","W712/39","Oil Filter","VW","056 115 561C","https://www.oilfilter-crossreference.com/convert/MANN-FILTER/W712/39"
"EL51239","W712/39","Oil Filter","VW","056 115 561G","https://www.oilfilter-crossreference.com/convert/MANN-FILTER/W712/39"
"EL51239","W712/39","Oil Filter","VW","059 115 561A","https://www.oilfilter-crossreference.com/convert/MANN-FILTER/W712/39"
"EL51239","W712/39","Oil Filter","VW","059 115 561B","https://www.oilfilter-crossreference.com/convert/MANN-FILTER/W712/39"
"EL51239","W712/39","Oil Filter","VW","059 115 561C","https://www.oilfilter-crossreference.com/convert/MANN-FILTER/W712/39"
"EL51239","W712/39","Oil Filter","VW","06A 115 561","https://www.oilfilter-crossreference.com/convert/MANN-FILTER/W712/39"
"EL51239","W712/39","Oil Filter","VW","06A 115 561B","https://www.oilfilter-crossreference.com/convert/MANN-FILTER/W712/39"
"EL51239","W712/39","Oil Filter","VW","070 115 561","https://www.oilfilter-crossreference.com/convert/MANN-FILTER/W712/39"
"EL51239","W712/39","Oil Filter","VW","931 107 701 00","https://www.oilfilter-crossreference.com/convert/MANN-FILTER/W712/39"
"EL54310","W712/43(10)","Oil Filter","BMW","11 42 1 266 773","https://www.oilfilter-crossreference.com/convert/MANN-FILTER/W712/43(10)"
"EL54310","W712/43(10)","Oil Filter","BMW","11 42 9 061 198","https://www.oilfilter-crossreference.com/convert/MANN-FILTER/W712/43(10)"
"EL54310","W712/43(10)","Oil Filter","CHRYSLER","3232126","https://www.oilfilter-crossreference.com/convert/MANN-FILTER/W712/43(10)"
"EL54310","W712/43(10)","Oil Filter","CHRYSLER","3250334","https://www.oilfilter-crossreference.com/convert/MANN-FILTER/W712/43(10)"
"EL54310","W712/43(10)","Oil Filter","CHRYSLER","5203217","https://www.oilfilter-crossreference.com/convert/MANN-FILTER/W712/43(10)"
"EL54310","W712/43(10)","Oil Filter","CHRYSLER","72674028","https://www.oilfilter-crossreference.com/convert/MANN-FILTER/W712/43(10)"
"EL54310","W712/43(10)","Oil Filter","CHRYSLER","8127168","https://www.oilfilter-crossreference.com/convert/MANN-FILTER/W712/43(10)"
"EL54310","W712/43(10)","Oil Filter","CHRYSLER","J3232126","https://www.oilfilter-crossreference.com/convert/MANN-FILTER/W712/43(10)"
"EL54310","W712/43(10)","Oil Filter","CHRYSLER","J3250334","https://www.oilfilter-crossreference.com/convert/MANN-FILTER/W712/43(10)"
"EL54310","W712/43(10)","Oil Filter","CHRYSLER","J8127168","https://www.oilfilter-crossreference.com/convert/MANN-FILTER/W712/43(10)"
"EL54310","W712/43(10)","Oil Filter","CITROEN","MLS000-155","https://www.oilfilter-crossreference.com/convert/MANN-FILTER/W712/43(10)"
"EL54310","W712/43(10)","Oil Filter","CITROEN","MLS000155","https://www.oilfilter-crossreference.com/convert/MANN-FILTER/W712/43(10)"
"EL54310","W712/43(10)","Oil Filter","FORD","1457512","https://www.oilfilter-crossreference.com/convert/MANN-FILTER/W712/43(10)"
"EL54310","W712/43(10)","Oil Filter","FORD","1462805","https://www.oilfilter-crossreference.com/convert/MANN-FILTER/W712/43(10)"
"EL54310","W712/43(10)","Oil Filter","FORD","1498014","https://www.oilfilter-crossreference.com/convert/MANN-FILTER/W712/43(10)"
"EL54310","W712/43(10)","Oil Filter","FORD","1536304","https://www.oilfilter-crossreference.com/convert/MANN-FILTER/W712/43(10)"
"EL54310","W712/43(10)","Oil Filter","FORD","1553370","https://www.oilfilter-crossreference.com/convert/MANN-FILTER/W712/43(10)"
"EL54310","W712/43(10)","Oil Filter","FORD","1555370","https://www.oilfilter-crossreference.com/convert/MANN-FILTER/W712/43(10)"
"EL54310","W712/43(10)","Oil Filter","FORD","1559937","https://www.oilfilter-crossreference.com/convert/MANN-FILTER/W712/43(10)"
"EL54310","W712/43(10)","Oil Filter","FORD","2735E-6714-B","https://www.oilfilter-crossreference.com/convert/MANN-FILTER/W712/43(10)"
"EL54310","W712/43(10)","Oil Filter","FORD","5002530","https://www.oilfilter-crossreference.com/convert/MANN-FILTER/W712/43(10)"
"EL54310","W712/43(10)","Oil Filter","FORD","5003329","https://www.oilfilter-crossreference.com/convert/MANN-FILTER/W712/43(10)"
"EL54310","W712/43(10)","Oil Filter","FORD","5003331","https://www.oilfilter-crossreference.com/convert/MANN-FILTER/W712/43(10)"
"EL54310","W712/43(10)","Oil Filter","FORD","5003930","https://www.oilfilter-crossreference.com/convert/MANN-FILTER/W712/43(10)"
"EL54310","W712/43(10)","Oil Filter","FORD","5003968","https://www.oilfilter-crossreference.com/convert/MANN-FILTER/W712/43(10)"
"EL54310","W712/43(10)","Oil Filter","FORD","5004926","https://www.oilfilter-crossreference.com/convert/MANN-FILTER/W712/43(10)"
"EL54310","W712/43(10)","Oil Filter","FORD","5011780","https://www.oilfilter-crossreference.com/convert/MANN-FILTER/W712/43(10)"
"EL54310","W712/43(10)","Oil Filter","FORD","5011782","https://www.oilfilter-crossreference.com/convert/MANN-FILTER/W712/43(10)"
"EL54310","W712/43(10)","Oil Filter","FORD","5013143","https://www.oilfilter-crossreference.com/convert/MANN-FILTER/W712/43(10)"
"EL54310","W712/43(10)","Oil Filter","FORD","5013319","https://www.oilfilter-crossreference.com/convert/MANN-FILTER/W712/43(10)"
"EL54310","W712/43(10)","Oil Filter","FORD","6041176","https://www.oilfilter-crossreference.com/convert/MANN-FILTER/W712/43(10)"
"EL54310","W712/43(10)","Oil Filter","FORD","691M-6714A/A","https://www.oilfilter-crossreference.com/convert/MANN-FILTER/W712/43(10)"
"EL54310","W712/43(10)","Oil Filter","FORD","77BM-6714-AA","https://www.oilfilter-crossreference.com/convert/MANN-FILTER/W712/43(10)"
"EL54310","W712/43(10)","Oil Filter","FORD","77BM-6714-C1A","https://www.oilfilter-crossreference.com/convert/MANN-FILTER/W712/43(10)"
"EL54310","W712/43(10)","Oil Filter","FORD","A700X6714AA","https://www.oilfilter-crossreference.com/convert/MANN-FILTER/W712/43(10)"
"EL54310","W712/43(10)","Oil Filter","FORD","A760X6714KA","https://www.oilfilter-crossreference.com/convert/MANN-FILTER/W712/43(10)"
"EL54310","W712/43(10)","Oil Filter","FORD","D0RY-6731-A","https://www.oilfilter-crossreference.com/convert/MANN-FILTER/W712/43(10)"
"EL54310","W712/43(10)","Oil Filter","FORD","D1PJ-6714-AA","https://www.oilfilter-crossreference.com/convert/MANN-FILTER/W712/43(10)"
"EL54310","W712/43(10)","Oil Filter","FORD","D1PZ-6731-A","https://www.oilfilter-crossreference.com/convert/MANN-FILTER/W712/43(10)"
"EL54310","W712/43(10)","Oil Filter","GENERAL-MOTORS","19160691","https://www.oilfilter-crossreference.com/convert/MANN-FILTER/W712/43(10)"
"EL54310","W712/43(10)","Oil Filter","GENERAL-MOTORS","19160694","https://www.oilfilter-crossreference.com/convert/MANN-FILTER/W712/43(10)"
"EL54310","W712/43(10)","Oil Filter","GENERAL-MOTORS","2-866-477","https://www.oilfilter-crossreference.com/convert/MANN-FILTER/W712/43(10)"
"EL54310","W712/43(10)","Oil Filter","GENERAL-MOTORS","6438162","https://www.oilfilter-crossreference.com/convert/MANN-FILTER/W712/43(10)"
"EL54310","W712/43(10)","Oil Filter","GENERAL-MOTORS","6439109","https://www.oilfilter-crossreference.com/convert/MANN-FILTER/W712/43(10)"
"EL54310","W712/43(10)","Oil Filter","GENERAL-MOTORS","650352","https://www.oilfilter-crossreference.com/convert/MANN-FILTER/W712/43(10)"
"EL54310","W712/43(10)","Oil Filter","GENERAL-MOTORS","7965051","https://www.oilfilter-crossreference.com/convert/MANN-FILTER/W712/43(10)"
"EL54310","W712/43(10)","Oil Filter","GENERAL-MOTORS","7976051","https://www.oilfilter-crossreference.com/convert/MANN-FILTER/W712/43(10)"
"EL54310","W712/43(10)","Oil Filter","GENERAL-MOTORS","7984225","https://www.oilfilter-crossreference.com/convert/MANN-FILTER/W712/43(10)"
"EL54310","W712/43(10)","Oil Filter","GENERAL-MOTORS","7984256","https://www.oilfilter-crossreference.com/convert/MANN-FILTER/W712/43(10)"
"EL54310","W712/43(10)","Oil Filter","GENERAL-MOTORS","90027778","https://www.oilfilter-crossreference.com/convert/MANN-FILTER/W712/43(10)"
"EL54310","W712/43(10)","Oil Filter","GENERAL-MOTORS","93156299","https://www.oilfilter-crossreference.com/convert/MANN-FILTER/W712/43(10)"
"EL54310","W712/43(10)","Oil Filter","GENERAL-MOTORS","93156958","https://www.oilfilter-crossreference.com/convert/MANN-FILTER/W712/43(10)"
"EL54310","W712/43(10)","Oil Filter","MITSUBISHI","J3232126","https://www.oilfilter-crossreference.com/convert/MANN-FILTER/W712/43(10)"
"EL54310","W712/43(10)","Oil Filter","MITSUBISHI","J3250334","https://www.oilfilter-crossreference.com/convert/MANN-FILTER/W712/43(10)"
"EL54310","W712/43(10)","Oil Filter","MITSUBISHI","N152H1010","https://www.oilfilter-crossreference.com/convert/MANN-FILTER/W712/43(10)"
"EL54310","W712/43(10)","Oil Filter","NISSAN","15208-H1010","https://www.oilfilter-crossreference.com/convert/MANN-FILTER/W712/43(10)"
"EL54310","W712/43(10)","Oil Filter","NISSAN","15208-H1011","https://www.oilfilter-crossreference.com/convert/MANN-FILTER/W712/43(10)"
"EL54310","W712/43(10)","Oil Filter","OPEL","09281199","https://www.oilfilter-crossreference.com/convert/MANN-FILTER/W712/43(10)"
"EL54310","W712/43(10)","Oil Filter","OPEL","2-866-477","https://www.oilfilter-crossreference.com/convert/MANN-FILTER/W712/43(10)"
"EL54310","W712/43(10)","Oil Filter","OPEL","2866477/VP","https://www.oilfilter-crossreference.com/convert/MANN-FILTER/W712/43(10)"
"EL54310","W712/43(10)","Oil Filter","OPEL","2866477VP","https://www.oilfilter-crossreference.com/convert/MANN-FILTER/W712/43(10)"
"EL54310","W712/43(10)","Oil Filter","OPEL","650352","https://www.oilfilter-crossreference.com/convert/MANN-FILTER/W712/43(10)"
"EL54310","W712/43(10)","Oil Filter","OPEL","650364","https://www.oilfilter-crossreference.com/convert/MANN-FILTER/W712/43(10)"
"EL54310","W712/43(10)","Oil Filter","OPEL","650365","https://www.oilfilter-crossreference.com/convert/MANN-FILTER/W712/43(10)"
"EL54310","W712/43(10)","Oil Filter","OPEL","650370","https://www.oilfilter-crossreference.com/convert/MANN-FILTER/W712/43(10)"
"EL54310","W712/43(10)","Oil Filter","OPEL","650371","https://www.oilfilter-crossreference.com/convert/MANN-FILTER/W712/43(10)"
"EL54310","W712/43(10)","Oil Filter","OPEL","650373","https://www.oilfilter-crossreference.com/convert/MANN-FILTER/W712/43(10)"
"EL54310","W712/43(10)","Oil Filter","OPEL","650400","https://www.oilfilter-crossreference.com/convert/MANN-FILTER/W712/43(10)"
"EL54310","W712/43(10)","Oil Filter","OPEL","7976051","https://www.oilfilter-crossreference.com/convert/MANN-FILTER/W712/43(10)"
"EL54310","W712/43(10)","Oil Filter","OPEL","90027778","https://www.oilfilter-crossreference.com/convert/MANN-FILTER/W712/43(10)"
"EL54310","W712/43(10)","Oil Filter","OPEL","9281199","https://www.oilfilter-crossreference.com/convert/MANN-FILTER/W712/43(10)"
"EL54310","W712/43(10)","Oil Filter","OPEL","VOF136","https://www.oilfilter-crossreference.com/convert/MANN-FILTER/W712/43(10)"
"EL54310","W712/43(10)","Oil Filter","OE","OF-1055","https://www.oilfilter-crossreference.com/convert/MANN-FILTER/W712/43(10)"
"EL54310","W712/43(10)","Oil Filter","OE","OF-1065","https://www.oilfilter-crossreference.com/convert/MANN-FILTER/W712/43(10)"
"EL54310","W712/43(10)","Oil Filter","OE","OF-250","https://www.oilfilter-crossreference.com/convert/MANN-FILTER/W712/43(10)"
"EL54310","W712/43(10)","Oil Filter","PEUGEOT","1109C5","https://www.oilfilter-crossreference.com/convert/MANN-FILTER/W712/43(10)"
"EL54310","W712/43(10)","Oil Filter","VAUXHALL","650364","https://www.oilfilter-crossreference.com/convert/MANN-FILTER/W712/43(10)"
"EL54310","W712/43(10)","Oil Filter","VAUXHALL","650365","https://www.oilfilter-crossreference.com/convert/MANN-FILTER/W712/43(10)"
"EL54310","W712/43(10)","Oil Filter","VAUXHALL","6696776","https://www.oilfilter-crossreference.com/convert/MANN-FILTER/W712/43(10)"
"EL54310","W712/43(10)","Oil Filter","VAUXHALL","7884256","https://www.oilfilter-crossreference.com/convert/MANN-FILTER/W712/43(10)"
"EL54310","W712/43(10)","Oil Filter","VAUXHALL","7965051","https://www.oilfilter-crossreference.com/convert/MANN-FILTER/W712/43(10)"
"EL54310","W712/43(10)","Oil Filter","VAUXHALL","7973235","https://www.oilfilter-crossreference.com/convert/MANN-FILTER/W712/43(10)"
"EL54310","W712/43(10)","Oil Filter","VAUXHALL","7973429","https://www.oilfilter-crossreference.com/convert/MANN-FILTER/W712/43(10)"
"EL54310","W712/43(10)","Oil Filter","VAUXHALL","7984256","https://www.oilfilter-crossreference.com/convert/MANN-FILTER/W712/43(10)"
"EL54310","W712/43(10)","Oil Filter","VAUXHALL","90027778","https://www.oilfilter-crossreference.com/convert/MANN-FILTER/W712/43(10)"
"EL54310","W712/43(10)","Oil Filter","VAUXHALL","93156299","https://www.oilfilter-crossreference.com/convert/MANN-FILTER/W712/43(10)"
"EL54310","W712/43(10)","Oil Filter","VAUXHALL","VOF136","https://www.oilfilter-crossreference.com/convert/MANN-FILTER/W712/43(10)"
"EL54310","W712/43(10)","Oil Filter","VW","034 115 561A","https://www.oilfilter-crossreference.com/convert/MANN-FILTER/W712/43(10)"
"EL54310","W712/43(10)","Oil Filter","VW","035 115 561","https://www.oilfilter-crossreference.com/convert/MANN-FILTER/W712/43(10)"
"EL54310","W712/43(10)","Oil Filter","VW","037 115 561","https://www.oilfilter-crossreference.com/convert/MANN-FILTER/W712/43(10)"
"EL54310","W712/43(10)","Oil Filter","VW","056 115 561","https://www.oilfilter-crossreference.com/convert/MANN-FILTER/W712/43(10)"
"EL54310","W712/43(10)","Oil Filter","VW","056 115 561A","https://www.oilfilter-crossreference.com/convert/MANN-FILTER/W712/43(10)"
"EL54310","W712/43(10)","Oil Filter","VW","056 115 561B","https://www.oilfilter-crossreference.com/convert/MANN-FILTER/W712/43(10)"
"EL54310","W712/43(10)","Oil Filter","VW","056 115 561C","https://www.oilfilter-crossreference.com/convert/MANN-FILTER/W712/43(10)"
"EL54310","W712/43(10)","Oil Filter","VW","056 115 561G","https://www.oilfilter-crossreference.com/convert/MANN-FILTER/W712/43(10)"
"EL54310","W712/43(10)","Oil Filter","VW","059 115 561A","https://www.oilfilter-crossreference.com/convert/MANN-FILTER/W712/43(10)"
"EL54310","W712/43(10)","Oil Filter","VW","059 115 561B","https://www.oilfilter-crossreference.com/convert/MANN-FILTER/W712/43(10)"
"EL54310","W712/43(10)","Oil Filter","VW","059 115 561C","https://www.oilfilter-crossreference.com/convert/MANN-FILTER/W712/43(10)"
"EL54310","W712/43(10)","Oil Filter","VW","06A 115 561","https://www.oilfilter-crossreference.com/convert/MANN-FILTER/W712/43(10)"
"EL54310","W712/43(10)","Oil Filter","VW","06A 115 561B","https://www.oilfilter-crossreference.com/convert/MANN-FILTER/W712/43(10)"
"EL54310","W712/43(10)","Oil Filter","VW","070 115 561","https://www.oilfilter-crossreference.com/convert/MANN-FILTER/W712/43(10)"
"EL54310","W712/43(10)","Oil Filter","VW","931 107 701 00","https://www.oilfilter-crossreference.com/convert/MANN-FILTER/W712/43(10)"
"EL57125","W712/5","Oil Filter","BMW","11 42 1 266 773","https://www.oilfilter-crossreference.com/convert/MANN-FILTER/W712/5"
"EL57125","W712/5","Oil Filter","BMW","11 42 9 061 198","https://www.oilfilter-crossreference.com/convert/MANN-FILTER/W712/5"
"EL57125","W712/5","Oil Filter","CHRYSLER","3232126","https://www.oilfilter-crossreference.com/convert/MANN-FILTER/W712/5"
"EL57125","W712/5","Oil Filter","CHRYSLER","3250334","https://www.oilfilter-crossreference.com/convert/MANN-FILTER/W712/5"
"EL57125","W712/5","Oil Filter","CHRYSLER","5203217","https://www.oilfilter-crossreference.com/convert/MANN-FILTER/W712/5"
"EL57125","W712/5","Oil Filter","CHRYSLER","72674028","https://www.oilfilter-crossreference.com/convert/MANN-FILTER/W712/5"
"EL57125","W712/5","Oil Filter","CHRYSLER","8127168","https://www.oilfilter-crossreference.com/convert/MANN-FILTER/W712/5"
"EL57125","W712/5","Oil Filter","CHRYSLER","J3232126","https://www.oilfilter-crossreference.com/convert/MANN-FILTER/W712/5"
"EL57125","W712/5","Oil Filter","CHRYSLER","J3250334","https://www.oilfilter-crossreference.com/convert/MANN-FILTER/W712/5"
"EL57125","W712/5","Oil Filter","CHRYSLER","J8127168","https://www.oilfilter-crossreference.com/convert/MANN-FILTER/W712/5"
"EL57125","W712/5","Oil Filter","CITROEN","MLS000-155","https://www.oilfilter-crossreference.com/convert/MANN-FILTER/W712/5"
"EL57125","W712/5","Oil Filter","CITROEN","MLS000155","https://www.oilfilter-crossreference.com/convert/MANN-FILTER/W712/5"
"EL57125","W712/5","Oil Filter","FORD","1457512","https://www.oilfilter-crossreference.com/convert/MANN-FILTER/W712/5"
"EL57125","W712/5","Oil Filter","FORD","1462805","https://www.oilfilter-crossreference.com/convert/MANN-FILTER/W712/5"
"EL57125","W712/5","Oil Filter","FORD","1498014","https://www.oilfilter-crossreference.com/convert/MANN-FILTER/W712/5"
"EL57125","W712/5","Oil Filter","FORD","1536304","https://www.oilfilter-crossreference.com/convert/MANN-FILTER/W712/5"
"EL57125","W712/5","Oil Filter","FORD","1553370","https://www.oilfilter-crossreference.com/convert/MANN-FILTER/W712/5"
"EL57125","W712/5","Oil Filter","FORD","1555370","https://www.oilfilter-crossreference.com/convert/MANN-FILTER/W712/5"
"EL57125","W712/5","Oil Filter","FORD","1559937","https://www.oilfilter-crossreference.com/convert/MANN-FILTER/W712/5"
"EL57125","W712/5","Oil Filter","FORD","2735E-6714-B","https://www.oilfilter-crossreference.com/convert/MANN-FILTER/W712/5"
"EL57125","W712/5","Oil Filter","FORD","5002530","https://www.oilfilter-crossreference.com/convert/MANN-FILTER/W712/5"
"EL57125","W712/5","Oil Filter","FORD","5003329","https://www.oilfilter-crossreference.com/convert/MANN-FILTER/W712/5"
"EL57125","W712/5","Oil Filter","FORD","5003331","https://www.oilfilter-crossreference.com/convert/MANN-FILTER/W712/5"
"EL57125","W712/5","Oil Filter","FORD","5003930","https://www.oilfilter-crossreference.com/convert/MANN-FILTER/W712/5"
"EL57125","W712/5","Oil Filter","FORD","5003968","https://www.oilfilter-crossreference.com/convert/MANN-FILTER/W712/5"
"EL57125","W712/5","Oil Filter","FORD","5004926","https://www.oilfilter-crossreference.com/convert/MANN-FILTER/W712/5"
"EL57125","W712/5","Oil Filter","FORD","5011780","https://www.oilfilter-crossreference.com/convert/MANN-FILTER/W712/5"
"EL57125","W712/5","Oil Filter","FORD","5011782","https://www.oilfilter-crossreference.com/convert/MANN-FILTER/W712/5"
"EL57125","W712/5","Oil Filter","FORD","5013143","https://www.oilfilter-crossreference.com/convert/MANN-FILTER/W712/5"
"EL57125","W712/5","Oil Filter","FORD","5013319","https://www.oilfilter-crossreference.com/convert/MANN-FILTER/W712/5"
"EL57125","W712/5","Oil Filter","FORD","6041176","https://www.oilfilter-crossreference.com/convert/MANN-FILTER/W712/5"
"EL57125","W712/5","Oil Filter","FORD","691M-6714A/A","https://www.oilfilter-crossreference.com/convert/MANN-FILTER/W712/5"
"EL57125","W712/5","Oil Filter","FORD","77BM-6714-AA","https://www.oilfilter-crossreference.com/convert/MANN-FILTER/W712/5"
"EL57125","W712/5","Oil Filter","FORD","77BM-6714-C1A","https://www.oilfilter-crossreference.com/convert/MANN-FILTER/W712/5"
"EL57125","W712/5","Oil Filter","FORD","A700X6714AA","https://www.oilfilter-crossreference.com/convert/MANN-FILTER/W712/5"
"EL57125","W712/5","Oil Filter","FORD","A760X6714KA","https://www.oilfilter-crossreference.com/convert/MANN-FILTER/W712/5"
"EL57125","W712/5","Oil Filter","FORD","D0RY-6731-A","https://www.oilfilter-crossreference.com/convert/MANN-FILTER/W712/5"
"EL57125","W712/5","Oil Filter","FORD","D1PJ-6714-AA","https://www.oilfilter-crossreference.com/convert/MANN-FILTER/W712/5"
"EL57125","W712/5","Oil Filter","FORD","D1PZ-6731-A","https://www.oilfilter-crossreference.com/convert/MANN-FILTER/W712/5"
"EL57125","W712/5","Oil Filter","GENERAL-MOTORS","19160691","https://www.oilfilter-crossreference.com/convert/MANN-FILTER/W712/5"
"EL57125","W712/5","Oil Filter","GENERAL-MOTORS","19160694","https://www.oilfilter-crossreference.com/convert/MANN-FILTER/W712/5"
"EL57125","W712/5","Oil Filter","GENERAL-MOTORS","2-866-477","https://www.oilfilter-crossreference.com/convert/MANN-FILTER/W712/5"
"EL57125","W712/5","Oil Filter","GENERAL-MOTORS","6438162","https://www.oilfilter-crossreference.com/convert/MANN-FILTER/W712/5"
"EL57125","W712/5","Oil Filter","GENERAL-MOTORS","6439109","https://www.oilfilter-crossreference.com/convert/MANN-FILTER/W712/5"
"EL57125","W712/5","Oil Filter","GENERAL-MOTORS","650352","https://www.oilfilter-crossreference.com/convert/MANN-FILTER/W712/5"
"EL57125","W712/5","Oil Filter","GENERAL-MOTORS","7965051","https://www.oilfilter-crossreference.com/convert/MANN-FILTER/W712/5"
"EL57125","W712/5","Oil Filter","GENERAL-MOTORS","7976051","https://www.oilfilter-crossreference.com/convert/MANN-FILTER/W712/5"
"EL57125","W712/5","Oil Filter","GENERAL-MOTORS","7984225","https://www.oilfilter-crossreference.com/convert/MANN-FILTER/W712/5"
"EL57125","W712/5","Oil Filter","GENERAL-MOTORS","7984256","https://www.oilfilter-crossreference.com/convert/MANN-FILTER/W712/5"
"EL57125","W712/5","Oil Filter","GENERAL-MOTORS","90027778","https://www.oilfilter-crossreference.com/convert/MANN-FILTER/W712/5"
"EL57125","W712/5","Oil Filter","GENERAL-MOTORS","93156299","https://www.oilfilter-crossreference.com/convert/MANN-FILTER/W712/5"
"EL57125","W712/5","Oil Filter","GENERAL-MOTORS","93156958","https://www.oilfilter-crossreference.com/convert/MANN-FILTER/W712/5"
"EL57125","W712/5","Oil Filter","MITSUBISHI","J3232126","https://www.oilfilter-crossreference.com/convert/MANN-FILTER/W712/5"
"EL57125","W712/5","Oil Filter","MITSUBISHI","J3250334","https://www.oilfilter-crossreference.com/convert/MANN-FILTER/W712/5"
"EL57125","W712/5","Oil Filter","MITSUBISHI","N152H1010","https://www.oilfilter-crossreference.com/convert/MANN-FILTER/W712/5"
"EL57125","W712/5","Oil Filter","NISSAN","15208-H1010","https://www.oilfilter-crossreference.com/convert/MANN-FILTER/W712/5"
"EL57125","W712/5","Oil Filter","NISSAN","15208-H1011","https://www.oilfilter-crossreference.com/convert/MANN-FILTER/W712/5"
"EL57125","W712/5","Oil Filter","OPEL","09281199","https://www.oilfilter-crossreference.com/convert/MANN-FILTER/W712/5"
"EL57125","W712/5","Oil Filter","OPEL","2-866-477","https://www.oilfilter-crossreference.com/convert/MANN-FILTER/W712/5"
"EL57125","W712/5","Oil Filter","OPEL","2866477/VP","https://www.oilfilter-crossreference.com/convert/MANN-FILTER/W712/5"
"EL57125","W712/5","Oil Filter","OPEL","2866477VP","https://www.oilfilter-crossreference.com/convert/MANN-FILTER/W712/5"
"EL57125","W712/5","Oil Filter","OPEL","650352","https://www.oilfilter-crossreference.com/convert/MANN-FILTER/W712/5"
"EL57125","W712/5","Oil Filter","OPEL","650364","https://www.oilfilter-crossreference.com/convert/MANN-FILTER/W712/5"
"EL57125","W712/5","Oil Filter","OPEL","650365","https://www.oilfilter-crossreference.com/convert/MANN-FILTER/W712/5"
"EL57125","W712/5","Oil Filter","OPEL","650370","https://www.oilfilter-crossreference.com/convert/MANN-FILTER/W712/5"
"EL57125","W712/5","Oil Filter","OPEL","650371","https://www.oilfilter-crossreference.com/convert/MANN-FILTER/W712/5"
"EL57125","W712/5","Oil Filter","OPEL","650373","https://www.oilfilter-crossreference.com/convert/MANN-FILTER/W712/5"
"EL57125","W712/5","Oil Filter","OPEL","650400","https://www.oilfilter-crossreference.com/convert/MANN-FILTER/W712/5"
"EL57125","W712/5","Oil Filter","OPEL","7976051","https://www.oilfilter-crossreference.com/convert/MANN-FILTER/W712/5"
"EL57125","W712/5","Oil Filter","OPEL","90027778","https://www.oilfilter-crossreference.com/convert/MANN-FILTER/W712/5"
"EL57125","W712/5","Oil Filter","OPEL","9281199","https://www.oilfilter-crossreference.com/convert/MANN-FILTER/W712/5"
"EL57125","W712/5","Oil Filter","OPEL","VOF136","https://www.oilfilter-crossreference.com/convert/MANN-FILTER/W712/5"
"EL57125","W712/5","Oil Filter","OE","OF-1055","https://www.oilfilter-crossreference.com/convert/MANN-FILTER/W712/5"
"EL57125","W712/5","Oil Filter","OE","OF-1065","https://www.oilfilter-crossreference.com/convert/MANN-FILTER/W712/5"
"EL57125","W712/5","Oil Filter","OE","OF-250","https://www.oilfilter-crossreference.com/convert/MANN-FILTER/W712/5"
"EL57125","W712/5","Oil Filter","PEUGEOT","1109C5","https://www.oilfilter-crossreference.com/convert/MANN-FILTER/W712/5"
"EL57125","W712/5","Oil Filter","VAUXHALL","650364","https://www.oilfilter-crossreference.com/convert/MANN-FILTER/W712/5"
"EL57125","W712/5","Oil Filter","VAUXHALL","650365","https://www.oilfilter-crossreference.com/convert/MANN-FILTER/W712/5"
"EL57125","W712/5","Oil Filter","VAUXHALL","6696776","https://www.oilfilter-crossreference.com/convert/MANN-FILTER/W712/5"
"EL57125","W712/5","Oil Filter","VAUXHALL","7884256","https://www.oilfilter-crossreference.com/convert/MANN-FILTER/W712/5"
"EL57125","W712/5","Oil Filter","VAUXHALL","7965051","https://www.oilfilter-crossreference.com/convert/MANN-FILTER/W712/5"
"EL57125","W712/5","Oil Filter","VAUXHALL","7973235","https://www.oilfilter-crossreference.com/convert/MANN-FILTER/W712/5"
"EL57125","W712/5","Oil Filter","VAUXHALL","7973429","https://www.oilfilter-crossreference.com/convert/MANN-FILTER/W712/5"
"EL57125","W712/5","Oil Filter","VAUXHALL","7984256","https://www.oilfilter-crossreference.com/convert/MANN-FILTER/W712/5"
"EL57125","W712/5","Oil Filter","VAUXHALL","90027778","https://www.oilfilter-crossreference.com/convert/MANN-FILTER/W712/5"
"EL57125","W712/5","Oil Filter","VAUXHALL","93156299","https://www.oilfilter-crossreference.com/convert/MANN-FILTER/W712/5"
"EL57125","W712/5","Oil Filter","VAUXHALL","VOF136","https://www.oilfilter-crossreference.com/convert/MANN-FILTER/W712/5"
"EL57125","W712/5","Oil Filter","VW","034 115 561A","https://www.oilfilter-crossreference.com/convert/MANN-FILTER/W712/5"
"EL57125","W712/5","Oil Filter","VW","035 115 561","https://www.oilfilter-crossreference.com/convert/MANN-FILTER/W712/5"
"EL57125","W712/5","Oil Filter","VW","037 115 561","https://www.oilfilter-crossreference.com/convert/MANN-FILTER/W712/5"
"EL57125","W712/5","Oil Filter","VW","056 115 561","https://www.oilfilter-crossreference.com/convert/MANN-FILTER/W712/5"
"EL57125","W712/5","Oil Filter","VW","056 115 561A","https://www.oilfilter-crossreference.com/convert/MANN-FILTER/W712/5"
"EL57125","W712/5","Oil Filter","VW","056 115 561B","https://www.oilfilter-crossreference.com/convert/MANN-FILTER/W712/5"
"EL57125","W712/5","Oil Filter","VW","056 115 561C","https://www.oilfilter-crossreference.com/convert/MANN-FILTER/W712/5"
"EL57125","W712/5","Oil Filter","VW","056 115 561G","https://www.oilfilter-crossreference.com/convert/MANN-FILTER/W712/5"
"EL57125","W712/5","Oil Filter","VW","059 115 561A","https://www.oilfilter-crossreference.com/convert/MANN-FILTER/W712/5"
"EL57125","W712/5","Oil Filter","VW","059 115 561B","https://www.oilfilter-crossreference.com/convert/MANN-FILTER/W712/5"
"EL57125","W712/5","Oil Filter","VW","059 115 561C","https://www.oilfilter-crossreference.com/convert/MANN-FILTER/W712/5"
"EL57125","W712/5","Oil Filter","VW","06A 115 561","https://www.oilfilter-crossreference.com/convert/MANN-FILTER/W712/5"
"EL57125","W712/5","Oil Filter","VW","06A 115 561B","https://www.oilfilter-crossreference.com/convert/MANN-FILTER/W712/5"
"EL57125","W712/5","Oil Filter","VW","070 115 561","https://www.oilfilter-crossreference.com/convert/MANN-FILTER/W712/5"
"EL57125","W712/5","Oil Filter","VW","931 107 701 00","https://www.oilfilter-crossreference.com/convert/MANN-FILTER/W712/5"
"EL51253","W712/53","Oil Filter","BMW","11 42 1 266 773","https://www.oilfilter-crossreference.com/convert/MANN-FILTER/W712/53"
"EL51253","W712/53","Oil Filter","BMW","11 42 9 061 198","https://www.oilfilter-crossreference.com/convert/MANN-FILTER/W712/53"
"EL51253","W712/53","Oil Filter","CHRYSLER","3232126","https://www.oilfilter-crossreference.com/convert/MANN-FILTER/W712/53"
"EL51253","W712/53","Oil Filter","CHRYSLER","3250334","https://www.oilfilter-crossreference.com/convert/MANN-FILTER/W712/53"
"EL51253","W712/53","Oil Filter","CHRYSLER","5203217","https://www.oilfilter-crossreference.com/convert/MANN-FILTER/W712/53"
"EL51253","W712/53","Oil Filter","CHRYSLER","72674028","https://www.oilfilter-crossreference.com/convert/MANN-FILTER/W712/53"
"EL51253","W712/53","Oil Filter","CHRYSLER","8127168","https://www.oilfilter-crossreference.com/convert/MANN-FILTER/W712/53"
"EL51253","W712/53","Oil Filter","CHRYSLER","J3232126","https://www.oilfilter-crossreference.com/convert/MANN-FILTER/W712/53"
"EL51253","W712/53","Oil Filter","CHRYSLER","J3250334","https://www.oilfilter-crossreference.com/convert/MANN-FILTER/W712/53"
"EL51253","W712/53","Oil Filter","CHRYSLER","J8127168","https://www.oilfilter-crossreference.com/convert/MANN-FILTER/W712/53"
"EL51253","W712/53","Oil Filter","CITROEN","MLS000-155","https://www.oilfilter-crossreference.com/convert/MANN-FILTER/W712/53"
"EL51253","W712/53","Oil Filter","CITROEN","MLS000155","https://www.oilfilter-crossreference.com/convert/MANN-FILTER/W712/53"
"EL51253","W712/53","Oil Filter","FORD","1457512","https://www.oilfilter-crossreference.com/convert/MANN-FILTER/W712/53"
"EL51253","W712/53","Oil Filter","FORD","1462805","https://www.oilfilter-crossreference.com/convert/MANN-FILTER/W712/53"
"EL51253","W712/53","Oil Filter","FORD","1498014","https://www.oilfilter-crossreference.com/convert/MANN-FILTER/W712/53"
"EL51253","W712/53","Oil Filter","FORD","1536304","https://www.oilfilter-crossreference.com/convert/MANN-FILTER/W712/53"
"EL51253","W712/53","Oil Filter","FORD","1553370","https://www.oilfilter-crossreference.com/convert/MANN-FILTER/W712/53"
"EL51253","W712/53","Oil Filter","FORD","1555370","https://www.oilfilter-crossreference.com/convert/MANN-FILTER/W712/53"
"EL51253","W712/53","Oil Filter","FORD","1559937","https://www.oilfilter-crossreference.com/convert/MANN-FILTER/W712/53"
"EL51253","W712/53","Oil Filter","FORD","2735E-6714-B","https://www.oilfilter-crossreference.com/convert/MANN-FILTER/W712/53"
"EL51253","W712/53","Oil Filter","FORD","5002530","https://www.oilfilter-crossreference.com/convert/MANN-FILTER/W712/53"
"EL51253","W712/53","Oil Filter","FORD","5003329","https://www.oilfilter-crossreference.com/convert/MANN-FILTER/W712/53"
"EL51253","W712/53","Oil Filter","FORD","5003331","https://www.oilfilter-crossreference.com/convert/MANN-FILTER/W712/53"
"EL51253","W712/53","Oil Filter","FORD","5003930","https://www.oilfilter-crossreference.com/convert/MANN-FILTER/W712/53"
"EL51253","W712/53","Oil Filter","FORD","5003968","https://www.oilfilter-crossreference.com/convert/MANN-FILTER/W712/53"
"EL51253","W712/53","Oil Filter","FORD","5004926","https://www.oilfilter-crossreference.com/convert/MANN-FILTER/W712/53"
"EL51253","W712/53","Oil Filter","FORD","5011780","https://www.oilfilter-crossreference.com/convert/MANN-FILTER/W712/53"
"EL51253","W712/53","Oil Filter","FORD","5011782","https://www.oilfilter-crossreference.com/convert/MANN-FILTER/W712/53"
"EL51253","W712/53","Oil Filter","FORD","5013143","https://www.oilfilter-crossreference.com/convert/MANN-FILTER/W712/53"
"EL51253","W712/53","Oil Filter","FORD","5013319","https://www.oilfilter-crossreference.com/convert/MANN-FILTER/W712/53"
"EL51253","W712/53","Oil Filter","FORD","6041176","https://www.oilfilter-crossreference.com/convert/MANN-FILTER/W712/53"
"EL51253","W712/53","Oil Filter","FORD","691M-6714A/A","https://www.oilfilter-crossreference.com/convert/MANN-FILTER/W712/53"
"EL51253","W712/53","Oil Filter","FORD","77BM-6714-AA","https://www.oilfilter-crossreference.com/convert/MANN-FILTER/W712/53"
"EL51253","W712/53","Oil Filter","FORD","77BM-6714-C1A","https://www.oilfilter-crossreference.com/convert/MANN-FILTER/W712/53"
"EL51253","W712/53","Oil Filter","FORD","A700X6714AA","https://www.oilfilter-crossreference.com/convert/MANN-FILTER/W712/53"
"EL51253","W712/53","Oil Filter","FORD","A760X6714KA","https://www.oilfilter-crossreference.com/convert/MANN-FILTER/W712/53"
"EL51253","W712/53","Oil Filter","FORD","D0RY-6731-A","https://www.oilfilter-crossreference.com/convert/MANN-FILTER/W712/53"
"EL51253","W712/53","Oil Filter","FORD","D1PJ-6714-AA","https://www.oilfilter-crossreference.com/convert/MANN-FILTER/W712/53"
"EL51253","W712/53","Oil Filter","FORD","D1PZ-6731-A","https://www.oilfilter-crossreference.com/convert/MANN-FILTER/W712/53"
"EL51253","W712/53","Oil Filter","GENERAL-MOTORS","19160691","https://www.oilfilter-crossreference.com/convert/MANN-FILTER/W712/53"
"EL51253","W712/53","Oil Filter","GENERAL-MOTORS","19160694","https://www.oilfilter-crossreference.com/convert/MANN-FILTER/W712/53"
"EL51253","W712/53","Oil Filter","GENERAL-MOTORS","2-866-477","https://www.oilfilter-crossreference.com/convert/MANN-FILTER/W712/53"
"EL51253","W712/53","Oil Filter","GENERAL-MOTORS","6438162","https://www.oilfilter-crossreference.com/convert/MANN-FILTER/W712/53"
"EL51253","W712/53","Oil Filter","GENERAL-MOTORS","6439109","https://www.oilfilter-crossreference.com/convert/MANN-FILTER/W712/53"
"EL51253","W712/53","Oil Filter","GENERAL-MOTORS","650352","https://www.oilfilter-crossreference.com/convert/MANN-FILTER/W712/53"
"EL51253","W712/53","Oil Filter","GENERAL-MOTORS","7965051","https://www.oilfilter-crossreference.com/convert/MANN-FILTER/W712/53"
"EL51253","W712/53","Oil Filter","GENERAL-MOTORS","7976051","https://www.oilfilter-crossreference.com/convert/MANN-FILTER/W712/53"
"EL51253","W712/53","Oil Filter","GENERAL-MOTORS","7984225","https://www.oilfilter-crossreference.com/convert/MANN-FILTER/W712/53"
"EL51253","W712/53","Oil Filter","GENERAL-MOTORS","7984256","https://www.oilfilter-crossreference.com/convert/MANN-FILTER/W712/53"
"EL51253","W712/53","Oil Filter","GENERAL-MOTORS","90027778","https://www.oilfilter-crossreference.com/convert/MANN-FILTER/W712/53"
"EL51253","W712/53","Oil Filter","GENERAL-MOTORS","93156299","https://www.oilfilter-crossreference.com/convert/MANN-FILTER/W712/53"
"EL51253","W712/53","Oil Filter","GENERAL-MOTORS","93156958","https://www.oilfilter-crossreference.com/convert/MANN-FILTER/W712/53"
"EL51253","W712/53","Oil Filter","MITSUBISHI","J3232126","https://www.oilfilter-crossreference.com/convert/MANN-FILTER/W712/53"
"EL51253","W712/53","Oil Filter","MITSUBISHI","J3250334","https://www.oilfilter-crossreference.com/convert/MANN-FILTER/W712/53"
"EL51253","W712/53","Oil Filter","MITSUBISHI","N152H1010","https://www.oilfilter-crossreference.com/convert/MANN-FILTER/W712/53"
"EL51253","W712/53","Oil Filter","NISSAN","15208-H1010","https://www.oilfilter-crossreference.com/convert/MANN-FILTER/W712/53"
"EL51253","W712/53","Oil Filter","NISSAN","15208-H1011","https://www.oilfilter-crossreference.com/convert/MANN-FILTER/W712/53"
"EL51253","W712/53","Oil Filter","OPEL","09281199","https://www.oilfilter-crossreference.com/convert/MANN-FILTER/W712/53"
"EL51253","W712/53","Oil Filter","OPEL","2-866-477","https://www.oilfilter-crossreference.com/convert/MANN-FILTER/W712/53"
"EL51253","W712/53","Oil Filter","OPEL","2866477/VP","https://www.oilfilter-crossreference.com/convert/MANN-FILTER/W712/53"
"EL51253","W712/53","Oil Filter","OPEL","2866477VP","https://www.oilfilter-crossreference.com/convert/MANN-FILTER/W712/53"
"EL51253","W712/53","Oil Filter","OPEL","650352","https://www.oilfilter-crossreference.com/convert/MANN-FILTER/W712/53"
"EL51253","W712/53","Oil Filter","OPEL","650364","https://www.oilfilter-crossreference.com/convert/MANN-FILTER/W712/53"
"EL51253","W712/53","Oil Filter","OPEL","650365","https://www.oilfilter-crossreference.com/convert/MANN-FILTER/W712/53"
"EL51253","W712/53","Oil Filter","OPEL","650370","https://www.oilfilter-crossreference.com/convert/MANN-FILTER/W712/53"
"EL51253","W712/53","Oil Filter","OPEL","650371","https://www.oilfilter-crossreference.com/convert/MANN-FILTER/W712/53"
"EL51253","W712/53","Oil Filter","OPEL","650373","https://www.oilfilter-crossreference.com/convert/MANN-FILTER/W712/53"
"EL51253","W712/53","Oil Filter","OPEL","650400","https://www.oilfilter-crossreference.com/convert/MANN-FILTER/W712/53"
"EL51253","W712/53","Oil Filter","OPEL","7976051","https://www.oilfilter-crossreference.com/convert/MANN-FILTER/W712/53"
"EL51253","W712/53","Oil Filter","OPEL","90027778","https://www.oilfilter-crossreference.com/convert/MANN-FILTER/W712/53"
"EL51253","W712/53","Oil Filter","OPEL","9281199","https://www.oilfilter-crossreference.com/convert/MANN-FILTER/W712/53"
"EL51253","W712/53","Oil Filter","OPEL","VOF136","https://www.oilfilter-crossreference.com/convert/MANN-FILTER/W712/53"
"EL51253","W712/53","Oil Filter","OE","OF-1055","https://www.oilfilter-crossreference.com/convert/MANN-FILTER/W712/53"
"EL51253","W712/53","Oil Filter","OE","OF-1065","https://www.oilfilter-crossreference.com/convert/MANN-FILTER/W712/53"
"EL51253","W712/53","Oil Filter","OE","OF-250","https://www.oilfilter-crossreference.com/convert/MANN-FILTER/W712/53"
"EL51253","W712/53","Oil Filter","PEUGEOT","1109C5","https://www.oilfilter-crossreference.com/convert/MANN-FILTER/W712/53"
"EL51253","W712/53","Oil Filter","VAUXHALL","650364","https://www.oilfilter-crossreference.com/convert/MANN-FILTER/W712/53"
"EL51253","W712/53","Oil Filter","VAUXHALL","650365","https://www.oilfilter-crossreference.com/convert/MANN-FILTER/W712/53"
"EL51253","W712/53","Oil Filter","VAUXHALL","6696776","https://www.oilfilter-crossreference.com/convert/MANN-FILTER/W712/53"
"EL51253","W712/53","Oil Filter","VAUXHALL","7884256","https://www.oilfilter-crossreference.com/convert/MANN-FILTER/W712/53"
"EL51253","W712/53","Oil Filter","VAUXHALL","7965051","https://www.oilfilter-crossreference.com/convert/MANN-FILTER/W712/53"
"EL51253","W712/53","Oil Filter","VAUXHALL","7973235","https://www.oilfilter-crossreference.com/convert/MANN-FILTER/W712/53"
"EL51253","W712/53","Oil Filter","VAUXHALL","7973429","https://www.oilfilter-crossreference.com/convert/MANN-FILTER/W712/53"
"EL51253","W712/53","Oil Filter","VAUXHALL","7984256","https://www.oilfilter-crossreference.com/convert/MANN-FILTER/W712/53"
"EL51253","W712/53","Oil Filter","VAUXHALL","90027778","https://www.oilfilter-crossreference.com/convert/MANN-FILTER/W712/53"
"EL51253","W712/53","Oil Filter","VAUXHALL","93156299","https://www.oilfilter-crossreference.com/convert/MANN-FILTER/W712/53"
"EL51253","W712/53","Oil Filter","VAUXHALL","VOF136","https://www.oilfilter-crossreference.com/convert/MANN-FILTER/W712/53"
"EL51253","W712/53","Oil Filter","VW","034 115 561A","https://www.oilfilter-crossreference.com/convert/MANN-FILTER/W712/53"
"EL51253","W712/53","Oil Filter","VW","035 115 561","https://www.oilfilter-crossreference.com/convert/MANN-FILTER/W712/53"
"EL51253","W712/53","Oil Filter","VW","037 115 561","https://www.oilfilter-crossreference.com/convert/MANN-FILTER/W712/53"
"EL51253","W712/53","Oil Filter","VW","056 115 561","https://www.oilfilter-crossreference.com/convert/MANN-FILTER/W712/53"
"EL51253","W712/53","Oil Filter","VW","056 115 561A","https://www.oilfilter-crossreference.com/convert/MANN-FILTER/W712/53"
"EL51253","W712/53","Oil Filter","VW","056 115 561B","https://www.oilfilter-crossreference.com/convert/MANN-FILTER/W712/53"
"EL51253","W712/53","Oil Filter","VW","056 115 561C","https://www.oilfilter-crossreference.com/convert/MANN-FILTER/W712/53"
"EL51253","W712/53","Oil Filter","VW","056 115 561G","https://www.oilfilter-crossreference.com/convert/MANN-FILTER/W712/53"
"EL51253","W712/53","Oil Filter","VW","059 115 561A","https://www.oilfilter-crossreference.com/convert/MANN-FILTER/W712/53"
"EL51253","W712/53","Oil Filter","VW","059 115 561B","https://www.oilfilter-crossreference.com/convert/MANN-FILTER/W712/53"
"EL51253","W712/53","Oil Filter","VW","059 115 561C","https://www.oilfilter-crossreference.com/convert/MANN-FILTER/W712/53"
"EL51253","W712/53","Oil Filter","VW","06A 115 561","https://www.oilfilter-crossreference.com/convert/MANN-FILTER/W712/53"
"EL51253","W712/53","Oil Filter","VW","06A 115 561B","https://www.oilfilter-crossreference.com/convert/MANN-FILTER/W712/53"
"EL51253","W712/53","Oil Filter","VW","070 115 561","https://www.oilfilter-crossreference.com/convert/MANN-FILTER/W712/53"
"EL51253","W712/53","Oil Filter","VW","931 107 701 00","https://www.oilfilter-crossreference.com/convert/MANN-FILTER/W712/53"
"EL57125","W712/5X","Oil Filter","BMW","11 42 1 266 773","https://www.oilfilter-crossreference.com/convert/MANN-FILTER/W712/5X"
"EL57125","W712/5X","Oil Filter","BMW","11 42 9 061 198","https://www.oilfilter-crossreference.com/convert/MANN-FILTER/W712/5X"
"EL57125","W712/5X","Oil Filter","CHRYSLER","3232126","https://www.oilfilter-crossreference.com/convert/MANN-FILTER/W712/5X"
"EL57125","W712/5X","Oil Filter","CHRYSLER","3250334","https://www.oilfilter-crossreference.com/convert/MANN-FILTER/W712/5X"
"EL57125","W712/5X","Oil Filter","CHRYSLER","5203217","https://www.oilfilter-crossreference.com/convert/MANN-FILTER/W712/5X"
"EL57125","W712/5X","Oil Filter","CHRYSLER","72674028","https://www.oilfilter-crossreference.com/convert/MANN-FILTER/W712/5X"
"EL57125","W712/5X","Oil Filter","CHRYSLER","8127168","https://www.oilfilter-crossreference.com/convert/MANN-FILTER/W712/5X"
"EL57125","W712/5X","Oil Filter","CHRYSLER","J3232126","https://www.oilfilter-crossreference.com/convert/MANN-FILTER/W712/5X"
"EL57125","W712/5X","Oil Filter","CHRYSLER","J3250334","https://www.oilfilter-crossreference.com/convert/MANN-FILTER/W712/5X"
"EL57125","W712/5X","Oil Filter","CHRYSLER","J8127168","https://www.oilfilter-crossreference.com/convert/MANN-FILTER/W712/5X"
"EL57125","W712/5X","Oil Filter","CITROEN","MLS000-155","https://www.oilfilter-crossreference.com/convert/MANN-FILTER/W712/5X"
"EL57125","W712/5X","Oil Filter","CITROEN","MLS000155","https://www.oilfilter-crossreference.com/convert/MANN-FILTER/W712/5X"
"EL57125","W712/5X","Oil Filter","FORD","1457512","https://www.oilfilter-crossreference.com/convert/MANN-FILTER/W712/5X"
"EL57125","W712/5X","Oil Filter","FORD","1462805","https://www.oilfilter-crossreference.com/convert/MANN-FILTER/W712/5X"
"EL57125","W712/5X","Oil Filter","FORD","1498014","https://www.oilfilter-crossreference.com/convert/MANN-FILTER/W712/5X"
"EL57125","W712/5X","Oil Filter","FORD","1536304","https://www.oilfilter-crossreference.com/convert/MANN-FILTER/W712/5X"
"EL57125","W712/5X","Oil Filter","FORD","1553370","https://www.oilfilter-crossreference.com/convert/MANN-FILTER/W712/5X"
"EL57125","W712/5X","Oil Filter","FORD","1555370","https://www.oilfilter-crossreference.com/convert/MANN-FILTER/W712/5X"
"EL57125","W712/5X","Oil Filter","FORD","1559937","https://www.oilfilter-crossreference.com/convert/MANN-FILTER/W712/5X"
"EL57125","W712/5X","Oil Filter","FORD","2735E-6714-B","https://www.oilfilter-crossreference.com/convert/MANN-FILTER/W712/5X"
"EL57125","W712/5X","Oil Filter","FORD","5002530","https://www.oilfilter-crossreference.com/convert/MANN-FILTER/W712/5X"
"EL57125","W712/5X","Oil Filter","FORD","5003329","https://www.oilfilter-crossreference.com/convert/MANN-FILTER/W712/5X"
"EL57125","W712/5X","Oil Filter","FORD","5003331","https://www.oilfilter-crossreference.com/convert/MANN-FILTER/W712/5X"
"EL57125","W712/5X","Oil Filter","FORD","5003930","https://www.oilfilter-crossreference.com/convert/MANN-FILTER/W712/5X"
"EL57125","W712/5X","Oil Filter","FORD","5003968","https://www.oilfilter-crossreference.com/convert/MANN-FILTER/W712/5X"
"EL57125","W712/5X","Oil Filter","FORD","5004926","https://www.oilfilter-crossreference.com/convert/MANN-FILTER/W712/5X"
"EL57125","W712/5X","Oil Filter","FORD","5011780","https://www.oilfilter-crossreference.com/convert/MANN-FILTER/W712/5X"
"EL57125","W712/5X","Oil Filter","FORD","5011782","https://www.oilfilter-crossreference.com/convert/MANN-FILTER/W712/5X"
"EL57125","W712/5X","Oil Filter","FORD","5013143","https://www.oilfilter-crossreference.com/convert/MANN-FILTER/W712/5X"
"EL57125","W712/5X","Oil Filter","FORD","5013319","https://www.oilfilter-crossreference.com/convert/MANN-FILTER/W712/5X"
"EL57125","W712/5X","Oil Filter","FORD","6041176","https://www.oilfilter-crossreference.com/convert/MANN-FILTER/W712/5X"
"EL57125","W712/5X","Oil Filter","FORD","691M-6714A/A","https://www.oilfilter-crossreference.com/convert/MANN-FILTER/W712/5X"
"EL57125","W712/5X","Oil Filter","FORD","77BM-6714-AA","https://www.oilfilter-crossreference.com/convert/MANN-FILTER/W712/5X"
"EL57125","W712/5X","Oil Filter","FORD","77BM-6714-C1A","https://www.oilfilter-crossreference.com/convert/MANN-FILTER/W712/5X"
"EL57125","W712/5X","Oil Filter","FORD","A700X6714AA","https://www.oilfilter-crossreference.com/convert/MANN-FILTER/W712/5X"
"EL57125","W712/5X","Oil Filter","FORD","A760X6714KA","https://www.oilfilter-crossreference.com/convert/MANN-FILTER/W712/5X"
"EL57125","W712/5X","Oil Filter","FORD","D0RY-6731-A","https://www.oilfilter-crossreference.com/convert/MANN-FILTER/W712/5X"
"EL57125","W712/5X","Oil Filter","FORD","D1PJ-6714-AA","https://www.oilfilter-crossreference.com/convert/MANN-FILTER/W712/5X"
"EL57125","W712/5X","Oil Filter","FORD","D1PZ-6731-A","https://www.oilfilter-crossreference.com/convert/MANN-FILTER/W712/5X"
"EL57125","W712/5X","Oil Filter","GENERAL-MOTORS","19160691","https://www.oilfilter-crossreference.com/convert/MANN-FILTER/W712/5X"
"EL57125","W712/5X","Oil Filter","GENERAL-MOTORS","19160694","https://www.oilfilter-crossreference.com/convert/MANN-FILTER/W712/5X"
"EL57125","W712/5X","Oil Filter","GENERAL-MOTORS","2-866-477","https://www.oilfilter-crossreference.com/convert/MANN-FILTER/W712/5X"
"EL57125","W712/5X","Oil Filter","GENERAL-MOTORS","6438162","https://www.oilfilter-crossreference.com/convert/MANN-FILTER/W712/5X"
"EL57125","W712/5X","Oil Filter","GENERAL-MOTORS","6439109","https://www.oilfilter-crossreference.com/convert/MANN-FILTER/W712/5X"
"EL57125","W712/5X","Oil Filter","GENERAL-MOTORS","650352","https://www.oilfilter-crossreference.com/convert/MANN-FILTER/W712/5X"
"EL57125","W712/5X","Oil Filter","GENERAL-MOTORS","7965051","https://www.oilfilter-crossreference.com/convert/MANN-FILTER/W712/5X"
"EL57125","W712/5X","Oil Filter","GENERAL-MOTORS","7976051","https://www.oilfilter-crossreference.com/convert/MANN-FILTER/W712/5X"
"EL57125","W712/5X","Oil Filter","GENERAL-MOTORS","7984225","https://www.oilfilter-crossreference.com/convert/MANN-FILTER/W712/5X"
"EL57125","W712/5X","Oil Filter","GENERAL-MOTORS","7984256","https://www.oilfilter-crossreference.com/convert/MANN-FILTER/W712/5X"
"EL57125","W712/5X","Oil Filter","GENERAL-MOTORS","90027778","https://www.oilfilter-crossreference.com/convert/MANN-FILTER/W712/5X"
"EL57125","W712/5X","Oil Filter","GENERAL-MOTORS","93156299","https://www.oilfilter-crossreference.com/convert/MANN-FILTER/W712/5X"
"EL57125","W712/5X","Oil Filter","GENERAL-MOTORS","93156958","https://www.oilfilter-crossreference.com/convert/MANN-FILTER/W712/5X"
"EL57125","W712/5X","Oil Filter","MITSUBISHI","J3232126","https://www.oilfilter-crossreference.com/convert/MANN-FILTER/W712/5X"
"EL57125","W712/5X","Oil Filter","MITSUBISHI","J3250334","https://www.oilfilter-crossreference.com/convert/MANN-FILTER/W712/5X"
"EL57125","W712/5X","Oil Filter","MITSUBISHI","N152H1010","https://www.oilfilter-crossreference.com/convert/MANN-FILTER/W712/5X"
"EL57125","W712/5X","Oil Filter","NISSAN","15208-H1010","https://www.oilfilter-crossreference.com/convert/MANN-FILTER/W712/5X"
"EL57125","W712/5X","Oil Filter","NISSAN","15208-H1011","https://www.oilfilter-crossreference.com/convert/MANN-FILTER/W712/5X"
"EL57125","W712/5X","Oil Filter","OPEL","09281199","https://www.oilfilter-crossreference.com/convert/MANN-FILTER/W712/5X"
"EL57125","W712/5X","Oil Filter","OPEL","2-866-477","https://www.oilfilter-crossreference.com/convert/MANN-FILTER/W712/5X"
"EL57125","W712/5X","Oil Filter","OPEL","2866477/VP","https://www.oilfilter-crossreference.com/convert/MANN-FILTER/W712/5X"
"EL57125","W712/5X","Oil Filter","OPEL","2866477VP","https://www.oilfilter-crossreference.com/convert/MANN-FILTER/W712/5X"
"EL57125","W712/5X","Oil Filter","OPEL","650352","https://www.oilfilter-crossreference.com/convert/MANN-FILTER/W712/5X"
"EL57125","W712/5X","Oil Filter","OPEL","650364","https://www.oilfilter-crossreference.com/convert/MANN-FILTER/W712/5X"
"EL57125","W712/5X","Oil Filter","OPEL","650365","https://www.oilfilter-crossreference.com/convert/MANN-FILTER/W712/5X"
"EL57125","W712/5X","Oil Filter","OPEL","650370","https://www.oilfilter-crossreference.com/convert/MANN-FILTER/W712/5X"
"EL57125","W712/5X","Oil Filter","OPEL","650371","https://www.oilfilter-crossreference.com/convert/MANN-FILTER/W712/5X"
"EL57125","W712/5X","Oil Filter","OPEL","650373","https://www.oilfilter-crossreference.com/convert/MANN-FILTER/W712/5X"
"EL57125","W712/5X","Oil Filter","OPEL","650400","https://www.oilfilter-crossreference.com/convert/MANN-FILTER/W712/5X"
"EL57125","W712/5X","Oil Filter","OPEL","7976051","https://www.oilfilter-crossreference.com/convert/MANN-FILTER/W712/5X"
"EL57125","W712/5X","Oil Filter","OPEL","90027778","https://www.oilfilter-crossreference.com/convert/MANN-FILTER/W712/5X"
"EL57125","W712/5X","Oil Filter","OPEL","9281199","https://www.oilfilter-crossreference.com/convert/MANN-FILTER/W712/5X"
"EL57125","W712/5X","Oil Filter","OPEL","VOF136","https://www.oilfilter-crossreference.com/convert/MANN-FILTER/W712/5X"
"EL57125","W712/5X","Oil Filter","OE","OF-1055","https://www.oilfilter-crossreference.com/convert/MANN-FILTER/W712/5X"
"EL57125","W712/5X","Oil Filter","OE","OF-1065","https://www.oilfilter-crossreference.com/convert/MANN-FILTER/W712/5X"
"EL57125","W712/5X","Oil Filter","OE","OF-250","https://www.oilfilter-crossreference.com/convert/MANN-FILTER/W712/5X"
"EL57125","W712/5X","Oil Filter","PEUGEOT","1109C5","https://www.oilfilter-crossreference.com/convert/MANN-FILTER/W712/5X"
"EL57125","W712/5X","Oil Filter","VAUXHALL","650364","https://www.oilfilter-crossreference.com/convert/MANN-FILTER/W712/5X"
"EL57125","W712/5X","Oil Filter","VAUXHALL","650365","https://www.oilfilter-crossreference.com/convert/MANN-FILTER/W712/5X"
"EL57125","W712/5X","Oil Filter","VAUXHALL","6696776","https://www.oilfilter-crossreference.com/convert/MANN-FILTER/W712/5X"
"EL57125","W712/5X","Oil Filter","VAUXHALL","7884256","https://www.oilfilter-crossreference.com/convert/MANN-FILTER/W712/5X"
"EL57125","W712/5X","Oil Filter","VAUXHALL","7965051","https://www.oilfilter-crossreference.com/convert/MANN-FILTER/W712/5X"
"EL57125","W712/5X","Oil Filter","VAUXHALL","7973235","https://www.oilfilter-crossreference.com/convert/MANN-FILTER/W712/5X"
"EL57125","W712/5X","Oil Filter","VAUXHALL","7973429","https://www.oilfilter-crossreference.com/convert/MANN-FILTER/W712/5X"
"EL57125","W712/5X","Oil Filter","VAUXHALL","7984256","https://www.oilfilter-crossreference.com/convert/MANN-FILTER/W712/5X"
"EL57125","W712/5X","Oil Filter","VAUXHALL","90027778","https://www.oilfilter-crossreference.com/convert/MANN-FILTER/W712/5X"
"EL57125","W712/5X","Oil Filter","VAUXHALL","93156299","https://www.oilfilter-crossreference.com/convert/MANN-FILTER/W712/5X"
"EL57125","W712/5X","Oil Filter","VAUXHALL","VOF136","https://www.oilfilter-crossreference.com/convert/MANN-FILTER/W712/5X"
"EL57125","W712/5X","Oil Filter","VW","034 115 561A","https://www.oilfilter-crossreference.com/convert/MANN-FILTER/W712/5X"
"EL57125","W712/5X","Oil Filter","VW","035 115 561","https://www.oilfilter-crossreference.com/convert/MANN-FILTER/W712/5X"
"EL57125","W712/5X","Oil Filter","VW","037 115 561","https://www.oilfilter-crossreference.com/convert/MANN-FILTER/W712/5X"
"EL57125","W712/5X","Oil Filter","VW","056 115 561","https://www.oilfilter-crossreference.com/convert/MANN-FILTER/W712/5X"
"EL57125","W712/5X","Oil Filter","VW","056 115 561A","https://www.oilfilter-crossreference.com/convert/MANN-FILTER/W712/5X"
"EL57125","W712/5X","Oil Filter","VW","056 115 561B","https://www.oilfilter-crossreference.com/convert/MANN-FILTER/W712/5X"
"EL57125","W712/5X","Oil Filter","VW","056 115 561C","https://www.oilfilter-crossreference.com/convert/MANN-FILTER/W712/5X"
"EL57125","W712/5X","Oil Filter","VW","056 115 561G","https://www.oilfilter-crossreference.com/convert/MANN-FILTER/W712/5X"
"EL57125","W712/5X","Oil Filter","VW","059 115 561A","https://www.oilfilter-crossreference.com/convert/MANN-FILTER/W712/5X"
"EL57125","W712/5X","Oil Filter","VW","059 115 561B","https://www.oilfilter-crossreference.com/convert/MANN-FILTER/W712/5X"
"EL57125","W712/5X","Oil Filter","VW","059 115 561C","https://www.oilfilter-crossreference.com/convert/MANN-FILTER/W712/5X"
"EL57125","W712/5X","Oil Filter","VW","06A 115 561","https://www.oilfilter-crossreference.com/convert/MANN-FILTER/W712/5X"
"EL57125","W712/5X","Oil Filter","VW","06A 115 561B","https://www.oilfilter-crossreference.com/convert/MANN-FILTER/W712/5X"
"EL57125","W712/5X","Oil Filter","VW","070 115 561","https://www.oilfilter-crossreference.com/convert/MANN-FILTER/W712/5X"
"EL57125","W712/5X","Oil Filter","VW","931 107 701 00","https://www.oilfilter-crossreference.com/convert/MANN-FILTER/W712/5X"
"EL51260","W712/60","Oil Filter","BMW","11 42 1 266 773","https://www.oilfilter-crossreference.com/convert/MANN-FILTER/W712/60"
"EL51260","W712/60","Oil Filter","BMW","11 42 9 061 198","https://www.oilfilter-crossreference.com/convert/MANN-FILTER/W712/60"
"EL51260","W712/60","Oil Filter","CHRYSLER","3232126","https://www.oilfilter-crossreference.com/convert/MANN-FILTER/W712/60"
"EL51260","W712/60","Oil Filter","CHRYSLER","3250334","https://www.oilfilter-crossreference.com/convert/MANN-FILTER/W712/60"
"EL51260","W712/60","Oil Filter","CHRYSLER","5203217","https://www.oilfilter-crossreference.com/convert/MANN-FILTER/W712/60"
"EL51260","W712/60","Oil Filter","CHRYSLER","72674028","https://www.oilfilter-crossreference.com/convert/MANN-FILTER/W712/60"
"EL51260","W712/60","Oil Filter","CHRYSLER","8127168","https://www.oilfilter-crossreference.com/convert/MANN-FILTER/W712/60"
"EL51260","W712/60","Oil Filter","CHRYSLER","J3232126","https://www.oilfilter-crossreference.com/convert/MANN-FILTER/W712/60"
"EL51260","W712/60","Oil Filter","CHRYSLER","J3250334","https://www.oilfilter-crossreference.com/convert/MANN-FILTER/W712/60"
"EL51260","W712/60","Oil Filter","CHRYSLER","J8127168","https://www.oilfilter-crossreference.com/convert/MANN-FILTER/W712/60"
"EL51260","W712/60","Oil Filter","CITROEN","MLS000-155","https://www.oilfilter-crossreference.com/convert/MANN-FILTER/W712/60"
"EL51260","W712/60","Oil Filter","CITROEN","MLS000155","https://www.oilfilter-crossreference.com/convert/MANN-FILTER/W712/60"
"EL51260","W712/60","Oil Filter","FORD","1457512","https://www.oilfilter-crossreference.com/convert/MANN-FILTER/W712/60"
"EL51260","W712/60","Oil Filter","FORD","1462805","https://www.oilfilter-crossreference.com/convert/MANN-FILTER/W712/60"
"EL51260","W712/60","Oil Filter","FORD","1498014","https://www.oilfilter-crossreference.com/convert/MANN-FILTER/W712/60"
"EL51260","W712/60","Oil Filter","FORD","1536304","https://www.oilfilter-crossreference.com/convert/MANN-FILTER/W712/60"
"EL51260","W712/60","Oil Filter","FORD","1553370","https://www.oilfilter-crossreference.com/convert/MANN-FILTER/W712/60"
"EL51260","W712/60","Oil Filter","FORD","1555370","https://www.oilfilter-crossreference.com/convert/MANN-FILTER/W712/60"
"EL51260","W712/60","Oil Filter","FORD","1559937","https://www.oilfilter-crossreference.com/convert/MANN-FILTER/W712/60"
"EL51260","W712/60","Oil Filter","FORD","2735E-6714-B","https://www.oilfilter-crossreference.com/convert/MANN-FILTER/W712/60"
"EL51260","W712/60","Oil Filter","FORD","5002530","https://www.oilfilter-crossreference.com/convert/MANN-FILTER/W712/60"
"EL51260","W712/60","Oil Filter","FORD","5003329","https://www.oilfilter-crossreference.com/convert/MANN-FILTER/W712/60"
"EL51260","W712/60","Oil Filter","FORD","5003331","https://www.oilfilter-crossreference.com/convert/MANN-FILTER/W712/60"
"EL51260","W712/60","Oil Filter","FORD","5003930","https://www.oilfilter-crossreference.com/convert/MANN-FILTER/W712/60"
"EL51260","W712/60","Oil Filter","FORD","5003968","https://www.oilfilter-crossreference.com/convert/MANN-FILTER/W712/60"
"EL51260","W712/60","Oil Filter","FORD","5004926","https://www.oilfilter-crossreference.com/convert/MANN-FILTER/W712/60"
"EL51260","W712/60","Oil Filter","FORD","5011780","https://www.oilfilter-crossreference.com/convert/MANN-FILTER/W712/60"
"EL51260","W712/60","Oil Filter","FORD","5011782","https://www.oilfilter-crossreference.com/convert/MANN-FILTER/W712/60"
"EL51260","W712/60","Oil Filter","FORD","5013143","https://www.oilfilter-crossreference.com/convert/MANN-FILTER/W712/60"
"EL51260","W712/60","Oil Filter","FORD","5013319","https://www.oilfilter-crossreference.com/convert/MANN-FILTER/W712/60"
"EL51260","W712/60","Oil Filter","FORD","6041176","https://www.oilfilter-crossreference.com/convert/MANN-FILTER/W712/60"
"EL51260","W712/60","Oil Filter","FORD","691M-6714A/A","https://www.oilfilter-crossreference.com/convert/MANN-FILTER/W712/60"
"EL51260","W712/60","Oil Filter","FORD","77BM-6714-AA","https://www.oilfilter-crossreference.com/convert/MANN-FILTER/W712/60"
"EL51260","W712/60","Oil Filter","FORD","77BM-6714-C1A","https://www.oilfilter-crossreference.com/convert/MANN-FILTER/W712/60"
"EL51260","W712/60","Oil Filter","FORD","A700X6714AA","https://www.oilfilter-crossreference.com/convert/MANN-FILTER/W712/60"
"EL51260","W712/60","Oil Filter","FORD","A760X6714KA","https://www.oilfilter-crossreference.com/convert/MANN-FILTER/W712/60"
"EL51260","W712/60","Oil Filter","FORD","D0RY-6731-A","https://www.oilfilter-crossreference.com/convert/MANN-FILTER/W712/60"
"EL51260","W712/60","Oil Filter","FORD","D1PJ-6714-AA","https://www.oilfilter-crossreference.com/convert/MANN-FILTER/W712/60"
"EL51260","W712/60","Oil Filter","FORD","D1PZ-6731-A","https://www.oilfilter-crossreference.com/convert/MANN-FILTER/W712/60"
"EL51260","W712/60","Oil Filter","GENERAL-MOTORS","19160691","https://www.oilfilter-crossreference.com/convert/MANN-FILTER/W712/60"
"EL51260","W712/60","Oil Filter","GENERAL-MOTORS","19160694","https://www.oilfilter-crossreference.com/convert/MANN-FILTER/W712/60"
"EL51260","W712/60","Oil Filter","GENERAL-MOTORS","2-866-477","https://www.oilfilter-crossreference.com/convert/MANN-FILTER/W712/60"
"EL51260","W712/60","Oil Filter","GENERAL-MOTORS","6438162","https://www.oilfilter-crossreference.com/convert/MANN-FILTER/W712/60"
"EL51260","W712/60","Oil Filter","GENERAL-MOTORS","6439109","https://www.oilfilter-crossreference.com/convert/MANN-FILTER/W712/60"
"EL51260","W712/60","Oil Filter","GENERAL-MOTORS","650352","https://www.oilfilter-crossreference.com/convert/MANN-FILTER/W712/60"
"EL51260","W712/60","Oil Filter","GENERAL-MOTORS","7965051","https://www.oilfilter-crossreference.com/convert/MANN-FILTER/W712/60"
"EL51260","W712/60","Oil Filter","GENERAL-MOTORS","7976051","https://www.oilfilter-crossreference.com/convert/MANN-FILTER/W712/60"
"EL51260","W712/60","Oil Filter","GENERAL-MOTORS","7984225","https://www.oilfilter-crossreference.com/convert/MANN-FILTER/W712/60"
"EL51260","W712/60","Oil Filter","GENERAL-MOTORS","7984256","https://www.oilfilter-crossreference.com/convert/MANN-FILTER/W712/60"
"EL51260","W712/60","Oil Filter","GENERAL-MOTORS","90027778","https://www.oilfilter-crossreference.com/convert/MANN-FILTER/W712/60"
"EL51260","W712/60","Oil Filter","GENERAL-MOTORS","93156299","https://www.oilfilter-crossreference.com/convert/MANN-FILTER/W712/60"
"EL51260","W712/60","Oil Filter","GENERAL-MOTORS","93156958","https://www.oilfilter-crossreference.com/convert/MANN-FILTER/W712/60"
"EL51260","W712/60","Oil Filter","MITSUBISHI","J3232126","https://www.oilfilter-crossreference.com/convert/MANN-FILTER/W712/60"
"EL51260","W712/60","Oil Filter","MITSUBISHI","J3250334","https://www.oilfilter-crossreference.com/convert/MANN-FILTER/W712/60"
"EL51260","W712/60","Oil Filter","MITSUBISHI","N152H1010","https://www.oilfilter-crossreference.com/convert/MANN-FILTER/W712/60"
"EL51260","W712/60","Oil Filter","NISSAN","15208-H1010","https://www.oilfilter-crossreference.com/convert/MANN-FILTER/W712/60"
"EL51260","W712/60","Oil Filter","NISSAN","15208-H1011","https://www.oilfilter-crossreference.com/convert/MANN-FILTER/W712/60"
"EL51260","W712/60","Oil Filter","OPEL","09281199","https://www.oilfilter-crossreference.com/convert/MANN-FILTER/W712/60"
"EL51260","W712/60","Oil Filter","OPEL","2-866-477","https://www.oilfilter-crossreference.com/convert/MANN-FILTER/W712/60"
"EL51260","W712/60","Oil Filter","OPEL","2866477/VP","https://www.oilfilter-crossreference.com/convert/MANN-FILTER/W712/60"
"EL51260","W712/60","Oil Filter","OPEL","2866477VP","https://www.oilfilter-crossreference.com/convert/MANN-FILTER/W712/60"
"EL51260","W712/60","Oil Filter","OPEL","650352","https://www.oilfilter-crossreference.com/convert/MANN-FILTER/W712/60"
"EL51260","W712/60","Oil Filter","OPEL","650364","https://www.oilfilter-crossreference.com/convert/MANN-FILTER/W712/60"
"EL51260","W712/60","Oil Filter","OPEL","650365","https://www.oilfilter-crossreference.com/convert/MANN-FILTER/W712/60"
"EL51260","W712/60","Oil Filter","OPEL","650370","https://www.oilfilter-crossreference.com/convert/MANN-FILTER/W712/60"
"EL51260","W712/60","Oil Filter","OPEL","650371","https://www.oilfilter-crossreference.com/convert/MANN-FILTER/W712/60"
"EL51260","W712/60","Oil Filter","OPEL","650373","https://www.oilfilter-crossreference.com/convert/MANN-FILTER/W712/60"
"EL51260","W712/60","Oil Filter","OPEL","650400","https://www.oilfilter-crossreference.com/convert/MANN-FILTER/W712/60"
"EL51260","W712/60","Oil Filter","OPEL","7976051","https://www.oilfilter-crossreference.com/convert/MANN-FILTER/W712/60"
"EL51260","W712/60","Oil Filter","OPEL","90027778","https://www.oilfilter-crossreference.com/convert/MANN-FILTER/W712/60"
"EL51260","W712/60","Oil Filter","OPEL","9281199","https://www.oilfilter-crossreference.com/convert/MANN-FILTER/W712/60"
"EL51260","W712/60","Oil Filter","OPEL","VOF136","https://www.oilfilter-crossreference.com/convert/MANN-FILTER/W712/60"
"EL51260","W712/60","Oil Filter","OE","OF-1055","https://www.oilfilter-crossreference.com/convert/MANN-FILTER/W712/60"
"EL51260","W712/60","Oil Filter","OE","OF-1065","https://www.oilfilter-crossreference.com/convert/MANN-FILTER/W712/60"
"EL51260","W712/60","Oil Filter","OE","OF-250","https://www.oilfilter-crossreference.com/convert/MANN-FILTER/W712/60"
"EL51260","W712/60","Oil Filter","PEUGEOT","1109C5","https://www.oilfilter-crossreference.com/convert/MANN-FILTER/W712/60"
"EL51260","W712/60","Oil Filter","VAUXHALL","650364","https://www.oilfilter-crossreference.com/convert/MANN-FILTER/W712/60"
"EL51260","W712/60","Oil Filter","VAUXHALL","650365","https://www.oilfilter-crossreference.com/convert/MANN-FILTER/W712/60"
"EL51260","W712/60","Oil Filter","VAUXHALL","6696776","https://www.oilfilter-crossreference.com/convert/MANN-FILTER/W712/60"
"EL51260","W712/60","Oil Filter","VAUXHALL","7884256","https://www.oilfilter-crossreference.com/convert/MANN-FILTER/W712/60"
"EL51260","W712/60","Oil Filter","VAUXHALL","7965051","https://www.oilfilter-crossreference.com/convert/MANN-FILTER/W712/60"
"EL51260","W712/60","Oil Filter","VAUXHALL","7973235","https://www.oilfilter-crossreference.com/convert/MANN-FILTER/W712/60"
"EL51260","W712/60","Oil Filter","VAUXHALL","7973429","https://www.oilfilter-crossreference.com/convert/MANN-FILTER/W712/60"
"EL51260","W712/60","Oil Filter","VAUXHALL","7984256","https://www.oilfilter-crossreference.com/convert/MANN-FILTER/W712/60"
"EL51260","W712/60","Oil Filter","VAUXHALL","90027778","https://www.oilfilter-crossreference.com/convert/MANN-FILTER/W712/60"
"EL51260","W712/60","Oil Filter","VAUXHALL","93156299","https://www.oilfilter-crossreference.com/convert/MANN-FILTER/W712/60"
"EL51260","W712/60","Oil Filter","VAUXHALL","VOF136","https://www.oilfilter-crossreference.com/convert/MANN-FILTER/W712/60"
"EL51260","W712/60","Oil Filter","VW","034 115 561A","https://www.oilfilter-crossreference.com/convert/MANN-FILTER/W712/60"
"EL51260","W712/60","Oil Filter","VW","035 115 561","https://www.oilfilter-crossreference.com/convert/MANN-FILTER/W712/60"
"EL51260","W712/60","Oil Filter","VW","037 115 561","https://www.oilfilter-crossreference.com/convert/MANN-FILTER/W712/60"
"EL51260","W712/60","Oil Filter","VW","056 115 561","https://www.oilfilter-crossreference.com/convert/MANN-FILTER/W712/60"
"EL51260","W712/60","Oil Filter","VW","056 115 561A","https://www.oilfilter-crossreference.com/convert/MANN-FILTER/W712/60"
"EL51260","W712/60","Oil Filter","VW","056 115 561B","https://www.oilfilter-crossreference.com/convert/MANN-FILTER/W712/60"
"EL51260","W712/60","Oil Filter","VW","056 115 561C","https://www.oilfilter-crossreference.com/convert/MANN-FILTER/W712/60"
"EL51260","W712/60","Oil Filter","VW","056 115 561G","https://www.oilfilter-crossreference.com/convert/MANN-FILTER/W712/60"
"EL51260","W712/60","Oil Filter","VW","059 115 561A","https://www.oilfilter-crossreference.com/convert/MANN-FILTER/W712/60"
"EL51260","W712/60","Oil Filter","VW","059 115 561B","https://www.oilfilter-crossreference.com/convert/MANN-FILTER/W712/60"
"EL51260","W712/60","Oil Filter","VW","059 115 561C","https://www.oilfilter-crossreference.com/convert/MANN-FILTER/W712/60"
"EL51260","W712/60","Oil Filter","VW","06A 115 561","https://www.oilfilter-crossreference.com/convert/MANN-FILTER/W712/60"
"EL51260","W712/60","Oil Filter","VW","06A 115 561B","https://www.oilfilter-crossreference.com/convert/MANN-FILTER/W712/60"
"EL51260","W712/60","Oil Filter","VW","070 115 561","https://www.oilfilter-crossreference.com/convert/MANN-FILTER/W712/60"
"EL51260","W712/60","Oil Filter","VW","931 107 701 00","https://www.oilfilter-crossreference.com/convert/MANN-FILTER/W712/60"
"EL51261","W712/61","Oil Filter","BMW","11 42 1 266 773","https://www.oilfilter-crossreference.com/convert/MANN-FILTER/W712/61"
"EL51261","W712/61","Oil Filter","BMW","11 42 9 061 198","https://www.oilfilter-crossreference.com/convert/MANN-FILTER/W712/61"
"EL51261","W712/61","Oil Filter","CHRYSLER","3232126","https://www.oilfilter-crossreference.com/convert/MANN-FILTER/W712/61"
"EL51261","W712/61","Oil Filter","CHRYSLER","3250334","https://www.oilfilter-crossreference.com/convert/MANN-FILTER/W712/61"
"EL51261","W712/61","Oil Filter","CHRYSLER","5203217","https://www.oilfilter-crossreference.com/convert/MANN-FILTER/W712/61"
"EL51261","W712/61","Oil Filter","CHRYSLER","72674028","https://www.oilfilter-crossreference.com/convert/MANN-FILTER/W712/61"
"EL51261","W712/61","Oil Filter","CHRYSLER","8127168","https://www.oilfilter-crossreference.com/convert/MANN-FILTER/W712/61"
"EL51261","W712/61","Oil Filter","CHRYSLER","J3232126","https://www.oilfilter-crossreference.com/convert/MANN-FILTER/W712/61"
"EL51261","W712/61","Oil Filter","CHRYSLER","J3250334","https://www.oilfilter-crossreference.com/convert/MANN-FILTER/W712/61"
"EL51261","W712/61","Oil Filter","CHRYSLER","J8127168","https://www.oilfilter-crossreference.com/convert/MANN-FILTER/W712/61"
"EL51261","W712/61","Oil Filter","CITROEN","MLS000-155","https://www.oilfilter-crossreference.com/convert/MANN-FILTER/W712/61"
"EL51261","W712/61","Oil Filter","CITROEN","MLS000155","https://www.oilfilter-crossreference.com/convert/MANN-FILTER/W712/61"
"EL51261","W712/61","Oil Filter","FORD","1457512","https://www.oilfilter-crossreference.com/convert/MANN-FILTER/W712/61"
"EL51261","W712/61","Oil Filter","FORD","1462805","https://www.oilfilter-crossreference.com/convert/MANN-FILTER/W712/61"
"EL51261","W712/61","Oil Filter","FORD","1498014","https://www.oilfilter-crossreference.com/convert/MANN-FILTER/W712/61"
"EL51261","W712/61","Oil Filter","FORD","1536304","https://www.oilfilter-crossreference.com/convert/MANN-FILTER/W712/61"
"EL51261","W712/61","Oil Filter","FORD","1553370","https://www.oilfilter-crossreference.com/convert/MANN-FILTER/W712/61"
"EL51261","W712/61","Oil Filter","FORD","1555370","https://www.oilfilter-crossreference.com/convert/MANN-FILTER/W712/61"
"EL51261","W712/61","Oil Filter","FORD","1559937","https://www.oilfilter-crossreference.com/convert/MANN-FILTER/W712/61"
"EL51261","W712/61","Oil Filter","FORD","2735E-6714-B","https://www.oilfilter-crossreference.com/convert/MANN-FILTER/W712/61"
"EL51261","W712/61","Oil Filter","FORD","5002530","https://www.oilfilter-crossreference.com/convert/MANN-FILTER/W712/61"
"EL51261","W712/61","Oil Filter","FORD","5003329","https://www.oilfilter-crossreference.com/convert/MANN-FILTER/W712/61"
"EL51261","W712/61","Oil Filter","FORD","5003331","https://www.oilfilter-crossreference.com/convert/MANN-FILTER/W712/61"
"EL51261","W712/61","Oil Filter","FORD","5003930","https://www.oilfilter-crossreference.com/convert/MANN-FILTER/W712/61"
"EL51261","W712/61","Oil Filter","FORD","5003968","https://www.oilfilter-crossreference.com/convert/MANN-FILTER/W712/61"
"EL51261","W712/61","Oil Filter","FORD","5004926","https://www.oilfilter-crossreference.com/convert/MANN-FILTER/W712/61"
"EL51261","W712/61","Oil Filter","FORD","5011780","https://www.oilfilter-crossreference.com/convert/MANN-FILTER/W712/61"
"EL51261","W712/61","Oil Filter","FORD","5011782","https://www.oilfilter-crossreference.com/convert/MANN-FILTER/W712/61"
"EL51261","W712/61","Oil Filter","FORD","5013143","https://www.oilfilter-crossreference.com/convert/MANN-FILTER/W712/61"
"EL51261","W712/61","Oil Filter","FORD","5013319","https://www.oilfilter-crossreference.com/convert/MANN-FILTER/W712/61"
"EL51261","W712/61","Oil Filter","FORD","6041176","https://www.oilfilter-crossreference.com/convert/MANN-FILTER/W712/61"
"EL51261","W712/61","Oil Filter","FORD","691M-6714A/A","https://www.oilfilter-crossreference.com/convert/MANN-FILTER/W712/61"
"EL51261","W712/61","Oil Filter","FORD","77BM-6714-AA","https://www.oilfilter-crossreference.com/convert/MANN-FILTER/W712/61"
"EL51261","W712/61","Oil Filter","FORD","77BM-6714-C1A","https://www.oilfilter-crossreference.com/convert/MANN-FILTER/W712/61"
"EL51261","W712/61","Oil Filter","FORD","A700X6714AA","https://www.oilfilter-crossreference.com/convert/MANN-FILTER/W712/61"
"EL51261","W712/61","Oil Filter","FORD","A760X6714KA","https://www.oilfilter-crossreference.com/convert/MANN-FILTER/W712/61"
"EL51261","W712/61","Oil Filter","FORD","D0RY-6731-A","https://www.oilfilter-crossreference.com/convert/MANN-FILTER/W712/61"
"EL51261","W712/61","Oil Filter","FORD","D1PJ-6714-AA","https://www.oilfilter-crossreference.com/convert/MANN-FILTER/W712/61"
"EL51261","W712/61","Oil Filter","FORD","D1PZ-6731-A","https://www.oilfilter-crossreference.com/convert/MANN-FILTER/W712/61"
"EL51261","W712/61","Oil Filter","GENERAL-MOTORS","19160691","https://www.oilfilter-crossreference.com/convert/MANN-FILTER/W712/61"
"EL51261","W712/61","Oil Filter","GENERAL-MOTORS","19160694","https://www.oilfilter-crossreference.com/convert/MANN-FILTER/W712/61"
"EL51261","W712/61","Oil Filter","GENERAL-MOTORS","2-866-477","https://www.oilfilter-crossreference.com/convert/MANN-FILTER/W712/61"
"EL51261","W712/61","Oil Filter","GENERAL-MOTORS","6438162","https://www.oilfilter-crossreference.com/convert/MANN-FILTER/W712/61"
"EL51261","W712/61","Oil Filter","GENERAL-MOTORS","6439109","https://www.oilfilter-crossreference.com/convert/MANN-FILTER/W712/61"
"EL51261","W712/61","Oil Filter","GENERAL-MOTORS","650352","https://www.oilfilter-crossreference.com/convert/MANN-FILTER/W712/61"
"EL51261","W712/61","Oil Filter","GENERAL-MOTORS","7965051","https://www.oilfilter-crossreference.com/convert/MANN-FILTER/W712/61"
"EL51261","W712/61","Oil Filter","GENERAL-MOTORS","7976051","https://www.oilfilter-crossreference.com/convert/MANN-FILTER/W712/61"
"EL51261","W712/61","Oil Filter","GENERAL-MOTORS","7984225","https://www.oilfilter-crossreference.com/convert/MANN-FILTER/W712/61"
"EL51261","W712/61","Oil Filter","GENERAL-MOTORS","7984256","https://www.oilfilter-crossreference.com/convert/MANN-FILTER/W712/61"
"EL51261","W712/61","Oil Filter","GENERAL-MOTORS","90027778","https://www.oilfilter-crossreference.com/convert/MANN-FILTER/W712/61"
"EL51261","W712/61","Oil Filter","GENERAL-MOTORS","93156299","https://www.oilfilter-crossreference.com/convert/MANN-FILTER/W712/61"
"EL51261","W712/61","Oil Filter","GENERAL-MOTORS","93156958","https://www.oilfilter-crossreference.com/convert/MANN-FILTER/W712/61"
"EL51261","W712/61","Oil Filter","MITSUBISHI","J3232126","https://www.oilfilter-crossreference.com/convert/MANN-FILTER/W712/61"
"EL51261","W712/61","Oil Filter","MITSUBISHI","J3250334","https://www.oilfilter-crossreference.com/convert/MANN-FILTER/W712/61"
"EL51261","W712/61","Oil Filter","MITSUBISHI","N152H1010","https://www.oilfilter-crossreference.com/convert/MANN-FILTER/W712/61"
"EL51261","W712/61","Oil Filter","NISSAN","15208-H1010","https://www.oilfilter-crossreference.com/convert/MANN-FILTER/W712/61"
"EL51261","W712/61","Oil Filter","NISSAN","15208-H1011","https://www.oilfilter-crossreference.com/convert/MANN-FILTER/W712/61"
"EL51261","W712/61","Oil Filter","OPEL","09281199","https://www.oilfilter-crossreference.com/convert/MANN-FILTER/W712/61"
"EL51261","W712/61","Oil Filter","OPEL","2-866-477","https://www.oilfilter-crossreference.com/convert/MANN-FILTER/W712/61"
"EL51261","W712/61","Oil Filter","OPEL","2866477/VP","https://www.oilfilter-crossreference.com/convert/MANN-FILTER/W712/61"
"EL51261","W712/61","Oil Filter","OPEL","2866477VP","https://www.oilfilter-crossreference.com/convert/MANN-FILTER/W712/61"
"EL51261","W712/61","Oil Filter","OPEL","650352","https://www.oilfilter-crossreference.com/convert/MANN-FILTER/W712/61"
"EL51261","W712/61","Oil Filter","OPEL","650364","https://www.oilfilter-crossreference.com/convert/MANN-FILTER/W712/61"
"EL51261","W712/61","Oil Filter","OPEL","650365","https://www.oilfilter-crossreference.com/convert/MANN-FILTER/W712/61"
"EL51261","W712/61","Oil Filter","OPEL","650370","https://www.oilfilter-crossreference.com/convert/MANN-FILTER/W712/61"
"EL51261","W712/61","Oil Filter","OPEL","650371","https://www.oilfilter-crossreference.com/convert/MANN-FILTER/W712/61"
"EL51261","W712/61","Oil Filter","OPEL","650373","https://www.oilfilter-crossreference.com/convert/MANN-FILTER/W712/61"
"EL51261","W712/61","Oil Filter","OPEL","650400","https://www.oilfilter-crossreference.com/convert/MANN-FILTER/W712/61"
"EL51261","W712/61","Oil Filter","OPEL","7976051","https://www.oilfilter-crossreference.com/convert/MANN-FILTER/W712/61"
"EL51261","W712/61","Oil Filter","OPEL","90027778","https://www.oilfilter-crossreference.com/convert/MANN-FILTER/W712/61"
"EL51261","W712/61","Oil Filter","OPEL","9281199","https://www.oilfilter-crossreference.com/convert/MANN-FILTER/W712/61"
"EL51261","W712/61","Oil Filter","OPEL","VOF136","https://www.oilfilter-crossreference.com/convert/MANN-FILTER/W712/61"
"EL51261","W712/61","Oil Filter","OE","OF-1055","https://www.oilfilter-crossreference.com/convert/MANN-FILTER/W712/61"
"EL51261","W712/61","Oil Filter","OE","OF-1065","https://www.oilfilter-crossreference.com/convert/MANN-FILTER/W712/61"
"EL51261","W712/61","Oil Filter","OE","OF-250","https://www.oilfilter-crossreference.com/convert/MANN-FILTER/W712/61"
"EL51261","W712/61","Oil Filter","PEUGEOT","1109C5","https://www.oilfilter-crossreference.com/convert/MANN-FILTER/W712/61"
"EL51261","W712/61","Oil Filter","VAUXHALL","650364","https://www.oilfilter-crossreference.com/convert/MANN-FILTER/W712/61"
"EL51261","W712/61","Oil Filter","VAUXHALL","650365","https://www.oilfilter-crossreference.com/convert/MANN-FILTER/W712/61"
"EL51261","W712/61","Oil Filter","VAUXHALL","6696776","https://www.oilfilter-crossreference.com/convert/MANN-FILTER/W712/61"
"EL51261","W712/61","Oil Filter","VAUXHALL","7884256","https://www.oilfilter-crossreference.com/convert/MANN-FILTER/W712/61"
"EL51261","W712/61","Oil Filter","VAUXHALL","7965051","https://www.oilfilter-crossreference.com/convert/MANN-FILTER/W712/61"
"EL51261","W712/61","Oil Filter","VAUXHALL","7973235","https://www.oilfilter-crossreference.com/convert/MANN-FILTER/W712/61"
"EL51261","W712/61","Oil Filter","VAUXHALL","7973429","https://www.oilfilter-crossreference.com/convert/MANN-FILTER/W712/61"
"EL51261","W712/61","Oil Filter","VAUXHALL","7984256","https://www.oilfilter-crossreference.com/convert/MANN-FILTER/W712/61"
"EL51261","W712/61","Oil Filter","VAUXHALL","90027778","https://www.oilfilter-crossreference.com/convert/MANN-FILTER/W712/61"
"EL51261","W712/61","Oil Filter","VAUXHALL","93156299","https://www.oilfilter-crossreference.com/convert/MANN-FILTER/W712/61"
"EL51261","W712/61","Oil Filter","VAUXHALL","VOF136","https://www.oilfilter-crossreference.com/convert/MANN-FILTER/W712/61"
"EL51261","W712/61","Oil Filter","VW","034 115 561A","https://www.oilfilter-crossreference.com/convert/MANN-FILTER/W712/61"
"EL51261","W712/61","Oil Filter","VW","035 115 561","https://www.oilfilter-crossreference.com/convert/MANN-FILTER/W712/61"
"EL51261","W712/61","Oil Filter","VW","037 115 561","https://www.oilfilter-crossreference.com/convert/MANN-FILTER/W712/61"
"EL51261","W712/61","Oil Filter","VW","056 115 561","https://www.oilfilter-crossreference.com/convert/MANN-FILTER/W712/61"
"EL51261","W712/61","Oil Filter","VW","056 115 561A","https://www.oilfilter-crossreference.com/convert/MANN-FILTER/W712/61"
"EL51261","W712/61","Oil Filter","VW","056 115 561B","https://www.oilfilter-crossreference.com/convert/MANN-FILTER/W712/61"
"EL51261","W712/61","Oil Filter","VW","056 115 561C","https://www.oilfilter-crossreference.com/convert/MANN-FILTER/W712/61"
"EL51261","W712/61","Oil Filter","VW","056 115 561G","https://www.oilfilter-crossreference.com/convert/MANN-FILTER/W712/61"
"EL51261","W712/61","Oil Filter","VW","059 115 561A","https://www.oilfilter-crossreference.com/convert/MANN-FILTER/W712/61"
"EL51261","W712/61","Oil Filter","VW","059 115 561B","https://www.oilfilter-crossreference.com/convert/MANN-FILTER/W712/61"
"EL51261","W712/61","Oil Filter","VW","059 115 561C","https://www.oilfilter-crossreference.com/convert/MANN-FILTER/W712/61"
"EL51261","W712/61","Oil Filter","VW","06A 115 561","https://www.oilfilter-crossreference.com/convert/MANN-FILTER/W712/61"
"EL51261","W712/61","Oil Filter","VW","06A 115 561B","https://www.oilfilter-crossreference.com/convert/MANN-FILTER/W712/61"
"EL51261","W712/61","Oil Filter","VW","070 115 561","https://www.oilfilter-crossreference.com/convert/MANN-FILTER/W712/61"
"EL51261","W712/61","Oil Filter","VW","931 107 701 00","https://www.oilfilter-crossreference.com/convert/MANN-FILTER/W712/61"
"EL57126","W712/6N","Oil Filter","BMW","11 42 1 266 773","https://www.oilfilter-crossreference.com/convert/MANN-FILTER/W712/6N"
"EL57126","W712/6N","Oil Filter","BMW","11 42 9 061 198","https://www.oilfilter-crossreference.com/convert/MANN-FILTER/W712/6N"
"EL57126","W712/6N","Oil Filter","CHRYSLER","3232126","https://www.oilfilter-crossreference.com/convert/MANN-FILTER/W712/6N"
"EL57126","W712/6N","Oil Filter","CHRYSLER","3250334","https://www.oilfilter-crossreference.com/convert/MANN-FILTER/W712/6N"
"EL57126","W712/6N","Oil Filter","CHRYSLER","5203217","https://www.oilfilter-crossreference.com/convert/MANN-FILTER/W712/6N"
"EL57126","W712/6N","Oil Filter","CHRYSLER","72674028","https://www.oilfilter-crossreference.com/convert/MANN-FILTER/W712/6N"
"EL57126","W712/6N","Oil Filter","CHRYSLER","8127168","https://www.oilfilter-crossreference.com/convert/MANN-FILTER/W712/6N"
"EL57126","W712/6N","Oil Filter","CHRYSLER","J3232126","https://www.oilfilter-crossreference.com/convert/MANN-FILTER/W712/6N"
"EL57126","W712/6N","Oil Filter","CHRYSLER","J3250334","https://www.oilfilter-crossreference.com/convert/MANN-FILTER/W712/6N"
"EL57126","W712/6N","Oil Filter","CHRYSLER","J8127168","https://www.oilfilter-crossreference.com/convert/MANN-FILTER/W712/6N"
"EL57126","W712/6N","Oil Filter","CITROEN","MLS000-155","https://www.oilfilter-crossreference.com/convert/MANN-FILTER/W712/6N"
"EL57126","W712/6N","Oil Filter","CITROEN","MLS000155","https://www.oilfilter-crossreference.com/convert/MANN-FILTER/W712/6N"
"EL57126","W712/6N","Oil Filter","FORD","1457512","https://www.oilfilter-crossreference.com/convert/MANN-FILTER/W712/6N"
"EL57126","W712/6N","Oil Filter","FORD","1462805","https://www.oilfilter-crossreference.com/convert/MANN-FILTER/W712/6N"
"EL57126","W712/6N","Oil Filter","FORD","1498014","https://www.oilfilter-crossreference.com/convert/MANN-FILTER/W712/6N"
"EL57126","W712/6N","Oil Filter","FORD","1536304","https://www.oilfilter-crossreference.com/convert/MANN-FILTER/W712/6N"
"EL57126","W712/6N","Oil Filter","FORD","1553370","https://www.oilfilter-crossreference.com/convert/MANN-FILTER/W712/6N"
"EL57126","W712/6N","Oil Filter","FORD","1555370","https://www.oilfilter-crossreference.com/convert/MANN-FILTER/W712/6N"
"EL57126","W712/6N","Oil Filter","FORD","1559937","https://www.oilfilter-crossreference.com/convert/MANN-FILTER/W712/6N"
"EL57126","W712/6N","Oil Filter","FORD","2735E-6714-B","https://www.oilfilter-crossreference.com/convert/MANN-FILTER/W712/6N"
"EL57126","W712/6N","Oil Filter","FORD","5002530","https://www.oilfilter-crossreference.com/convert/MANN-FILTER/W712/6N"
"EL57126","W712/6N","Oil Filter","FORD","5003329","https://www.oilfilter-crossreference.com/convert/MANN-FILTER/W712/6N"
"EL57126","W712/6N","Oil Filter","FORD","5003331","https://www.oilfilter-crossreference.com/convert/MANN-FILTER/W712/6N"
"EL57126","W712/6N","Oil Filter","FORD","5003930","https://www.oilfilter-crossreference.com/convert/MANN-FILTER/W712/6N"
"EL57126","W712/6N","Oil Filter","FORD","5003968","https://www.oilfilter-crossreference.com/convert/MANN-FILTER/W712/6N"
"EL57126","W712/6N","Oil Filter","FORD","5004926","https://www.oilfilter-crossreference.com/convert/MANN-FILTER/W712/6N"
"EL57126","W712/6N","Oil Filter","FORD","5011780","https://www.oilfilter-crossreference.com/convert/MANN-FILTER/W712/6N"
"EL57126","W712/6N","Oil Filter","FORD","5011782","https://www.oilfilter-crossreference.com/convert/MANN-FILTER/W712/6N"
"EL57126","W712/6N","Oil Filter","FORD","5013143","https://www.oilfilter-crossreference.com/convert/MANN-FILTER/W712/6N"
"EL57126","W712/6N","Oil Filter","FORD","5013319","https://www.oilfilter-crossreference.com/convert/MANN-FILTER/W712/6N"
"EL57126","W712/6N","Oil Filter","FORD","6041176","https://www.oilfilter-crossreference.com/convert/MANN-FILTER/W712/6N"
"EL57126","W712/6N","Oil Filter","FORD","691M-6714A/A","https://www.oilfilter-crossreference.com/convert/MANN-FILTER/W712/6N"
"EL57126","W712/6N","Oil Filter","FORD","77BM-6714-AA","https://www.oilfilter-crossreference.com/convert/MANN-FILTER/W712/6N"
"EL57126","W712/6N","Oil Filter","FORD","77BM-6714-C1A","https://www.oilfilter-crossreference.com/convert/MANN-FILTER/W712/6N"
"EL57126","W712/6N","Oil Filter","FORD","A700X6714AA","https://www.oilfilter-crossreference.com/convert/MANN-FILTER/W712/6N"
"EL57126","W712/6N","Oil Filter","FORD","A760X6714KA","https://www.oilfilter-crossreference.com/convert/MANN-FILTER/W712/6N"
"EL57126","W712/6N","Oil Filter","FORD","D0RY-6731-A","https://www.oilfilter-crossreference.com/convert/MANN-FILTER/W712/6N"
"EL57126","W712/6N","Oil Filter","FORD","D1PJ-6714-AA","https://www.oilfilter-crossreference.com/convert/MANN-FILTER/W712/6N"
"EL57126","W712/6N","Oil Filter","FORD","D1PZ-6731-A","https://www.oilfilter-crossreference.com/convert/MANN-FILTER/W712/6N"
"EL57126","W712/6N","Oil Filter","GENERAL-MOTORS","19160691","https://www.oilfilter-crossreference.com/convert/MANN-FILTER/W712/6N"
"EL57126","W712/6N","Oil Filter","GENERAL-MOTORS","19160694","https://www.oilfilter-crossreference.com/convert/MANN-FILTER/W712/6N"
"EL57126","W712/6N","Oil Filter","GENERAL-MOTORS","2-866-477","https://www.oilfilter-crossreference.com/convert/MANN-FILTER/W712/6N"
"EL57126","W712/6N","Oil Filter","GENERAL-MOTORS","6438162","https://www.oilfilter-crossreference.com/convert/MANN-FILTER/W712/6N"
"EL57126","W712/6N","Oil Filter","GENERAL-MOTORS","6439109","https://www.oilfilter-crossreference.com/convert/MANN-FILTER/W712/6N"
"EL57126","W712/6N","Oil Filter","GENERAL-MOTORS","650352","https://www.oilfilter-crossreference.com/convert/MANN-FILTER/W712/6N"
"EL57126","W712/6N","Oil Filter","GENERAL-MOTORS","7965051","https://www.oilfilter-crossreference.com/convert/MANN-FILTER/W712/6N"
"EL57126","W712/6N","Oil Filter","GENERAL-MOTORS","7976051","https://www.oilfilter-crossreference.com/convert/MANN-FILTER/W712/6N"
"EL57126","W712/6N","Oil Filter","GENERAL-MOTORS","7984225","https://www.oilfilter-crossreference.com/convert/MANN-FILTER/W712/6N"
"EL57126","W712/6N","Oil Filter","GENERAL-MOTORS","7984256","https://www.oilfilter-crossreference.com/convert/MANN-FILTER/W712/6N"
"EL57126","W712/6N","Oil Filter","GENERAL-MOTORS","90027778","https://www.oilfilter-crossreference.com/convert/MANN-FILTER/W712/6N"
"EL57126","W712/6N","Oil Filter","GENERAL-MOTORS","93156299","https://www.oilfilter-crossreference.com/convert/MANN-FILTER/W712/6N"
"EL57126","W712/6N","Oil Filter","GENERAL-MOTORS","93156958","https://www.oilfilter-crossreference.com/convert/MANN-FILTER/W712/6N"
"EL57126","W712/6N","Oil Filter","MITSUBISHI","J3232126","https://www.oilfilter-crossreference.com/convert/MANN-FILTER/W712/6N"
"EL57126","W712/6N","Oil Filter","MITSUBISHI","J3250334","https://www.oilfilter-crossreference.com/convert/MANN-FILTER/W712/6N"
"EL57126","W712/6N","Oil Filter","MITSUBISHI","N152H1010","https://www.oilfilter-crossreference.com/convert/MANN-FILTER/W712/6N"
"EL57126","W712/6N","Oil Filter","NISSAN","15208-H1010","https://www.oilfilter-crossreference.com/convert/MANN-FILTER/W712/6N"
"EL57126","W712/6N","Oil Filter","NISSAN","15208-H1011","https://www.oilfilter-crossreference.com/convert/MANN-FILTER/W712/6N"
"EL57126","W712/6N","Oil Filter","OPEL","09281199","https://www.oilfilter-crossreference.com/convert/MANN-FILTER/W712/6N"
"EL57126","W712/6N","Oil Filter","OPEL","2-866-477","https://www.oilfilter-crossreference.com/convert/MANN-FILTER/W712/6N"
"EL57126","W712/6N","Oil Filter","OPEL","2866477/VP","https://www.oilfilter-crossreference.com/convert/MANN-FILTER/W712/6N"
"EL57126","W712/6N","Oil Filter","OPEL","2866477VP","https://www.oilfilter-crossreference.com/convert/MANN-FILTER/W712/6N"
"EL57126","W712/6N","Oil Filter","OPEL","650352","https://www.oilfilter-crossreference.com/convert/MANN-FILTER/W712/6N"
"EL57126","W712/6N","Oil Filter","OPEL","650364","https://www.oilfilter-crossreference.com/convert/MANN-FILTER/W712/6N"
"EL57126","W712/6N","Oil Filter","OPEL","650365","https://www.oilfilter-crossreference.com/convert/MANN-FILTER/W712/6N"
"EL57126","W712/6N","Oil Filter","OPEL","650370","https://www.oilfilter-crossreference.com/convert/MANN-FILTER/W712/6N"
"EL57126","W712/6N","Oil Filter","OPEL","650371","https://www.oilfilter-crossreference.com/convert/MANN-FILTER/W712/6N"
"EL57126","W712/6N","Oil Filter","OPEL","650373","https://www.oilfilter-crossreference.com/convert/MANN-FILTER/W712/6N"
"EL57126","W712/6N","Oil Filter","OPEL","650400","https://www.oilfilter-crossreference.com/convert/MANN-FILTER/W712/6N"
"EL57126","W712/6N","Oil Filter","OPEL","7976051","https://www.oilfilter-crossreference.com/convert/MANN-FILTER/W712/6N"
"EL57126","W712/6N","Oil Filter","OPEL","90027778","https://www.oilfilter-crossreference.com/convert/MANN-FILTER/W712/6N"
"EL57126","W712/6N","Oil Filter","OPEL","9281199","https://www.oilfilter-crossreference.com/convert/MANN-FILTER/W712/6N"
"EL57126","W712/6N","Oil Filter","OPEL","VOF136","https://www.oilfilter-crossreference.com/convert/MANN-FILTER/W712/6N"
"EL57126","W712/6N","Oil Filter","OE","OF-1055","https://www.oilfilter-crossreference.com/convert/MANN-FILTER/W712/6N"
"EL57126","W712/6N","Oil Filter","OE","OF-1065","https://www.oilfilter-crossreference.com/convert/MANN-FILTER/W712/6N"
"EL57126","W712/6N","Oil Filter","OE","OF-250","https://www.oilfilter-crossreference.com/convert/MANN-FILTER/W712/6N"
"EL57126","W712/6N","Oil Filter","PEUGEOT","1109C5","https://www.oilfilter-crossreference.com/convert/MANN-FILTER/W712/6N"
"EL57126","W712/6N","Oil Filter","VAUXHALL","650364","https://www.oilfilter-crossreference.com/convert/MANN-FILTER/W712/6N"
"EL57126","W712/6N","Oil Filter","VAUXHALL","650365","https://www.oilfilter-crossreference.com/convert/MANN-FILTER/W712/6N"
"EL57126","W712/6N","Oil Filter","VAUXHALL","6696776","https://www.oilfilter-crossreference.com/convert/MANN-FILTER/W712/6N"
"EL57126","W712/6N","Oil Filter","VAUXHALL","7884256","https://www.oilfilter-crossreference.com/convert/MANN-FILTER/W712/6N"
"EL57126","W712/6N","Oil Filter","VAUXHALL","7965051","https://www.oilfilter-crossreference.com/convert/MANN-FILTER/W712/6N"
"EL57126","W712/6N","Oil Filter","VAUXHALL","7973235","https://www.oilfilter-crossreference.com/convert/MANN-FILTER/W712/6N"
"EL57126","W712/6N","Oil Filter","VAUXHALL","7973429","https://www.oilfilter-crossreference.com/convert/MANN-FILTER/W712/6N"
"EL57126","W712/6N","Oil Filter","VAUXHALL","7984256","https://www.oilfilter-crossreference.com/convert/MANN-FILTER/W712/6N"
"EL57126","W712/6N","Oil Filter","VAUXHALL","90027778","https://www.oilfilter-crossreference.com/convert/MANN-FILTER/W712/6N"
"EL57126","W712/6N","Oil Filter","VAUXHALL","93156299","https://www.oilfilter-crossreference.com/convert/MANN-FILTER/W712/6N"
"EL57126","W712/6N","Oil Filter","VAUXHALL","VOF136","https://www.oilfilter-crossreference.com/convert/MANN-FILTER/W712/6N"
"EL57126","W712/6N","Oil Filter","VW","034 115 561A","https://www.oilfilter-crossreference.com/convert/MANN-FILTER/W712/6N"
"EL57126","W712/6N","Oil Filter","VW","035 115 561","https://www.oilfilter-crossreference.com/convert/MANN-FILTER/W712/6N"
"EL57126","W712/6N","Oil Filter","VW","037 115 561","https://www.oilfilter-crossreference.com/convert/MANN-FILTER/W712/6N"
"EL57126","W712/6N","Oil Filter","VW","056 115 561","https://www.oilfilter-crossreference.com/convert/MANN-FILTER/W712/6N"
"EL57126","W712/6N","Oil Filter","VW","056 115 561A","https://www.oilfilter-crossreference.com/convert/MANN-FILTER/W712/6N"
"EL57126","W712/6N","Oil Filter","VW","056 115 561B","https://www.oilfilter-crossreference.com/convert/MANN-FILTER/W712/6N"
"EL57126","W712/6N","Oil Filter","VW","056 115 561C","https://www.oilfilter-crossreference.com/convert/MANN-FILTER/W712/6N"
"EL57126","W712/6N","Oil Filter","VW","056 115 561G","https://www.oilfilter-crossreference.com/convert/MANN-FILTER/W712/6N"
"EL57126","W712/6N","Oil Filter","VW","059 115 561A","https://www.oilfilter-crossreference.com/convert/MANN-FILTER/W712/6N"
"EL57126","W712/6N","Oil Filter","VW","059 115 561B","https://www.oilfilter-crossreference.com/convert/MANN-FILTER/W712/6N"
"EL57126","W712/6N","Oil Filter","VW","059 115 561C","https://www.oilfilter-crossreference.com/convert/MANN-FILTER/W712/6N"
"EL57126","W712/6N","Oil Filter","VW","06A 115 561","https://www.oilfilter-crossreference.com/convert/MANN-FILTER/W712/6N"
"EL57126","W712/6N","Oil Filter","VW","06A 115 561B","https://www.oilfilter-crossreference.com/convert/MANN-FILTER/W712/6N"
"EL57126","W712/6N","Oil Filter","VW","070 115 561","https://www.oilfilter-crossreference.com/convert/MANN-FILTER/W712/6N"
"EL57126","W712/6N","Oil Filter","VW","931 107 701 00","https://www.oilfilter-crossreference.com/convert/MANN-FILTER/W712/6N"
"EL57127","W712/7","Oil Filter","BMW","11 42 1 266 773","https://www.oilfilter-crossreference.com/convert/MANN-FILTER/W712/7"
"EL57127","W712/7","Oil Filter","BMW","11 42 9 061 198","https://www.oilfilter-crossreference.com/convert/MANN-FILTER/W712/7"
"EL57127","W712/7","Oil Filter","CHRYSLER","3232126","https://www.oilfilter-crossreference.com/convert/MANN-FILTER/W712/7"
"EL57127","W712/7","Oil Filter","CHRYSLER","3250334","https://www.oilfilter-crossreference.com/convert/MANN-FILTER/W712/7"
"EL57127","W712/7","Oil Filter","CHRYSLER","5203217","https://www.oilfilter-crossreference.com/convert/MANN-FILTER/W712/7"
"EL57127","W712/7","Oil Filter","CHRYSLER","72674028","https://www.oilfilter-crossreference.com/convert/MANN-FILTER/W712/7"
"EL57127","W712/7","Oil Filter","CHRYSLER","8127168","https://www.oilfilter-crossreference.com/convert/MANN-FILTER/W712/7"
"EL57127","W712/7","Oil Filter","CHRYSLER","J3232126","https://www.oilfilter-crossreference.com/convert/MANN-FILTER/W712/7"
"EL57127","W712/7","Oil Filter","CHRYSLER","J3250334","https://www.oilfilter-crossreference.com/convert/MANN-FILTER/W712/7"
"EL57127","W712/7","Oil Filter","CHRYSLER","J8127168","https://www.oilfilter-crossreference.com/convert/MANN-FILTER/W712/7"
"EL57127","W712/7","Oil Filter","CITROEN","MLS000-155","https://www.oilfilter-crossreference.com/convert/MANN-FILTER/W712/7"
"EL57127","W712/7","Oil Filter","CITROEN","MLS000155","https://www.oilfilter-crossreference.com/convert/MANN-FILTER/W712/7"
"EL57127","W712/7","Oil Filter","FORD","1457512","https://www.oilfilter-crossreference.com/convert/MANN-FILTER/W712/7"
"EL57127","W712/7","Oil Filter","FORD","1462805","https://www.oilfilter-crossreference.com/convert/MANN-FILTER/W712/7"
"EL57127","W712/7","Oil Filter","FORD","1498014","https://www.oilfilter-crossreference.com/convert/MANN-FILTER/W712/7"
"EL57127","W712/7","Oil Filter","FORD","1536304","https://www.oilfilter-crossreference.com/convert/MANN-FILTER/W712/7"
"EL57127","W712/7","Oil Filter","FORD","1553370","https://www.oilfilter-crossreference.com/convert/MANN-FILTER/W712/7"
"EL57127","W712/7","Oil Filter","FORD","1555370","https://www.oilfilter-crossreference.com/convert/MANN-FILTER/W712/7"
"EL57127","W712/7","Oil Filter","FORD","1559937","https://www.oilfilter-crossreference.com/convert/MANN-FILTER/W712/7"
"EL57127","W712/7","Oil Filter","FORD","2735E-6714-B","https://www.oilfilter-crossreference.com/convert/MANN-FILTER/W712/7"
"EL57127","W712/7","Oil Filter","FORD","5002530","https://www.oilfilter-crossreference.com/convert/MANN-FILTER/W712/7"
"EL57127","W712/7","Oil Filter","FORD","5003329","https://www.oilfilter-crossreference.com/convert/MANN-FILTER/W712/7"
"EL57127","W712/7","Oil Filter","FORD","5003331","https://www.oilfilter-crossreference.com/convert/MANN-FILTER/W712/7"
"EL57127","W712/7","Oil Filter","FORD","5003930","https://www.oilfilter-crossreference.com/convert/MANN-FILTER/W712/7"
"EL57127","W712/7","Oil Filter","FORD","5003968","https://www.oilfilter-crossreference.com/convert/MANN-FILTER/W712/7"
"EL57127","W712/7","Oil Filter","FORD","5004926","https://www.oilfilter-crossreference.com/convert/MANN-FILTER/W712/7"
"EL57127","W712/7","Oil Filter","FORD","5011780","https://www.oilfilter-crossreference.com/convert/MANN-FILTER/W712/7"
"EL57127","W712/7","Oil Filter","FORD","5011782","https://www.oilfilter-crossreference.com/convert/MANN-FILTER/W712/7"
"EL57127","W712/7","Oil Filter","FORD","5013143","https://www.oilfilter-crossreference.com/convert/MANN-FILTER/W712/7"
"EL57127","W712/7","Oil Filter","FORD","5013319","https://www.oilfilter-crossreference.com/convert/MANN-FILTER/W712/7"
"EL57127","W712/7","Oil Filter","FORD","6041176","https://www.oilfilter-crossreference.com/convert/MANN-FILTER/W712/7"
"EL57127","W712/7","Oil Filter","FORD","691M-6714A/A","https://www.oilfilter-crossreference.com/convert/MANN-FILTER/W712/7"
"EL57127","W712/7","Oil Filter","FORD","77BM-6714-AA","https://www.oilfilter-crossreference.com/convert/MANN-FILTER/W712/7"
"EL57127","W712/7","Oil Filter","FORD","77BM-6714-C1A","https://www.oilfilter-crossreference.com/convert/MANN-FILTER/W712/7"
"EL57127","W712/7","Oil Filter","FORD","A700X6714AA","https://www.oilfilter-crossreference.com/convert/MANN-FILTER/W712/7"
"EL57127","W712/7","Oil Filter","FORD","A760X6714KA","https://www.oilfilter-crossreference.com/convert/MANN-FILTER/W712/7"
"EL57127","W712/7","Oil Filter","FORD","D0RY-6731-A","https://www.oilfilter-crossreference.com/convert/MANN-FILTER/W712/7"
"EL57127","W712/7","Oil Filter","FORD","D1PJ-6714-AA","https://www.oilfilter-crossreference.com/convert/MANN-FILTER/W712/7"
"EL57127","W712/7","Oil Filter","FORD","D1PZ-6731-A","https://www.oilfilter-crossreference.com/convert/MANN-FILTER/W712/7"
"EL57127","W712/7","Oil Filter","GENERAL-MOTORS","19160691","https://www.oilfilter-crossreference.com/convert/MANN-FILTER/W712/7"
"EL57127","W712/7","Oil Filter","GENERAL-MOTORS","19160694","https://www.oilfilter-crossreference.com/convert/MANN-FILTER/W712/7"
"EL57127","W712/7","Oil Filter","GENERAL-MOTORS","2-866-477","https://www.oilfilter-crossreference.com/convert/MANN-FILTER/W712/7"
"EL57127","W712/7","Oil Filter","GENERAL-MOTORS","6438162","https://www.oilfilter-crossreference.com/convert/MANN-FILTER/W712/7"
"EL57127","W712/7","Oil Filter","GENERAL-MOTORS","6439109","https://www.oilfilter-crossreference.com/convert/MANN-FILTER/W712/7"
"EL57127","W712/7","Oil Filter","GENERAL-MOTORS","650352","https://www.oilfilter-crossreference.com/convert/MANN-FILTER/W712/7"
"EL57127","W712/7","Oil Filter","GENERAL-MOTORS","7965051","https://www.oilfilter-crossreference.com/convert/MANN-FILTER/W712/7"
"EL57127","W712/7","Oil Filter","GENERAL-MOTORS","7976051","https://www.oilfilter-crossreference.com/convert/MANN-FILTER/W712/7"
"EL57127","W712/7","Oil Filter","GENERAL-MOTORS","7984225","https://www.oilfilter-crossreference.com/convert/MANN-FILTER/W712/7"
"EL57127","W712/7","Oil Filter","GENERAL-MOTORS","7984256","https://www.oilfilter-crossreference.com/convert/MANN-FILTER/W712/7"
"EL57127","W712/7","Oil Filter","GENERAL-MOTORS","90027778","https://www.oilfilter-crossreference.com/convert/MANN-FILTER/W712/7"
"EL57127","W712/7","Oil Filter","GENERAL-MOTORS","93156299","https://www.oilfilter-crossreference.com/convert/MANN-FILTER/W712/7"
"EL57127","W712/7","Oil Filter","GENERAL-MOTORS","93156958","https://www.oilfilter-crossreference.com/convert/MANN-FILTER/W712/7"
"EL57127","W712/7","Oil Filter","MITSUBISHI","J3232126","https://www.oilfilter-crossreference.com/convert/MANN-FILTER/W712/7"
"EL57127","W712/7","Oil Filter","MITSUBISHI","J3250334","https://www.oilfilter-crossreference.com/convert/MANN-FILTER/W712/7"
"EL57127","W712/7","Oil Filter","MITSUBISHI","N152H1010","https://www.oilfilter-crossreference.com/convert/MANN-FILTER/W712/7"
"EL57127","W712/7","Oil Filter","NISSAN","15208-H1010","https://www.oilfilter-crossreference.com/convert/MANN-FILTER/W712/7"
"EL57127","W712/7","Oil Filter","NISSAN","15208-H1011","https://www.oilfilter-crossreference.com/convert/MANN-FILTER/W712/7"
"EL57127","W712/7","Oil Filter","OPEL","09281199","https://www.oilfilter-crossreference.com/convert/MANN-FILTER/W712/7"
"EL57127","W712/7","Oil Filter","OPEL","2-866-477","https://www.oilfilter-crossreference.com/convert/MANN-FILTER/W712/7"
"EL57127","W712/7","Oil Filter","OPEL","2866477/VP","https://www.oilfilter-crossreference.com/convert/MANN-FILTER/W712/7"
"EL57127","W712/7","Oil Filter","OPEL","2866477VP","https://www.oilfilter-crossreference.com/convert/MANN-FILTER/W712/7"
"EL57127","W712/7","Oil Filter","OPEL","650352","https://www.oilfilter-crossreference.com/convert/MANN-FILTER/W712/7"
"EL57127","W712/7","Oil Filter","OPEL","650364","https://www.oilfilter-crossreference.com/convert/MANN-FILTER/W712/7"
"EL57127","W712/7","Oil Filter","OPEL","650365","https://www.oilfilter-crossreference.com/convert/MANN-FILTER/W712/7"
"EL57127","W712/7","Oil Filter","OPEL","650370","https://www.oilfilter-crossreference.com/convert/MANN-FILTER/W712/7"
"EL57127","W712/7","Oil Filter","OPEL","650371","https://www.oilfilter-crossreference.com/convert/MANN-FILTER/W712/7"
"EL57127","W712/7","Oil Filter","OPEL","650373","https://www.oilfilter-crossreference.com/convert/MANN-FILTER/W712/7"
"EL57127","W712/7","Oil Filter","OPEL","650400","https://www.oilfilter-crossreference.com/convert/MANN-FILTER/W712/7"
"EL57127","W712/7","Oil Filter","OPEL","7976051","https://www.oilfilter-crossreference.com/convert/MANN-FILTER/W712/7"
"EL57127","W712/7","Oil Filter","OPEL","90027778","https://www.oilfilter-crossreference.com/convert/MANN-FILTER/W712/7"
"EL57127","W712/7","Oil Filter","OPEL","9281199","https://www.oilfilter-crossreference.com/convert/MANN-FILTER/W712/7"
"EL57127","W712/7","Oil Filter","OPEL","VOF136","https://www.oilfilter-crossreference.com/convert/MANN-FILTER/W712/7"
"EL57127","W712/7","Oil Filter","OE","OF-1055","https://www.oilfilter-crossreference.com/convert/MANN-FILTER/W712/7"
"EL57127","W712/7","Oil Filter","OE","OF-1065","https://www.oilfilter-crossreference.com/convert/MANN-FILTER/W712/7"
"EL57127","W712/7","Oil Filter","OE","OF-250","https://www.oilfilter-crossreference.com/convert/MANN-FILTER/W712/7"
"EL57127","W712/7","Oil Filter","PEUGEOT","1109C5","https://www.oilfilter-crossreference.com/convert/MANN-FILTER/W712/7"
"EL57127","W712/7","Oil Filter","VAUXHALL","650364","https://www.oilfilter-crossreference.com/convert/MANN-FILTER/W712/7"
"EL57127","W712/7","Oil Filter","VAUXHALL","650365","https://www.oilfilter-crossreference.com/convert/MANN-FILTER/W712/7"
"EL57127","W712/7","Oil Filter","VAUXHALL","6696776","https://www.oilfilter-crossreference.com/convert/MANN-FILTER/W712/7"
"EL57127","W712/7","Oil Filter","VAUXHALL","7884256","https://www.oilfilter-crossreference.com/convert/MANN-FILTER/W712/7"
"EL57127","W712/7","Oil Filter","VAUXHALL","7965051","https://www.oilfilter-crossreference.com/convert/MANN-FILTER/W712/7"
"EL57127","W712/7","Oil Filter","VAUXHALL","7973235","https://www.oilfilter-crossreference.com/convert/MANN-FILTER/W712/7"
"EL57127","W712/7","Oil Filter","VAUXHALL","7973429","https://www.oilfilter-crossreference.com/convert/MANN-FILTER/W712/7"
"EL57127","W712/7","Oil Filter","VAUXHALL","7984256","https://www.oilfilter-crossreference.com/convert/MANN-FILTER/W712/7"
"EL57127","W712/7","Oil Filter","VAUXHALL","90027778","https://www.oilfilter-crossreference.com/convert/MANN-FILTER/W712/7"
"EL57127","W712/7","Oil Filter","VAUXHALL","93156299","https://www.oilfilter-crossreference.com/convert/MANN-FILTER/W712/7"
"EL57127","W712/7","Oil Filter","VAUXHALL","VOF136","https://www.oilfilter-crossreference.com/convert/MANN-FILTER/W712/7"
"EL57127","W712/7","Oil Filter","VW","034 115 561A","https://www.oilfilter-crossreference.com/convert/MANN-FILTER/W712/7"
"EL57127","W712/7","Oil Filter","VW","035 115 561","https://www.oilfilter-crossreference.com/convert/MANN-FILTER/W712/7"
"EL57127","W712/7","Oil Filter","VW","037 115 561","https://www.oilfilter-crossreference.com/convert/MANN-FILTER/W712/7"
"EL57127","W712/7","Oil Filter","VW","056 115 561","https://www.oilfilter-crossreference.com/convert/MANN-FILTER/W712/7"
"EL57127","W712/7","Oil Filter","VW","056 115 561A","https://www.oilfilter-crossreference.com/convert/MANN-FILTER/W712/7"
"EL57127","W712/7","Oil Filter","VW","056 115 561B","https://www.oilfilter-crossreference.com/convert/MANN-FILTER/W712/7"
"EL57127","W712/7","Oil Filter","VW","056 115 561C","https://www.oilfilter-crossreference.com/convert/MANN-FILTER/W712/7"
"EL57127","W712/7","Oil Filter","VW","056 115 561G","https://www.oilfilter-crossreference.com/convert/MANN-FILTER/W712/7"
"EL57127","W712/7","Oil Filter","VW","059 115 561A","https://www.oilfilter-crossreference.com/convert/MANN-FILTER/W712/7"
"EL57127","W712/7","Oil Filter","VW","059 115 561B","https://www.oilfilter-crossreference.com/convert/MANN-FILTER/W712/7"
"EL57127","W712/7","Oil Filter","VW","059 115 561C","https://www.oilfilter-crossreference.com/convert/MANN-FILTER/W712/7"
"EL57127","W712/7","Oil Filter","VW","06A 115 561","https://www.oilfilter-crossreference.com/convert/MANN-FILTER/W712/7"
"EL57127","W712/7","Oil Filter","VW","06A 115 561B","https://www.oilfilter-crossreference.com/convert/MANN-FILTER/W712/7"
"EL57127","W712/7","Oil Filter","VW","070 115 561","https://www.oilfilter-crossreference.com/convert/MANN-FILTER/W712/7"
"EL57127","W712/7","Oil Filter","VW","931 107 701 00","https://www.oilfilter-crossreference.com/convert/MANN-FILTER/W712/7"
"EL51273","W712/73M","Oil Filter","BMW","11 42 1 266 773","https://www.oilfilter-crossreference.com/convert/MANN-FILTER/W712/73M"
"EL51273","W712/73M","Oil Filter","BMW","11 42 9 061 198","https://www.oilfilter-crossreference.com/convert/MANN-FILTER/W712/73M"
"EL51273","W712/73M","Oil Filter","CHRYSLER","3232126","https://www.oilfilter-crossreference.com/convert/MANN-FILTER/W712/73M"
"EL51273","W712/73M","Oil Filter","CHRYSLER","3250334","https://www.oilfilter-crossreference.com/convert/MANN-FILTER/W712/73M"
"EL51273","W712/73M","Oil Filter","CHRYSLER","5203217","https://www.oilfilter-crossreference.com/convert/MANN-FILTER/W712/73M"
"EL51273","W712/73M","Oil Filter","CHRYSLER","72674028","https://www.oilfilter-crossreference.com/convert/MANN-FILTER/W712/73M"
"EL51273","W712/73M","Oil Filter","CHRYSLER","8127168","https://www.oilfilter-crossreference.com/convert/MANN-FILTER/W712/73M"
"EL51273","W712/73M","Oil Filter","CHRYSLER","J3232126","https://www.oilfilter-crossreference.com/convert/MANN-FILTER/W712/73M"
"EL51273","W712/73M","Oil Filter","CHRYSLER","J3250334","https://www.oilfilter-crossreference.com/convert/MANN-FILTER/W712/73M"
"EL51273","W712/73M","Oil Filter","CHRYSLER","J8127168","https://www.oilfilter-crossreference.com/convert/MANN-FILTER/W712/73M"
"EL51273","W712/73M","Oil Filter","CITROEN","MLS000-155","https://www.oilfilter-crossreference.com/convert/MANN-FILTER/W712/73M"
"EL51273","W712/73M","Oil Filter","CITROEN","MLS000155","https://www.oilfilter-crossreference.com/convert/MANN-FILTER/W712/73M"
"EL51273","W712/73M","Oil Filter","FORD","1457512","https://www.oilfilter-crossreference.com/convert/MANN-FILTER/W712/73M"
"EL51273","W712/73M","Oil Filter","FORD","1462805","https://www.oilfilter-crossreference.com/convert/MANN-FILTER/W712/73M"
"EL51273","W712/73M","Oil Filter","FORD","1498014","https://www.oilfilter-crossreference.com/convert/MANN-FILTER/W712/73M"
"EL51273","W712/73M","Oil Filter","FORD","1536304","https://www.oilfilter-crossreference.com/convert/MANN-FILTER/W712/73M"
"EL51273","W712/73M","Oil Filter","FORD","1553370","https://www.oilfilter-crossreference.com/convert/MANN-FILTER/W712/73M"
"EL51273","W712/73M","Oil Filter","FORD","1555370","https://www.oilfilter-crossreference.com/convert/MANN-FILTER/W712/73M"
"EL51273","W712/73M","Oil Filter","FORD","1559937","https://www.oilfilter-crossreference.com/convert/MANN-FILTER/W712/73M"
"EL51273","W712/73M","Oil Filter","FORD","2735E-6714-B","https://www.oilfilter-crossreference.com/convert/MANN-FILTER/W712/73M"
"EL51273","W712/73M","Oil Filter","FORD","5002530","https://www.oilfilter-crossreference.com/convert/MANN-FILTER/W712/73M"
"EL51273","W712/73M","Oil Filter","FORD","5003329","https://www.oilfilter-crossreference.com/convert/MANN-FILTER/W712/73M"
"EL51273","W712/73M","Oil Filter","FORD","5003331","https://www.oilfilter-crossreference.com/convert/MANN-FILTER/W712/73M"
"EL51273","W712/73M","Oil Filter","FORD","5003930","https://www.oilfilter-crossreference.com/convert/MANN-FILTER/W712/73M"
"EL51273","W712/73M","Oil Filter","FORD","5003968","https://www.oilfilter-crossreference.com/convert/MANN-FILTER/W712/73M"
"EL51273","W712/73M","Oil Filter","FORD","5004926","https://www.oilfilter-crossreference.com/convert/MANN-FILTER/W712/73M"
"EL51273","W712/73M","Oil Filter","FORD","5011780","https://www.oilfilter-crossreference.com/convert/MANN-FILTER/W712/73M"
"EL51273","W712/73M","Oil Filter","FORD","5011782","https://www.oilfilter-crossreference.com/convert/MANN-FILTER/W712/73M"
"EL51273","W712/73M","Oil Filter","FORD","5013143","https://www.oilfilter-crossreference.com/convert/MANN-FILTER/W712/73M"
"EL51273","W712/73M","Oil Filter","FORD","5013319","https://www.oilfilter-crossreference.com/convert/MANN-FILTER/W712/73M"
"EL51273","W712/73M","Oil Filter","FORD","6041176","https://www.oilfilter-crossreference.com/convert/MANN-FILTER/W712/73M"
"EL51273","W712/73M","Oil Filter","FORD","691M-6714A/A","https://www.oilfilter-crossreference.com/convert/MANN-FILTER/W712/73M"
"EL51273","W712/73M","Oil Filter","FORD","77BM-6714-AA","https://www.oilfilter-crossreference.com/convert/MANN-FILTER/W712/73M"
"EL51273","W712/73M","Oil Filter","FORD","77BM-6714-C1A","https://www.oilfilter-crossreference.com/convert/MANN-FILTER/W712/73M"
"EL51273","W712/73M","Oil Filter","FORD","A700X6714AA","https://www.oilfilter-crossreference.com/convert/MANN-FILTER/W712/73M"
"EL51273","W712/73M","Oil Filter","FORD","A760X6714KA","https://www.oilfilter-crossreference.com/convert/MANN-FILTER/W712/73M"
"EL51273","W712/73M","Oil Filter","FORD","D0RY-6731-A","https://www.oilfilter-crossreference.com/convert/MANN-FILTER/W712/73M"
"EL51273","W712/73M","Oil Filter","FORD","D1PJ-6714-AA","https://www.oilfilter-crossreference.com/convert/MANN-FILTER/W712/73M"
"EL51273","W712/73M","Oil Filter","FORD","D1PZ-6731-A","https://www.oilfilter-crossreference.com/convert/MANN-FILTER/W712/73M"
"EL51273","W712/73M","Oil Filter","GENERAL-MOTORS","19160691","https://www.oilfilter-crossreference.com/convert/MANN-FILTER/W712/73M"
"EL51273","W712/73M","Oil Filter","GENERAL-MOTORS","19160694","https://www.oilfilter-crossreference.com/convert/MANN-FILTER/W712/73M"
"EL51273","W712/73M","Oil Filter","GENERAL-MOTORS","2-866-477","https://www.oilfilter-crossreference.com/convert/MANN-FILTER/W712/73M"
"EL51273","W712/73M","Oil Filter","GENERAL-MOTORS","6438162","https://www.oilfilter-crossreference.com/convert/MANN-FILTER/W712/73M"
"EL51273","W712/73M","Oil Filter","GENERAL-MOTORS","6439109","https://www.oilfilter-crossreference.com/convert/MANN-FILTER/W712/73M"
"EL51273","W712/73M","Oil Filter","GENERAL-MOTORS","650352","https://www.oilfilter-crossreference.com/convert/MANN-FILTER/W712/73M"
"EL51273","W712/73M","Oil Filter","GENERAL-MOTORS","7965051","https://www.oilfilter-crossreference.com/convert/MANN-FILTER/W712/73M"
"EL51273","W712/73M","Oil Filter","GENERAL-MOTORS","7976051","https://www.oilfilter-crossreference.com/convert/MANN-FILTER/W712/73M"
"EL51273","W712/73M","Oil Filter","GENERAL-MOTORS","7984225","https://www.oilfilter-crossreference.com/convert/MANN-FILTER/W712/73M"
"EL51273","W712/73M","Oil Filter","GENERAL-MOTORS","7984256","https://www.oilfilter-crossreference.com/convert/MANN-FILTER/W712/73M"
"EL51273","W712/73M","Oil Filter","GENERAL-MOTORS","90027778","https://www.oilfilter-crossreference.com/convert/MANN-FILTER/W712/73M"
"EL51273","W712/73M","Oil Filter","GENERAL-MOTORS","93156299","https://www.oilfilter-crossreference.com/convert/MANN-FILTER/W712/73M"
"EL51273","W712/73M","Oil Filter","GENERAL-MOTORS","93156958","https://www.oilfilter-crossreference.com/convert/MANN-FILTER/W712/73M"
"EL51273","W712/73M","Oil Filter","MITSUBISHI","J3232126","https://www.oilfilter-crossreference.com/convert/MANN-FILTER/W712/73M"
"EL51273","W712/73M","Oil Filter","MITSUBISHI","J3250334","https://www.oilfilter-crossreference.com/convert/MANN-FILTER/W712/73M"
"EL51273","W712/73M","Oil Filter","MITSUBISHI","N152H1010","https://www.oilfilter-crossreference.com/convert/MANN-FILTER/W712/73M"
"EL51273","W712/73M","Oil Filter","NISSAN","15208-H1010","https://www.oilfilter-crossreference.com/convert/MANN-FILTER/W712/73M"
"EL51273","W712/73M","Oil Filter","NISSAN","15208-H1011","https://www.oilfilter-crossreference.com/convert/MANN-FILTER/W712/73M"
"EL51273","W712/73M","Oil Filter","OPEL","09281199","https://www.oilfilter-crossreference.com/convert/MANN-FILTER/W712/73M"
"EL51273","W712/73M","Oil Filter","OPEL","2-866-477","https://www.oilfilter-crossreference.com/convert/MANN-FILTER/W712/73M"
"EL51273","W712/73M","Oil Filter","OPEL","2866477/VP","https://www.oilfilter-crossreference.com/convert/MANN-FILTER/W712/73M"
"EL51273","W712/73M","Oil Filter","OPEL","2866477VP","https://www.oilfilter-crossreference.com/convert/MANN-FILTER/W712/73M"
"EL51273","W712/73M","Oil Filter","OPEL","650352","https://www.oilfilter-crossreference.com/convert/MANN-FILTER/W712/73M"
"EL51273","W712/73M","Oil Filter","OPEL","650364","https://www.oilfilter-crossreference.com/convert/MANN-FILTER/W712/73M"
"EL51273","W712/73M","Oil Filter","OPEL","650365","https://www.oilfilter-crossreference.com/convert/MANN-FILTER/W712/73M"
"EL51273","W712/73M","Oil Filter","OPEL","650370","https://www.oilfilter-crossreference.com/convert/MANN-FILTER/W712/73M"
"EL51273","W712/73M","Oil Filter","OPEL","650371","https://www.oilfilter-crossreference.com/convert/MANN-FILTER/W712/73M"
"EL51273","W712/73M","Oil Filter","OPEL","650373","https://www.oilfilter-crossreference.com/convert/MANN-FILTER/W712/73M"
"EL51273","W712/73M","Oil Filter","OPEL","650400","https://www.oilfilter-crossreference.com/convert/MANN-FILTER/W712/73M"
"EL51273","W712/73M","Oil Filter","OPEL","7976051","https://www.oilfilter-crossreference.com/convert/MANN-FILTER/W712/73M"
"EL51273","W712/73M","Oil Filter","OPEL","90027778","https://www.oilfilter-crossreference.com/convert/MANN-FILTER/W712/73M"
"EL51273","W712/73M","Oil Filter","OPEL","9281199","https://www.oilfilter-crossreference.com/convert/MANN-FILTER/W712/73M"
"EL51273","W712/73M","Oil Filter","OPEL","VOF136","https://www.oilfilter-crossreference.com/convert/MANN-FILTER/W712/73M"
"EL51273","W712/73M","Oil Filter","OE","OF-1055","https://www.oilfilter-crossreference.com/convert/MANN-FILTER/W712/73M"
"EL51273","W712/73M","Oil Filter","OE","OF-1065","https://www.oilfilter-crossreference.com/convert/MANN-FILTER/W712/73M"
"EL51273","W712/73M","Oil Filter","OE","OF-250","https://www.oilfilter-crossreference.com/convert/MANN-FILTER/W712/73M"
"EL51273","W712/73M","Oil Filter","PEUGEOT","1109C5","https://www.oilfilter-crossreference.com/convert/MANN-FILTER/W712/73M"
"EL51273","W712/73M","Oil Filter","VAUXHALL","650364","https://www.oilfilter-crossreference.com/convert/MANN-FILTER/W712/73M"
"EL51273","W712/73M","Oil Filter","VAUXHALL","650365","https://www.oilfilter-crossreference.com/convert/MANN-FILTER/W712/73M"
"EL51273","W712/73M","Oil Filter","VAUXHALL","6696776","https://www.oilfilter-crossreference.com/convert/MANN-FILTER/W712/73M"
"EL51273","W712/73M","Oil Filter","VAUXHALL","7884256","https://www.oilfilter-crossreference.com/convert/MANN-FILTER/W712/73M"
"EL51273","W712/73M","Oil Filter","VAUXHALL","7965051","https://www.oilfilter-crossreference.com/convert/MANN-FILTER/W712/73M"
"EL51273","W712/73M","Oil Filter","VAUXHALL","7973235","https://www.oilfilter-crossreference.com/convert/MANN-FILTER/W712/73M"
"EL51273","W712/73M","Oil Filter","VAUXHALL","7973429","https://www.oilfilter-crossreference.com/convert/MANN-FILTER/W712/73M"
"EL51273","W712/73M","Oil Filter","VAUXHALL","7984256","https://www.oilfilter-crossreference.com/convert/MANN-FILTER/W712/73M"
"EL51273","W712/73M","Oil Filter","VAUXHALL","90027778","https://www.oilfilter-crossreference.com/convert/MANN-FILTER/W712/73M"
"EL51273","W712/73M","Oil Filter","VAUXHALL","93156299","https://www.oilfilter-crossreference.com/convert/MANN-FILTER/W712/73M"
"EL51273","W712/73M","Oil Filter","VAUXHALL","VOF136","https://www.oilfilter-crossreference.com/convert/MANN-FILTER/W712/73M"
"EL51273","W712/73M","Oil Filter","VW","034 115 561A","https://www.oilfilter-crossreference.com/convert/MANN-FILTER/W712/73M"
"EL51273","W712/73M","Oil Filter","VW","035 115 561","https://www.oilfilter-crossreference.com/convert/MANN-FILTER/W712/73M"
"EL51273","W712/73M","Oil Filter","VW","037 115 561","https://www.oilfilter-crossreference.com/convert/MANN-FILTER/W712/73M"
"EL51273","W712/73M","Oil Filter","VW","056 115 561","https://www.oilfilter-crossreference.com/convert/MANN-FILTER/W712/73M"
"EL51273","W712/73M","Oil Filter","VW","056 115 561A","https://www.oilfilter-crossreference.com/convert/MANN-FILTER/W712/73M"
"EL51273","W712/73M","Oil Filter","VW","056 115 561B","https://www.oilfilter-crossreference.com/convert/MANN-FILTER/W712/73M"
"EL51273","W712/73M","Oil Filter","VW","056 115 561C","https://www.oilfilter-crossreference.com/convert/MANN-FILTER/W712/73M"
"EL51273","W712/73M","Oil Filter","VW","056 115 561G","https://www.oilfilter-crossreference.com/convert/MANN-FILTER/W712/73M"
"EL51273","W712/73M","Oil Filter","VW","059 115 561A","https://www.oilfilter-crossreference.com/convert/MANN-FILTER/W712/73M"
"EL51273","W712/73M","Oil Filter","VW","059 115 561B","https://www.oilfilter-crossreference.com/convert/MANN-FILTER/W712/73M"
"EL51273","W712/73M","Oil Filter","VW","059 115 561C","https://www.oilfilter-crossreference.com/convert/MANN-FILTER/W712/73M"
"EL51273","W712/73M","Oil Filter","VW","06A 115 561","https://www.oilfilter-crossreference.com/convert/MANN-FILTER/W712/73M"
"EL51273","W712/73M","Oil Filter","VW","06A 115 561B","https://www.oilfilter-crossreference.com/convert/MANN-FILTER/W712/73M"
"EL51273","W712/73M","Oil Filter","VW","070 115 561","https://www.oilfilter-crossreference.com/convert/MANN-FILTER/W712/73M"
"EL51273","W712/73M","Oil Filter","VW","931 107 701 00","https://www.oilfilter-crossreference.com/convert/MANN-FILTER/W712/73M"
"EL51275","W712/75M","Oil Filter","BMW","11 42 1 266 773","https://www.oilfilter-crossreference.com/convert/MANN-FILTER/W712/75M"
"EL51275","W712/75M","Oil Filter","BMW","11 42 9 061 198","https://www.oilfilter-crossreference.com/convert/MANN-FILTER/W712/75M"
"EL51275","W712/75M","Oil Filter","CHRYSLER","3232126","https://www.oilfilter-crossreference.com/convert/MANN-FILTER/W712/75M"
"EL51275","W712/75M","Oil Filter","CHRYSLER","3250334","https://www.oilfilter-crossreference.com/convert/MANN-FILTER/W712/75M"
"EL51275","W712/75M","Oil Filter","CHRYSLER","5203217","https://www.oilfilter-crossreference.com/convert/MANN-FILTER/W712/75M"
"EL51275","W712/75M","Oil Filter","CHRYSLER","72674028","https://www.oilfilter-crossreference.com/convert/MANN-FILTER/W712/75M"
"EL51275","W712/75M","Oil Filter","CHRYSLER","8127168","https://www.oilfilter-crossreference.com/convert/MANN-FILTER/W712/75M"
"EL51275","W712/75M","Oil Filter","CHRYSLER","J3232126","https://www.oilfilter-crossreference.com/convert/MANN-FILTER/W712/75M"
"EL51275","W712/75M","Oil Filter","CHRYSLER","J3250334","https://www.oilfilter-crossreference.com/convert/MANN-FILTER/W712/75M"
"EL51275","W712/75M","Oil Filter","CHRYSLER","J8127168","https://www.oilfilter-crossreference.com/convert/MANN-FILTER/W712/75M"
"EL51275","W712/75M","Oil Filter","CITROEN","MLS000-155","https://www.oilfilter-crossreference.com/convert/MANN-FILTER/W712/75M"
"EL51275","W712/75M","Oil Filter","CITROEN","MLS000155","https://www.oilfilter-crossreference.com/convert/MANN-FILTER/W712/75M"
"EL51275","W712/75M","Oil Filter","FORD","1457512","https://www.oilfilter-crossreference.com/convert/MANN-FILTER/W712/75M"
"EL51275","W712/75M","Oil Filter","FORD","1462805","https://www.oilfilter-crossreference.com/convert/MANN-FILTER/W712/75M"
"EL51275","W712/75M","Oil Filter","FORD","1498014","https://www.oilfilter-crossreference.com/convert/MANN-FILTER/W712/75M"
"EL51275","W712/75M","Oil Filter","FORD","1536304","https://www.oilfilter-crossreference.com/convert/MANN-FILTER/W712/75M"
"EL51275","W712/75M","Oil Filter","FORD","1553370","https://www.oilfilter-crossreference.com/convert/MANN-FILTER/W712/75M"
"EL51275","W712/75M","Oil Filter","FORD","1555370","https://www.oilfilter-crossreference.com/convert/MANN-FILTER/W712/75M"
"EL51275","W712/75M","Oil Filter","FORD","1559937","https://www.oilfilter-crossreference.com/convert/MANN-FILTER/W712/75M"
"EL51275","W712/75M","Oil Filter","FORD","2735E-6714-B","https://www.oilfilter-crossreference.com/convert/MANN-FILTER/W712/75M"
"EL51275","W712/75M","Oil Filter","FORD","5002530","https://www.oilfilter-crossreference.com/convert/MANN-FILTER/W712/75M"
"EL51275","W712/75M","Oil Filter","FORD","5003329","https://www.oilfilter-crossreference.com/convert/MANN-FILTER/W712/75M"
"EL51275","W712/75M","Oil Filter","FORD","5003331","https://www.oilfilter-crossreference.com/convert/MANN-FILTER/W712/75M"
"EL51275","W712/75M","Oil Filter","FORD","5003930","https://www.oilfilter-crossreference.com/convert/MANN-FILTER/W712/75M"
"EL51275","W712/75M","Oil Filter","FORD","5003968","https://www.oilfilter-crossreference.com/convert/MANN-FILTER/W712/75M"
"EL51275","W712/75M","Oil Filter","FORD","5004926","https://www.oilfilter-crossreference.com/convert/MANN-FILTER/W712/75M"
"EL51275","W712/75M","Oil Filter","FORD","5011780","https://www.oilfilter-crossreference.com/convert/MANN-FILTER/W712/75M"
"EL51275","W712/75M","Oil Filter","FORD","5011782","https://www.oilfilter-crossreference.com/convert/MANN-FILTER/W712/75M"
"EL51275","W712/75M","Oil Filter","FORD","5013143","https://www.oilfilter-crossreference.com/convert/MANN-FILTER/W712/75M"
"EL51275","W712/75M","Oil Filter","FORD","5013319","https://www.oilfilter-crossreference.com/convert/MANN-FILTER/W712/75M"
"EL51275","W712/75M","Oil Filter","FORD","6041176","https://www.oilfilter-crossreference.com/convert/MANN-FILTER/W712/75M"
"EL51275","W712/75M","Oil Filter","FORD","691M-6714A/A","https://www.oilfilter-crossreference.com/convert/MANN-FILTER/W712/75M"
"EL51275","W712/75M","Oil Filter","FORD","77BM-6714-AA","https://www.oilfilter-crossreference.com/convert/MANN-FILTER/W712/75M"
"EL51275","W712/75M","Oil Filter","FORD","77BM-6714-C1A","https://www.oilfilter-crossreference.com/convert/MANN-FILTER/W712/75M"
"EL51275","W712/75M","Oil Filter","FORD","A700X6714AA","https://www.oilfilter-crossreference.com/convert/MANN-FILTER/W712/75M"
"EL51275","W712/75M","Oil Filter","FORD","A760X6714KA","https://www.oilfilter-crossreference.com/convert/MANN-FILTER/W712/75M"
"EL51275","W712/75M","Oil Filter","FORD","D0RY-6731-A","https://www.oilfilter-crossreference.com/convert/MANN-FILTER/W712/75M"
"EL51275","W712/75M","Oil Filter","FORD","D1PJ-6714-AA","https://www.oilfilter-crossreference.com/convert/MANN-FILTER/W712/75M"
"EL51275","W712/75M","Oil Filter","FORD","D1PZ-6731-A","https://www.oilfilter-crossreference.com/convert/MANN-FILTER/W712/75M"
"EL51275","W712/75M","Oil Filter","GENERAL-MOTORS","19160691","https://www.oilfilter-crossreference.com/convert/MANN-FILTER/W712/75M"
"EL51275","W712/75M","Oil Filter","GENERAL-MOTORS","19160694","https://www.oilfilter-crossreference.com/convert/MANN-FILTER/W712/75M"
"EL51275","W712/75M","Oil Filter","GENERAL-MOTORS","2-866-477","https://www.oilfilter-crossreference.com/convert/MANN-FILTER/W712/75M"
"EL51275","W712/75M","Oil Filter","GENERAL-MOTORS","6438162","https://www.oilfilter-crossreference.com/convert/MANN-FILTER/W712/75M"
"EL51275","W712/75M","Oil Filter","GENERAL-MOTORS","6439109","https://www.oilfilter-crossreference.com/convert/MANN-FILTER/W712/75M"
"EL51275","W712/75M","Oil Filter","GENERAL-MOTORS","650352","https://www.oilfilter-crossreference.com/convert/MANN-FILTER/W712/75M"
"EL51275","W712/75M","Oil Filter","GENERAL-MOTORS","7965051","https://www.oilfilter-crossreference.com/convert/MANN-FILTER/W712/75M"
"EL51275","W712/75M","Oil Filter","GENERAL-MOTORS","7976051","https://www.oilfilter-crossreference.com/convert/MANN-FILTER/W712/75M"
"EL51275","W712/75M","Oil Filter","GENERAL-MOTORS","7984225","https://www.oilfilter-crossreference.com/convert/MANN-FILTER/W712/75M"
"EL51275","W712/75M","Oil Filter","GENERAL-MOTORS","7984256","https://www.oilfilter-crossreference.com/convert/MANN-FILTER/W712/75M"
"EL51275","W712/75M","Oil Filter","GENERAL-MOTORS","90027778","https://www.oilfilter-crossreference.com/convert/MANN-FILTER/W712/75M"
"EL51275","W712/75M","Oil Filter","GENERAL-MOTORS","93156299","https://www.oilfilter-crossreference.com/convert/MANN-FILTER/W712/75M"
"EL51275","W712/75M","Oil Filter","GENERAL-MOTORS","93156958","https://www.oilfilter-crossreference.com/convert/MANN-FILTER/W712/75M"
"EL51275","W712/75M","Oil Filter","MITSUBISHI","J3232126","https://www.oilfilter-crossreference.com/convert/MANN-FILTER/W712/75M"
"EL51275","W712/75M","Oil Filter","MITSUBISHI","J3250334","https://www.oilfilter-crossreference.com/convert/MANN-FILTER/W712/75M"
"EL51275","W712/75M","Oil Filter","MITSUBISHI","N152H1010","https://www.oilfilter-crossreference.com/convert/MANN-FILTER/W712/75M"
"EL51275","W712/75M","Oil Filter","NISSAN","15208-H1010","https://www.oilfilter-crossreference.com/convert/MANN-FILTER/W712/75M"
"EL51275","W712/75M","Oil Filter","NISSAN","15208-H1011","https://www.oilfilter-crossreference.com/convert/MANN-FILTER/W712/75M"
"EL51275","W712/75M","Oil Filter","OPEL","09281199","https://www.oilfilter-crossreference.com/convert/MANN-FILTER/W712/75M"
"EL51275","W712/75M","Oil Filter","OPEL","2-866-477","https://www.oilfilter-crossreference.com/convert/MANN-FILTER/W712/75M"
"EL51275","W712/75M","Oil Filter","OPEL","2866477/VP","https://www.oilfilter-crossreference.com/convert/MANN-FILTER/W712/75M"
"EL51275","W712/75M","Oil Filter","OPEL","2866477VP","https://www.oilfilter-crossreference.com/convert/MANN-FILTER/W712/75M"
"EL51275","W712/75M","Oil Filter","OPEL","650352","https://www.oilfilter-crossreference.com/convert/MANN-FILTER/W712/75M"
"EL51275","W712/75M","Oil Filter","OPEL","650364","https://www.oilfilter-crossreference.com/convert/MANN-FILTER/W712/75M"
"EL51275","W712/75M","Oil Filter","OPEL","650365","https://www.oilfilter-crossreference.com/convert/MANN-FILTER/W712/75M"
"EL51275","W712/75M","Oil Filter","OPEL","650370","https://www.oilfilter-crossreference.com/convert/MANN-FILTER/W712/75M"
"EL51275","W712/75M","Oil Filter","OPEL","650371","https://www.oilfilter-crossreference.com/convert/MANN-FILTER/W712/75M"
"EL51275","W712/75M","Oil Filter","OPEL","650373","https://www.oilfilter-crossreference.com/convert/MANN-FILTER/W712/75M"
"EL51275","W712/75M","Oil Filter","OPEL","650400","https://www.oilfilter-crossreference.com/convert/MANN-FILTER/W712/75M"
"EL51275","W712/75M","Oil Filter","OPEL","7976051","https://www.oilfilter-crossreference.com/convert/MANN-FILTER/W712/75M"
"EL51275","W712/75M","Oil Filter","OPEL","90027778","https://www.oilfilter-crossreference.com/convert/MANN-FILTER/W712/75M"
"EL51275","W712/75M","Oil Filter","OPEL","9281199","https://www.oilfilter-crossreference.com/convert/MANN-FILTER/W712/75M"
"EL51275","W712/75M","Oil Filter","OPEL","VOF136","https://www.oilfilter-crossreference.com/convert/MANN-FILTER/W712/75M"
"EL51275","W712/75M","Oil Filter","OE","OF-1055","https://www.oilfilter-crossreference.com/convert/MANN-FILTER/W712/75M"
"EL51275","W712/75M","Oil Filter","OE","OF-1065","https://www.oilfilter-crossreference.com/convert/MANN-FILTER/W712/75M"
"EL51275","W712/75M","Oil Filter","OE","OF-250","https://www.oilfilter-crossreference.com/convert/MANN-FILTER/W712/75M"
"EL51275","W712/75M","Oil Filter","PEUGEOT","1109C5","https://www.oilfilter-crossreference.com/convert/MANN-FILTER/W712/75M"
"EL51275","W712/75M","Oil Filter","VAUXHALL","650364","https://www.oilfilter-crossreference.com/convert/MANN-FILTER/W712/75M"
"EL51275","W712/75M","Oil Filter","VAUXHALL","650365","https://www.oilfilter-crossreference.com/convert/MANN-FILTER/W712/75M"
"EL51275","W712/75M","Oil Filter","VAUXHALL","6696776","https://www.oilfilter-crossreference.com/convert/MANN-FILTER/W712/75M"
"EL51275","W712/75M","Oil Filter","VAUXHALL","7884256","https://www.oilfilter-crossreference.com/convert/MANN-FILTER/W712/75M"
"EL51275","W712/75M","Oil Filter","VAUXHALL","7965051","https://www.oilfilter-crossreference.com/convert/MANN-FILTER/W712/75M"
"EL51275","W712/75M","Oil Filter","VAUXHALL","7973235","https://www.oilfilter-crossreference.com/convert/MANN-FILTER/W712/75M"
"EL51275","W712/75M","Oil Filter","VAUXHALL","7973429","https://www.oilfilter-crossreference.com/convert/MANN-FILTER/W712/75M"
"EL51275","W712/75M","Oil Filter","VAUXHALL","7984256","https://www.oilfilter-crossreference.com/convert/MANN-FILTER/W712/75M"
"EL51275","W712/75M","Oil Filter","VAUXHALL","90027778","https://www.oilfilter-crossreference.com/convert/MANN-FILTER/W712/75M"
"EL51275","W712/75M","Oil Filter","VAUXHALL","93156299","https://www.oilfilter-crossreference.com/convert/MANN-FILTER/W712/75M"
"EL51275","W712/75M","Oil Filter","VAUXHALL","VOF136","https://www.oilfilter-crossreference.com/convert/MANN-FILTER/W712/75M"
"EL51275","W712/75M","Oil Filter","VW","034 115 561A","https://www.oilfilter-crossreference.com/convert/MANN-FILTER/W712/75M"
"EL51275","W712/75M","Oil Filter","VW","035 115 561","https://www.oilfilter-crossreference.com/convert/MANN-FILTER/W712/75M"
"EL51275","W712/75M","Oil Filter","VW","037 115 561","https://www.oilfilter-crossreference.com/convert/MANN-FILTER/W712/75M"
"EL51275","W712/75M","Oil Filter","VW","056 115 561","https://www.oilfilter-crossreference.com/convert/MANN-FILTER/W712/75M"
"EL51275","W712/75M","Oil Filter","VW","056 115 561A","https://www.oilfilter-crossreference.com/convert/MANN-FILTER/W712/75M"
"EL51275","W712/75M","Oil Filter","VW","056 115 561B","https://www.oilfilter-crossreference.com/convert/MANN-FILTER/W712/75M"
"EL51275","W712/75M","Oil Filter","VW","056 115 561C","https://www.oilfilter-crossreference.com/convert/MANN-FILTER/W712/75M"
"EL51275","W712/75M","Oil Filter","VW","056 115 561G","https://www.oilfilter-crossreference.com/convert/MANN-FILTER/W712/75M"
"EL51275","W712/75M","Oil Filter","VW","059 115 561A","https://www.oilfilter-crossreference.com/convert/MANN-FILTER/W712/75M"
"EL51275","W712/75M","Oil Filter","VW","059 115 561B","https://www.oilfilter-crossreference.com/convert/MANN-FILTER/W712/75M"
"EL51275","W712/75M","Oil Filter","VW","059 115 561C","https://www.oilfilter-crossreference.com/convert/MANN-FILTER/W712/75M"
"EL51275","W712/75M","Oil Filter","VW","06A 115 561","https://www.oilfilter-crossreference.com/convert/MANN-FILTER/W712/75M"
"EL51275","W712/75M","Oil Filter","VW","06A 115 561B","https://www.oilfilter-crossreference.com/convert/MANN-FILTER/W712/75M"
"EL51275","W712/75M","Oil Filter","VW","070 115 561","https://www.oilfilter-crossreference.com/convert/MANN-FILTER/W712/75M"
"EL51275","W712/75M","Oil Filter","VW","931 107 701 00","https://www.oilfilter-crossreference.com/convert/MANN-FILTER/W712/75M"
"EL52810","W712/8(10)","Oil Filter","BMW","11 42 1 266 773","https://www.oilfilter-crossreference.com/convert/MANN-FILTER/W712/8(10)"
"EL52810","W712/8(10)","Oil Filter","BMW","11 42 9 061 198","https://www.oilfilter-crossreference.com/convert/MANN-FILTER/W712/8(10)"
"EL52810","W712/8(10)","Oil Filter","CHRYSLER","3232126","https://www.oilfilter-crossreference.com/convert/MANN-FILTER/W712/8(10)"
"EL52810","W712/8(10)","Oil Filter","CHRYSLER","3250334","https://www.oilfilter-crossreference.com/convert/MANN-FILTER/W712/8(10)"
"EL52810","W712/8(10)","Oil Filter","CHRYSLER","5203217","https://www.oilfilter-crossreference.com/convert/MANN-FILTER/W712/8(10)"
"EL52810","W712/8(10)","Oil Filter","CHRYSLER","72674028","https://www.oilfilter-crossreference.com/convert/MANN-FILTER/W712/8(10)"
"EL52810","W712/8(10)","Oil Filter","CHRYSLER","8127168","https://www.oilfilter-crossreference.com/convert/MANN-FILTER/W712/8(10)"
"EL52810","W712/8(10)","Oil Filter","CHRYSLER","J3232126","https://www.oilfilter-crossreference.com/convert/MANN-FILTER/W712/8(10)"
"EL52810","W712/8(10)","Oil Filter","CHRYSLER","J3250334","https://www.oilfilter-crossreference.com/convert/MANN-FILTER/W712/8(10)"
"EL52810","W712/8(10)","Oil Filter","CHRYSLER","J8127168","https://www.oilfilter-crossreference.com/convert/MANN-FILTER/W712/8(10)"
"EL52810","W712/8(10)","Oil Filter","CITROEN","MLS000-155","https://www.oilfilter-crossreference.com/convert/MANN-FILTER/W712/8(10)"
"EL52810","W712/8(10)","Oil Filter","CITROEN","MLS000155","https://www.oilfilter-crossreference.com/convert/MANN-FILTER/W712/8(10)"
"EL52810","W712/8(10)","Oil Filter","FORD","1457512","https://www.oilfilter-crossreference.com/convert/MANN-FILTER/W712/8(10)"
"EL52810","W712/8(10)","Oil Filter","FORD","1462805","https://www.oilfilter-crossreference.com/convert/MANN-FILTER/W712/8(10)"
"EL52810","W712/8(10)","Oil Filter","FORD","1498014","https://www.oilfilter-crossreference.com/convert/MANN-FILTER/W712/8(10)"
"EL52810","W712/8(10)","Oil Filter","FORD","1536304","https://www.oilfilter-crossreference.com/convert/MANN-FILTER/W712/8(10)"
"EL52810","W712/8(10)","Oil Filter","FORD","1553370","https://www.oilfilter-crossreference.com/convert/MANN-FILTER/W712/8(10)"
"EL52810","W712/8(10)","Oil Filter","FORD","1555370","https://www.oilfilter-crossreference.com/convert/MANN-FILTER/W712/8(10)"
"EL52810","W712/8(10)","Oil Filter","FORD","1559937","https://www.oilfilter-crossreference.com/convert/MANN-FILTER/W712/8(10)"
"EL52810","W712/8(10)","Oil Filter","FORD","2735E-6714-B","https://www.oilfilter-crossreference.com/convert/MANN-FILTER/W712/8(10)"
"EL52810","W712/8(10)","Oil Filter","FORD","5002530","https://www.oilfilter-crossreference.com/convert/MANN-FILTER/W712/8(10)"
"EL52810","W712/8(10)","Oil Filter","FORD","5003329","https://www.oilfilter-crossreference.com/convert/MANN-FILTER/W712/8(10)"
"EL52810","W712/8(10)","Oil Filter","FORD","5003331","https://www.oilfilter-crossreference.com/convert/MANN-FILTER/W712/8(10)"
"EL52810","W712/8(10)","Oil Filter","FORD","5003930","https://www.oilfilter-crossreference.com/convert/MANN-FILTER/W712/8(10)"
"EL52810","W712/8(10)","Oil Filter","FORD","5003968","https://www.oilfilter-crossreference.com/convert/MANN-FILTER/W712/8(10)"
"EL52810","W712/8(10)","Oil Filter","FORD","5004926","https://www.oilfilter-crossreference.com/convert/MANN-FILTER/W712/8(10)"
"EL52810","W712/8(10)","Oil Filter","FORD","5011780","https://www.oilfilter-crossreference.com/convert/MANN-FILTER/W712/8(10)"
"EL52810","W712/8(10)","Oil Filter","FORD","5011782","https://www.oilfilter-crossreference.com/convert/MANN-FILTER/W712/8(10)"
"EL52810","W712/8(10)","Oil Filter","FORD","5013143","https://www.oilfilter-crossreference.com/convert/MANN-FILTER/W712/8(10)"
"EL52810","W712/8(10)","Oil Filter","FORD","5013319","https://www.oilfilter-crossreference.com/convert/MANN-FILTER/W712/8(10)"
"EL52810","W712/8(10)","Oil Filter","FORD","6041176","https://www.oilfilter-crossreference.com/convert/MANN-FILTER/W712/8(10)"
"EL52810","W712/8(10)","Oil Filter","FORD","691M-6714A/A","https://www.oilfilter-crossreference.com/convert/MANN-FILTER/W712/8(10)"
"EL52810","W712/8(10)","Oil Filter","FORD","77BM-6714-AA","https://www.oilfilter-crossreference.com/convert/MANN-FILTER/W712/8(10)"
"EL52810","W712/8(10)","Oil Filter","FORD","77BM-6714-C1A","https://www.oilfilter-crossreference.com/convert/MANN-FILTER/W712/8(10)"
"EL52810","W712/8(10)","Oil Filter","FORD","A700X6714AA","https://www.oilfilter-crossreference.com/convert/MANN-FILTER/W712/8(10)"
"EL52810","W712/8(10)","Oil Filter","FORD","A760X6714KA","https://www.oilfilter-crossreference.com/convert/MANN-FILTER/W712/8(10)"
"EL52810","W712/8(10)","Oil Filter","FORD","D0RY-6731-A","https://www.oilfilter-crossreference.com/convert/MANN-FILTER/W712/8(10)"
"EL52810","W712/8(10)","Oil Filter","FORD","D1PJ-6714-AA","https://www.oilfilter-crossreference.com/convert/MANN-FILTER/W712/8(10)"
"EL52810","W712/8(10)","Oil Filter","FORD","D1PZ-6731-A","https://www.oilfilter-crossreference.com/convert/MANN-FILTER/W712/8(10)"
"EL52810","W712/8(10)","Oil Filter","GENERAL-MOTORS","19160691","https://www.oilfilter-crossreference.com/convert/MANN-FILTER/W712/8(10)"
"EL52810","W712/8(10)","Oil Filter","GENERAL-MOTORS","19160694","https://www.oilfilter-crossreference.com/convert/MANN-FILTER/W712/8(10)"
"EL52810","W712/8(10)","Oil Filter","GENERAL-MOTORS","2-866-477","https://www.oilfilter-crossreference.com/convert/MANN-FILTER/W712/8(10)"
"EL52810","W712/8(10)","Oil Filter","GENERAL-MOTORS","6438162","https://www.oilfilter-crossreference.com/convert/MANN-FILTER/W712/8(10)"
"EL52810","W712/8(10)","Oil Filter","GENERAL-MOTORS","6439109","https://www.oilfilter-crossreference.com/convert/MANN-FILTER/W712/8(10)"
"EL52810","W712/8(10)","Oil Filter","GENERAL-MOTORS","650352","https://www.oilfilter-crossreference.com/convert/MANN-FILTER/W712/8(10)"
"EL52810","W712/8(10)","Oil Filter","GENERAL-MOTORS","7965051","https://www.oilfilter-crossreference.com/convert/MANN-FILTER/W712/8(10)"
"EL52810","W712/8(10)","Oil Filter","GENERAL-MOTORS","7976051","https://www.oilfilter-crossreference.com/convert/MANN-FILTER/W712/8(10)"
"EL52810","W712/8(10)","Oil Filter","GENERAL-MOTORS","7984225","https://www.oilfilter-crossreference.com/convert/MANN-FILTER/W712/8(10)"
"EL52810","W712/8(10)","Oil Filter","GENERAL-MOTORS","7984256","https://www.oilfilter-crossreference.com/convert/MANN-FILTER/W712/8(10)"
"EL52810","W712/8(10)","Oil Filter","GENERAL-MOTORS","90027778","https://www.oilfilter-crossreference.com/convert/MANN-FILTER/W712/8(10)"
"EL52810","W712/8(10)","Oil Filter","GENERAL-MOTORS","93156299","https://www.oilfilter-crossreference.com/convert/MANN-FILTER/W712/8(10)"
"EL52810","W712/8(10)","Oil Filter","GENERAL-MOTORS","93156958","https://www.oilfilter-crossreference.com/convert/MANN-FILTER/W712/8(10)"
"EL52810","W712/8(10)","Oil Filter","MITSUBISHI","J3232126","https://www.oilfilter-crossreference.com/convert/MANN-FILTER/W712/8(10)"
"EL52810","W712/8(10)","Oil Filter","MITSUBISHI","J3250334","https://www.oilfilter-crossreference.com/convert/MANN-FILTER/W712/8(10)"
"EL52810","W712/8(10)","Oil Filter","MITSUBISHI","N152H1010","https://www.oilfilter-crossreference.com/convert/MANN-FILTER/W712/8(10)"
"EL52810","W712/8(10)","Oil Filter","NISSAN","15208-H1010","https://www.oilfilter-crossreference.com/convert/MANN-FILTER/W712/8(10)"
"EL52810","W712/8(10)","Oil Filter","NISSAN","15208-H1011","https://www.oilfilter-crossreference.com/convert/MANN-FILTER/W712/8(10)"
"EL52810","W712/8(10)","Oil Filter","OPEL","09281199","https://www.oilfilter-crossreference.com/convert/MANN-FILTER/W712/8(10)"
"EL52810","W712/8(10)","Oil Filter","OPEL","2-866-477","https://www.oilfilter-crossreference.com/convert/MANN-FILTER/W712/8(10)"
"EL52810","W712/8(10)","Oil Filter","OPEL","2866477/VP","https://www.oilfilter-crossreference.com/convert/MANN-FILTER/W712/8(10)"
"EL52810","W712/8(10)","Oil Filter","OPEL","2866477VP","https://www.oilfilter-crossreference.com/convert/MANN-FILTER/W712/8(10)"
"EL52810","W712/8(10)","Oil Filter","OPEL","650352","https://www.oilfilter-crossreference.com/convert/MANN-FILTER/W712/8(10)"
"EL52810","W712/8(10)","Oil Filter","OPEL","650364","https://www.oilfilter-crossreference.com/convert/MANN-FILTER/W712/8(10)"
"EL52810","W712/8(10)","Oil Filter","OPEL","650365","https://www.oilfilter-crossreference.com/convert/MANN-FILTER/W712/8(10)"
"EL52810","W712/8(10)","Oil Filter","OPEL","650370","https://www.oilfilter-crossreference.com/convert/MANN-FILTER/W712/8(10)"
"EL52810","W712/8(10)","Oil Filter","OPEL","650371","https://www.oilfilter-crossreference.com/convert/MANN-FILTER/W712/8(10)"
"EL52810","W712/8(10)","Oil Filter","OPEL","650373","https://www.oilfilter-crossreference.com/convert/MANN-FILTER/W712/8(10)"
"EL52810","W712/8(10)","Oil Filter","OPEL","650400","https://www.oilfilter-crossreference.com/convert/MANN-FILTER/W712/8(10)"
"EL52810","W712/8(10)","Oil Filter","OPEL","7976051","https://www.oilfilter-crossreference.com/convert/MANN-FILTER/W712/8(10)"
"EL52810","W712/8(10)","Oil Filter","OPEL","90027778","https://www.oilfilter-crossreference.com/convert/MANN-FILTER/W712/8(10)"
"EL52810","W712/8(10)","Oil Filter","OPEL","9281199","https://www.oilfilter-crossreference.com/convert/MANN-FILTER/W712/8(10)"
"EL52810","W712/8(10)","Oil Filter","OPEL","VOF136","https://www.oilfilter-crossreference.com/convert/MANN-FILTER/W712/8(10)"
"EL52810","W712/8(10)","Oil Filter","OE","OF-1055","https://www.oilfilter-crossreference.com/convert/MANN-FILTER/W712/8(10)"
"EL52810","W712/8(10)","Oil Filter","OE","OF-1065","https://www.oilfilter-crossreference.com/convert/MANN-FILTER/W712/8(10)"
"EL52810","W712/8(10)","Oil Filter","OE","OF-250","https://www.oilfilter-crossreference.com/convert/MANN-FILTER/W712/8(10)"
"EL52810","W712/8(10)","Oil Filter","PEUGEOT","1109C5","https://www.oilfilter-crossreference.com/convert/MANN-FILTER/W712/8(10)"
"EL52810","W712/8(10)","Oil Filter","VAUXHALL","650364","https://www.oilfilter-crossreference.com/convert/MANN-FILTER/W712/8(10)"
"EL52810","W712/8(10)","Oil Filter","VAUXHALL","650365","https://www.oilfilter-crossreference.com/convert/MANN-FILTER/W712/8(10)"
"EL52810","W712/8(10)","Oil Filter","VAUXHALL","6696776","https://www.oilfilter-crossreference.com/convert/MANN-FILTER/W712/8(10)"
"EL52810","W712/8(10)","Oil Filter","VAUXHALL","7884256","https://www.oilfilter-crossreference.com/convert/MANN-FILTER/W712/8(10)"
"EL52810","W712/8(10)","Oil Filter","VAUXHALL","7965051","https://www.oilfilter-crossreference.com/convert/MANN-FILTER/W712/8(10)"
"EL52810","W712/8(10)","Oil Filter","VAUXHALL","7973235","https://www.oilfilter-crossreference.com/convert/MANN-FILTER/W712/8(10)"
"EL52810","W712/8(10)","Oil Filter","VAUXHALL","7973429","https://www.oilfilter-crossreference.com/convert/MANN-FILTER/W712/8(10)"
"EL52810","W712/8(10)","Oil Filter","VAUXHALL","7984256","https://www.oilfilter-crossreference.com/convert/MANN-FILTER/W712/8(10)"
"EL52810","W712/8(10)","Oil Filter","VAUXHALL","90027778","https://www.oilfilter-crossreference.com/convert/MANN-FILTER/W712/8(10)"
"EL52810","W712/8(10)","Oil Filter","VAUXHALL","93156299","https://www.oilfilter-crossreference.com/convert/MANN-FILTER/W712/8(10)"
"EL52810","W712/8(10)","Oil Filter","VAUXHALL","VOF136","https://www.oilfilter-crossreference.com/convert/MANN-FILTER/W712/8(10)"
"EL52810","W712/8(10)","Oil Filter","VW","034 115 561A","https://www.oilfilter-crossreference.com/convert/MANN-FILTER/W712/8(10)"
"EL52810","W712/8(10)","Oil Filter","VW","035 115 561","https://www.oilfilter-crossreference.com/convert/MANN-FILTER/W712/8(10)"
"EL52810","W712/8(10)","Oil Filter","VW","037 115 561","https://www.oilfilter-crossreference.com/convert/MANN-FILTER/W712/8(10)"
"EL52810","W712/8(10)","Oil Filter","VW","056 115 561","https://www.oilfilter-crossreference.com/convert/MANN-FILTER/W712/8(10)"
"EL52810","W712/8(10)","Oil Filter","VW","056 115 561A","https://www.oilfilter-crossreference.com/convert/MANN-FILTER/W712/8(10)"
"EL52810","W712/8(10)","Oil Filter","VW","056 115 561B","https://www.oilfilter-crossreference.com/convert/MANN-FILTER/W712/8(10)"
"EL52810","W712/8(10)","Oil Filter","VW","056 115 561C","https://www.oilfilter-crossreference.com/convert/MANN-FILTER/W712/8(10)"
"EL52810","W712/8(10)","Oil Filter","VW","056 115 561G","https://www.oilfilter-crossreference.com/convert/MANN-FILTER/W712/8(10)"
"EL52810","W712/8(10)","Oil Filter","VW","059 115 561A","https://www.oilfilter-crossreference.com/convert/MANN-FILTER/W712/8(10)"
"EL52810","W712/8(10)","Oil Filter","VW","059 115 561B","https://www.oilfilter-crossreference.com/convert/MANN-FILTER/W712/8(10)"
"EL52810","W712/8(10)","Oil Filter","VW","059 115 561C","https://www.oilfilter-crossreference.com/convert/MANN-FILTER/W712/8(10)"
"EL52810","W712/8(10)","Oil Filter","VW","06A 115 561","https://www.oilfilter-crossreference.com/convert/MANN-FILTER/W712/8(10)"
"EL52810","W712/8(10)","Oil Filter","VW","06A 115 561B","https://www.oilfilter-crossreference.com/convert/MANN-FILTER/W712/8(10)"
"EL52810","W712/8(10)","Oil Filter","VW","070 115 561","https://www.oilfilter-crossreference.com/convert/MANN-FILTER/W712/8(10)"
"EL52810","W712/8(10)","Oil Filter","VW","931 107 701 00","https://www.oilfilter-crossreference.com/convert/MANN-FILTER/W712/8(10)"
"EL51281","W712/81","Oil Filter","BMW","11 42 1 266 773","https://www.oilfilter-crossreference.com/convert/MANN-FILTER/W712/81"
"EL51281","W712/81","Oil Filter","BMW","11 42 9 061 198","https://www.oilfilter-crossreference.com/convert/MANN-FILTER/W712/81"
"EL51281","W712/81","Oil Filter","CHRYSLER","3232126","https://www.oilfilter-crossreference.com/convert/MANN-FILTER/W712/81"
"EL51281","W712/81","Oil Filter","CHRYSLER","3250334","https://www.oilfilter-crossreference.com/convert/MANN-FILTER/W712/81"
"EL51281","W712/81","Oil Filter","CHRYSLER","5203217","https://www.oilfilter-crossreference.com/convert/MANN-FILTER/W712/81"
"EL51281","W712/81","Oil Filter","CHRYSLER","72674028","https://www.oilfilter-crossreference.com/convert/MANN-FILTER/W712/81"
"EL51281","W712/81","Oil Filter","CHRYSLER","8127168","https://www.oilfilter-crossreference.com/convert/MANN-FILTER/W712/81"
"EL51281","W712/81","Oil Filter","CHRYSLER","J3232126","https://www.oilfilter-crossreference.com/convert/MANN-FILTER/W712/81"
"EL51281","W712/81","Oil Filter","CHRYSLER","J3250334","https://www.oilfilter-crossreference.com/convert/MANN-FILTER/W712/81"
"EL51281","W712/81","Oil Filter","CHRYSLER","J8127168","https://www.oilfilter-crossreference.com/convert/MANN-FILTER/W712/81"
"EL51281","W712/81","Oil Filter","CITROEN","MLS000-155","https://www.oilfilter-crossreference.com/convert/MANN-FILTER/W712/81"
"EL51281","W712/81","Oil Filter","CITROEN","MLS000155","https://www.oilfilter-crossreference.com/convert/MANN-FILTER/W712/81"
"EL51281","W712/81","Oil Filter","FORD","1457512","https://www.oilfilter-crossreference.com/convert/MANN-FILTER/W712/81"
"EL51281","W712/81","Oil Filter","FORD","1462805","https://www.oilfilter-crossreference.com/convert/MANN-FILTER/W712/81"
"EL51281","W712/81","Oil Filter","FORD","1498014","https://www.oilfilter-crossreference.com/convert/MANN-FILTER/W712/81"
"EL51281","W712/81","Oil Filter","FORD","1536304","https://www.oilfilter-crossreference.com/convert/MANN-FILTER/W712/81"
"EL51281","W712/81","Oil Filter","FORD","1553370","https://www.oilfilter-crossreference.com/convert/MANN-FILTER/W712/81"
"EL51281","W712/81","Oil Filter","FORD","1555370","https://www.oilfilter-crossreference.com/convert/MANN-FILTER/W712/81"
"EL51281","W712/81","Oil Filter","FORD","1559937","https://www.oilfilter-crossreference.com/convert/MANN-FILTER/W712/81"
"EL51281","W712/81","Oil Filter","FORD","2735E-6714-B","https://www.oilfilter-crossreference.com/convert/MANN-FILTER/W712/81"
"EL51281","W712/81","Oil Filter","FORD","5002530","https://www.oilfilter-crossreference.com/convert/MANN-FILTER/W712/81"
"EL51281","W712/81","Oil Filter","FORD","5003329","https://www.oilfilter-crossreference.com/convert/MANN-FILTER/W712/81"
"EL51281","W712/81","Oil Filter","FORD","5003331","https://www.oilfilter-crossreference.com/convert/MANN-FILTER/W712/81"
"EL51281","W712/81","Oil Filter","FORD","5003930","https://www.oilfilter-crossreference.com/convert/MANN-FILTER/W712/81"
"EL51281","W712/81","Oil Filter","FORD","5003968","https://www.oilfilter-crossreference.com/convert/MANN-FILTER/W712/81"
"EL51281","W712/81","Oil Filter","FORD","5004926","https://www.oilfilter-crossreference.com/convert/MANN-FILTER/W712/81"
"EL51281","W712/81","Oil Filter","FORD","5011780","https://www.oilfilter-crossreference.com/convert/MANN-FILTER/W712/81"
"EL51281","W712/81","Oil Filter","FORD","5011782","https://www.oilfilter-crossreference.com/convert/MANN-FILTER/W712/81"
"EL51281","W712/81","Oil Filter","FORD","5013143","https://www.oilfilter-crossreference.com/convert/MANN-FILTER/W712/81"
"EL51281","W712/81","Oil Filter","FORD","5013319","https://www.oilfilter-crossreference.com/convert/MANN-FILTER/W712/81"
"EL51281","W712/81","Oil Filter","FORD","6041176","https://www.oilfilter-crossreference.com/convert/MANN-FILTER/W712/81"
"EL51281","W712/81","Oil Filter","FORD","691M-6714A/A","https://www.oilfilter-crossreference.com/convert/MANN-FILTER/W712/81"
"EL51281","W712/81","Oil Filter","FORD","77BM-6714-AA","https://www.oilfilter-crossreference.com/convert/MANN-FILTER/W712/81"
"EL51281","W712/81","Oil Filter","FORD","77BM-6714-C1A","https://www.oilfilter-crossreference.com/convert/MANN-FILTER/W712/81"
"EL51281","W712/81","Oil Filter","FORD","A700X6714AA","https://www.oilfilter-crossreference.com/convert/MANN-FILTER/W712/81"
"EL51281","W712/81","Oil Filter","FORD","A760X6714KA","https://www.oilfilter-crossreference.com/convert/MANN-FILTER/W712/81"
"EL51281","W712/81","Oil Filter","FORD","D0RY-6731-A","https://www.oilfilter-crossreference.com/convert/MANN-FILTER/W712/81"
"EL51281","W712/81","Oil Filter","FORD","D1PJ-6714-AA","https://www.oilfilter-crossreference.com/convert/MANN-FILTER/W712/81"
"EL51281","W712/81","Oil Filter","FORD","D1PZ-6731-A","https://www.oilfilter-crossreference.com/convert/MANN-FILTER/W712/81"
"EL51281","W712/81","Oil Filter","GENERAL-MOTORS","19160691","https://www.oilfilter-crossreference.com/convert/MANN-FILTER/W712/81"
"EL51281","W712/81","Oil Filter","GENERAL-MOTORS","19160694","https://www.oilfilter-crossreference.com/convert/MANN-FILTER/W712/81"
"EL51281","W712/81","Oil Filter","GENERAL-MOTORS","2-866-477","https://www.oilfilter-crossreference.com/convert/MANN-FILTER/W712/81"
"EL51281","W712/81","Oil Filter","GENERAL-MOTORS","6438162","https://www.oilfilter-crossreference.com/convert/MANN-FILTER/W712/81"
"EL51281","W712/81","Oil Filter","GENERAL-MOTORS","6439109","https://www.oilfilter-crossreference.com/convert/MANN-FILTER/W712/81"
"EL51281","W712/81","Oil Filter","GENERAL-MOTORS","650352","https://www.oilfilter-crossreference.com/convert/MANN-FILTER/W712/81"
"EL51281","W712/81","Oil Filter","GENERAL-MOTORS","7965051","https://www.oilfilter-crossreference.com/convert/MANN-FILTER/W712/81"
"EL51281","W712/81","Oil Filter","GENERAL-MOTORS","7976051","https://www.oilfilter-crossreference.com/convert/MANN-FILTER/W712/81"
"EL51281","W712/81","Oil Filter","GENERAL-MOTORS","7984225","https://www.oilfilter-crossreference.com/convert/MANN-FILTER/W712/81"
"EL51281","W712/81","Oil Filter","GENERAL-MOTORS","7984256","https://www.oilfilter-crossreference.com/convert/MANN-FILTER/W712/81"
"EL51281","W712/81","Oil Filter","GENERAL-MOTORS","90027778","https://www.oilfilter-crossreference.com/convert/MANN-FILTER/W712/81"
"EL51281","W712/81","Oil Filter","GENERAL-MOTORS","93156299","https://www.oilfilter-crossreference.com/convert/MANN-FILTER/W712/81"
"EL51281","W712/81","Oil Filter","GENERAL-MOTORS","93156958","https://www.oilfilter-crossreference.com/convert/MANN-FILTER/W712/81"
"EL51281","W712/81","Oil Filter","MITSUBISHI","J3232126","https://www.oilfilter-crossreference.com/convert/MANN-FILTER/W712/81"
"EL51281","W712/81","Oil Filter","MITSUBISHI","J3250334","https://www.oilfilter-crossreference.com/convert/MANN-FILTER/W712/81"
"EL51281","W712/81","Oil Filter","MITSUBISHI","N152H1010","https://www.oilfilter-crossreference.com/convert/MANN-FILTER/W712/81"
"EL51281","W712/81","Oil Filter","NISSAN","15208-H1010","https://www.oilfilter-crossreference.com/convert/MANN-FILTER/W712/81"
"EL51281","W712/81","Oil Filter","NISSAN","15208-H1011","https://www.oilfilter-crossreference.com/convert/MANN-FILTER/W712/81"
"EL51281","W712/81","Oil Filter","OPEL","09281199","https://www.oilfilter-crossreference.com/convert/MANN-FILTER/W712/81"
"EL51281","W712/81","Oil Filter","OPEL","2-866-477","https://www.oilfilter-crossreference.com/convert/MANN-FILTER/W712/81"
"EL51281","W712/81","Oil Filter","OPEL","2866477/VP","https://www.oilfilter-crossreference.com/convert/MANN-FILTER/W712/81"
"EL51281","W712/81","Oil Filter","OPEL","2866477VP","https://www.oilfilter-crossreference.com/convert/MANN-FILTER/W712/81"
"EL51281","W712/81","Oil Filter","OPEL","650352","https://www.oilfilter-crossreference.com/convert/MANN-FILTER/W712/81"
"EL51281","W712/81","Oil Filter","OPEL","650364","https://www.oilfilter-crossreference.com/convert/MANN-FILTER/W712/81"
"EL51281","W712/81","Oil Filter","OPEL","650365","https://www.oilfilter-crossreference.com/convert/MANN-FILTER/W712/81"
"EL51281","W712/81","Oil Filter","OPEL","650370","https://www.oilfilter-crossreference.com/convert/MANN-FILTER/W712/81"
"EL51281","W712/81","Oil Filter","OPEL","650371","https://www.oilfilter-crossreference.com/convert/MANN-FILTER/W712/81"
"EL51281","W712/81","Oil Filter","OPEL","650373","https://www.oilfilter-crossreference.com/convert/MANN-FILTER/W712/81"
"EL51281","W712/81","Oil Filter","OPEL","650400","https://www.oilfilter-crossreference.com/convert/MANN-FILTER/W712/81"
"EL51281","W712/81","Oil Filter","OPEL","7976051","https://www.oilfilter-crossreference.com/convert/MANN-FILTER/W712/81"
"EL51281","W712/81","Oil Filter","OPEL","90027778","https://www.oilfilter-crossreference.com/convert/MANN-FILTER/W712/81"
"EL51281","W712/81","Oil Filter","OPEL","9281199","https://www.oilfilter-crossreference.com/convert/MANN-FILTER/W712/81"
"EL51281","W712/81","Oil Filter","OPEL","VOF136","https://www.oilfilter-crossreference.com/convert/MANN-FILTER/W712/81"
"EL51281","W712/81","Oil Filter","OE","OF-1055","https://www.oilfilter-crossreference.com/convert/MANN-FILTER/W712/81"
"EL51281","W712/81","Oil Filter","OE","OF-1065","https://www.oilfilter-crossreference.com/convert/MANN-FILTER/W712/81"
"EL51281","W712/81","Oil Filter","OE","OF-250","https://www.oilfilter-crossreference.com/convert/MANN-FILTER/W712/81"
"EL51281","W712/81","Oil Filter","PEUGEOT","1109C5","https://www.oilfilter-crossreference.com/convert/MANN-FILTER/W712/81"
"EL51281","W712/81","Oil Filter","VAUXHALL","650364","https://www.oilfilter-crossreference.com/convert/MANN-FILTER/W712/81"
"EL51281","W712/81","Oil Filter","VAUXHALL","650365","https://www.oilfilter-crossreference.com/convert/MANN-FILTER/W712/81"
"EL51281","W712/81","Oil Filter","VAUXHALL","6696776","https://www.oilfilter-crossreference.com/convert/MANN-FILTER/W712/81"
"EL51281","W712/81","Oil Filter","VAUXHALL","7884256","https://www.oilfilter-crossreference.com/convert/MANN-FILTER/W712/81"
"EL51281","W712/81","Oil Filter","VAUXHALL","7965051","https://www.oilfilter-crossreference.com/convert/MANN-FILTER/W712/81"
"EL51281","W712/81","Oil Filter","VAUXHALL","7973235","https://www.oilfilter-crossreference.com/convert/MANN-FILTER/W712/81"
"EL51281","W712/81","Oil Filter","VAUXHALL","7973429","https://www.oilfilter-crossreference.com/convert/MANN-FILTER/W712/81"
"EL51281","W712/81","Oil Filter","VAUXHALL","7984256","https://www.oilfilter-crossreference.com/convert/MANN-FILTER/W712/81"
"EL51281","W712/81","Oil Filter","VAUXHALL","90027778","https://www.oilfilter-crossreference.com/convert/MANN-FILTER/W712/81"
"EL51281","W712/81","Oil Filter","VAUXHALL","93156299","https://www.oilfilter-crossreference.com/convert/MANN-FILTER/W712/81"
"EL51281","W712/81","Oil Filter","VAUXHALL","VOF136","https://www.oilfilter-crossreference.com/convert/MANN-FILTER/W712/81"
"EL51281","W712/81","Oil Filter","VW","034 115 561A","https://www.oilfilter-crossreference.com/convert/MANN-FILTER/W712/81"
"EL51281","W712/81","Oil Filter","VW","035 115 561","https://www.oilfilter-crossreference.com/convert/MANN-FILTER/W712/81"
"EL51281","W712/81","Oil Filter","VW","037 115 561","https://www.oilfilter-crossreference.com/convert/MANN-FILTER/W712/81"
"EL51281","W712/81","Oil Filter","VW","056 115 561","https://www.oilfilter-crossreference.com/convert/MANN-FILTER/W712/81"
"EL51281","W712/81","Oil Filter","VW","056 115 561A","https://www.oilfilter-crossreference.com/convert/MANN-FILTER/W712/81"
"EL51281","W712/81","Oil Filter","VW","056 115 561B","https://www.oilfilter-crossreference.com/convert/MANN-FILTER/W712/81"
"EL51281","W712/81","Oil Filter","VW","056 115 561C","https://www.oilfilter-crossreference.com/convert/MANN-FILTER/W712/81"
"EL51281","W712/81","Oil Filter","VW","056 115 561G","https://www.oilfilter-crossreference.com/convert/MANN-FILTER/W712/81"
"EL51281","W712/81","Oil Filter","VW","059 115 561A","https://www.oilfilter-crossreference.com/convert/MANN-FILTER/W712/81"
"EL51281","W712/81","Oil Filter","VW","059 115 561B","https://www.oilfilter-crossreference.com/convert/MANN-FILTER/W712/81"
"EL51281","W712/81","Oil Filter","VW","059 115 561C","https://www.oilfilter-crossreference.com/convert/MANN-FILTER/W712/81"
"EL51281","W712/81","Oil Filter","VW","06A 115 561","https://www.oilfilter-crossreference.com/convert/MANN-FILTER/W712/81"
"EL51281","W712/81","Oil Filter","VW","06A 115 561B","https://www.oilfilter-crossreference.com/convert/MANN-FILTER/W712/81"
"EL51281","W712/81","Oil Filter","VW","070 115 561","https://www.oilfilter-crossreference.com/convert/MANN-FILTER/W712/81"
"EL51281","W712/81","Oil Filter","VW","931 107 701 00","https://www.oilfilter-crossreference.com/convert/MANN-FILTER/W712/81"
"EL51283","W712/83M","Oil Filter","BMW","11 42 1 266 773","https://www.oilfilter-crossreference.com/convert/MANN-FILTER/W712/83M"
"EL51283","W712/83M","Oil Filter","BMW","11 42 9 061 198","https://www.oilfilter-crossreference.com/convert/MANN-FILTER/W712/83M"
"EL51283","W712/83M","Oil Filter","CHRYSLER","3232126","https://www.oilfilter-crossreference.com/convert/MANN-FILTER/W712/83M"
"EL51283","W712/83M","Oil Filter","CHRYSLER","3250334","https://www.oilfilter-crossreference.com/convert/MANN-FILTER/W712/83M"
"EL51283","W712/83M","Oil Filter","CHRYSLER","5203217","https://www.oilfilter-crossreference.com/convert/MANN-FILTER/W712/83M"
"EL51283","W712/83M","Oil Filter","CHRYSLER","72674028","https://www.oilfilter-crossreference.com/convert/MANN-FILTER/W712/83M"
"EL51283","W712/83M","Oil Filter","CHRYSLER","8127168","https://www.oilfilter-crossreference.com/convert/MANN-FILTER/W712/83M"
"EL51283","W712/83M","Oil Filter","CHRYSLER","J3232126","https://www.oilfilter-crossreference.com/convert/MANN-FILTER/W712/83M"
"EL51283","W712/83M","Oil Filter","CHRYSLER","J3250334","https://www.oilfilter-crossreference.com/convert/MANN-FILTER/W712/83M"
"EL51283","W712/83M","Oil Filter","CHRYSLER","J8127168","https://www.oilfilter-crossreference.com/convert/MANN-FILTER/W712/83M"
"EL51283","W712/83M","Oil Filter","CITROEN","MLS000-155","https://www.oilfilter-crossreference.com/convert/MANN-FILTER/W712/83M"
"EL51283","W712/83M","Oil Filter","CITROEN","MLS000155","https://www.oilfilter-crossreference.com/convert/MANN-FILTER/W712/83M"
"EL51283","W712/83M","Oil Filter","FORD","1457512","https://www.oilfilter-crossreference.com/convert/MANN-FILTER/W712/83M"
"EL51283","W712/83M","Oil Filter","FORD","1462805","https://www.oilfilter-crossreference.com/convert/MANN-FILTER/W712/83M"
"EL51283","W712/83M","Oil Filter","FORD","1498014","https://www.oilfilter-crossreference.com/convert/MANN-FILTER/W712/83M"
"EL51283","W712/83M","Oil Filter","FORD","1536304","https://www.oilfilter-crossreference.com/convert/MANN-FILTER/W712/83M"
"EL51283","W712/83M","Oil Filter","FORD","1553370","https://www.oilfilter-crossreference.com/convert/MANN-FILTER/W712/83M"
"EL51283","W712/83M","Oil Filter","FORD","1555370","https://www.oilfilter-crossreference.com/convert/MANN-FILTER/W712/83M"
"EL51283","W712/83M","Oil Filter","FORD","1559937","https://www.oilfilter-crossreference.com/convert/MANN-FILTER/W712/83M"
"EL51283","W712/83M","Oil Filter","FORD","2735E-6714-B","https://www.oilfilter-crossreference.com/convert/MANN-FILTER/W712/83M"
"EL51283","W712/83M","Oil Filter","FORD","5002530","https://www.oilfilter-crossreference.com/convert/MANN-FILTER/W712/83M"
"EL51283","W712/83M","Oil Filter","FORD","5003329","https://www.oilfilter-crossreference.com/convert/MANN-FILTER/W712/83M"
"EL51283","W712/83M","Oil Filter","FORD","5003331","https://www.oilfilter-crossreference.com/convert/MANN-FILTER/W712/83M"
"EL51283","W712/83M","Oil Filter","FORD","5003930","https://www.oilfilter-crossreference.com/convert/MANN-FILTER/W712/83M"
"EL51283","W712/83M","Oil Filter","FORD","5003968","https://www.oilfilter-crossreference.com/convert/MANN-FILTER/W712/83M"
"EL51283","W712/83M","Oil Filter","FORD","5004926","https://www.oilfilter-crossreference.com/convert/MANN-FILTER/W712/83M"
"EL51283","W712/83M","Oil Filter","FORD","5011780","https://www.oilfilter-crossreference.com/convert/MANN-FILTER/W712/83M"
"EL51283","W712/83M","Oil Filter","FORD","5011782","https://www.oilfilter-crossreference.com/convert/MANN-FILTER/W712/83M"
"EL51283","W712/83M","Oil Filter","FORD","5013143","https://www.oilfilter-crossreference.com/convert/MANN-FILTER/W712/83M"
"EL51283","W712/83M","Oil Filter","FORD","5013319","https://www.oilfilter-crossreference.com/convert/MANN-FILTER/W712/83M"
"EL51283","W712/83M","Oil Filter","FORD","6041176","https://www.oilfilter-crossreference.com/convert/MANN-FILTER/W712/83M"
"EL51283","W712/83M","Oil Filter","FORD","691M-6714A/A","https://www.oilfilter-crossreference.com/convert/MANN-FILTER/W712/83M"
"EL51283","W712/83M","Oil Filter","FORD","77BM-6714-AA","https://www.oilfilter-crossreference.com/convert/MANN-FILTER/W712/83M"
"EL51283","W712/83M","Oil Filter","FORD","77BM-6714-C1A","https://www.oilfilter-crossreference.com/convert/MANN-FILTER/W712/83M"
"EL51283","W712/83M","Oil Filter","FORD","A700X6714AA","https://www.oilfilter-crossreference.com/convert/MANN-FILTER/W712/83M"
"EL51283","W712/83M","Oil Filter","FORD","A760X6714KA","https://www.oilfilter-crossreference.com/convert/MANN-FILTER/W712/83M"
"EL51283","W712/83M","Oil Filter","FORD","D0RY-6731-A","https://www.oilfilter-crossreference.com/convert/MANN-FILTER/W712/83M"
"EL51283","W712/83M","Oil Filter","FORD","D1PJ-6714-AA","https://www.oilfilter-crossreference.com/convert/MANN-FILTER/W712/83M"
"EL51283","W712/83M","Oil Filter","FORD","D1PZ-6731-A","https://www.oilfilter-crossreference.com/convert/MANN-FILTER/W712/83M"
"EL51283","W712/83M","Oil Filter","GENERAL-MOTORS","19160691","https://www.oilfilter-crossreference.com/convert/MANN-FILTER/W712/83M"
"EL51283","W712/83M","Oil Filter","GENERAL-MOTORS","19160694","https://www.oilfilter-crossreference.com/convert/MANN-FILTER/W712/83M"
"EL51283","W712/83M","Oil Filter","GENERAL-MOTORS","2-866-477","https://www.oilfilter-crossreference.com/convert/MANN-FILTER/W712/83M"
"EL51283","W712/83M","Oil Filter","GENERAL-MOTORS","6438162","https://www.oilfilter-crossreference.com/convert/MANN-FILTER/W712/83M"
"EL51283","W712/83M","Oil Filter","GENERAL-MOTORS","6439109","https://www.oilfilter-crossreference.com/convert/MANN-FILTER/W712/83M"
"EL51283","W712/83M","Oil Filter","GENERAL-MOTORS","650352","https://www.oilfilter-crossreference.com/convert/MANN-FILTER/W712/83M"
"EL51283","W712/83M","Oil Filter","GENERAL-MOTORS","7965051","https://www.oilfilter-crossreference.com/convert/MANN-FILTER/W712/83M"
"EL51283","W712/83M","Oil Filter","GENERAL-MOTORS","7976051","https://www.oilfilter-crossreference.com/convert/MANN-FILTER/W712/83M"
"EL51283","W712/83M","Oil Filter","GENERAL-MOTORS","7984225","https://www.oilfilter-crossreference.com/convert/MANN-FILTER/W712/83M"
"EL51283","W712/83M","Oil Filter","GENERAL-MOTORS","7984256","https://www.oilfilter-crossreference.com/convert/MANN-FILTER/W712/83M"
"EL51283","W712/83M","Oil Filter","GENERAL-MOTORS","90027778","https://www.oilfilter-crossreference.com/convert/MANN-FILTER/W712/83M"
"EL51283","W712/83M","Oil Filter","GENERAL-MOTORS","93156299","https://www.oilfilter-crossreference.com/convert/MANN-FILTER/W712/83M"
"EL51283","W712/83M","Oil Filter","GENERAL-MOTORS","93156958","https://www.oilfilter-crossreference.com/convert/MANN-FILTER/W712/83M"
"EL51283","W712/83M","Oil Filter","MITSUBISHI","J3232126","https://www.oilfilter-crossreference.com/convert/MANN-FILTER/W712/83M"
"EL51283","W712/83M","Oil Filter","MITSUBISHI","J3250334","https://www.oilfilter-crossreference.com/convert/MANN-FILTER/W712/83M"
"EL51283","W712/83M","Oil Filter","MITSUBISHI","N152H1010","https://www.oilfilter-crossreference.com/convert/MANN-FILTER/W712/83M"
"EL51283","W712/83M","Oil Filter","NISSAN","15208-H1010","https://www.oilfilter-crossreference.com/convert/MANN-FILTER/W712/83M"
"EL51283","W712/83M","Oil Filter","NISSAN","15208-H1011","https://www.oilfilter-crossreference.com/convert/MANN-FILTER/W712/83M"
"EL51283","W712/83M","Oil Filter","OPEL","09281199","https://www.oilfilter-crossreference.com/convert/MANN-FILTER/W712/83M"
"EL51283","W712/83M","Oil Filter","OPEL","2-866-477","https://www.oilfilter-crossreference.com/convert/MANN-FILTER/W712/83M"
"EL51283","W712/83M","Oil Filter","OPEL","2866477/VP","https://www.oilfilter-crossreference.com/convert/MANN-FILTER/W712/83M"
"EL51283","W712/83M","Oil Filter","OPEL","2866477VP","https://www.oilfilter-crossreference.com/convert/MANN-FILTER/W712/83M"
"EL51283","W712/83M","Oil Filter","OPEL","650352","https://www.oilfilter-crossreference.com/convert/MANN-FILTER/W712/83M"
"EL51283","W712/83M","Oil Filter","OPEL","650364","https://www.oilfilter-crossreference.com/convert/MANN-FILTER/W712/83M"
"EL51283","W712/83M","Oil Filter","OPEL","650365","https://www.oilfilter-crossreference.com/convert/MANN-FILTER/W712/83M"
"EL51283","W712/83M","Oil Filter","OPEL","650370","https://www.oilfilter-crossreference.com/convert/MANN-FILTER/W712/83M"
"EL51283","W712/83M","Oil Filter","OPEL","650371","https://www.oilfilter-crossreference.com/convert/MANN-FILTER/W712/83M"
"EL51283","W712/83M","Oil Filter","OPEL","650373","https://www.oilfilter-crossreference.com/convert/MANN-FILTER/W712/83M"
"EL51283","W712/83M","Oil Filter","OPEL","650400","https://www.oilfilter-crossreference.com/convert/MANN-FILTER/W712/83M"
"EL51283","W712/83M","Oil Filter","OPEL","7976051","https://www.oilfilter-crossreference.com/convert/MANN-FILTER/W712/83M"
"EL51283","W712/83M","Oil Filter","OPEL","90027778","https://www.oilfilter-crossreference.com/convert/MANN-FILTER/W712/83M"
"EL51283","W712/83M","Oil Filter","OPEL","9281199","https://www.oilfilter-crossreference.com/convert/MANN-FILTER/W712/83M"
"EL51283","W712/83M","Oil Filter","OPEL","VOF136","https://www.oilfilter-crossreference.com/convert/MANN-FILTER/W712/83M"
"EL51283","W712/83M","Oil Filter","OE","OF-1055","https://www.oilfilter-crossreference.com/convert/MANN-FILTER/W712/83M"
"EL51283","W712/83M","Oil Filter","OE","OF-1065","https://www.oilfilter-crossreference.com/convert/MANN-FILTER/W712/83M"
"EL51283","W712/83M","Oil Filter","OE","OF-250","https://www.oilfilter-crossreference.com/convert/MANN-FILTER/W712/83M"
"EL51283","W712/83M","Oil Filter","PEUGEOT","1109C5","https://www.oilfilter-crossreference.com/convert/MANN-FILTER/W712/83M"
"EL51283","W712/83M","Oil Filter","VAUXHALL","650364","https://www.oilfilter-crossreference.com/convert/MANN-FILTER/W712/83M"
"EL51283","W712/83M","Oil Filter","VAUXHALL","650365","https://www.oilfilter-crossreference.com/convert/MANN-FILTER/W712/83M"
"EL51283","W712/83M","Oil Filter","VAUXHALL","6696776","https://www.oilfilter-crossreference.com/convert/MANN-FILTER/W712/83M"
"EL51283","W712/83M","Oil Filter","VAUXHALL","7884256","https://www.oilfilter-crossreference.com/convert/MANN-FILTER/W712/83M"
"EL51283","W712/83M","Oil Filter","VAUXHALL","7965051","https://www.oilfilter-crossreference.com/convert/MANN-FILTER/W712/83M"
"EL51283","W712/83M","Oil Filter","VAUXHALL","7973235","https://www.oilfilter-crossreference.com/convert/MANN-FILTER/W712/83M"
"EL51283","W712/83M","Oil Filter","VAUXHALL","7973429","https://www.oilfilter-crossreference.com/convert/MANN-FILTER/W712/83M"
"EL51283","W712/83M","Oil Filter","VAUXHALL","7984256","https://www.oilfilter-crossreference.com/convert/MANN-FILTER/W712/83M"
"EL51283","W712/83M","Oil Filter","VAUXHALL","90027778","https://www.oilfilter-crossreference.com/convert/MANN-FILTER/W712/83M"
"EL51283","W712/83M","Oil Filter","VAUXHALL","93156299","https://www.oilfilter-crossreference.com/convert/MANN-FILTER/W712/83M"
"EL51283","W712/83M","Oil Filter","VAUXHALL","VOF136","https://www.oilfilter-crossreference.com/convert/MANN-FILTER/W712/83M"
"EL51283","W712/83M","Oil Filter","VW","034 115 561A","https://www.oilfilter-crossreference.com/convert/MANN-FILTER/W712/83M"
"EL51283","W712/83M","Oil Filter","VW","035 115 561","https://www.oilfilter-crossreference.com/convert/MANN-FILTER/W712/83M"
"EL51283","W712/83M","Oil Filter","VW","037 115 561","https://www.oilfilter-crossreference.com/convert/MANN-FILTER/W712/83M"
"EL51283","W712/83M","Oil Filter","VW","056 115 561","https://www.oilfilter-crossreference.com/convert/MANN-FILTER/W712/83M"
"EL51283","W712/83M","Oil Filter","VW","056 115 561A","https://www.oilfilter-crossreference.com/convert/MANN-FILTER/W712/83M"
"EL51283","W712/83M","Oil Filter","VW","056 115 561B","https://www.oilfilter-crossreference.com/convert/MANN-FILTER/W712/83M"
"EL51283","W712/83M","Oil Filter","VW","056 115 561C","https://www.oilfilter-crossreference.com/convert/MANN-FILTER/W712/83M"
"EL51283","W712/83M","Oil Filter","VW","056 115 561G","https://www.oilfilter-crossreference.com/convert/MANN-FILTER/W712/83M"
"EL51283","W712/83M","Oil Filter","VW","059 115 561A","https://www.oilfilter-crossreference.com/convert/MANN-FILTER/W712/83M"
"EL51283","W712/83M","Oil Filter","VW","059 115 561B","https://www.oilfilter-crossreference.com/convert/MANN-FILTER/W712/83M"
"EL51283","W712/83M","Oil Filter","VW","059 115 561C","https://www.oilfilter-crossreference.com/convert/MANN-FILTER/W712/83M"
"EL51283","W712/83M","Oil Filter","VW","06A 115 561","https://www.oilfilter-crossreference.com/convert/MANN-FILTER/W712/83M"
"EL51283","W712/83M","Oil Filter","VW","06A 115 561B","https://www.oilfilter-crossreference.com/convert/MANN-FILTER/W712/83M"
"EL51283","W712/83M","Oil Filter","VW","070 115 561","https://www.oilfilter-crossreference.com/convert/MANN-FILTER/W712/83M"
"EL51283","W712/83M","Oil Filter","VW","931 107 701 00","https://www.oilfilter-crossreference.com/convert/MANN-FILTER/W712/83M"
"EL51290","W712/90M","Oil Filter","BMW","11 42 1 266 773","https://www.oilfilter-crossreference.com/convert/MANN-FILTER/W712/90M"
"EL51290","W712/90M","Oil Filter","BMW","11 42 9 061 198","https://www.oilfilter-crossreference.com/convert/MANN-FILTER/W712/90M"
"EL51290","W712/90M","Oil Filter","CHRYSLER","3232126","https://www.oilfilter-crossreference.com/convert/MANN-FILTER/W712/90M"
"EL51290","W712/90M","Oil Filter","CHRYSLER","3250334","https://www.oilfilter-crossreference.com/convert/MANN-FILTER/W712/90M"
"EL51290","W712/90M","Oil Filter","CHRYSLER","5203217","https://www.oilfilter-crossreference.com/convert/MANN-FILTER/W712/90M"
"EL51290","W712/90M","Oil Filter","CHRYSLER","72674028","https://www.oilfilter-crossreference.com/convert/MANN-FILTER/W712/90M"
"EL51290","W712/90M","Oil Filter","CHRYSLER","8127168","https://www.oilfilter-crossreference.com/convert/MANN-FILTER/W712/90M"
"EL51290","W712/90M","Oil Filter","CHRYSLER","J3232126","https://www.oilfilter-crossreference.com/convert/MANN-FILTER/W712/90M"
"EL51290","W712/90M","Oil Filter","CHRYSLER","J3250334","https://www.oilfilter-crossreference.com/convert/MANN-FILTER/W712/90M"
"EL51290","W712/90M","Oil Filter","CHRYSLER","J8127168","https://www.oilfilter-crossreference.com/convert/MANN-FILTER/W712/90M"
"EL51290","W712/90M","Oil Filter","CITROEN","MLS000-155","https://www.oilfilter-crossreference.com/convert/MANN-FILTER/W712/90M"
"EL51290","W712/90M","Oil Filter","CITROEN","MLS000155","https://www.oilfilter-crossreference.com/convert/MANN-FILTER/W712/90M"
"EL51290","W712/90M","Oil Filter","FORD","1457512","https://www.oilfilter-crossreference.com/convert/MANN-FILTER/W712/90M"
"EL51290","W712/90M","Oil Filter","FORD","1462805","https://www.oilfilter-crossreference.com/convert/MANN-FILTER/W712/90M"
"EL51290","W712/90M","Oil Filter","FORD","1498014","https://www.oilfilter-crossreference.com/convert/MANN-FILTER/W712/90M"
"EL51290","W712/90M","Oil Filter","FORD","1536304","https://www.oilfilter-crossreference.com/convert/MANN-FILTER/W712/90M"
"EL51290","W712/90M","Oil Filter","FORD","1553370","https://www.oilfilter-crossreference.com/convert/MANN-FILTER/W712/90M"
"EL51290","W712/90M","Oil Filter","FORD","1555370","https://www.oilfilter-crossreference.com/convert/MANN-FILTER/W712/90M"
"EL51290","W712/90M","Oil Filter","FORD","1559937","https://www.oilfilter-crossreference.com/convert/MANN-FILTER/W712/90M"
"EL51290","W712/90M","Oil Filter","FORD","2735E-6714-B","https://www.oilfilter-crossreference.com/convert/MANN-FILTER/W712/90M"
"EL51290","W712/90M","Oil Filter","FORD","5002530","https://www.oilfilter-crossreference.com/convert/MANN-FILTER/W712/90M"
"EL51290","W712/90M","Oil Filter","FORD","5003329","https://www.oilfilter-crossreference.com/convert/MANN-FILTER/W712/90M"
"EL51290","W712/90M","Oil Filter","FORD","5003331","https://www.oilfilter-crossreference.com/convert/MANN-FILTER/W712/90M"
"EL51290","W712/90M","Oil Filter","FORD","5003930","https://www.oilfilter-crossreference.com/convert/MANN-FILTER/W712/90M"
"EL51290","W712/90M","Oil Filter","FORD","5003968","https://www.oilfilter-crossreference.com/convert/MANN-FILTER/W712/90M"
"EL51290","W712/90M","Oil Filter","FORD","5004926","https://www.oilfilter-crossreference.com/convert/MANN-FILTER/W712/90M"
"EL51290","W712/90M","Oil Filter","FORD","5011780","https://www.oilfilter-crossreference.com/convert/MANN-FILTER/W712/90M"
"EL51290","W712/90M","Oil Filter","FORD","5011782","https://www.oilfilter-crossreference.com/convert/MANN-FILTER/W712/90M"
"EL51290","W712/90M","Oil Filter","FORD","5013143","https://www.oilfilter-crossreference.com/convert/MANN-FILTER/W712/90M"
"EL51290","W712/90M","Oil Filter","FORD","5013319","https://www.oilfilter-crossreference.com/convert/MANN-FILTER/W712/90M"
"EL51290","W712/90M","Oil Filter","FORD","6041176","https://www.oilfilter-crossreference.com/convert/MANN-FILTER/W712/90M"
"EL51290","W712/90M","Oil Filter","FORD","691M-6714A/A","https://www.oilfilter-crossreference.com/convert/MANN-FILTER/W712/90M"
"EL51290","W712/90M","Oil Filter","FORD","77BM-6714-AA","https://www.oilfilter-crossreference.com/convert/MANN-FILTER/W712/90M"
"EL51290","W712/90M","Oil Filter","FORD","77BM-6714-C1A","https://www.oilfilter-crossreference.com/convert/MANN-FILTER/W712/90M"
"EL51290","W712/90M","Oil Filter","FORD","A700X6714AA","https://www.oilfilter-crossreference.com/convert/MANN-FILTER/W712/90M"
"EL51290","W712/90M","Oil Filter","FORD","A760X6714KA","https://www.oilfilter-crossreference.com/convert/MANN-FILTER/W712/90M"
"EL51290","W712/90M","Oil Filter","FORD","D0RY-6731-A","https://www.oilfilter-crossreference.com/convert/MANN-FILTER/W712/90M"
"EL51290","W712/90M","Oil Filter","FORD","D1PJ-6714-AA","https://www.oilfilter-crossreference.com/convert/MANN-FILTER/W712/90M"
"EL51290","W712/90M","Oil Filter","FORD","D1PZ-6731-A","https://www.oilfilter-crossreference.com/convert/MANN-FILTER/W712/90M"
"EL51290","W712/90M","Oil Filter","GENERAL-MOTORS","19160691","https://www.oilfilter-crossreference.com/convert/MANN-FILTER/W712/90M"
"EL51290","W712/90M","Oil Filter","GENERAL-MOTORS","19160694","https://www.oilfilter-crossreference.com/convert/MANN-FILTER/W712/90M"
"EL51290","W712/90M","Oil Filter","GENERAL-MOTORS","2-866-477","https://www.oilfilter-crossreference.com/convert/MANN-FILTER/W712/90M"
"EL51290","W712/90M","Oil Filter","GENERAL-MOTORS","6438162","https://www.oilfilter-crossreference.com/convert/MANN-FILTER/W712/90M"
"EL51290","W712/90M","Oil Filter","GENERAL-MOTORS","6439109","https://www.oilfilter-crossreference.com/convert/MANN-FILTER/W712/90M"
"EL51290","W712/90M","Oil Filter","GENERAL-MOTORS","650352","https://www.oilfilter-crossreference.com/convert/MANN-FILTER/W712/90M"
"EL51290","W712/90M","Oil Filter","GENERAL-MOTORS","7965051","https://www.oilfilter-crossreference.com/convert/MANN-FILTER/W712/90M"
"EL51290","W712/90M","Oil Filter","GENERAL-MOTORS","7976051","https://www.oilfilter-crossreference.com/convert/MANN-FILTER/W712/90M"
"EL51290","W712/90M","Oil Filter","GENERAL-MOTORS","7984225","https://www.oilfilter-crossreference.com/convert/MANN-FILTER/W712/90M"
"EL51290","W712/90M","Oil Filter","GENERAL-MOTORS","7984256","https://www.oilfilter-crossreference.com/convert/MANN-FILTER/W712/90M"
"EL51290","W712/90M","Oil Filter","GENERAL-MOTORS","90027778","https://www.oilfilter-crossreference.com/convert/MANN-FILTER/W712/90M"
"EL51290","W712/90M","Oil Filter","GENERAL-MOTORS","93156299","https://www.oilfilter-crossreference.com/convert/MANN-FILTER/W712/90M"
"EL51290","W712/90M","Oil Filter","GENERAL-MOTORS","93156958","https://www.oilfilter-crossreference.com/convert/MANN-FILTER/W712/90M"
"EL51290","W712/90M","Oil Filter","MITSUBISHI","J3232126","https://www.oilfilter-crossreference.com/convert/MANN-FILTER/W712/90M"
"EL51290","W712/90M","Oil Filter","MITSUBISHI","J3250334","https://www.oilfilter-crossreference.com/convert/MANN-FILTER/W712/90M"
"EL51290","W712/90M","Oil Filter","MITSUBISHI","N152H1010","https://www.oilfilter-crossreference.com/convert/MANN-FILTER/W712/90M"
"EL51290","W712/90M","Oil Filter","NISSAN","15208-H1010","https://www.oilfilter-crossreference.com/convert/MANN-FILTER/W712/90M"
"EL51290","W712/90M","Oil Filter","NISSAN","15208-H1011","https://www.oilfilter-crossreference.com/convert/MANN-FILTER/W712/90M"
"EL51290","W712/90M","Oil Filter","OPEL","09281199","https://www.oilfilter-crossreference.com/convert/MANN-FILTER/W712/90M"
"EL51290","W712/90M","Oil Filter","OPEL","2-866-477","https://www.oilfilter-crossreference.com/convert/MANN-FILTER/W712/90M"
"EL51290","W712/90M","Oil Filter","OPEL","2866477/VP","https://www.oilfilter-crossreference.com/convert/MANN-FILTER/W712/90M"
"EL51290","W712/90M","Oil Filter","OPEL","2866477VP","https://www.oilfilter-crossreference.com/convert/MANN-FILTER/W712/90M"
"EL51290","W712/90M","Oil Filter","OPEL","650352","https://www.oilfilter-crossreference.com/convert/MANN-FILTER/W712/90M"
"EL51290","W712/90M","Oil Filter","OPEL","650364","https://www.oilfilter-crossreference.com/convert/MANN-FILTER/W712/90M"
"EL51290","W712/90M","Oil Filter","OPEL","650365","https://www.oilfilter-crossreference.com/convert/MANN-FILTER/W712/90M"
"EL51290","W712/90M","Oil Filter","OPEL","650370","https://www.oilfilter-crossreference.com/convert/MANN-FILTER/W712/90M"
"EL51290","W712/90M","Oil Filter","OPEL","650371","https://www.oilfilter-crossreference.com/convert/MANN-FILTER/W712/90M"
"EL51290","W712/90M","Oil Filter","OPEL","650373","https://www.oilfilter-crossreference.com/convert/MANN-FILTER/W712/90M"
"EL51290","W712/90M","Oil Filter","OPEL","650400","https://www.oilfilter-crossreference.com/convert/MANN-FILTER/W712/90M"
"EL51290","W712/90M","Oil Filter","OPEL","7976051","https://www.oilfilter-crossreference.com/convert/MANN-FILTER/W712/90M"
"EL51290","W712/90M","Oil Filter","OPEL","90027778","https://www.oilfilter-crossreference.com/convert/MANN-FILTER/W712/90M"
"EL51290","W712/90M","Oil Filter","OPEL","9281199","https://www.oilfilter-crossreference.com/convert/MANN-FILTER/W712/90M"
"EL51290","W712/90M","Oil Filter","OPEL","VOF136","https://www.oilfilter-crossreference.com/convert/MANN-FILTER/W712/90M"
"EL51290","W712/90M","Oil Filter","OE","OF-1055","https://www.oilfilter-crossreference.com/convert/MANN-FILTER/W712/90M"
"EL51290","W712/90M","Oil Filter","OE","OF-1065","https://www.oilfilter-crossreference.com/convert/MANN-FILTER/W712/90M"
"EL51290","W712/90M","Oil Filter","OE","OF-250","https://www.oilfilter-crossreference.com/convert/MANN-FILTER/W712/90M"
"EL51290","W712/90M","Oil Filter","PEUGEOT","1109C5","https://www.oilfilter-crossreference.com/convert/MANN-FILTER/W712/90M"
"EL51290","W712/90M","Oil Filter","VAUXHALL","650364","https://www.oilfilter-crossreference.com/convert/MANN-FILTER/W712/90M"
"EL51290","W712/90M","Oil Filter","VAUXHALL","650365","https://www.oilfilter-crossreference.com/convert/MANN-FILTER/W712/90M"
"EL51290","W712/90M","Oil Filter","VAUXHALL","6696776","https://www.oilfilter-crossreference.com/convert/MANN-FILTER/W712/90M"
"EL51290","W712/90M","Oil Filter","VAUXHALL","7884256","https://www.oilfilter-crossreference.com/convert/MANN-FILTER/W712/90M"
"EL51290","W712/90M","Oil Filter","VAUXHALL","7965051","https://www.oilfilter-crossreference.com/convert/MANN-FILTER/W712/90M"
"EL51290","W712/90M","Oil Filter","VAUXHALL","7973235","https://www.oilfilter-crossreference.com/convert/MANN-FILTER/W712/90M"
"EL51290","W712/90M","Oil Filter","VAUXHALL","7973429","https://www.oilfilter-crossreference.com/convert/MANN-FILTER/W712/90M"
"EL51290","W712/90M","Oil Filter","VAUXHALL","7984256","https://www.oilfilter-crossreference.com/convert/MANN-FILTER/W712/90M"
"EL51290","W712/90M","Oil Filter","VAUXHALL","90027778","https://www.oilfilter-crossreference.com/convert/MANN-FILTER/W712/90M"
"EL51290","W712/90M","Oil Filter","VAUXHALL","93156299","https://www.oilfilter-crossreference.com/convert/MANN-FILTER/W712/90M"
"EL51290","W712/90M","Oil Filter","VAUXHALL","VOF136","https://www.oilfilter-crossreference.com/convert/MANN-FILTER/W712/90M"
"EL51290","W712/90M","Oil Filter","VW","034 115 561A","https://www.oilfilter-crossreference.com/convert/MANN-FILTER/W712/90M"
"EL51290","W712/90M","Oil Filter","VW","035 115 561","https://www.oilfilter-crossreference.com/convert/MANN-FILTER/W712/90M"
"EL51290","W712/90M","Oil Filter","VW","037 115 561","https://www.oilfilter-crossreference.com/convert/MANN-FILTER/W712/90M"
"EL51290","W712/90M","Oil Filter","VW","056 115 561","https://www.oilfilter-crossreference.com/convert/MANN-FILTER/W712/90M"
"EL51290","W712/90M","Oil Filter","VW","056 115 561A","https://www.oilfilter-crossreference.com/convert/MANN-FILTER/W712/90M"
"EL51290","W712/90M","Oil Filter","VW","056 115 561B","https://www.oilfilter-crossreference.com/convert/MANN-FILTER/W712/90M"
"EL51290","W712/90M","Oil Filter","VW","056 115 561C","https://www.oilfilter-crossreference.com/convert/MANN-FILTER/W712/90M"
"EL51290","W712/90M","Oil Filter","VW","056 115 561G","https://www.oilfilter-crossreference.com/convert/MANN-FILTER/W712/90M"
"EL51290","W712/90M","Oil Filter","VW","059 115 561A","https://www.oilfilter-crossreference.com/convert/MANN-FILTER/W712/90M"
"EL51290","W712/90M","Oil Filter","VW","059 115 561B","https://www.oilfilter-crossreference.com/convert/MANN-FILTER/W712/90M"
"EL51290","W712/90M","Oil Filter","VW","059 115 561C","https://www.oilfilter-crossreference.com/convert/MANN-FILTER/W712/90M"
"EL51290","W712/90M","Oil Filter","VW","06A 115 561","https://www.oilfilter-crossreference.com/convert/MANN-FILTER/W712/90M"
"EL51290","W712/90M","Oil Filter","VW","06A 115 561B","https://www.oilfilter-crossreference.com/convert/MANN-FILTER/W712/90M"
"EL51290","W712/90M","Oil Filter","VW","070 115 561","https://www.oilfilter-crossreference.com/convert/MANN-FILTER/W712/90M"
"EL51290","W712/90M","Oil Filter","VW","931 107 701 00","https://www.oilfilter-crossreference.com/convert/MANN-FILTER/W712/90M"
"EL59210","W712/92(10)","Oil Filter","BMW","11 42 1 266 773","https://www.oilfilter-crossreference.com/convert/MANN-FILTER/W712/92(10)"
"EL59210","W712/92(10)","Oil Filter","BMW","11 42 9 061 198","https://www.oilfilter-crossreference.com/convert/MANN-FILTER/W712/92(10)"
"EL59210","W712/92(10)","Oil Filter","CHRYSLER","3232126","https://www.oilfilter-crossreference.com/convert/MANN-FILTER/W712/92(10)"
"EL59210","W712/92(10)","Oil Filter","CHRYSLER","3250334","https://www.oilfilter-crossreference.com/convert/MANN-FILTER/W712/92(10)"
"EL59210","W712/92(10)","Oil Filter","CHRYSLER","5203217","https://www.oilfilter-crossreference.com/convert/MANN-FILTER/W712/92(10)"
"EL59210","W712/92(10)","Oil Filter","CHRYSLER","72674028","https://www.oilfilter-crossreference.com/convert/MANN-FILTER/W712/92(10)"
"EL59210","W712/92(10)","Oil Filter","CHRYSLER","8127168","https://www.oilfilter-crossreference.com/convert/MANN-FILTER/W712/92(10)"
"EL59210","W712/92(10)","Oil Filter","CHRYSLER","J3232126","https://www.oilfilter-crossreference.com/convert/MANN-FILTER/W712/92(10)"
"EL59210","W712/92(10)","Oil Filter","CHRYSLER","J3250334","https://www.oilfilter-crossreference.com/convert/MANN-FILTER/W712/92(10)"
"EL59210","W712/92(10)","Oil Filter","CHRYSLER","J8127168","https://www.oilfilter-crossreference.com/convert/MANN-FILTER/W712/92(10)"
"EL59210","W712/92(10)","Oil Filter","CITROEN","MLS000-155","https://www.oilfilter-crossreference.com/convert/MANN-FILTER/W712/92(10)"
"EL59210","W712/92(10)","Oil Filter","CITROEN","MLS000155","https://www.oilfilter-crossreference.com/convert/MANN-FILTER/W712/92(10)"
"EL59210","W712/92(10)","Oil Filter","FORD","1457512","https://www.oilfilter-crossreference.com/convert/MANN-FILTER/W712/92(10)"
"EL59210","W712/92(10)","Oil Filter","FORD","1462805","https://www.oilfilter-crossreference.com/convert/MANN-FILTER/W712/92(10)"
"EL59210","W712/92(10)","Oil Filter","FORD","1498014","https://www.oilfilter-crossreference.com/convert/MANN-FILTER/W712/92(10)"
"EL59210","W712/92(10)","Oil Filter","FORD","1536304","https://www.oilfilter-crossreference.com/convert/MANN-FILTER/W712/92(10)"
"EL59210","W712/92(10)","Oil Filter","FORD","1553370","https://www.oilfilter-crossreference.com/convert/MANN-FILTER/W712/92(10)"
"EL59210","W712/92(10)","Oil Filter","FORD","1555370","https://www.oilfilter-crossreference.com/convert/MANN-FILTER/W712/92(10)"
"EL59210","W712/92(10)","Oil Filter","FORD","1559937","https://www.oilfilter-crossreference.com/convert/MANN-FILTER/W712/92(10)"
"EL59210","W712/92(10)","Oil Filter","FORD","2735E-6714-B","https://www.oilfilter-crossreference.com/convert/MANN-FILTER/W712/92(10)"
"EL59210","W712/92(10)","Oil Filter","FORD","5002530","https://www.oilfilter-crossreference.com/convert/MANN-FILTER/W712/92(10)"
"EL59210","W712/92(10)","Oil Filter","FORD","5003329","https://www.oilfilter-crossreference.com/convert/MANN-FILTER/W712/92(10)"
"EL59210","W712/92(10)","Oil Filter","FORD","5003331","https://www.oilfilter-crossreference.com/convert/MANN-FILTER/W712/92(10)"
"EL59210","W712/92(10)","Oil Filter","FORD","5003930","https://www.oilfilter-crossreference.com/convert/MANN-FILTER/W712/92(10)"
"EL59210","W712/92(10)","Oil Filter","FORD","5003968","https://www.oilfilter-crossreference.com/convert/MANN-FILTER/W712/92(10)"
"EL59210","W712/92(10)","Oil Filter","FORD","5004926","https://www.oilfilter-crossreference.com/convert/MANN-FILTER/W712/92(10)"
"EL59210","W712/92(10)","Oil Filter","FORD","5011780","https://www.oilfilter-crossreference.com/convert/MANN-FILTER/W712/92(10)"
"EL59210","W712/92(10)","Oil Filter","FORD","5011782","https://www.oilfilter-crossreference.com/convert/MANN-FILTER/W712/92(10)"
"EL59210","W712/92(10)","Oil Filter","FORD","5013143","https://www.oilfilter-crossreference.com/convert/MANN-FILTER/W712/92(10)"
"EL59210","W712/92(10)","Oil Filter","FORD","5013319","https://www.oilfilter-crossreference.com/convert/MANN-FILTER/W712/92(10)"
"EL59210","W712/92(10)","Oil Filter","FORD","6041176","https://www.oilfilter-crossreference.com/convert/MANN-FILTER/W712/92(10)"
"EL59210","W712/92(10)","Oil Filter","FORD","691M-6714A/A","https://www.oilfilter-crossreference.com/convert/MANN-FILTER/W712/92(10)"
"EL59210","W712/92(10)","Oil Filter","FORD","77BM-6714-AA","https://www.oilfilter-crossreference.com/convert/MANN-FILTER/W712/92(10)"
"EL59210","W712/92(10)","Oil Filter","FORD","77BM-6714-C1A","https://www.oilfilter-crossreference.com/convert/MANN-FILTER/W712/92(10)"
"EL59210","W712/92(10)","Oil Filter","FORD","A700X6714AA","https://www.oilfilter-crossreference.com/convert/MANN-FILTER/W712/92(10)"
"EL59210","W712/92(10)","Oil Filter","FORD","A760X6714KA","https://www.oilfilter-crossreference.com/convert/MANN-FILTER/W712/92(10)"
"EL59210","W712/92(10)","Oil Filter","FORD","D0RY-6731-A","https://www.oilfilter-crossreference.com/convert/MANN-FILTER/W712/92(10)"
"EL59210","W712/92(10)","Oil Filter","FORD","D1PJ-6714-AA","https://www.oilfilter-crossreference.com/convert/MANN-FILTER/W712/92(10)"
"EL59210","W712/92(10)","Oil Filter","FORD","D1PZ-6731-A","https://www.oilfilter-crossreference.com/convert/MANN-FILTER/W712/92(10)"
"EL59210","W712/92(10)","Oil Filter","GENERAL-MOTORS","19160691","https://www.oilfilter-crossreference.com/convert/MANN-FILTER/W712/92(10)"
"EL59210","W712/92(10)","Oil Filter","GENERAL-MOTORS","19160694","https://www.oilfilter-crossreference.com/convert/MANN-FILTER/W712/92(10)"
"EL59210","W712/92(10)","Oil Filter","GENERAL-MOTORS","2-866-477","https://www.oilfilter-crossreference.com/convert/MANN-FILTER/W712/92(10)"
"EL59210","W712/92(10)","Oil Filter","GENERAL-MOTORS","6438162","https://www.oilfilter-crossreference.com/convert/MANN-FILTER/W712/92(10)"
"EL59210","W712/92(10)","Oil Filter","GENERAL-MOTORS","6439109","https://www.oilfilter-crossreference.com/convert/MANN-FILTER/W712/92(10)"
"EL59210","W712/92(10)","Oil Filter","GENERAL-MOTORS","650352","https://www.oilfilter-crossreference.com/convert/MANN-FILTER/W712/92(10)"
"EL59210","W712/92(10)","Oil Filter","GENERAL-MOTORS","7965051","https://www.oilfilter-crossreference.com/convert/MANN-FILTER/W712/92(10)"
"EL59210","W712/92(10)","Oil Filter","GENERAL-MOTORS","7976051","https://www.oilfilter-crossreference.com/convert/MANN-FILTER/W712/92(10)"
"EL59210","W712/92(10)","Oil Filter","GENERAL-MOTORS","7984225","https://www.oilfilter-crossreference.com/convert/MANN-FILTER/W712/92(10)"
"EL59210","W712/92(10)","Oil Filter","GENERAL-MOTORS","7984256","https://www.oilfilter-crossreference.com/convert/MANN-FILTER/W712/92(10)"
"EL59210","W712/92(10)","Oil Filter","GENERAL-MOTORS","90027778","https://www.oilfilter-crossreference.com/convert/MANN-FILTER/W712/92(10)"
"EL59210","W712/92(10)","Oil Filter","GENERAL-MOTORS","93156299","https://www.oilfilter-crossreference.com/convert/MANN-FILTER/W712/92(10)"
"EL59210","W712/92(10)","Oil Filter","GENERAL-MOTORS","93156958","https://www.oilfilter-crossreference.com/convert/MANN-FILTER/W712/92(10)"
"EL59210","W712/92(10)","Oil Filter","MITSUBISHI","J3232126","https://www.oilfilter-crossreference.com/convert/MANN-FILTER/W712/92(10)"
"EL59210","W712/92(10)","Oil Filter","MITSUBISHI","J3250334","https://www.oilfilter-crossreference.com/convert/MANN-FILTER/W712/92(10)"
"EL59210","W712/92(10)","Oil Filter","MITSUBISHI","N152H1010","https://www.oilfilter-crossreference.com/convert/MANN-FILTER/W712/92(10)"
"EL59210","W712/92(10)","Oil Filter","NISSAN","15208-H1010","https://www.oilfilter-crossreference.com/convert/MANN-FILTER/W712/92(10)"
"EL59210","W712/92(10)","Oil Filter","NISSAN","15208-H1011","https://www.oilfilter-crossreference.com/convert/MANN-FILTER/W712/92(10)"
"EL59210","W712/92(10)","Oil Filter","OPEL","09281199","https://www.oilfilter-crossreference.com/convert/MANN-FILTER/W712/92(10)"
"EL59210","W712/92(10)","Oil Filter","OPEL","2-866-477","https://www.oilfilter-crossreference.com/convert/MANN-FILTER/W712/92(10)"
"EL59210","W712/92(10)","Oil Filter","OPEL","2866477/VP","https://www.oilfilter-crossreference.com/convert/MANN-FILTER/W712/92(10)"
"EL59210","W712/92(10)","Oil Filter","OPEL","2866477VP","https://www.oilfilter-crossreference.com/convert/MANN-FILTER/W712/92(10)"
"EL59210","W712/92(10)","Oil Filter","OPEL","650352","https://www.oilfilter-crossreference.com/convert/MANN-FILTER/W712/92(10)"
"EL59210","W712/92(10)","Oil Filter","OPEL","650364","https://www.oilfilter-crossreference.com/convert/MANN-FILTER/W712/92(10)"
"EL59210","W712/92(10)","Oil Filter","OPEL","650365","https://www.oilfilter-crossreference.com/convert/MANN-FILTER/W712/92(10)"
"EL59210","W712/92(10)","Oil Filter","OPEL","650370","https://www.oilfilter-crossreference.com/convert/MANN-FILTER/W712/92(10)"
"EL59210","W712/92(10)","Oil Filter","OPEL","650371","https://www.oilfilter-crossreference.com/convert/MANN-FILTER/W712/92(10)"
"EL59210","W712/92(10)","Oil Filter","OPEL","650373","https://www.oilfilter-crossreference.com/convert/MANN-FILTER/W712/92(10)"
"EL59210","W712/92(10)","Oil Filter","OPEL","650400","https://www.oilfilter-crossreference.com/convert/MANN-FILTER/W712/92(10)"
"EL59210","W712/92(10)","Oil Filter","OPEL","7976051","https://www.oilfilter-crossreference.com/convert/MANN-FILTER/W712/92(10)"
"EL59210","W712/92(10)","Oil Filter","OPEL","90027778","https://www.oilfilter-crossreference.com/convert/MANN-FILTER/W712/92(10)"
"EL59210","W712/92(10)","Oil Filter","OPEL","9281199","https://www.oilfilter-crossreference.com/convert/MANN-FILTER/W712/92(10)"
"EL59210","W712/92(10)","Oil Filter","OPEL","VOF136","https://www.oilfilter-crossreference.com/convert/MANN-FILTER/W712/92(10)"
"EL59210","W712/92(10)","Oil Filter","OE","OF-1055","https://www.oilfilter-crossreference.com/convert/MANN-FILTER/W712/92(10)"
"EL59210","W712/92(10)","Oil Filter","OE","OF-1065","https://www.oilfilter-crossreference.com/convert/MANN-FILTER/W712/92(10)"
"EL59210","W712/92(10)","Oil Filter","OE","OF-250","https://www.oilfilter-crossreference.com/convert/MANN-FILTER/W712/92(10)"
"EL59210","W712/92(10)","Oil Filter","PEUGEOT","1109C5","https://www.oilfilter-crossreference.com/convert/MANN-FILTER/W712/92(10)"
"EL59210","W712/92(10)","Oil Filter","VAUXHALL","650364","https://www.oilfilter-crossreference.com/convert/MANN-FILTER/W712/92(10)"
"EL59210","W712/92(10)","Oil Filter","VAUXHALL","650365","https://www.oilfilter-crossreference.com/convert/MANN-FILTER/W712/92(10)"
"EL59210","W712/92(10)","Oil Filter","VAUXHALL","6696776","https://www.oilfilter-crossreference.com/convert/MANN-FILTER/W712/92(10)"
"EL59210","W712/92(10)","Oil Filter","VAUXHALL","7884256","https://www.oilfilter-crossreference.com/convert/MANN-FILTER/W712/92(10)"
"EL59210","W712/92(10)","Oil Filter","VAUXHALL","7965051","https://www.oilfilter-crossreference.com/convert/MANN-FILTER/W712/92(10)"
"EL59210","W712/92(10)","Oil Filter","VAUXHALL","7973235","https://www.oilfilter-crossreference.com/convert/MANN-FILTER/W712/92(10)"
"EL59210","W712/92(10)","Oil Filter","VAUXHALL","7973429","https://www.oilfilter-crossreference.com/convert/MANN-FILTER/W712/92(10)"
"EL59210","W712/92(10)","Oil Filter","VAUXHALL","7984256","https://www.oilfilter-crossreference.com/convert/MANN-FILTER/W712/92(10)"
"EL59210","W712/92(10)","Oil Filter","VAUXHALL","90027778","https://www.oilfilter-crossreference.com/convert/MANN-FILTER/W712/92(10)"
"EL59210","W712/92(10)","Oil Filter","VAUXHALL","93156299","https://www.oilfilter-crossreference.com/convert/MANN-FILTER/W712/92(10)"
"EL59210","W712/92(10)","Oil Filter","VAUXHALL","VOF136","https://www.oilfilter-crossreference.com/convert/MANN-FILTER/W712/92(10)"
"EL59210","W712/92(10)","Oil Filter","VW","034 115 561A","https://www.oilfilter-crossreference.com/convert/MANN-FILTER/W712/92(10)"
"EL59210","W712/92(10)","Oil Filter","VW","035 115 561","https://www.oilfilter-crossreference.com/convert/MANN-FILTER/W712/92(10)"
"EL59210","W712/92(10)","Oil Filter","VW","037 115 561","https://www.oilfilter-crossreference.com/convert/MANN-FILTER/W712/92(10)"
"EL59210","W712/92(10)","Oil Filter","VW","056 115 561","https://www.oilfilter-crossreference.com/convert/MANN-FILTER/W712/92(10)"
"EL59210","W712/92(10)","Oil Filter","VW","056 115 561A","https://www.oilfilter-crossreference.com/convert/MANN-FILTER/W712/92(10)"
"EL59210","W712/92(10)","Oil Filter","VW","056 115 561B","https://www.oilfilter-crossreference.com/convert/MANN-FILTER/W712/92(10)"
"EL59210","W712/92(10)","Oil Filter","VW","056 115 561C","https://www.oilfilter-crossreference.com/convert/MANN-FILTER/W712/92(10)"
"EL59210","W712/92(10)","Oil Filter","VW","056 115 561G","https://www.oilfilter-crossreference.com/convert/MANN-FILTER/W712/92(10)"
"EL59210","W712/92(10)","Oil Filter","VW","059 115 561A","https://www.oilfilter-crossreference.com/convert/MANN-FILTER/W712/92(10)"
"EL59210","W712/92(10)","Oil Filter","VW","059 115 561B","https://www.oilfilter-crossreference.com/convert/MANN-FILTER/W712/92(10)"
"EL59210","W712/92(10)","Oil Filter","VW","059 115 561C","https://www.oilfilter-crossreference.com/convert/MANN-FILTER/W712/92(10)"
"EL59210","W712/92(10)","Oil Filter","VW","06A 115 561","https://www.oilfilter-crossreference.com/convert/MANN-FILTER/W712/92(10)"
"EL59210","W712/92(10)","Oil Filter","VW","06A 115 561B","https://www.oilfilter-crossreference.com/convert/MANN-FILTER/W712/92(10)"
"EL59210","W712/92(10)","Oil Filter","VW","070 115 561","https://www.oilfilter-crossreference.com/convert/MANN-FILTER/W712/92(10)"
"EL59210","W712/92(10)","Oil Filter","VW","931 107 701 00","https://www.oilfilter-crossreference.com/convert/MANN-FILTER/W712/92(10)"
"EL51292","W712/92M","Oil Filter","BMW","11 42 1 266 773","https://www.oilfilter-crossreference.com/convert/MANN-FILTER/W712/92M"
"EL51292","W712/92M","Oil Filter","BMW","11 42 9 061 198","https://www.oilfilter-crossreference.com/convert/MANN-FILTER/W712/92M"
"EL51292","W712/92M","Oil Filter","CHRYSLER","3232126","https://www.oilfilter-crossreference.com/convert/MANN-FILTER/W712/92M"
"EL51292","W712/92M","Oil Filter","CHRYSLER","3250334","https://www.oilfilter-crossreference.com/convert/MANN-FILTER/W712/92M"
"EL51292","W712/92M","Oil Filter","CHRYSLER","5203217","https://www.oilfilter-crossreference.com/convert/MANN-FILTER/W712/92M"
"EL51292","W712/92M","Oil Filter","CHRYSLER","72674028","https://www.oilfilter-crossreference.com/convert/MANN-FILTER/W712/92M"
"EL51292","W712/92M","Oil Filter","CHRYSLER","8127168","https://www.oilfilter-crossreference.com/convert/MANN-FILTER/W712/92M"
"EL51292","W712/92M","Oil Filter","CHRYSLER","J3232126","https://www.oilfilter-crossreference.com/convert/MANN-FILTER/W712/92M"
"EL51292","W712/92M","Oil Filter","CHRYSLER","J3250334","https://www.oilfilter-crossreference.com/convert/MANN-FILTER/W712/92M"
"EL51292","W712/92M","Oil Filter","CHRYSLER","J8127168","https://www.oilfilter-crossreference.com/convert/MANN-FILTER/W712/92M"
"EL51292","W712/92M","Oil Filter","CITROEN","MLS000-155","https://www.oilfilter-crossreference.com/convert/MANN-FILTER/W712/92M"
"EL51292","W712/92M","Oil Filter","CITROEN","MLS000155","https://www.oilfilter-crossreference.com/convert/MANN-FILTER/W712/92M"
"EL51292","W712/92M","Oil Filter","FORD","1457512","https://www.oilfilter-crossreference.com/convert/MANN-FILTER/W712/92M"
"EL51292","W712/92M","Oil Filter","FORD","1462805","https://www.oilfilter-crossreference.com/convert/MANN-FILTER/W712/92M"
"EL51292","W712/92M","Oil Filter","FORD","1498014","https://www.oilfilter-crossreference.com/convert/MANN-FILTER/W712/92M"
"EL51292","W712/92M","Oil Filter","FORD","1536304","https://www.oilfilter-crossreference.com/convert/MANN-FILTER/W712/92M"
"EL51292","W712/92M","Oil Filter","FORD","1553370","https://www.oilfilter-crossreference.com/convert/MANN-FILTER/W712/92M"
"EL51292","W712/92M","Oil Filter","FORD","1555370","https://www.oilfilter-crossreference.com/convert/MANN-FILTER/W712/92M"
"EL51292","W712/92M","Oil Filter","FORD","1559937","https://www.oilfilter-crossreference.com/convert/MANN-FILTER/W712/92M"
"EL51292","W712/92M","Oil Filter","FORD","2735E-6714-B","https://www.oilfilter-crossreference.com/convert/MANN-FILTER/W712/92M"
"EL51292","W712/92M","Oil Filter","FORD","5002530","https://www.oilfilter-crossreference.com/convert/MANN-FILTER/W712/92M"
"EL51292","W712/92M","Oil Filter","FORD","5003329","https://www.oilfilter-crossreference.com/convert/MANN-FILTER/W712/92M"
"EL51292","W712/92M","Oil Filter","FORD","5003331","https://www.oilfilter-crossreference.com/convert/MANN-FILTER/W712/92M"
"EL51292","W712/92M","Oil Filter","FORD","5003930","https://www.oilfilter-crossreference.com/convert/MANN-FILTER/W712/92M"
"EL51292","W712/92M","Oil Filter","FORD","5003968","https://www.oilfilter-crossreference.com/convert/MANN-FILTER/W712/92M"
"EL51292","W712/92M","Oil Filter","FORD","5004926","https://www.oilfilter-crossreference.com/convert/MANN-FILTER/W712/92M"
"EL51292","W712/92M","Oil Filter","FORD","5011780","https://www.oilfilter-crossreference.com/convert/MANN-FILTER/W712/92M"
"EL51292","W712/92M","Oil Filter","FORD","5011782","https://www.oilfilter-crossreference.com/convert/MANN-FILTER/W712/92M"
"EL51292","W712/92M","Oil Filter","FORD","5013143","https://www.oilfilter-crossreference.com/convert/MANN-FILTER/W712/92M"
"EL51292","W712/92M","Oil Filter","FORD","5013319","https://www.oilfilter-crossreference.com/convert/MANN-FILTER/W712/92M"
"EL51292","W712/92M","Oil Filter","FORD","6041176","https://www.oilfilter-crossreference.com/convert/MANN-FILTER/W712/92M"
"EL51292","W712/92M","Oil Filter","FORD","691M-6714A/A","https://www.oilfilter-crossreference.com/convert/MANN-FILTER/W712/92M"
"EL51292","W712/92M","Oil Filter","FORD","77BM-6714-AA","https://www.oilfilter-crossreference.com/convert/MANN-FILTER/W712/92M"
"EL51292","W712/92M","Oil Filter","FORD","77BM-6714-C1A","https://www.oilfilter-crossreference.com/convert/MANN-FILTER/W712/92M"
"EL51292","W712/92M","Oil Filter","FORD","A700X6714AA","https://www.oilfilter-crossreference.com/convert/MANN-FILTER/W712/92M"
"EL51292","W712/92M","Oil Filter","FORD","A760X6714KA","https://www.oilfilter-crossreference.com/convert/MANN-FILTER/W712/92M"
"EL51292","W712/92M","Oil Filter","FORD","D0RY-6731-A","https://www.oilfilter-crossreference.com/convert/MANN-FILTER/W712/92M"
"EL51292","W712/92M","Oil Filter","FORD","D1PJ-6714-AA","https://www.oilfilter-crossreference.com/convert/MANN-FILTER/W712/92M"
"EL51292","W712/92M","Oil Filter","FORD","D1PZ-6731-A","https://www.oilfilter-crossreference.com/convert/MANN-FILTER/W712/92M"
"EL51292","W712/92M","Oil Filter","GENERAL-MOTORS","19160691","https://www.oilfilter-crossreference.com/convert/MANN-FILTER/W712/92M"
"EL51292","W712/92M","Oil Filter","GENERAL-MOTORS","19160694","https://www.oilfilter-crossreference.com/convert/MANN-FILTER/W712/92M"
"EL51292","W712/92M","Oil Filter","GENERAL-MOTORS","2-866-477","https://www.oilfilter-crossreference.com/convert/MANN-FILTER/W712/92M"
"EL51292","W712/92M","Oil Filter","GENERAL-MOTORS","6438162","https://www.oilfilter-crossreference.com/convert/MANN-FILTER/W712/92M"
"EL51292","W712/92M","Oil Filter","GENERAL-MOTORS","6439109","https://www.oilfilter-crossreference.com/convert/MANN-FILTER/W712/92M"
"EL51292","W712/92M","Oil Filter","GENERAL-MOTORS","650352","https://www.oilfilter-crossreference.com/convert/MANN-FILTER/W712/92M"
"EL51292","W712/92M","Oil Filter","GENERAL-MOTORS","7965051","https://www.oilfilter-crossreference.com/convert/MANN-FILTER/W712/92M"
"EL51292","W712/92M","Oil Filter","GENERAL-MOTORS","7976051","https://www.oilfilter-crossreference.com/convert/MANN-FILTER/W712/92M"
"EL51292","W712/92M","Oil Filter","GENERAL-MOTORS","7984225","https://www.oilfilter-crossreference.com/convert/MANN-FILTER/W712/92M"
"EL51292","W712/92M","Oil Filter","GENERAL-MOTORS","7984256","https://www.oilfilter-crossreference.com/convert/MANN-FILTER/W712/92M"
"EL51292","W712/92M","Oil Filter","GENERAL-MOTORS","90027778","https://www.oilfilter-crossreference.com/convert/MANN-FILTER/W712/92M"
"EL51292","W712/92M","Oil Filter","GENERAL-MOTORS","93156299","https://www.oilfilter-crossreference.com/convert/MANN-FILTER/W712/92M"
"EL51292","W712/92M","Oil Filter","GENERAL-MOTORS","93156958","https://www.oilfilter-crossreference.com/convert/MANN-FILTER/W712/92M"
"EL51292","W712/92M","Oil Filter","MITSUBISHI","J3232126","https://www.oilfilter-crossreference.com/convert/MANN-FILTER/W712/92M"
"EL51292","W712/92M","Oil Filter","MITSUBISHI","J3250334","https://www.oilfilter-crossreference.com/convert/MANN-FILTER/W712/92M"
"EL51292","W712/92M","Oil Filter","MITSUBISHI","N152H1010","https://www.oilfilter-crossreference.com/convert/MANN-FILTER/W712/92M"
"EL51292","W712/92M","Oil Filter","NISSAN","15208-H1010","https://www.oilfilter-crossreference.com/convert/MANN-FILTER/W712/92M"
"EL51292","W712/92M","Oil Filter","NISSAN","15208-H1011","https://www.oilfilter-crossreference.com/convert/MANN-FILTER/W712/92M"
"EL51292","W712/92M","Oil Filter","OPEL","09281199","https://www.oilfilter-crossreference.com/convert/MANN-FILTER/W712/92M"
"EL51292","W712/92M","Oil Filter","OPEL","2-866-477","https://www.oilfilter-crossreference.com/convert/MANN-FILTER/W712/92M"
"EL51292","W712/92M","Oil Filter","OPEL","2866477/VP","https://www.oilfilter-crossreference.com/convert/MANN-FILTER/W712/92M"
"EL51292","W712/92M","Oil Filter","OPEL","2866477VP","https://www.oilfilter-crossreference.com/convert/MANN-FILTER/W712/92M"
"EL51292","W712/92M","Oil Filter","OPEL","650352","https://www.oilfilter-crossreference.com/convert/MANN-FILTER/W712/92M"
"EL51292","W712/92M","Oil Filter","OPEL","650364","https://www.oilfilter-crossreference.com/convert/MANN-FILTER/W712/92M"
"EL51292","W712/92M","Oil Filter","OPEL","650365","https://www.oilfilter-crossreference.com/convert/MANN-FILTER/W712/92M"
"EL51292","W712/92M","Oil Filter","OPEL","650370","https://www.oilfilter-crossreference.com/convert/MANN-FILTER/W712/92M"
"EL51292","W712/92M","Oil Filter","OPEL","650371","https://www.oilfilter-crossreference.com/convert/MANN-FILTER/W712/92M"
"EL51292","W712/92M","Oil Filter","OPEL","650373","https://www.oilfilter-crossreference.com/convert/MANN-FILTER/W712/92M"
"EL51292","W712/92M","Oil Filter","OPEL","650400","https://www.oilfilter-crossreference.com/convert/MANN-FILTER/W712/92M"
"EL51292","W712/92M","Oil Filter","OPEL","7976051","https://www.oilfilter-crossreference.com/convert/MANN-FILTER/W712/92M"
"EL51292","W712/92M","Oil Filter","OPEL","90027778","https://www.oilfilter-crossreference.com/convert/MANN-FILTER/W712/92M"
"EL51292","W712/92M","Oil Filter","OPEL","9281199","https://www.oilfilter-crossreference.com/convert/MANN-FILTER/W712/92M"
"EL51292","W712/92M","Oil Filter","OPEL","VOF136","https://www.oilfilter-crossreference.com/convert/MANN-FILTER/W712/92M"
"EL51292","W712/92M","Oil Filter","OE","OF-1055","https://www.oilfilter-crossreference.com/convert/MANN-FILTER/W712/92M"
"EL51292","W712/92M","Oil Filter","OE","OF-1065","https://www.oilfilter-crossreference.com/convert/MANN-FILTER/W712/92M"
"EL51292","W712/92M","Oil Filter","OE","OF-250","https://www.oilfilter-crossreference.com/convert/MANN-FILTER/W712/92M"
"EL51292","W712/92M","Oil Filter","PEUGEOT","1109C5","https://www.oilfilter-crossreference.com/convert/MANN-FILTER/W712/92M"
"EL51292","W712/92M","Oil Filter","VAUXHALL","650364","https://www.oilfilter-crossreference.com/convert/MANN-FILTER/W712/92M"
"EL51292","W712/92M","Oil Filter","VAUXHALL","650365","https://www.oilfilter-crossreference.com/convert/MANN-FILTER/W712/92M"
"EL51292","W712/92M","Oil Filter","VAUXHALL","6696776","https://www.oilfilter-crossreference.com/convert/MANN-FILTER/W712/92M"
"EL51292","W712/92M","Oil Filter","VAUXHALL","7884256","https://www.oilfilter-crossreference.com/convert/MANN-FILTER/W712/92M"
"EL51292","W712/92M","Oil Filter","VAUXHALL","7965051","https://www.oilfilter-crossreference.com/convert/MANN-FILTER/W712/92M"
"EL51292","W712/92M","Oil Filter","VAUXHALL","7973235","https://www.oilfilter-crossreference.com/convert/MANN-FILTER/W712/92M"
"EL51292","W712/92M","Oil Filter","VAUXHALL","7973429","https://www.oilfilter-crossreference.com/convert/MANN-FILTER/W712/92M"
"EL51292","W712/92M","Oil Filter","VAUXHALL","7984256","https://www.oilfilter-crossreference.com/convert/MANN-FILTER/W712/92M"
"EL51292","W712/92M","Oil Filter","VAUXHALL","90027778","https://www.oilfilter-crossreference.com/convert/MANN-FILTER/W712/92M"
"EL51292","W712/92M","Oil Filter","VAUXHALL","93156299","https://www.oilfilter-crossreference.com/convert/MANN-FILTER/W712/92M"
"EL51292","W712/92M","Oil Filter","VAUXHALL","VOF136","https://www.oilfilter-crossreference.com/convert/MANN-FILTER/W712/92M"
"EL51292","W712/92M","Oil Filter","VW","034 115 561A","https://www.oilfilter-crossreference.com/convert/MANN-FILTER/W712/92M"
"EL51292","W712/92M","Oil Filter","VW","035 115 561","https://www.oilfilter-crossreference.com/convert/MANN-FILTER/W712/92M"
"EL51292","W712/92M","Oil Filter","VW","037 115 561","https://www.oilfilter-crossreference.com/convert/MANN-FILTER/W712/92M"
"EL51292","W712/92M","Oil Filter","VW","056 115 561","https://www.oilfilter-crossreference.com/convert/MANN-FILTER/W712/92M"
"EL51292","W712/92M","Oil Filter","VW","056 115 561A","https://www.oilfilter-crossreference.com/convert/MANN-FILTER/W712/92M"
"EL51292","W712/92M","Oil Filter","VW","056 115 561B","https://www.oilfilter-crossreference.com/convert/MANN-FILTER/W712/92M"
"EL51292","W712/92M","Oil Filter","VW","056 115 561C","https://www.oilfilter-crossreference.com/convert/MANN-FILTER/W712/92M"
"EL51292","W712/92M","Oil Filter","VW","056 115 561G","https://www.oilfilter-crossreference.com/convert/MANN-FILTER/W712/92M"
"EL51292","W712/92M","Oil Filter","VW","059 115 561A","https://www.oilfilter-crossreference.com/convert/MANN-FILTER/W712/92M"
"EL51292","W712/92M","Oil Filter","VW","059 115 561B","https://www.oilfilter-crossreference.com/convert/MANN-FILTER/W712/92M"
"EL51292","W712/92M","Oil Filter","VW","059 115 561C","https://www.oilfilter-crossreference.com/convert/MANN-FILTER/W712/92M"
"EL51292","W712/92M","Oil Filter","VW","06A 115 561","https://www.oilfilter-crossreference.com/convert/MANN-FILTER/W712/92M"
"EL51292","W712/92M","Oil Filter","VW","06A 115 561B","https://www.oilfilter-crossreference.com/convert/MANN-FILTER/W712/92M"
"EL51292","W712/92M","Oil Filter","VW","070 115 561","https://www.oilfilter-crossreference.com/convert/MANN-FILTER/W712/92M"
"EL51292","W712/92M","Oil Filter","VW","931 107 701 00","https://www.oilfilter-crossreference.com/convert/MANN-FILTER/W712/92M"
"EL51294","W712/94M","Oil Filter","BMW","11 42 1 266 773","https://www.oilfilter-crossreference.com/convert/MANN-FILTER/W712/94M"
"EL51294","W712/94M","Oil Filter","BMW","11 42 9 061 198","https://www.oilfilter-crossreference.com/convert/MANN-FILTER/W712/94M"
"EL51294","W712/94M","Oil Filter","CHRYSLER","3232126","https://www.oilfilter-crossreference.com/convert/MANN-FILTER/W712/94M"
"EL51294","W712/94M","Oil Filter","CHRYSLER","3250334","https://www.oilfilter-crossreference.com/convert/MANN-FILTER/W712/94M"
"EL51294","W712/94M","Oil Filter","CHRYSLER","5203217","https://www.oilfilter-crossreference.com/convert/MANN-FILTER/W712/94M"
"EL51294","W712/94M","Oil Filter","CHRYSLER","72674028","https://www.oilfilter-crossreference.com/convert/MANN-FILTER/W712/94M"
"EL51294","W712/94M","Oil Filter","CHRYSLER","8127168","https://www.oilfilter-crossreference.com/convert/MANN-FILTER/W712/94M"
"EL51294","W712/94M","Oil Filter","CHRYSLER","J3232126","https://www.oilfilter-crossreference.com/convert/MANN-FILTER/W712/94M"
"EL51294","W712/94M","Oil Filter","CHRYSLER","J3250334","https://www.oilfilter-crossreference.com/convert/MANN-FILTER/W712/94M"
"EL51294","W712/94M","Oil Filter","CHRYSLER","J8127168","https://www.oilfilter-crossreference.com/convert/MANN-FILTER/W712/94M"
"EL51294","W712/94M","Oil Filter","CITROEN","MLS000-155","https://www.oilfilter-crossreference.com/convert/MANN-FILTER/W712/94M"
"EL51294","W712/94M","Oil Filter","CITROEN","MLS000155","https://www.oilfilter-crossreference.com/convert/MANN-FILTER/W712/94M"
"EL51294","W712/94M","Oil Filter","FORD","1457512","https://www.oilfilter-crossreference.com/convert/MANN-FILTER/W712/94M"
"EL51294","W712/94M","Oil Filter","FORD","1462805","https://www.oilfilter-crossreference.com/convert/MANN-FILTER/W712/94M"
"EL51294","W712/94M","Oil Filter","FORD","1498014","https://www.oilfilter-crossreference.com/convert/MANN-FILTER/W712/94M"
"EL51294","W712/94M","Oil Filter","FORD","1536304","https://www.oilfilter-crossreference.com/convert/MANN-FILTER/W712/94M"
"EL51294","W712/94M","Oil Filter","FORD","1553370","https://www.oilfilter-crossreference.com/convert/MANN-FILTER/W712/94M"
"EL51294","W712/94M","Oil Filter","FORD","1555370","https://www.oilfilter-crossreference.com/convert/MANN-FILTER/W712/94M"
"EL51294","W712/94M","Oil Filter","FORD","1559937","https://www.oilfilter-crossreference.com/convert/MANN-FILTER/W712/94M"
"EL51294","W712/94M","Oil Filter","FORD","2735E-6714-B","https://www.oilfilter-crossreference.com/convert/MANN-FILTER/W712/94M"
"EL51294","W712/94M","Oil Filter","FORD","5002530","https://www.oilfilter-crossreference.com/convert/MANN-FILTER/W712/94M"
"EL51294","W712/94M","Oil Filter","FORD","5003329","https://www.oilfilter-crossreference.com/convert/MANN-FILTER/W712/94M"
"EL51294","W712/94M","Oil Filter","FORD","5003331","https://www.oilfilter-crossreference.com/convert/MANN-FILTER/W712/94M"
"EL51294","W712/94M","Oil Filter","FORD","5003930","https://www.oilfilter-crossreference.com/convert/MANN-FILTER/W712/94M"
"EL51294","W712/94M","Oil Filter","FORD","5003968","https://www.oilfilter-crossreference.com/convert/MANN-FILTER/W712/94M"
"EL51294","W712/94M","Oil Filter","FORD","5004926","https://www.oilfilter-crossreference.com/convert/MANN-FILTER/W712/94M"
"EL51294","W712/94M","Oil Filter","FORD","5011780","https://www.oilfilter-crossreference.com/convert/MANN-FILTER/W712/94M"
"EL51294","W712/94M","Oil Filter","FORD","5011782","https://www.oilfilter-crossreference.com/convert/MANN-FILTER/W712/94M"
"EL51294","W712/94M","Oil Filter","FORD","5013143","https://www.oilfilter-crossreference.com/convert/MANN-FILTER/W712/94M"
"EL51294","W712/94M","Oil Filter","FORD","5013319","https://www.oilfilter-crossreference.com/convert/MANN-FILTER/W712/94M"
"EL51294","W712/94M","Oil Filter","FORD","6041176","https://www.oilfilter-crossreference.com/convert/MANN-FILTER/W712/94M"
"EL51294","W712/94M","Oil Filter","FORD","691M-6714A/A","https://www.oilfilter-crossreference.com/convert/MANN-FILTER/W712/94M"
"EL51294","W712/94M","Oil Filter","FORD","77BM-6714-AA","https://www.oilfilter-crossreference.com/convert/MANN-FILTER/W712/94M"
"EL51294","W712/94M","Oil Filter","FORD","77BM-6714-C1A","https://www.oilfilter-crossreference.com/convert/MANN-FILTER/W712/94M"
"EL51294","W712/94M","Oil Filter","FORD","A700X6714AA","https://www.oilfilter-crossreference.com/convert/MANN-FILTER/W712/94M"
"EL51294","W712/94M","Oil Filter","FORD","A760X6714KA","https://www.oilfilter-crossreference.com/convert/MANN-FILTER/W712/94M"
"EL51294","W712/94M","Oil Filter","FORD","D0RY-6731-A","https://www.oilfilter-crossreference.com/convert/MANN-FILTER/W712/94M"
"EL51294","W712/94M","Oil Filter","FORD","D1PJ-6714-AA","https://www.oilfilter-crossreference.com/convert/MANN-FILTER/W712/94M"
"EL51294","W712/94M","Oil Filter","FORD","D1PZ-6731-A","https://www.oilfilter-crossreference.com/convert/MANN-FILTER/W712/94M"
"EL51294","W712/94M","Oil Filter","GENERAL-MOTORS","19160691","https://www.oilfilter-crossreference.com/convert/MANN-FILTER/W712/94M"
"EL51294","W712/94M","Oil Filter","GENERAL-MOTORS","19160694","https://www.oilfilter-crossreference.com/convert/MANN-FILTER/W712/94M"
"EL51294","W712/94M","Oil Filter","GENERAL-MOTORS","2-866-477","https://www.oilfilter-crossreference.com/convert/MANN-FILTER/W712/94M"
"EL51294","W712/94M","Oil Filter","GENERAL-MOTORS","6438162","https://www.oilfilter-crossreference.com/convert/MANN-FILTER/W712/94M"
"EL51294","W712/94M","Oil Filter","GENERAL-MOTORS","6439109","https://www.oilfilter-crossreference.com/convert/MANN-FILTER/W712/94M"
"EL51294","W712/94M","Oil Filter","GENERAL-MOTORS","650352","https://www.oilfilter-crossreference.com/convert/MANN-FILTER/W712/94M"
"EL51294","W712/94M","Oil Filter","GENERAL-MOTORS","7965051","https://www.oilfilter-crossreference.com/convert/MANN-FILTER/W712/94M"
"EL51294","W712/94M","Oil Filter","GENERAL-MOTORS","7976051","https://www.oilfilter-crossreference.com/convert/MANN-FILTER/W712/94M"
"EL51294","W712/94M","Oil Filter","GENERAL-MOTORS","7984225","https://www.oilfilter-crossreference.com/convert/MANN-FILTER/W712/94M"
"EL51294","W712/94M","Oil Filter","GENERAL-MOTORS","7984256","https://www.oilfilter-crossreference.com/convert/MANN-FILTER/W712/94M"
"EL51294","W712/94M","Oil Filter","GENERAL-MOTORS","90027778","https://www.oilfilter-crossreference.com/convert/MANN-FILTER/W712/94M"
"EL51294","W712/94M","Oil Filter","GENERAL-MOTORS","93156299","https://www.oilfilter-crossreference.com/convert/MANN-FILTER/W712/94M"
"EL51294","W712/94M","Oil Filter","GENERAL-MOTORS","93156958","https://www.oilfilter-crossreference.com/convert/MANN-FILTER/W712/94M"
"EL51294","W712/94M","Oil Filter","MITSUBISHI","J3232126","https://www.oilfilter-crossreference.com/convert/MANN-FILTER/W712/94M"
"EL51294","W712/94M","Oil Filter","MITSUBISHI","J3250334","https://www.oilfilter-crossreference.com/convert/MANN-FILTER/W712/94M"
"EL51294","W712/94M","Oil Filter","MITSUBISHI","N152H1010","https://www.oilfilter-crossreference.com/convert/MANN-FILTER/W712/94M"
"EL51294","W712/94M","Oil Filter","NISSAN","15208-H1010","https://www.oilfilter-crossreference.com/convert/MANN-FILTER/W712/94M"
"EL51294","W712/94M","Oil Filter","NISSAN","15208-H1011","https://www.oilfilter-crossreference.com/convert/MANN-FILTER/W712/94M"
"EL51294","W712/94M","Oil Filter","OPEL","09281199","https://www.oilfilter-crossreference.com/convert/MANN-FILTER/W712/94M"
"EL51294","W712/94M","Oil Filter","OPEL","2-866-477","https://www.oilfilter-crossreference.com/convert/MANN-FILTER/W712/94M"
"EL51294","W712/94M","Oil Filter","OPEL","2866477/VP","https://www.oilfilter-crossreference.com/convert/MANN-FILTER/W712/94M"
"EL51294","W712/94M","Oil Filter","OPEL","2866477VP","https://www.oilfilter-crossreference.com/convert/MANN-FILTER/W712/94M"
"EL51294","W712/94M","Oil Filter","OPEL","650352","https://www.oilfilter-crossreference.com/convert/MANN-FILTER/W712/94M"
"EL51294","W712/94M","Oil Filter","OPEL","650364","https://www.oilfilter-crossreference.com/convert/MANN-FILTER/W712/94M"
"EL51294","W712/94M","Oil Filter","OPEL","650365","https://www.oilfilter-crossreference.com/convert/MANN-FILTER/W712/94M"
"EL51294","W712/94M","Oil Filter","OPEL","650370","https://www.oilfilter-crossreference.com/convert/MANN-FILTER/W712/94M"
"EL51294","W712/94M","Oil Filter","OPEL","650371","https://www.oilfilter-crossreference.com/convert/MANN-FILTER/W712/94M"
"EL51294","W712/94M","Oil Filter","OPEL","650373","https://www.oilfilter-crossreference.com/convert/MANN-FILTER/W712/94M"
"EL51294","W712/94M","Oil Filter","OPEL","650400","https://www.oilfilter-crossreference.com/convert/MANN-FILTER/W712/94M"
"EL51294","W712/94M","Oil Filter","OPEL","7976051","https://www.oilfilter-crossreference.com/convert/MANN-FILTER/W712/94M"
"EL51294","W712/94M","Oil Filter","OPEL","90027778","https://www.oilfilter-crossreference.com/convert/MANN-FILTER/W712/94M"
"EL51294","W712/94M","Oil Filter","OPEL","9281199","https://www.oilfilter-crossreference.com/convert/MANN-FILTER/W712/94M"
"EL51294","W712/94M","Oil Filter","OPEL","VOF136","https://www.oilfilter-crossreference.com/convert/MANN-FILTER/W712/94M"
"EL51294","W712/94M","Oil Filter","OE","OF-1055","https://www.oilfilter-crossreference.com/convert/MANN-FILTER/W712/94M"
"EL51294","W712/94M","Oil Filter","OE","OF-1065","https://www.oilfilter-crossreference.com/convert/MANN-FILTER/W712/94M"
"EL51294","W712/94M","Oil Filter","OE","OF-250","https://www.oilfilter-crossreference.com/convert/MANN-FILTER/W712/94M"
"EL51294","W712/94M","Oil Filter","PEUGEOT","1109C5","https://www.oilfilter-crossreference.com/convert/MANN-FILTER/W712/94M"
"EL51294","W712/94M","Oil Filter","VAUXHALL","650364","https://www.oilfilter-crossreference.com/convert/MANN-FILTER/W712/94M"
"EL51294","W712/94M","Oil Filter","VAUXHALL","650365","https://www.oilfilter-crossreference.com/convert/MANN-FILTER/W712/94M"
"EL51294","W712/94M","Oil Filter","VAUXHALL","6696776","https://www.oilfilter-crossreference.com/convert/MANN-FILTER/W712/94M"
"EL51294","W712/94M","Oil Filter","VAUXHALL","7884256","https://www.oilfilter-crossreference.com/convert/MANN-FILTER/W712/94M"
"EL51294","W712/94M","Oil Filter","VAUXHALL","7965051","https://www.oilfilter-crossreference.com/convert/MANN-FILTER/W712/94M"
"EL51294","W712/94M","Oil Filter","VAUXHALL","7973235","https://www.oilfilter-crossreference.com/convert/MANN-FILTER/W712/94M"
"EL51294","W712/94M","Oil Filter","VAUXHALL","7973429","https://www.oilfilter-crossreference.com/convert/MANN-FILTER/W712/94M"
"EL51294","W712/94M","Oil Filter","VAUXHALL","7984256","https://www.oilfilter-crossreference.com/convert/MANN-FILTER/W712/94M"
"EL51294","W712/94M","Oil Filter","VAUXHALL","90027778","https://www.oilfilter-crossreference.com/convert/MANN-FILTER/W712/94M"
"EL51294","W712/94M","Oil Filter","VAUXHALL","93156299","https://www.oilfilter-crossreference.com/convert/MANN-FILTER/W712/94M"
"EL51294","W712/94M","Oil Filter","VAUXHALL","VOF136","https://www.oilfilter-crossreference.com/convert/MANN-FILTER/W712/94M"
"EL51294","W712/94M","Oil Filter","VW","034 115 561A","https://www.oilfilter-crossreference.com/convert/MANN-FILTER/W712/94M"
"EL51294","W712/94M","Oil Filter","VW","035 115 561","https://www.oilfilter-crossreference.com/convert/MANN-FILTER/W712/94M"
"EL51294","W712/94M","Oil Filter","VW","037 115 561","https://www.oilfilter-crossreference.com/convert/MANN-FILTER/W712/94M"
"EL51294","W712/94M","Oil Filter","VW","056 115 561","https://www.oilfilter-crossreference.com/convert/MANN-FILTER/W712/94M"
"EL51294","W712/94M","Oil Filter","VW","056 115 561A","https://www.oilfilter-crossreference.com/convert/MANN-FILTER/W712/94M"
"EL51294","W712/94M","Oil Filter","VW","056 115 561B","https://www.oilfilter-crossreference.com/convert/MANN-FILTER/W712/94M"
"EL51294","W712/94M","Oil Filter","VW","056 115 561C","https://www.oilfilter-crossreference.com/convert/MANN-FILTER/W712/94M"
"EL51294","W712/94M","Oil Filter","VW","056 115 561G","https://www.oilfilter-crossreference.com/convert/MANN-FILTER/W712/94M"
"EL51294","W712/94M","Oil Filter","VW","059 115 561A","https://www.oilfilter-crossreference.com/convert/MANN-FILTER/W712/94M"
"EL51294","W712/94M","Oil Filter","VW","059 115 561B","https://www.oilfilter-crossreference.com/convert/MANN-FILTER/W712/94M"
"EL51294","W712/94M","Oil Filter","VW","059 115 561C","https://www.oilfilter-crossreference.com/convert/MANN-FILTER/W712/94M"
"EL51294","W712/94M","Oil Filter","VW","06A 115 561","https://www.oilfilter-crossreference.com/convert/MANN-FILTER/W712/94M"
"EL51294","W712/94M","Oil Filter","VW","06A 115 561B","https://www.oilfilter-crossreference.com/convert/MANN-FILTER/W712/94M"
"EL51294","W712/94M","Oil Filter","VW","070 115 561","https://www.oilfilter-crossreference.com/convert/MANN-FILTER/W712/94M"
"EL51294","W712/94M","Oil Filter","VW","931 107 701 00","https://www.oilfilter-crossreference.com/convert/MANN-FILTER/W712/94M"
"EL57181","W718/1","Oil Filter","BMW","11 42 1 266 773","https://www.oilfilter-crossreference.com/convert/MANN-FILTER/W718/1"
"EL57181","W718/1","Oil Filter","BMW","11 42 9 061 198","https://www.oilfilter-crossreference.com/convert/MANN-FILTER/W718/1"
"EL57181","W718/1","Oil Filter","CHRYSLER","3232126","https://www.oilfilter-crossreference.com/convert/MANN-FILTER/W718/1"
"EL57181","W718/1","Oil Filter","CHRYSLER","3250334","https://www.oilfilter-crossreference.com/convert/MANN-FILTER/W718/1"
"EL57181","W718/1","Oil Filter","CHRYSLER","5203217","https://www.oilfilter-crossreference.com/convert/MANN-FILTER/W718/1"
"EL57181","W718/1","Oil Filter","CHRYSLER","72674028","https://www.oilfilter-crossreference.com/convert/MANN-FILTER/W718/1"
"EL57181","W718/1","Oil Filter","CHRYSLER","8127168","https://www.oilfilter-crossreference.com/convert/MANN-FILTER/W718/1"
"EL57181","W718/1","Oil Filter","CHRYSLER","J3232126","https://www.oilfilter-crossreference.com/convert/MANN-FILTER/W718/1"
"EL57181","W718/1","Oil Filter","CHRYSLER","J3250334","https://www.oilfilter-crossreference.com/convert/MANN-FILTER/W718/1"
"EL57181","W718/1","Oil Filter","CHRYSLER","J8127168","https://www.oilfilter-crossreference.com/convert/MANN-FILTER/W718/1"
"EL57181","W718/1","Oil Filter","FORD","140516040","https://www.oilfilter-crossreference.com/convert/MANN-FILTER/W718/1"
"EL57181","W718/1","Oil Filter","FORD","2735E-6714-B","https://www.oilfilter-crossreference.com/convert/MANN-FILTER/W718/1"
"EL57181","W718/1","Oil Filter","FORD","5000273","https://www.oilfilter-crossreference.com/convert/MANN-FILTER/W718/1"
"EL57181","W718/1","Oil Filter","FORD","6029109","https://www.oilfilter-crossreference.com/convert/MANN-FILTER/W718/1"
"EL57181","W718/1","Oil Filter","FORD","691M-6714A/A","https://www.oilfilter-crossreference.com/convert/MANN-FILTER/W718/1"
"EL57181","W718/1","Oil Filter","FORD","691M6714AA","https://www.oilfilter-crossreference.com/convert/MANN-FILTER/W718/1"
"EL57181","W718/1","Oil Filter","FORD","77BM-6714-AA","https://www.oilfilter-crossreference.com/convert/MANN-FILTER/W718/1"
"EL57181","W718/1","Oil Filter","FORD","77BM-6714-C1A","https://www.oilfilter-crossreference.com/convert/MANN-FILTER/W718/1"
"EL57181","W718/1","Oil Filter","FORD","77BM6714BA","https://www.oilfilter-crossreference.com/convert/MANN-FILTER/W718/1"
"EL57181","W718/1","Oil Filter","FORD","A720X6714UA","https://www.oilfilter-crossreference.com/convert/MANN-FILTER/W718/1"
"EL57181","W718/1","Oil Filter","FORD","D0RY-6731-A","https://www.oilfilter-crossreference.com/convert/MANN-FILTER/W718/1"
"EL57181","W718/1","Oil Filter","FORD","D1PJ-6714-AA","https://www.oilfilter-crossreference.com/convert/MANN-FILTER/W718/1"
"EL57181","W718/1","Oil Filter","FORD","D1PZ-6731-A","https://www.oilfilter-crossreference.com/convert/MANN-FILTER/W718/1"
"EL57181","W718/1","Oil Filter","FORD","D1PZ6731A","https://www.oilfilter-crossreference.com/convert/MANN-FILTER/W718/1"
"EL57181","W718/1","Oil Filter","FORD","DORY-6731-A","https://www.oilfilter-crossreference.com/convert/MANN-FILTER/W718/1"
"EL57181","W718/1","Oil Filter","FORD","E1NN-6714-BA","https://www.oilfilter-crossreference.com/convert/MANN-FILTER/W718/1"
"EL57181","W718/1","Oil Filter","FORD","E1NN-6714-BB","https://www.oilfilter-crossreference.com/convert/MANN-FILTER/W718/1"
"EL57181","W718/1","Oil Filter","FORD","E1PJ-6714-BA","https://www.oilfilter-crossreference.com/convert/MANN-FILTER/W718/1"
"EL57181","W718/1","Oil Filter","FORD","SBA140516110","https://www.oilfilter-crossreference.com/convert/MANN-FILTER/W718/1"
"EL57181","W718/1","Oil Filter","GENERAL-MOTORS","19160691","https://www.oilfilter-crossreference.com/convert/MANN-FILTER/W718/1"
"EL57181","W718/1","Oil Filter","GENERAL-MOTORS","19160694","https://www.oilfilter-crossreference.com/convert/MANN-FILTER/W718/1"
"EL57181","W718/1","Oil Filter","GENERAL-MOTORS","2-866-477","https://www.oilfilter-crossreference.com/convert/MANN-FILTER/W718/1"
"EL57181","W718/1","Oil Filter","GENERAL-MOTORS","25012652","https://www.oilfilter-crossreference.com/convert/MANN-FILTER/W718/1"
"EL57181","W718/1","Oil Filter","GENERAL-MOTORS","6437982","https://www.oilfilter-crossreference.com/convert/MANN-FILTER/W718/1"
"EL57181","W718/1","Oil Filter","GENERAL-MOTORS","6438162","https://www.oilfilter-crossreference.com/convert/MANN-FILTER/W718/1"
"EL57181","W718/1","Oil Filter","GENERAL-MOTORS","6439109","https://www.oilfilter-crossreference.com/convert/MANN-FILTER/W718/1"
"EL57181","W718/1","Oil Filter","GENERAL-MOTORS","650352","https://www.oilfilter-crossreference.com/convert/MANN-FILTER/W718/1"
"EL57181","W718/1","Oil Filter","GENERAL-MOTORS","7965051","https://www.oilfilter-crossreference.com/convert/MANN-FILTER/W718/1"
"EL57181","W718/1","Oil Filter","GENERAL-MOTORS","7976051","https://www.oilfilter-crossreference.com/convert/MANN-FILTER/W718/1"
"EL57181","W718/1","Oil Filter","GENERAL-MOTORS","7984225","https://www.oilfilter-crossreference.com/convert/MANN-FILTER/W718/1"
"EL57181","W718/1","Oil Filter","GENERAL-MOTORS","94020402","https://www.oilfilter-crossreference.com/convert/MANN-FILTER/W718/1"
"EL57181","W718/1","Oil Filter","MITSUBISHI","J3232126","https://www.oilfilter-crossreference.com/convert/MANN-FILTER/W718/1"
"EL57181","W718/1","Oil Filter","MITSUBISHI","J3250334","https://www.oilfilter-crossreference.com/convert/MANN-FILTER/W718/1"
"EL57181","W718/1","Oil Filter","MITSUBISHI","N152H1010","https://www.oilfilter-crossreference.com/convert/MANN-FILTER/W718/1"
"EL57181","W718/1","Oil Filter","NISSAN","15208-13210","https://www.oilfilter-crossreference.com/convert/MANN-FILTER/W718/1"
"EL57181","W718/1","Oil Filter","NISSAN","15208-13213","https://www.oilfilter-crossreference.com/convert/MANN-FILTER/W718/1"
"EL57181","W718/1","Oil Filter","NISSAN","15208-H1010","https://www.oilfilter-crossreference.com/convert/MANN-FILTER/W718/1"
"EL57181","W718/1","Oil Filter","NISSAN","15208-H1011","https://www.oilfilter-crossreference.com/convert/MANN-FILTER/W718/1"
"EL57181","W718/1","Oil Filter","NISSAN","1520813213","https://www.oilfilter-crossreference.com/convert/MANN-FILTER/W718/1"
"EL57181","W718/1","Oil Filter","OPEL","2-866-477","https://www.oilfilter-crossreference.com/convert/MANN-FILTER/W718/1"
"EL57181","W718/1","Oil Filter","OPEL","650352","https://www.oilfilter-crossreference.com/convert/MANN-FILTER/W718/1"
"EL57181","W718/1","Oil Filter","OPEL","650353","https://www.oilfilter-crossreference.com/convert/MANN-FILTER/W718/1"
"EL57181","W718/1","Oil Filter","OPEL","650653","https://www.oilfilter-crossreference.com/convert/MANN-FILTER/W718/1"
"EL57181","W718/1","Oil Filter","OPEL","6696257","https://www.oilfilter-crossreference.com/convert/MANN-FILTER/W718/1"
"EL57181","W718/1","Oil Filter","OPEL","7976051","https://www.oilfilter-crossreference.com/convert/MANN-FILTER/W718/1"
"EL57181","W718/1","Oil Filter","OE","OF-1055","https://www.oilfilter-crossreference.com/convert/MANN-FILTER/W718/1"
"EL57181","W718/1","Oil Filter","OE","OF-1065","https://www.oilfilter-crossreference.com/convert/MANN-FILTER/W718/1"
"EL57181","W718/1","Oil Filter","OE","OF-1140","https://www.oilfilter-crossreference.com/convert/MANN-FILTER/W718/1"
"EL57181","W718/1","Oil Filter","OE","OF-250","https://www.oilfilter-crossreference.com/convert/MANN-FILTER/W718/1"
"EL57181","W718/1","Oil Filter","OE","OF-865","https://www.oilfilter-crossreference.com/convert/MANN-FILTER/W718/1"
"EL57181","W718/1","Oil Filter","SUBARU","42033-7110","https://www.oilfilter-crossreference.com/convert/MANN-FILTER/W718/1"
"EL57181","W718/1","Oil Filter","SUBARU","88087-4100","https://www.oilfilter-crossreference.com/convert/MANN-FILTER/W718/1"
"EL57181","W718/1","Oil Filter","SUBARU","88087-4110","https://www.oilfilter-crossreference.com/convert/MANN-FILTER/W718/1"
"EL57181","W718/1","Oil Filter","SUBARU","SOA250000","https://www.oilfilter-crossreference.com/convert/MANN-FILTER/W718/1"
"EL57181","W718/1","Oil Filter","SUBARU","SOA250010","https://www.oilfilter-crossreference.com/convert/MANN-FILTER/W718/1"
"EL57181","W718/1","Oil Filter","TOYOTA","15601-22010","https://www.oilfilter-crossreference.com/convert/MANN-FILTER/W718/1"
"EL57181","W718/1","Oil Filter","TOYOTA","15601-33010","https://www.oilfilter-crossreference.com/convert/MANN-FILTER/W718/1"
"EL57181","W718/1","Oil Filter","TOYOTA","15601-33020","https://www.oilfilter-crossreference.com/convert/MANN-FILTER/W718/1"
"EL57181","W718/1","Oil Filter","TOYOTA","15601-33021","https://www.oilfilter-crossreference.com/convert/MANN-FILTER/W718/1"
"EL57181","W718/1","Oil Filter","TOYOTA","15601-76001-71","https://www.oilfilter-crossreference.com/convert/MANN-FILTER/W718/1"
"EL57181","W718/1","Oil Filter","VW","034 115 561A","https://www.oilfilter-crossreference.com/convert/MANN-FILTER/W718/1"
"EL57181","W718/1","Oil Filter","VW","035 115 561","https://www.oilfilter-crossreference.com/convert/MANN-FILTER/W718/1"
"EL57181","W718/1","Oil Filter","VW","037 115 561","https://www.oilfilter-crossreference.com/convert/MANN-FILTER/W718/1"
"EL57181","W718/1","Oil Filter","VW","056 115 561","https://www.oilfilter-crossreference.com/convert/MANN-FILTER/W718/1"
"EL57181","W718/1","Oil Filter","VW","056 115 561A","https://www.oilfilter-crossreference.com/convert/MANN-FILTER/W718/1"
"EL57181","W718/1","Oil Filter","VW","056 115 561B","https://www.oilfilter-crossreference.com/convert/MANN-FILTER/W718/1"
"EL57181","W718/1","Oil Filter","VW","056 115 561C","https://www.oilfilter-crossreference.com/convert/MANN-FILTER/W718/1"
"EL57181","W718/1","Oil Filter","VW","056 115 561G","https://www.oilfilter-crossreference.com/convert/MANN-FILTER/W718/1"
"EL57181","W718/1","Oil Filter","VW","059 115 561A","https://www.oilfilter-crossreference.com/convert/MANN-FILTER/W718/1"
"EL57181","W718/1","Oil Filter","VW","059 115 561B","https://www.oilfilter-crossreference.com/convert/MANN-FILTER/W718/1"
"EL57181","W718/1","Oil Filter","VW","059 115 561C","https://www.oilfilter-crossreference.com/convert/MANN-FILTER/W718/1"
"EL57181","W718/1","Oil Filter","VW","06A 115 561","https://www.oilfilter-crossreference.com/convert/MANN-FILTER/W718/1"
"EL57181","W718/1","Oil Filter","VW","06A 115 561B","https://www.oilfilter-crossreference.com/convert/MANN-FILTER/W718/1"
"EL57181","W718/1","Oil Filter","VW","070 115 561","https://www.oilfilter-crossreference.com/convert/MANN-FILTER/W718/1"
"EL57181","W718/1","Oil Filter","VW","931 107 701 00","https://www.oilfilter-crossreference.com/convert/MANN-FILTER/W718/1"
"EL50773","W77/3","Oil Filter","CHRYSLER","4419970","https://www.oilfilter-crossreference.com/convert/MANN-FILTER/W77/3"
"EL50773","W77/3","Oil Filter","CHRYSLER","83501000","https://www.oilfilter-crossreference.com/convert/MANN-FILTER/W77/3"
"EL50773","W77/3","Oil Filter","CHRYSLER","83501080","https://www.oilfilter-crossreference.com/convert/MANN-FILTER/W77/3"
"EL50773","W77/3","Oil Filter","CHRYSLER","898350180","https://www.oilfilter-crossreference.com/convert/MANN-FILTER/W77/3"
"EL50773","W77/3","Oil Filter","CHRYSLER","T0538151","https://www.oilfilter-crossreference.com/convert/MANN-FILTER/W77/3"
"EL50773","W77/3","Oil Filter","CHRYSLER","T0542526","https://www.oilfilter-crossreference.com/convert/MANN-FILTER/W77/3"
"EL50773","W77/3","Oil Filter","CHRYSLER","T1265435","https://www.oilfilter-crossreference.com/convert/MANN-FILTER/W77/3"
"EL50773","W77/3","Oil Filter","CHRYSLER","T1348023","https://www.oilfilter-crossreference.com/convert/MANN-FILTER/W77/3"
"EL50773","W77/3","Oil Filter","CHRYSLER","T1348108","https://www.oilfilter-crossreference.com/convert/MANN-FILTER/W77/3"
"EL50773","W77/3","Oil Filter","CHRYSLER","T1348440","https://www.oilfilter-crossreference.com/convert/MANN-FILTER/W77/3"
"EL50773","W77/3","Oil Filter","CHRYSLER","T1365435","https://www.oilfilter-crossreference.com/convert/MANN-FILTER/W77/3"
"EL50773","W77/3","Oil Filter","CHRYSLER","T1365436","https://www.oilfilter-crossreference.com/convert/MANN-FILTER/W77/3"
"EL50773","W77/3","Oil Filter","CITROEN","MLS000-169","https://www.oilfilter-crossreference.com/convert/MANN-FILTER/W77/3"
"EL50773","W77/3","Oil Filter","CITROEN","MLS000169","https://www.oilfilter-crossreference.com/convert/MANN-FILTER/W77/3"
"EL50773","W77/3","Oil Filter","FIAT","4371581","https://www.oilfilter-crossreference.com/convert/MANN-FILTER/W77/3"
"EL50773","W77/3","Oil Filter","FIAT","4371581VF2","https://www.oilfilter-crossreference.com/convert/MANN-FILTER/W77/3"
"EL50773","W77/3","Oil Filter","FIAT","71736169","https://www.oilfilter-crossreference.com/convert/MANN-FILTER/W77/3"
"EL50773","W77/3","Oil Filter","FIAT","7683815","https://www.oilfilter-crossreference.com/convert/MANN-FILTER/W77/3"
"EL50773","W77/3","Oil Filter","FORD","1498017","https://www.oilfilter-crossreference.com/convert/MANN-FILTER/W77/3"
"EL50773","W77/3","Oil Filter","FORD","5001156","https://www.oilfilter-crossreference.com/convert/MANN-FILTER/W77/3"
"EL50773","W77/3","Oil Filter","FORD","5006951","https://www.oilfilter-crossreference.com/convert/MANN-FILTER/W77/3"
"EL50773","W77/3","Oil Filter","FORD","5009421","https://www.oilfilter-crossreference.com/convert/MANN-FILTER/W77/3"
"EL50773","W77/3","Oil Filter","FORD","5012037","https://www.oilfilter-crossreference.com/convert/MANN-FILTER/W77/3"
"EL50773","W77/3","Oil Filter","FORD","5013149","https://www.oilfilter-crossreference.com/convert/MANN-FILTER/W77/3"
"EL50773","W77/3","Oil Filter","FORD","A700X63714DA","https://www.oilfilter-crossreference.com/convert/MANN-FILTER/W77/3"
"EL50773","W77/3","Oil Filter","FORD","A700X6714DA","https://www.oilfilter-crossreference.com/convert/MANN-FILTER/W77/3"
"EL50773","W77/3","Oil Filter","FORD","A740X6714CA","https://www.oilfilter-crossreference.com/convert/MANN-FILTER/W77/3"
"EL50773","W77/3","Oil Filter","GENERAL-MOTORS","25011293","https://www.oilfilter-crossreference.com/convert/MANN-FILTER/W77/3"
"EL50773","W77/3","Oil Filter","GENERAL-MOTORS","25313748","https://www.oilfilter-crossreference.com/convert/MANN-FILTER/W77/3"
"EL50773","W77/3","Oil Filter","GENERAL-MOTORS","7984153","https://www.oilfilter-crossreference.com/convert/MANN-FILTER/W77/3"
"EL50773","W77/3","Oil Filter","GENERAL-MOTORS","7984225","https://www.oilfilter-crossreference.com/convert/MANN-FILTER/W77/3"
"EL50773","W77/3","Oil Filter","GENERAL-MOTORS","7984550","https://www.oilfilter-crossreference.com/convert/MANN-FILTER/W77/3"
"EL50773","W77/3","Oil Filter","OE","OF-325","https://www.oilfilter-crossreference.com/convert/MANN-FILTER/W77/3"
"EL50773","W77/3","Oil Filter","PEUGEOT","1109A1","https://www.oilfilter-crossreference.com/convert/MANN-FILTER/W77/3"
"EL50793","W79/3","Oil Filter","GENERAL-MOTORS","93181255","https://www.oilfilter-crossreference.com/convert/MANN-FILTER/W79/3"
"EL50793","W79/3","Oil Filter","GENERAL-MOTORS","93198441","https://www.oilfilter-crossreference.com/convert/MANN-FILTER/W79/3"
"EL50793","W79/3","Oil Filter","MERCEDES-BENZ","2811800310","https://www.oilfilter-crossreference.com/convert/MANN-FILTER/W79/3"
"EL50793","W79/3","Oil Filter","MERCEDES-BENZ","A2811800310","https://www.oilfilter-crossreference.com/convert/MANN-FILTER/W79/3"
"EL50793","W79/3","Oil Filter","NISSAN","15208-00Q0D","https://www.oilfilter-crossreference.com/convert/MANN-FILTER/W79/3"
"EL50793","W79/3","Oil Filter","NISSAN","15208-00Q0G","https://www.oilfilter-crossreference.com/convert/MANN-FILTER/W79/3"
"EL50793","W79/3","Oil Filter","NISSAN","15208-00QAF","https://www.oilfilter-crossreference.com/convert/MANN-FILTER/W79/3"
"EL50793","W79/3","Oil Filter","NISSAN","15208-AW300","https://www.oilfilter-crossreference.com/convert/MANN-FILTER/W79/3"
"EL50793","W79/3","Oil Filter","NISSAN","1520800Q0D","https://www.oilfilter-crossreference.com/convert/MANN-FILTER/W79/3"
"EL50793","W79/3","Oil Filter","NISSAN","1520800Q0G","https://www.oilfilter-crossreference.com/convert/MANN-FILTER/W79/3"
"EL50793","W79/3","Oil Filter","NISSAN","1520800QAF","https://www.oilfilter-crossreference.com/convert/MANN-FILTER/W79/3"
"EL50793","W79/3","Oil Filter","NISSAN","15208AW300","https://www.oilfilter-crossreference.com/convert/MANN-FILTER/W79/3"
"EL50793","W79/3","Oil Filter","OPEL","4415442","https://www.oilfilter-crossreference.com/convert/MANN-FILTER/W79/3"
"EL50793","W79/3","Oil Filter","OPEL","4434962","https://www.oilfilter-crossreference.com/convert/MANN-FILTER/W79/3"
"EL50793","W79/3","Oil Filter","SUZUKI","16510-67JG0","https://www.oilfilter-crossreference.com/convert/MANN-FILTER/W79/3"
"EL50793","W79/3","Oil Filter","SUZUKI","16510-67JG0-000","https://www.oilfilter-crossreference.com/convert/MANN-FILTER/W79/3"
"EL50793","W79/3","Oil Filter","SUZUKI","16510-84A10","https://www.oilfilter-crossreference.com/convert/MANN-FILTER/W79/3"
"EL50793","W79/3","Oil Filter","SUZUKI","16510-84A10-000","https://www.oilfilter-crossreference.com/convert/MANN-FILTER/W79/3"
"EL50793","W79/3","Oil Filter","SUZUKI","16510-84A11","https://www.oilfilter-crossreference.com/convert/MANN-FILTER/W79/3"
"EL50793","W79/3","Oil Filter","SUZUKI","16510-84A11-000","https://www.oilfilter-crossreference.com/convert/MANN-FILTER/W79/3"
"EL50793","W79/3","Oil Filter","SUZUKI","16510-84A12","https://www.oilfilter-crossreference.com/convert/MANN-FILTER/W79/3"
"EL50793","W79/3","Oil Filter","SUZUKI","16510-84A12-000","https://www.oilfilter-crossreference.com/convert/MANN-FILTER/W79/3"
"EL50793","W79/3","Oil Filter","SUZUKI","1651067JG0","https://www.oilfilter-crossreference.com/convert/MANN-FILTER/W79/3"
"EL50793","W79/3","Oil Filter","SUZUKI","1651067JG0000","https://www.oilfilter-crossreference.com/convert/MANN-FILTER/W79/3"
"EL50793","W79/3","Oil Filter","SUZUKI","1651084A10","https://www.oilfilter-crossreference.com/convert/MANN-FILTER/W79/3"
"EL50793","W79/3","Oil Filter","SUZUKI","1651084A10000","https://www.oilfilter-crossreference.com/convert/MANN-FILTER/W79/3"
"EL50793","W79/3","Oil Filter","SUZUKI","1651084A11","https://www.oilfilter-crossreference.com/convert/MANN-FILTER/W79/3"
"EL50793","W79/3","Oil Filter","SUZUKI","1651084A11000","https://www.oilfilter-crossreference.com/convert/MANN-FILTER/W79/3"
"EL50793","W79/3","Oil Filter","SUZUKI","1651084A12","https://www.oilfilter-crossreference.com/convert/MANN-FILTER/W79/3"
"EL50793","W79/3","Oil Filter","SUZUKI","1651084A12000","https://www.oilfilter-crossreference.com/convert/MANN-FILTER/W79/3"
"EL56110","W916/1(10)","Oil Filter","ALFA-ROMEO","105550603001","https://www.oilfilter-crossreference.com/convert/MANN-FILTER/W916/1(10)"
"EL56110","W916/1(10)","Oil Filter","ALFA-ROMEO","11600060309","https://www.oilfilter-crossreference.com/convert/MANN-FILTER/W916/1(10)"
"EL56110","W916/1(10)","Oil Filter","ALFA-ROMEO","116000603099","https://www.oilfilter-crossreference.com/convert/MANN-FILTER/W916/1(10)"
"EL56110","W916/1(10)","Oil Filter","ALFA-ROMEO","116440603000","https://www.oilfilter-crossreference.com/convert/MANN-FILTER/W916/1(10)"
"EL56110","W916/1(10)","Oil Filter","ALFA-ROMEO","60507080","https://www.oilfilter-crossreference.com/convert/MANN-FILTER/W916/1(10)"
"EL56110","W916/1(10)","Oil Filter","CHRYSLER","05281090","https://www.oilfilter-crossreference.com/convert/MANN-FILTER/W916/1(10)"
"EL56110","W916/1(10)","Oil Filter","CHRYSLER","3549957","https://www.oilfilter-crossreference.com/convert/MANN-FILTER/W916/1(10)"
"EL56110","W916/1(10)","Oil Filter","CHRYSLER","3685741","https://www.oilfilter-crossreference.com/convert/MANN-FILTER/W916/1(10)"
"EL56110","W916/1(10)","Oil Filter","CHRYSLER","4417559","https://www.oilfilter-crossreference.com/convert/MANN-FILTER/W916/1(10)"
"EL56110","W916/1(10)","Oil Filter","CHRYSLER","5037333AA","https://www.oilfilter-crossreference.com/convert/MANN-FILTER/W916/1(10)"
"EL56110","W916/1(10)","Oil Filter","CHRYSLER","5037836AA","https://www.oilfilter-crossreference.com/convert/MANN-FILTER/W916/1(10)"
"EL56110","W916/1(10)","Oil Filter","CHRYSLER","5037836AB","https://www.oilfilter-crossreference.com/convert/MANN-FILTER/W916/1(10)"
"EL56110","W916/1(10)","Oil Filter","CHRYSLER","5281090","https://www.oilfilter-crossreference.com/convert/MANN-FILTER/W916/1(10)"
"EL56110","W916/1(10)","Oil Filter","CHRYSLER","5281090AA","https://www.oilfilter-crossreference.com/convert/MANN-FILTER/W916/1(10)"
"EL56110","W916/1(10)","Oil Filter","CHRYSLER","5281090BB","https://www.oilfilter-crossreference.com/convert/MANN-FILTER/W916/1(10)"
"EL56110","W916/1(10)","Oil Filter","CHRYSLER","53020311","https://www.oilfilter-crossreference.com/convert/MANN-FILTER/W916/1(10)"
"EL56110","W916/1(10)","Oil Filter","CHRYSLER","J8134326","https://www.oilfilter-crossreference.com/convert/MANN-FILTER/W916/1(10)"
"EL56110","W916/1(10)","Oil Filter","CHRYSLER","L-1008","https://www.oilfilter-crossreference.com/convert/MANN-FILTER/W916/1(10)"
"EL56110","W916/1(10)","Oil Filter","CHRYSLER","L-19","https://www.oilfilter-crossreference.com/convert/MANN-FILTER/W916/1(10)"
"EL56110","W916/1(10)","Oil Filter","CHRYSLER","MC10863","https://www.oilfilter-crossreference.com/convert/MANN-FILTER/W916/1(10)"
"EL56110","W916/1(10)","Oil Filter","CHRYSLER","MD108063","https://www.oilfilter-crossreference.com/convert/MANN-FILTER/W916/1(10)"
"EL56110","W916/1(10)","Oil Filter","CHRYSLER","MD129809","https://www.oilfilter-crossreference.com/convert/MANN-FILTER/W916/1(10)"
"EL56110","W916/1(10)","Oil Filter","CHRYSLER","MD308302","https://www.oilfilter-crossreference.com/convert/MANN-FILTER/W916/1(10)"
"EL56110","W916/1(10)","Oil Filter","CHRYSLER","MD333200","https://www.oilfilter-crossreference.com/convert/MANN-FILTER/W916/1(10)"
"EL56110","W916/1(10)","Oil Filter","CHRYSLER","MD353795","https://www.oilfilter-crossreference.com/convert/MANN-FILTER/W916/1(10)"
"EL56110","W916/1(10)","Oil Filter","CHRYSLER","T1365661","https://www.oilfilter-crossreference.com/convert/MANN-FILTER/W916/1(10)"
"EL56110","W916/1(10)","Oil Filter","CHRYSLER","X3549957","https://www.oilfilter-crossreference.com/convert/MANN-FILTER/W916/1(10)"
"EL56110","W916/1(10)","Oil Filter","CITROEN","1109W7","https://www.oilfilter-crossreference.com/convert/MANN-FILTER/W916/1(10)"
"EL59161","W916/1X","Oil Filter","ALFA-ROMEO","105550603001","https://www.oilfilter-crossreference.com/convert/MANN-FILTER/W916/1X"
"EL59161","W916/1X","Oil Filter","ALFA-ROMEO","11600060309","https://www.oilfilter-crossreference.com/convert/MANN-FILTER/W916/1X"
"EL59161","W916/1X","Oil Filter","ALFA-ROMEO","116000603099","https://www.oilfilter-crossreference.com/convert/MANN-FILTER/W916/1X"
"EL59161","W916/1X","Oil Filter","ALFA-ROMEO","116440603000","https://www.oilfilter-crossreference.com/convert/MANN-FILTER/W916/1X"
"EL59161","W916/1X","Oil Filter","ALFA-ROMEO","60507080","https://www.oilfilter-crossreference.com/convert/MANN-FILTER/W916/1X"
"EL59161","W916/1X","Oil Filter","CHRYSLER","05281090","https://www.oilfilter-crossreference.com/convert/MANN-FILTER/W916/1X"
"EL59161","W916/1X","Oil Filter","CHRYSLER","3549957","https://www.oilfilter-crossreference.com/convert/MANN-FILTER/W916/1X"
"EL59161","W916/1X","Oil Filter","CHRYSLER","3685741","https://www.oilfilter-crossreference.com/convert/MANN-FILTER/W916/1X"
"EL59161","W916/1X","Oil Filter","CHRYSLER","4417559","https://www.oilfilter-crossreference.com/convert/MANN-FILTER/W916/1X"
"EL59161","W916/1X","Oil Filter","CHRYSLER","5037333AA","https://www.oilfilter-crossreference.com/convert/MANN-FILTER/W916/1X"
"EL59161","W916/1X","Oil Filter","CHRYSLER","5037836AA","https://www.oilfilter-crossreference.com/convert/MANN-FILTER/W916/1X"
"EL59161","W916/1X","Oil Filter","CHRYSLER","5037836AB","https://www.oilfilter-crossreference.com/convert/MANN-FILTER/W916/1X"
"EL59161","W916/1X","Oil Filter","CHRYSLER","5281090","https://www.oilfilter-crossreference.com/convert/MANN-FILTER/W916/1X"
"EL59161","W916/1X","Oil Filter","CHRYSLER","5281090AA","https://www.oilfilter-crossreference.com/convert/MANN-FILTER/W916/1X"
"EL59161","W916/1X","Oil Filter","CHRYSLER","5281090BB","https://www.oilfilter-crossreference.com/convert/MANN-FILTER/W916/1X"
"EL59161","W916/1X","Oil Filter","CHRYSLER","53020311","https://www.oilfilter-crossreference.com/convert/MANN-FILTER/W916/1X"
"EL59161","W916/1X","Oil Filter","CHRYSLER","J8134326","https://www.oilfilter-crossreference.com/convert/MANN-FILTER/W916/1X"
"EL59161","W916/1X","Oil Filter","CHRYSLER","L-1008","https://www.oilfilter-crossreference.com/convert/MANN-FILTER/W916/1X"
"EL59161","W916/1X","Oil Filter","CHRYSLER","L-19","https://www.oilfilter-crossreference.com/convert/MANN-FILTER/W916/1X"
"EL59161","W916/1X","Oil Filter","CHRYSLER","MC10863","https://www.oilfilter-crossreference.com/convert/MANN-FILTER/W916/1X"
"EL59161","W916/1X","Oil Filter","CHRYSLER","MD108063","https://www.oilfilter-crossreference.com/convert/MANN-FILTER/W916/1X"
"EL59161","W916/1X","Oil Filter","CHRYSLER","MD129809","https://www.oilfilter-crossreference.com/convert/MANN-FILTER/W916/1X"
"EL59161","W916/1X","Oil Filter","CHRYSLER","MD308302","https://www.oilfilter-crossreference.com/convert/MANN-FILTER/W916/1X"
"EL59161","W916/1X","Oil Filter","CHRYSLER","MD333200","https://www.oilfilter-crossreference.com/convert/MANN-FILTER/W916/1X"
"EL59161","W916/1X","Oil Filter","CHRYSLER","MD353795","https://www.oilfilter-crossreference.com/convert/MANN-FILTER/W916/1X"
"EL59161","W916/1X","Oil Filter","CHRYSLER","T1365661","https://www.oilfilter-crossreference.com/convert/MANN-FILTER/W916/1X"
"EL59161","W916/1X","Oil Filter","CHRYSLER","X3549957","https://www.oilfilter-crossreference.com/convert/MANN-FILTER/W916/1X"
"EL59161","W916/1X","Oil Filter","CITROEN","1109W7","https://www.oilfilter-crossreference.com/convert/MANN-FILTER/W916/1X"
"EL59201","W920/1","Oil Filter","CHRYSLER","3549957","https://www.oilfilter-crossreference.com/convert/MANN-FILTER/W920/1"
"EL59201","W920/1","Oil Filter","CHRYSLER","3685741","https://www.oilfilter-crossreference.com/convert/MANN-FILTER/W920/1"
"EL59201","W920/1","Oil Filter","CHRYSLER","X3549957","https://www.oilfilter-crossreference.com/convert/MANN-FILTER/W920/1"
"EL59201","W920/1","Oil Filter","FIAT","5951685","https://www.oilfilter-crossreference.com/convert/MANN-FILTER/W920/1"
"EL59201","W920/1","Oil Filter","FIAT","5964796","https://www.oilfilter-crossreference.com/convert/MANN-FILTER/W920/1"
"EL59201","W920/1","Oil Filter","FORD","1498020","https://www.oilfilter-crossreference.com/convert/MANN-FILTER/W920/1"
"EL59201","W920/1","Oil Filter","FORD","A700X6714GA","https://www.oilfilter-crossreference.com/convert/MANN-FILTER/W920/1"
"EL59201","W920/1","Oil Filter","FORD","D4ZZ-6731-B","https://www.oilfilter-crossreference.com/convert/MANN-FILTER/W920/1"
"EL59201","W920/1","Oil Filter","FORD","D5NN6714A","https://www.oilfilter-crossreference.com/convert/MANN-FILTER/W920/1"
"EL59201","W920/1","Oil Filter","FORD","D5ZZ-6731-A","https://www.oilfilter-crossreference.com/convert/MANN-FILTER/W920/1"
"EL59201","W920/1","Oil Filter","FORD","D9AZ-6731-A","https://www.oilfilter-crossreference.com/convert/MANN-FILTER/W920/1"
"EL59201","W920/1","Oil Filter","FORD","E7NN-6714-DA","https://www.oilfilter-crossreference.com/convert/MANN-FILTER/W920/1"
"EL59201","W920/1","Oil Filter","GENERAL-MOTORS","25013075","https://www.oilfilter-crossreference.com/convert/MANN-FILTER/W920/1"
"EL59201","W920/1","Oil Filter","GENERAL-MOTORS","6436749","https://www.oilfilter-crossreference.com/convert/MANN-FILTER/W920/1"
"EL59201","W920/1","Oil Filter","GENERAL-MOTORS","6438121","https://www.oilfilter-crossreference.com/convert/MANN-FILTER/W920/1"
"EL59201","W920/1","Oil Filter","GENERAL-MOTORS","6439119","https://www.oilfilter-crossreference.com/convert/MANN-FILTER/W920/1"
"EL59201","W920/1","Oil Filter","GENERAL-MOTORS","6439143","https://www.oilfilter-crossreference.com/convert/MANN-FILTER/W920/1"
"EL59201","W920/1","Oil Filter","GENERAL-MOTORS","V1119324","https://www.oilfilter-crossreference.com/convert/MANN-FILTER/W920/1"
"EL59201","W920/1","Oil Filter","NISSAN","15208-05D01","https://www.oilfilter-crossreference.com/convert/MANN-FILTER/W920/1"
"EL59201","W920/1","Oil Filter","NISSAN","15208-80W00","https://www.oilfilter-crossreference.com/convert/MANN-FILTER/W920/1"
"EL59201","W920/1","Oil Filter","NISSAN","15208-W1103","https://www.oilfilter-crossreference.com/convert/MANN-FILTER/W920/1"
"EL59201","W920/1","Oil Filter","NISSAN","15208-W1116","https://www.oilfilter-crossreference.com/convert/MANN-FILTER/W920/1"
"EL59201","W920/1","Oil Filter","NISSAN","15208-W3401","https://www.oilfilter-crossreference.com/convert/MANN-FILTER/W920/1"
"EL59201","W920/1","Oil Filter","NISSAN","BF208-05D02","https://www.oilfilter-crossreference.com/convert/MANN-FILTER/W920/1"
"EL59201","W920/1","Oil Filter","NISSAN","FL208-05D01","https://www.oilfilter-crossreference.com/convert/MANN-FILTER/W920/1"
"EL59201","W920/1","Oil Filter","OE","OF-660","https://www.oilfilter-crossreference.com/convert/MANN-FILTER/W920/1"
"EL59201","W920/1","Oil Filter","OE","OF-745","https://www.oilfilter-crossreference.com/convert/MANN-FILTER/W920/1"
"EL59201","W920/1","Oil Filter","OE","OF-750","https://www.oilfilter-crossreference.com/convert/MANN-FILTER/W920/1"
"EL59201","W920/1","Oil Filter","OE","OF-854","https://www.oilfilter-crossreference.com/convert/MANN-FILTER/W920/1"
"EL59201","W920/1","Oil Filter","OE","OF-950","https://www.oilfilter-crossreference.com/convert/MANN-FILTER/W920/1"
"EL52012","W920/12","Oil Filter","CHRYSLER","3549957","https://www.oilfilter-crossreference.com/convert/MANN-FILTER/W920/12"
"EL52012","W920/12","Oil Filter","CHRYSLER","3685741","https://www.oilfilter-crossreference.com/convert/MANN-FILTER/W920/12"
"EL52012","W920/12","Oil Filter","CHRYSLER","X3549957","https://www.oilfilter-crossreference.com/convert/MANN-FILTER/W920/12"
"EL52012","W920/12","Oil Filter","FIAT","5951685","https://www.oilfilter-crossreference.com/convert/MANN-FILTER/W920/12"
"EL52012","W920/12","Oil Filter","FIAT","5964796","https://www.oilfilter-crossreference.com/convert/MANN-FILTER/W920/12"
"EL52012","W920/12","Oil Filter","FORD","1498020","https://www.oilfilter-crossreference.com/convert/MANN-FILTER/W920/12"
"EL52012","W920/12","Oil Filter","FORD","A700X6714GA","https://www.oilfilter-crossreference.com/convert/MANN-FILTER/W920/12"
"EL52012","W920/12","Oil Filter","FORD","D4ZZ-6731-B","https://www.oilfilter-crossreference.com/convert/MANN-FILTER/W920/12"
"EL52012","W920/12","Oil Filter","FORD","D5NN6714A","https://www.oilfilter-crossreference.com/convert/MANN-FILTER/W920/12"
"EL52012","W920/12","Oil Filter","FORD","D5ZZ-6731-A","https://www.oilfilter-crossreference.com/convert/MANN-FILTER/W920/12"
"EL52012","W920/12","Oil Filter","FORD","D9AZ-6731-A","https://www.oilfilter-crossreference.com/convert/MANN-FILTER/W920/12"
"EL52012","W920/12","Oil Filter","FORD","E7NN-6714-DA","https://www.oilfilter-crossreference.com/convert/MANN-FILTER/W920/12"
"EL52012","W920/12","Oil Filter","GENERAL-MOTORS","25013075","https://www.oilfilter-crossreference.com/convert/MANN-FILTER/W920/12"
"EL52012","W920/12","Oil Filter","GENERAL-MOTORS","6436749","https://www.oilfilter-crossreference.com/convert/MANN-FILTER/W920/12"
"EL52012","W920/12","Oil Filter","GENERAL-MOTORS","6438121","https://www.oilfilter-crossreference.com/convert/MANN-FILTER/W920/12"
"EL52012","W920/12","Oil Filter","GENERAL-MOTORS","6439119","https://www.oilfilter-crossreference.com/convert/MANN-FILTER/W920/12"
"EL52012","W920/12","Oil Filter","GENERAL-MOTORS","6439143","https://www.oilfilter-crossreference.com/convert/MANN-FILTER/W920/12"
"EL52012","W920/12","Oil Filter","GENERAL-MOTORS","V1119324","https://www.oilfilter-crossreference.com/convert/MANN-FILTER/W920/12"
"EL52012","W920/12","Oil Filter","NISSAN","15208-05D01","https://www.oilfilter-crossreference.com/convert/MANN-FILTER/W920/12"
"EL52012","W920/12","Oil Filter","NISSAN","15208-80W00","https://www.oilfilter-crossreference.com/convert/MANN-FILTER/W920/12"
"EL52012","W920/12","Oil Filter","NISSAN","15208-W1103","https://www.oilfilter-crossreference.com/convert/MANN-FILTER/W920/12"
"EL52012","W920/12","Oil Filter","NISSAN","15208-W1116","https://www.oilfilter-crossreference.com/convert/MANN-FILTER/W920/12"
"EL52012","W920/12","Oil Filter","NISSAN","15208-W3401","https://www.oilfilter-crossreference.com/convert/MANN-FILTER/W920/12"
"EL52012","W920/12","Oil Filter","NISSAN","BF208-05D02","https://www.oilfilter-crossreference.com/convert/MANN-FILTER/W920/12"
"EL52012","W920/12","Oil Filter","NISSAN","FL208-05D01","https://www.oilfilter-crossreference.com/convert/MANN-FILTER/W920/12"
"EL52012","W920/12","Oil Filter","OE","OF-660","https://www.oilfilter-crossreference.com/convert/MANN-FILTER/W920/12"
"EL52012","W920/12","Oil Filter","OE","OF-745","https://www.oilfilter-crossreference.com/convert/MANN-FILTER/W920/12"
"EL52012","W920/12","Oil Filter","OE","OF-750","https://www.oilfilter-crossreference.com/convert/MANN-FILTER/W920/12"
"EL52012","W920/12","Oil Filter","OE","OF-854","https://www.oilfilter-crossreference.com/convert/MANN-FILTER/W920/12"
"EL52012","W920/12","Oil Filter","OE","OF-950","https://www.oilfilter-crossreference.com/convert/MANN-FILTER/W920/12"
"EL52013","W920/13","Oil Filter","CHRYSLER","3549957","https://www.oilfilter-crossreference.com/convert/MANN-FILTER/W920/13"
"EL52013","W920/13","Oil Filter","CHRYSLER","3685741","https://www.oilfilter-crossreference.com/convert/MANN-FILTER/W920/13"
"EL52013","W920/13","Oil Filter","CHRYSLER","X3549957","https://www.oilfilter-crossreference.com/convert/MANN-FILTER/W920/13"
"EL52013","W920/13","Oil Filter","FIAT","5951685","https://www.oilfilter-crossreference.com/convert/MANN-FILTER/W920/13"
"EL52013","W920/13","Oil Filter","FIAT","5964796","https://www.oilfilter-crossreference.com/convert/MANN-FILTER/W920/13"
"EL52013","W920/13","Oil Filter","FORD","1498020","https://www.oilfilter-crossreference.com/convert/MANN-FILTER/W920/13"
"EL52013","W920/13","Oil Filter","FORD","A700X6714GA","https://www.oilfilter-crossreference.com/convert/MANN-FILTER/W920/13"
"EL52013","W920/13","Oil Filter","FORD","D4ZZ-6731-B","https://www.oilfilter-crossreference.com/convert/MANN-FILTER/W920/13"
"EL52013","W920/13","Oil Filter","FORD","D5NN6714A","https://www.oilfilter-crossreference.com/convert/MANN-FILTER/W920/13"
"EL52013","W920/13","Oil Filter","FORD","D5ZZ-6731-A","https://www.oilfilter-crossreference.com/convert/MANN-FILTER/W920/13"
"EL52013","W920/13","Oil Filter","FORD","D9AZ-6731-A","https://www.oilfilter-crossreference.com/convert/MANN-FILTER/W920/13"
"EL52013","W920/13","Oil Filter","FORD","E7NN-6714-DA","https://www.oilfilter-crossreference.com/convert/MANN-FILTER/W920/13"
"EL52013","W920/13","Oil Filter","GENERAL-MOTORS","25013075","https://www.oilfilter-crossreference.com/convert/MANN-FILTER/W920/13"
"EL52013","W920/13","Oil Filter","GENERAL-MOTORS","6436749","https://www.oilfilter-crossreference.com/convert/MANN-FILTER/W920/13"
"EL52013","W920/13","Oil Filter","GENERAL-MOTORS","6438121","https://www.oilfilter-crossreference.com/convert/MANN-FILTER/W920/13"
"EL52013","W920/13","Oil Filter","GENERAL-MOTORS","6439119","https://www.oilfilter-crossreference.com/convert/MANN-FILTER/W920/13"
"EL52013","W920/13","Oil Filter","GENERAL-MOTORS","6439143","https://www.oilfilter-crossreference.com/convert/MANN-FILTER/W920/13"
"EL52013","W920/13","Oil Filter","GENERAL-MOTORS","V1119324","https://www.oilfilter-crossreference.com/convert/MANN-FILTER/W920/13"
"EL52013","W920/13","Oil Filter","NISSAN","15208-05D01","https://www.oilfilter-crossreference.com/convert/MANN-FILTER/W920/13"
"EL52013","W920/13","Oil Filter","NISSAN","15208-80W00","https://www.oilfilter-crossreference.com/convert/MANN-FILTER/W920/13"
"EL52013","W920/13","Oil Filter","NISSAN","15208-W1103","https://www.oilfilter-crossreference.com/convert/MANN-FILTER/W920/13"
"EL52013","W920/13","Oil Filter","NISSAN","15208-W1116","https://www.oilfilter-crossreference.com/convert/MANN-FILTER/W920/13"
"EL52013","W920/13","Oil Filter","NISSAN","15208-W3401","https://www.oilfilter-crossreference.com/convert/MANN-FILTER/W920/13"
"EL52013","W920/13","Oil Filter","NISSAN","BF208-05D02","https://www.oilfilter-crossreference.com/convert/MANN-FILTER/W920/13"
"EL52013","W920/13","Oil Filter","NISSAN","FL208-05D01","https://www.oilfilter-crossreference.com/convert/MANN-FILTER/W920/13"
"EL52013","W920/13","Oil Filter","OE","OF-660","https://www.oilfilter-crossreference.com/convert/MANN-FILTER/W920/13"
"EL52013","W920/13","Oil Filter","OE","OF-745","https://www.oilfilter-crossreference.com/convert/MANN-FILTER/W920/13"
"EL52013","W920/13","Oil Filter","OE","OF-750","https://www.oilfilter-crossreference.com/convert/MANN-FILTER/W920/13"
"EL52013","W920/13","Oil Filter","OE","OF-854","https://www.oilfilter-crossreference.com/convert/MANN-FILTER/W920/13"
"EL52013","W920/13","Oil Filter","OE","OF-950","https://www.oilfilter-crossreference.com/convert/MANN-FILTER/W920/13"
"EL52015","W920/15","Oil Filter","CHRYSLER","3549957","https://www.oilfilter-crossreference.com/convert/MANN-FILTER/W920/15"
"EL52015","W920/15","Oil Filter","CHRYSLER","3685741","https://www.oilfilter-crossreference.com/convert/MANN-FILTER/W920/15"
"EL52015","W920/15","Oil Filter","CHRYSLER","X3549957","https://www.oilfilter-crossreference.com/convert/MANN-FILTER/W920/15"
"EL52015","W920/15","Oil Filter","FIAT","5951685","https://www.oilfilter-crossreference.com/convert/MANN-FILTER/W920/15"
"EL52015","W920/15","Oil Filter","FIAT","5964796","https://www.oilfilter-crossreference.com/convert/MANN-FILTER/W920/15"
"EL52015","W920/15","Oil Filter","FORD","1498020","https://www.oilfilter-crossreference.com/convert/MANN-FILTER/W920/15"
"EL52015","W920/15","Oil Filter","FORD","A700X6714GA","https://www.oilfilter-crossreference.com/convert/MANN-FILTER/W920/15"
"EL52015","W920/15","Oil Filter","FORD","D4ZZ-6731-B","https://www.oilfilter-crossreference.com/convert/MANN-FILTER/W920/15"
"EL52015","W920/15","Oil Filter","FORD","D5NN6714A","https://www.oilfilter-crossreference.com/convert/MANN-FILTER/W920/15"
"EL52015","W920/15","Oil Filter","FORD","D5ZZ-6731-A","https://www.oilfilter-crossreference.com/convert/MANN-FILTER/W920/15"
"EL52015","W920/15","Oil Filter","FORD","D9AZ-6731-A","https://www.oilfilter-crossreference.com/convert/MANN-FILTER/W920/15"
"EL52015","W920/15","Oil Filter","FORD","E7NN-6714-DA","https://www.oilfilter-crossreference.com/convert/MANN-FILTER/W920/15"
"EL52015","W920/15","Oil Filter","GENERAL-MOTORS","25013075","https://www.oilfilter-crossreference.com/convert/MANN-FILTER/W920/15"
"EL52015","W920/15","Oil Filter","GENERAL-MOTORS","6436749","https://www.oilfilter-crossreference.com/convert/MANN-FILTER/W920/15"
"EL52015","W920/15","Oil Filter","GENERAL-MOTORS","6438121","https://www.oilfilter-crossreference.com/convert/MANN-FILTER/W920/15"
"EL52015","W920/15","Oil Filter","GENERAL-MOTORS","6439119","https://www.oilfilter-crossreference.com/convert/MANN-FILTER/W920/15"
"EL52015","W920/15","Oil Filter","GENERAL-MOTORS","6439143","https://www.oilfilter-crossreference.com/convert/MANN-FILTER/W920/15"
"EL52015","W920/15","Oil Filter","GENERAL-MOTORS","V1119324","https://www.oilfilter-crossreference.com/convert/MANN-FILTER/W920/15"
"EL52015","W920/15","Oil Filter","NISSAN","15208-05D01","https://www.oilfilter-crossreference.com/convert/MANN-FILTER/W920/15"
"EL52015","W920/15","Oil Filter","NISSAN","15208-80W00","https://www.oilfilter-crossreference.com/convert/MANN-FILTER/W920/15"
"EL52015","W920/15","Oil Filter","NISSAN","15208-W1103","https://www.oilfilter-crossreference.com/convert/MANN-FILTER/W920/15"
"EL52015","W920/15","Oil Filter","NISSAN","15208-W1116","https://www.oilfilter-crossreference.com/convert/MANN-FILTER/W920/15"
"EL52015","W920/15","Oil Filter","NISSAN","15208-W3401","https://www.oilfilter-crossreference.com/convert/MANN-FILTER/W920/15"
"EL52015","W920/15","Oil Filter","NISSAN","BF208-05D02","https://www.oilfilter-crossreference.com/convert/MANN-FILTER/W920/15"
"EL52015","W920/15","Oil Filter","NISSAN","FL208-05D01","https://www.oilfilter-crossreference.com/convert/MANN-FILTER/W920/15"
"EL52015","W920/15","Oil Filter","OE","OF-660","https://www.oilfilter-crossreference.com/convert/MANN-FILTER/W920/15"
"EL52015","W920/15","Oil Filter","OE","OF-745","https://www.oilfilter-crossreference.com/convert/MANN-FILTER/W920/15"
"EL52015","W920/15","Oil Filter","OE","OF-750","https://www.oilfilter-crossreference.com/convert/MANN-FILTER/W920/15"
"EL52015","W920/15","Oil Filter","OE","OF-854","https://www.oilfilter-crossreference.com/convert/MANN-FILTER/W920/15"
"EL52015","W920/15","Oil Filter","OE","OF-950","https://www.oilfilter-crossreference.com/convert/MANN-FILTER/W920/15"
"EL52016","W920/16","Oil Filter","CHRYSLER","3549957","https://www.oilfilter-crossreference.com/convert/MANN-FILTER/W920/16"
"EL52016","W920/16","Oil Filter","CHRYSLER","3685741","https://www.oilfilter-crossreference.com/convert/MANN-FILTER/W920/16"
"EL52016","W920/16","Oil Filter","CHRYSLER","X3549957","https://www.oilfilter-crossreference.com/convert/MANN-FILTER/W920/16"
"EL52016","W920/16","Oil Filter","FIAT","5951685","https://www.oilfilter-crossreference.com/convert/MANN-FILTER/W920/16"
"EL52016","W920/16","Oil Filter","FIAT","5964796","https://www.oilfilter-crossreference.com/convert/MANN-FILTER/W920/16"
"EL52016","W920/16","Oil Filter","FORD","1498020","https://www.oilfilter-crossreference.com/convert/MANN-FILTER/W920/16"
"EL52016","W920/16","Oil Filter","FORD","A700X6714GA","https://www.oilfilter-crossreference.com/convert/MANN-FILTER/W920/16"
"EL52016","W920/16","Oil Filter","FORD","D4ZZ-6731-B","https://www.oilfilter-crossreference.com/convert/MANN-FILTER/W920/16"
"EL52016","W920/16","Oil Filter","FORD","D5NN6714A","https://www.oilfilter-crossreference.com/convert/MANN-FILTER/W920/16"
"EL52016","W920/16","Oil Filter","FORD","D5ZZ-6731-A","https://www.oilfilter-crossreference.com/convert/MANN-FILTER/W920/16"
"EL52016","W920/16","Oil Filter","FORD","D9AZ-6731-A","https://www.oilfilter-crossreference.com/convert/MANN-FILTER/W920/16"
"EL52016","W920/16","Oil Filter","FORD","E7NN-6714-DA","https://www.oilfilter-crossreference.com/convert/MANN-FILTER/W920/16"
"EL52016","W920/16","Oil Filter","GENERAL-MOTORS","25013075","https://www.oilfilter-crossreference.com/convert/MANN-FILTER/W920/16"
"EL52016","W920/16","Oil Filter","GENERAL-MOTORS","6436749","https://www.oilfilter-crossreference.com/convert/MANN-FILTER/W920/16"
"EL52016","W920/16","Oil Filter","GENERAL-MOTORS","6438121","https://www.oilfilter-crossreference.com/convert/MANN-FILTER/W920/16"
"EL52016","W920/16","Oil Filter","GENERAL-MOTORS","6439119","https://www.oilfilter-crossreference.com/convert/MANN-FILTER/W920/16"
"EL52016","W920/16","Oil Filter","GENERAL-MOTORS","6439143","https://www.oilfilter-crossreference.com/convert/MANN-FILTER/W920/16"
"EL52016","W920/16","Oil Filter","GENERAL-MOTORS","V1119324","https://www.oilfilter-crossreference.com/convert/MANN-FILTER/W920/16"
"EL52016","W920/16","Oil Filter","NISSAN","15208-05D01","https://www.oilfilter-crossreference.com/convert/MANN-FILTER/W920/16"
"EL52016","W920/16","Oil Filter","NISSAN","15208-80W00","https://www.oilfilter-crossreference.com/convert/MANN-FILTER/W920/16"
"EL52016","W920/16","Oil Filter","NISSAN","15208-W1103","https://www.oilfilter-crossreference.com/convert/MANN-FILTER/W920/16"
"EL52016","W920/16","Oil Filter","NISSAN","15208-W1116","https://www.oilfilter-crossreference.com/convert/MANN-FILTER/W920/16"
"EL52016","W920/16","Oil Filter","NISSAN","15208-W3401","https://www.oilfilter-crossreference.com/convert/MANN-FILTER/W920/16"
"EL52016","W920/16","Oil Filter","NISSAN","BF208-05D02","https://www.oilfilter-crossreference.com/convert/MANN-FILTER/W920/16"
"EL52016","W920/16","Oil Filter","NISSAN","FL208-05D01","https://www.oilfilter-crossreference.com/convert/MANN-FILTER/W920/16"
"EL52016","W920/16","Oil Filter","OE","OF-660","https://www.oilfilter-crossreference.com/convert/MANN-FILTER/W920/16"
"EL52016","W920/16","Oil Filter","OE","OF-745","https://www.oilfilter-crossreference.com/convert/MANN-FILTER/W920/16"
"EL52016","W920/16","Oil Filter","OE","OF-750","https://www.oilfilter-crossreference.com/convert/MANN-FILTER/W920/16"
"EL52016","W920/16","Oil Filter","OE","OF-854","https://www.oilfilter-crossreference.com/convert/MANN-FILTER/W920/16"
"EL52016","W920/16","Oil Filter","OE","OF-950","https://www.oilfilter-crossreference.com/convert/MANN-FILTER/W920/16"
"EL52018","W920/18","Oil Filter","CHRYSLER","3549957","https://www.oilfilter-crossreference.com/convert/MANN-FILTER/W920/18"
"EL52018","W920/18","Oil Filter","CHRYSLER","3685741","https://www.oilfilter-crossreference.com/convert/MANN-FILTER/W920/18"
"EL52018","W920/18","Oil Filter","CHRYSLER","X3549957","https://www.oilfilter-crossreference.com/convert/MANN-FILTER/W920/18"
"EL52018","W920/18","Oil Filter","FIAT","5951685","https://www.oilfilter-crossreference.com/convert/MANN-FILTER/W920/18"
"EL52018","W920/18","Oil Filter","FIAT","5964796","https://www.oilfilter-crossreference.com/convert/MANN-FILTER/W920/18"
"EL52018","W920/18","Oil Filter","FORD","1498020","https://www.oilfilter-crossreference.com/convert/MANN-FILTER/W920/18"
"EL52018","W920/18","Oil Filter","FORD","A700X6714GA","https://www.oilfilter-crossreference.com/convert/MANN-FILTER/W920/18"
"EL52018","W920/18","Oil Filter","FORD","D4ZZ-6731-B","https://www.oilfilter-crossreference.com/convert/MANN-FILTER/W920/18"
"EL52018","W920/18","Oil Filter","FORD","D5NN6714A","https://www.oilfilter-crossreference.com/convert/MANN-FILTER/W920/18"
"EL52018","W920/18","Oil Filter","FORD","D5ZZ-6731-A","https://www.oilfilter-crossreference.com/convert/MANN-FILTER/W920/18"
"EL52018","W920/18","Oil Filter","FORD","D9AZ-6731-A","https://www.oilfilter-crossreference.com/convert/MANN-FILTER/W920/18"
"EL52018","W920/18","Oil Filter","FORD","E7NN-6714-DA","https://www.oilfilter-crossreference.com/convert/MANN-FILTER/W920/18"
"EL52018","W920/18","Oil Filter","GENERAL-MOTORS","25013075","https://www.oilfilter-crossreference.com/convert/MANN-FILTER/W920/18"
"EL52018","W920/18","Oil Filter","GENERAL-MOTORS","6436749","https://www.oilfilter-crossreference.com/convert/MANN-FILTER/W920/18"
"EL52018","W920/18","Oil Filter","GENERAL-MOTORS","6438121","https://www.oilfilter-crossreference.com/convert/MANN-FILTER/W920/18"
"EL52018","W920/18","Oil Filter","GENERAL-MOTORS","6439119","https://www.oilfilter-crossreference.com/convert/MANN-FILTER/W920/18"
"EL52018","W920/18","Oil Filter","GENERAL-MOTORS","6439143","https://www.oilfilter-crossreference.com/convert/MANN-FILTER/W920/18"
"EL52018","W920/18","Oil Filter","GENERAL-MOTORS","V1119324","https://www.oilfilter-crossreference.com/convert/MANN-FILTER/W920/18"
"EL52018","W920/18","Oil Filter","NISSAN","15208-05D01","https://www.oilfilter-crossreference.com/convert/MANN-FILTER/W920/18"
"EL52018","W920/18","Oil Filter","NISSAN","15208-80W00","https://www.oilfilter-crossreference.com/convert/MANN-FILTER/W920/18"
"EL52018","W920/18","Oil Filter","NISSAN","15208-W1103","https://www.oilfilter-crossreference.com/convert/MANN-FILTER/W920/18"
"EL52018","W920/18","Oil Filter","NISSAN","15208-W1116","https://www.oilfilter-crossreference.com/convert/MANN-FILTER/W920/18"
"EL52018","W920/18","Oil Filter","NISSAN","15208-W3401","https://www.oilfilter-crossreference.com/convert/MANN-FILTER/W920/18"
"EL52018","W920/18","Oil Filter","NISSAN","BF208-05D02","https://www.oilfilter-crossreference.com/convert/MANN-FILTER/W920/18"
"EL52018","W920/18","Oil Filter","NISSAN","FL208-05D01","https://www.oilfilter-crossreference.com/convert/MANN-FILTER/W920/18"
"EL52018","W920/18","Oil Filter","OE","OF-660","https://www.oilfilter-crossreference.com/convert/MANN-FILTER/W920/18"
"EL52018","W920/18","Oil Filter","OE","OF-745","https://www.oilfilter-crossreference.com/convert/MANN-FILTER/W920/18"
"EL52018","W920/18","Oil Filter","OE","OF-750","https://www.oilfilter-crossreference.com/convert/MANN-FILTER/W920/18"
"EL52018","W920/18","Oil Filter","OE","OF-854","https://www.oilfilter-crossreference.com/convert/MANN-FILTER/W920/18"
"EL52018","W920/18","Oil Filter","OE","OF-950","https://www.oilfilter-crossreference.com/convert/MANN-FILTER/W920/18"
"EL52019","W920/19","Oil Filter","CHRYSLER","3549957","https://www.oilfilter-crossreference.com/convert/MANN-FILTER/W920/19"
"EL52019","W920/19","Oil Filter","CHRYSLER","3685741","https://www.oilfilter-crossreference.com/convert/MANN-FILTER/W920/19"
"EL52019","W920/19","Oil Filter","CHRYSLER","X3549957","https://www.oilfilter-crossreference.com/convert/MANN-FILTER/W920/19"
"EL52019","W920/19","Oil Filter","FIAT","5951685","https://www.oilfilter-crossreference.com/convert/MANN-FILTER/W920/19"
"EL52019","W920/19","Oil Filter","FIAT","5964796","https://www.oilfilter-crossreference.com/convert/MANN-FILTER/W920/19"
"EL52019","W920/19","Oil Filter","FORD","1498020","https://www.oilfilter-crossreference.com/convert/MANN-FILTER/W920/19"
"EL52019","W920/19","Oil Filter","FORD","A700X6714GA","https://www.oilfilter-crossreference.com/convert/MANN-FILTER/W920/19"
"EL52019","W920/19","Oil Filter","FORD","D4ZZ-6731-B","https://www.oilfilter-crossreference.com/convert/MANN-FILTER/W920/19"
"EL52019","W920/19","Oil Filter","FORD","D5NN6714A","https://www.oilfilter-crossreference.com/convert/MANN-FILTER/W920/19"
"EL52019","W920/19","Oil Filter","FORD","D5ZZ-6731-A","https://www.oilfilter-crossreference.com/convert/MANN-FILTER/W920/19"
"EL52019","W920/19","Oil Filter","FORD","D9AZ-6731-A","https://www.oilfilter-crossreference.com/convert/MANN-FILTER/W920/19"
"EL52019","W920/19","Oil Filter","FORD","E7NN-6714-DA","https://www.oilfilter-crossreference.com/convert/MANN-FILTER/W920/19"
"EL52019","W920/19","Oil Filter","GENERAL-MOTORS","25013075","https://www.oilfilter-crossreference.com/convert/MANN-FILTER/W920/19"
"EL52019","W920/19","Oil Filter","GENERAL-MOTORS","6436749","https://www.oilfilter-crossreference.com/convert/MANN-FILTER/W920/19"
"EL52019","W920/19","Oil Filter","GENERAL-MOTORS","6438121","https://www.oilfilter-crossreference.com/convert/MANN-FILTER/W920/19"
"EL52019","W920/19","Oil Filter","GENERAL-MOTORS","6439119","https://www.oilfilter-crossreference.com/convert/MANN-FILTER/W920/19"
"EL52019","W920/19","Oil Filter","GENERAL-MOTORS","6439143","https://www.oilfilter-crossreference.com/convert/MANN-FILTER/W920/19"
"EL52019","W920/19","Oil Filter","GENERAL-MOTORS","V1119324","https://www.oilfilter-crossreference.com/convert/MANN-FILTER/W920/19"
"EL52019","W920/19","Oil Filter","NISSAN","15208-05D01","https://www.oilfilter-crossreference.com/convert/MANN-FILTER/W920/19"
"EL52019","W920/19","Oil Filter","NISSAN","15208-80W00","https://www.oilfilter-crossreference.com/convert/MANN-FILTER/W920/19"
"EL52019","W920/19","Oil Filter","NISSAN","15208-W1103","https://www.oilfilter-crossreference.com/convert/MANN-FILTER/W920/19"
"EL52019","W920/19","Oil Filter","NISSAN","15208-W1116","https://www.oilfilter-crossreference.com/convert/MANN-FILTER/W920/19"
"EL52019","W920/19","Oil Filter","NISSAN","15208-W3401","https://www.oilfilter-crossreference.com/convert/MANN-FILTER/W920/19"
"EL52019","W920/19","Oil Filter","NISSAN","BF208-05D02","https://www.oilfilter-crossreference.com/convert/MANN-FILTER/W920/19"
"EL52019","W920/19","Oil Filter","NISSAN","FL208-05D01","https://www.oilfilter-crossreference.com/convert/MANN-FILTER/W920/19"
"EL52019","W920/19","Oil Filter","OE","OF-660","https://www.oilfilter-crossreference.com/convert/MANN-FILTER/W920/19"
"EL52019","W920/19","Oil Filter","OE","OF-745","https://www.oilfilter-crossreference.com/convert/MANN-FILTER/W920/19"
"EL52019","W920/19","Oil Filter","OE","OF-750","https://www.oilfilter-crossreference.com/convert/MANN-FILTER/W920/19"
"EL52019","W920/19","Oil Filter","OE","OF-854","https://www.oilfilter-crossreference.com/convert/MANN-FILTER/W920/19"
"EL52019","W920/19","Oil Filter","OE","OF-950","https://www.oilfilter-crossreference.com/convert/MANN-FILTER/W920/19"
"EL59202","W920/2","Oil Filter","CHRYSLER","3549957","https://www.oilfilter-crossreference.com/convert/MANN-FILTER/W920/2"
"EL59202","W920/2","Oil Filter","CHRYSLER","3685741","https://www.oilfilter-crossreference.com/convert/MANN-FILTER/W920/2"
"EL59202","W920/2","Oil Filter","CHRYSLER","X3549957","https://www.oilfilter-crossreference.com/convert/MANN-FILTER/W920/2"
"EL59202","W920/2","Oil Filter","FIAT","5951685","https://www.oilfilter-crossreference.com/convert/MANN-FILTER/W920/2"
"EL59202","W920/2","Oil Filter","FIAT","5964796","https://www.oilfilter-crossreference.com/convert/MANN-FILTER/W920/2"
"EL59202","W920/2","Oil Filter","FORD","1498020","https://www.oilfilter-crossreference.com/convert/MANN-FILTER/W920/2"
"EL59202","W920/2","Oil Filter","FORD","A700X6714GA","https://www.oilfilter-crossreference.com/convert/MANN-FILTER/W920/2"
"EL59202","W920/2","Oil Filter","FORD","D4ZZ-6731-B","https://www.oilfilter-crossreference.com/convert/MANN-FILTER/W920/2"
"EL59202","W920/2","Oil Filter","FORD","D5NN6714A","https://www.oilfilter-crossreference.com/convert/MANN-FILTER/W920/2"
"EL59202","W920/2","Oil Filter","FORD","D5ZZ-6731-A","https://www.oilfilter-crossreference.com/convert/MANN-FILTER/W920/2"
"EL59202","W920/2","Oil Filter","FORD","D9AZ-6731-A","https://www.oilfilter-crossreference.com/convert/MANN-FILTER/W920/2"
"EL59202","W920/2","Oil Filter","FORD","E7NN-6714-DA","https://www.oilfilter-crossreference.com/convert/MANN-FILTER/W920/2"
"EL59202","W920/2","Oil Filter","GENERAL-MOTORS","25013075","https://www.oilfilter-crossreference.com/convert/MANN-FILTER/W920/2"
"EL59202","W920/2","Oil Filter","GENERAL-MOTORS","6436749","https://www.oilfilter-crossreference.com/convert/MANN-FILTER/W920/2"
"EL59202","W920/2","Oil Filter","GENERAL-MOTORS","6438121","https://www.oilfilter-crossreference.com/convert/MANN-FILTER/W920/2"
"EL59202","W920/2","Oil Filter","GENERAL-MOTORS","6439119","https://www.oilfilter-crossreference.com/convert/MANN-FILTER/W920/2"
"EL59202","W920/2","Oil Filter","GENERAL-MOTORS","6439143","https://www.oilfilter-crossreference.com/convert/MANN-FILTER/W920/2"
"EL59202","W920/2","Oil Filter","GENERAL-MOTORS","V1119324","https://www.oilfilter-crossreference.com/convert/MANN-FILTER/W920/2"
"EL59202","W920/2","Oil Filter","NISSAN","15208-05D01","https://www.oilfilter-crossreference.com/convert/MANN-FILTER/W920/2"
"EL59202","W920/2","Oil Filter","NISSAN","15208-80W00","https://www.oilfilter-crossreference.com/convert/MANN-FILTER/W920/2"
"EL59202","W920/2","Oil Filter","NISSAN","15208-W1103","https://www.oilfilter-crossreference.com/convert/MANN-FILTER/W920/2"
"EL59202","W920/2","Oil Filter","NISSAN","15208-W1116","https://www.oilfilter-crossreference.com/convert/MANN-FILTER/W920/2"
"EL59202","W920/2","Oil Filter","NISSAN","15208-W3401","https://www.oilfilter-crossreference.com/convert/MANN-FILTER/W920/2"
"EL59202","W920/2","Oil Filter","NISSAN","BF208-05D02","https://www.oilfilter-crossreference.com/convert/MANN-FILTER/W920/2"
"EL59202","W920/2","Oil Filter","NISSAN","FL208-05D01","https://www.oilfilter-crossreference.com/convert/MANN-FILTER/W920/2"
"EL59202","W920/2","Oil Filter","OE","OF-660","https://www.oilfilter-crossreference.com/convert/MANN-FILTER/W920/2"
"EL59202","W920/2","Oil Filter","OE","OF-745","https://www.oilfilter-crossreference.com/convert/MANN-FILTER/W920/2"
"EL59202","W920/2","Oil Filter","OE","OF-750","https://www.oilfilter-crossreference.com/convert/MANN-FILTER/W920/2"
"EL59202","W920/2","Oil Filter","OE","OF-854","https://www.oilfilter-crossreference.com/convert/MANN-FILTER/W920/2"
"EL59202","W920/2","Oil Filter","OE","OF-950","https://www.oilfilter-crossreference.com/convert/MANN-FILTER/W920/2"
"EL52021","W920/21X","Oil Filter","CHRYSLER","3549957","https://www.oilfilter-crossreference.com/convert/MANN-FILTER/W920/21X"
"EL52021","W920/21X","Oil Filter","CHRYSLER","3685741","https://www.oilfilter-crossreference.com/convert/MANN-FILTER/W920/21X"
"EL52021","W920/21X","Oil Filter","CHRYSLER","X3549957","https://www.oilfilter-crossreference.com/convert/MANN-FILTER/W920/21X"
"EL52021","W920/21X","Oil Filter","FIAT","5951685","https://www.oilfilter-crossreference.com/convert/MANN-FILTER/W920/21X"
"EL52021","W920/21X","Oil Filter","FIAT","5964796","https://www.oilfilter-crossreference.com/convert/MANN-FILTER/W920/21X"
"EL52021","W920/21X","Oil Filter","FORD","1498020","https://www.oilfilter-crossreference.com/convert/MANN-FILTER/W920/21X"
"EL52021","W920/21X","Oil Filter","FORD","A700X6714GA","https://www.oilfilter-crossreference.com/convert/MANN-FILTER/W920/21X"
"EL52021","W920/21X","Oil Filter","FORD","D4ZZ-6731-B","https://www.oilfilter-crossreference.com/convert/MANN-FILTER/W920/21X"
"EL52021","W920/21X","Oil Filter","FORD","D5NN6714A","https://www.oilfilter-crossreference.com/convert/MANN-FILTER/W920/21X"
"EL52021","W920/21X","Oil Filter","FORD","D5ZZ-6731-A","https://www.oilfilter-crossreference.com/convert/MANN-FILTER/W920/21X"
"EL52021","W920/21X","Oil Filter","FORD","D9AZ-6731-A","https://www.oilfilter-crossreference.com/convert/MANN-FILTER/W920/21X"
"EL52021","W920/21X","Oil Filter","FORD","E7NN-6714-DA","https://www.oilfilter-crossreference.com/convert/MANN-FILTER/W920/21X"
"EL52021","W920/21X","Oil Filter","GENERAL-MOTORS","25013075","https://www.oilfilter-crossreference.com/convert/MANN-FILTER/W920/21X"
"EL52021","W920/21X","Oil Filter","GENERAL-MOTORS","6436749","https://www.oilfilter-crossreference.com/convert/MANN-FILTER/W920/21X"
"EL52021","W920/21X","Oil Filter","GENERAL-MOTORS","6438121","https://www.oilfilter-crossreference.com/convert/MANN-FILTER/W920/21X"
"EL52021","W920/21X","Oil Filter","GENERAL-MOTORS","6439119","https://www.oilfilter-crossreference.com/convert/MANN-FILTER/W920/21X"
"EL52021","W920/21X","Oil Filter","GENERAL-MOTORS","6439143","https://www.oilfilter-crossreference.com/convert/MANN-FILTER/W920/21X"
"EL52021","W920/21X","Oil Filter","GENERAL-MOTORS","V1119324","https://www.oilfilter-crossreference.com/convert/MANN-FILTER/W920/21X"
"EL52021","W920/21X","Oil Filter","NISSAN","15208-05D01","https://www.oilfilter-crossreference.com/convert/MANN-FILTER/W920/21X"
"EL52021","W920/21X","Oil Filter","NISSAN","15208-80W00","https://www.oilfilter-crossreference.com/convert/MANN-FILTER/W920/21X"
"EL52021","W920/21X","Oil Filter","NISSAN","15208-W1103","https://www.oilfilter-crossreference.com/convert/MANN-FILTER/W920/21X"
"EL52021","W920/21X","Oil Filter","NISSAN","15208-W1116","https://www.oilfilter-crossreference.com/convert/MANN-FILTER/W920/21X"
"EL52021","W920/21X","Oil Filter","NISSAN","15208-W3401","https://www.oilfilter-crossreference.com/convert/MANN-FILTER/W920/21X"
"EL52021","W920/21X","Oil Filter","NISSAN","BF208-05D02","https://www.oilfilter-crossreference.com/convert/MANN-FILTER/W920/21X"
"EL52021","W920/21X","Oil Filter","NISSAN","FL208-05D01","https://www.oilfilter-crossreference.com/convert/MANN-FILTER/W920/21X"
"EL52021","W920/21X","Oil Filter","OE","OF-660","https://www.oilfilter-crossreference.com/convert/MANN-FILTER/W920/21X"
"EL52021","W920/21X","Oil Filter","OE","OF-745","https://www.oilfilter-crossreference.com/convert/MANN-FILTER/W920/21X"
"EL52021","W920/21X","Oil Filter","OE","OF-750","https://www.oilfilter-crossreference.com/convert/MANN-FILTER/W920/21X"
"EL52021","W920/21X","Oil Filter","OE","OF-854","https://www.oilfilter-crossreference.com/convert/MANN-FILTER/W920/21X"
"EL52021","W920/21X","Oil Filter","OE","OF-950","https://www.oilfilter-crossreference.com/convert/MANN-FILTER/W920/21X"
"EL52022","W920/22","Oil Filter","CHRYSLER","3549957","https://www.oilfilter-crossreference.com/convert/MANN-FILTER/W920/22"
"EL52022","W920/22","Oil Filter","CHRYSLER","3685741","https://www.oilfilter-crossreference.com/convert/MANN-FILTER/W920/22"
"EL52022","W920/22","Oil Filter","CHRYSLER","X3549957","https://www.oilfilter-crossreference.com/convert/MANN-FILTER/W920/22"
"EL52022","W920/22","Oil Filter","FIAT","5951685","https://www.oilfilter-crossreference.com/convert/MANN-FILTER/W920/22"
"EL52022","W920/22","Oil Filter","FIAT","5964796","https://www.oilfilter-crossreference.com/convert/MANN-FILTER/W920/22"
"EL52022","W920/22","Oil Filter","FORD","1498020","https://www.oilfilter-crossreference.com/convert/MANN-FILTER/W920/22"
"EL52022","W920/22","Oil Filter","FORD","A700X6714GA","https://www.oilfilter-crossreference.com/convert/MANN-FILTER/W920/22"
"EL52022","W920/22","Oil Filter","FORD","D4ZZ-6731-B","https://www.oilfilter-crossreference.com/convert/MANN-FILTER/W920/22"
"EL52022","W920/22","Oil Filter","FORD","D5NN6714A","https://www.oilfilter-crossreference.com/convert/MANN-FILTER/W920/22"
"EL52022","W920/22","Oil Filter","FORD","D5ZZ-6731-A","https://www.oilfilter-crossreference.com/convert/MANN-FILTER/W920/22"
"EL52022","W920/22","Oil Filter","FORD","D9AZ-6731-A","https://www.oilfilter-crossreference.com/convert/MANN-FILTER/W920/22"
"EL52022","W920/22","Oil Filter","FORD","E7NN-6714-DA","https://www.oilfilter-crossreference.com/convert/MANN-FILTER/W920/22"
"EL52022","W920/22","Oil Filter","GENERAL-MOTORS","25013075","https://www.oilfilter-crossreference.com/convert/MANN-FILTER/W920/22"
"EL52022","W920/22","Oil Filter","GENERAL-MOTORS","6436749","https://www.oilfilter-crossreference.com/convert/MANN-FILTER/W920/22"
"EL52022","W920/22","Oil Filter","GENERAL-MOTORS","6438121","https://www.oilfilter-crossreference.com/convert/MANN-FILTER/W920/22"
"EL52022","W920/22","Oil Filter","GENERAL-MOTORS","6439119","https://www.oilfilter-crossreference.com/convert/MANN-FILTER/W920/22"
"EL52022","W920/22","Oil Filter","GENERAL-MOTORS","6439143","https://www.oilfilter-crossreference.com/convert/MANN-FILTER/W920/22"
"EL52022","W920/22","Oil Filter","GENERAL-MOTORS","V1119324","https://www.oilfilter-crossreference.com/convert/MANN-FILTER/W920/22"
"EL52022","W920/22","Oil Filter","NISSAN","15208-05D01","https://www.oilfilter-crossreference.com/convert/MANN-FILTER/W920/22"
"EL52022","W920/22","Oil Filter","NISSAN","15208-80W00","https://www.oilfilter-crossreference.com/convert/MANN-FILTER/W920/22"
"EL52022","W920/22","Oil Filter","NISSAN","15208-W1103","https://www.oilfilter-crossreference.com/convert/MANN-FILTER/W920/22"
"EL52022","W920/22","Oil Filter","NISSAN","15208-W1116","https://www.oilfilter-crossreference.com/convert/MANN-FILTER/W920/22"
"EL52022","W920/22","Oil Filter","NISSAN","15208-W3401","https://www.oilfilter-crossreference.com/convert/MANN-FILTER/W920/22"
"EL52022","W920/22","Oil Filter","NISSAN","BF208-05D02","https://www.oilfilter-crossreference.com/convert/MANN-FILTER/W920/22"
"EL52022","W920/22","Oil Filter","NISSAN","FL208-05D01","https://www.oilfilter-crossreference.com/convert/MANN-FILTER/W920/22"
"EL52022","W920/22","Oil Filter","OE","OF-660","https://www.oilfilter-crossreference.com/convert/MANN-FILTER/W920/22"
"EL52022","W920/22","Oil Filter","OE","OF-745","https://www.oilfilter-crossreference.com/convert/MANN-FILTER/W920/22"
"EL52022","W920/22","Oil Filter","OE","OF-750","https://www.oilfilter-crossreference.com/convert/MANN-FILTER/W920/22"
"EL52022","W920/22","Oil Filter","OE","OF-854","https://www.oilfilter-crossreference.com/convert/MANN-FILTER/W920/22"
"EL52022","W920/22","Oil Filter","OE","OF-950","https://www.oilfilter-crossreference.com/convert/MANN-FILTER/W920/22"
"EL52025","W920/25","Oil Filter","CHRYSLER","3549957","https://www.oilfilter-crossreference.com/convert/MANN-FILTER/W920/25"
"EL52025","W920/25","Oil Filter","CHRYSLER","3685741","https://www.oilfilter-crossreference.com/convert/MANN-FILTER/W920/25"
"EL52025","W920/25","Oil Filter","CHRYSLER","X3549957","https://www.oilfilter-crossreference.com/convert/MANN-FILTER/W920/25"
"EL52025","W920/25","Oil Filter","FIAT","5951685","https://www.oilfilter-crossreference.com/convert/MANN-FILTER/W920/25"
"EL52025","W920/25","Oil Filter","FIAT","5964796","https://www.oilfilter-crossreference.com/convert/MANN-FILTER/W920/25"
"EL52025","W920/25","Oil Filter","FORD","1498020","https://www.oilfilter-crossreference.com/convert/MANN-FILTER/W920/25"
"EL52025","W920/25","Oil Filter","FORD","A700X6714GA","https://www.oilfilter-crossreference.com/convert/MANN-FILTER/W920/25"
"EL52025","W920/25","Oil Filter","FORD","D4ZZ-6731-B","https://www.oilfilter-crossreference.com/convert/MANN-FILTER/W920/25"
"EL52025","W920/25","Oil Filter","FORD","D5NN6714A","https://www.oilfilter-crossreference.com/convert/MANN-FILTER/W920/25"
"EL52025","W920/25","Oil Filter","FORD","D5ZZ-6731-A","https://www.oilfilter-crossreference.com/convert/MANN-FILTER/W920/25"
"EL52025","W920/25","Oil Filter","FORD","D9AZ-6731-A","https://www.oilfilter-crossreference.com/convert/MANN-FILTER/W920/25"
"EL52025","W920/25","Oil Filter","FORD","E7NN-6714-DA","https://www.oilfilter-crossreference.com/convert/MANN-FILTER/W920/25"
"EL52025","W920/25","Oil Filter","GENERAL-MOTORS","25013075","https://www.oilfilter-crossreference.com/convert/MANN-FILTER/W920/25"
"EL52025","W920/25","Oil Filter","GENERAL-MOTORS","6436749","https://www.oilfilter-crossreference.com/convert/MANN-FILTER/W920/25"
"EL52025","W920/25","Oil Filter","GENERAL-MOTORS","6438121","https://www.oilfilter-crossreference.com/convert/MANN-FILTER/W920/25"
"EL52025","W920/25","Oil Filter","GENERAL-MOTORS","6439119","https://www.oilfilter-crossreference.com/convert/MANN-FILTER/W920/25"
"EL52025","W920/25","Oil Filter","GENERAL-MOTORS","6439143","https://www.oilfilter-crossreference.com/convert/MANN-FILTER/W920/25"
"EL52025","W920/25","Oil Filter","GENERAL-MOTORS","V1119324","https://www.oilfilter-crossreference.com/convert/MANN-FILTER/W920/25"
"EL52025","W920/25","Oil Filter","NISSAN","15208-05D01","https://www.oilfilter-crossreference.com/convert/MANN-FILTER/W920/25"
"EL52025","W920/25","Oil Filter","NISSAN","15208-80W00","https://www.oilfilter-crossreference.com/convert/MANN-FILTER/W920/25"
"EL52025","W920/25","Oil Filter","NISSAN","15208-W1103","https://www.oilfilter-crossreference.com/convert/MANN-FILTER/W920/25"
"EL52025","W920/25","Oil Filter","NISSAN","15208-W1116","https://www.oilfilter-crossreference.com/convert/MANN-FILTER/W920/25"
"EL52025","W920/25","Oil Filter","NISSAN","15208-W3401","https://www.oilfilter-crossreference.com/convert/MANN-FILTER/W920/25"
"EL52025","W920/25","Oil Filter","NISSAN","BF208-05D02","https://www.oilfilter-crossreference.com/convert/MANN-FILTER/W920/25"
"EL52025","W920/25","Oil Filter","NISSAN","FL208-05D01","https://www.oilfilter-crossreference.com/convert/MANN-FILTER/W920/25"
"EL52025","W920/25","Oil Filter","OE","OF-660","https://www.oilfilter-crossreference.com/convert/MANN-FILTER/W920/25"
"EL52025","W920/25","Oil Filter","OE","OF-745","https://www.oilfilter-crossreference.com/convert/MANN-FILTER/W920/25"
"EL52025","W920/25","Oil Filter","OE","OF-750","https://www.oilfilter-crossreference.com/convert/MANN-FILTER/W920/25"
"EL52025","W920/25","Oil Filter","OE","OF-854","https://www.oilfilter-crossreference.com/convert/MANN-FILTER/W920/25"
"EL52025","W920/25","Oil Filter","OE","OF-950","https://www.oilfilter-crossreference.com/convert/MANN-FILTER/W920/25"
"EL52026","W920/26","Oil Filter","CHRYSLER","3549957","https://www.oilfilter-crossreference.com/convert/MANN-FILTER/W920/26"
"EL52026","W920/26","Oil Filter","CHRYSLER","3685741","https://www.oilfilter-crossreference.com/convert/MANN-FILTER/W920/26"
"EL52026","W920/26","Oil Filter","CHRYSLER","X3549957","https://www.oilfilter-crossreference.com/convert/MANN-FILTER/W920/26"
"EL52026","W920/26","Oil Filter","FIAT","5951685","https://www.oilfilter-crossreference.com/convert/MANN-FILTER/W920/26"
"EL52026","W920/26","Oil Filter","FIAT","5964796","https://www.oilfilter-crossreference.com/convert/MANN-FILTER/W920/26"
"EL52026","W920/26","Oil Filter","FORD","1498020","https://www.oilfilter-crossreference.com/convert/MANN-FILTER/W920/26"
"EL52026","W920/26","Oil Filter","FORD","A700X6714GA","https://www.oilfilter-crossreference.com/convert/MANN-FILTER/W920/26"
"EL52026","W920/26","Oil Filter","FORD","D4ZZ-6731-B","https://www.oilfilter-crossreference.com/convert/MANN-FILTER/W920/26"
"EL52026","W920/26","Oil Filter","FORD","D5NN6714A","https://www.oilfilter-crossreference.com/convert/MANN-FILTER/W920/26"
"EL52026","W920/26","Oil Filter","FORD","D5ZZ-6731-A","https://www.oilfilter-crossreference.com/convert/MANN-FILTER/W920/26"
"EL52026","W920/26","Oil Filter","FORD","D9AZ-6731-A","https://www.oilfilter-crossreference.com/convert/MANN-FILTER/W920/26"
"EL52026","W920/26","Oil Filter","FORD","E7NN-6714-DA","https://www.oilfilter-crossreference.com/convert/MANN-FILTER/W920/26"
"EL52026","W920/26","Oil Filter","GENERAL-MOTORS","25013075","https://www.oilfilter-crossreference.com/convert/MANN-FILTER/W920/26"
"EL52026","W920/26","Oil Filter","GENERAL-MOTORS","6436749","https://www.oilfilter-crossreference.com/convert/MANN-FILTER/W920/26"
"EL52026","W920/26","Oil Filter","GENERAL-MOTORS","6438121","https://www.oilfilter-crossreference.com/convert/MANN-FILTER/W920/26"
"EL52026","W920/26","Oil Filter","GENERAL-MOTORS","6439119","https://www.oilfilter-crossreference.com/convert/MANN-FILTER/W920/26"
"EL52026","W920/26","Oil Filter","GENERAL-MOTORS","6439143","https://www.oilfilter-crossreference.com/convert/MANN-FILTER/W920/26"
"EL52026","W920/26","Oil Filter","GENERAL-MOTORS","V1119324","https://www.oilfilter-crossreference.com/convert/MANN-FILTER/W920/26"
"EL52026","W920/26","Oil Filter","NISSAN","15208-05D01","https://www.oilfilter-crossreference.com/convert/MANN-FILTER/W920/26"
"EL52026","W920/26","Oil Filter","NISSAN","15208-80W00","https://www.oilfilter-crossreference.com/convert/MANN-FILTER/W920/26"
"EL52026","W920/26","Oil Filter","NISSAN","15208-W1103","https://www.oilfilter-crossreference.com/convert/MANN-FILTER/W920/26"
"EL52026","W920/26","Oil Filter","NISSAN","15208-W1116","https://www.oilfilter-crossreference.com/convert/MANN-FILTER/W920/26"
"EL52026","W920/26","Oil Filter","NISSAN","15208-W3401","https://www.oilfilter-crossreference.com/convert/MANN-FILTER/W920/26"
"EL52026","W920/26","Oil Filter","NISSAN","BF208-05D02","https://www.oilfilter-crossreference.com/convert/MANN-FILTER/W920/26"
"EL52026","W920/26","Oil Filter","NISSAN","FL208-05D01","https://www.oilfilter-crossreference.com/convert/MANN-FILTER/W920/26"
"EL52026","W920/26","Oil Filter","OE","OF-660","https://www.oilfilter-crossreference.com/convert/MANN-FILTER/W920/26"
"EL52026","W920/26","Oil Filter","OE","OF-745","https://www.oilfilter-crossreference.com/convert/MANN-FILTER/W920/26"
"EL52026","W920/26","Oil Filter","OE","OF-750","https://www.oilfilter-crossreference.com/convert/MANN-FILTER/W920/26"
"EL52026","W920/26","Oil Filter","OE","OF-854","https://www.oilfilter-crossreference.com/convert/MANN-FILTER/W920/26"
"EL52026","W920/26","Oil Filter","OE","OF-950","https://www.oilfilter-crossreference.com/convert/MANN-FILTER/W920/26"
"EL59203","W920/3","Oil Filter","CHRYSLER","3549957","https://www.oilfilter-crossreference.com/convert/MANN-FILTER/W920/3"
"EL59203","W920/3","Oil Filter","CHRYSLER","3685741","https://www.oilfilter-crossreference.com/convert/MANN-FILTER/W920/3"
"EL59203","W920/3","Oil Filter","CHRYSLER","X3549957","https://www.oilfilter-crossreference.com/convert/MANN-FILTER/W920/3"
"EL59203","W920/3","Oil Filter","FIAT","5951685","https://www.oilfilter-crossreference.com/convert/MANN-FILTER/W920/3"
"EL59203","W920/3","Oil Filter","FIAT","5964796","https://www.oilfilter-crossreference.com/convert/MANN-FILTER/W920/3"
"EL59203","W920/3","Oil Filter","FORD","1498020","https://www.oilfilter-crossreference.com/convert/MANN-FILTER/W920/3"
"EL59203","W920/3","Oil Filter","FORD","A700X6714GA","https://www.oilfilter-crossreference.com/convert/MANN-FILTER/W920/3"
"EL59203","W920/3","Oil Filter","FORD","D4ZZ-6731-B","https://www.oilfilter-crossreference.com/convert/MANN-FILTER/W920/3"
"EL59203","W920/3","Oil Filter","FORD","D5NN6714A","https://www.oilfilter-crossreference.com/convert/MANN-FILTER/W920/3"
"EL59203","W920/3","Oil Filter","FORD","D5ZZ-6731-A","https://www.oilfilter-crossreference.com/convert/MANN-FILTER/W920/3"
"EL59203","W920/3","Oil Filter","FORD","D9AZ-6731-A","https://www.oilfilter-crossreference.com/convert/MANN-FILTER/W920/3"
"EL59203","W920/3","Oil Filter","FORD","E7NN-6714-DA","https://www.oilfilter-crossreference.com/convert/MANN-FILTER/W920/3"
"EL59203","W920/3","Oil Filter","GENERAL-MOTORS","25013075","https://www.oilfilter-crossreference.com/convert/MANN-FILTER/W920/3"
"EL59203","W920/3","Oil Filter","GENERAL-MOTORS","6436749","https://www.oilfilter-crossreference.com/convert/MANN-FILTER/W920/3"
"EL59203","W920/3","Oil Filter","GENERAL-MOTORS","6438121","https://www.oilfilter-crossreference.com/convert/MANN-FILTER/W920/3"
"EL59203","W920/3","Oil Filter","GENERAL-MOTORS","6439119","https://www.oilfilter-crossreference.com/convert/MANN-FILTER/W920/3"
"EL59203","W920/3","Oil Filter","GENERAL-MOTORS","6439143","https://www.oilfilter-crossreference.com/convert/MANN-FILTER/W920/3"
"EL59203","W920/3","Oil Filter","GENERAL-MOTORS","V1119324","https://www.oilfilter-crossreference.com/convert/MANN-FILTER/W920/3"
"EL59203","W920/3","Oil Filter","NISSAN","15208-05D01","https://www.oilfilter-crossreference.com/convert/MANN-FILTER/W920/3"
"EL59203","W920/3","Oil Filter","NISSAN","15208-80W00","https://www.oilfilter-crossreference.com/convert/MANN-FILTER/W920/3"
"EL59203","W920/3","Oil Filter","NISSAN","15208-W1103","https://www.oilfilter-crossreference.com/convert/MANN-FILTER/W920/3"
"EL59203","W920/3","Oil Filter","NISSAN","15208-W1116","https://www.oilfilter-crossreference.com/convert/MANN-FILTER/W920/3"
"EL59203","W920/3","Oil Filter","NISSAN","15208-W3401","https://www.oilfilter-crossreference.com/convert/MANN-FILTER/W920/3"
"EL59203","W920/3","Oil Filter","NISSAN","BF208-05D02","https://www.oilfilter-crossreference.com/convert/MANN-FILTER/W920/3"
"EL59203","W920/3","Oil Filter","NISSAN","FL208-05D01","https://www.oilfilter-crossreference.com/convert/MANN-FILTER/W920/3"
"EL59203","W920/3","Oil Filter","OE","OF-660","https://www.oilfilter-crossreference.com/convert/MANN-FILTER/W920/3"
"EL59203","W920/3","Oil Filter","OE","OF-745","https://www.oilfilter-crossreference.com/convert/MANN-FILTER/W920/3"
"EL59203","W920/3","Oil Filter","OE","OF-750","https://www.oilfilter-crossreference.com/convert/MANN-FILTER/W920/3"
"EL59203","W920/3","Oil Filter","OE","OF-854","https://www.oilfilter-crossreference.com/convert/MANN-FILTER/W920/3"
"EL59203","W920/3","Oil Filter","OE","OF-950","https://www.oilfilter-crossreference.com/convert/MANN-FILTER/W920/3"
"EL52036","W920/36","Oil Filter","CHRYSLER","3549957","https://www.oilfilter-crossreference.com/convert/MANN-FILTER/W920/36"
"EL52036","W920/36","Oil Filter","CHRYSLER","3685741","https://www.oilfilter-crossreference.com/convert/MANN-FILTER/W920/36"
"EL52036","W920/36","Oil Filter","CHRYSLER","X3549957","https://www.oilfilter-crossreference.com/convert/MANN-FILTER/W920/36"
"EL52036","W920/36","Oil Filter","FIAT","5951685","https://www.oilfilter-crossreference.com/convert/MANN-FILTER/W920/36"
"EL52036","W920/36","Oil Filter","FIAT","5964796","https://www.oilfilter-crossreference.com/convert/MANN-FILTER/W920/36"
"EL52036","W920/36","Oil Filter","FORD","1498020","https://www.oilfilter-crossreference.com/convert/MANN-FILTER/W920/36"
"EL52036","W920/36","Oil Filter","FORD","A700X6714GA","https://www.oilfilter-crossreference.com/convert/MANN-FILTER/W920/36"
"EL52036","W920/36","Oil Filter","FORD","D4ZZ-6731-B","https://www.oilfilter-crossreference.com/convert/MANN-FILTER/W920/36"
"EL52036","W920/36","Oil Filter","FORD","D5NN6714A","https://www.oilfilter-crossreference.com/convert/MANN-FILTER/W920/36"
"EL52036","W920/36","Oil Filter","FORD","D5ZZ-6731-A","https://www.oilfilter-crossreference.com/convert/MANN-FILTER/W920/36"
"EL52036","W920/36","Oil Filter","FORD","D9AZ-6731-A","https://www.oilfilter-crossreference.com/convert/MANN-FILTER/W920/36"
"EL52036","W920/36","Oil Filter","FORD","E7NN-6714-DA","https://www.oilfilter-crossreference.com/convert/MANN-FILTER/W920/36"
"EL52036","W920/36","Oil Filter","GENERAL-MOTORS","25013075","https://www.oilfilter-crossreference.com/convert/MANN-FILTER/W920/36"
"EL52036","W920/36","Oil Filter","GENERAL-MOTORS","6436749","https://www.oilfilter-crossreference.com/convert/MANN-FILTER/W920/36"
"EL52036","W920/36","Oil Filter","GENERAL-MOTORS","6438121","https://www.oilfilter-crossreference.com/convert/MANN-FILTER/W920/36"
"EL52036","W920/36","Oil Filter","GENERAL-MOTORS","6439119","https://www.oilfilter-crossreference.com/convert/MANN-FILTER/W920/36"
"EL52036","W920/36","Oil Filter","GENERAL-MOTORS","6439143","https://www.oilfilter-crossreference.com/convert/MANN-FILTER/W920/36"
"EL52036","W920/36","Oil Filter","GENERAL-MOTORS","V1119324","https://www.oilfilter-crossreference.com/convert/MANN-FILTER/W920/36"
"EL52036","W920/36","Oil Filter","NISSAN","15208-05D01","https://www.oilfilter-crossreference.com/convert/MANN-FILTER/W920/36"
"EL52036","W920/36","Oil Filter","NISSAN","15208-80W00","https://www.oilfilter-crossreference.com/convert/MANN-FILTER/W920/36"
"EL52036","W920/36","Oil Filter","NISSAN","15208-W1103","https://www.oilfilter-crossreference.com/convert/MANN-FILTER/W920/36"
"EL52036","W920/36","Oil Filter","NISSAN","15208-W1116","https://www.oilfilter-crossreference.com/convert/MANN-FILTER/W920/36"
"EL52036","W920/36","Oil Filter","NISSAN","15208-W3401","https://www.oilfilter-crossreference.com/convert/MANN-FILTER/W920/36"
"EL52036","W920/36","Oil Filter","NISSAN","BF208-05D02","https://www.oilfilter-crossreference.com/convert/MANN-FILTER/W920/36"
"EL52036","W920/36","Oil Filter","NISSAN","FL208-05D01","https://www.oilfilter-crossreference.com/convert/MANN-FILTER/W920/36"
"EL52036","W920/36","Oil Filter","OE","OF-660","https://www.oilfilter-crossreference.com/convert/MANN-FILTER/W920/36"
"EL52036","W920/36","Oil Filter","OE","OF-745","https://www.oilfilter-crossreference.com/convert/MANN-FILTER/W920/36"
"EL52036","W920/36","Oil Filter","OE","OF-750","https://www.oilfilter-crossreference.com/convert/MANN-FILTER/W920/36"
"EL52036","W920/36","Oil Filter","OE","OF-854","https://www.oilfilter-crossreference.com/convert/MANN-FILTER/W920/36"
"EL52036","W920/36","Oil Filter","OE","OF-950","https://www.oilfilter-crossreference.com/convert/MANN-FILTER/W920/36"
"EL59203","W920/3X","Oil Filter","CHRYSLER","3549957","https://www.oilfilter-crossreference.com/convert/MANN-FILTER/W920/3X"
"EL59203","W920/3X","Oil Filter","CHRYSLER","3685741","https://www.oilfilter-crossreference.com/convert/MANN-FILTER/W920/3X"
"EL59203","W920/3X","Oil Filter","CHRYSLER","X3549957","https://www.oilfilter-crossreference.com/convert/MANN-FILTER/W920/3X"
"EL59203","W920/3X","Oil Filter","FIAT","5951685","https://www.oilfilter-crossreference.com/convert/MANN-FILTER/W920/3X"
"EL59203","W920/3X","Oil Filter","FIAT","5964796","https://www.oilfilter-crossreference.com/convert/MANN-FILTER/W920/3X"
"EL59203","W920/3X","Oil Filter","FORD","1498020","https://www.oilfilter-crossreference.com/convert/MANN-FILTER/W920/3X"
"EL59203","W920/3X","Oil Filter","FORD","A700X6714GA","https://www.oilfilter-crossreference.com/convert/MANN-FILTER/W920/3X"
"EL59203","W920/3X","Oil Filter","FORD","D4ZZ-6731-B","https://www.oilfilter-crossreference.com/convert/MANN-FILTER/W920/3X"
"EL59203","W920/3X","Oil Filter","FORD","D5NN6714A","https://www.oilfilter-crossreference.com/convert/MANN-FILTER/W920/3X"
"EL59203","W920/3X","Oil Filter","FORD","D5ZZ-6731-A","https://www.oilfilter-crossreference.com/convert/MANN-FILTER/W920/3X"
"EL59203","W920/3X","Oil Filter","FORD","D9AZ-6731-A","https://www.oilfilter-crossreference.com/convert/MANN-FILTER/W920/3X"
"EL59203","W920/3X","Oil Filter","FORD","E7NN-6714-DA","https://www.oilfilter-crossreference.com/convert/MANN-FILTER/W920/3X"
"EL59203","W920/3X","Oil Filter","GENERAL-MOTORS","25013075","https://www.oilfilter-crossreference.com/convert/MANN-FILTER/W920/3X"
"EL59203","W920/3X","Oil Filter","GENERAL-MOTORS","6436749","https://www.oilfilter-crossreference.com/convert/MANN-FILTER/W920/3X"
"EL59203","W920/3X","Oil Filter","GENERAL-MOTORS","6438121","https://www.oilfilter-crossreference.com/convert/MANN-FILTER/W920/3X"
"EL59203","W920/3X","Oil Filter","GENERAL-MOTORS","6439119","https://www.oilfilter-crossreference.com/convert/MANN-FILTER/W920/3X"
"EL59203","W920/3X","Oil Filter","GENERAL-MOTORS","6439143","https://www.oilfilter-crossreference.com/convert/MANN-FILTER/W920/3X"
"EL59203","W920/3X","Oil Filter","GENERAL-MOTORS","V1119324","https://www.oilfilter-crossreference.com/convert/MANN-FILTER/W920/3X"
"EL59203","W920/3X","Oil Filter","NISSAN","15208-05D01","https://www.oilfilter-crossreference.com/convert/MANN-FILTER/W920/3X"
"EL59203","W920/3X","Oil Filter","NISSAN","15208-80W00","https://www.oilfilter-crossreference.com/convert/MANN-FILTER/W920/3X"
"EL59203","W920/3X","Oil Filter","NISSAN","15208-W1103","https://www.oilfilter-crossreference.com/convert/MANN-FILTER/W920/3X"
"EL59203","W920/3X","Oil Filter","NISSAN","15208-W1116","https://www.oilfilter-crossreference.com/convert/MANN-FILTER/W920/3X"
"EL59203","W920/3X","Oil Filter","NISSAN","15208-W3401","https://www.oilfilter-crossreference.com/convert/MANN-FILTER/W920/3X"
"EL59203","W920/3X","Oil Filter","NISSAN","BF208-05D02","https://www.oilfilter-crossreference.com/convert/MANN-FILTER/W920/3X"
"EL59203","W920/3X","Oil Filter","NISSAN","FL208-05D01","https://www.oilfilter-crossreference.com/convert/MANN-FILTER/W920/3X"
"EL59203","W920/3X","Oil Filter","OE","OF-660","https://www.oilfilter-crossreference.com/convert/MANN-FILTER/W920/3X"
"EL59203","W920/3X","Oil Filter","OE","OF-745","https://www.oilfilter-crossreference.com/convert/MANN-FILTER/W920/3X"
"EL59203","W920/3X","Oil Filter","OE","OF-750","https://www.oilfilter-crossreference.com/convert/MANN-FILTER/W920/3X"
"EL59203","W920/3X","Oil Filter","OE","OF-854","https://www.oilfilter-crossreference.com/convert/MANN-FILTER/W920/3X"
"EL59203","W920/3X","Oil Filter","OE","OF-950","https://www.oilfilter-crossreference.com/convert/MANN-FILTER/W920/3X"
"EL59204","W920/4","Oil Filter","CHRYSLER","3549957","https://www.oilfilter-crossreference.com/convert/MANN-FILTER/W920/4"
"EL59204","W920/4","Oil Filter","CHRYSLER","3685741","https://www.oilfilter-crossreference.com/convert/MANN-FILTER/W920/4"
"EL59204","W920/4","Oil Filter","CHRYSLER","X3549957","https://www.oilfilter-crossreference.com/convert/MANN-FILTER/W920/4"
"EL59204","W920/4","Oil Filter","FIAT","5951685","https://www.oilfilter-crossreference.com/convert/MANN-FILTER/W920/4"
"EL59204","W920/4","Oil Filter","FIAT","5964796","https://www.oilfilter-crossreference.com/convert/MANN-FILTER/W920/4"
"EL59204","W920/4","Oil Filter","FORD","1498020","https://www.oilfilter-crossreference.com/convert/MANN-FILTER/W920/4"
"EL59204","W920/4","Oil Filter","FORD","A700X6714GA","https://www.oilfilter-crossreference.com/convert/MANN-FILTER/W920/4"
"EL59204","W920/4","Oil Filter","FORD","D4ZZ-6731-B","https://www.oilfilter-crossreference.com/convert/MANN-FILTER/W920/4"
"EL59204","W920/4","Oil Filter","FORD","D5NN6714A","https://www.oilfilter-crossreference.com/convert/MANN-FILTER/W920/4"
"EL59204","W920/4","Oil Filter","FORD","D5ZZ-6731-A","https://www.oilfilter-crossreference.com/convert/MANN-FILTER/W920/4"
"EL59204","W920/4","Oil Filter","FORD","D9AZ-6731-A","https://www.oilfilter-crossreference.com/convert/MANN-FILTER/W920/4"
"EL59204","W920/4","Oil Filter","FORD","E7NN-6714-DA","https://www.oilfilter-crossreference.com/convert/MANN-FILTER/W920/4"
"EL59204","W920/4","Oil Filter","GENERAL-MOTORS","25013075","https://www.oilfilter-crossreference.com/convert/MANN-FILTER/W920/4"
"EL59204","W920/4","Oil Filter","GENERAL-MOTORS","6436749","https://www.oilfilter-crossreference.com/convert/MANN-FILTER/W920/4"
"EL59204","W920/4","Oil Filter","GENERAL-MOTORS","6438121","https://www.oilfilter-crossreference.com/convert/MANN-FILTER/W920/4"
"EL59204","W920/4","Oil Filter","GENERAL-MOTORS","6439119","https://www.oilfilter-crossreference.com/convert/MANN-FILTER/W920/4"
"EL59204","W920/4","Oil Filter","GENERAL-MOTORS","6439143","https://www.oilfilter-crossreference.com/convert/MANN-FILTER/W920/4"
"EL59204","W920/4","Oil Filter","GENERAL-MOTORS","V1119324","https://www.oilfilter-crossreference.com/convert/MANN-FILTER/W920/4"
"EL59204","W920/4","Oil Filter","NISSAN","15208-05D01","https://www.oilfilter-crossreference.com/convert/MANN-FILTER/W920/4"
"EL59204","W920/4","Oil Filter","NISSAN","15208-80W00","https://www.oilfilter-crossreference.com/convert/MANN-FILTER/W920/4"
"EL59204","W920/4","Oil Filter","NISSAN","15208-W1103","https://www.oilfilter-crossreference.com/convert/MANN-FILTER/W920/4"
"EL59204","W920/4","Oil Filter","NISSAN","15208-W1116","https://www.oilfilter-crossreference.com/convert/MANN-FILTER/W920/4"
"EL59204","W920/4","Oil Filter","NISSAN","15208-W3401","https://www.oilfilter-crossreference.com/convert/MANN-FILTER/W920/4"
"EL59204","W920/4","Oil Filter","NISSAN","BF208-05D02","https://www.oilfilter-crossreference.com/convert/MANN-FILTER/W920/4"
"EL59204","W920/4","Oil Filter","NISSAN","FL208-05D01","https://www.oilfilter-crossreference.com/convert/MANN-FILTER/W920/4"
"EL59204","W920/4","Oil Filter","OE","OF-660","https://www.oilfilter-crossreference.com/convert/MANN-FILTER/W920/4"
"EL59204","W920/4","Oil Filter","OE","OF-745","https://www.oilfilter-crossreference.com/convert/MANN-FILTER/W920/4"
"EL59204","W920/4","Oil Filter","OE","OF-750","https://www.oilfilter-crossreference.com/convert/MANN-FILTER/W920/4"
"EL59204","W920/4","Oil Filter","OE","OF-854","https://www.oilfilter-crossreference.com/convert/MANN-FILTER/W920/4"
"EL59204","W920/4","Oil Filter","OE","OF-950","https://www.oilfilter-crossreference.com/convert/MANN-FILTER/W920/4"
"EL59205","W920/5","Oil Filter","CHRYSLER","3549957","https://www.oilfilter-crossreference.com/convert/MANN-FILTER/W920/5"
"EL59205","W920/5","Oil Filter","CHRYSLER","3685741","https://www.oilfilter-crossreference.com/convert/MANN-FILTER/W920/5"
"EL59205","W920/5","Oil Filter","CHRYSLER","X3549957","https://www.oilfilter-crossreference.com/convert/MANN-FILTER/W920/5"
"EL59205","W920/5","Oil Filter","FIAT","5951685","https://www.oilfilter-crossreference.com/convert/MANN-FILTER/W920/5"
"EL59205","W920/5","Oil Filter","FIAT","5964796","https://www.oilfilter-crossreference.com/convert/MANN-FILTER/W920/5"
"EL59205","W920/5","Oil Filter","FORD","1498020","https://www.oilfilter-crossreference.com/convert/MANN-FILTER/W920/5"
"EL59205","W920/5","Oil Filter","FORD","A700X6714GA","https://www.oilfilter-crossreference.com/convert/MANN-FILTER/W920/5"
"EL59205","W920/5","Oil Filter","FORD","D4ZZ-6731-B","https://www.oilfilter-crossreference.com/convert/MANN-FILTER/W920/5"
"EL59205","W920/5","Oil Filter","FORD","D5NN6714A","https://www.oilfilter-crossreference.com/convert/MANN-FILTER/W920/5"
"EL59205","W920/5","Oil Filter","FORD","D5ZZ-6731-A","https://www.oilfilter-crossreference.com/convert/MANN-FILTER/W920/5"
"EL59205","W920/5","Oil Filter","FORD","D9AZ-6731-A","https://www.oilfilter-crossreference.com/convert/MANN-FILTER/W920/5"
"EL59205","W920/5","Oil Filter","FORD","E7NN-6714-DA","https://www.oilfilter-crossreference.com/convert/MANN-FILTER/W920/5"
"EL59205","W920/5","Oil Filter","GENERAL-MOTORS","25013075","https://www.oilfilter-crossreference.com/convert/MANN-FILTER/W920/5"
"EL59205","W920/5","Oil Filter","GENERAL-MOTORS","6436749","https://www.oilfilter-crossreference.com/convert/MANN-FILTER/W920/5"
"EL59205","W920/5","Oil Filter","GENERAL-MOTORS","6438121","https://www.oilfilter-crossreference.com/convert/MANN-FILTER/W920/5"
"EL59205","W920/5","Oil Filter","GENERAL-MOTORS","6439119","https://www.oilfilter-crossreference.com/convert/MANN-FILTER/W920/5"
"EL59205","W920/5","Oil Filter","GENERAL-MOTORS","6439143","https://www.oilfilter-crossreference.com/convert/MANN-FILTER/W920/5"
"EL59205","W920/5","Oil Filter","GENERAL-MOTORS","V1119324","https://www.oilfilter-crossreference.com/convert/MANN-FILTER/W920/5"
"EL59205","W920/5","Oil Filter","NISSAN","15208-05D01","https://www.oilfilter-crossreference.com/convert/MANN-FILTER/W920/5"
"EL59205","W920/5","Oil Filter","NISSAN","15208-80W00","https://www.oilfilter-crossreference.com/convert/MANN-FILTER/W920/5"
"EL59205","W920/5","Oil Filter","NISSAN","15208-W1103","https://www.oilfilter-crossreference.com/convert/MANN-FILTER/W920/5"
"EL59205","W920/5","Oil Filter","NISSAN","15208-W1116","https://www.oilfilter-crossreference.com/convert/MANN-FILTER/W920/5"
"EL59205","W920/5","Oil Filter","NISSAN","15208-W3401","https://www.oilfilter-crossreference.com/convert/MANN-FILTER/W920/5"
"EL59205","W920/5","Oil Filter","NISSAN","BF208-05D02","https://www.oilfilter-crossreference.com/convert/MANN-FILTER/W920/5"
"EL59205","W920/5","Oil Filter","NISSAN","FL208-05D01","https://www.oilfilter-crossreference.com/convert/MANN-FILTER/W920/5"
"EL59205","W920/5","Oil Filter","OE","OF-660","https://www.oilfilter-crossreference.com/convert/MANN-FILTER/W920/5"
"EL59205","W920/5","Oil Filter","OE","OF-745","https://www.oilfilter-crossreference.com/convert/MANN-FILTER/W920/5"
"EL59205","W920/5","Oil Filter","OE","OF-750","https://www.oilfilter-crossreference.com/convert/MANN-FILTER/W920/5"
"EL59205","W920/5","Oil Filter","OE","OF-854","https://www.oilfilter-crossreference.com/convert/MANN-FILTER/W920/5"
"EL59205","W920/5","Oil Filter","OE","OF-950","https://www.oilfilter-crossreference.com/convert/MANN-FILTER/W920/5"
"EL50610","W920/6(10)","Oil Filter","CHRYSLER","3549957","https://www.oilfilter-crossreference.com/convert/MANN-FILTER/W920/6(10)"
"EL50610","W920/6(10)","Oil Filter","CHRYSLER","3685741","https://www.oilfilter-crossreference.com/convert/MANN-FILTER/W920/6(10)"
"EL50610","W920/6(10)","Oil Filter","CHRYSLER","X3549957","https://www.oilfilter-crossreference.com/convert/MANN-FILTER/W920/6(10)"
"EL50610","W920/6(10)","Oil Filter","FIAT","5951685","https://www.oilfilter-crossreference.com/convert/MANN-FILTER/W920/6(10)"
"EL50610","W920/6(10)","Oil Filter","FIAT","5964796","https://www.oilfilter-crossreference.com/convert/MANN-FILTER/W920/6(10)"
"EL50610","W920/6(10)","Oil Filter","FORD","1498020","https://www.oilfilter-crossreference.com/convert/MANN-FILTER/W920/6(10)"
"EL50610","W920/6(10)","Oil Filter","FORD","A700X6714GA","https://www.oilfilter-crossreference.com/convert/MANN-FILTER/W920/6(10)"
"EL50610","W920/6(10)","Oil Filter","FORD","D4ZZ-6731-B","https://www.oilfilter-crossreference.com/convert/MANN-FILTER/W920/6(10)"
"EL50610","W920/6(10)","Oil Filter","FORD","D5NN6714A","https://www.oilfilter-crossreference.com/convert/MANN-FILTER/W920/6(10)"
"EL50610","W920/6(10)","Oil Filter","FORD","D5ZZ-6731-A","https://www.oilfilter-crossreference.com/convert/MANN-FILTER/W920/6(10)"
"EL50610","W920/6(10)","Oil Filter","FORD","D9AZ-6731-A","https://www.oilfilter-crossreference.com/convert/MANN-FILTER/W920/6(10)"
"EL50610","W920/6(10)","Oil Filter","FORD","E7NN-6714-DA","https://www.oilfilter-crossreference.com/convert/MANN-FILTER/W920/6(10)"
"EL50610","W920/6(10)","Oil Filter","GENERAL-MOTORS","25013075","https://www.oilfilter-crossreference.com/convert/MANN-FILTER/W920/6(10)"
"EL50610","W920/6(10)","Oil Filter","GENERAL-MOTORS","6436749","https://www.oilfilter-crossreference.com/convert/MANN-FILTER/W920/6(10)"
"EL50610","W920/6(10)","Oil Filter","GENERAL-MOTORS","6438121","https://www.oilfilter-crossreference.com/convert/MANN-FILTER/W920/6(10)"
"EL50610","W920/6(10)","Oil Filter","GENERAL-MOTORS","6439119","https://www.oilfilter-crossreference.com/convert/MANN-FILTER/W920/6(10)"
"EL50610","W920/6(10)","Oil Filter","GENERAL-MOTORS","6439143","https://www.oilfilter-crossreference.com/convert/MANN-FILTER/W920/6(10)"
"EL50610","W920/6(10)","Oil Filter","GENERAL-MOTORS","V1119324","https://www.oilfilter-crossreference.com/convert/MANN-FILTER/W920/6(10)"
"EL50610","W920/6(10)","Oil Filter","NISSAN","15208-05D01","https://www.oilfilter-crossreference.com/convert/MANN-FILTER/W920/6(10)"
"EL50610","W920/6(10)","Oil Filter","NISSAN","15208-80W00","https://www.oilfilter-crossreference.com/convert/MANN-FILTER/W920/6(10)"
"EL50610","W920/6(10)","Oil Filter","NISSAN","15208-W1103","https://www.oilfilter-crossreference.com/convert/MANN-FILTER/W920/6(10)"
"EL50610","W920/6(10)","Oil Filter","NISSAN","15208-W1116","https://www.oilfilter-crossreference.com/convert/MANN-FILTER/W920/6(10)"
"EL50610","W920/6(10)","Oil Filter","NISSAN","15208-W3401","https://www.oilfilter-crossreference.com/convert/MANN-FILTER/W920/6(10)"
"EL50610","W920/6(10)","Oil Filter","NISSAN","BF208-05D02","https://www.oilfilter-crossreference.com/convert/MANN-FILTER/W920/6(10)"
"EL50610","W920/6(10)","Oil Filter","NISSAN","FL208-05D01","https://www.oilfilter-crossreference.com/convert/MANN-FILTER/W920/6(10)"
"EL50610","W920/6(10)","Oil Filter","OE","OF-660","https://www.oilfilter-crossreference.com/convert/MANN-FILTER/W920/6(10)"
"EL50610","W920/6(10)","Oil Filter","OE","OF-745","https://www.oilfilter-crossreference.com/convert/MANN-FILTER/W920/6(10)"
"EL50610","W920/6(10)","Oil Filter","OE","OF-750","https://www.oilfilter-crossreference.com/convert/MANN-FILTER/W920/6(10)"
"EL50610","W920/6(10)","Oil Filter","OE","OF-854","https://www.oilfilter-crossreference.com/convert/MANN-FILTER/W920/6(10)"
"EL50610","W920/6(10)","Oil Filter","OE","OF-950","https://www.oilfilter-crossreference.com/convert/MANN-FILTER/W920/6(10)"
"EL52081","W920/81","Oil Filter","CHRYSLER","3549957","https://www.oilfilter-crossreference.com/convert/MANN-FILTER/W920/81"
"EL52081","W920/81","Oil Filter","CHRYSLER","3685741","https://www.oilfilter-crossreference.com/convert/MANN-FILTER/W920/81"
"EL52081","W920/81","Oil Filter","CHRYSLER","X3549957","https://www.oilfilter-crossreference.com/convert/MANN-FILTER/W920/81"
"EL52081","W920/81","Oil Filter","FIAT","5951685","https://www.oilfilter-crossreference.com/convert/MANN-FILTER/W920/81"
"EL52081","W920/81","Oil Filter","FIAT","5964796","https://www.oilfilter-crossreference.com/convert/MANN-FILTER/W920/81"
"EL52081","W920/81","Oil Filter","FORD","1498020","https://www.oilfilter-crossreference.com/convert/MANN-FILTER/W920/81"
"EL52081","W920/81","Oil Filter","FORD","A700X6714GA","https://www.oilfilter-crossreference.com/convert/MANN-FILTER/W920/81"
"EL52081","W920/81","Oil Filter","FORD","D4ZZ-6731-B","https://www.oilfilter-crossreference.com/convert/MANN-FILTER/W920/81"
"EL52081","W920/81","Oil Filter","FORD","D5NN6714A","https://www.oilfilter-crossreference.com/convert/MANN-FILTER/W920/81"
"EL52081","W920/81","Oil Filter","FORD","D5ZZ-6731-A","https://www.oilfilter-crossreference.com/convert/MANN-FILTER/W920/81"
"EL52081","W920/81","Oil Filter","FORD","D9AZ-6731-A","https://www.oilfilter-crossreference.com/convert/MANN-FILTER/W920/81"
"EL52081","W920/81","Oil Filter","FORD","E7NN-6714-DA","https://www.oilfilter-crossreference.com/convert/MANN-FILTER/W920/81"
"EL52081","W920/81","Oil Filter","GENERAL-MOTORS","25013075","https://www.oilfilter-crossreference.com/convert/MANN-FILTER/W920/81"
"EL52081","W920/81","Oil Filter","GENERAL-MOTORS","6436749","https://www.oilfilter-crossreference.com/convert/MANN-FILTER/W920/81"
"EL52081","W920/81","Oil Filter","GENERAL-MOTORS","6438121","https://www.oilfilter-crossreference.com/convert/MANN-FILTER/W920/81"
"EL52081","W920/81","Oil Filter","GENERAL-MOTORS","6439119","https://www.oilfilter-crossreference.com/convert/MANN-FILTER/W920/81"
"EL52081","W920/81","Oil Filter","GENERAL-MOTORS","6439143","https://www.oilfilter-crossreference.com/convert/MANN-FILTER/W920/81"
"EL52081","W920/81","Oil Filter","GENERAL-MOTORS","V1119324","https://www.oilfilter-crossreference.com/convert/MANN-FILTER/W920/81"
"EL52081","W920/81","Oil Filter","NISSAN","15208-05D01","https://www.oilfilter-crossreference.com/convert/MANN-FILTER/W920/81"
"EL52081","W920/81","Oil Filter","NISSAN","15208-80W00","https://www.oilfilter-crossreference.com/convert/MANN-FILTER/W920/81"
"EL52081","W920/81","Oil Filter","NISSAN","15208-W1103","https://www.oilfilter-crossreference.com/convert/MANN-FILTER/W920/81"
"EL52081","W920/81","Oil Filter","NISSAN","15208-W1116","https://www.oilfilter-crossreference.com/convert/MANN-FILTER/W920/81"
"EL52081","W920/81","Oil Filter","NISSAN","15208-W3401","https://www.oilfilter-crossreference.com/convert/MANN-FILTER/W920/81"
"EL52081","W920/81","Oil Filter","NISSAN","BF208-05D02","https://www.oilfilter-crossreference.com/convert/MANN-FILTER/W920/81"
"EL52081","W920/81","Oil Filter","NISSAN","FL208-05D01","https://www.oilfilter-crossreference.com/convert/MANN-FILTER/W920/81"
"EL52081","W920/81","Oil Filter","OE","OF-660","https://www.oilfilter-crossreference.com/convert/MANN-FILTER/W920/81"
"EL52081","W920/81","Oil Filter","OE","OF-745","https://www.oilfilter-crossreference.com/convert/MANN-FILTER/W920/81"
"EL52081","W920/81","Oil Filter","OE","OF-750","https://www.oilfilter-crossreference.com/convert/MANN-FILTER/W920/81"
"EL52081","W920/81","Oil Filter","OE","OF-854","https://www.oilfilter-crossreference.com/convert/MANN-FILTER/W920/81"
"EL52081","W920/81","Oil Filter","OE","OF-950","https://www.oilfilter-crossreference.com/convert/MANN-FILTER/W920/81"
"EL59209","W920/9","Oil Filter","CHRYSLER","3549957","https://www.oilfilter-crossreference.com/convert/MANN-FILTER/W920/9"
"EL59209","W920/9","Oil Filter","CHRYSLER","3685741","https://www.oilfilter-crossreference.com/convert/MANN-FILTER/W920/9"
"EL59209","W920/9","Oil Filter","CHRYSLER","X3549957","https://www.oilfilter-crossreference.com/convert/MANN-FILTER/W920/9"
"EL59209","W920/9","Oil Filter","FIAT","5951685","https://www.oilfilter-crossreference.com/convert/MANN-FILTER/W920/9"
"EL59209","W920/9","Oil Filter","FIAT","5964796","https://www.oilfilter-crossreference.com/convert/MANN-FILTER/W920/9"
"EL59209","W920/9","Oil Filter","FORD","1498020","https://www.oilfilter-crossreference.com/convert/MANN-FILTER/W920/9"
"EL59209","W920/9","Oil Filter","FORD","A700X6714GA","https://www.oilfilter-crossreference.com/convert/MANN-FILTER/W920/9"
"EL59209","W920/9","Oil Filter","FORD","D4ZZ-6731-B","https://www.oilfilter-crossreference.com/convert/MANN-FILTER/W920/9"
"EL59209","W920/9","Oil Filter","FORD","D5NN6714A","https://www.oilfilter-crossreference.com/convert/MANN-FILTER/W920/9"
"EL59209","W920/9","Oil Filter","FORD","D5ZZ-6731-A","https://www.oilfilter-crossreference.com/convert/MANN-FILTER/W920/9"
"EL59209","W920/9","Oil Filter","FORD","D9AZ-6731-A","https://www.oilfilter-crossreference.com/convert/MANN-FILTER/W920/9"
"EL59209","W920/9","Oil Filter","FORD","E7NN-6714-DA","https://www.oilfilter-crossreference.com/convert/MANN-FILTER/W920/9"
"EL59209","W920/9","Oil Filter","GENERAL-MOTORS","25013075","https://www.oilfilter-crossreference.com/convert/MANN-FILTER/W920/9"
"EL59209","W920/9","Oil Filter","GENERAL-MOTORS","6436749","https://www.oilfilter-crossreference.com/convert/MANN-FILTER/W920/9"
"EL59209","W920/9","Oil Filter","GENERAL-MOTORS","6438121","https://www.oilfilter-crossreference.com/convert/MANN-FILTER/W920/9"
"EL59209","W920/9","Oil Filter","GENERAL-MOTORS","6439119","https://www.oilfilter-crossreference.com/convert/MANN-FILTER/W920/9"
"EL59209","W920/9","Oil Filter","GENERAL-MOTORS","6439143","https://www.oilfilter-crossreference.com/convert/MANN-FILTER/W920/9"
"EL59209","W920/9","Oil Filter","GENERAL-MOTORS","V1119324","https://www.oilfilter-crossreference.com/convert/MANN-FILTER/W920/9"
"EL59209","W920/9","Oil Filter","NISSAN","15208-05D01","https://www.oilfilter-crossreference.com/convert/MANN-FILTER/W920/9"
"EL59209","W920/9","Oil Filter","NISSAN","15208-80W00","https://www.oilfilter-crossreference.com/convert/MANN-FILTER/W920/9"
"EL59209","W920/9","Oil Filter","NISSAN","15208-W1103","https://www.oilfilter-crossreference.com/convert/MANN-FILTER/W920/9"
"EL59209","W920/9","Oil Filter","NISSAN","15208-W1116","https://www.oilfilter-crossreference.com/convert/MANN-FILTER/W920/9"
"EL59209","W920/9","Oil Filter","NISSAN","15208-W3401","https://www.oilfilter-crossreference.com/convert/MANN-FILTER/W920/9"
"EL59209","W920/9","Oil Filter","NISSAN","BF208-05D02","https://www.oilfilter-crossreference.com/convert/MANN-FILTER/W920/9"
"EL59209","W920/9","Oil Filter","NISSAN","FL208-05D01","https://www.oilfilter-crossreference.com/convert/MANN-FILTER/W920/9"
"EL59209","W920/9","Oil Filter","OE","OF-660","https://www.oilfilter-crossreference.com/convert/MANN-FILTER/W920/9"
"EL59209","W920/9","Oil Filter","OE","OF-745","https://www.oilfilter-crossreference.com/convert/MANN-FILTER/W920/9"
"EL59209","W920/9","Oil Filter","OE","OF-750","https://www.oilfilter-crossreference.com/convert/MANN-FILTER/W920/9"
"EL59209","W920/9","Oil Filter","OE","OF-854","https://www.oilfilter-crossreference.com/convert/MANN-FILTER/W920/9"
"EL59209","W920/9","Oil Filter","OE","OF-950","https://www.oilfilter-crossreference.com/convert/MANN-FILTER/W920/9"
"EL59301","W930/1","Oil Filter","CHRYSLER","3549957","https://www.oilfilter-crossreference.com/convert/MANN-FILTER/W930/1"
"EL59301","W930/1","Oil Filter","CHRYSLER","3685741","https://www.oilfilter-crossreference.com/convert/MANN-FILTER/W930/1"
"EL59301","W930/1","Oil Filter","CHRYSLER","X3549957","https://www.oilfilter-crossreference.com/convert/MANN-FILTER/W930/1"
"EL59301","W930/1","Oil Filter","FIAT","82407227","https://www.oilfilter-crossreference.com/convert/MANN-FILTER/W930/1"
"EL59301","W930/1","Oil Filter","FORD","D4ZZ-6731-B","https://www.oilfilter-crossreference.com/convert/MANN-FILTER/W930/1"
"EL59301","W930/1","Oil Filter","FORD","D5ZZ-6731-A","https://www.oilfilter-crossreference.com/convert/MANN-FILTER/W930/1"
"EL59301","W930/1","Oil Filter","FORD","D9AZ-6731-A","https://www.oilfilter-crossreference.com/convert/MANN-FILTER/W930/1"
"EL59301","W930/1","Oil Filter","FORD","E7NN-6714-DA","https://www.oilfilter-crossreference.com/convert/MANN-FILTER/W930/1"
"EL59301","W930/1","Oil Filter","GENERAL-MOTORS","25013075","https://www.oilfilter-crossreference.com/convert/MANN-FILTER/W930/1"
"EL59301","W930/1","Oil Filter","GENERAL-MOTORS","6436749","https://www.oilfilter-crossreference.com/convert/MANN-FILTER/W930/1"
"EL59301","W930/1","Oil Filter","GENERAL-MOTORS","6438121","https://www.oilfilter-crossreference.com/convert/MANN-FILTER/W930/1"
"EL59301","W930/1","Oil Filter","GENERAL-MOTORS","6439119","https://www.oilfilter-crossreference.com/convert/MANN-FILTER/W930/1"
"EL59301","W930/1","Oil Filter","GENERAL-MOTORS","6439143","https://www.oilfilter-crossreference.com/convert/MANN-FILTER/W930/1"
"EL59301","W930/1","Oil Filter","GENERAL-MOTORS","V1119324","https://www.oilfilter-crossreference.com/convert/MANN-FILTER/W930/1"
"EL59301","W930/1","Oil Filter","MAZDA","0164-14310","https://www.oilfilter-crossreference.com/convert/MANN-FILTER/W930/1"
"EL59301","W930/1","Oil Filter","MAZDA","016414310","https://www.oilfilter-crossreference.com/convert/MANN-FILTER/W930/1"
"EL59301","W930/1","Oil Filter","NISSAN","15208-05D01","https://www.oilfilter-crossreference.com/convert/MANN-FILTER/W930/1"
"EL59301","W930/1","Oil Filter","NISSAN","15208-80W00","https://www.oilfilter-crossreference.com/convert/MANN-FILTER/W930/1"
"EL59301","W930/1","Oil Filter","NISSAN","15208-W1103","https://www.oilfilter-crossreference.com/convert/MANN-FILTER/W930/1"
"EL59301","W930/1","Oil Filter","NISSAN","15208-W1116","https://www.oilfilter-crossreference.com/convert/MANN-FILTER/W930/1"
"EL59301","W930/1","Oil Filter","NISSAN","15208-W3401","https://www.oilfilter-crossreference.com/convert/MANN-FILTER/W930/1"
"EL59301","W930/1","Oil Filter","NISSAN","BF208-05D02","https://www.oilfilter-crossreference.com/convert/MANN-FILTER/W930/1"
"EL59301","W930/1","Oil Filter","NISSAN","FL208-05D01","https://www.oilfilter-crossreference.com/convert/MANN-FILTER/W930/1"
"EL59301","W930/1","Oil Filter","OE","OF-660","https://www.oilfilter-crossreference.com/convert/MANN-FILTER/W930/1"
"EL59301","W930/1","Oil Filter","OE","OF-745","https://www.oilfilter-crossreference.com/convert/MANN-FILTER/W930/1"
"EL59301","W930/1","Oil Filter","OE","OF-750","https://www.oilfilter-crossreference.com/convert/MANN-FILTER/W930/1"
"EL59301","W930/1","Oil Filter","OE","OF-854","https://www.oilfilter-crossreference.com/convert/MANN-FILTER/W930/1"
"EL59301","W930/1","Oil Filter","OE","OF-950","https://www.oilfilter-crossreference.com/convert/MANN-FILTER/W930/1"
"EL59301","W930/1","Oil Filter","PEUGEOT","1109A7","https://www.oilfilter-crossreference.com/convert/MANN-FILTER/W930/1"
"EL53014","W930/14","Oil Filter","CHRYSLER","3549957","https://www.oilfilter-crossreference.com/convert/MANN-FILTER/W930/14"
"EL53014","W930/14","Oil Filter","CHRYSLER","3685741","https://www.oilfilter-crossreference.com/convert/MANN-FILTER/W930/14"
"EL53014","W930/14","Oil Filter","CHRYSLER","X3549957","https://www.oilfilter-crossreference.com/convert/MANN-FILTER/W930/14"
"EL53014","W930/14","Oil Filter","FIAT","82407227","https://www.oilfilter-crossreference.com/convert/MANN-FILTER/W930/14"
"EL53014","W930/14","Oil Filter","FORD","D4ZZ-6731-B","https://www.oilfilter-crossreference.com/convert/MANN-FILTER/W930/14"
"EL53014","W930/14","Oil Filter","FORD","D5ZZ-6731-A","https://www.oilfilter-crossreference.com/convert/MANN-FILTER/W930/14"
"EL53014","W930/14","Oil Filter","FORD","D9AZ-6731-A","https://www.oilfilter-crossreference.com/convert/MANN-FILTER/W930/14"
"EL53014","W930/14","Oil Filter","FORD","E7NN-6714-DA","https://www.oilfilter-crossreference.com/convert/MANN-FILTER/W930/14"
"EL53014","W930/14","Oil Filter","GENERAL-MOTORS","25013075","https://www.oilfilter-crossreference.com/convert/MANN-FILTER/W930/14"
"EL53014","W930/14","Oil Filter","GENERAL-MOTORS","6436749","https://www.oilfilter-crossreference.com/convert/MANN-FILTER/W930/14"
"EL53014","W930/14","Oil Filter","GENERAL-MOTORS","6438121","https://www.oilfilter-crossreference.com/convert/MANN-FILTER/W930/14"
"EL53014","W930/14","Oil Filter","GENERAL-MOTORS","6439119","https://www.oilfilter-crossreference.com/convert/MANN-FILTER/W930/14"
"EL53014","W930/14","Oil Filter","GENERAL-MOTORS","6439143","https://www.oilfilter-crossreference.com/convert/MANN-FILTER/W930/14"
"EL53014","W930/14","Oil Filter","GENERAL-MOTORS","V1119324","https://www.oilfilter-crossreference.com/convert/MANN-FILTER/W930/14"
"EL53014","W930/14","Oil Filter","MAZDA","0164-14310","https://www.oilfilter-crossreference.com/convert/MANN-FILTER/W930/14"
"EL53014","W930/14","Oil Filter","MAZDA","016414310","https://www.oilfilter-crossreference.com/convert/MANN-FILTER/W930/14"
"EL53014","W930/14","Oil Filter","NISSAN","15208-05D01","https://www.oilfilter-crossreference.com/convert/MANN-FILTER/W930/14"
"EL53014","W930/14","Oil Filter","NISSAN","15208-80W00","https://www.oilfilter-crossreference.com/convert/MANN-FILTER/W930/14"
"EL53014","W930/14","Oil Filter","NISSAN","15208-W1103","https://www.oilfilter-crossreference.com/convert/MANN-FILTER/W930/14"
"EL53014","W930/14","Oil Filter","NISSAN","15208-W1116","https://www.oilfilter-crossreference.com/convert/MANN-FILTER/W930/14"
"EL53014","W930/14","Oil Filter","NISSAN","15208-W3401","https://www.oilfilter-crossreference.com/convert/MANN-FILTER/W930/14"
"EL53014","W930/14","Oil Filter","NISSAN","BF208-05D02","https://www.oilfilter-crossreference.com/convert/MANN-FILTER/W930/14"
"EL53014","W930/14","Oil Filter","NISSAN","FL208-05D01","https://www.oilfilter-crossreference.com/convert/MANN-FILTER/W930/14"
"EL53014","W930/14","Oil Filter","OE","OF-660","https://www.oilfilter-crossreference.com/convert/MANN-FILTER/W930/14"
"EL53014","W930/14","Oil Filter","OE","OF-745","https://www.oilfilter-crossreference.com/convert/MANN-FILTER/W930/14"
"EL53014","W930/14","Oil Filter","OE","OF-750","https://www.oilfilter-crossreference.com/convert/MANN-FILTER/W930/14"
"EL53014","W930/14","Oil Filter","OE","OF-854","https://www.oilfilter-crossreference.com/convert/MANN-FILTER/W930/14"
"EL53014","W930/14","Oil Filter","OE","OF-950","https://www.oilfilter-crossreference.com/convert/MANN-FILTER/W930/14"
"EL53014","W930/14","Oil Filter","PEUGEOT","1109A7","https://www.oilfilter-crossreference.com/convert/MANN-FILTER/W930/14"
"EL53019","W930/19","Oil Filter","CHRYSLER","3549957","https://www.oilfilter-crossreference.com/convert/MANN-FILTER/W930/19"
"EL53019","W930/19","Oil Filter","CHRYSLER","3685741","https://www.oilfilter-crossreference.com/convert/MANN-FILTER/W930/19"
"EL53019","W930/19","Oil Filter","CHRYSLER","X3549957","https://www.oilfilter-crossreference.com/convert/MANN-FILTER/W930/19"
"EL53019","W930/19","Oil Filter","FIAT","82407227","https://www.oilfilter-crossreference.com/convert/MANN-FILTER/W930/19"
"EL53019","W930/19","Oil Filter","FORD","D4ZZ-6731-B","https://www.oilfilter-crossreference.com/convert/MANN-FILTER/W930/19"
"EL53019","W930/19","Oil Filter","FORD","D5ZZ-6731-A","https://www.oilfilter-crossreference.com/convert/MANN-FILTER/W930/19"
"EL53019","W930/19","Oil Filter","FORD","D9AZ-6731-A","https://www.oilfilter-crossreference.com/convert/MANN-FILTER/W930/19"
"EL53019","W930/19","Oil Filter","FORD","E7NN-6714-DA","https://www.oilfilter-crossreference.com/convert/MANN-FILTER/W930/19"
"EL53019","W930/19","Oil Filter","GENERAL-MOTORS","25013075","https://www.oilfilter-crossreference.com/convert/MANN-FILTER/W930/19"
"EL53019","W930/19","Oil Filter","GENERAL-MOTORS","6436749","https://www.oilfilter-crossreference.com/convert/MANN-FILTER/W930/19"
"EL53019","W930/19","Oil Filter","GENERAL-MOTORS","6438121","https://www.oilfilter-crossreference.com/convert/MANN-FILTER/W930/19"
"EL53019","W930/19","Oil Filter","GENERAL-MOTORS","6439119","https://www.oilfilter-crossreference.com/convert/MANN-FILTER/W930/19"
"EL53019","W930/19","Oil Filter","GENERAL-MOTORS","6439143","https://www.oilfilter-crossreference.com/convert/MANN-FILTER/W930/19"
"EL53019","W930/19","Oil Filter","GENERAL-MOTORS","V1119324","https://www.oilfilter-crossreference.com/convert/MANN-FILTER/W930/19"
"EL53019","W930/19","Oil Filter","MAZDA","0164-14310","https://www.oilfilter-crossreference.com/convert/MANN-FILTER/W930/19"
"EL53019","W930/19","Oil Filter","MAZDA","016414310","https://www.oilfilter-crossreference.com/convert/MANN-FILTER/W930/19"
"EL53019","W930/19","Oil Filter","NISSAN","15208-05D01","https://www.oilfilter-crossreference.com/convert/MANN-FILTER/W930/19"
"EL53019","W930/19","Oil Filter","NISSAN","15208-80W00","https://www.oilfilter-crossreference.com/convert/MANN-FILTER/W930/19"
"EL53019","W930/19","Oil Filter","NISSAN","15208-W1103","https://www.oilfilter-crossreference.com/convert/MANN-FILTER/W930/19"
"EL53019","W930/19","Oil Filter","NISSAN","15208-W1116","https://www.oilfilter-crossreference.com/convert/MANN-FILTER/W930/19"
"EL53019","W930/19","Oil Filter","NISSAN","15208-W3401","https://www.oilfilter-crossreference.com/convert/MANN-FILTER/W930/19"
"EL53019","W930/19","Oil Filter","NISSAN","BF208-05D02","https://www.oilfilter-crossreference.com/convert/MANN-FILTER/W930/19"
"EL53019","W930/19","Oil Filter","NISSAN","FL208-05D01","https://www.oilfilter-crossreference.com/convert/MANN-FILTER/W930/19"
"EL53019","W930/19","Oil Filter","OE","OF-660","https://www.oilfilter-crossreference.com/convert/MANN-FILTER/W930/19"
"EL53019","W930/19","Oil Filter","OE","OF-745","https://www.oilfilter-crossreference.com/convert/MANN-FILTER/W930/19"
"EL53019","W930/19","Oil Filter","OE","OF-750","https://www.oilfilter-crossreference.com/convert/MANN-FILTER/W930/19"
"EL53019","W930/19","Oil Filter","OE","OF-854","https://www.oilfilter-crossreference.com/convert/MANN-FILTER/W930/19"
"EL53019","W930/19","Oil Filter","OE","OF-950","https://www.oilfilter-crossreference.com/convert/MANN-FILTER/W930/19"
"EL53019","W930/19","Oil Filter","PEUGEOT","1109A7","https://www.oilfilter-crossreference.com/convert/MANN-FILTER/W930/19"
"EL59302","W930/2","Oil Filter","CHRYSLER","3549957","https://www.oilfilter-crossreference.com/convert/MANN-FILTER/W930/2"
"EL59302","W930/2","Oil Filter","CHRYSLER","3685741","https://www.oilfilter-crossreference.com/convert/MANN-FILTER/W930/2"
"EL59302","W930/2","Oil Filter","CHRYSLER","X3549957","https://www.oilfilter-crossreference.com/convert/MANN-FILTER/W930/2"
"EL59302","W930/2","Oil Filter","FIAT","82407227","https://www.oilfilter-crossreference.com/convert/MANN-FILTER/W930/2"
"EL59302","W930/2","Oil Filter","FORD","D4ZZ-6731-B","https://www.oilfilter-crossreference.com/convert/MANN-FILTER/W930/2"
"EL59302","W930/2","Oil Filter","FORD","D5ZZ-6731-A","https://www.oilfilter-crossreference.com/convert/MANN-FILTER/W930/2"
"EL59302","W930/2","Oil Filter","FORD","D9AZ-6731-A","https://www.oilfilter-crossreference.com/convert/MANN-FILTER/W930/2"
"EL59302","W930/2","Oil Filter","FORD","E7NN-6714-DA","https://www.oilfilter-crossreference.com/convert/MANN-FILTER/W930/2"
"EL59302","W930/2","Oil Filter","GENERAL-MOTORS","25013075","https://www.oilfilter-crossreference.com/convert/MANN-FILTER/W930/2"
"EL59302","W930/2","Oil Filter","GENERAL-MOTORS","6436749","https://www.oilfilter-crossreference.com/convert/MANN-FILTER/W930/2"
"EL59302","W930/2","Oil Filter","GENERAL-MOTORS","6438121","https://www.oilfilter-crossreference.com/convert/MANN-FILTER/W930/2"
"EL59302","W930/2","Oil Filter","GENERAL-MOTORS","6439119","https://www.oilfilter-crossreference.com/convert/MANN-FILTER/W930/2"
"EL59302","W930/2","Oil Filter","GENERAL-MOTORS","6439143","https://www.oilfilter-crossreference.com/convert/MANN-FILTER/W930/2"
"EL59302","W930/2","Oil Filter","GENERAL-MOTORS","V1119324","https://www.oilfilter-crossreference.com/convert/MANN-FILTER/W930/2"
"EL59302","W930/2","Oil Filter","MAZDA","0164-14310","https://www.oilfilter-crossreference.com/convert/MANN-FILTER/W930/2"
"EL59302","W930/2","Oil Filter","MAZDA","016414310","https://www.oilfilter-crossreference.com/convert/MANN-FILTER/W930/2"
"EL59302","W930/2","Oil Filter","NISSAN","15208-05D01","https://www.oilfilter-crossreference.com/convert/MANN-FILTER/W930/2"
"EL59302","W930/2","Oil Filter","NISSAN","15208-80W00","https://www.oilfilter-crossreference.com/convert/MANN-FILTER/W930/2"
"EL59302","W930/2","Oil Filter","NISSAN","15208-W1103","https://www.oilfilter-crossreference.com/convert/MANN-FILTER/W930/2"
"EL59302","W930/2","Oil Filter","NISSAN","15208-W1116","https://www.oilfilter-crossreference.com/convert/MANN-FILTER/W930/2"
"EL59302","W930/2","Oil Filter","NISSAN","15208-W3401","https://www.oilfilter-crossreference.com/convert/MANN-FILTER/W930/2"
"EL59302","W930/2","Oil Filter","NISSAN","BF208-05D02","https://www.oilfilter-crossreference.com/convert/MANN-FILTER/W930/2"
"EL59302","W930/2","Oil Filter","NISSAN","FL208-05D01","https://www.oilfilter-crossreference.com/convert/MANN-FILTER/W930/2"
"EL59302","W930/2","Oil Filter","OE","OF-660","https://www.oilfilter-crossreference.com/convert/MANN-FILTER/W930/2"
"EL59302","W930/2","Oil Filter","OE","OF-745","https://www.oilfilter-crossreference.com/convert/MANN-FILTER/W930/2"
"EL59302","W930/2","Oil Filter","OE","OF-750","https://www.oilfilter-crossreference.com/convert/MANN-FILTER/W930/2"
"EL59302","W930/2","Oil Filter","OE","OF-854","https://www.oilfilter-crossreference.com/convert/MANN-FILTER/W930/2"
"EL59302","W930/2","Oil Filter","OE","OF-950","https://www.oilfilter-crossreference.com/convert/MANN-FILTER/W930/2"
"EL59302","W930/2","Oil Filter","PEUGEOT","1109A7","https://www.oilfilter-crossreference.com/convert/MANN-FILTER/W930/2"
"EL59304","W930/4","Oil Filter","CHRYSLER","3549957","https://www.oilfilter-crossreference.com/convert/MANN-FILTER/W930/4"
"EL59304","W930/4","Oil Filter","CHRYSLER","3685741","https://www.oilfilter-crossreference.com/convert/MANN-FILTER/W930/4"
"EL59304","W930/4","Oil Filter","CHRYSLER","X3549957","https://www.oilfilter-crossreference.com/convert/MANN-FILTER/W930/4"
"EL59304","W930/4","Oil Filter","FIAT","82407227","https://www.oilfilter-crossreference.com/convert/MANN-FILTER/W930/4"
"EL59304","W930/4","Oil Filter","FORD","D4ZZ-6731-B","https://www.oilfilter-crossreference.com/convert/MANN-FILTER/W930/4"
"EL59304","W930/4","Oil Filter","FORD","D5ZZ-6731-A","https://www.oilfilter-crossreference.com/convert/MANN-FILTER/W930/4"
"EL59304","W930/4","Oil Filter","FORD","D9AZ-6731-A","https://www.oilfilter-crossreference.com/convert/MANN-FILTER/W930/4"
"EL59304","W930/4","Oil Filter","FORD","E7NN-6714-DA","https://www.oilfilter-crossreference.com/convert/MANN-FILTER/W930/4"
"EL59304","W930/4","Oil Filter","GENERAL-MOTORS","25013075","https://www.oilfilter-crossreference.com/convert/MANN-FILTER/W930/4"
"EL59304","W930/4","Oil Filter","GENERAL-MOTORS","6436749","https://www.oilfilter-crossreference.com/convert/MANN-FILTER/W930/4"
"EL59304","W930/4","Oil Filter","GENERAL-MOTORS","6438121","https://www.oilfilter-crossreference.com/convert/MANN-FILTER/W930/4"
"EL59304","W930/4","Oil Filter","GENERAL-MOTORS","6439119","https://www.oilfilter-crossreference.com/convert/MANN-FILTER/W930/4"
"EL59304","W930/4","Oil Filter","GENERAL-MOTORS","6439143","https://www.oilfilter-crossreference.com/convert/MANN-FILTER/W930/4"
"EL59304","W930/4","Oil Filter","GENERAL-MOTORS","V1119324","https://www.oilfilter-crossreference.com/convert/MANN-FILTER/W930/4"
"EL59304","W930/4","Oil Filter","MAZDA","0164-14310","https://www.oilfilter-crossreference.com/convert/MANN-FILTER/W930/4"
"EL59304","W930/4","Oil Filter","MAZDA","016414310","https://www.oilfilter-crossreference.com/convert/MANN-FILTER/W930/4"
"EL59304","W930/4","Oil Filter","NISSAN","15208-05D01","https://www.oilfilter-crossreference.com/convert/MANN-FILTER/W930/4"
"EL59304","W930/4","Oil Filter","NISSAN","15208-80W00","https://www.oilfilter-crossreference.com/convert/MANN-FILTER/W930/4"
"EL59304","W930/4","Oil Filter","NISSAN","15208-W1103","https://www.oilfilter-crossreference.com/convert/MANN-FILTER/W930/4"
"EL59304","W930/4","Oil Filter","NISSAN","15208-W1116","https://www.oilfilter-crossreference.com/convert/MANN-FILTER/W930/4"
"EL59304","W930/4","Oil Filter","NISSAN","15208-W3401","https://www.oilfilter-crossreference.com/convert/MANN-FILTER/W930/4"
"EL59304","W930/4","Oil Filter","NISSAN","BF208-05D02","https://www.oilfilter-crossreference.com/convert/MANN-FILTER/W930/4"
"EL59304","W930/4","Oil Filter","NISSAN","FL208-05D01","https://www.oilfilter-crossreference.com/convert/MANN-FILTER/W930/4"
"EL59304","W930/4","Oil Filter","OE","OF-660","https://www.oilfilter-crossreference.com/convert/MANN-FILTER/W930/4"
"EL59304","W930/4","Oil Filter","OE","OF-745","https://www.oilfilter-crossreference.com/convert/MANN-FILTER/W930/4"
"EL59304","W930/4","Oil Filter","OE","OF-750","https://www.oilfilter-crossreference.com/convert/MANN-FILTER/W930/4"
"EL59304","W930/4","Oil Filter","OE","OF-854","https://www.oilfilter-crossreference.com/convert/MANN-FILTER/W930/4"
"EL59304","W930/4","Oil Filter","OE","OF-950","https://www.oilfilter-crossreference.com/convert/MANN-FILTER/W930/4"
"EL59304","W930/4","Oil Filter","PEUGEOT","1109A7","https://www.oilfilter-crossreference.com/convert/MANN-FILTER/W930/4"
"EL59308","W930/8","Oil Filter","CHRYSLER","3549957","https://www.oilfilter-crossreference.com/convert/MANN-FILTER/W930/8"
"EL59308","W930/8","Oil Filter","CHRYSLER","3685741","https://www.oilfilter-crossreference.com/convert/MANN-FILTER/W930/8"
"EL59308","W930/8","Oil Filter","CHRYSLER","X3549957","https://www.oilfilter-crossreference.com/convert/MANN-FILTER/W930/8"
"EL59308","W930/8","Oil Filter","FIAT","82407227","https://www.oilfilter-crossreference.com/convert/MANN-FILTER/W930/8"
"EL59308","W930/8","Oil Filter","FORD","D4ZZ-6731-B","https://www.oilfilter-crossreference.com/convert/MANN-FILTER/W930/8"
"EL59308","W930/8","Oil Filter","FORD","D5ZZ-6731-A","https://www.oilfilter-crossreference.com/convert/MANN-FILTER/W930/8"
"EL59308","W930/8","Oil Filter","FORD","D9AZ-6731-A","https://www.oilfilter-crossreference.com/convert/MANN-FILTER/W930/8"
"EL59308","W930/8","Oil Filter","FORD","E7NN-6714-DA","https://www.oilfilter-crossreference.com/convert/MANN-FILTER/W930/8"
"EL59308","W930/8","Oil Filter","GENERAL-MOTORS","25013075","https://www.oilfilter-crossreference.com/convert/MANN-FILTER/W930/8"
"EL59308","W930/8","Oil Filter","GENERAL-MOTORS","6436749","https://www.oilfilter-crossreference.com/convert/MANN-FILTER/W930/8"
"EL59308","W930/8","Oil Filter","GENERAL-MOTORS","6438121","https://www.oilfilter-crossreference.com/convert/MANN-FILTER/W930/8"
"EL59308","W930/8","Oil Filter","GENERAL-MOTORS","6439119","https://www.oilfilter-crossreference.com/convert/MANN-FILTER/W930/8"
"EL59308","W930/8","Oil Filter","GENERAL-MOTORS","6439143","https://www.oilfilter-crossreference.com/convert/MANN-FILTER/W930/8"
"EL59308","W930/8","Oil Filter","GENERAL-MOTORS","V1119324","https://www.oilfilter-crossreference.com/convert/MANN-FILTER/W930/8"
"EL59308","W930/8","Oil Filter","MAZDA","0164-14310","https://www.oilfilter-crossreference.com/convert/MANN-FILTER/W930/8"
"EL59308","W930/8","Oil Filter","MAZDA","016414310","https://www.oilfilter-crossreference.com/convert/MANN-FILTER/W930/8"
"EL59308","W930/8","Oil Filter","NISSAN","15208-05D01","https://www.oilfilter-crossreference.com/convert/MANN-FILTER/W930/8"
"EL59308","W930/8","Oil Filter","NISSAN","15208-80W00","https://www.oilfilter-crossreference.com/convert/MANN-FILTER/W930/8"
"EL59308","W930/8","Oil Filter","NISSAN","15208-W1103","https://www.oilfilter-crossreference.com/convert/MANN-FILTER/W930/8"
"EL59308","W930/8","Oil Filter","NISSAN","15208-W1116","https://www.oilfilter-crossreference.com/convert/MANN-FILTER/W930/8"
"EL59308","W930/8","Oil Filter","NISSAN","15208-W3401","https://www.oilfilter-crossreference.com/convert/MANN-FILTER/W930/8"
"EL59308","W930/8","Oil Filter","NISSAN","BF208-05D02","https://www.oilfilter-crossreference.com/convert/MANN-FILTER/W930/8"
"EL59308","W930/8","Oil Filter","NISSAN","FL208-05D01","https://www.oilfilter-crossreference.com/convert/MANN-FILTER/W930/8"
"EL59308","W930/8","Oil Filter","OE","OF-660","https://www.oilfilter-crossreference.com/convert/MANN-FILTER/W930/8"
"EL59308","W930/8","Oil Filter","OE","OF-745","https://www.oilfilter-crossreference.com/convert/MANN-FILTER/W930/8"
"EL59308","W930/8","Oil Filter","OE","OF-750","https://www.oilfilter-crossreference.com/convert/MANN-FILTER/W930/8"
"EL59308","W930/8","Oil Filter","OE","OF-854","https://www.oilfilter-crossreference.com/convert/MANN-FILTER/W930/8"
"EL59308","W930/8","Oil Filter","OE","OF-950","https://www.oilfilter-crossreference.com/convert/MANN-FILTER/W930/8"
"EL59308","W930/8","Oil Filter","PEUGEOT","1109A7","https://www.oilfilter-crossreference.com/convert/MANN-FILTER/W930/8"
"EL54011","W940/11","Oil Filter","CITROEN","MLS000-186","https://www.oilfilter-crossreference.com/convert/MANN-FILTER/W940/11"
"EL54011","W940/11","Oil Filter","CITROEN","MLS000186","https://www.oilfilter-crossreference.com/convert/MANN-FILTER/W940/11"
"EL54011","W940/11","Oil Filter","FIAT","5926021","https://www.oilfilter-crossreference.com/convert/MANN-FILTER/W940/11"
"EL54011","W940/11","Oil Filter","FIAT","62775369","https://www.oilfilter-crossreference.com/convert/MANN-FILTER/W940/11"
"EL54011","W940/11","Oil Filter","FIAT","74630787","https://www.oilfilter-crossreference.com/convert/MANN-FILTER/W940/11"
"EL54011","W940/11","Oil Filter","FORD","1498028","https://www.oilfilter-crossreference.com/convert/MANN-FILTER/W940/11"
"EL54011","W940/11","Oil Filter","FORD","5000189","https://www.oilfilter-crossreference.com/convert/MANN-FILTER/W940/11"
"EL54011","W940/11","Oil Filter","FORD","D5NN-6714-A","https://www.oilfilter-crossreference.com/convert/MANN-FILTER/W940/11"
"EL54011","W940/11","Oil Filter","FORD","D8NN-6714-LA","https://www.oilfilter-crossreference.com/convert/MANN-FILTER/W940/11"
"EL54011","W940/11","Oil Filter","FORD","D9NN-6714-CA","https://www.oilfilter-crossreference.com/convert/MANN-FILTER/W940/11"
"EL54011","W940/11","Oil Filter","GENERAL-MOTORS","25011619","https://www.oilfilter-crossreference.com/convert/MANN-FILTER/W940/11"
"EL54011","W940/11","Oil Filter","GENERAL-MOTORS","5579970","https://www.oilfilter-crossreference.com/convert/MANN-FILTER/W940/11"
"EL54011","W940/11","Oil Filter","GENERAL-MOTORS","6438121","https://www.oilfilter-crossreference.com/convert/MANN-FILTER/W940/11"
"EL54011","W940/11","Oil Filter","MERCEDES-BENZ","0021844001","https://www.oilfilter-crossreference.com/convert/MANN-FILTER/W940/11"
"EL54011","W940/11","Oil Filter","MERCEDES-BENZ","A0021844001","https://www.oilfilter-crossreference.com/convert/MANN-FILTER/W940/11"
"EL54011","W940/11","Oil Filter","OE","OF-1360","https://www.oilfilter-crossreference.com/convert/MANN-FILTER/W940/11"
"EL54011","W940/11","Oil Filter","PORSCHE","901.107.203.02","https://www.oilfilter-crossreference.com/convert/MANN-FILTER/W940/11"
"EL54011","W940/11","Oil Filter","PORSCHE","901.107.203.09","https://www.oilfilter-crossreference.com/convert/MANN-FILTER/W940/11"
"EL54011","W940/11","Oil Filter","PORSCHE","90110720302","https://www.oilfilter-crossreference.com/convert/MANN-FILTER/W940/11"
"EL54011","W940/11","Oil Filter","PORSCHE","90110720309","https://www.oilfilter-crossreference.com/convert/MANN-FILTER/W940/11"
"EL54011","W940/11","Oil Filter","VW","074 115 561","https://www.oilfilter-crossreference.com/convert/MANN-FILTER/W940/11"
"EL54011","W940/11","Oil Filter","VW","075 115 561","https://www.oilfilter-crossreference.com/convert/MANN-FILTER/W940/11"
"EL54011","W940/11","Oil Filter","VW","078 115 561D","https://www.oilfilter-crossreference.com/convert/MANN-FILTER/W940/11"
"EL54011","W940/11","Oil Filter","VW","901 107 203 01","https://www.oilfilter-crossreference.com/convert/MANN-FILTER/W940/11"
"EL54011","W940/11","Oil Filter","VW","901 107 203 02","https://www.oilfilter-crossreference.com/convert/MANN-FILTER/W940/11"
"EL54011","W940/11","Oil Filter","VW","901 107 203 03","https://www.oilfilter-crossreference.com/convert/MANN-FILTER/W940/11"
"EL54011","W940/11","Oil Filter","VW","901 107 203 05","https://www.oilfilter-crossreference.com/convert/MANN-FILTER/W940/11"
"EL54011","W940/11","Oil Filter","VW","911 901 107","https://www.oilfilter-crossreference.com/convert/MANN-FILTER/W940/11"
"EL54012","W940/12","Oil Filter","CITROEN","MLS000-186","https://www.oilfilter-crossreference.com/convert/MANN-FILTER/W940/12"
"EL54012","W940/12","Oil Filter","CITROEN","MLS000186","https://www.oilfilter-crossreference.com/convert/MANN-FILTER/W940/12"
"EL54012","W940/12","Oil Filter","FIAT","5926021","https://www.oilfilter-crossreference.com/convert/MANN-FILTER/W940/12"
"EL54012","W940/12","Oil Filter","FIAT","62775369","https://www.oilfilter-crossreference.com/convert/MANN-FILTER/W940/12"
"EL54012","W940/12","Oil Filter","FIAT","74630787","https://www.oilfilter-crossreference.com/convert/MANN-FILTER/W940/12"
"EL54012","W940/12","Oil Filter","FORD","1498028","https://www.oilfilter-crossreference.com/convert/MANN-FILTER/W940/12"
"EL54012","W940/12","Oil Filter","FORD","5000189","https://www.oilfilter-crossreference.com/convert/MANN-FILTER/W940/12"
"EL54012","W940/12","Oil Filter","FORD","D5NN-6714-A","https://www.oilfilter-crossreference.com/convert/MANN-FILTER/W940/12"
"EL54012","W940/12","Oil Filter","FORD","D8NN-6714-LA","https://www.oilfilter-crossreference.com/convert/MANN-FILTER/W940/12"
"EL54012","W940/12","Oil Filter","FORD","D9NN-6714-CA","https://www.oilfilter-crossreference.com/convert/MANN-FILTER/W940/12"
"EL54012","W940/12","Oil Filter","GENERAL-MOTORS","25011619","https://www.oilfilter-crossreference.com/convert/MANN-FILTER/W940/12"
"EL54012","W940/12","Oil Filter","GENERAL-MOTORS","5579970","https://www.oilfilter-crossreference.com/convert/MANN-FILTER/W940/12"
"EL54012","W940/12","Oil Filter","GENERAL-MOTORS","6438121","https://www.oilfilter-crossreference.com/convert/MANN-FILTER/W940/12"
"EL54012","W940/12","Oil Filter","MERCEDES-BENZ","0021844001","https://www.oilfilter-crossreference.com/convert/MANN-FILTER/W940/12"
"EL54012","W940/12","Oil Filter","MERCEDES-BENZ","A0021844001","https://www.oilfilter-crossreference.com/convert/MANN-FILTER/W940/12"
"EL54012","W940/12","Oil Filter","OE","OF-1360","https://www.oilfilter-crossreference.com/convert/MANN-FILTER/W940/12"
"EL54012","W940/12","Oil Filter","PORSCHE","901.107.203.02","https://www.oilfilter-crossreference.com/convert/MANN-FILTER/W940/12"
"EL54012","W940/12","Oil Filter","PORSCHE","901.107.203.09","https://www.oilfilter-crossreference.com/convert/MANN-FILTER/W940/12"
"EL54012","W940/12","Oil Filter","PORSCHE","90110720302","https://www.oilfilter-crossreference.com/convert/MANN-FILTER/W940/12"
"EL54012","W940/12","Oil Filter","PORSCHE","90110720309","https://www.oilfilter-crossreference.com/convert/MANN-FILTER/W940/12"
"EL54012","W940/12","Oil Filter","VW","074 115 561","https://www.oilfilter-crossreference.com/convert/MANN-FILTER/W940/12"
"EL54012","W940/12","Oil Filter","VW","075 115 561","https://www.oilfilter-crossreference.com/convert/MANN-FILTER/W940/12"
"EL54012","W940/12","Oil Filter","VW","078 115 561D","https://www.oilfilter-crossreference.com/convert/MANN-FILTER/W940/12"
"EL54012","W940/12","Oil Filter","VW","901 107 203 01","https://www.oilfilter-crossreference.com/convert/MANN-FILTER/W940/12"
"EL54012","W940/12","Oil Filter","VW","901 107 203 02","https://www.oilfilter-crossreference.com/convert/MANN-FILTER/W940/12"
"EL54012","W940/12","Oil Filter","VW","901 107 203 03","https://www.oilfilter-crossreference.com/convert/MANN-FILTER/W940/12"
"EL54012","W940/12","Oil Filter","VW","901 107 203 05","https://www.oilfilter-crossreference.com/convert/MANN-FILTER/W940/12"
"EL54012","W940/12","Oil Filter","VW","911 901 107","https://www.oilfilter-crossreference.com/convert/MANN-FILTER/W940/12"
"EL54015","W940/15","Oil Filter","CITROEN","MLS000-186","https://www.oilfilter-crossreference.com/convert/MANN-FILTER/W940/15"
"EL54015","W940/15","Oil Filter","CITROEN","MLS000186","https://www.oilfilter-crossreference.com/convert/MANN-FILTER/W940/15"
"EL54015","W940/15","Oil Filter","FIAT","5926021","https://www.oilfilter-crossreference.com/convert/MANN-FILTER/W940/15"
"EL54015","W940/15","Oil Filter","FIAT","62775369","https://www.oilfilter-crossreference.com/convert/MANN-FILTER/W940/15"
"EL54015","W940/15","Oil Filter","FIAT","74630787","https://www.oilfilter-crossreference.com/convert/MANN-FILTER/W940/15"
"EL54015","W940/15","Oil Filter","FORD","1498028","https://www.oilfilter-crossreference.com/convert/MANN-FILTER/W940/15"
"EL54015","W940/15","Oil Filter","FORD","5000189","https://www.oilfilter-crossreference.com/convert/MANN-FILTER/W940/15"
"EL54015","W940/15","Oil Filter","FORD","D5NN-6714-A","https://www.oilfilter-crossreference.com/convert/MANN-FILTER/W940/15"
"EL54015","W940/15","Oil Filter","FORD","D8NN-6714-LA","https://www.oilfilter-crossreference.com/convert/MANN-FILTER/W940/15"
"EL54015","W940/15","Oil Filter","FORD","D9NN-6714-CA","https://www.oilfilter-crossreference.com/convert/MANN-FILTER/W940/15"
"EL54015","W940/15","Oil Filter","GENERAL-MOTORS","25011619","https://www.oilfilter-crossreference.com/convert/MANN-FILTER/W940/15"
"EL54015","W940/15","Oil Filter","GENERAL-MOTORS","5579970","https://www.oilfilter-crossreference.com/convert/MANN-FILTER/W940/15"
"EL54015","W940/15","Oil Filter","GENERAL-MOTORS","6438121","https://www.oilfilter-crossreference.com/convert/MANN-FILTER/W940/15"
"EL54015","W940/15","Oil Filter","MERCEDES-BENZ","0021844001","https://www.oilfilter-crossreference.com/convert/MANN-FILTER/W940/15"
"EL54015","W940/15","Oil Filter","MERCEDES-BENZ","A0021844001","https://www.oilfilter-crossreference.com/convert/MANN-FILTER/W940/15"
"EL54015","W940/15","Oil Filter","OE","OF-1360","https://www.oilfilter-crossreference.com/convert/MANN-FILTER/W940/15"
"EL54015","W940/15","Oil Filter","PORSCHE","901.107.203.02","https://www.oilfilter-crossreference.com/convert/MANN-FILTER/W940/15"
"EL54015","W940/15","Oil Filter","PORSCHE","901.107.203.09","https://www.oilfilter-crossreference.com/convert/MANN-FILTER/W940/15"
"EL54015","W940/15","Oil Filter","PORSCHE","90110720302","https://www.oilfilter-crossreference.com/convert/MANN-FILTER/W940/15"
"EL54015","W940/15","Oil Filter","PORSCHE","90110720309","https://www.oilfilter-crossreference.com/convert/MANN-FILTER/W940/15"
"EL54015","W940/15","Oil Filter","VW","074 115 561","https://www.oilfilter-crossreference.com/convert/MANN-FILTER/W940/15"
"EL54015","W940/15","Oil Filter","VW","075 115 561","https://www.oilfilter-crossreference.com/convert/MANN-FILTER/W940/15"
"EL54015","W940/15","Oil Filter","VW","078 115 561D","https://www.oilfilter-crossreference.com/convert/MANN-FILTER/W940/15"
"EL54015","W940/15","Oil Filter","VW","901 107 203 01","https://www.oilfilter-crossreference.com/convert/MANN-FILTER/W940/15"
"EL54015","W940/15","Oil Filter","VW","901 107 203 02","https://www.oilfilter-crossreference.com/convert/MANN-FILTER/W940/15"
"EL54015","W940/15","Oil Filter","VW","901 107 203 03","https://www.oilfilter-crossreference.com/convert/MANN-FILTER/W940/15"
"EL54015","W940/15","Oil Filter","VW","901 107 203 05","https://www.oilfilter-crossreference.com/convert/MANN-FILTER/W940/15"
"EL54015","W940/15","Oil Filter","VW","911 901 107","https://www.oilfilter-crossreference.com/convert/MANN-FILTER/W940/15"
"EL54016","W940/16","Oil Filter","CITROEN","MLS000-186","https://www.oilfilter-crossreference.com/convert/MANN-FILTER/W940/16"
"EL54016","W940/16","Oil Filter","CITROEN","MLS000186","https://www.oilfilter-crossreference.com/convert/MANN-FILTER/W940/16"
"EL54016","W940/16","Oil Filter","FIAT","5926021","https://www.oilfilter-crossreference.com/convert/MANN-FILTER/W940/16"
"EL54016","W940/16","Oil Filter","FIAT","62775369","https://www.oilfilter-crossreference.com/convert/MANN-FILTER/W940/16"
"EL54016","W940/16","Oil Filter","FIAT","74630787","https://www.oilfilter-crossreference.com/convert/MANN-FILTER/W940/16"
"EL54016","W940/16","Oil Filter","FORD","1498028","https://www.oilfilter-crossreference.com/convert/MANN-FILTER/W940/16"
"EL54016","W940/16","Oil Filter","FORD","5000189","https://www.oilfilter-crossreference.com/convert/MANN-FILTER/W940/16"
"EL54016","W940/16","Oil Filter","FORD","D5NN-6714-A","https://www.oilfilter-crossreference.com/convert/MANN-FILTER/W940/16"
"EL54016","W940/16","Oil Filter","FORD","D8NN-6714-LA","https://www.oilfilter-crossreference.com/convert/MANN-FILTER/W940/16"
"EL54016","W940/16","Oil Filter","FORD","D9NN-6714-CA","https://www.oilfilter-crossreference.com/convert/MANN-FILTER/W940/16"
"EL54016","W940/16","Oil Filter","GENERAL-MOTORS","25011619","https://www.oilfilter-crossreference.com/convert/MANN-FILTER/W940/16"
"EL54016","W940/16","Oil Filter","GENERAL-MOTORS","5579970","https://www.oilfilter-crossreference.com/convert/MANN-FILTER/W940/16"
"EL54016","W940/16","Oil Filter","GENERAL-MOTORS","6438121","https://www.oilfilter-crossreference.com/convert/MANN-FILTER/W940/16"
"EL54016","W940/16","Oil Filter","MERCEDES-BENZ","0021844001","https://www.oilfilter-crossreference.com/convert/MANN-FILTER/W940/16"
"EL54016","W940/16","Oil Filter","MERCEDES-BENZ","A0021844001","https://www.oilfilter-crossreference.com/convert/MANN-FILTER/W940/16"
"EL54016","W940/16","Oil Filter","OE","OF-1360","https://www.oilfilter-crossreference.com/convert/MANN-FILTER/W940/16"
"EL54016","W940/16","Oil Filter","PORSCHE","901.107.203.02","https://www.oilfilter-crossreference.com/convert/MANN-FILTER/W940/16"
"EL54016","W940/16","Oil Filter","PORSCHE","901.107.203.09","https://www.oilfilter-crossreference.com/convert/MANN-FILTER/W940/16"
"EL54016","W940/16","Oil Filter","PORSCHE","90110720302","https://www.oilfilter-crossreference.com/convert/MANN-FILTER/W940/16"
"EL54016","W940/16","Oil Filter","PORSCHE","90110720309","https://www.oilfilter-crossreference.com/convert/MANN-FILTER/W940/16"
"EL54016","W940/16","Oil Filter","VW","074 115 561","https://www.oilfilter-crossreference.com/convert/MANN-FILTER/W940/16"
"EL54016","W940/16","Oil Filter","VW","075 115 561","https://www.oilfilter-crossreference.com/convert/MANN-FILTER/W940/16"
"EL54016","W940/16","Oil Filter","VW","078 115 561D","https://www.oilfilter-crossreference.com/convert/MANN-FILTER/W940/16"
"EL54016","W940/16","Oil Filter","VW","901 107 203 01","https://www.oilfilter-crossreference.com/convert/MANN-FILTER/W940/16"
"EL54016","W940/16","Oil Filter","VW","901 107 203 02","https://www.oilfilter-crossreference.com/convert/MANN-FILTER/W940/16"
"EL54016","W940/16","Oil Filter","VW","901 107 203 03","https://www.oilfilter-crossreference.com/convert/MANN-FILTER/W940/16"
"EL54016","W940/16","Oil Filter","VW","901 107 203 05","https://www.oilfilter-crossreference.com/convert/MANN-FILTER/W940/16"
"EL54016","W940/16","Oil Filter","VW","911 901 107","https://www.oilfilter-crossreference.com/convert/MANN-FILTER/W940/16"
"EL54017","W940/17","Oil Filter","CITROEN","MLS000-186","https://www.oilfilter-crossreference.com/convert/MANN-FILTER/W940/17"
"EL54017","W940/17","Oil Filter","CITROEN","MLS000186","https://www.oilfilter-crossreference.com/convert/MANN-FILTER/W940/17"
"EL54017","W940/17","Oil Filter","FIAT","5926021","https://www.oilfilter-crossreference.com/convert/MANN-FILTER/W940/17"
"EL54017","W940/17","Oil Filter","FIAT","62775369","https://www.oilfilter-crossreference.com/convert/MANN-FILTER/W940/17"
"EL54017","W940/17","Oil Filter","FIAT","74630787","https://www.oilfilter-crossreference.com/convert/MANN-FILTER/W940/17"
"EL54017","W940/17","Oil Filter","FORD","1498028","https://www.oilfilter-crossreference.com/convert/MANN-FILTER/W940/17"
"EL54017","W940/17","Oil Filter","FORD","5000189","https://www.oilfilter-crossreference.com/convert/MANN-FILTER/W940/17"
"EL54017","W940/17","Oil Filter","FORD","D5NN-6714-A","https://www.oilfilter-crossreference.com/convert/MANN-FILTER/W940/17"
"EL54017","W940/17","Oil Filter","FORD","D8NN-6714-LA","https://www.oilfilter-crossreference.com/convert/MANN-FILTER/W940/17"
"EL54017","W940/17","Oil Filter","FORD","D9NN-6714-CA","https://www.oilfilter-crossreference.com/convert/MANN-FILTER/W940/17"
"EL54017","W940/17","Oil Filter","GENERAL-MOTORS","25011619","https://www.oilfilter-crossreference.com/convert/MANN-FILTER/W940/17"
"EL54017","W940/17","Oil Filter","GENERAL-MOTORS","5579970","https://www.oilfilter-crossreference.com/convert/MANN-FILTER/W940/17"
"EL54017","W940/17","Oil Filter","GENERAL-MOTORS","6438121","https://www.oilfilter-crossreference.com/convert/MANN-FILTER/W940/17"
"EL54017","W940/17","Oil Filter","MERCEDES-BENZ","0021844001","https://www.oilfilter-crossreference.com/convert/MANN-FILTER/W940/17"
"EL54017","W940/17","Oil Filter","MERCEDES-BENZ","A0021844001","https://www.oilfilter-crossreference.com/convert/MANN-FILTER/W940/17"
"EL54017","W940/17","Oil Filter","OE","OF-1360","https://www.oilfilter-crossreference.com/convert/MANN-FILTER/W940/17"
"EL54017","W940/17","Oil Filter","PORSCHE","901.107.203.02","https://www.oilfilter-crossreference.com/convert/MANN-FILTER/W940/17"
"EL54017","W940/17","Oil Filter","PORSCHE","901.107.203.09","https://www.oilfilter-crossreference.com/convert/MANN-FILTER/W940/17"
"EL54017","W940/17","Oil Filter","PORSCHE","90110720302","https://www.oilfilter-crossreference.com/convert/MANN-FILTER/W940/17"
"EL54017","W940/17","Oil Filter","PORSCHE","90110720309","https://www.oilfilter-crossreference.com/convert/MANN-FILTER/W940/17"
"EL54017","W940/17","Oil Filter","VW","074 115 561","https://www.oilfilter-crossreference.com/convert/MANN-FILTER/W940/17"
"EL54017","W940/17","Oil Filter","VW","075 115 561","https://www.oilfilter-crossreference.com/convert/MANN-FILTER/W940/17"
"EL54017","W940/17","Oil Filter","VW","078 115 561D","https://www.oilfilter-crossreference.com/convert/MANN-FILTER/W940/17"
"EL54017","W940/17","Oil Filter","VW","901 107 203 01","https://www.oilfilter-crossreference.com/convert/MANN-FILTER/W940/17"
"EL54017","W940/17","Oil Filter","VW","901 107 203 02","https://www.oilfilter-crossreference.com/convert/MANN-FILTER/W940/17"
"EL54017","W940/17","Oil Filter","VW","901 107 203 03","https://www.oilfilter-crossreference.com/convert/MANN-FILTER/W940/17"
"EL54017","W940/17","Oil Filter","VW","901 107 203 05","https://www.oilfilter-crossreference.com/convert/MANN-FILTER/W940/17"
"EL54017","W940/17","Oil Filter","VW","911 901 107","https://www.oilfilter-crossreference.com/convert/MANN-FILTER/W940/17"
"EL54022","W940/22","Oil Filter","CITROEN","MLS000-186","https://www.oilfilter-crossreference.com/convert/MANN-FILTER/W940/22"
"EL54022","W940/22","Oil Filter","CITROEN","MLS000186","https://www.oilfilter-crossreference.com/convert/MANN-FILTER/W940/22"
"EL54022","W940/22","Oil Filter","FIAT","5926021","https://www.oilfilter-crossreference.com/convert/MANN-FILTER/W940/22"
"EL54022","W940/22","Oil Filter","FIAT","62775369","https://www.oilfilter-crossreference.com/convert/MANN-FILTER/W940/22"
"EL54022","W940/22","Oil Filter","FIAT","74630787","https://www.oilfilter-crossreference.com/convert/MANN-FILTER/W940/22"
"EL54022","W940/22","Oil Filter","FORD","1498028","https://www.oilfilter-crossreference.com/convert/MANN-FILTER/W940/22"
"EL54022","W940/22","Oil Filter","FORD","5000189","https://www.oilfilter-crossreference.com/convert/MANN-FILTER/W940/22"
"EL54022","W940/22","Oil Filter","FORD","D5NN-6714-A","https://www.oilfilter-crossreference.com/convert/MANN-FILTER/W940/22"
"EL54022","W940/22","Oil Filter","FORD","D8NN-6714-LA","https://www.oilfilter-crossreference.com/convert/MANN-FILTER/W940/22"
"EL54022","W940/22","Oil Filter","FORD","D9NN-6714-CA","https://www.oilfilter-crossreference.com/convert/MANN-FILTER/W940/22"
"EL54022","W940/22","Oil Filter","GENERAL-MOTORS","25011619","https://www.oilfilter-crossreference.com/convert/MANN-FILTER/W940/22"
"EL54022","W940/22","Oil Filter","GENERAL-MOTORS","5579970","https://www.oilfilter-crossreference.com/convert/MANN-FILTER/W940/22"
"EL54022","W940/22","Oil Filter","GENERAL-MOTORS","6438121","https://www.oilfilter-crossreference.com/convert/MANN-FILTER/W940/22"
"EL54022","W940/22","Oil Filter","MERCEDES-BENZ","0021844001","https://www.oilfilter-crossreference.com/convert/MANN-FILTER/W940/22"
"EL54022","W940/22","Oil Filter","MERCEDES-BENZ","A0021844001","https://www.oilfilter-crossreference.com/convert/MANN-FILTER/W940/22"
"EL54022","W940/22","Oil Filter","OE","OF-1360","https://www.oilfilter-crossreference.com/convert/MANN-FILTER/W940/22"
"EL54022","W940/22","Oil Filter","PORSCHE","901.107.203.02","https://www.oilfilter-crossreference.com/convert/MANN-FILTER/W940/22"
"EL54022","W940/22","Oil Filter","PORSCHE","901.107.203.09","https://www.oilfilter-crossreference.com/convert/MANN-FILTER/W940/22"
"EL54022","W940/22","Oil Filter","PORSCHE","90110720302","https://www.oilfilter-crossreference.com/convert/MANN-FILTER/W940/22"
"EL54022","W940/22","Oil Filter","PORSCHE","90110720309","https://www.oilfilter-crossreference.com/convert/MANN-FILTER/W940/22"
"EL54022","W940/22","Oil Filter","VW","074 115 561","https://www.oilfilter-crossreference.com/convert/MANN-FILTER/W940/22"
"EL54022","W940/22","Oil Filter","VW","075 115 561","https://www.oilfilter-crossreference.com/convert/MANN-FILTER/W940/22"
"EL54022","W940/22","Oil Filter","VW","078 115 561D","https://www.oilfilter-crossreference.com/convert/MANN-FILTER/W940/22"
"EL54022","W940/22","Oil Filter","VW","901 107 203 01","https://www.oilfilter-crossreference.com/convert/MANN-FILTER/W940/22"
"EL54022","W940/22","Oil Filter","VW","901 107 203 02","https://www.oilfilter-crossreference.com/convert/MANN-FILTER/W940/22"
"EL54022","W940/22","Oil Filter","VW","901 107 203 03","https://www.oilfilter-crossreference.com/convert/MANN-FILTER/W940/22"
"EL54022","W940/22","Oil Filter","VW","901 107 203 05","https://www.oilfilter-crossreference.com/convert/MANN-FILTER/W940/22"
"EL54022","W940/22","Oil Filter","VW","911 901 107","https://www.oilfilter-crossreference.com/convert/MANN-FILTER/W940/22"
"EL54023","W940/23","Oil Filter","CITROEN","MLS000-186","https://www.oilfilter-crossreference.com/convert/MANN-FILTER/W940/23"
"EL54023","W940/23","Oil Filter","CITROEN","MLS000186","https://www.oilfilter-crossreference.com/convert/MANN-FILTER/W940/23"
"EL54023","W940/23","Oil Filter","FIAT","5926021","https://www.oilfilter-crossreference.com/convert/MANN-FILTER/W940/23"
"EL54023","W940/23","Oil Filter","FIAT","62775369","https://www.oilfilter-crossreference.com/convert/MANN-FILTER/W940/23"
"EL54023","W940/23","Oil Filter","FIAT","74630787","https://www.oilfilter-crossreference.com/convert/MANN-FILTER/W940/23"
"EL54023","W940/23","Oil Filter","FORD","1498028","https://www.oilfilter-crossreference.com/convert/MANN-FILTER/W940/23"
"EL54023","W940/23","Oil Filter","FORD","5000189","https://www.oilfilter-crossreference.com/convert/MANN-FILTER/W940/23"
"EL54023","W940/23","Oil Filter","FORD","D5NN-6714-A","https://www.oilfilter-crossreference.com/convert/MANN-FILTER/W940/23"
"EL54023","W940/23","Oil Filter","FORD","D8NN-6714-LA","https://www.oilfilter-crossreference.com/convert/MANN-FILTER/W940/23"
"EL54023","W940/23","Oil Filter","FORD","D9NN-6714-CA","https://www.oilfilter-crossreference.com/convert/MANN-FILTER/W940/23"
"EL54023","W940/23","Oil Filter","GENERAL-MOTORS","25011619","https://www.oilfilter-crossreference.com/convert/MANN-FILTER/W940/23"
"EL54023","W940/23","Oil Filter","GENERAL-MOTORS","5579970","https://www.oilfilter-crossreference.com/convert/MANN-FILTER/W940/23"
"EL54023","W940/23","Oil Filter","GENERAL-MOTORS","6438121","https://www.oilfilter-crossreference.com/convert/MANN-FILTER/W940/23"
"EL54023","W940/23","Oil Filter","MERCEDES-BENZ","0021844001","https://www.oilfilter-crossreference.com/convert/MANN-FILTER/W940/23"
"EL54023","W940/23","Oil Filter","MERCEDES-BENZ","A0021844001","https://www.oilfilter-crossreference.com/convert/MANN-FILTER/W940/23"
"EL54023","W940/23","Oil Filter","OE","OF-1360","https://www.oilfilter-crossreference.com/convert/MANN-FILTER/W940/23"
"EL54023","W940/23","Oil Filter","PORSCHE","901.107.203.02","https://www.oilfilter-crossreference.com/convert/MANN-FILTER/W940/23"
"EL54023","W940/23","Oil Filter","PORSCHE","901.107.203.09","https://www.oilfilter-crossreference.com/convert/MANN-FILTER/W940/23"
"EL54023","W940/23","Oil Filter","PORSCHE","90110720302","https://www.oilfilter-crossreference.com/convert/MANN-FILTER/W940/23"
"EL54023","W940/23","Oil Filter","PORSCHE","90110720309","https://www.oilfilter-crossreference.com/convert/MANN-FILTER/W940/23"
"EL54023","W940/23","Oil Filter","VW","074 115 561","https://www.oilfilter-crossreference.com/convert/MANN-FILTER/W940/23"
"EL54023","W940/23","Oil Filter","VW","075 115 561","https://www.oilfilter-crossreference.com/convert/MANN-FILTER/W940/23"
"EL54023","W940/23","Oil Filter","VW","078 115 561D","https://www.oilfilter-crossreference.com/convert/MANN-FILTER/W940/23"
"EL54023","W940/23","Oil Filter","VW","901 107 203 01","https://www.oilfilter-crossreference.com/convert/MANN-FILTER/W940/23"
"EL54023","W940/23","Oil Filter","VW","901 107 203 02","https://www.oilfilter-crossreference.com/convert/MANN-FILTER/W940/23"
"EL54023","W940/23","Oil Filter","VW","901 107 203 03","https://www.oilfilter-crossreference.com/convert/MANN-FILTER/W940/23"
"EL54023","W940/23","Oil Filter","VW","901 107 203 05","https://www.oilfilter-crossreference.com/convert/MANN-FILTER/W940/23"
"EL54023","W940/23","Oil Filter","VW","911 901 107","https://www.oilfilter-crossreference.com/convert/MANN-FILTER/W940/23"
"EL52510","W940/25(10)","Oil Filter","CITROEN","MLS000-186","https://www.oilfilter-crossreference.com/convert/MANN-FILTER/W940/25(10)"
"EL52510","W940/25(10)","Oil Filter","CITROEN","MLS000186","https://www.oilfilter-crossreference.com/convert/MANN-FILTER/W940/25(10)"
"EL52510","W940/25(10)","Oil Filter","FIAT","5926021","https://www.oilfilter-crossreference.com/convert/MANN-FILTER/W940/25(10)"
"EL52510","W940/25(10)","Oil Filter","FIAT","62775369","https://www.oilfilter-crossreference.com/convert/MANN-FILTER/W940/25(10)"
"EL52510","W940/25(10)","Oil Filter","FIAT","74630787","https://www.oilfilter-crossreference.com/convert/MANN-FILTER/W940/25(10)"
"EL52510","W940/25(10)","Oil Filter","FORD","1498028","https://www.oilfilter-crossreference.com/convert/MANN-FILTER/W940/25(10)"
"EL52510","W940/25(10)","Oil Filter","FORD","5000189","https://www.oilfilter-crossreference.com/convert/MANN-FILTER/W940/25(10)"
"EL52510","W940/25(10)","Oil Filter","FORD","D5NN-6714-A","https://www.oilfilter-crossreference.com/convert/MANN-FILTER/W940/25(10)"
"EL52510","W940/25(10)","Oil Filter","FORD","D8NN-6714-LA","https://www.oilfilter-crossreference.com/convert/MANN-FILTER/W940/25(10)"
"EL52510","W940/25(10)","Oil Filter","FORD","D9NN-6714-CA","https://www.oilfilter-crossreference.com/convert/MANN-FILTER/W940/25(10)"
"EL52510","W940/25(10)","Oil Filter","GENERAL-MOTORS","25011619","https://www.oilfilter-crossreference.com/convert/MANN-FILTER/W940/25(10)"
"EL52510","W940/25(10)","Oil Filter","GENERAL-MOTORS","5579970","https://www.oilfilter-crossreference.com/convert/MANN-FILTER/W940/25(10)"
"EL52510","W940/25(10)","Oil Filter","GENERAL-MOTORS","6438121","https://www.oilfilter-crossreference.com/convert/MANN-FILTER/W940/25(10)"
"EL52510","W940/25(10)","Oil Filter","MERCEDES-BENZ","0021844001","https://www.oilfilter-crossreference.com/convert/MANN-FILTER/W940/25(10)"
"EL52510","W940/25(10)","Oil Filter","MERCEDES-BENZ","A0021844001","https://www.oilfilter-crossreference.com/convert/MANN-FILTER/W940/25(10)"
"EL52510","W940/25(10)","Oil Filter","OE","OF-1360","https://www.oilfilter-crossreference.com/convert/MANN-FILTER/W940/25(10)"
"EL52510","W940/25(10)","Oil Filter","PORSCHE","901.107.203.02","https://www.oilfilter-crossreference.com/convert/MANN-FILTER/W940/25(10)"
"EL52510","W940/25(10)","Oil Filter","PORSCHE","901.107.203.09","https://www.oilfilter-crossreference.com/convert/MANN-FILTER/W940/25(10)"
"EL52510","W940/25(10)","Oil Filter","PORSCHE","90110720302","https://www.oilfilter-crossreference.com/convert/MANN-FILTER/W940/25(10)"
"EL52510","W940/25(10)","Oil Filter","PORSCHE","90110720309","https://www.oilfilter-crossreference.com/convert/MANN-FILTER/W940/25(10)"
"EL52510","W940/25(10)","Oil Filter","VW","074 115 561","https://www.oilfilter-crossreference.com/convert/MANN-FILTER/W940/25(10)"
"EL52510","W940/25(10)","Oil Filter","VW","075 115 561","https://www.oilfilter-crossreference.com/convert/MANN-FILTER/W940/25(10)"
"EL52510","W940/25(10)","Oil Filter","VW","078 115 561D","https://www.oilfilter-crossreference.com/convert/MANN-FILTER/W940/25(10)"
"EL52510","W940/25(10)","Oil Filter","VW","901 107 203 01","https://www.oilfilter-crossreference.com/convert/MANN-FILTER/W940/25(10)"
"EL52510","W940/25(10)","Oil Filter","VW","901 107 203 02","https://www.oilfilter-crossreference.com/convert/MANN-FILTER/W940/25(10)"
"EL52510","W940/25(10)","Oil Filter","VW","901 107 203 03","https://www.oilfilter-crossreference.com/convert/MANN-FILTER/W940/25(10)"
"EL52510","W940/25(10)","Oil Filter","VW","901 107 203 05","https://www.oilfilter-crossreference.com/convert/MANN-FILTER/W940/25(10)"
"EL52510","W940/25(10)","Oil Filter","VW","911 901 107","https://www.oilfilter-crossreference.com/convert/MANN-FILTER/W940/25(10)"
"EL54025","W940/25N","Oil Filter","CITROEN","MLS000-186","https://www.oilfilter-crossreference.com/convert/MANN-FILTER/W940/25N"
"EL54025","W940/25N","Oil Filter","CITROEN","MLS000186","https://www.oilfilter-crossreference.com/convert/MANN-FILTER/W940/25N"
"EL54025","W940/25N","Oil Filter","FIAT","5926021","https://www.oilfilter-crossreference.com/convert/MANN-FILTER/W940/25N"
"EL54025","W940/25N","Oil Filter","FIAT","62775369","https://www.oilfilter-crossreference.com/convert/MANN-FILTER/W940/25N"
"EL54025","W940/25N","Oil Filter","FIAT","74630787","https://www.oilfilter-crossreference.com/convert/MANN-FILTER/W940/25N"
"EL54025","W940/25N","Oil Filter","FORD","1498028","https://www.oilfilter-crossreference.com/convert/MANN-FILTER/W940/25N"
"EL54025","W940/25N","Oil Filter","FORD","5000189","https://www.oilfilter-crossreference.com/convert/MANN-FILTER/W940/25N"
"EL54025","W940/25N","Oil Filter","FORD","D5NN-6714-A","https://www.oilfilter-crossreference.com/convert/MANN-FILTER/W940/25N"
"EL54025","W940/25N","Oil Filter","FORD","D8NN-6714-LA","https://www.oilfilter-crossreference.com/convert/MANN-FILTER/W940/25N"
"EL54025","W940/25N","Oil Filter","FORD","D9NN-6714-CA","https://www.oilfilter-crossreference.com/convert/MANN-FILTER/W940/25N"
"EL54025","W940/25N","Oil Filter","GENERAL-MOTORS","25011619","https://www.oilfilter-crossreference.com/convert/MANN-FILTER/W940/25N"
"EL54025","W940/25N","Oil Filter","GENERAL-MOTORS","5579970","https://www.oilfilter-crossreference.com/convert/MANN-FILTER/W940/25N"
"EL54025","W940/25N","Oil Filter","GENERAL-MOTORS","6438121","https://www.oilfilter-crossreference.com/convert/MANN-FILTER/W940/25N"
"EL54025","W940/25N","Oil Filter","MERCEDES-BENZ","0021844001","https://www.oilfilter-crossreference.com/convert/MANN-FILTER/W940/25N"
"EL54025","W940/25N","Oil Filter","MERCEDES-BENZ","A0021844001","https://www.oilfilter-crossreference.com/convert/MANN-FILTER/W940/25N"
"EL54025","W940/25N","Oil Filter","OE","OF-1360","https://www.oilfilter-crossreference.com/convert/MANN-FILTER/W940/25N"
"EL54025","W940/25N","Oil Filter","PORSCHE","901.107.203.02","https://www.oilfilter-crossreference.com/convert/MANN-FILTER/W940/25N"
"EL54025","W940/25N","Oil Filter","PORSCHE","901.107.203.09","https://www.oilfilter-crossreference.com/convert/MANN-FILTER/W940/25N"
"EL54025","W940/25N","Oil Filter","PORSCHE","90110720302","https://www.oilfilter-crossreference.com/convert/MANN-FILTER/W940/25N"
"EL54025","W940/25N","Oil Filter","PORSCHE","90110720309","https://www.oilfilter-crossreference.com/convert/MANN-FILTER/W940/25N"
"EL54025","W940/25N","Oil Filter","VW","074 115 561","https://www.oilfilter-crossreference.com/convert/MANN-FILTER/W940/25N"
"EL54025","W940/25N","Oil Filter","VW","075 115 561","https://www.oilfilter-crossreference.com/convert/MANN-FILTER/W940/25N"
"EL54025","W940/25N","Oil Filter","VW","078 115 561D","https://www.oilfilter-crossreference.com/convert/MANN-FILTER/W940/25N"
"EL54025","W940/25N","Oil Filter","VW","901 107 203 01","https://www.oilfilter-crossreference.com/convert/MANN-FILTER/W940/25N"
"EL54025","W940/25N","Oil Filter","VW","901 107 203 02","https://www.oilfilter-crossreference.com/convert/MANN-FILTER/W940/25N"
"EL54025","W940/25N","Oil Filter","VW","901 107 203 03","https://www.oilfilter-crossreference.com/convert/MANN-FILTER/W940/25N"
"EL54025","W940/25N","Oil Filter","VW","901 107 203 05","https://www.oilfilter-crossreference.com/convert/MANN-FILTER/W940/25N"
"EL54025","W940/25N","Oil Filter","VW","911 901 107","https://www.oilfilter-crossreference.com/convert/MANN-FILTER/W940/25N"
"EL54032","W940/32","Oil Filter","CITROEN","MLS000-186","https://www.oilfilter-crossreference.com/convert/MANN-FILTER/W940/32"
"EL54032","W940/32","Oil Filter","CITROEN","MLS000186","https://www.oilfilter-crossreference.com/convert/MANN-FILTER/W940/32"
"EL54032","W940/32","Oil Filter","FIAT","5926021","https://www.oilfilter-crossreference.com/convert/MANN-FILTER/W940/32"
"EL54032","W940/32","Oil Filter","FIAT","62775369","https://www.oilfilter-crossreference.com/convert/MANN-FILTER/W940/32"
"EL54032","W940/32","Oil Filter","FIAT","74630787","https://www.oilfilter-crossreference.com/convert/MANN-FILTER/W940/32"
"EL54032","W940/32","Oil Filter","FORD","1498028","https://www.oilfilter-crossreference.com/convert/MANN-FILTER/W940/32"
"EL54032","W940/32","Oil Filter","FORD","5000189","https://www.oilfilter-crossreference.com/convert/MANN-FILTER/W940/32"
"EL54032","W940/32","Oil Filter","FORD","D5NN-6714-A","https://www.oilfilter-crossreference.com/convert/MANN-FILTER/W940/32"
"EL54032","W940/32","Oil Filter","FORD","D8NN-6714-LA","https://www.oilfilter-crossreference.com/convert/MANN-FILTER/W940/32"
"EL54032","W940/32","Oil Filter","FORD","D9NN-6714-CA","https://www.oilfilter-crossreference.com/convert/MANN-FILTER/W940/32"
"EL54032","W940/32","Oil Filter","GENERAL-MOTORS","25011619","https://www.oilfilter-crossreference.com/convert/MANN-FILTER/W940/32"
"EL54032","W940/32","Oil Filter","GENERAL-MOTORS","5579970","https://www.oilfilter-crossreference.com/convert/MANN-FILTER/W940/32"
"EL54032","W940/32","Oil Filter","GENERAL-MOTORS","6438121","https://www.oilfilter-crossreference.com/convert/MANN-FILTER/W940/32"
"EL54032","W940/32","Oil Filter","MERCEDES-BENZ","0021844001","https://www.oilfilter-crossreference.com/convert/MANN-FILTER/W940/32"
"EL54032","W940/32","Oil Filter","MERCEDES-BENZ","A0021844001","https://www.oilfilter-crossreference.com/convert/MANN-FILTER/W940/32"
"EL54032","W940/32","Oil Filter","OE","OF-1360","https://www.oilfilter-crossreference.com/convert/MANN-FILTER/W940/32"
"EL54032","W940/32","Oil Filter","PORSCHE","901.107.203.02","https://www.oilfilter-crossreference.com/convert/MANN-FILTER/W940/32"
"EL54032","W940/32","Oil Filter","PORSCHE","901.107.203.09","https://www.oilfilter-crossreference.com/convert/MANN-FILTER/W940/32"
"EL54032","W940/32","Oil Filter","PORSCHE","90110720302","https://www.oilfilter-crossreference.com/convert/MANN-FILTER/W940/32"
"EL54032","W940/32","Oil Filter","PORSCHE","90110720309","https://www.oilfilter-crossreference.com/convert/MANN-FILTER/W940/32"
"EL54032","W940/32","Oil Filter","VW","074 115 561","https://www.oilfilter-crossreference.com/convert/MANN-FILTER/W940/32"
"EL54032","W940/32","Oil Filter","VW","075 115 561","https://www.oilfilter-crossreference.com/convert/MANN-FILTER/W940/32"
"EL54032","W940/32","Oil Filter","VW","078 115 561D","https://www.oilfilter-crossreference.com/convert/MANN-FILTER/W940/32"
"EL54032","W940/32","Oil Filter","VW","901 107 203 01","https://www.oilfilter-crossreference.com/convert/MANN-FILTER/W940/32"
"EL54032","W940/32","Oil Filter","VW","901 107 203 02","https://www.oilfilter-crossreference.com/convert/MANN-FILTER/W940/32"
"EL54032","W940/32","Oil Filter","VW","901 107 203 03","https://www.oilfilter-crossreference.com/convert/MANN-FILTER/W940/32"
"EL54032","W940/32","Oil Filter","VW","901 107 203 05","https://www.oilfilter-crossreference.com/convert/MANN-FILTER/W940/32"
"EL54032","W940/32","Oil Filter","VW","911 901 107","https://www.oilfilter-crossreference.com/convert/MANN-FILTER/W940/32"
"EL54048","W940/48","Oil Filter","CITROEN","MLS000-186","https://www.oilfilter-crossreference.com/convert/MANN-FILTER/W940/48"
"EL54048","W940/48","Oil Filter","CITROEN","MLS000186","https://www.oilfilter-crossreference.com/convert/MANN-FILTER/W940/48"
"EL54048","W940/48","Oil Filter","FIAT","5926021","https://www.oilfilter-crossreference.com/convert/MANN-FILTER/W940/48"
"EL54048","W940/48","Oil Filter","FIAT","62775369","https://www.oilfilter-crossreference.com/convert/MANN-FILTER/W940/48"
"EL54048","W940/48","Oil Filter","FIAT","74630787","https://www.oilfilter-crossreference.com/convert/MANN-FILTER/W940/48"
"EL54048","W940/48","Oil Filter","FORD","1498028","https://www.oilfilter-crossreference.com/convert/MANN-FILTER/W940/48"
"EL54048","W940/48","Oil Filter","FORD","5000189","https://www.oilfilter-crossreference.com/convert/MANN-FILTER/W940/48"
"EL54048","W940/48","Oil Filter","FORD","D5NN-6714-A","https://www.oilfilter-crossreference.com/convert/MANN-FILTER/W940/48"
"EL54048","W940/48","Oil Filter","FORD","D8NN-6714-LA","https://www.oilfilter-crossreference.com/convert/MANN-FILTER/W940/48"
"EL54048","W940/48","Oil Filter","FORD","D9NN-6714-CA","https://www.oilfilter-crossreference.com/convert/MANN-FILTER/W940/48"
"EL54048","W940/48","Oil Filter","GENERAL-MOTORS","25011619","https://www.oilfilter-crossreference.com/convert/MANN-FILTER/W940/48"
"EL54048","W940/48","Oil Filter","GENERAL-MOTORS","5579970","https://www.oilfilter-crossreference.com/convert/MANN-FILTER/W940/48"
"EL54048","W940/48","Oil Filter","GENERAL-MOTORS","6438121","https://www.oilfilter-crossreference.com/convert/MANN-FILTER/W940/48"
"EL54048","W940/48","Oil Filter","MERCEDES-BENZ","0021844001","https://www.oilfilter-crossreference.com/convert/MANN-FILTER/W940/48"
"EL54048","W940/48","Oil Filter","MERCEDES-BENZ","A0021844001","https://www.oilfilter-crossreference.com/convert/MANN-FILTER/W940/48"
"EL54048","W940/48","Oil Filter","OE","OF-1360","https://www.oilfilter-crossreference.com/convert/MANN-FILTER/W940/48"
"EL54048","W940/48","Oil Filter","PORSCHE","901.107.203.02","https://www.oilfilter-crossreference.com/convert/MANN-FILTER/W940/48"
"EL54048","W940/48","Oil Filter","PORSCHE","901.107.203.09","https://www.oilfilter-crossreference.com/convert/MANN-FILTER/W940/48"
"EL54048","W940/48","Oil Filter","PORSCHE","90110720302","https://www.oilfilter-crossreference.com/convert/MANN-FILTER/W940/48"
"EL54048","W940/48","Oil Filter","PORSCHE","90110720309","https://www.oilfilter-crossreference.com/convert/MANN-FILTER/W940/48"
"EL54048","W940/48","Oil Filter","VW","074 115 561","https://www.oilfilter-crossreference.com/convert/MANN-FILTER/W940/48"
"EL54048","W940/48","Oil Filter","VW","075 115 561","https://www.oilfilter-crossreference.com/convert/MANN-FILTER/W940/48"
"EL54048","W940/48","Oil Filter","VW","078 115 561D","https://www.oilfilter-crossreference.com/convert/MANN-FILTER/W940/48"
"EL54048","W940/48","Oil Filter","VW","901 107 203 01","https://www.oilfilter-crossreference.com/convert/MANN-FILTER/W940/48"
"EL54048","W940/48","Oil Filter","VW","901 107 203 02","https://www.oilfilter-crossreference.com/convert/MANN-FILTER/W940/48"
"EL54048","W940/48","Oil Filter","VW","901 107 203 03","https://www.oilfilter-crossreference.com/convert/MANN-FILTER/W940/48"
"EL54048","W940/48","Oil Filter","VW","901 107 203 05","https://www.oilfilter-crossreference.com/convert/MANN-FILTER/W940/48"
"EL54048","W940/48","Oil Filter","VW","911 901 107","https://www.oilfilter-crossreference.com/convert/MANN-FILTER/W940/48"
"EL50510","W940/5(10)","Oil Filter","CITROEN","MLS000-186","https://www.oilfilter-crossreference.com/convert/MANN-FILTER/W940/5(10)"
"EL50510","W940/5(10)","Oil Filter","CITROEN","MLS000186","https://www.oilfilter-crossreference.com/convert/MANN-FILTER/W940/5(10)"
"EL50510","W940/5(10)","Oil Filter","FIAT","5926021","https://www.oilfilter-crossreference.com/convert/MANN-FILTER/W940/5(10)"
"EL50510","W940/5(10)","Oil Filter","FIAT","62775369","https://www.oilfilter-crossreference.com/convert/MANN-FILTER/W940/5(10)"
"EL50510","W940/5(10)","Oil Filter","FIAT","74630787","https://www.oilfilter-crossreference.com/convert/MANN-FILTER/W940/5(10)"
"EL50510","W940/5(10)","Oil Filter","FORD","1498028","https://www.oilfilter-crossreference.com/convert/MANN-FILTER/W940/5(10)"
"EL50510","W940/5(10)","Oil Filter","FORD","5000189","https://www.oilfilter-crossreference.com/convert/MANN-FILTER/W940/5(10)"
"EL50510","W940/5(10)","Oil Filter","FORD","D5NN-6714-A","https://www.oilfilter-crossreference.com/convert/MANN-FILTER/W940/5(10)"
"EL50510","W940/5(10)","Oil Filter","FORD","D8NN-6714-LA","https://www.oilfilter-crossreference.com/convert/MANN-FILTER/W940/5(10)"
"EL50510","W940/5(10)","Oil Filter","FORD","D9NN-6714-CA","https://www.oilfilter-crossreference.com/convert/MANN-FILTER/W940/5(10)"
"EL50510","W940/5(10)","Oil Filter","GENERAL-MOTORS","25011619","https://www.oilfilter-crossreference.com/convert/MANN-FILTER/W940/5(10)"
"EL50510","W940/5(10)","Oil Filter","GENERAL-MOTORS","5579970","https://www.oilfilter-crossreference.com/convert/MANN-FILTER/W940/5(10)"
"EL50510","W940/5(10)","Oil Filter","GENERAL-MOTORS","6438121","https://www.oilfilter-crossreference.com/convert/MANN-FILTER/W940/5(10)"
"EL50510","W940/5(10)","Oil Filter","MERCEDES-BENZ","0021844001","https://www.oilfilter-crossreference.com/convert/MANN-FILTER/W940/5(10)"
"EL50510","W940/5(10)","Oil Filter","MERCEDES-BENZ","A0021844001","https://www.oilfilter-crossreference.com/convert/MANN-FILTER/W940/5(10)"
"EL50510","W940/5(10)","Oil Filter","OE","OF-1360","https://www.oilfilter-crossreference.com/convert/MANN-FILTER/W940/5(10)"
"EL50510","W940/5(10)","Oil Filter","PORSCHE","901.107.203.02","https://www.oilfilter-crossreference.com/convert/MANN-FILTER/W940/5(10)"
"EL50510","W940/5(10)","Oil Filter","PORSCHE","901.107.203.09","https://www.oilfilter-crossreference.com/convert/MANN-FILTER/W940/5(10)"
"EL50510","W940/5(10)","Oil Filter","PORSCHE","90110720302","https://www.oilfilter-crossreference.com/convert/MANN-FILTER/W940/5(10)"
"EL50510","W940/5(10)","Oil Filter","PORSCHE","90110720309","https://www.oilfilter-crossreference.com/convert/MANN-FILTER/W940/5(10)"
"EL50510","W940/5(10)","Oil Filter","VW","074 115 561","https://www.oilfilter-crossreference.com/convert/MANN-FILTER/W940/5(10)"
"EL50510","W940/5(10)","Oil Filter","VW","075 115 561","https://www.oilfilter-crossreference.com/convert/MANN-FILTER/W940/5(10)"
"EL50510","W940/5(10)","Oil Filter","VW","078 115 561D","https://www.oilfilter-crossreference.com/convert/MANN-FILTER/W940/5(10)"
"EL50510","W940/5(10)","Oil Filter","VW","901 107 203 01","https://www.oilfilter-crossreference.com/convert/MANN-FILTER/W940/5(10)"
"EL50510","W940/5(10)","Oil Filter","VW","901 107 203 02","https://www.oilfilter-crossreference.com/convert/MANN-FILTER/W940/5(10)"
"EL50510","W940/5(10)","Oil Filter","VW","901 107 203 03","https://www.oilfilter-crossreference.com/convert/MANN-FILTER/W940/5(10)"
"EL50510","W940/5(10)","Oil Filter","VW","901 107 203 05","https://www.oilfilter-crossreference.com/convert/MANN-FILTER/W940/5(10)"
"EL50510","W940/5(10)","Oil Filter","VW","911 901 107","https://www.oilfilter-crossreference.com/convert/MANN-FILTER/W940/5(10)"
"EL55110","W940/51(10)","Oil Filter","CITROEN","MLS000-186","https://www.oilfilter-crossreference.com/convert/MANN-FILTER/W940/51(10)"
"EL55110","W940/51(10)","Oil Filter","CITROEN","MLS000186","https://www.oilfilter-crossreference.com/convert/MANN-FILTER/W940/51(10)"
"EL55110","W940/51(10)","Oil Filter","FIAT","5926021","https://www.oilfilter-crossreference.com/convert/MANN-FILTER/W940/51(10)"
"EL55110","W940/51(10)","Oil Filter","FIAT","62775369","https://www.oilfilter-crossreference.com/convert/MANN-FILTER/W940/51(10)"
"EL55110","W940/51(10)","Oil Filter","FIAT","74630787","https://www.oilfilter-crossreference.com/convert/MANN-FILTER/W940/51(10)"
"EL55110","W940/51(10)","Oil Filter","FORD","1498028","https://www.oilfilter-crossreference.com/convert/MANN-FILTER/W940/51(10)"
"EL55110","W940/51(10)","Oil Filter","FORD","5000189","https://www.oilfilter-crossreference.com/convert/MANN-FILTER/W940/51(10)"
"EL55110","W940/51(10)","Oil Filter","FORD","D5NN-6714-A","https://www.oilfilter-crossreference.com/convert/MANN-FILTER/W940/51(10)"
"EL55110","W940/51(10)","Oil Filter","FORD","D8NN-6714-LA","https://www.oilfilter-crossreference.com/convert/MANN-FILTER/W940/51(10)"
"EL55110","W940/51(10)","Oil Filter","FORD","D9NN-6714-CA","https://www.oilfilter-crossreference.com/convert/MANN-FILTER/W940/51(10)"
"EL55110","W940/51(10)","Oil Filter","GENERAL-MOTORS","25011619","https://www.oilfilter-crossreference.com/convert/MANN-FILTER/W940/51(10)"
"EL55110","W940/51(10)","Oil Filter","GENERAL-MOTORS","5579970","https://www.oilfilter-crossreference.com/convert/MANN-FILTER/W940/51(10)"
"EL55110","W940/51(10)","Oil Filter","GENERAL-MOTORS","6438121","https://www.oilfilter-crossreference.com/convert/MANN-FILTER/W940/51(10)"
"EL55110","W940/51(10)","Oil Filter","MERCEDES-BENZ","0021844001","https://www.oilfilter-crossreference.com/convert/MANN-FILTER/W940/51(10)"
"EL55110","W940/51(10)","Oil Filter","MERCEDES-BENZ","A0021844001","https://www.oilfilter-crossreference.com/convert/MANN-FILTER/W940/51(10)"
"EL55110","W940/51(10)","Oil Filter","OE","OF-1360","https://www.oilfilter-crossreference.com/convert/MANN-FILTER/W940/51(10)"
"EL55110","W940/51(10)","Oil Filter","PORSCHE","901.107.203.02","https://www.oilfilter-crossreference.com/convert/MANN-FILTER/W940/51(10)"
"EL55110","W940/51(10)","Oil Filter","PORSCHE","901.107.203.09","https://www.oilfilter-crossreference.com/convert/MANN-FILTER/W940/51(10)"
"EL55110","W940/51(10)","Oil Filter","PORSCHE","90110720302","https://www.oilfilter-crossreference.com/convert/MANN-FILTER/W940/51(10)"
"EL55110","W940/51(10)","Oil Filter","PORSCHE","90110720309","https://www.oilfilter-crossreference.com/convert/MANN-FILTER/W940/51(10)"
"EL55110","W940/51(10)","Oil Filter","VW","074 115 561","https://www.oilfilter-crossreference.com/convert/MANN-FILTER/W940/51(10)"
"EL55110","W940/51(10)","Oil Filter","VW","075 115 561","https://www.oilfilter-crossreference.com/convert/MANN-FILTER/W940/51(10)"
"EL55110","W940/51(10)","Oil Filter","VW","078 115 561D","https://www.oilfilter-crossreference.com/convert/MANN-FILTER/W940/51(10)"
"EL55110","W940/51(10)","Oil Filter","VW","901 107 203 01","https://www.oilfilter-crossreference.com/convert/MANN-FILTER/W940/51(10)"
"EL55110","W940/51(10)","Oil Filter","VW","901 107 203 02","https://www.oilfilter-crossreference.com/convert/MANN-FILTER/W940/51(10)"
"EL55110","W940/51(10)","Oil Filter","VW","901 107 203 03","https://www.oilfilter-crossreference.com/convert/MANN-FILTER/W940/51(10)"
"EL55110","W940/51(10)","Oil Filter","VW","901 107 203 05","https://www.oilfilter-crossreference.com/convert/MANN-FILTER/W940/51(10)"
"EL55110","W940/51(10)","Oil Filter","VW","911 901 107","https://www.oilfilter-crossreference.com/convert/MANN-FILTER/W940/51(10)"
"EL59407","W940/7","Oil Filter","CITROEN","MLS000-186","https://www.oilfilter-crossreference.com/convert/MANN-FILTER/W940/7"
"EL59407","W940/7","Oil Filter","CITROEN","MLS000186","https://www.oilfilter-crossreference.com/convert/MANN-FILTER/W940/7"
"EL59407","W940/7","Oil Filter","FIAT","5926021","https://www.oilfilter-crossreference.com/convert/MANN-FILTER/W940/7"
"EL59407","W940/7","Oil Filter","FIAT","62775369","https://www.oilfilter-crossreference.com/convert/MANN-FILTER/W940/7"
"EL59407","W940/7","Oil Filter","FIAT","74630787","https://www.oilfilter-crossreference.com/convert/MANN-FILTER/W940/7"
"EL59407","W940/7","Oil Filter","FORD","1498028","https://www.oilfilter-crossreference.com/convert/MANN-FILTER/W940/7"
"EL59407","W940/7","Oil Filter","FORD","5000189","https://www.oilfilter-crossreference.com/convert/MANN-FILTER/W940/7"
"EL59407","W940/7","Oil Filter","FORD","D5NN-6714-A","https://www.oilfilter-crossreference.com/convert/MANN-FILTER/W940/7"
"EL59407","W940/7","Oil Filter","FORD","D8NN-6714-LA","https://www.oilfilter-crossreference.com/convert/MANN-FILTER/W940/7"
"EL59407","W940/7","Oil Filter","FORD","D9NN-6714-CA","https://www.oilfilter-crossreference.com/convert/MANN-FILTER/W940/7"
"EL59407","W940/7","Oil Filter","GENERAL-MOTORS","25011619","https://www.oilfilter-crossreference.com/convert/MANN-FILTER/W940/7"
"EL59407","W940/7","Oil Filter","GENERAL-MOTORS","5579970","https://www.oilfilter-crossreference.com/convert/MANN-FILTER/W940/7"
"EL59407","W940/7","Oil Filter","GENERAL-MOTORS","6438121","https://www.oilfilter-crossreference.com/convert/MANN-FILTER/W940/7"
"EL59407","W940/7","Oil Filter","MERCEDES-BENZ","0021844001","https://www.oilfilter-crossreference.com/convert/MANN-FILTER/W940/7"
"EL59407","W940/7","Oil Filter","MERCEDES-BENZ","A0021844001","https://www.oilfilter-crossreference.com/convert/MANN-FILTER/W940/7"
"EL59407","W940/7","Oil Filter","OE","OF-1360","https://www.oilfilter-crossreference.com/convert/MANN-FILTER/W940/7"
"EL59407","W940/7","Oil Filter","PORSCHE","901.107.203.02","https://www.oilfilter-crossreference.com/convert/MANN-FILTER/W940/7"
"EL59407","W940/7","Oil Filter","PORSCHE","901.107.203.09","https://www.oilfilter-crossreference.com/convert/MANN-FILTER/W940/7"
"EL59407","W940/7","Oil Filter","PORSCHE","90110720302","https://www.oilfilter-crossreference.com/convert/MANN-FILTER/W940/7"
"EL59407","W940/7","Oil Filter","PORSCHE","90110720309","https://www.oilfilter-crossreference.com/convert/MANN-FILTER/W940/7"
"EL59407","W940/7","Oil Filter","VW","074 115 561","https://www.oilfilter-crossreference.com/convert/MANN-FILTER/W940/7"
"EL59407","W940/7","Oil Filter","VW","075 115 561","https://www.oilfilter-crossreference.com/convert/MANN-FILTER/W940/7"
"EL59407","W940/7","Oil Filter","VW","078 115 561D","https://www.oilfilter-crossreference.com/convert/MANN-FILTER/W940/7"
"EL59407","W940/7","Oil Filter","VW","901 107 203 01","https://www.oilfilter-crossreference.com/convert/MANN-FILTER/W940/7"
"EL59407","W940/7","Oil Filter","VW","901 107 203 02","https://www.oilfilter-crossreference.com/convert/MANN-FILTER/W940/7"
"EL59407","W940/7","Oil Filter","VW","901 107 203 03","https://www.oilfilter-crossreference.com/convert/MANN-FILTER/W940/7"
"EL59407","W940/7","Oil Filter","VW","901 107 203 05","https://www.oilfilter-crossreference.com/convert/MANN-FILTER/W940/7"
"EL59407","W940/7","Oil Filter","VW","911 901 107","https://www.oilfilter-crossreference.com/convert/MANN-FILTER/W940/7"
"EL54070","W940/70","Oil Filter","CITROEN","MLS000-186","https://www.oilfilter-crossreference.com/convert/MANN-FILTER/W940/70"
"EL54070","W940/70","Oil Filter","CITROEN","MLS000186","https://www.oilfilter-crossreference.com/convert/MANN-FILTER/W940/70"
"EL54070","W940/70","Oil Filter","FIAT","5926021","https://www.oilfilter-crossreference.com/convert/MANN-FILTER/W940/70"
"EL54070","W940/70","Oil Filter","FIAT","62775369","https://www.oilfilter-crossreference.com/convert/MANN-FILTER/W940/70"
"EL54070","W940/70","Oil Filter","FIAT","74630787","https://www.oilfilter-crossreference.com/convert/MANN-FILTER/W940/70"
"EL54070","W940/70","Oil Filter","FORD","1498028","https://www.oilfilter-crossreference.com/convert/MANN-FILTER/W940/70"
"EL54070","W940/70","Oil Filter","FORD","5000189","https://www.oilfilter-crossreference.com/convert/MANN-FILTER/W940/70"
"EL54070","W940/70","Oil Filter","FORD","D5NN-6714-A","https://www.oilfilter-crossreference.com/convert/MANN-FILTER/W940/70"
"EL54070","W940/70","Oil Filter","FORD","D8NN-6714-LA","https://www.oilfilter-crossreference.com/convert/MANN-FILTER/W940/70"
"EL54070","W940/70","Oil Filter","FORD","D9NN-6714-CA","https://www.oilfilter-crossreference.com/convert/MANN-FILTER/W940/70"
"EL54070","W940/70","Oil Filter","GENERAL-MOTORS","25011619","https://www.oilfilter-crossreference.com/convert/MANN-FILTER/W940/70"
"EL54070","W940/70","Oil Filter","GENERAL-MOTORS","5579970","https://www.oilfilter-crossreference.com/convert/MANN-FILTER/W940/70"
"EL54070","W940/70","Oil Filter","GENERAL-MOTORS","6438121","https://www.oilfilter-crossreference.com/convert/MANN-FILTER/W940/70"
"EL54070","W940/70","Oil Filter","MERCEDES-BENZ","0021844001","https://www.oilfilter-crossreference.com/convert/MANN-FILTER/W940/70"
"EL54070","W940/70","Oil Filter","MERCEDES-BENZ","A0021844001","https://www.oilfilter-crossreference.com/convert/MANN-FILTER/W940/70"
"EL54070","W940/70","Oil Filter","OE","OF-1360","https://www.oilfilter-crossreference.com/convert/MANN-FILTER/W940/70"
"EL54070","W940/70","Oil Filter","PORSCHE","901.107.203.02","https://www.oilfilter-crossreference.com/convert/MANN-FILTER/W940/70"
"EL54070","W940/70","Oil Filter","PORSCHE","901.107.203.09","https://www.oilfilter-crossreference.com/convert/MANN-FILTER/W940/70"
"EL54070","W940/70","Oil Filter","PORSCHE","90110720302","https://www.oilfilter-crossreference.com/convert/MANN-FILTER/W940/70"
"EL54070","W940/70","Oil Filter","PORSCHE","90110720309","https://www.oilfilter-crossreference.com/convert/MANN-FILTER/W940/70"
"EL54070","W940/70","Oil Filter","VW","074 115 561","https://www.oilfilter-crossreference.com/convert/MANN-FILTER/W940/70"
"EL54070","W940/70","Oil Filter","VW","075 115 561","https://www.oilfilter-crossreference.com/convert/MANN-FILTER/W940/70"
"EL54070","W940/70","Oil Filter","VW","078 115 561D","https://www.oilfilter-crossreference.com/convert/MANN-FILTER/W940/70"
"EL54070","W940/70","Oil Filter","VW","901 107 203 01","https://www.oilfilter-crossreference.com/convert/MANN-FILTER/W940/70"
"EL54070","W940/70","Oil Filter","VW","901 107 203 02","https://www.oilfilter-crossreference.com/convert/MANN-FILTER/W940/70"
"EL54070","W940/70","Oil Filter","VW","901 107 203 03","https://www.oilfilter-crossreference.com/convert/MANN-FILTER/W940/70"
"EL54070","W940/70","Oil Filter","VW","901 107 203 05","https://www.oilfilter-crossreference.com/convert/MANN-FILTER/W940/70"
"EL54070","W940/70","Oil Filter","VW","911 901 107","https://www.oilfilter-crossreference.com/convert/MANN-FILTER/W940/70"
"EL59407","W940/7X","Oil Filter","CITROEN","MLS000-186","https://www.oilfilter-crossreference.com/convert/MANN-FILTER/W940/7X"
"EL59407","W940/7X","Oil Filter","CITROEN","MLS000186","https://www.oilfilter-crossreference.com/convert/MANN-FILTER/W940/7X"
"EL59407","W940/7X","Oil Filter","FIAT","5926021","https://www.oilfilter-crossreference.com/convert/MANN-FILTER/W940/7X"
"EL59407","W940/7X","Oil Filter","FIAT","62775369","https://www.oilfilter-crossreference.com/convert/MANN-FILTER/W940/7X"
"EL59407","W940/7X","Oil Filter","FIAT","74630787","https://www.oilfilter-crossreference.com/convert/MANN-FILTER/W940/7X"
"EL59407","W940/7X","Oil Filter","FORD","1498028","https://www.oilfilter-crossreference.com/convert/MANN-FILTER/W940/7X"
"EL59407","W940/7X","Oil Filter","FORD","5000189","https://www.oilfilter-crossreference.com/convert/MANN-FILTER/W940/7X"
"EL59407","W940/7X","Oil Filter","FORD","D5NN-6714-A","https://www.oilfilter-crossreference.com/convert/MANN-FILTER/W940/7X"
"EL59407","W940/7X","Oil Filter","FORD","D8NN-6714-LA","https://www.oilfilter-crossreference.com/convert/MANN-FILTER/W940/7X"
"EL59407","W940/7X","Oil Filter","FORD","D9NN-6714-CA","https://www.oilfilter-crossreference.com/convert/MANN-FILTER/W940/7X"
"EL59407","W940/7X","Oil Filter","GENERAL-MOTORS","25011619","https://www.oilfilter-crossreference.com/convert/MANN-FILTER/W940/7X"
"EL59407","W940/7X","Oil Filter","GENERAL-MOTORS","5579970","https://www.oilfilter-crossreference.com/convert/MANN-FILTER/W940/7X"
"EL59407","W940/7X","Oil Filter","GENERAL-MOTORS","6438121","https://www.oilfilter-crossreference.com/convert/MANN-FILTER/W940/7X"
"EL59407","W940/7X","Oil Filter","MERCEDES-BENZ","0021844001","https://www.oilfilter-crossreference.com/convert/MANN-FILTER/W940/7X"
"EL59407","W940/7X","Oil Filter","MERCEDES-BENZ","A0021844001","https://www.oilfilter-crossreference.com/convert/MANN-FILTER/W940/7X"
"EL59407","W940/7X","Oil Filter","OE","OF-1360","https://www.oilfilter-crossreference.com/convert/MANN-FILTER/W940/7X"
"EL59407","W940/7X","Oil Filter","PORSCHE","901.107.203.02","https://www.oilfilter-crossreference.com/convert/MANN-FILTER/W940/7X"
"EL59407","W940/7X","Oil Filter","PORSCHE","901.107.203.09","https://www.oilfilter-crossreference.com/convert/MANN-FILTER/W940/7X"
"EL59407","W940/7X","Oil Filter","PORSCHE","90110720302","https://www.oilfilter-crossreference.com/convert/MANN-FILTER/W940/7X"
"EL59407","W940/7X","Oil Filter","PORSCHE","90110720309","https://www.oilfilter-crossreference.com/convert/MANN-FILTER/W940/7X"
"EL59407","W940/7X","Oil Filter","VW","074 115 561","https://www.oilfilter-crossreference.com/convert/MANN-FILTER/W940/7X"
"EL59407","W940/7X","Oil Filter","VW","075 115 561","https://www.oilfilter-crossreference.com/convert/MANN-FILTER/W940/7X"
"EL59407","W940/7X","Oil Filter","VW","078 115 561D","https://www.oilfilter-crossreference.com/convert/MANN-FILTER/W940/7X"
"EL59407","W940/7X","Oil Filter","VW","901 107 203 01","https://www.oilfilter-crossreference.com/convert/MANN-FILTER/W940/7X"
"EL59407","W940/7X","Oil Filter","VW","901 107 203 02","https://www.oilfilter-crossreference.com/convert/MANN-FILTER/W940/7X"
"EL59407","W940/7X","Oil Filter","VW","901 107 203 03","https://www.oilfilter-crossreference.com/convert/MANN-FILTER/W940/7X"
"EL59407","W940/7X","Oil Filter","VW","901 107 203 05","https://www.oilfilter-crossreference.com/convert/MANN-FILTER/W940/7X"
"EL59407","W940/7X","Oil Filter","VW","911 901 107","https://www.oilfilter-crossreference.com/convert/MANN-FILTER/W940/7X"
"EL59409","W940/9","Oil Filter","CITROEN","MLS000-186","https://www.oilfilter-crossreference.com/convert/MANN-FILTER/W940/9"
"EL59409","W940/9","Oil Filter","CITROEN","MLS000186","https://www.oilfilter-crossreference.com/convert/MANN-FILTER/W940/9"
"EL59409","W940/9","Oil Filter","FIAT","5926021","https://www.oilfilter-crossreference.com/convert/MANN-FILTER/W940/9"
"EL59409","W940/9","Oil Filter","FIAT","62775369","https://www.oilfilter-crossreference.com/convert/MANN-FILTER/W940/9"
"EL59409","W940/9","Oil Filter","FIAT","74630787","https://www.oilfilter-crossreference.com/convert/MANN-FILTER/W940/9"
"EL59409","W940/9","Oil Filter","FORD","1498028","https://www.oilfilter-crossreference.com/convert/MANN-FILTER/W940/9"
"EL59409","W940/9","Oil Filter","FORD","5000189","https://www.oilfilter-crossreference.com/convert/MANN-FILTER/W940/9"
"EL59409","W940/9","Oil Filter","FORD","D5NN-6714-A","https://www.oilfilter-crossreference.com/convert/MANN-FILTER/W940/9"
"EL59409","W940/9","Oil Filter","FORD","D8NN-6714-LA","https://www.oilfilter-crossreference.com/convert/MANN-FILTER/W940/9"
"EL59409","W940/9","Oil Filter","FORD","D9NN-6714-CA","https://www.oilfilter-crossreference.com/convert/MANN-FILTER/W940/9"
"EL59409","W940/9","Oil Filter","GENERAL-MOTORS","25011619","https://www.oilfilter-crossreference.com/convert/MANN-FILTER/W940/9"
"EL59409","W940/9","Oil Filter","GENERAL-MOTORS","5579970","https://www.oilfilter-crossreference.com/convert/MANN-FILTER/W940/9"
"EL59409","W940/9","Oil Filter","GENERAL-MOTORS","6438121","https://www.oilfilter-crossreference.com/convert/MANN-FILTER/W940/9"
"EL59409","W940/9","Oil Filter","MERCEDES-BENZ","0021844001","https://www.oilfilter-crossreference.com/convert/MANN-FILTER/W940/9"
"EL59409","W940/9","Oil Filter","MERCEDES-BENZ","A0021844001","https://www.oilfilter-crossreference.com/convert/MANN-FILTER/W940/9"
"EL59409","W940/9","Oil Filter","OE","OF-1360","https://www.oilfilter-crossreference.com/convert/MANN-FILTER/W940/9"
"EL59409","W940/9","Oil Filter","PORSCHE","901.107.203.02","https://www.oilfilter-crossreference.com/convert/MANN-FILTER/W940/9"
"EL59409","W940/9","Oil Filter","PORSCHE","901.107.203.09","https://www.oilfilter-crossreference.com/convert/MANN-FILTER/W940/9"
"EL59409","W940/9","Oil Filter","PORSCHE","90110720302","https://www.oilfilter-crossreference.com/convert/MANN-FILTER/W940/9"
"EL59409","W940/9","Oil Filter","PORSCHE","90110720309","https://www.oilfilter-crossreference.com/convert/MANN-FILTER/W940/9"
"EL59409","W940/9","Oil Filter","VW","074 115 561","https://www.oilfilter-crossreference.com/convert/MANN-FILTER/W940/9"
"EL59409","W940/9","Oil Filter","VW","075 115 561","https://www.oilfilter-crossreference.com/convert/MANN-FILTER/W940/9"
"EL59409","W940/9","Oil Filter","VW","078 115 561D","https://www.oilfilter-crossreference.com/convert/MANN-FILTER/W940/9"
"EL59409","W940/9","Oil Filter","VW","901 107 203 01","https://www.oilfilter-crossreference.com/convert/MANN-FILTER/W940/9"
"EL59409","W940/9","Oil Filter","VW","901 107 203 02","https://www.oilfilter-crossreference.com/convert/MANN-FILTER/W940/9"
"EL59409","W940/9","Oil Filter","VW","901 107 203 03","https://www.oilfilter-crossreference.com/convert/MANN-FILTER/W940/9"
"EL59409","W940/9","Oil Filter","VW","901 107 203 05","https://www.oilfilter-crossreference.com/convert/MANN-FILTER/W940/9"
"EL59409","W940/9","Oil Filter","VW","911 901 107","https://www.oilfilter-crossreference.com/convert/MANN-FILTER/W940/9"
"EL55015","W950/15","Oil Filter","FORD","C7NN-F933-A","https://www.oilfilter-crossreference.com/convert/MANN-FILTER/W950/15"
"EL55015","W950/15","Oil Filter","GENERAL-MOTORS","25012645","https://www.oilfilter-crossreference.com/convert/MANN-FILTER/W950/15"
"EL55015","W950/15","Oil Filter","MITSUBISHI","34740-00100","https://www.oilfilter-crossreference.com/convert/MANN-FILTER/W950/15"
"EL55040","W950/40","Oil Filter","FORD","C7NN-F933-A","https://www.oilfilter-crossreference.com/convert/MANN-FILTER/W950/40"
"EL55040","W950/40","Oil Filter","GENERAL-MOTORS","25012645","https://www.oilfilter-crossreference.com/convert/MANN-FILTER/W950/40"
"EL55040","W950/40","Oil Filter","MITSUBISHI","34740-00100","https://www.oilfilter-crossreference.com/convert/MANN-FILTER/W950/40"
"EL55042","W950/42","Oil Filter","FORD","C7NN-F933-A","https://www.oilfilter-crossreference.com/convert/MANN-FILTER/W950/42"
"EL55042","W950/42","Oil Filter","GENERAL-MOTORS","25012645","https://www.oilfilter-crossreference.com/convert/MANN-FILTER/W950/42"
"EL55042","W950/42","Oil Filter","MITSUBISHI","34740-00100","https://www.oilfilter-crossreference.com/convert/MANN-FILTER/W950/42"
"EL56213","W962/13","Oil Filter","FIAT","1153430","https://www.oilfilter-crossreference.com/convert/MANN-FILTER/W962/13"
"EL56213","W962/13","Oil Filter","FIAT","1901919","https://www.oilfilter-crossreference.com/convert/MANN-FILTER/W962/13"
"EL56213","W962/13","Oil Filter","FIAT","61671160","https://www.oilfilter-crossreference.com/convert/MANN-FILTER/W962/13"
"EL56213","W962/13","Oil Filter","FIAT","61671600","https://www.oilfilter-crossreference.com/convert/MANN-FILTER/W962/13"
"EL56213","W962/13","Oil Filter","FIAT","61673585","https://www.oilfilter-crossreference.com/convert/MANN-FILTER/W962/13"
"EL56213","W962/13","Oil Filter","FIAT","671160","https://www.oilfilter-crossreference.com/convert/MANN-FILTER/W962/13"
"EL56213","W962/13","Oil Filter","FIAT","673588","https://www.oilfilter-crossreference.com/convert/MANN-FILTER/W962/13"
"EL56213","W962/13","Oil Filter","FORD","5000859","https://www.oilfilter-crossreference.com/convert/MANN-FILTER/W962/13"
"EL56213","W962/13","Oil Filter","FORD","5010664","https://www.oilfilter-crossreference.com/convert/MANN-FILTER/W962/13"
"EL56213","W962/13","Oil Filter","FORD","6106841","https://www.oilfilter-crossreference.com/convert/MANN-FILTER/W962/13"
"EL56213","W962/13","Oil Filter","FORD","C7NN-F933-A","https://www.oilfilter-crossreference.com/convert/MANN-FILTER/W962/13"
"EL56213","W962/13","Oil Filter","GENERAL-MOTORS","25010065","https://www.oilfilter-crossreference.com/convert/MANN-FILTER/W962/13"
"EL56213","W962/13","Oil Filter","GENERAL-MOTORS","25011416","https://www.oilfilter-crossreference.com/convert/MANN-FILTER/W962/13"
"EL56213","W962/13","Oil Filter","GENERAL-MOTORS","25012645","https://www.oilfilter-crossreference.com/convert/MANN-FILTER/W962/13"
"EL56213","W962/13","Oil Filter","GENERAL-MOTORS","6439461","https://www.oilfilter-crossreference.com/convert/MANN-FILTER/W962/13"
"EL56213","W962/13","Oil Filter","GENERAL-MOTORS","7984864","https://www.oilfilter-crossreference.com/convert/MANN-FILTER/W962/13"
"EL56213","W962/13","Oil Filter","MERCEDES-BENZ","0011849601","https://www.oilfilter-crossreference.com/convert/MANN-FILTER/W962/13"
"EL56213","W962/13","Oil Filter","MERCEDES-BENZ","A0011849601","https://www.oilfilter-crossreference.com/convert/MANN-FILTER/W962/13"
"EL56213","W962/13","Oil Filter","MITSUBISHI","34740-00100","https://www.oilfilter-crossreference.com/convert/MANN-FILTER/W962/13"
"EL56213","W962/13","Oil Filter","MITSUBISHI","34740-00200","https://www.oilfilter-crossreference.com/convert/MANN-FILTER/W962/13"
"EL56213","W962/13","Oil Filter","MITSUBISHI","3474000200","https://www.oilfilter-crossreference.com/convert/MANN-FILTER/W962/13"
"EL56232","W962/32","Oil Filter","FIAT","1153430","https://www.oilfilter-crossreference.com/convert/MANN-FILTER/W962/32"
"EL56232","W962/32","Oil Filter","FIAT","1901919","https://www.oilfilter-crossreference.com/convert/MANN-FILTER/W962/32"
"EL56232","W962/32","Oil Filter","FIAT","61671160","https://www.oilfilter-crossreference.com/convert/MANN-FILTER/W962/32"
"EL56232","W962/32","Oil Filter","FIAT","61671600","https://www.oilfilter-crossreference.com/convert/MANN-FILTER/W962/32"
"EL56232","W962/32","Oil Filter","FIAT","61673585","https://www.oilfilter-crossreference.com/convert/MANN-FILTER/W962/32"
"EL56232","W962/32","Oil Filter","FIAT","671160","https://www.oilfilter-crossreference.com/convert/MANN-FILTER/W962/32"
"EL56232","W962/32","Oil Filter","FIAT","673588","https://www.oilfilter-crossreference.com/convert/MANN-FILTER/W962/32"
"EL56232","W962/32","Oil Filter","FORD","5000859","https://www.oilfilter-crossreference.com/convert/MANN-FILTER/W962/32"
"EL56232","W962/32","Oil Filter","FORD","5010664","https://www.oilfilter-crossreference.com/convert/MANN-FILTER/W962/32"
"EL56232","W962/32","Oil Filter","FORD","6106841","https://www.oilfilter-crossreference.com/convert/MANN-FILTER/W962/32"
"EL56232","W962/32","Oil Filter","FORD","C7NN-F933-A","https://www.oilfilter-crossreference.com/convert/MANN-FILTER/W962/32"
"EL56232","W962/32","Oil Filter","GENERAL-MOTORS","25010065","https://www.oilfilter-crossreference.com/convert/MANN-FILTER/W962/32"
"EL56232","W962/32","Oil Filter","GENERAL-MOTORS","25011416","https://www.oilfilter-crossreference.com/convert/MANN-FILTER/W962/32"
"EL56232","W962/32","Oil Filter","GENERAL-MOTORS","25012645","https://www.oilfilter-crossreference.com/convert/MANN-FILTER/W962/32"
"EL56232","W962/32","Oil Filter","GENERAL-MOTORS","6439461","https://www.oilfilter-crossreference.com/convert/MANN-FILTER/W962/32"
"EL56232","W962/32","Oil Filter","GENERAL-MOTORS","7984864","https://www.oilfilter-crossreference.com/convert/MANN-FILTER/W962/32"
"EL56232","W962/32","Oil Filter","MERCEDES-BENZ","0011849601","https://www.oilfilter-crossreference.com/convert/MANN-FILTER/W962/32"
"EL56232","W962/32","Oil Filter","MERCEDES-BENZ","A0011849601","https://www.oilfilter-crossreference.com/convert/MANN-FILTER/W962/32"
"EL56232","W962/32","Oil Filter","MITSUBISHI","34740-00100","https://www.oilfilter-crossreference.com/convert/MANN-FILTER/W962/32"
"EL56232","W962/32","Oil Filter","MITSUBISHI","34740-00200","https://www.oilfilter-crossreference.com/convert/MANN-FILTER/W962/32"
"EL56232","W962/32","Oil Filter","MITSUBISHI","3474000200","https://www.oilfilter-crossreference.com/convert/MANN-FILTER/W962/32"
"EL52610","W962/6(10)","Oil Filter","FIAT","1153430","https://www.oilfilter-crossreference.com/convert/MANN-FILTER/W962/6(10)"
"EL52610","W962/6(10)","Oil Filter","FIAT","1901919","https://www.oilfilter-crossreference.com/convert/MANN-FILTER/W962/6(10)"
"EL52610","W962/6(10)","Oil Filter","FIAT","61671160","https://www.oilfilter-crossreference.com/convert/MANN-FILTER/W962/6(10)"
"EL52610","W962/6(10)","Oil Filter","FIAT","61671600","https://www.oilfilter-crossreference.com/convert/MANN-FILTER/W962/6(10)"
"EL52610","W962/6(10)","Oil Filter","FIAT","61673585","https://www.oilfilter-crossreference.com/convert/MANN-FILTER/W962/6(10)"
"EL52610","W962/6(10)","Oil Filter","FIAT","671160","https://www.oilfilter-crossreference.com/convert/MANN-FILTER/W962/6(10)"
"EL52610","W962/6(10)","Oil Filter","FIAT","673588","https://www.oilfilter-crossreference.com/convert/MANN-FILTER/W962/6(10)"
"EL52610","W962/6(10)","Oil Filter","FORD","5000859","https://www.oilfilter-crossreference.com/convert/MANN-FILTER/W962/6(10)"
"EL52610","W962/6(10)","Oil Filter","FORD","5010664","https://www.oilfilter-crossreference.com/convert/MANN-FILTER/W962/6(10)"
"EL52610","W962/6(10)","Oil Filter","FORD","6106841","https://www.oilfilter-crossreference.com/convert/MANN-FILTER/W962/6(10)"
"EL52610","W962/6(10)","Oil Filter","FORD","C7NN-F933-A","https://www.oilfilter-crossreference.com/convert/MANN-FILTER/W962/6(10)"
"EL52610","W962/6(10)","Oil Filter","GENERAL-MOTORS","25010065","https://www.oilfilter-crossreference.com/convert/MANN-FILTER/W962/6(10)"
"EL52610","W962/6(10)","Oil Filter","GENERAL-MOTORS","25011416","https://www.oilfilter-crossreference.com/convert/MANN-FILTER/W962/6(10)"
"EL52610","W962/6(10)","Oil Filter","GENERAL-MOTORS","25012645","https://www.oilfilter-crossreference.com/convert/MANN-FILTER/W962/6(10)"
"EL52610","W962/6(10)","Oil Filter","GENERAL-MOTORS","6439461","https://www.oilfilter-crossreference.com/convert/MANN-FILTER/W962/6(10)"
"EL52610","W962/6(10)","Oil Filter","GENERAL-MOTORS","7984864","https://www.oilfilter-crossreference.com/convert/MANN-FILTER/W962/6(10)"
"EL52610","W962/6(10)","Oil Filter","MERCEDES-BENZ","0011849601","https://www.oilfilter-crossreference.com/convert/MANN-FILTER/W962/6(10)"
"EL52610","W962/6(10)","Oil Filter","MERCEDES-BENZ","A0011849601","https://www.oilfilter-crossreference.com/convert/MANN-FILTER/W962/6(10)"
"EL52610","W962/6(10)","Oil Filter","MITSUBISHI","34740-00100","https://www.oilfilter-crossreference.com/convert/MANN-FILTER/W962/6(10)"
"EL52610","W962/6(10)","Oil Filter","MITSUBISHI","34740-00200","https://www.oilfilter-crossreference.com/convert/MANN-FILTER/W962/6(10)"
"EL52610","W962/6(10)","Oil Filter","MITSUBISHI","3474000200","https://www.oilfilter-crossreference.com/convert/MANN-FILTER/W962/6(10)"
"EL59627","W962/7","Oil Filter","FIAT","1153430","https://www.oilfilter-crossreference.com/convert/MANN-FILTER/W962/7"
"EL59627","W962/7","Oil Filter","FIAT","1901919","https://www.oilfilter-crossreference.com/convert/MANN-FILTER/W962/7"
"EL59627","W962/7","Oil Filter","FIAT","61671160","https://www.oilfilter-crossreference.com/convert/MANN-FILTER/W962/7"
"EL59627","W962/7","Oil Filter","FIAT","61671600","https://www.oilfilter-crossreference.com/convert/MANN-FILTER/W962/7"
"EL59627","W962/7","Oil Filter","FIAT","61673585","https://www.oilfilter-crossreference.com/convert/MANN-FILTER/W962/7"
"EL59627","W962/7","Oil Filter","FIAT","671160","https://www.oilfilter-crossreference.com/convert/MANN-FILTER/W962/7"
"EL59627","W962/7","Oil Filter","FIAT","673588","https://www.oilfilter-crossreference.com/convert/MANN-FILTER/W962/7"
"EL59627","W962/7","Oil Filter","FORD","5000859","https://www.oilfilter-crossreference.com/convert/MANN-FILTER/W962/7"
"EL59627","W962/7","Oil Filter","FORD","5010664","https://www.oilfilter-crossreference.com/convert/MANN-FILTER/W962/7"
"EL59627","W962/7","Oil Filter","FORD","6106841","https://www.oilfilter-crossreference.com/convert/MANN-FILTER/W962/7"
"EL59627","W962/7","Oil Filter","FORD","C7NN-F933-A","https://www.oilfilter-crossreference.com/convert/MANN-FILTER/W962/7"
"EL59627","W962/7","Oil Filter","GENERAL-MOTORS","25010065","https://www.oilfilter-crossreference.com/convert/MANN-FILTER/W962/7"
"EL59627","W962/7","Oil Filter","GENERAL-MOTORS","25011416","https://www.oilfilter-crossreference.com/convert/MANN-FILTER/W962/7"
"EL59627","W962/7","Oil Filter","GENERAL-MOTORS","25012645","https://www.oilfilter-crossreference.com/convert/MANN-FILTER/W962/7"
"EL59627","W962/7","Oil Filter","GENERAL-MOTORS","6439461","https://www.oilfilter-crossreference.com/convert/MANN-FILTER/W962/7"
"EL59627","W962/7","Oil Filter","GENERAL-MOTORS","7984864","https://www.oilfilter-crossreference.com/convert/MANN-FILTER/W962/7"
"EL59627","W962/7","Oil Filter","MERCEDES-BENZ","0011849601","https://www.oilfilter-crossreference.com/convert/MANN-FILTER/W962/7"
"EL59627","W962/7","Oil Filter","MERCEDES-BENZ","A0011849601","https://www.oilfilter-crossreference.com/convert/MANN-FILTER/W962/7"
"EL59627","W962/7","Oil Filter","MITSUBISHI","34740-00100","https://www.oilfilter-crossreference.com/convert/MANN-FILTER/W962/7"
"EL59627","W962/7","Oil Filter","MITSUBISHI","34740-00200","https://www.oilfilter-crossreference.com/convert/MANN-FILTER/W962/7"
"EL59627","W962/7","Oil Filter","MITSUBISHI","3474000200","https://www.oilfilter-crossreference.com/convert/MANN-FILTER/W962/7"
"EL56271","W962/71","Oil Filter","FIAT","1153430","https://www.oilfilter-crossreference.com/convert/MANN-FILTER/W962/71"
"EL56271","W962/71","Oil Filter","FIAT","1901919","https://www.oilfilter-crossreference.com/convert/MANN-FILTER/W962/71"
"EL56271","W962/71","Oil Filter","FIAT","61671160","https://www.oilfilter-crossreference.com/convert/MANN-FILTER/W962/71"
"EL56271","W962/71","Oil Filter","FIAT","61671600","https://www.oilfilter-crossreference.com/convert/MANN-FILTER/W962/71"
"EL56271","W962/71","Oil Filter","FIAT","61673585","https://www.oilfilter-crossreference.com/convert/MANN-FILTER/W962/71"
"EL56271","W962/71","Oil Filter","FIAT","671160","https://www.oilfilter-crossreference.com/convert/MANN-FILTER/W962/71"
"EL56271","W962/71","Oil Filter","FIAT","673588","https://www.oilfilter-crossreference.com/convert/MANN-FILTER/W962/71"
"EL56271","W962/71","Oil Filter","FORD","5000859","https://www.oilfilter-crossreference.com/convert/MANN-FILTER/W962/71"
"EL56271","W962/71","Oil Filter","FORD","5010664","https://www.oilfilter-crossreference.com/convert/MANN-FILTER/W962/71"
"EL56271","W962/71","Oil Filter","FORD","6106841","https://www.oilfilter-crossreference.com/convert/MANN-FILTER/W962/71"
"EL56271","W962/71","Oil Filter","FORD","C7NN-F933-A","https://www.oilfilter-crossreference.com/convert/MANN-FILTER/W962/71"
"EL56271","W962/71","Oil Filter","GENERAL-MOTORS","25010065","https://www.oilfilter-crossreference.com/convert/MANN-FILTER/W962/71"
"EL56271","W962/71","Oil Filter","GENERAL-MOTORS","25011416","https://www.oilfilter-crossreference.com/convert/MANN-FILTER/W962/71"
"EL56271","W962/71","Oil Filter","GENERAL-MOTORS","25012645","https://www.oilfilter-crossreference.com/convert/MANN-FILTER/W962/71"
"EL56271","W962/71","Oil Filter","GENERAL-MOTORS","6439461","https://www.oilfilter-crossreference.com/convert/MANN-FILTER/W962/71"
"EL56271","W962/71","Oil Filter","GENERAL-MOTORS","7984864","https://www.oilfilter-crossreference.com/convert/MANN-FILTER/W962/71"
"EL56271","W962/71","Oil Filter","MERCEDES-BENZ","0011849601","https://www.oilfilter-crossreference.com/convert/MANN-FILTER/W962/71"
"EL56271","W962/71","Oil Filter","MERCEDES-BENZ","A0011849601","https://www.oilfilter-crossreference.com/convert/MANN-FILTER/W962/71"
"EL56271","W962/71","Oil Filter","MITSUBISHI","34740-00100","https://www.oilfilter-crossreference.com/convert/MANN-FILTER/W962/71"
"EL56271","W962/71","Oil Filter","MITSUBISHI","34740-00200","https://www.oilfilter-crossreference.com/convert/MANN-FILTER/W962/71"
"EL56271","W962/71","Oil Filter","MITSUBISHI","3474000200","https://www.oilfilter-crossreference.com/convert/MANN-FILTER/W962/71"
"EL50940","WA940","Oil Filter","GENERAL-MOTORS","25012895","https://www.oilfilter-crossreference.com/convert/MANN/WA940"
"EL50940","WA940","Oil Filter","GENERAL-MOTORS","6439694","https://www.oilfilter-crossreference.com/convert/MANN/WA940"
"EL50940","WA940","Oil Filter","GENERAL-MOTORS","6439696","https://www.oilfilter-crossreference.com/convert/MANN/WA940"
"EL50940","WA940","Oil Filter","GENERAL-MOTORS","6439698","https://www.oilfilter-crossreference.com/convert/MANN/WA940"
"EL50940","WA940","Oil Filter","GENERAL-MOTORS","6439700","https://www.oilfilter-crossreference.com/convert/MANN/WA940"
"EL50940","WA940","Oil Filter","NISSAN","2191599003","https://www.oilfilter-crossreference.com/convert/MANN/WA940"
"EL50940","WA940","Oil Filter","NISSAN","21915990032","https://www.oilfilter-crossreference.com/convert/MANN/WA940"
"EL54010","WA940/10","Oil Filter","GENERAL-MOTORS","25012895","https://www.oilfilter-crossreference.com/convert/MANN/WA940/10"
"EL54010","WA940/10","Oil Filter","GENERAL-MOTORS","6439694","https://www.oilfilter-crossreference.com/convert/MANN/WA940/10"
"EL54010","WA940/10","Oil Filter","GENERAL-MOTORS","6439696","https://www.oilfilter-crossreference.com/convert/MANN/WA940/10"
"EL54010","WA940/10","Oil Filter","GENERAL-MOTORS","6439698","https://www.oilfilter-crossreference.com/convert/MANN/WA940/10"
"EL54010","WA940/10","Oil Filter","GENERAL-MOTORS","6439700","https://www.oilfilter-crossreference.com/convert/MANN/WA940/10"
"EL54010","WA940/10","Oil Filter","NISSAN","2191599003","https://www.oilfilter-crossreference.com/convert/MANN/WA940/10"
"EL54010","WA940/10","Oil Filter","NISSAN","21915990032","https://www.oilfilter-crossreference.com/convert/MANN/WA940/10"
"EL54022","WA940/22","Oil Filter","GENERAL-MOTORS","25012895","https://www.oilfilter-crossreference.com/convert/MANN/WA940/22"
"EL54022","WA940/22","Oil Filter","GENERAL-MOTORS","6439694","https://www.oilfilter-crossreference.com/convert/MANN/WA940/22"
"EL54022","WA940/22","Oil Filter","GENERAL-MOTORS","6439696","https://www.oilfilter-crossreference.com/convert/MANN/WA940/22"
"EL54022","WA940/22","Oil Filter","GENERAL-MOTORS","6439698","https://www.oilfilter-crossreference.com/convert/MANN/WA940/22"
"EL54022","WA940/22","Oil Filter","GENERAL-MOTORS","6439700","https://www.oilfilter-crossreference.com/convert/MANN/WA940/22"
"EL54022","WA940/22","Oil Filter","NISSAN","2191599003","https://www.oilfilter-crossreference.com/convert/MANN/WA940/22"
"EL54022","WA940/22","Oil Filter","NISSAN","21915990032","https://www.oilfilter-crossreference.com/convert/MANN/WA940/22"
"EL54023","WA940/23","Oil Filter","GENERAL-MOTORS","25012895","https://www.oilfilter-crossreference.com/convert/MANN/WA940/23"
"EL54023","WA940/23","Oil Filter","GENERAL-MOTORS","6439694","https://www.oilfilter-crossreference.com/convert/MANN/WA940/23"
"EL54023","WA940/23","Oil Filter","GENERAL-MOTORS","6439696","https://www.oilfilter-crossreference.com/convert/MANN/WA940/23"
"EL54023","WA940/23","Oil Filter","GENERAL-MOTORS","6439698","https://www.oilfilter-crossreference.com/convert/MANN/WA940/23"
"EL54023","WA940/23","Oil Filter","GENERAL-MOTORS","6439700","https://www.oilfilter-crossreference.com/convert/MANN/WA940/23"
"EL54023","WA940/23","Oil Filter","NISSAN","2191599003","https://www.oilfilter-crossreference.com/convert/MANN/WA940/23"
"EL54023","WA940/23","Oil Filter","NISSAN","21915990032","https://www.oilfilter-crossreference.com/convert/MANN/WA940/23"
"EL59403","WA940/3","Oil Filter","GENERAL-MOTORS","25012895","https://www.oilfilter-crossreference.com/convert/MANN/WA940/3"
"EL59403","WA940/3","Oil Filter","GENERAL-MOTORS","6439694","https://www.oilfilter-crossreference.com/convert/MANN/WA940/3"
"EL59403","WA940/3","Oil Filter","GENERAL-MOTORS","6439696","https://www.oilfilter-crossreference.com/convert/MANN/WA940/3"
"EL59403","WA940/3","Oil Filter","GENERAL-MOTORS","6439698","https://www.oilfilter-crossreference.com/convert/MANN/WA940/3"
"EL59403","WA940/3","Oil Filter","GENERAL-MOTORS","6439700","https://www.oilfilter-crossreference.com/convert/MANN/WA940/3"
"EL59403","WA940/3","Oil Filter","NISSAN","2191599003","https://www.oilfilter-crossreference.com/convert/MANN/WA940/3"
"EL59403","WA940/3","Oil Filter","NISSAN","21915990032","https://www.oilfilter-crossreference.com/convert/MANN/WA940/3"
"EL59405","WA940/5","Oil Filter","GENERAL-MOTORS","25012895","https://www.oilfilter-crossreference.com/convert/MANN/WA940/5"
"EL59405","WA940/5","Oil Filter","GENERAL-MOTORS","6439694","https://www.oilfilter-crossreference.com/convert/MANN/WA940/5"
"EL59405","WA940/5","Oil Filter","GENERAL-MOTORS","6439696","https://www.oilfilter-crossreference.com/convert/MANN/WA940/5"
"EL59405","WA940/5","Oil Filter","GENERAL-MOTORS","6439698","https://www.oilfilter-crossreference.com/convert/MANN/WA940/5"
"EL59405","WA940/5","Oil Filter","GENERAL-MOTORS","6439700","https://www.oilfilter-crossreference.com/convert/MANN/WA940/5"
"EL59405","WA940/5","Oil Filter","NISSAN","2191599003","https://www.oilfilter-crossreference.com/convert/MANN/WA940/5"
"EL59405","WA940/5","Oil Filter","NISSAN","21915990032","https://www.oilfilter-crossreference.com/convert/MANN/WA940/5"
"EL53125","WD13125","Oil Filter","FORD","1R0716","https://www.oilfilter-crossreference.com/convert/MANN-FILTER/WD13125"
"EL53125","WD13125","Oil Filter","FORD","9576P554005","https://www.oilfilter-crossreference.com/convert/MANN-FILTER/WD13125"
"EL53125","WD13125","Oil Filter","GENERAL-MOTORS","25014776","https://www.oilfilter-crossreference.com/convert/MANN-FILTER/WD13125"
"EL53125","WD13125","Oil Filter","GENERAL-MOTORS","25014777","https://www.oilfilter-crossreference.com/convert/MANN-FILTER/WD13125"
"EL53125","WD13125","Oil Filter","GENERAL-MOTORS","6439657","https://www.oilfilter-crossreference.com/convert/MANN-FILTER/WD13125"
"EL53125","WD13125","Oil Filter","GENERAL-MOTORS","6439658","https://www.oilfilter-crossreference.com/convert/MANN-FILTER/WD13125"
"EL54510","WD13145/10","Oil Filter","GENERAL-MOTORS","6439658","https://www.oilfilter-crossreference.com/convert/MANN-FILTER/WD13145/10"
"EL51456","WD13145/6","Oil Filter","GENERAL-MOTORS","6439658","https://www.oilfilter-crossreference.com/convert/MANN-FILTER/WD13145/6"
"EL59202","WD920/2","Oil Filter","GENERAL-MOTORS","25012648","https://www.oilfilter-crossreference.com/convert/MANN-FILTER/WD920/2"
"EL59202","WD920/2","Oil Filter","OE","OF-655","https://www.oilfilter-crossreference.com/convert/MANN-FILTER/WD920/2"
"EL50914","WF914","Oil Filter","ALFA-ROMEO","105550603001","https://www.oilfilter-crossreference.com/convert/MANN-FILTER/WF914"
"EL50914","WF914","Oil Filter","ALFA-ROMEO","11600060309","https://www.oilfilter-crossreference.com/convert/MANN-FILTER/WF914"
"EL50914","WF914","Oil Filter","ALFA-ROMEO","116000603099","https://www.oilfilter-crossreference.com/convert/MANN-FILTER/WF914"
"EL50914","WF914","Oil Filter","ALFA-ROMEO","116440603000","https://www.oilfilter-crossreference.com/convert/MANN-FILTER/WF914"
"EL50914","WF914","Oil Filter","ALFA-ROMEO","60507080","https://www.oilfilter-crossreference.com/convert/MANN-FILTER/WF914"
"EL50914","WF914","Oil Filter","CHRYSLER","05281090","https://www.oilfilter-crossreference.com/convert/MANN-FILTER/WF914"
"EL50914","WF914","Oil Filter","CHRYSLER","3549957","https://www.oilfilter-crossreference.com/convert/MANN-FILTER/WF914"
"EL50914","WF914","Oil Filter","CHRYSLER","3685741","https://www.oilfilter-crossreference.com/convert/MANN-FILTER/WF914"
"EL50914","WF914","Oil Filter","CHRYSLER","4417559","https://www.oilfilter-crossreference.com/convert/MANN-FILTER/WF914"
"EL50914","WF914","Oil Filter","CHRYSLER","5037333AA","https://www.oilfilter-crossreference.com/convert/MANN-FILTER/WF914"
"EL50914","WF914","Oil Filter","CHRYSLER","5037836AA","https://www.oilfilter-crossreference.com/convert/MANN-FILTER/WF914"
"EL50914","WF914","Oil Filter","CHRYSLER","5037836AB","https://www.oilfilter-crossreference.com/convert/MANN-FILTER/WF914"
"EL50914","WF914","Oil Filter","CHRYSLER","5281090","https://www.oilfilter-crossreference.com/convert/MANN-FILTER/WF914"
"EL50914","WF914","Oil Filter","CHRYSLER","5281090AA","https://www.oilfilter-crossreference.com/convert/MANN-FILTER/WF914"
"EL50914","WF914","Oil Filter","CHRYSLER","5281090BB","https://www.oilfilter-crossreference.com/convert/MANN-FILTER/WF914"
"EL50914","WF914","Oil Filter","CHRYSLER","53020311","https://www.oilfilter-crossreference.com/convert/MANN-FILTER/WF914"
"EL50914","WF914","Oil Filter","CHRYSLER","J8134326","https://www.oilfilter-crossreference.com/convert/MANN-FILTER/WF914"
"EL50914","WF914","Oil Filter","CHRYSLER","L-1008","https://www.oilfilter-crossreference.com/convert/MANN-FILTER/WF914"
"EL50914","WF914","Oil Filter","CHRYSLER","L-19","https://www.oilfilter-crossreference.com/convert/MANN-FILTER/WF914"
"EL50914","WF914","Oil Filter","CHRYSLER","MC10863","https://www.oilfilter-crossreference.com/convert/MANN-FILTER/WF914"
"EL50914","WF914","Oil Filter","CHRYSLER","MD108063","https://www.oilfilter-crossreference.com/convert/MANN-FILTER/WF914"
"EL50914","WF914","Oil Filter","CHRYSLER","MD129809","https://www.oilfilter-crossreference.com/convert/MANN-FILTER/WF914"
"EL50914","WF914","Oil Filter","CHRYSLER","MD308302","https://www.oilfilter-crossreference.com/convert/MANN-FILTER/WF914"
"EL50914","WF914","Oil Filter","CHRYSLER","MD333200","https://www.oilfilter-crossreference.com/convert/MANN-FILTER/WF914"
"EL50914","WF914","Oil Filter","CHRYSLER","MD353795","https://www.oilfilter-crossreference.com/convert/MANN-FILTER/WF914"
"EL50914","WF914","Oil Filter","CHRYSLER","T1365661","https://www.oilfilter-crossreference.com/convert/MANN-FILTER/WF914"
"EL50914","WF914","Oil Filter","CHRYSLER","X3549957","https://www.oilfilter-crossreference.com/convert/MANN-FILTER/WF914"
"EL50914","WF914","Oil Filter","CITROEN","1109W7","https://www.oilfilter-crossreference.com/convert/MANN-FILTER/WF914"
"EL59142","WF914/2","Oil Filter","ALFA-ROMEO","105550603001","https://www.oilfilter-crossreference.com/convert/MANN-FILTER/WF914/2"
"EL59142","WF914/2","Oil Filter","ALFA-ROMEO","11600060309","https://www.oilfilter-crossreference.com/convert/MANN-FILTER/WF914/2"
"EL59142","WF914/2","Oil Filter","ALFA-ROMEO","116000603099","https://www.oilfilter-crossreference.com/convert/MANN-FILTER/WF914/2"
"EL59142","WF914/2","Oil Filter","ALFA-ROMEO","116440603000","https://www.oilfilter-crossreference.com/convert/MANN-FILTER/WF914/2"
"EL59142","WF914/2","Oil Filter","ALFA-ROMEO","60507080","https://www.oilfilter-crossreference.com/convert/MANN-FILTER/WF914/2"
"EL59142","WF914/2","Oil Filter","CHRYSLER","05281090","https://www.oilfilter-crossreference.com/convert/MANN-FILTER/WF914/2"
"EL59142","WF914/2","Oil Filter","CHRYSLER","3549957","https://www.oilfilter-crossreference.com/convert/MANN-FILTER/WF914/2"
"EL59142","WF914/2","Oil Filter","CHRYSLER","3685741","https://www.oilfilter-crossreference.com/convert/MANN-FILTER/WF914/2"
"EL59142","WF914/2","Oil Filter","CHRYSLER","4417559","https://www.oilfilter-crossreference.com/convert/MANN-FILTER/WF914/2"
"EL59142","WF914/2","Oil Filter","CHRYSLER","5037333AA","https://www.oilfilter-crossreference.com/convert/MANN-FILTER/WF914/2"
"EL59142","WF914/2","Oil Filter","CHRYSLER","5037836AA","https://www.oilfilter-crossreference.com/convert/MANN-FILTER/WF914/2"
"EL59142","WF914/2","Oil Filter","CHRYSLER","5037836AB","https://www.oilfilter-crossreference.com/convert/MANN-FILTER/WF914/2"
"EL59142","WF914/2","Oil Filter","CHRYSLER","5281090","https://www.oilfilter-crossreference.com/convert/MANN-FILTER/WF914/2"
"EL59142","WF914/2","Oil Filter","CHRYSLER","5281090AA","https://www.oilfilter-crossreference.com/convert/MANN-FILTER/WF914/2"
"EL59142","WF914/2","Oil Filter","CHRYSLER","5281090BB","https://www.oilfilter-crossreference.com/convert/MANN-FILTER/WF914/2"
"EL59142","WF914/2","Oil Filter","CHRYSLER","53020311","https://www.oilfilter-crossreference.com/convert/MANN-FILTER/WF914/2"
"EL59142","WF914/2","Oil Filter","CHRYSLER","J8134326","https://www.oilfilter-crossreference.com/convert/MANN-FILTER/WF914/2"
"EL59142","WF914/2","Oil Filter","CHRYSLER","L-1008","https://www.oilfilter-crossreference.com/convert/MANN-FILTER/WF914/2"
"EL59142","WF914/2","Oil Filter","CHRYSLER","L-19","https://www.oilfilter-crossreference.com/convert/MANN-FILTER/WF914/2"
"EL59142","WF914/2","Oil Filter","CHRYSLER","MC10863","https://www.oilfilter-crossreference.com/convert/MANN-FILTER/WF914/2"
"EL59142","WF914/2","Oil Filter","CHRYSLER","MD108063","https://www.oilfilter-crossreference.com/convert/MANN-FILTER/WF914/2"
"EL59142","WF914/2","Oil Filter","CHRYSLER","MD129809","https://www.oilfilter-crossreference.com/convert/MANN-FILTER/WF914/2"
"EL59142","WF914/2","Oil Filter","CHRYSLER","MD308302","https://www.oilfilter-crossreference.com/convert/MANN-FILTER/WF914/2"
"EL59142","WF914/2","Oil Filter","CHRYSLER","MD333200","https://www.oilfilter-crossreference.com/convert/MANN-FILTER/WF914/2"
"EL59142","WF914/2","Oil Filter","CHRYSLER","MD353795","https://www.oilfilter-crossreference.com/convert/MANN-FILTER/WF914/2"
"EL59142","WF914/2","Oil Filter","CHRYSLER","T1365661","https://www.oilfilter-crossreference.com/convert/MANN-FILTER/WF914/2"
"EL59142","WF914/2","Oil Filter","CHRYSLER","X3549957","https://www.oilfilter-crossreference.com/convert/MANN-FILTER/WF914/2"
"EL59142","WF914/2","Oil Filter","CITROEN","1109W7","https://www.oilfilter-crossreference.com/convert/MANN-FILTER/WF914/2"
"EF51145","WK1145","Fuel Filter","VOLVO","22095097","https://www.fuelfilter-crossreference.com/convert/MANN/WK1145"
"EF53002","WK3002","Fuel Filter","VOLVO","20443727","https://www.fuelfilter-crossreference.com/convert/MANN/WK3002"
"EF55008","WK5008","Fuel Filter","FORD","3397051","https://www.fuelfilter-crossreference.com/convert/MANN/WK5008"
"EF55008","WK5008","Fuel Filter","FORD","F32Z9155A","https://www.fuelfilter-crossreference.com/convert/MANN/WK5008"
"EF55008","WK5008","Fuel Filter","GENERAL-MOTORS","13253690","https://www.fuelfilter-crossreference.com/convert/MANN/WK5008"
"EF55008","WK5008","Fuel Filter","GENERAL-MOTORS","22821145","https://www.fuelfilter-crossreference.com/convert/MANN/WK5008"
"EF55008","WK5008","Fuel Filter","GENERAL-MOTORS","22926634","https://www.fuelfilter-crossreference.com/convert/MANN/WK5008"
"EF55008","WK5008","Fuel Filter","GENERAL-MOTORS","84035850","https://www.fuelfilter-crossreference.com/convert/MANN/WK5008"
"EF55008","WK5008","Fuel Filter","MAZDA","FS1120490A","https://www.fuelfilter-crossreference.com/convert/MANN/WK5008"
"EF55008","WK5008","Fuel Filter","OPEL","818023","https://www.fuelfilter-crossreference.com/convert/MANN/WK5008"
"EF56006","WK6006","Fuel Filter","GENERAL-MOTORS","25121293","https://www.fuelfilter-crossreference.com/convert/MANN/WK6006"
"EF56006","WK6006","Fuel Filter","GENERAL-MOTORS","25121449","https://www.fuelfilter-crossreference.com/convert/MANN/WK6006"
"EF56006","WK6006","Fuel Filter","OPEL","25121292","https://www.fuelfilter-crossreference.com/convert/MANN/WK6006"
"EF56031","WK6031M","Fuel Filter","CITROEN","156785","https://www.fuelfilter-crossreference.com/convert/MANN/WK6031M"
"EF56031","WK6031M","Fuel Filter","CITROEN","1567A5","https://www.fuelfilter-crossreference.com/convert/MANN/WK6031M"
"EF56031","WK6031M","Fuel Filter","CITROEN","1567C6","https://www.fuelfilter-crossreference.com/convert/MANN/WK6031M"
"EF56031","WK6031M","Fuel Filter","GENERAL-MOTORS","91159804","https://www.fuelfilter-crossreference.com/convert/MANN/WK6031M"
"EF56031","WK6031M","Fuel Filter","GENERAL-MOTORS","91559804","https://www.fuelfilter-crossreference.com/convert/MANN/WK6031M"
"EF56031","WK6031M","Fuel Filter","MERCEDES-BENZ","4534700400","https://www.fuelfilter-crossreference.com/convert/MANN/WK6031M"
"EF56031","WK6031M","Fuel Filter","MERCEDES-BENZ","A4534700400","https://www.fuelfilter-crossreference.com/convert/MANN/WK6031M"
"EF56031","WK6031M","Fuel Filter","NISSAN","1640000QAA","https://www.fuelfilter-crossreference.com/convert/MANN/WK6031M"
"EF56031","WK6031M","Fuel Filter","NISSAN","16400JD51A","https://www.fuelfilter-crossreference.com/convert/MANN/WK6031M"
"EF56031","WK6031M","Fuel Filter","NISSAN","16400ZT50A","https://www.fuelfilter-crossreference.com/convert/MANN/WK6031M"
"EF56031","WK6031M","Fuel Filter","OPEL","3558252","https://www.fuelfilter-crossreference.com/convert/MANN/WK6031M"
"EF56031","WK6031M","Fuel Filter","OPEL","4408101","https://www.fuelfilter-crossreference.com/convert/MANN/WK6031M"
"EF56031","WK6031M","Fuel Filter","PEUGEOT","156781","https://www.fuelfilter-crossreference.com/convert/MANN/WK6031M"
"EF56031","WK6031M","Fuel Filter","PEUGEOT","156787","https://www.fuelfilter-crossreference.com/convert/MANN/WK6031M"
"EF56031","WK6031M","Fuel Filter","PEUGEOT","156788","https://www.fuelfilter-crossreference.com/convert/MANN/WK6031M"
"EF56031","WK6031M","Fuel Filter","PEUGEOT","156793","https://www.fuelfilter-crossreference.com/convert/MANN/WK6031M"
"EF56031","WK6031M","Fuel Filter","PEUGEOT","1567C6","https://www.fuelfilter-crossreference.com/convert/MANN/WK6031M"
"EF51426","WK614/26","Fuel Filter","MITSUBISHI","MB868463","https://www.fuelfilter-crossreference.com/convert/MANN/WK614/26"
"EF51426","WK614/26","Fuel Filter","TOYOTA","23300-16220","https://www.fuelfilter-crossreference.com/convert/MANN/WK614/26"
"EF51426","WK614/26","Fuel Filter","TOYOTA","23300-16240","https://www.fuelfilter-crossreference.com/convert/MANN/WK614/26"
"EF51426","WK614/26","Fuel Filter","TOYOTA","23300-19225","https://www.fuelfilter-crossreference.com/convert/MANN/WK614/26"
"EF51426","WK614/26","Fuel Filter","TOYOTA","23300-19325","https://www.fuelfilter-crossreference.com/convert/MANN/WK614/26"
"EF51426","WK614/26","Fuel Filter","TOYOTA","23300-19425","https://www.fuelfilter-crossreference.com/convert/MANN/WK614/26"
"EF51426","WK614/26","Fuel Filter","TOYOTA","23300-79015","https://www.fuelfilter-crossreference.com/convert/MANN/WK614/26"
"EF51436","WK614/36","Fuel Filter","GENERAL-MOTORS","94854916","https://www.fuelfilter-crossreference.com/convert/MANN/WK614/36"
"EF51436","WK614/36","Fuel Filter","TOYOTA","23300-11100","https://www.fuelfilter-crossreference.com/convert/MANN/WK614/36"
"EF51436","WK614/36","Fuel Filter","TOYOTA","23300-11210","https://www.fuelfilter-crossreference.com/convert/MANN/WK614/36"
"EF51436","WK614/36","Fuel Filter","TOYOTA","23300-15040","https://www.fuelfilter-crossreference.com/convert/MANN/WK614/36"
"EF51436","WK614/36","Fuel Filter","TOYOTA","23300-16210","https://www.fuelfilter-crossreference.com/convert/MANN/WK614/36"
"EF51436","WK614/36","Fuel Filter","TOYOTA","23300-19285","https://www.fuelfilter-crossreference.com/convert/MANN/WK614/36"
"EF51436","WK614/36","Fuel Filter","TOYOTA","23300-19295","https://www.fuelfilter-crossreference.com/convert/MANN/WK614/36"
"EF51436","WK614/36","Fuel Filter","TOYOTA","23300-19495","https://www.fuelfilter-crossreference.com/convert/MANN/WK614/36"
"EF51436","WK614/36","Fuel Filter","TOYOTA","23300-19515","https://www.fuelfilter-crossreference.com/convert/MANN/WK614/36"
"EF50761","WK76/1","Fuel Filter","HONDA","16010-SK3-505","https://www.fuelfilter-crossreference.com/convert/MANN/WK76/1"
"EF50761","WK76/1","Fuel Filter","HONDA","16010-SK3-E31","https://www.fuelfilter-crossreference.com/convert/MANN/WK76/1"
"EF50761","WK76/1","Fuel Filter","HONDA","16010-SK3-E32","https://www.fuelfilter-crossreference.com/convert/MANN/WK76/1"
"EF50761","WK76/1","Fuel Filter","HONDA","16010-SK3-K51","https://www.fuelfilter-crossreference.com/convert/MANN/WK76/1"
"EF50761","WK76/1","Fuel Filter","HONDA","16010SK3505","https://www.fuelfilter-crossreference.com/convert/MANN/WK76/1"
"EF50761","WK76/1","Fuel Filter","HONDA","16010SK3E31","https://www.fuelfilter-crossreference.com/convert/MANN/WK76/1"
"EF50761","WK76/1","Fuel Filter","HONDA","16010SK3E32","https://www.fuelfilter-crossreference.com/convert/MANN/WK76/1"
"EF50761","WK76/1","Fuel Filter","HONDA","16010SK3K51","https://www.fuelfilter-crossreference.com/convert/MANN/WK76/1"
"EF50761","WK76/1","Fuel Filter","HONDA","16900-SK3-E31","https://www.fuelfilter-crossreference.com/convert/MANN/WK76/1"
"EF50761","WK76/1","Fuel Filter","HONDA","16900SK3E31","https://www.fuelfilter-crossreference.com/convert/MANN/WK76/1"
"EF50764","WK76/4","Fuel Filter","HONDA","16010-SM-4507","https://www.fuelfilter-crossreference.com/convert/MANN/WK76/4"
"EF50764","WK76/4","Fuel Filter","HONDA","16010-SM-4951","https://www.fuelfilter-crossreference.com/convert/MANN/WK76/4"
"EF50764","WK76/4","Fuel Filter","HONDA","16010-SM-4952","https://www.fuelfilter-crossreference.com/convert/MANN/WK76/4"
"EF50764","WK76/4","Fuel Filter","HONDA","16010-SM4-K51","https://www.fuelfilter-crossreference.com/convert/MANN/WK76/4"
"EF58302","WK830/2","Fuel Filter","BMW","1269244","https://www.fuelfilter-crossreference.com/convert/MANN/WK830/2"
"EF58302","WK830/2","Fuel Filter","BMW","13321269244","https://www.fuelfilter-crossreference.com/convert/MANN/WK830/2"
"EF58302","WK830/2","Fuel Filter","BMW","13321270039","https://www.fuelfilter-crossreference.com/convert/MANN/WK830/2"
"EF58302","WK830/2","Fuel Filter","FORD","5018036","https://www.fuelfilter-crossreference.com/convert/MANN/WK830/2"
"EF58309","WK830/9","Fuel Filter","PORSCHE","92811014202","https://www.fuelfilter-crossreference.com/convert/MANN/WK830/9"
"EF58309","WK830/9","Fuel Filter","PORSCHE","92811014700","https://www.fuelfilter-crossreference.com/convert/MANN/WK830/9"
"EF58309","WK830/9","Fuel Filter","PORSCHE","92811014704","https://www.fuelfilter-crossreference.com/convert/MANN/WK830/9"
"EF58309","WK830/9","Fuel Filter","PORSCHE","92811014705","https://www.fuelfilter-crossreference.com/convert/MANN/WK830/9"
"EF58309","WK830/9","Fuel Filter","PORSCHE","92811025300","https://www.fuelfilter-crossreference.com/convert/MANN/WK830/9"
"EF58309","WK830/9","Fuel Filter","PORSCHE","93111014901","https://www.fuelfilter-crossreference.com/convert/MANN/WK830/9"
"EF50917","WK917","Fuel Filter","KIA","N71023570","https://www.fuelfilter-crossreference.com/convert/MANN/WK917"
"EF50917","WK917","Fuel Filter","KIA","OK62123570","https://www.fuelfilter-crossreference.com/convert/MANN/WK917"
"EF50917","WK917","Fuel Filter","KIA","OK62123581","https://www.fuelfilter-crossreference.com/convert/MANN/WK917"
"EF50917","WK917","Fuel Filter","KIA","OK71023570A","https://www.fuelfilter-crossreference.com/convert/MANN/WK917"
"EF50917","WK917","Fuel Filter","MAZDA","55923570","https://www.fuelfilter-crossreference.com/convert/MANN/WK917"
"EF50917","WK917","Fuel Filter","MAZDA","SL0113850","https://www.fuelfilter-crossreference.com/convert/MANN/WK917"
"EF50917","WK917","Fuel Filter","MITSUBISHI","3194041001","https://www.fuelfilter-crossreference.com/convert/MANN/WK917"
"EF50917","WK917","Fuel Filter","MITSUBISHI","ME006066","https://www.fuelfilter-crossreference.com/convert/MANN/WK917"
"EF50917","WK917","Fuel Filter","MITSUBISHI","ME016823","https://www.fuelfilter-crossreference.com/convert/MANN/WK917"
"EF50917","WK917","Fuel Filter","MITSUBISHI","ME035393","https://www.fuelfilter-crossreference.com/convert/MANN/WK917"
"EF50917","WK917","Fuel Filter","MITSUBISHI","ME035829","https://www.fuelfilter-crossreference.com/convert/MANN/WK917"
"EF50918","WK918","Fuel Filter","KIA","0K46723570","https://www.fuelfilter-crossreference.com/convert/MANN/WK918"
"EF50918","WK918","Fuel Filter","KIA","OK46723570","https://www.fuelfilter-crossreference.com/convert/MANN/WK918"
"EF50918","WK918","Fuel Filter","MAZDA","RF83-13440","https://www.fuelfilter-crossreference.com/convert/MANN/WK918"
"EF50918","WK918","Fuel Filter","MAZDA","RF83-13ZA5","https://www.fuelfilter-crossreference.com/convert/MANN/WK918"
"EF50918","WK918","Fuel Filter","MAZDA","RF83-13ZA5-9A","https://www.fuelfilter-crossreference.com/convert/MANN/WK918"
"EF50918","WK918","Fuel Filter","MAZDA","S207-23570","https://www.fuelfilter-crossreference.com/convert/MANN/WK918"
"EF53280","WK932/80","Fuel Filter","NISSAN","16405-02N10","https://www.fuelfilter-crossreference.com/convert/MANN/WK932/80"
"EF59504","WK950/4","Fuel Filter","FIAT","1901605","https://www.fuelfilter-crossreference.com/convert/MANN/WK950/4"
"EF59504","WK950/4","Fuel Filter","FIAT","1909103","https://www.fuelfilter-crossreference.com/convert/MANN/WK950/4"
"EF59504","WK950/4","Fuel Filter","FIAT","1909103-1","https://www.fuelfilter-crossreference.com/convert/MANN/WK950/4"
"EF59504","WK950/4","Fuel Filter","FIAT","1909119","https://www.fuelfilter-crossreference.com/convert/MANN/WK950/4"
"EF59504","WK950/4","Fuel Filter","FIAT","4613310","https://www.fuelfilter-crossreference.com/convert/MANN/WK950/4"
"EF59504","WK950/4","Fuel Filter","FIAT","4618310","https://www.fuelfilter-crossreference.com/convert/MANN/WK950/4"
"EF59504","WK950/4","Fuel Filter","FIAT","4671001","https://www.fuelfilter-crossreference.com/convert/MANN/WK950/4"
"EF59504","WK950/4","Fuel Filter","FIAT","4694322","https://www.fuelfilter-crossreference.com/convert/MANN/WK950/4"
"EF59504","WK950/4","Fuel Filter","FIAT","4700487","https://www.fuelfilter-crossreference.com/convert/MANN/WK950/4"
"EF59504","WK950/4","Fuel Filter","FIAT","4742848","https://www.fuelfilter-crossreference.com/convert/MANN/WK950/4"
"EF59504","WK950/4","Fuel Filter","FIAT","4964322","https://www.fuelfilter-crossreference.com/convert/MANN/WK950/4"
"EF59504","WK950/4","Fuel Filter","FIAT","61589105","https://www.fuelfilter-crossreference.com/convert/MANN/WK950/4"
"EF59504","WK950/4","Fuel Filter","FIAT","62775371","https://www.fuelfilter-crossreference.com/convert/MANN/WK950/4"
"EF59504","WK950/4","Fuel Filter","FIAT","8822986","https://www.fuelfilter-crossreference.com/convert/MANN/WK950/4"
"EF59504","WK950/4","Fuel Filter","FORD","5011266","https://www.fuelfilter-crossreference.com/convert/MANN/WK950/4"
"EF59504","WK950/4","Fuel Filter","FORD","A830X-9155-RA","https://www.fuelfilter-crossreference.com/convert/MANN/WK950/4"
"EF59504","WK950/4","Fuel Filter","GENERAL-MOTORS","89002855","https://www.fuelfilter-crossreference.com/convert/MANN/WK950/4"
"EL51021","WP11102/1","Oil Filter","NISSAN","5221170573","https://www.oilfilter-crossreference.com/convert/MANN-FILTER/WP11102/1"
"EL51021","WP11102/1","Oil Filter","NISSAN","5221706532","https://www.oilfilter-crossreference.com/convert/MANN-FILTER/WP11102/1"
"EL50212","WP11102/1/2","Oil Filter","NISSAN","5221170573","https://www.oilfilter-crossreference.com/convert/MANN-FILTER/WP11102/1/2"
"EL50212","WP11102/1/2","Oil Filter","NISSAN","5221706532","https://www.oilfilter-crossreference.com/convert/MANN-FILTER/WP11102/1/2"
"EL51022","WP11102/2","Oil Filter","NISSAN","5221170573","https://www.oilfilter-crossreference.com/convert/MANN-FILTER/WP11102/2"
"EL51022","WP11102/2","Oil Filter","NISSAN","5221706532","https://www.oilfilter-crossreference.com/convert/MANN-FILTER/WP11102/2"
"EL53001","WP12300/1","Oil Filter","FORD","E8HZ-6731-A","https://www.oilfilter-crossreference.com/convert/MANN-FILTER/WP12300/1"
"EL53001","WP12300/1","Oil Filter","GENERAL-MOTORS","25012637","https://www.oilfilter-crossreference.com/convert/MANN-FILTER/WP12300/1"
"EL53001","WP13001","Oil Filter","MITSUBISHI","3424001100","https://www.oilfilter-crossreference.com/convert/MANN-FILTER/WP13001"
"EL53001","WP13001","Oil Filter","MITSUBISHI","ME074013","https://www.oilfilter-crossreference.com/convert/MANN-FILTER/WP13001"
"EL53001","WP13001","Oil Filter","MITSUBISHI","ME074235","https://www.oilfilter-crossreference.com/convert/MANN-FILTER/WP13001"
"EL53001","WP13001","Oil Filter","MITSUBISHI","ME130968","https://www.oilfilter-crossreference.com/convert/MANN-FILTER/WP13001"
"EL53001","WP13001","Oil Filter","NISSAN","15201EP025","https://www.oilfilter-crossreference.com/convert/MANN-FILTER/WP13001"
"EL53001","WP13001","Oil Filter","NISSAN","15201Z9009","https://www.oilfilter-crossreference.com/convert/MANN-FILTER/WP13001"
"EL53001","WP13001","Oil Filter","NISSAN","15201Z9012","https://www.oilfilter-crossreference.com/convert/MANN-FILTER/WP13001"
"EL53001","WP13001","Oil Filter","NISSAN","15201Z9013","https://www.oilfilter-crossreference.com/convert/MANN-FILTER/WP13001"
"EL53001","WP13001","Oil Filter","NISSAN","15201Z9014","https://www.oilfilter-crossreference.com/convert/MANN-FILTER/WP13001"
"EL53001","WP13001","Oil Filter","NISSAN","AY100MT501","https://www.oilfilter-crossreference.com/convert/MANN-FILTER/WP13001"
"EL53001","WP13001","Oil Filter","NISSAN","AY100UD501","https://www.oilfilter-crossreference.com/convert/MANN-FILTER/WP13001"
