"elimfilters_sku","source_sku","segment","has_oem","has_competitor","has_applications","has_specifications","production_tier"
"EA50005","C10005","Air Filter","1","0","1","1","TIER_P5"
"EA50006","C10006","Air Filter","1","1","1","1","TIER_P1"
"EA50007","C10007","Air Filter","1","0","1","1","TIER_P5"
"EA50010","C10010","Air Filter","1","0","1","1","TIER_P5"
"EA50011","C10011","Air Filter","1","0","1","1","TIER_P5"
"EAC10012","C10012","Air Filter","0","0","0","0","TIER_P5"
"EA50014","C10014","Air Filter","1","0","1","1","TIER_P5"
"EA50015","C10015","Air Filter","1","0","1","1","TIER_P5"
"EA50016","C10016","Air Filter","1","0","1","1","TIER_P5"
"EA50050","C10050","Air Filter","1","1","1","1","TIER_P1"
"EA50504","C100504","Air Filter","1","0","1","1","TIER_P5"
"EAC1006","C1006","Air Filter","0","0","0","0","TIER_P5"
"EA51014","C1014","Air Filter","0","0","1","1","TIER_P5"
"EA51015","C1015","Air Filter","0","0","1","1","TIER_P5"
"EA51024","C1024","Air Filter","1","0","1","1","TIER_P5"
"EA50361","C1036/1","Air Filter","1","0","1","1","TIER_P5"
"EA50362","C1036/2","Air Filter","1","0","1","1","TIER_P5"
"EA51041","C1041","Air Filter","1","0","1","1","TIER_P5"
"EA50431","C1043/1","Air Filter","1","0","1","1","TIER_P5"
"EA51049","C1049","Air Filter","1","0","1","1","TIER_P5"
"EA50105","C105","Air Filter","1","0","1","1","TIER_P5"
"EAC1057","C1057","Air Filter","0","0","0","0","TIER_P5"
"EA51003","C11003","Air Filter","1","1","1","1","TIER_P1"
"EA51004","C11004","Air Filter","1","0","1","1","TIER_P5"
"EA51005","C11005","Air Filter","1","1","1","1","TIER_P1"
"EA51007","C11007","Air Filter","1","0","1","1","TIER_P5"
"EA51008","C11008","Air Filter","1","0","1","1","TIER_P5"
"EA51020","C11020","Air Filter","1","0","1","1","TIER_P5"
"EAC11040","C11040","Air Filter","1","0","0","1","TIER_P5"
"EAC1110","C1110","Air Filter","0","0","0","1","TIER_P5"
"EA51100","C11100","Air Filter","1","1","1","1","TIER_P1"
"EAC111002","C11100/2","Air Filter","0","0","0","1","TIER_P5"
"EA51005","C111005","Air Filter","1","0","1","1","TIER_P5"
"EA51102","C11102","Air Filter","0","0","1","1","TIER_P5"
"EAC111021","C11102/1","Air Filter","0","0","0","0","TIER_P5"
"EA51103","C11103","Air Filter","0","1","1","1","TIER_P4"
"EA51032","C11103/2","Air Filter","1","1","1","1","TIER_P1"
"EA51111","C1111/1","Air Filter","0","0","1","1","TIER_P5"
"EA51112","C1112","Air Filter","1","0","1","1","TIER_P5"
"EA51121","C1112/1","Air Filter","1","0","1","1","TIER_P5"
"EA51122","C1112/2","Air Filter","1","0","1","1","TIER_P5"
"EA51127","C1112/7","Air Filter","1","0","1","1","TIER_P5"
"EA51120","C11120","Air Filter","1","0","1","1","TIER_P5"
"EA51127","C11127","Air Filter","0","0","1","1","TIER_P5"
"EA51113","C1113","Air Filter","0","1","0","0","TIER_P4"
"EA51121","C1121","Air Filter","1","0","1","1","TIER_P5"
"EA51131","C1131","Air Filter","1","0","1","1","TIER_P5"
"EA51311","C1131/1","Air Filter","1","0","1","1","TIER_P5"
"EA51132","C1132","Air Filter","1","0","1","1","TIER_P5"
"EA51321","C1132/1","Air Filter","0","0","1","1","TIER_P5"
"EA51134","C1134","Air Filter","1","0","1","1","TIER_P5"
"EA51341","C1134/1","Air Filter","1","0","1","1","TIER_P5"
"EA51140","C1140","Air Filter","1","0","1","1","TIER_P5"
"EA51401","C1140/1","Air Filter","0","0","1","1","TIER_P5"
"EAC1145","C1145","Air Filter","0","0","0","1","TIER_P5"
"EA51454","C1145/4","Air Filter","0","1","0","1","TIER_P4"
"EA51455","C1145/5","Air Filter","0","1","0","1","TIER_P4"
"EA51456","C1145/6","Air Filter","1","0","1","1","TIER_P5"
"EA51149","C1149","Air Filter","0","1","0","0","TIER_P4"
"EA51150","C1150","Air Filter","1","0","1","1","TIER_P5"
"EA51500","C11500","Air Filter","0","0","1","1","TIER_P5"
"EA51151","C1151","Air Filter","1","1","0","1","TIER_P3"
"EA51154","C1154","Air Filter","0","1","0","1","TIER_P4"
"EA51157","C1157","Air Filter","1","0","1","1","TIER_P5"
"EAC1170","C1170","Air Filter","0","0","0","0","TIER_P5"
"EA51176","C1176","Air Filter","1","0","1","1","TIER_P5"
"EA51763","C1176/3","Air Filter","1","0","1","1","TIER_P5"
"EA51764","C1176/4","Air Filter","1","0","1","1","TIER_P5"
"EA50118","C118","Air Filter","1","0","1","1","TIER_P5"
"EA51184","C1184","Air Filter","1","0","1","1","TIER_P5"
"EA51185","C1185","Air Filter","1","1","0","0","TIER_P3"
"EA51188","C1188","Air Filter","0","1","1","1","TIER_P4"
"EA51188","C1188X","Air Filter","1","0","1","1","TIER_P5"
"EA51189","C1189","Air Filter","1","0","1","1","TIER_P5"
"EA51196","C1196","Air Filter","0","1","1","1","TIER_P4"
"EA51962","C1196/2","Air Filter","1","1","1","1","TIER_P1"
"EA52003","C12003","Air Filter","1","0","1","1","TIER_P5"
"EA52004","C12004","Air Filter","1","1","1","1","TIER_P1"
"EA52006","C12006","Air Filter","0","0","1","1","TIER_P5"
"EA52007","C12007","Air Filter","0","0","1","1","TIER_P5"
"EA52009","C12009","Air Filter","1","1","1","1","TIER_P1"
"EA52011","C12011","Air Filter","1","0","1","1","TIER_P5"
"EA52013","C12013X","Air Filter","0","0","1","0","TIER_P5"
"EA52014","C12014","Air Filter","0","1","0","1","TIER_P4"
"EA52100","C12100","Air Filter","0","1","1","1","TIER_P4"
"EA52100","C12100X","Air Filter","1","1","1","1","TIER_P1"
"EA52102","C12102","Air Filter","0","0","1","1","TIER_P5"
"EA52104","C12104","Air Filter","1","0","1","1","TIER_P5"
"EA52107","C12107","Air Filter","1","0","1","1","TIER_P5"
"EA51071","C12107/1","Air Filter","1","0","1","1","TIER_P5"
"EA52114","C12114","Air Filter","0","0","1","1","TIER_P5"
"EA51141","C12114/1","Air Filter","0","0","1","1","TIER_P5"
"EA51161","C12116/1","Air Filter","0","0","1","1","TIER_P5"
"EA51162","C12116/2","Air Filter","1","0","1","1","TIER_P5"
"EA51213","C1213","Air Filter","1","0","1","1","TIER_P5"
"EA52133","C12133","Air Filter","1","0","1","1","TIER_P5"
"EA51331","C12133/1","Air Filter","1","0","1","1","TIER_P5"
"EAC12148","C12148","Air Filter","0","0","0","1","TIER_P5"
"EA52155","C12155","Air Filter","0","0","1","1","TIER_P5"
"EA52178","C12178","Air Filter","1","0","1","1","TIER_P5"
"EA51781","C12178/1","Air Filter","1","0","1","1","TIER_P5"
"EA51782","C12178/2","Air Filter","1","0","1","1","TIER_P5"
"EA51219","C1219","Air Filter","0","1","0","1","TIER_P4"
"EA51226","C1226","Air Filter","0","0","1","1","TIER_P5"
"EA51230","C1230","Air Filter","0","1","0","0","TIER_P4"
"EA51233","C1233","Air Filter","1","0","1","1","TIER_P5"
"EA51236","C1236","Air Filter","1","1","0","1","TIER_P3"
"EA51237","C1237","Air Filter","0","0","1","1","TIER_P5"
"EA51243","C1243","Air Filter","0","1","0","1","TIER_P4"
"EA51245","C1245","Air Filter","0","0","1","1","TIER_P5"
"EA51247","C1247","Air Filter","1","0","1","1","TIER_P5"
"EA51250","C1250","Air Filter","1","0","1","1","TIER_P5"
"EA51257","C1257","Air Filter","0","1","0","1","TIER_P4"
"EA51281","C1281","Air Filter","1","1","1","1","TIER_P1"
"EA52861","C1286/1","Air Filter","1","0","1","1","TIER_P5"
"EA51287","C1287","Air Filter","1","0","1","1","TIER_P5"
"EAC13008X","C13008X","Air Filter","1","0","0","1","TIER_P5"
"EA53009","C13009","Air Filter","1","1","1","1","TIER_P1"
"EA53010","C13010","Air Filter","0","1","0","0","TIER_P4"
"EA53103","C13103","Air Filter","1","0","1","1","TIER_P5"
"EA51031","C13103/1","Air Filter","1","0","1","1","TIER_P5"
"EAC131032","C13103/2","Air Filter","0","0","0","0","TIER_P5"
"EA53109","C13109","Air Filter","1","0","1","1","TIER_P5"
"EA53114","C13114","Air Filter","1","0","1","1","TIER_P5"
"EA51143","C13114/3","Air Filter","0","1","0","0","TIER_P4"
"EA51144","C13114/4","Air Filter","1","0","1","1","TIER_P5"
"EA51148","C13114/8","Air Filter","0","0","1","1","TIER_P5"
"EA53131","C13131","Air Filter","1","0","1","1","TIER_P5"
"EA53135","C13135","Air Filter","0","1","0","1","TIER_P4"
"EAC131359","C131359","Air Filter","0","0","0","0","TIER_P5"
"EA53137","C13137","Air Filter","0","1","0","1","TIER_P4"
"EA53145","C13145","Air Filter","0","1","1","1","TIER_P4"
"EA51452","C13145/2","Air Filter","1","1","1","1","TIER_P1"
"EA53154","C13154","Air Filter","1","1","1","1","TIER_P1"
"EA51320","C1320","Air Filter","1","0","1","1","TIER_P5"
"EA53240","C13240","Air Filter","1","0","1","1","TIER_P5"
"EAC1328","C1328","Air Filter","0","0","0","0","TIER_P5"
"EA51337","C1337","Air Filter","1","1","1","1","TIER_P1"
"EAC13371","C1337/1","Air Filter","0","0","0","1","TIER_P5"
"EAC13372","C1337/2","Air Filter","0","0","0","1","TIER_P5"
"EA51338","C1338","Air Filter","0","1","0","1","TIER_P4"
"EA53383","C1338/3","Air Filter","0","0","1","1","TIER_P5"
"EA51342","C1342","Air Filter","0","1","1","1","TIER_P4"
"EA51342","C1342KIT","Air Filter","1","1","1","1","TIER_P1"
"EA51343","C1343","Air Filter","1","0","1","1","TIER_P5"
"EA51344","C1344","Air Filter","1","0","1","1","TIER_P5"
"EA51349","C1349","Air Filter","0","1","0","1","TIER_P4"
"EAC1354","C1354","Air Filter","0","0","0","0","TIER_P5"
"EA51355","C1355","Air Filter","0","1","0","1","TIER_P4"
"EA51357","C1357","Air Filter","0","1","0","1","TIER_P4"
"EAC13571","C1357/1","Air Filter","0","0","0","1","TIER_P5"
"EA51358","C1358","Air Filter","0","1","0","1","TIER_P4"
"EA51361","C1361","Air Filter","1","0","1","1","TIER_P5"
"EA51362","C1362","Air Filter","1","0","1","1","TIER_P5"
"EA53621","C1362/1","Air Filter","0","1","0","1","TIER_P4"
"EAC1365","C1365","Air Filter","0","0","0","1","TIER_P5"
"EA51368","C1368","Air Filter","1","0","1","1","TIER_P5"
"EA51369","C1369","Air Filter","1","0","1","1","TIER_P5"
"EA51370","C1370","Air Filter","1","0","1","1","TIER_P5"
"EA51371","C1371","Air Filter","1","1","1","1","TIER_P1"
"EAC13741","C1374/1","Air Filter","0","0","0","1","TIER_P5"
"EA53742","C1374/2","Air Filter","0","1","1","1","TIER_P4"
"EA53742","C1374/2KIT","Air Filter","1","1","1","1","TIER_P1"
"EA51376","C1376","Air Filter","0","1","1","1","TIER_P4"
"EAC1381","C138/1","Air Filter","0","0","0","0","TIER_P5"
"EA51380","C1380","Air Filter","1","0","1","1","TIER_P5"
"EA53801","C1380/1","Air Filter","1","0","1","1","TIER_P5"
"EA53803","C1380/3","Air Filter","0","0","1","1","TIER_P5"
"EA51381","C1381","Air Filter","1","0","1","1","TIER_P5"
"EA51387","C1387","Air Filter","1","0","1","1","TIER_P5"
"EAC1392","C1392","Air Filter","1","0","0","1","TIER_P5"
"EA53941","C1394/1","Air Filter","1","0","1","1","TIER_P5"
"EA51396","C1396","Air Filter","1","0","1","1","TIER_P5"
"EA53991","C1399/1","Air Filter","0","1","0","1","TIER_P4"
"EA53992","C1399/2","Air Filter","1","0","1","1","TIER_P5"
"EA53993","C1399/3","Air Filter","1","0","1","1","TIER_P5"
"EA54004","C14004","Air Filter","1","0","1","1","TIER_P5"
"EA54006","C14006","Air Filter","1","0","1","1","TIER_P5"
"EAC140061","C14006/1","Air Filter","0","0","0","0","TIER_P5"
"EA54010","C14010","Air Filter","1","1","1","1","TIER_P1"
"EA54011","C14011","Air Filter","1","0","1","1","TIER_P5"
"EA54012","C14012","Air Filter","0","0","1","0","TIER_P5"
"EA54013","C14013","Air Filter","0","1","1","1","TIER_P4"
"EA54014","C14014","Air Filter","1","0","1","1","TIER_P5"
"EA54018","C14018","Air Filter","1","0","1","1","TIER_P5"
"EAC14019","C14019","Air Filter","0","0","0","0","TIER_P5"
"EA54020","C14020X","Air Filter","1","0","1","1","TIER_P5"
"EAC14021","C14021","Air Filter","0","0","0","0","TIER_P5"
"EAC14031","C14031","Air Filter","1","0","0","0","TIER_P5"
"EAC1410","C1410","Air Filter","0","0","0","1","TIER_P5"
"EA54101","C14101","Air Filter","1","1","1","1","TIER_P1"
"EAC14110","C14110","Air Filter","0","0","0","0","TIER_P5"
"EA54113","C14113","Air Filter","0","0","1","1","TIER_P5"
"EA54114","C14114","Air Filter","1","0","1","1","TIER_P5"
"EA54115","C14115","Air Filter","1","0","1","1","TIER_P5"
"EA51151","C14115/1","Air Filter","0","0","1","1","TIER_P5"
"EA54117","C14117","Air Filter","1","1","1","1","TIER_P1"
"EA54123","C14123","Air Filter","1","1","1","1","TIER_P1"
"EA54130","C14130","Air Filter","1","1","1","1","TIER_P1"
"EA51301","C14130/1","Air Filter","1","0","1","1","TIER_P5"
"EA54138","C14138","Air Filter","0","0","1","1","TIER_P5"
"EA51381","C14138/1","Air Filter","1","0","1","1","TIER_P5"
"EA54139","C14139","Air Filter","0","0","1","1","TIER_P5"
"EA54140","C14140","Air Filter","1","0","1","1","TIER_P5"
"EA51415","C1415","Air Filter","0","1","0","1","TIER_P4"
"EA54150","C14150","Air Filter","0","0","1","1","TIER_P5"
"EA54153","C14153","Air Filter","1","0","1","1","TIER_P5"
"EA54159","C14159","Air Filter","1","0","1","1","TIER_P5"
"EA51591","C14159/1","Air Filter","1","1","0","0","TIER_P3"
"EA54160","C14160","Air Filter","0","1","1","1","TIER_P4"
"EA54160","C14160X","Air Filter","1","0","1","1","TIER_P5"
"EA51661","C14166/1","Air Filter","0","0","1","1","TIER_P5"
"EA54168","C14168","Air Filter","1","0","1","1","TIER_P5"
"EA51417","C1417","Air Filter","1","0","1","1","TIER_P5"
"EA54171","C14171","Air Filter","0","0","1","1","TIER_P5"
"EA54176","C14176","Air Filter","1","0","1","1","TIER_P5"
"EA54177","C14177","Air Filter","0","0","1","1","TIER_P5"
"EA54178","C14178","Air Filter","1","0","1","1","TIER_P5"
"EA54179","C14179","Air Filter","0","1","1","1","TIER_P4"
"EA51791","C14179/1","Air Filter","1","0","1","1","TIER_P5"
"EA51792","C14179/2","Air Filter","1","0","1","1","TIER_P5"
"EA51793","C14179/3","Air Filter","0","0","1","1","TIER_P5"
"EA51794","C14179/4","Air Filter","1","0","1","1","TIER_P5"
"EA51795","C14179/5X","Air Filter","0","0","1","1","TIER_P5"
"EA54179","C14179X","Air Filter","1","1","1","1","TIER_P1"
"EA54190","C14190","Air Filter","1","1","1","1","TIER_P1"
"EA51901","C14190/1","Air Filter","0","0","1","1","TIER_P5"
"EA54200","C14200","Air Filter","1","1","1","1","TIER_P1"
"EA52001","C14200/1","Air Filter","0","0","1","1","TIER_P5"
"EA52002","C14200/2","Air Filter","0","0","1","1","TIER_P5"
"EA52003","C14200/3","Air Filter","1","1","1","1","TIER_P1"
"EA52006","C142006","Air Filter","1","0","1","1","TIER_P5"
"EA52021","C14202/1","Air Filter","0","1","1","1","TIER_P4"
"EA52102","C14210/2","Air Filter","1","1","1","1","TIER_P1"
"EAC1423","C1423","Air Filter","0","0","0","0","TIER_P5"
"EAC1423200","C1423/200","Air Filter","0","0","0","0","TIER_P5"
"EA54230","C14230","Air Filter","1","0","1","1","TIER_P5"
"EA51424","C1424","Air Filter","0","1","0","0","TIER_P4"
"EAC14250","C14250","Air Filter","0","0","0","0","TIER_P5"
"EA51426","C1426","Air Filter","0","1","0","1","TIER_P4"
"EA51427","C1427","Air Filter","0","0","1","1","TIER_P5"
"EAC1429","C1429","Air Filter","0","0","0","0","TIER_P5"
"EA51430","C1430","Air Filter","1","0","1","1","TIER_P5"
"EA51440","C1440","Air Filter","0","1","1","1","TIER_P4"
"EA54401","C1440/1","Air Filter","1","0","1","1","TIER_P5"
"EA51449","C1449","Air Filter","1","0","1","1","TIER_P5"
"EA51450","C1450","Air Filter","1","0","1","1","TIER_P5"
"EA51451","C1451","Air Filter","0","0","1","1","TIER_P5"
"EA51460","C1460","Air Filter","1","0","1","1","TIER_P5"
"EA51465","C1465","Air Filter","0","1","1","1","TIER_P4"
"EA51468","C1468","Air Filter","1","0","1","1","TIER_P5"
"EA54681","C1468/1","Air Filter","0","1","0","1","TIER_P4"
"EA54682","C1468/2","Air Filter","0","0","1","1","TIER_P5"
"EA51470","C1470","Air Filter","0","1","0","1","TIER_P4"
"EA51472","C1472","Air Filter","1","0","1","1","TIER_P5"
"EA51476","C1476","Air Filter","0","1","0","0","TIER_P4"
"EA51478","C1478","Air Filter","0","0","1","1","TIER_P5"
"EA51480","C1480","Air Filter","1","0","1","1","TIER_P5"
"EA50149","C149","Air Filter","0","1","0","1","TIER_P4"
"EA55005","C15005","Air Filter","1","0","1","1","TIER_P5"
"EA55007","C15007","Air Filter","1","0","1","1","TIER_P5"
"EA55008","C15008","Air Filter","1","0","1","1","TIER_P5"
"EA55010","C15010","Air Filter","1","0","1","1","TIER_P5"
"EA55010","C15010M","Air Filter","0","1","0","0","TIER_P4"
"EA55011","C15011","Air Filter","1","1","1","1","TIER_P1"
"EAC15014","C15014","Air Filter","0","0","0","0","TIER_P5"
"EA55015","C15015","Air Filter","1","0","1","1","TIER_P5"
"EA55020","C15020","Air Filter","1","1","1","1","TIER_P1"
"EA50151","C151","Air Filter","0","1","0","1","TIER_P4"
"EA55100","C15100","Air Filter","1","1","1","1","TIER_P1"
"EA55101","C15101","Air Filter","0","0","1","1","TIER_P5"
"EAC15102","C15102","Air Filter","0","0","0","0","TIER_P5"
"EA51021","C15102/1","Air Filter","1","1","1","1","TIER_P1"
"EA55104","C15104","Air Filter","0","0","1","1","TIER_P5"
"EA55105","C15105","Air Filter","0","1","0","1","TIER_P4"
"EA51051","C15105/1","Air Filter","1","0","1","1","TIER_P5"
"EA55120","C15120","Air Filter","1","0","1","1","TIER_P5"
"EA51202","C15120/2","Air Filter","0","1","0","1","TIER_P4"
"EA55122","C15122","Air Filter","0","0","1","1","TIER_P5"
"EA55124","C15124","Air Filter","0","1","0","1","TIER_P4"
"EA51241","C15124/1","Air Filter","1","0","1","1","TIER_P5"
"EAC151242","C15124/2","Air Filter","1","0","0","1","TIER_P5"
"EAC151243","C15124/3","Air Filter","0","0","0","1","TIER_P5"
"EA51244","C15124/4","Air Filter","1","0","1","1","TIER_P5"
"EA51245","C15124/5","Air Filter","0","1","0","1","TIER_P4"
"EAC15126","C15126","Air Filter","0","0","0","1","TIER_P5"
"EA55127","C15127","Air Filter","1","0","1","1","TIER_P5"
"EA51271","C15127/1","Air Filter","1","0","1","1","TIER_P5"
"EA51272","C15127/2","Air Filter","1","0","1","1","TIER_P5"
"EA55130","C15130","Air Filter","0","0","1","1","TIER_P5"
"EAC15135","C15135","Air Filter","0","0","0","0","TIER_P5"
"EA55143","C15143","Air Filter","0","1","0","1","TIER_P4"
"EA51431","C15143/1","Air Filter","1","0","1","1","TIER_P5"
"EA55163","C15163","Air Filter","1","1","0","1","TIER_P3"
"EA51631","C15163/1","Air Filter","1","0","1","1","TIER_P5"
"EA55165","C15165","Air Filter","1","0","1","1","TIER_P5"
"EA51651","C15165/1","Air Filter","1","1","0","1","TIER_P3"
"EA51653","C15165/3","Air Filter","1","1","1","1","TIER_P1"
"EA51654","C15165/4","Air Filter","0","0","1","1","TIER_P5"
"EA51656","C15165/6","Air Filter","1","0","1","1","TIER_P5"
"EA51657","C15165/7","Air Filter","1","0","1","1","TIER_P5"
"EA55166","C15166","Air Filter","0","0","1","1","TIER_P5"
"EA51519","C1519","Air Filter","0","1","0","1","TIER_P4"
"EAC15190","C15190","Air Filter","0","0","0","0","TIER_P5"
"EA55200","C15200","Air Filter","1","0","1","1","TIER_P5"
"EAC1523","C1523","Air Filter","0","0","0","0","TIER_P5"
"EA55248","C15248","Air Filter","1","0","1","1","TIER_P5"
"EA55250","C15250","Air Filter","1","0","1","1","TIER_P5"
"EA55260","C15260","Air Filter","1","0","1","1","TIER_P5"
"EA55267","C15267","Air Filter","0","0","1","1","TIER_P5"
"EAC15272","C15272","Air Filter","0","0","0","0","TIER_P5"
"EAC152721","C15272/1","Air Filter","0","0","0","1","TIER_P5"
"EA55282","C1528/2","Air Filter","0","0","1","1","TIER_P5"
"EA55288","C15288","Air Filter","0","0","1","1","TIER_P5"
"EAC15291","C1529/1","Air Filter","0","0","0","1","TIER_P5"
"EAC15293","C1529/3","Air Filter","0","0","0","0","TIER_P5"
"EA51530","C1530","Air Filter","1","0","1","1","TIER_P5"
"EA55301","C1530/1","Air Filter","1","0","1","1","TIER_P5"
"EA55300","C15300","Air Filter","1","1","1","1","TIER_P1"
"EAC153002","C15300/2","Air Filter","0","0","0","1","TIER_P5"
"EA53003","C15300/3","Air Filter","1","0","1","1","TIER_P5"
"EAC153004","C15300/4","Air Filter","0","0","0","0","TIER_P5"
"EA50071","C153007/1","Air Filter","1","0","1","1","TIER_P5"
"EA51532","C1532","Air Filter","0","1","0","0","TIER_P4"
"EAC15321","C1532/1","Air Filter","0","0","0","1","TIER_P5"
"EAC15322","C1532/2","Air Filter","0","0","0","0","TIER_P5"
"EA51537","C1537","Air Filter","0","0","1","1","TIER_P5"
"EA51540","C1540","Air Filter","1","0","1","1","TIER_P5"
"EA55403","C1540/3","Air Filter","1","0","1","1","TIER_P5"
"EA55403","C15403","Air Filter","0","1","0","1","TIER_P4"
"EAC15501","C1550/1","Air Filter","0","0","0","0","TIER_P5"
"EAC15503","C1550/3","Air Filter","0","0","0","1","TIER_P5"
"EA51552","C1552","Air Filter","1","0","1","1","TIER_P5"
"EA55521","C1552/1","Air Filter","0","0","1","1","TIER_P5"
"EA55551","C1555/1","Air Filter","1","0","1","1","TIER_P5"
"EAC15554","C1555/4","Air Filter","0","0","0","0","TIER_P5"
"EA55556","C1555/6","Air Filter","1","0","1","1","TIER_P5"
"EAC1562X","C1562X","Air Filter","0","0","0","0","TIER_P5"
"EA51567","C1567","Air Filter","1","0","1","1","TIER_P5"
"EA55671","C1567/1","Air Filter","1","0","1","1","TIER_P5"
"EA51571","C1571","Air Filter","1","0","1","1","TIER_P5"
"EA51574","C1574","Air Filter","1","0","1","1","TIER_P5"
"EA51577","C1577","Air Filter","1","0","1","1","TIER_P5"
"EA55771","C1577/1","Air Filter","1","0","1","1","TIER_P5"
"EA51586","C1586","Air Filter","1","0","1","1","TIER_P5"
"EA51588","C1588X","Air Filter","1","0","1","1","TIER_P5"
"EAC15891","C1589/1","Air Filter","0","0","0","1","TIER_P5"
"EA55892","C1589/2","Air Filter","1","0","1","1","TIER_P5"
"EA55893","C1589/3","Air Filter","1","0","1","1","TIER_P5"
"EA51595","C1595","Air Filter","0","1","0","1","TIER_P4"
"EA51596","C1596","Air Filter","1","0","1","1","TIER_P5"
"EA56001","C16001","Air Filter","0","0","1","0","TIER_P5"
"EA56005","C16005","Air Filter","1","0","1","1","TIER_P5"
"EA56005","C16005M","Air Filter","0","1","0","0","TIER_P4"
"EA56006","C16006","Air Filter","1","0","1","1","TIER_P5"
"EA56007","C16007","Air Filter","1","0","1","1","TIER_P5"
"EA50101","C16010/1","Air Filter","0","0","1","1","TIER_P5"
"EA56012","C16012","Air Filter","1","0","1","1","TIER_P5"
"EA56013","C16013","Air Filter","1","0","1","1","TIER_P5"
"EA56014","C16014","Air Filter","1","0","1","1","TIER_P5"
"EA56015","C16015","Air Filter","1","1","1","1","TIER_P1"
"EAC16017","C16017","Air Filter","0","0","0","0","TIER_P5"
"EA56018","C16018","Air Filter","1","0","1","1","TIER_P5"
"EA56025","C16025","Air Filter","1","0","1","1","TIER_P5"
"EA56100","C16100","Air Filter","1","1","1","1","TIER_P1"
"EA56110","C16110","Air Filter","0","0","1","1","TIER_P5"
"EA56113","C16113","Air Filter","1","0","1","1","TIER_P5"
"EA51131","C16113/1","Air Filter","0","1","0","1","TIER_P4"
"EA51141","C16114/1X","Air Filter","0","1","1","1","TIER_P4"
"EA51142","C16114/2X","Air Filter","1","0","1","1","TIER_P5"
"EA51143","C16114/3X","Air Filter","1","0","1","1","TIER_P5"
"EA56114","C16114X","Air Filter","0","1","1","1","TIER_P4"
"EA56118","C16118","Air Filter","1","0","1","1","TIER_P5"
"EA56122","C16122","Air Filter","1","1","1","1","TIER_P1"
"EA56127","C16127","Air Filter","1","0","1","1","TIER_P5"
"EA56130","C16130","Air Filter","0","1","0","0","TIER_P4"
"EA56133","C16133","Air Filter","0","0","1","1","TIER_P5"
"EAC16134","C16134","Air Filter","0","0","0","0","TIER_P5"
"EA51341","C16134/1","Air Filter","0","1","1","1","TIER_P4"
"EA51342","C16134/2","Air Filter","1","0","1","1","TIER_P5"
"EA56136","C16136","Air Filter","1","0","1","1","TIER_P5"
"EA56140","C16140","Air Filter","1","1","1","1","TIER_P1"
"EA56142","C16142","Air Filter","1","1","0","1","TIER_P3"
"EAC161421","C16142/1","Air Filter","0","0","0","1","TIER_P5"
"EA51422","C16142/2","Air Filter","1","0","1","1","TIER_P5"
"EA56143","C16143","Air Filter","0","0","1","1","TIER_P5"
"EA56147","C16147","Air Filter","0","0","1","1","TIER_P5"
"EA56148","C16148","Air Filter","1","0","1","1","TIER_P5"
"EA56150","C16150","Air Filter","1","0","1","1","TIER_P5"
"EA56153","C16153","Air Filter","1","0","1","1","TIER_P5"
"EA56154","C16154","Air Filter","0","0","1","1","TIER_P5"
"EA51621","C16162/1","Air Filter","1","0","1","1","TIER_P5"
"EAC16163","C16163","Air Filter","0","0","0","1","TIER_P5"
"EA56167","C16167","Air Filter","1","1","1","1","TIER_P1"
"EA51618","C1618","Air Filter","1","0","1","1","TIER_P5"
"EA56181","C16181","Air Filter","0","0","1","1","TIER_P5"
"EA56182","C16182","Air Filter","1","0","1","1","TIER_P5"
"EAC161901","C16190/1","Air Filter","0","0","0","1","TIER_P5"
"EA51903","C16190/3X","Air Filter","1","0","1","1","TIER_P5"
"EA51904","C16190/4","Air Filter","0","0","1","1","TIER_P5"
"EA56190","C16190X","Air Filter","1","1","1","1","TIER_P1"
"EA56200","C16200","Air Filter","0","0","1","1","TIER_P5"
"EA56210","C16210","Air Filter","1","1","1","1","TIER_P1"
"EA56212","C16212","Air Filter","0","1","0","0","TIER_P4"
"EAC162121","C16212/1","Air Filter","0","0","0","1","TIER_P5"
"EAC162122","C16212/2","Air Filter","0","0","0","1","TIER_P5"
"EA56214","C16214","Air Filter","0","1","0","1","TIER_P4"
"EAC16245","C16245","Air Filter","0","0","0","1","TIER_P5"
"EA52471","C16247/1","Air Filter","1","0","1","1","TIER_P5"
"EA56302","C16302","Air Filter","1","1","1","1","TIER_P1"
"EA51632","C1632","Air Filter","0","1","0","1","TIER_P4"
"EA56324","C16324","Air Filter","0","1","1","1","TIER_P4"
"EA53242","C16324/2","Air Filter","1","0","1","1","TIER_P5"
"EA56331","C1633/1","Air Filter","1","0","1","1","TIER_P5"
"EA56334","C16334","Air Filter","1","1","1","1","TIER_P1"
"EA56335","C16335","Air Filter","1","1","1","1","TIER_P1"
"EA56340","C16340","Air Filter","1","1","1","1","TIER_P1"
"EA56340","C16340X","Air Filter","0","0","1","1","TIER_P5"
"EA51635","C1635","Air Filter","1","0","1","1","TIER_P5"
"EA56400","C16400","Air Filter","1","1","1","1","TIER_P1"
"EAC164002","C16400/2","Air Filter","0","0","0","1","TIER_P5"
"EA56406","C16406","Air Filter","1","0","1","1","TIER_P5"
"EAC16410","C16410","Air Filter","0","0","0","0","TIER_P5"
"EA51642","C1642","Air Filter","0","1","0","1","TIER_P4"
"EAC1645","C1645","Air Filter","0","0","0","0","TIER_P5"
"EA51648","C1648","Air Filter","0","1","0","1","TIER_P4"
"EA56501","C16501","Air Filter","1","1","1","1","TIER_P1"
"EA51652","C1652","Air Filter","1","0","1","1","TIER_P5"
"EA56521","C1652/1","Air Filter","1","0","1","1","TIER_P5"
"EA56522","C1652/2","Air Filter","1","0","1","1","TIER_P5"
"EA51672","C1672","Air Filter","0","1","0","1","TIER_P4"
"EAC16721","C1672/1","Air Filter","0","0","0","1","TIER_P5"
"EAC16722","C1672/2","Air Filter","0","0","0","0","TIER_P5"
"EAC16724","C1672/4","Air Filter","0","0","0","0","TIER_P5"
"EAC16727","C1672/7","Air Filter","0","0","0","0","TIER_P5"
"EA51677","C1677","Air Filter","1","0","1","1","TIER_P5"
"EA51690","C1690","Air Filter","0","0","1","1","TIER_P5"
"EA51699","C1699","Air Filter","1","0","1","1","TIER_P5"
"EA57004","C17004","Air Filter","1","0","1","1","TIER_P5"
"EA57006","C17006","Air Filter","1","0","1","1","TIER_P5"
"EA57008","C17008","Air Filter","1","0","1","1","TIER_P5"
"EA57009","C17009","Air Filter","1","0","1","1","TIER_P5"
"EA57010","C17010","Air Filter","1","0","1","1","TIER_P5"
"EA57011","C17011","Air Filter","1","0","1","1","TIER_P5"
"EAC17012","C17012","Air Filter","0","1","0","0","TIER_P4"
"EA50121","C17012/1","Air Filter","1","0","1","1","TIER_P5"
"EAC170122","C17012/2","Air Filter","0","0","0","0","TIER_P5"
"EA57013","C17013","Air Filter","1","0","1","1","TIER_P5"
"EAC170131","C17013/1","Air Filter","0","0","0","0","TIER_P5"
"EA57014","C17014","Air Filter","1","0","1","1","TIER_P5"
"EA57016","C17016","Air Filter","1","0","1","1","TIER_P5"
"EA57017","C17017","Air Filter","1","0","1","1","TIER_P5"
"EAC17021","C17021","Air Filter","0","0","0","0","TIER_P5"
"EAC170213","C17021/3","Air Filter","0","0","0","0","TIER_P5"
"EA57022","C17022","Air Filter","1","0","1","1","TIER_P5"
"EA57023","C17023","Air Filter","1","0","1","1","TIER_P5"
"EAC170231","C17023/1","Air Filter","0","0","0","0","TIER_P5"
"EAC17025","C17025","Air Filter","0","0","0","0","TIER_P5"
"EAC17028","C17028","Air Filter","0","0","0","0","TIER_P5"
"EAC17029","C17029","Air Filter","0","0","0","0","TIER_P5"
"EA57032","C17032","Air Filter","1","0","1","1","TIER_P5"
"EA57035","C17035","Air Filter","1","0","1","1","TIER_P5"
"EA57040","C17040","Air Filter","1","0","1","1","TIER_P5"
"EA57100","C17100","Air Filter","1","0","1","1","TIER_P5"
"EA57124","C17124","Air Filter","0","1","1","1","TIER_P4"
"EA57125","C17125","Air Filter","0","1","0","1","TIER_P4"
"EA57127","C17127","Air Filter","0","0","1","1","TIER_P5"
"EA57129","C17129","Air Filter","1","0","1","1","TIER_P5"
"EA57134","C17134","Air Filter","1","1","1","1","TIER_P1"
"EAC171371N","C17137/1N","Air Filter","0","0","0","0","TIER_P5"
"EA51371","C17137/1X","Air Filter","1","0","1","1","TIER_P5"
"EA57137","C17137X","Air Filter","1","0","1","1","TIER_P5"
"EA57149","C17149","Air Filter","1","1","1","1","TIER_P1"
"EA57160","C17160","Air Filter","1","1","1","1","TIER_P1"
"EA57161","C17161","Air Filter","0","1","0","1","TIER_P4"
"EA57170","C17170","Air Filter","1","1","1","1","TIER_P1"
"EA57177","C17177","Air Filter","0","1","0","0","TIER_P4"
"EA57190","C17190","Air Filter","0","0","1","1","TIER_P5"
"EA57192","C17192","Air Filter","1","0","1","1","TIER_P5"
"EAC1720","C1720","Air Filter","0","0","0","0","TIER_P5"
"EA57201","C17201","Air Filter","1","1","1","1","TIER_P1"
"EA52012","C17201/2","Air Filter","0","1","0","1","TIER_P4"
"EA52013","C17201/3","Air Filter","1","1","1","1","TIER_P1"
"EA57217","C17217","Air Filter","1","0","1","1","TIER_P5"
"EA52171","C17217/1","Air Filter","0","0","1","1","TIER_P5"
"EA57225","C17225","Air Filter","0","0","1","1","TIER_P5"
"EA52252","C17225/2","Air Filter","0","1","0","1","TIER_P4"
"EA52253","C17225/3","Air Filter","1","1","1","1","TIER_P1"
"EA57235","C17235","Air Filter","0","0","1","1","TIER_P5"
"EA57237","C17237","Air Filter","1","1","1","1","TIER_P1"
"EA52371","C17237/1","Air Filter","1","0","1","1","TIER_P5"
"EA51724","C1724","Air Filter","1","0","1","1","TIER_P5"
"EA51725","C1725","Air Filter","0","1","0","1","TIER_P4"
"EA57250","C17250","Air Filter","1","1","1","1","TIER_P1"
"EA57278","C17278","Air Filter","1","0","1","1","TIER_P5"
"EA57291","C17291","Air Filter","0","0","1","1","TIER_P5"
"EA57308","C17308","Air Filter","1","1","0","0","TIER_P3"
"EAC173081","C17308/1","Air Filter","0","0","0","0","TIER_P5"
"EA57337","C17337","Air Filter","0","1","1","1","TIER_P4"
"EA53372","C17337/2","Air Filter","1","1","1","1","TIER_P1"
"EAC173373","C17337/3","Air Filter","0","0","0","0","TIER_P5"
"EA53402","C17340/2","Air Filter","1","0","1","1","TIER_P5"
"EAC17357","C17357","Air Filter","0","0","0","0","TIER_P5"
"EA57400","C17400","Air Filter","0","0","1","1","TIER_P5"
"EA51750","C1750","Air Filter","0","1","0","1","TIER_P4"
"EA51752","C1752","Air Filter","0","1","0","1","TIER_P4"
"EA51759","C1759","Air Filter","0","1","0","1","TIER_P4"
"EA51760","C1760","Air Filter","1","0","1","1","TIER_P5"
"EA57601","C1760/1","Air Filter","1","0","1","1","TIER_P5"
"EA51770","C1770","Air Filter","1","0","1","1","TIER_P5"
"EA51774","C1774","Air Filter","0","0","1","1","TIER_P5"
"EA51776","C1776","Air Filter","1","0","1","1","TIER_P5"
"EA58003","C18003","Air Filter","1","0","1","1","TIER_P5"
"EA58004","C18004","Air Filter","1","0","1","1","TIER_P5"
"EA58006","C18006","Air Filter","1","0","1","1","TIER_P5"
"EA58008","C18008","Air Filter","1","0","1","1","TIER_P5"
"EA58009","C18009X","Air Filter","1","0","1","1","TIER_P5"
"EAC18010","C18010","Air Filter","0","0","0","0","TIER_P5"
"EAC18015","C18015","Air Filter","0","0","0","0","TIER_P5"
"EA58016","C18016","Air Filter","1","0","1","1","TIER_P5"
"EA58021","C18021","Air Filter","1","0","1","1","TIER_P5"
"EAC18022","C18022","Air Filter","0","0","0","0","TIER_P5"
"EA58023","C18023","Air Filter","1","1","0","0","TIER_P3"
"EA58024","C18024","Air Filter","1","0","1","1","TIER_P5"
"EAC18026","C18026","Air Filter","0","0","0","0","TIER_P5"
"EA58028","C18028","Air Filter","1","0","1","1","TIER_P5"
"EAC18029","C18029","Air Filter","0","0","0","0","TIER_P5"
"EA58029","C18029X","Air Filter","1","0","1","1","TIER_P5"
"EA58037","C18037","Air Filter","1","0","1","1","TIER_P5"
"EA58108","C18108","Air Filter","0","0","1","1","TIER_P5"
"EA58114","C18114","Air Filter","1","0","1","1","TIER_P5"
"EAC18120","C18120","Air Filter","1","0","0","1","TIER_P5"
"EA58121","C18121","Air Filter","1","0","1","1","TIER_P5"
"EA58133","C18133","Air Filter","1","0","1","1","TIER_P5"
"EA58143","C18143","Air Filter","1","0","1","1","TIER_P5"
"EA58146","C18146","Air Filter","0","1","0","1","TIER_P4"
"EA51461","C18146/1","Air Filter","0","1","0","1","TIER_P4"
"EA51462","C18146/2","Air Filter","0","1","0","0","TIER_P4"
"EA51463","C18146/3","Air Filter","0","0","1","1","TIER_P5"
"EA58149","C18149","Air Filter","0","1","1","1","TIER_P4"
"EA51491","C18149/1","Air Filter","1","0","1","1","TIER_P5"
"EA51815","C1815","Air Filter","0","1","0","1","TIER_P4"
"EA58161","C18161","Air Filter","1","0","1","1","TIER_P5"
"EAC18170","C18170","Air Filter","0","0","0","0","TIER_P5"
"EAC18180","C18180","Air Filter","0","0","0","1","TIER_P5"
"EA51801","C18180/1","Air Filter","0","0","1","1","TIER_P5"
"EA58187","C18187","Air Filter","0","1","0","0","TIER_P4"
"EA58193","C18193","Air Filter","0","0","1","1","TIER_P5"
"EA51820","C1820","Air Filter","0","0","1","1","TIER_P5"
"EA58202","C18202","Air Filter","0","1","0","1","TIER_P4"
"EAC1821","C1821","Air Filter","0","0","0","1","TIER_P5"
"EA52184","C182184","Air Filter","0","0","1","1","TIER_P5"
"EAC1823","C1823","Air Filter","0","0","0","0","TIER_P5"
"EAC18250","C18250","Air Filter","0","0","0","0","TIER_P5"
"EA51826","C1826","Air Filter","1","0","1","1","TIER_P5"
"EA58267","C18267","Air Filter","1","0","1","1","TIER_P5"
"EA51827","C1827","Air Filter","0","0","1","1","TIER_P5"
"EA58288","C18288","Air Filter","0","0","1","1","TIER_P5"
"EA51829","C1829","Air Filter","1","1","0","0","TIER_P3"
"EA58292","C18292","Air Filter","1","1","1","1","TIER_P1"
"EA58321","C1832/1","Air Filter","1","0","1","1","TIER_P5"
"EA58328","C18328","Air Filter","1","1","1","1","TIER_P1"
"EA51833","C1833","Air Filter","1","0","1","1","TIER_P5"
"EA58331","C1833/1","Air Filter","0","0","1","1","TIER_P5"
"EA58360","C18360","Air Filter","0","1","0","1","TIER_P4"
"EA53601","C18360/1","Air Filter","0","0","1","1","TIER_P5"
"EA53602","C18360/2","Air Filter","0","0","1","1","TIER_P5"
"EA58369","C18369","Air Filter","0","0","1","1","TIER_P5"
"EA51839","C1839","Air Filter","0","1","0","1","TIER_P4"
"EA58391","C1839/1","Air Filter","0","0","1","1","TIER_P5"
"EA58398","C18398","Air Filter","1","0","1","1","TIER_P5"
"EA51842","C1842","Air Filter","0","1","0","1","TIER_P4"
"EA58436","C18436","Air Filter","1","1","1","1","TIER_P1"
"EA54361","C18436/1X","Air Filter","0","0","1","1","TIER_P5"
"EA54502","C18450/2","Air Filter","0","0","1","1","TIER_P5"
"EA58541","C1854/1","Air Filter","0","0","1","1","TIER_P5"
"EA58581","C1858/1","Air Filter","0","1","0","1","TIER_P4"
"EA58582","C1858/2","Air Filter","1","0","1","1","TIER_P5"
"EAC1859","C1859","Air Filter","0","0","0","1","TIER_P5"
"EAC18591","C1859/1","Air Filter","0","0","0","0","TIER_P5"
"EA51861","C1861","Air Filter","0","0","1","1","TIER_P5"
"EA51869","C1869","Air Filter","1","0","1","1","TIER_P5"
"EA51877","C1877","Air Filter","0","0","1","0","TIER_P5"
"EA51880","C1880","Air Filter","1","0","1","1","TIER_P5"
"EA51882","C1882","Air Filter","1","0","1","1","TIER_P5"
"EA58832","C1883/2","Air Filter","1","1","0","0","TIER_P3"
"EAC18834","C1883/4","Air Filter","0","0","0","0","TIER_P5"
"EAC1884","C1884","Air Filter","0","0","0","0","TIER_P5"
"EA58902","C18902","Air Filter","1","1","1","1","TIER_P1"
"EA51891","C1891","Air Filter","0","0","1","1","TIER_P5"
"EA59003","C19003","Air Filter","0","0","1","1","TIER_P5"
"EA59005","C19005","Air Filter","1","0","1","1","TIER_P5"
"EA59006","C19006","Air Filter","1","0","1","1","TIER_P5"
"EA59008","C19008","Air Filter","1","0","1","1","TIER_P5"
"EA59009","C19009","Air Filter","1","0","1","1","TIER_P5"
"EA59010","C19010","Air Filter","1","0","1","1","TIER_P5"
"EAC19013","C19013","Air Filter","0","0","0","0","TIER_P5"
"EAC19014","C19014","Air Filter","0","0","0","0","TIER_P5"
"EA59015","C19015","Air Filter","1","0","1","1","TIER_P5"
"EAC19016","C19016","Air Filter","0","0","0","0","TIER_P5"
"EAC19017","C19017","Air Filter","0","0","0","0","TIER_P5"
"EA59095","C19095","Air Filter","1","0","1","1","TIER_P5"
"EA59105","C19105","Air Filter","1","1","1","1","TIER_P1"
"EA59130","C19130","Air Filter","1","1","1","1","TIER_P1"
"EAC19146","C19146","Air Filter","0","0","0","0","TIER_P5"
"EAC1915","C1915","Air Filter","0","0","0","0","TIER_P5"
"EA59150","C19150","Air Filter","0","0","1","1","TIER_P5"
"EA59157","C19157","Air Filter","0","0","1","1","TIER_P5"
"EAC19159","C19159","Air Filter","0","0","0","0","TIER_P5"
"EA59171","C19171","Air Filter","0","1","0","0","TIER_P4"
"EAC191981X","C19198/1X","Air Filter","0","0","0","1","TIER_P5"
"EAC1921","C1921","Air Filter","0","0","0","0","TIER_P5"
"EA51922","C1922","Air Filter","1","0","1","1","TIER_P5"
"EA51923","C1923","Air Filter","1","0","1","1","TIER_P5"
"EA51924","C1924","Air Filter","0","0","1","1","TIER_P5"
"EA51925","C1925","Air Filter","1","0","1","1","TIER_P5"
"EA59280","C19280","Air Filter","0","0","1","1","TIER_P5"
"EAC19289","C19289","Air Filter","0","0","0","0","TIER_P5"
"EAC1929","C1929","Air Filter","0","0","0","1","TIER_P5"
"EA59296","C19296","Air Filter","0","0","1","1","TIER_P5"
"EA51930","C1930","Air Filter","0","0","1","1","TIER_P5"
"EA51932","C1932","Air Filter","1","0","1","1","TIER_P5"
"EA51933","C1933","Air Filter","1","0","1","1","TIER_P5"
"EA59335","C19335","Air Filter","0","0","1","1","TIER_P5"
"EA51936","C1936","Air Filter","0","0","1","0","TIER_P5"
"EA59377","C19377","Air Filter","0","0","1","1","TIER_P5"
"EA59384","C19384","Air Filter","0","1","1","1","TIER_P4"
"EA53841","C19384/1","Air Filter","1","0","1","1","TIER_P5"
"EA51939","C1939","Air Filter","0","0","1","1","TIER_P5"
"EA59397","C19397","Air Filter","0","0","1","1","TIER_P5"
"EA59416","C19416","Air Filter","1","0","1","1","TIER_P5"
"EA51942","C1942","Air Filter","0","0","1","1","TIER_P5"
"EA51945","C1945","Air Filter","0","0","1","1","TIER_P5"
"EA59450","C19450","Air Filter","1","1","1","1","TIER_P1"
"EA54501","C19450/1","Air Filter","0","0","1","1","TIER_P5"
"EA59457","C19457","Air Filter","0","1","1","1","TIER_P4"
"EA59460","C19460","Air Filter","0","1","1","1","TIER_P4"
"EA54602","C19460/2","Air Filter","1","1","1","1","TIER_P1"
"EA59498","C19498","Air Filter","0","0","1","1","TIER_P5"
"EAC1952","C1952","Air Filter","0","0","0","0","TIER_P5"
"EA51953","C1953","Air Filter","1","0","1","1","TIER_P5"
"EAC19552","C1955/2","Air Filter","0","0","0","0","TIER_P5"
"EA59620","C19620","Air Filter","1","0","1","1","TIER_P5"
"EA51963","C1963","Air Filter","0","1","0","1","TIER_P4"
"EA51966","C1966","Air Filter","0","1","0","1","TIER_P4"
"EA51980","C1980","Air Filter","1","0","1","1","TIER_P5"
"EA51989","C1989","Air Filter","0","0","1","1","TIER_P5"
"EA59891","C1989/1","Air Filter","1","0","1","1","TIER_P5"
"EA51990","C1990","Air Filter","0","0","1","1","TIER_P5"
"EA51995","C1995","Air Filter","1","0","1","1","TIER_P5"
"EA51996","C1996","Air Filter","1","0","1","1","TIER_P5"
"EA50002","C20002","Air Filter","0","1","1","1","TIER_P4"
"EA50003","C20003","Air Filter","1","0","1","1","TIER_P5"
"EA50005","C20005","Air Filter","0","1","1","1","TIER_P4"
"EA50014","C20014","Air Filter","1","0","1","1","TIER_P5"
"EA50015","C20015","Air Filter","1","1","1","1","TIER_P1"
"EA50016","C20016","Air Filter","1","0","1","1","TIER_P5"
"EA50017","C20017","Air Filter","1","0","1","1","TIER_P5"
"EA50019","C20019","Air Filter","1","0","1","1","TIER_P5"
"EAC20021","C20021","Air Filter","0","0","0","0","TIER_P5"
"EA50024","C20024","Air Filter","1","0","1","1","TIER_P5"
"EA50027","C20027","Air Filter","1","0","1","1","TIER_P5"
"EA50028","C20028","Air Filter","1","0","1","1","TIER_P5"
"EA50029","C20029","Air Filter","1","0","1","1","TIER_P5"
"EA50033","C20033","Air Filter","1","0","1","1","TIER_P5"
"EAC20034","C20034","Air Filter","0","0","0","0","TIER_P5"
"EAC20037","C20037","Air Filter","0","0","0","0","TIER_P5"
"EAC20041","C20041","Air Filter","0","0","0","0","TIER_P5"
"EA50043","C20043","Air Filter","1","0","1","1","TIER_P5"
"EA50105","C20105","Air Filter","1","0","1","1","TIER_P5"
"EA50106","C20106","Air Filter","1","0","1","1","TIER_P5"
"EA51061","C20106/1","Air Filter","1","0","1","1","TIER_P5"
"EA51064","C20106/4","Air Filter","1","0","1","1","TIER_P5"
"EA50118","C20118","Air Filter","1","1","1","1","TIER_P1"
"EA50131","C20131","Air Filter","0","0","1","1","TIER_P5"
"EA50161","C20161","Air Filter","0","1","0","1","TIER_P4"
"EA50187","C20187","Air Filter","0","0","1","1","TIER_P5"
"EA50189","C20189","Air Filter","0","0","1","1","TIER_P5"
"EA52021","C2021","Air Filter","1","0","1","1","TIER_P5"
"EA50220","C20220X","Air Filter","1","0","1","1","TIER_P5"
"EA52027","C2027","Air Filter","0","0","1","1","TIER_P5"
"EA50280","C20280","Air Filter","0","1","0","1","TIER_P4"
"EA52029","C2029","Air Filter","1","0","1","1","TIER_P5"
"EA52030","C2030","Air Filter","1","0","1","1","TIER_P5"
"EA50305","C20305","Air Filter","0","0","1","1","TIER_P5"
"EAC20310","C20310","Air Filter","0","0","0","0","TIER_P5"
"EA53201","C20320/1","Air Filter","0","0","1","1","TIER_P5"
"EA50325","C20325","Air Filter","1","0","1","1","TIER_P5"
"EA53252","C20325/2","Air Filter","1","0","1","1","TIER_P5"
"EAC203253","C20325/3","Air Filter","0","0","0","1","TIER_P5"
"EA50326","C20326","Air Filter","0","0","1","1","TIER_P5"
"EAC20327","C20327","Air Filter","0","0","0","0","TIER_P5"
"EA50356","C20356","Air Filter","1","0","1","1","TIER_P5"
"EAC203701","C20370/1","Air Filter","0","0","0","1","TIER_P5"
"EA52039","C2039","Air Filter","1","0","1","1","TIER_P5"
"EAC20477","C20477","Air Filter","0","0","0","0","TIER_P5"
"EA52049","C2049","Air Filter","0","0","1","1","TIER_P5"
"EA52050","C2050","Air Filter","1","0","1","1","TIER_P5"
"EA50500","C20500","Air Filter","1","1","1","1","TIER_P1"
"EAC20505","C20505","Air Filter","0","0","0","0","TIER_P5"
"EA52053","C2053","Air Filter","0","0","1","1","TIER_P5"
"EAC20536","C20536","Air Filter","0","0","0","1","TIER_P5"
"EAC205361","C20536/1","Air Filter","0","0","0","1","TIER_P5"
"EA52055","C2055","Air Filter","1","0","1","1","TIER_P5"
"EA50551","C2055/1","Air Filter","0","1","0","0","TIER_P4"
"EA50550","C20550","Air Filter","0","1","1","1","TIER_P4"
"EA52056","C2056","Air Filter","1","0","1","1","TIER_P5"
"EA52065","C2065","Air Filter","0","0","1","1","TIER_P5"
"EA52068","C2068","Air Filter","0","0","1","1","TIER_P5"
"EAC2070X","C2070X","Air Filter","0","0","0","0","TIER_P5"
"EA52074","C2074","Air Filter","1","0","1","1","TIER_P5"
"EA50855","C20855","Air Filter","0","1","0","1","TIER_P4"
"EA58551","C20855/1","Air Filter","0","0","1","1","TIER_P5"
"EAC2090","C2090","Air Filter","0","0","0","1","TIER_P5"
"EA50905","C20905","Air Filter","0","1","0","0","TIER_P4"
"EA50906","C20906","Air Filter","1","0","1","1","TIER_P5"
"EA51001","C21001","Air Filter","1","0","1","1","TIER_P5"
"EA51002","C21002","Air Filter","1","0","1","1","TIER_P5"
"EA51005","C21005","Air Filter","1","0","1","1","TIER_P5"
"EAC21009","C21009","Air Filter","0","0","0","0","TIER_P5"
"EA51011","C21011","Air Filter","0","1","0","0","TIER_P4"
"EA51012","C21012","Air Filter","1","0","1","1","TIER_P5"
"EA51014","C21014","Air Filter","1","0","1","1","TIER_P5"
"EA51017","C21017","Air Filter","0","0","1","1","TIER_P5"
"EA51020","C21020","Air Filter","1","0","1","1","TIER_P5"
"EAC210201","C21020/1","Air Filter","0","0","0","0","TIER_P5"
"EA51025","C21025","Air Filter","1","0","1","1","TIER_P5"
"EA51030","C21030","Air Filter","1","0","1","1","TIER_P5"
"EAC21031","C21031","Air Filter","0","0","0","0","TIER_P5"
"EAC21033","C21033","Air Filter","0","0","0","0","TIER_P5"
"EA51038","C21038","Air Filter","1","0","1","1","TIER_P5"
"EA51039","C21039","Air Filter","1","0","1","1","TIER_P5"
"EAC21070","C21070","Air Filter","0","0","0","0","TIER_P5"
"EA51100","C21100","Air Filter","0","0","1","1","TIER_P5"
"EA51102","C21102","Air Filter","1","0","1","1","TIER_P5"
"EA51104","C21104","Air Filter","0","1","0","1","TIER_P4"
"EAC211041","C21104/1","Air Filter","0","0","0","1","TIER_P5"
"EA51042","C21104/2","Air Filter","1","0","1","1","TIER_P5"
"EA51106","C21106","Air Filter","1","0","1","1","TIER_P5"
"EA51110","C21110","Air Filter","1","0","1","1","TIER_P5"
"EA51116","C21116","Air Filter","0","1","1","1","TIER_P4"
"EA51161","C21116/1","Air Filter","1","0","1","1","TIER_P5"
"EA51136","C21136","Air Filter","0","1","1","1","TIER_P4"
"EA51361","C21136/1","Air Filter","1","0","1","1","TIER_P5"
"EA51381","C21138/1","Air Filter","1","0","1","1","TIER_P5"
"EA51387","C21138/7","Air Filter","0","0","1","1","TIER_P5"
"EA51146","C21146","Air Filter","0","0","1","1","TIER_P5"
"EA52119","C2119","Air Filter","1","0","1","1","TIER_P5"
"EAC21190","C21190","Air Filter","0","0","0","0","TIER_P5"
"EA52120","C2120","Air Filter","0","1","0","1","TIER_P4"
"EA51201","C2120/1","Air Filter","1","1","0","1","TIER_P3"
"EA51202","C2120/2","Air Filter","1","0","1","1","TIER_P5"
"EA52071","C21207/1","Air Filter","0","0","1","1","TIER_P5"
"EA51228","C21228","Air Filter","0","0","1","1","TIER_P5"
"EA52129","C2129","Air Filter","1","0","1","1","TIER_P5"
"EA51295","C21295","Air Filter","0","0","1","1","TIER_P5"
"EAC2131","C2131","Air Filter","0","0","0","0","TIER_P5"
"EA51317","C21317","Air Filter","1","0","1","1","TIER_P5"
"EAC2133","C2133","Air Filter","0","0","0","0","TIER_P5"
"EA51338","C21338","Air Filter","1","0","1","1","TIER_P5"
"EA52135","C2135","Air Filter","0","0","1","1","TIER_P5"
"EA51351","C2135/1","Air Filter","0","0","1","1","TIER_P5"
"EA51352","C2135/2","Air Filter","1","0","1","1","TIER_P5"
"EA52136","C2136","Air Filter","0","0","1","1","TIER_P5"
"EA51361","C2136/1","Air Filter","1","0","1","1","TIER_P5"
"EAC2138","C2138","Air Filter","0","0","0","0","TIER_P5"
"EA51383","C2138/3","Air Filter","1","0","1","1","TIER_P5"
"EAC21400","C21400","Air Filter","0","0","0","0","TIER_P5"
"EA51415","C21415","Air Filter","0","0","1","1","TIER_P5"
"EA54302","C21430/2","Air Filter","1","0","1","1","TIER_P5"
"EA51431","C21431","Air Filter","1","1","1","1","TIER_P1"
"EA52146","C2146","Air Filter","0","0","1","1","TIER_P5"
"EA51461","C21461","Air Filter","1","0","1","1","TIER_P5"
"EA52147","C2147","Air Filter","0","0","1","1","TIER_P5"
"EA52149","C2149","Air Filter","0","0","1","1","TIER_P5"
"EA52150","C2150","Air Filter","0","0","1","1","TIER_P5"
"EA52151","C2151","Air Filter","1","0","1","1","TIER_P5"
"EA52154","C2154","Air Filter","0","0","1","1","TIER_P5"
"EAC21550","C21550","Air Filter","0","0","0","0","TIER_P5"
"EA51560","C21560","Air Filter","1","0","1","1","TIER_P5"
"EA55601","C21560/1","Air Filter","0","0","1","1","TIER_P5"
"EA55602","C21560/2","Air Filter","1","0","1","1","TIER_P5"
"EA51570","C21570","Air Filter","1","0","1","1","TIER_P5"
"EA51584","C21584","Air Filter","1","1","1","1","TIER_P1"
"EA52159","C2159","Air Filter","1","0","1","1","TIER_P5"
"EA55902","C21590/2","Air Filter","1","0","1","1","TIER_P5"
"EA51600","C21600","Air Filter","1","1","1","1","TIER_P1"
"EA52163","C2163","Air Filter","1","0","1","1","TIER_P5"
"EA51631","C2163/1","Air Filter","1","1","0","1","TIER_P3"
"EA51632","C2163/2","Air Filter","0","0","1","1","TIER_P5"
"EAC21633","C2163/3","Air Filter","0","0","0","1","TIER_P5"
"EA51630","C21630","Air Filter","0","0","1","1","TIER_P5"
"EA56301","C21630/1","Air Filter","0","0","1","1","TIER_P5"
"EA56302","C21630/2","Air Filter","0","0","1","1","TIER_P5"
"EA56303","C21630/3","Air Filter","1","0","1","1","TIER_P5"
"EA56304","C21630/4","Air Filter","1","1","1","1","TIER_P1"
"EAC21671","C2167/1","Air Filter","0","0","0","1","TIER_P5"
"EA52169","C2169","Air Filter","0","1","0","1","TIER_P4"
"EA51691","C2169/1","Air Filter","0","0","1","1","TIER_P5"
"EA51696","C21696","Air Filter","0","0","1","1","TIER_P5"
"EAC2170","C2170","Air Filter","1","0","0","1","TIER_P5"
"EAC2171","C2171","Air Filter","0","0","0","1","TIER_P5"
"EAC2174","C2174","Air Filter","0","0","0","0","TIER_P5"
"EA52178","C2178","Air Filter","1","0","1","1","TIER_P5"
"EA51790","C21790","Air Filter","0","0","1","1","TIER_P5"
"EA52180","C2180","Air Filter","1","1","0","1","TIER_P3"
"EA52181","C2181","Air Filter","0","0","1","1","TIER_P5"
"EAC2188","C2188","Air Filter","0","0","0","1","TIER_P5"
"EA52192","C2192","Air Filter","1","0","1","1","TIER_P5"
"EA52007","C22007","Air Filter","1","1","1","1","TIER_P1"
"EAC22008","C22008","Air Filter","0","0","0","0","TIER_P5"
"EA52009","C22009","Air Filter","1","0","1","1","TIER_P5"
"EAC22009M","C22009M","Air Filter","0","0","0","0","TIER_P5"
"EA52201","C2201","Air Filter","1","0","1","1","TIER_P5"
"EAC22011","C22011","Air Filter","0","0","0","0","TIER_P5"
"EA52013","C22013","Air Filter","1","0","1","1","TIER_P5"
"EA52014","C22014","Air Filter","1","0","1","1","TIER_P5"
"EA52015","C22015","Air Filter","1","0","1","1","TIER_P5"
"EA52016","C22016","Air Filter","1","0","1","1","TIER_P5"
"EA52017","C22017","Air Filter","0","1","1","1","TIER_P4"
"EA52018","C22018","Air Filter","1","0","1","1","TIER_P5"
"EA52019","C22019","Air Filter","0","1","0","1","TIER_P4"
"EAC2201M","C2201M","Air Filter","0","0","0","0","TIER_P5"
"EA52020","C22020","Air Filter","1","0","1","1","TIER_P5"
"EAC22022","C22022","Air Filter","0","0","0","0","TIER_P5"
"EA52024","C22024","Air Filter","1","0","1","1","TIER_P5"
"EA52025","C22025","Air Filter","1","1","1","1","TIER_P1"
"EA52026","C22026","Air Filter","1","0","1","1","TIER_P5"
"EA52028","C22028","Air Filter","1","0","1","1","TIER_P5"
"EA52029","C22029","Air Filter","1","0","1","1","TIER_P5"
"EA52031","C22031","Air Filter","1","0","1","1","TIER_P5"
"EA52032","C22032","Air Filter","1","0","1","1","TIER_P5"
"EA52033","C22033","Air Filter","0","1","1","1","TIER_P4"
"EA50331","C22033/1","Air Filter","1","0","1","1","TIER_P5"
"EAC22034","C22034","Air Filter","0","0","0","0","TIER_P5"
"EA52035","C22035","Air Filter","1","0","1","1","TIER_P5"
"EAC22036","C22036","Air Filter","0","0","0","0","TIER_P5"
"EA52038","C22038","Air Filter","1","0","1","1","TIER_P5"
"EA52039","C22039","Air Filter","1","0","1","1","TIER_P5"
"EA52041","C22041","Air Filter","1","1","1","1","TIER_P1"
"EA52044","C22044","Air Filter","0","0","1","1","TIER_P5"
"EAC22045","C22045","Air Filter","0","0","0","1","TIER_P5"
"EAC22048","C22048","Air Filter","0","0","0","0","TIER_P5"
"EAC22049","C22049","Air Filter","0","0","0","0","TIER_P5"
"EAC22052","C22052","Air Filter","0","0","0","0","TIER_P5"
"EA52057","C22057","Air Filter","1","0","1","1","TIER_P5"
"EA52060","C22060","Air Filter","1","0","1","1","TIER_P5"
"EA52062","C22062","Air Filter","1","0","1","1","TIER_P5"
"EAC22063","C22063","Air Filter","1","0","0","1","TIER_P5"
"EAC22071","C22071","Air Filter","0","0","0","0","TIER_P5"
"EAC22080","C22080","Air Filter","0","0","0","0","TIER_P5"
"EAC220822","C22082/2","Air Filter","0","0","0","0","TIER_P5"
"EAC22083","C22083","Air Filter","0","0","0","0","TIER_P5"
"EA52115","C22115","Air Filter","1","0","1","1","TIER_P5"
"EA52117","C22117","Air Filter","1","0","1","1","TIER_P5"
"EA51171","C22117/1","Air Filter","0","1","0","1","TIER_P4"
"EA51172","C22117/2","Air Filter","0","0","1","1","TIER_P5"
"EA52212","C2212","Air Filter","1","0","1","1","TIER_P5"
"EA52120","C22120","Air Filter","1","0","1","1","TIER_P5"
"EA52214","C2214","Air Filter","1","0","1","1","TIER_P5"
"EA52219","C2219","Air Filter","1","0","1","1","TIER_P5"
"EA52212","C22212","Air Filter","0","0","1","1","TIER_P5"
"EA52224","C22224","Air Filter","0","0","1","1","TIER_P5"
"EA52223","C2223","Air Filter","1","0","1","1","TIER_P5"
"EA52226","C2226","Air Filter","1","0","1","1","TIER_P5"
"EA52267","C22267","Air Filter","1","0","1","1","TIER_P5"
"EA52227","C2227","Air Filter","0","1","0","1","TIER_P4"
"EA52229","C2229","Air Filter","1","0","1","1","TIER_P5"
"EA52231","C2231","Air Filter","0","1","0","1","TIER_P4"
"EA52311","C2231/1","Air Filter","0","0","1","1","TIER_P5"
"EA52232","C2232","Air Filter","0","1","0","1","TIER_P4"
"EA52233","C2233","Air Filter","1","0","1","1","TIER_P5"
"EA52331","C2233/1","Air Filter","1","0","1","1","TIER_P5"
"EA52337","C22337","Air Filter","1","1","1","1","TIER_P1"
"EA52337","C22337X","Air Filter","1","0","1","1","TIER_P5"
"EA52234","C2234","Air Filter","0","1","0","1","TIER_P4"
"EA52341","C2234/1","Air Filter","0","0","1","1","TIER_P5"
"EA52237","C2237","Air Filter","1","1","1","1","TIER_P1"
"EA52240","C2240","Air Filter","1","0","1","1","TIER_P5"
"EA52404","C22404","Air Filter","0","0","1","1","TIER_P5"
"EA52242","C2242","Air Filter","0","1","0","1","TIER_P4"
"EA52431","C2243/1","Air Filter","1","0","1","1","TIER_P5"
"EA52244","C2244","Air Filter","1","0","1","1","TIER_P5"
"EA52245","C2245","Air Filter","1","0","1","1","TIER_P5"
"EA52471","C22471","Air Filter","0","0","1","1","TIER_P5"
"EA52478","C22478","Air Filter","0","1","1","1","TIER_P4"
"EA54781","C22478/1","Air Filter","1","0","1","1","TIER_P5"
"EAC22502","C22502","Air Filter","0","0","0","0","TIER_P5"
"EA52526","C22526","Air Filter","1","1","1","1","TIER_P1"
"EA55261","C22526/1","Air Filter","1","1","1","1","TIER_P1"
"EA52256","C2256","Air Filter","1","1","1","1","TIER_P1"
"EA52561","C2256/1","Air Filter","0","1","0","1","TIER_P4"
"EA52562","C2256/2","Air Filter","1","0","1","1","TIER_P5"
"EA52580","C22580","Air Filter","0","1","0","1","TIER_P4"
"EA55801","C22580/1","Air Filter","1","0","1","1","TIER_P5"
"EAC22601","C2260/1","Air Filter","0","0","0","1","TIER_P5"
"EA52262","C2262","Air Filter","1","0","1","1","TIER_P5"
"EA52625","C22625","Air Filter","1","1","1","1","TIER_P1"
"EA52263","C2263","Air Filter","1","0","1","1","TIER_P5"
"EA52631","C2263/1","Air Filter","0","1","0","1","TIER_P4"
"EA52633","C2263/3","Air Filter","0","0","1","1","TIER_P5"
"EA52281","C2281","Air Filter","0","0","1","1","TIER_P5"
"EA52282","C2282","Air Filter","1","0","1","1","TIER_P5"
"EA52835","C22835","Air Filter","1","0","1","1","TIER_P5"
"EA52287","C2287","Air Filter","1","0","1","1","TIER_P5"
"EA52290","C2290","Air Filter","1","0","1","1","TIER_P5"
"EAC22904","C22904","Air Filter","0","0","0","0","TIER_P5"
"EAC229072","C22907/2","Air Filter","0","0","0","0","TIER_P5"
"EA52295","C2295","Air Filter","1","0","1","1","TIER_P5"
"EA52952","C2295/2","Air Filter","1","0","1","1","TIER_P5"
"EA52953","C2295/3","Air Filter","1","1","1","1","TIER_P1"
"EA52954","C2295/4","Air Filter","1","1","1","1","TIER_P1"
"EAC23003","C23003","Air Filter","0","0","0","0","TIER_P5"
"EA53004","C23004","Air Filter","1","0","1","1","TIER_P5"
"EA53005","C23005","Air Filter","1","0","1","1","TIER_P5"
"EA53006","C23006","Air Filter","1","0","1","1","TIER_P5"
"EA53008","C23008","Air Filter","0","1","1","1","TIER_P4"
"EAC23009","C23009","Air Filter","0","0","0","0","TIER_P5"
"EA53011","C23011","Air Filter","1","0","1","1","TIER_P5"
"EA53012","C23012","Air Filter","1","0","1","1","TIER_P5"
"EA53013","C23013","Air Filter","1","0","1","1","TIER_P5"
"EA53018","C23018","Air Filter","1","0","1","1","TIER_P5"
"EAC23020","C23020","Air Filter","0","0","0","0","TIER_P5"
"EAC23023","C23023","Air Filter","0","0","0","0","TIER_P5"
"EA53030","C23030","Air Filter","1","0","1","1","TIER_P5"
"EA53031","C23031","Air Filter","1","0","1","1","TIER_P5"
"EAC23032","C23032","Air Filter","0","0","0","0","TIER_P5"
"EA53033","C23033","Air Filter","1","1","1","0","TIER_P2"
"EAC23035","C23035","Air Filter","0","0","0","1","TIER_P5"
"EAC23037","C23037","Air Filter","0","0","0","0","TIER_P5"
"EAC23040","C23040","Air Filter","0","0","0","0","TIER_P5"
"EA53041","C23041","Air Filter","1","0","1","1","TIER_P5"
"EAC23046","C23046","Air Filter","0","0","0","0","TIER_P5"
"EAC23047","C23047","Air Filter","0","0","0","0","TIER_P5"
"EAC23048","C23048","Air Filter","0","0","0","0","TIER_P5"
"EAC23049","C23049","Air Filter","0","0","0","0","TIER_P5"
"EAC23054","C23054","Air Filter","0","0","0","0","TIER_P5"
"EA50551","C23055/1","Air Filter","1","0","1","1","TIER_P5"
"EAC23056","C23056","Air Filter","0","0","0","0","TIER_P5"
"EAC23057","C23057","Air Filter","0","0","0","0","TIER_P5"
"EAC23059","C23059","Air Filter","0","0","0","0","TIER_P5"
"EAC23061","C23061","Air Filter","0","0","0","0","TIER_P5"
"EAC23062","C23062","Air Filter","0","0","0","0","TIER_P5"
"EA53064","C23064","Air Filter","1","0","1","1","TIER_P5"
"EA53091","C23091","Air Filter","1","0","1","1","TIER_P5"
"EAC23092","C23092","Air Filter","1","0","0","1","TIER_P5"
"EA53094","C23094","Air Filter","1","0","1","1","TIER_P5"
"EAC23095","C23095","Air Filter","0","0","0","0","TIER_P5"
"EA53107","C23107","Air Filter","1","0","1","1","TIER_P5"
"EA53109","C23109","Air Filter","1","0","1","1","TIER_P5"
"EAC23109M","C23109M","Air Filter","0","0","0","0","TIER_P5"
"EAC23113","C23113","Air Filter","0","0","0","0","TIER_P5"
"EA53115","C23115","Air Filter","1","0","1","1","TIER_P5"
"EA53124","C23124","Air Filter","1","0","1","1","TIER_P5"
"EA53129","C23129","Air Filter","1","0","1","1","TIER_P5"
"EA53148","C23148","Air Filter","1","0","1","1","TIER_P5"
"EA53174","C23174","Air Filter","1","0","1","1","TIER_P5"
"EA53185","C23185","Air Filter","1","0","1","1","TIER_P5"
"EAC23186","C23186","Air Filter","0","0","0","0","TIER_P5"
"EA52320","C2320","Air Filter","0","1","0","1","TIER_P4"
"EA53220","C23220","Air Filter","1","1","1","1","TIER_P1"
"EA52323","C2323","Air Filter","1","1","1","1","TIER_P1"
"EA52324","C2324","Air Filter","1","0","1","1","TIER_P5"
"EA52325","C2325","Air Filter","1","0","1","1","TIER_P5"
"EA53251","C23251","Air Filter","1","1","0","0","TIER_P3"
"EA53259","C23259","Air Filter","0","1","0","1","TIER_P4"
"EA52326","C2326","Air Filter","1","0","1","1","TIER_P5"
"EA52329","C2329","Air Filter","1","0","1","1","TIER_P5"
"EA52330","C2330","Air Filter","1","0","1","1","TIER_P5"
"EA52332","C2332","Air Filter","1","0","1","1","TIER_P5"
"EAC233201","C23320/1","Air Filter","0","0","0","1","TIER_P5"
"EA53326","C23326","Air Filter","0","1","0","1","TIER_P4"
"EA53341","C2334/1","Air Filter","0","0","1","1","TIER_P5"
"EA52335","C2335","Air Filter","1","0","1","1","TIER_P5"
"EA52337","C2337","Air Filter","1","0","1","1","TIER_P5"
"EA52339","C2339","Air Filter","0","0","1","1","TIER_P5"
"EAC2340","C2340","Air Filter","0","0","0","0","TIER_P5"
"EAC23401","C2340/1","Air Filter","0","0","0","0","TIER_P5"
"EA52341","C2341","Air Filter","1","0","1","1","TIER_P5"
"EA53440","C23440","Air Filter","1","0","1","1","TIER_P5"
"EA54401","C23440/1","Air Filter","1","1","1","1","TIER_P1"
"EA54402","C23440/2","Air Filter","1","0","1","1","TIER_P5"
"EA54403","C23440/3","Air Filter","1","0","1","1","TIER_P5"
"EA54404","C23440/4","Air Filter","1","0","1","1","TIER_P5"
"EA52345","C2345","Air Filter","1","0","1","1","TIER_P5"
"EA53451","C2345/1","Air Filter","1","0","1","1","TIER_P5"
"EA52348","C2348","Air Filter","1","0","1","1","TIER_P5"
"EA53500","C23500","Air Filter","0","0","1","1","TIER_P5"
"EA53502","C23502","Air Filter","1","0","1","1","TIER_P5"
"EA52351","C2351","Air Filter","0","1","0","0","TIER_P4"
"EAC23513","C23513","Air Filter","1","1","0","1","TIER_P3"
"EA55131","C23513/1","Air Filter","1","0","1","1","TIER_P5"
"EA52353","C2353","Air Filter","0","0","1","1","TIER_P5"
"EA52354","C2354","Air Filter","0","0","1","1","TIER_P5"
"EA53565","C2356/5","Air Filter","1","0","1","1","TIER_P5"
"EA53566","C2356/6","Air Filter","1","0","1","1","TIER_P5"
"EAC23560","C23560","Air Filter","0","0","0","1","TIER_P5"
"EAC23588","C23588","Air Filter","0","0","0","0","TIER_P5"
"EA53589","C23589","Air Filter","0","0","1","1","TIER_P5"
"EA55891","C23589/1","Air Filter","1","1","1","1","TIER_P1"
"EA52360","C2360","Air Filter","1","0","1","1","TIER_P5"
"EA53610","C23610","Air Filter","1","1","1","1","TIER_P1"
"EA56103","C23610/3","Air Filter","1","0","1","1","TIER_P5"
"EA52363","C2363","Air Filter","0","0","1","1","TIER_P5"
"EA53631","C2363/1","Air Filter","1","0","1","1","TIER_P5"
"EA56321","C23632/1","Air Filter","1","1","1","1","TIER_P1"
"EA53635","C23635","Air Filter","1","0","1","0","TIER_P5"
"EA52368","C2368","Air Filter","0","0","1","1","TIER_P5"
"EA53690","C23690","Air Filter","0","0","1","1","TIER_P5"
"EA52372","C2372","Air Filter","1","0","1","1","TIER_P5"
"EA53726","C23726","Air Filter","0","0","1","1","TIER_P5"
"EA52375","C2375","Air Filter","1","0","1","1","TIER_P5"
"EA53750","C23750","Air Filter","1","1","1","1","TIER_P1"
"EA52376","C2376","Air Filter","0","0","1","1","TIER_P5"
"EA53795","C2379/5","Air Filter","1","1","0","1","TIER_P3"
"EA53800","C23800","Air Filter","1","1","1","1","TIER_P1"
"EAC23906","C23906","Air Filter","0","0","0","0","TIER_P5"
"EAC24001","C24001","Air Filter","0","0","0","0","TIER_P5"
"EA54002","C24002X","Air Filter","1","0","1","1","TIER_P5"
"EA54003","C24003","Air Filter","1","0","1","1","TIER_P5"
"EA54005","C24005","Air Filter","1","0","1","1","TIER_P5"
"EA54006","C24006","Air Filter","1","0","1","1","TIER_P5"
"EA54007","C24007","Air Filter","1","0","1","1","TIER_P5"
"EAC24009","C24009","Air Filter","0","0","0","0","TIER_P5"
"EA54010","C24010","Air Filter","1","0","1","1","TIER_P5"
"EA54011","C24011","Air Filter","1","0","1","1","TIER_P5"
"EA54012","C24012","Air Filter","0","1","1","1","TIER_P4"
"EA50121","C24012/1","Air Filter","1","0","1","1","TIER_P5"
"EA54013","C24013","Air Filter","1","0","1","1","TIER_P5"
"EA54015","C24015","Air Filter","0","1","1","1","TIER_P4"
"EA50152","C24015/2","Air Filter","1","0","1","1","TIER_P5"
"EA54017","C24017","Air Filter","1","0","1","1","TIER_P5"
"EA54019","C24019","Air Filter","1","0","1","1","TIER_P5"
"EAC24020","C24020","Air Filter","0","0","0","0","TIER_P5"
"EA54021","C24021","Air Filter","1","0","1","1","TIER_P5"
"EA54023","C24023","Air Filter","0","0","1","1","TIER_P5"
"EA54024","C24024","Air Filter","1","0","1","1","TIER_P5"
"EA54025","C24025","Air Filter","1","0","1","1","TIER_P5"
"EA54026","C24026","Air Filter","1","0","1","1","TIER_P5"
"EA54028","C24028","Air Filter","1","0","1","1","TIER_P5"
"EAC24029","C24029","Air Filter","0","0","0","0","TIER_P5"
"EAC24035","C24035","Air Filter","0","0","0","0","TIER_P5"
"EA54036","C24036","Air Filter","1","0","1","1","TIER_P5"
"EA54037","C24037","Air Filter","1","0","1","1","TIER_P5"
"EA54039","C24039","Air Filter","1","1","0","0","TIER_P3"
"EA54041","C24041","Air Filter","1","0","1","1","TIER_P5"
"EA54042","C24042","Air Filter","1","0","1","1","TIER_P5"
"EA54049","C24049","Air Filter","1","0","1","1","TIER_P5"
"EA54051","C24051","Air Filter","0","1","1","1","TIER_P4"
"EA50511","C24051/1","Air Filter","0","0","1","1","TIER_P5"
"EAC24053","C24053","Air Filter","0","0","0","0","TIER_P5"
"EA54054","C24054","Air Filter","1","0","1","1","TIER_P5"
"EAC24055","C24055","Air Filter","0","0","0","0","TIER_P5"
"EAC24056","C24056","Air Filter","0","0","0","0","TIER_P5"
"EA54057","C24057","Air Filter","1","0","1","1","TIER_P5"
"EAC24058","C24058","Air Filter","0","0","0","0","TIER_P5"
"EA54059","C24059","Air Filter","1","0","1","1","TIER_P5"
"EAC24061","C24061","Air Filter","0","0","0","0","TIER_P5"
"EAC24064","C24064","Air Filter","0","0","0","0","TIER_P5"
"EAC24068","C24068","Air Filter","0","0","0","0","TIER_P5"
"EAC24069","C24069","Air Filter","0","0","0","1","TIER_P5"
"EAC24070","C24070","Air Filter","0","0","0","0","TIER_P5"
"EA54071","C24071","Air Filter","1","0","1","1","TIER_P5"
"EAC24072","C24072","Air Filter","0","0","0","0","TIER_P5"
"EA54073","C24073","Air Filter","1","0","1","1","TIER_P5"
"EAC24074","C24074","Air Filter","0","0","0","0","TIER_P5"
"EA54075","C24075","Air Filter","1","0","1","1","TIER_P5"
"EA54076","C24076","Air Filter","1","0","1","1","TIER_P5"
"EA54077","C24077","Air Filter","1","0","1","1","TIER_P5"
"EA54078","C24078","Air Filter","1","0","1","1","TIER_P5"
"EAC24079","C24079","Air Filter","0","0","0","0","TIER_P5"
"EA54080","C24080","Air Filter","1","0","1","1","TIER_P5"
"EAC24081","C24081","Air Filter","0","0","0","0","TIER_P5"
"EAC24082","C24082","Air Filter","0","0","0","0","TIER_P5"
"EAC24086","C24086","Air Filter","0","0","0","0","TIER_P5"
"EAC24087","C24087","Air Filter","0","0","0","0","TIER_P5"
"EAC24088","C24088","Air Filter","0","0","0","0","TIER_P5"
"EA54090","C24090","Air Filter","1","0","1","1","TIER_P5"
"EAC24094","C24094","Air Filter","0","0","0","0","TIER_P5"
"EA54096","C24096","Air Filter","0","0","1","1","TIER_P5"
"EA54097","C24097","Air Filter","1","0","1","1","TIER_P5"
"EA54100","C24100","Air Filter","1","0","1","1","TIER_P5"
"EA54103","C24103","Air Filter","1","0","1","1","TIER_P5"
"EA54104","C24104","Air Filter","1","1","1","1","TIER_P1"
"EA54105","C24105","Air Filter","1","0","1","1","TIER_P5"
"EA54106","C24106","Air Filter","1","0","1","1","TIER_P5"
"EAC24108","C24108","Air Filter","0","0","0","0","TIER_P5"
"EA54110","C24110","Air Filter","1","0","1","1","TIER_P5"
"EA54113","C24113","Air Filter","1","0","1","1","TIER_P5"
"EAC24115","C24115","Air Filter","0","0","0","0","TIER_P5"
"EAC24118","C24118","Air Filter","0","0","0","0","TIER_P5"
"EA54120","C24120","Air Filter","1","0","1","1","TIER_P5"
"EA54123","C24123","Air Filter","0","1","0","1","TIER_P4"
"EA51231","C24123/1","Air Filter","0","0","1","1","TIER_P5"
"EA51232","C24123/2","Air Filter","1","0","1","1","TIER_P5"
"EA54125","C24125","Air Filter","0","0","1","0","TIER_P5"
"EA54128","C24128","Air Filter","1","0","1","1","TIER_P5"
"EA51282","C24128/2","Air Filter","1","0","1","1","TIER_P5"
"EAC2413","C2413","Air Filter","0","0","0","0","TIER_P5"
"EA54130","C24130","Air Filter","1","0","1","1","TIER_P5"
"EA54135","C24135","Air Filter","1","0","1","1","TIER_P5"
"EA54137","C24137","Air Filter","0","1","0","1","TIER_P4"
"EA51371","C24137/1","Air Filter","1","0","1","1","TIER_P5"
"EAC241371M","C24137/1M","Air Filter","0","0","0","0","TIER_P5"
"EA54150","C24150","Air Filter","1","0","1","1","TIER_P5"
"EA54165","C24165","Air Filter","0","0","1","1","TIER_P5"
"EA51653","C24165/3","Air Filter","0","0","1","1","TIER_P5"
"EA54196","C24196","Air Filter","1","0","1","1","TIER_P5"
"EA52420","C2420","Air Filter","1","0","1","1","TIER_P5"
"EA52421","C2421","Air Filter","1","0","1","1","TIER_P5"
"EAC2424","C2424","Air Filter","0","0","0","0","TIER_P5"
"EA54242","C24242","Air Filter","1","0","1","1","TIER_P5"
"EA54243","C24243","Air Filter","1","0","1","1","TIER_P5"
"EA52425","C2425","Air Filter","0","0","1","1","TIER_P5"
"EA54250","C24250","Air Filter","1","0","1","1","TIER_P5"
"EA52428","C2428","Air Filter","0","0","1","1","TIER_P5"
"EA52431","C2431","Air Filter","0","0","1","1","TIER_P5"
"EA54310","C24310","Air Filter","0","1","0","0","TIER_P4"
"EA52432","C2432","Air Filter","1","0","1","1","TIER_P5"
"EA54331","C2433/1","Air Filter","0","1","0","1","TIER_P4"
"EA54332","C2433/2","Air Filter","1","0","1","1","TIER_P5"
"EAC24332M","C2433/2M","Air Filter","0","0","0","0","TIER_P5"
"EAC243453","C24345/3","Air Filter","0","0","0","0","TIER_P5"
"EA54355","C24355","Air Filter","1","0","1","1","TIER_P5"
"EA53551","C24355/1","Air Filter","1","0","1","1","TIER_P5"
"EA52436","C2436","Air Filter","0","1","0","1","TIER_P4"
"EA54361","C2436/1","Air Filter","1","0","1","1","TIER_P5"
"EA52437","C2437","Air Filter","0","1","0","1","TIER_P4"
"EAC24377","C24377","Air Filter","0","0","0","0","TIER_P5"
"EA52438","C2438","Air Filter","1","0","1","1","TIER_P5"
"EA52439","C2439","Air Filter","1","0","1","1","TIER_P5"
"EAC24391","C2439/1","Air Filter","0","0","0","0","TIER_P5"
"EA54393","C24393","Air Filter","1","0","1","1","TIER_P5"
"EA52440","C2440","Air Filter","1","0","1","1","TIER_P5"
"EA54401","C2440/1","Air Filter","1","0","1","1","TIER_P5"
"EA52443","C2443","Air Filter","1","0","1","1","TIER_P5"
"EA54431","C2443/1","Air Filter","1","0","1","1","TIER_P5"
"EA54430","C24430","Air Filter","0","0","1","1","TIER_P5"
"EAC244301X","C24430/1X","Air Filter","0","0","0","0","TIER_P5"
"EA54444","C24444","Air Filter","0","0","1","1","TIER_P5"
"EA54441","C24444/1","Air Filter","1","1","1","1","TIER_P1"
"EA52445","C2445","Air Filter","0","0","1","1","TIER_P5"
"EA54458","C24458","Air Filter","0","1","0","0","TIER_P4"
"EA54461","C2446/1","Air Filter","0","0","1","1","TIER_P5"
"EAC24465","C24465","Air Filter","0","0","0","0","TIER_P5"
"EA52448","C2448","Air Filter","1","0","1","1","TIER_P5"
"EAC24490","C24490","Air Filter","1","0","0","1","TIER_P5"
"EA54508","C24508","Air Filter","1","1","1","1","TIER_P1"
"EA55081","C24508/1","Air Filter","0","1","1","1","TIER_P4"
"EA54516","C24516","Air Filter","0","0","1","1","TIER_P5"
"EA52452","C2452","Air Filter","1","0","1","1","TIER_P5"
"EAC24522","C2452/2","Air Filter","0","0","0","0","TIER_P5"
"EA54523","C24523","Air Filter","0","0","1","1","TIER_P5"
"EAC2453","C2453","Air Filter","0","0","0","0","TIER_P5"
"EA54532","C2453/2","Air Filter","0","0","1","1","TIER_P5"
"EA54553","C24553","Air Filter","0","1","1","1","TIER_P4"
"EA55532","C24553/2","Air Filter","1","0","1","1","TIER_P5"
"EAC245601","C24560/1","Air Filter","0","0","0","0","TIER_P5"
"EAC24566","C24566","Air Filter","0","0","0","0","TIER_P5"
"EA54567","C24567","Air Filter","1","0","1","1","TIER_P5"
"EA54580","C24580","Air Filter","0","0","1","1","TIER_P5"
"EA52460","C2460","Air Filter","0","0","1","1","TIER_P5"
"EA52463","C2463","Air Filter","1","0","1","1","TIER_P5"
"EA54642","C24642","Air Filter","0","1","1","1","TIER_P4"
"EA56422","C24642/2","Air Filter","1","0","1","1","TIER_P5"
"EA54650","C24650","Air Filter","0","1","1","1","TIER_P4"
"EA56501","C24650/1","Air Filter","1","1","1","1","TIER_P1"
"EAC246502","C24650/2","Air Filter","0","0","0","1","TIER_P5"
"EA56503","C24650/3","Air Filter","1","0","1","1","TIER_P5"
"EA56504","C24650/4","Air Filter","1","0","1","1","TIER_P5"
"EA56505","C24650/5","Air Filter","0","0","1","1","TIER_P5"
"EA56506","C24650/6","Air Filter","1","0","1","1","TIER_P5"
"EA56507","C24650/7","Air Filter","1","1","1","1","TIER_P1"
"EA56508","C24650/8","Air Filter","1","1","1","1","TIER_P1"
"EA52469","C2469","Air Filter","0","0","1","1","TIER_P5"
"EA57001","C24700/1","Air Filter","0","0","1","1","TIER_P5"
"EA54719","C24719","Air Filter","1","1","1","1","TIER_P1"
"EA57191","C24719/1","Air Filter","0","0","1","1","TIER_P5"
"EAC247192X","C24719/2X","Air Filter","0","0","0","0","TIER_P5"
"EA54725","C24725","Air Filter","0","0","1","1","TIER_P5"
"EA54745","C24745","Air Filter","0","1","0","1","TIER_P4"
"EA57451","C24745/1","Air Filter","1","1","1","1","TIER_P1"
"EA57452","C24745/2","Air Filter","0","0","1","1","TIER_P5"
"EA57453","C24745/3","Air Filter","1","0","1","1","TIER_P5"
"EA57456","C24745/6","Air Filter","1","0","1","1","TIER_P5"
"EA54752","C24752","Air Filter","0","0","1","1","TIER_P5"
"EA54760","C24760","Air Filter","0","1","0","0","TIER_P4"
"EA52477","C2477","Air Filter","0","0","1","1","TIER_P5"
"EA54820","C24820","Air Filter","1","1","1","1","TIER_P1"
"EA54824","C24824","Air Filter","0","0","1","0","TIER_P5"
"EA52483","C2483","Air Filter","0","0","1","1","TIER_P5"
"EA52485","C2485","Air Filter","1","1","0","1","TIER_P3"
"EA54851","C2485/1","Air Filter","1","0","1","1","TIER_P5"
"EA54852","C2485/2","Air Filter","1","0","1","1","TIER_P5"
"EA54870","C24870","Air Filter","0","1","1","1","TIER_P4"
"EA52490","C2490","Air Filter","1","0","1","1","TIER_P5"
"EA59032","C24903/2","Air Filter","1","1","1","1","TIER_P1"
"EA59041","C24904/1","Air Filter","0","1","1","1","TIER_P4"
"EA59042","C24904/2","Air Filter","1","0","1","1","TIER_P5"
"EA59043","C24904/3","Air Filter","1","0","1","1","TIER_P5"
"EA59062","C24906/2","Air Filter","1","0","1","1","TIER_P5"
"EA54907","C24907","Air Filter","1","0","1","1","TIER_P5"
"EA52493","C2493","Air Filter","1","0","1","1","TIER_P5"
"EA52494","C2494","Air Filter","1","0","1","1","TIER_P5"
"EA52496","C2496","Air Filter","1","0","1","1","TIER_P5"
"EA52498","C2498","Air Filter","1","0","1","1","TIER_P5"
"EA54985","C24985","Air Filter","1","1","1","1","TIER_P1"
"EA55002","C25002","Air Filter","1","0","1","1","TIER_P5"
"EA55003","C25003","Air Filter","1","0","1","1","TIER_P5"
"EA55004","C25004","Air Filter","1","0","1","1","TIER_P5"
"EA55006","C25006","Air Filter","1","0","1","1","TIER_P5"
"EA55007","C25007","Air Filter","0","1","0","0","TIER_P4"
"EAC25007M","C25007M","Air Filter","0","0","0","0","TIER_P5"
"EA55008","C25008","Air Filter","0","0","1","1","TIER_P5"
"EA50081","C25008/1","Air Filter","1","0","1","1","TIER_P5"
"EA55009","C25009","Air Filter","1","0","1","1","TIER_P5"
"EA55013","C25013","Air Filter","1","0","1","1","TIER_P5"
"EA55014","C25014","Air Filter","0","1","1","1","TIER_P4"
"EA55015","C25015","Air Filter","1","0","1","1","TIER_P5"
"EA55016","C25016","Air Filter","1","0","1","1","TIER_P5"
"EAC25017","C25017","Air Filter","0","0","0","0","TIER_P5"
"EA55018","C25018","Air Filter","1","0","1","1","TIER_P5"
"EA55019","C25019","Air Filter","1","0","1","1","TIER_P5"
"EA55020","C25020","Air Filter","1","0","1","1","TIER_P5"
"EA55021","C25021","Air Filter","1","0","1","1","TIER_P5"
"EAC25022","C25022","Air Filter","0","0","0","0","TIER_P5"
"EAC25023","C25023","Air Filter","0","0","0","0","TIER_P5"
"EA55024","C25024","Air Filter","1","0","1","1","TIER_P5"
"EA50241","C25024/1","Air Filter","1","0","1","1","TIER_P5"
"EAC25027","C25027","Air Filter","0","0","0","0","TIER_P5"
"EA55028","C25028","Air Filter","1","0","1","1","TIER_P5"
"EA55033","C25033","Air Filter","1","0","1","1","TIER_P5"
"EA55034","C25034","Air Filter","1","0","1","1","TIER_P5"
"EA55035","C25035","Air Filter","1","0","1","1","TIER_P5"
"EA55040","C25040","Air Filter","1","0","1","1","TIER_P5"
"EAC25043","C25043","Air Filter","0","0","0","0","TIER_P5"
"EA55044","C25044","Air Filter","1","0","1","1","TIER_P5"
"EAC25046","C25046","Air Filter","0","0","0","0","TIER_P5"
"EAC25048","C25048","Air Filter","0","0","0","0","TIER_P5"
"EA55050","C25050","Air Filter","1","0","1","1","TIER_P5"
"EA55051","C25051","Air Filter","1","0","1","1","TIER_P5"
"EAC25054","C25054","Air Filter","0","0","0","0","TIER_P5"
"EAC25058","C25058","Air Filter","0","0","0","0","TIER_P5"
"EAC25059","C25059","Air Filter","0","0","0","1","TIER_P5"
"EAC25061","C25061","Air Filter","0","0","0","0","TIER_P5"
"EAC25064","C25064","Air Filter","0","0","0","0","TIER_P5"
"EAC25065","C25065","Air Filter","0","0","0","0","TIER_P5"
"EA55066","C25066","Air Filter","0","0","1","1","TIER_P5"
"EAC25067","C25067","Air Filter","0","0","0","0","TIER_P5"
"EAC25068","C25068","Air Filter","0","0","0","0","TIER_P5"
"EAC25069","C25069","Air Filter","0","0","0","0","TIER_P5"
"EAC25071","C25071","Air Filter","0","0","0","0","TIER_P5"
"EAC25072","C25072","Air Filter","0","0","0","0","TIER_P5"
"EAC25073","C25073","Air Filter","0","0","0","0","TIER_P5"
"EAC25074","C25074","Air Filter","0","0","0","0","TIER_P5"
"EAC25075","C25075","Air Filter","0","0","0","0","TIER_P5"
"EAC25076","C25076","Air Filter","0","0","0","1","TIER_P5"
"EAC25077","C25077","Air Filter","0","0","0","0","TIER_P5"
"EAC25081","C25081","Air Filter","0","0","0","0","TIER_P5"
"EAC25082","C25082","Air Filter","0","0","0","1","TIER_P5"
"EAC25083","C25083","Air Filter","0","0","0","0","TIER_P5"
"EAC25084","C25084","Air Filter","0","0","0","0","TIER_P5"
"EAC25086","C25086","Air Filter","0","0","0","0","TIER_P5"
"EAC25088","C25088","Air Filter","0","0","0","0","TIER_P5"
"EA55091","C25091","Air Filter","1","0","1","1","TIER_P5"
"EA55101","C2510/1","Air Filter","1","0","1","1","TIER_P5"
"EA55100","C25100","Air Filter","1","0","1","1","TIER_P5"
"EA55101","C25101","Air Filter","0","1","1","1","TIER_P4"
"EA51011","C25101/1","Air Filter","1","0","1","1","TIER_P5"
"EA51020","C251020","Air Filter","1","1","1","1","TIER_P1"
"EA55103","C25103","Air Filter","1","0","1","1","TIER_P5"
"EA55109","C25109","Air Filter","1","0","1","1","TIER_P5"
"EA51091","C25109/1","Air Filter","1","0","1","1","TIER_P5"
"EAC251102","C25110/2","Air Filter","0","0","0","0","TIER_P5"
"EA55111","C25111","Air Filter","1","0","1","1","TIER_P5"
"EA55112","C25112","Air Filter","1","0","1","1","TIER_P5"
"EA55114","C25114","Air Filter","1","1","1","1","TIER_P1"
"EA51141","C25114/1","Air Filter","1","0","1","1","TIER_P5"
"EA55115","C25115","Air Filter","1","0","1","1","TIER_P5"
"EA55117","C25117","Air Filter","0","1","0","1","TIER_P4"
"EA51172","C25117/2","Air Filter","1","0","1","1","TIER_P5"
"EA55118","C25118","Air Filter","1","0","1","1","TIER_P5"
"EA51181","C25118/1","Air Filter","1","0","1","1","TIER_P5"
"EA55119","C25119","Air Filter","0","0","1","1","TIER_P5"
"EA52512","C2512","Air Filter","1","0","1","1","TIER_P5"
"EAC25120","C25120","Air Filter","0","0","0","0","TIER_P5"
"EAC25121","C25121","Air Filter","0","0","0","0","TIER_P5"
"EA55122","C25122","Air Filter","1","0","1","1","TIER_P5"
"EA55124","C25124","Air Filter","1","0","1","1","TIER_P5"
"EA55126","C25126","Air Filter","0","1","1","1","TIER_P4"
"EA55128","C25128","Air Filter","1","0","1","1","TIER_P5"
"EA55129","C25129","Air Filter","1","0","1","1","TIER_P5"
"EA52513","C2513","Air Filter","1","0","1","1","TIER_P5"
"EAC25131","C25131","Air Filter","0","0","0","0","TIER_P5"
"EAC25132","C25132","Air Filter","0","0","0","0","TIER_P5"
"EA55135","C25135","Air Filter","1","0","1","1","TIER_P5"
"EA55136","C25136","Air Filter","1","0","1","1","TIER_P5"
"EA52514","C2514","Air Filter","0","0","1","1","TIER_P5"
"EA55146","C25146","Air Filter","1","0","1","1","TIER_P5"
"EA55150","C25150","Air Filter","0","1","1","0","TIER_P4"
"EA55153","C25153","Air Filter","1","0","1","1","TIER_P5"
"EAC25154","C25154","Air Filter","0","0","0","0","TIER_P5"
"EA52517","C2517","Air Filter","0","1","0","1","TIER_P4"
"EAC25170","C25170","Air Filter","0","0","0","0","TIER_P5"
"EAC25180","C25180","Air Filter","0","0","0","0","TIER_P5"
"EA52519","C2519","Air Filter","1","0","1","1","TIER_P5"
"EA52520","C2520","Air Filter","0","1","0","0","TIER_P4"
"EA55200","C25200","Air Filter","1","0","1","1","TIER_P5"
"EA52524","C2524","Air Filter","1","0","1","1","TIER_P5"
"EA55241","C2524/1","Air Filter","0","0","1","1","TIER_P5"
"EA52526","C2526","Air Filter","0","1","0","1","TIER_P4"
"EA55262","C2526/2","Air Filter","1","1","0","0","TIER_P3"
"EA52534","C2534","Air Filter","1","0","1","1","TIER_P5"
"EA52535","C2535","Air Filter","1","0","1","1","TIER_P5"
"EA55351","C2535/1","Air Filter","0","0","1","1","TIER_P5"
"EA55352","C2535/2","Air Filter","0","0","1","1","TIER_P5"
"EA52536","C2536","Air Filter","1","0","1","1","TIER_P5"
"EA55371","C2537/1","Air Filter","1","0","1","1","TIER_P5"
"EA55372","C2537/2","Air Filter","1","0","1","1","TIER_P5"
"EA52538","C2538","Air Filter","1","0","1","1","TIER_P5"
"EA52540","C2540","Air Filter","1","0","1","1","TIER_P5"
"EA52541","C2541","Air Filter","0","0","1","1","TIER_P5"
"EA52542","C2542","Air Filter","1","0","1","1","TIER_P5"
"EAC25421","C2542/1","Air Filter","0","0","0","1","TIER_P5"
"EA55429","C25429","Air Filter","0","0","1","1","TIER_P5"
"EA52545","C2545","Air Filter","0","1","0","1","TIER_P4"
"EA55451","C2545/1","Air Filter","0","0","1","1","TIER_P5"
"EA52547","C2547","Air Filter","0","0","1","1","TIER_P5"
"EA52548","C2548","Air Filter","1","0","1","1","TIER_P5"
"EA55508","C25508","Air Filter","0","1","0","1","TIER_P4"
"EA55521","C2552/1","Air Filter","0","0","1","1","TIER_P5"
"EA55522","C2552/2","Air Filter","1","0","1","1","TIER_P5"
"EA55532","C2553/2","Air Filter","0","1","0","1","TIER_P4"
"EA52554","C2554","Air Filter","1","0","1","1","TIER_P5"
"EA52555","C2555","Air Filter","0","1","0","1","TIER_P4"
"EA55552","C2555/2","Air Filter","1","0","1","1","TIER_P5"
"EA52557","C2557","Air Filter","1","0","1","1","TIER_P5"
"EA55570","C25570","Air Filter","0","1","0","1","TIER_P4"
"EA55585","C2558/5","Air Filter","1","0","1","1","TIER_P5"
"EA52559","C2559","Air Filter","1","0","1","1","TIER_P5"
"EA52561","C2561","Air Filter","1","0","1","1","TIER_P5"
"EA52562","C2562","Air Filter","1","0","1","1","TIER_P5"
"EAC25622","C25622","Air Filter","0","0","0","0","TIER_P5"
"EA52564","C2564","Air Filter","1","0","1","1","TIER_P5"
"EA52565","C2565","Air Filter","0","0","1","1","TIER_P5"
"EA55654","C25654","Air Filter","1","0","1","1","TIER_P5"
"EA55655","C25655","Air Filter","0","0","1","1","TIER_P5"
"EA55660","C25660","Air Filter","0","1","0","1","TIER_P4"
"EA56601","C25660/1","Air Filter","0","1","0","1","TIER_P4"
"EA56602","C25660/2","Air Filter","1","0","1","1","TIER_P5"
"EA52567","C2567","Air Filter","1","0","1","1","TIER_P5"
"EA52568","C2568","Air Filter","1","0","1","1","TIER_P5"
"EA55681","C2568/1","Air Filter","1","0","1","1","TIER_P5"
"EAC256882","C25688/2","Air Filter","0","0","0","0","TIER_P5"
"EAC25689","C25689","Air Filter","0","0","0","0","TIER_P5"
"EA52569","C2569","Air Filter","1","0","1","1","TIER_P5"
"EA52571","C2571","Air Filter","1","0","1","1","TIER_P5"
"EA55711","C2571/1","Air Filter","1","0","1","1","TIER_P5"
"EA55710","C25710","Air Filter","0","1","1","1","TIER_P4"
"EA57103","C25710/3","Air Filter","1","1","1","1","TIER_P1"
"EA52573","C2573","Air Filter","1","0","1","1","TIER_P5"
"EA57301","C25730/1","Air Filter","1","0","1","1","TIER_P5"
"EA55740","C25740","Air Filter","1","1","1","1","TIER_P1"
"EA55754","C25754","Air Filter","0","1","0","1","TIER_P4"
"EA52579","C2579","Air Filter","1","0","1","1","TIER_P5"
"EA52580","C2580","Air Filter","0","0","1","1","TIER_P5"
"EA52582","C2582","Air Filter","1","0","1","1","TIER_P5"
"EA55821","C2582/1","Air Filter","0","0","1","1","TIER_P5"
"EA55820","C25820","Air Filter","0","0","1","1","TIER_P5"
"EA52584","C2584","Air Filter","1","0","1","1","TIER_P5"
"EA55860","C25860","Air Filter","1","0","1","1","TIER_P5"
"EA58601","C25860/1","Air Filter","0","1","0","1","TIER_P4"
"EAC258602","C25860/2","Air Filter","0","0","0","1","TIER_P5"
"EA58603","C25860/3","Air Filter","0","1","0","1","TIER_P4"
"EA58605","C25860/5","Air Filter","1","0","1","1","TIER_P5"
"EA58606","C25860/6","Air Filter","1","0","1","1","TIER_P5"
"EA58608","C25860/8","Air Filter","1","0","1","1","TIER_P5"
"EA52589","C2589","Air Filter","1","0","1","1","TIER_P5"
"EA52590","C2590","Air Filter","1","1","0","1","TIER_P3"
"EA55900","C25900","Air Filter","1","1","1","1","TIER_P1"
"EA55950","C25950","Air Filter","0","1","0","1","TIER_P4"
"EA59501","C25950/1","Air Filter","1","0","1","1","TIER_P5"
"EA52596","C2596","Air Filter","0","0","1","1","TIER_P5"
"EA55978","C25978","Air Filter","1","0","1","1","TIER_P5"
"EA52598","C2598","Air Filter","1","0","1","1","TIER_P5"
"EA55990","C25990","Air Filter","1","1","1","1","TIER_P1"
"EA59901","C25990/1","Air Filter","1","1","1","1","TIER_P1"
"EA55995","C25995","Air Filter","1","0","1","1","TIER_P5"
"EA56003","C26003","Air Filter","1","0","1","1","TIER_P5"
"EAC26004","C26004","Air Filter","0","0","0","0","TIER_P5"
"EAC26005","C26005","Air Filter","0","0","0","0","TIER_P5"
"EA56006","C26006","Air Filter","1","0","1","1","TIER_P5"
"EAC26007","C26007","Air Filter","0","0","0","0","TIER_P5"
"EA56008","C26008","Air Filter","1","0","1","1","TIER_P5"
"EAC260092","C26009/2","Air Filter","0","0","0","0","TIER_P5"
"EA56010","C26010","Air Filter","1","0","1","1","TIER_P5"
"EA56012","C26012","Air Filter","1","0","1","1","TIER_P5"
"EA56013","C26013","Air Filter","1","0","1","1","TIER_P5"
"EA56014","C26014","Air Filter","1","0","1","1","TIER_P5"
"EA56015","C26015","Air Filter","1","0","1","1","TIER_P5"
"EA56017","C26017","Air Filter","1","0","1","1","TIER_P5"
"EA56018","C26018","Air Filter","1","0","1","1","TIER_P5"
"EA56021","C26021","Air Filter","1","0","1","1","TIER_P5"
"EA56022","C26022","Air Filter","1","0","1","1","TIER_P5"
"EA56023","C26023","Air Filter","1","0","1","1","TIER_P5"
"EA56024","C26024","Air Filter","0","1","1","1","TIER_P4"
"EA56024","C26024KIT","Air Filter","1","0","1","1","TIER_P5"
"EA56025","C26025","Air Filter","1","0","1","1","TIER_P5"
"EA56027","C26027","Air Filter","1","0","1","1","TIER_P5"
"EA56028","C26028","Air Filter","1","0","1","1","TIER_P5"
"EA56031","C26031X","Air Filter","1","0","1","1","TIER_P5"
"EA56032","C26032","Air Filter","1","0","1","1","TIER_P5"
"EA56033","C26033","Air Filter","1","0","1","1","TIER_P5"
"EA56036","C26036","Air Filter","1","0","1","1","TIER_P5"
"EA56039","C26039","Air Filter","1","0","1","1","TIER_P5"
"EA56040","C26040","Air Filter","1","0","1","1","TIER_P5"
"EA56041","C26041","Air Filter","1","0","1","1","TIER_P5"
"EA56042","C26042","Air Filter","1","0","1","1","TIER_P5"
"EAC26045","C26045","Air Filter","0","0","0","0","TIER_P5"
"EAC26046","C26046","Air Filter","0","0","0","0","TIER_P5"
"EA56047","C26047","Air Filter","1","0","1","1","TIER_P5"
"EA56048","C26048","Air Filter","1","0","1","1","TIER_P5"
"EAC26049","C26049","Air Filter","0","0","0","1","TIER_P5"
"EAC26051","C26051","Air Filter","0","0","0","0","TIER_P5"
"EAC26053","C26053","Air Filter","0","0","0","0","TIER_P5"
"EAC26054","C26054","Air Filter","0","0","0","0","TIER_P5"
"EAC26055","C26055","Air Filter","0","0","0","0","TIER_P5"
"EAC26056","C26056","Air Filter","0","0","0","0","TIER_P5"
"EA56058","C26058","Air Filter","1","0","1","0","TIER_P5"
"EAC26059","C26059","Air Filter","0","0","0","0","TIER_P5"
"EAC26061","C26061","Air Filter","0","0","0","0","TIER_P5"
"EAC26064","C26064","Air Filter","0","0","0","0","TIER_P5"
"EA56065","C26065","Air Filter","1","0","1","1","TIER_P5"
"EAC26067","C26067","Air Filter","0","0","0","0","TIER_P5"
"EAC26071","C26071","Air Filter","0","0","0","0","TIER_P5"
"EAC26072","C26072","Air Filter","0","0","0","1","TIER_P5"
"EAC26073","C26073","Air Filter","0","0","0","0","TIER_P5"
"EAC26074","C26074","Air Filter","0","0","0","0","TIER_P5"
"EAC26076","C26076","Air Filter","0","0","0","1","TIER_P5"
"EA56079","C26079","Air Filter","1","0","1","1","TIER_P5"
"EAC26081","C26081","Air Filter","0","0","0","0","TIER_P5"
"EAC26086","C26086","Air Filter","0","0","0","0","TIER_P5"
"EAC26087","C26087","Air Filter","0","0","0","0","TIER_P5"
"EA56089","C26089","Air Filter","1","0","1","1","TIER_P5"
"EA56090","C26090","Air Filter","1","0","1","1","TIER_P5"
"EAC26093","C26093","Air Filter","0","0","0","0","TIER_P5"
"EAC26094","C26094","Air Filter","0","0","0","0","TIER_P5"
"EA52610","C2610","Air Filter","1","0","1","1","TIER_P5"
"EA56100","C26100","Air Filter","1","0","1","1","TIER_P5"
"EA51005","C261005","Air Filter","1","0","1","1","TIER_P5"
"EA56106","C26106","Air Filter","1","1","1","1","TIER_P1"
"EA56107","C26107","Air Filter","1","0","1","1","TIER_P5"
"EA51071","C26107/1","Air Filter","0","0","1","1","TIER_P5"
"EA56108","C26108","Air Filter","1","1","1","1","TIER_P1"
"EA56109","C26109","Air Filter","1","0","1","1","TIER_P5"
"EA56110","C26110","Air Filter","0","1","0","1","TIER_P4"
"EA51101","C26110/1","Air Filter","1","0","1","1","TIER_P5"
"EA51102","C26110/2","Air Filter","1","0","1","1","TIER_P5"
"EA51100","C261100","Air Filter","1","1","1","1","TIER_P1"
"EA56111","C26111","Air Filter","0","1","0","0","TIER_P4"
"EA56118","C26118","Air Filter","0","1","0","1","TIER_P4"
"EA52612","C2612","Air Filter","0","1","0","1","TIER_P4"
"EA56120","C26120","Air Filter","1","0","1","1","TIER_P5"
"EAC26121","C26121","Air Filter","0","0","0","0","TIER_P5"
"EA51215","C261215","Air Filter","1","1","1","1","TIER_P1"
"EAC26122","C26122","Air Filter","1","0","0","1","TIER_P5"
"EA51220","C261220","Air Filter","1","0","1","1","TIER_P5"
"EA56126","C26126","Air Filter","1","0","1","1","TIER_P5"
"EAC26128","C26128","Air Filter","0","0","0","0","TIER_P5"
"EA56133","C26133","Air Filter","1","0","1","1","TIER_P5"
"EAC26138","C26138","Air Filter","0","0","0","1","TIER_P5"
"EA51381","C26138/1","Air Filter","0","1","0","1","TIER_P4"
"EA51381","C26138/1KIT","Air Filter","1","0","1","1","TIER_P5"
"EA51397","C261397","Air Filter","0","1","0","0","TIER_P4"
"EA56140","C26140","Air Filter","0","1","0","1","TIER_P4"
"EA56144","C26144","Air Filter","0","1","0","1","TIER_P4"
"EA56151","C26151","Air Filter","1","0","1","1","TIER_P5"
"EAC26157","C26157","Air Filter","0","0","0","0","TIER_P5"
"EA56168","C26168","Air Filter","1","0","1","1","TIER_P5"
"EA51681","C26168/1","Air Filter","1","0","1","1","TIER_P5"
"EA51682","C26168/2","Air Filter","1","0","1","1","TIER_P5"
"EA52617","C2617","Air Filter","1","0","1","1","TIER_P5"
"EAC26170","C26170","Air Filter","0","0","0","0","TIER_P5"
"EA56175","C26175","Air Filter","1","1","1","1","TIER_P1"
"EA56176","C26176","Air Filter","1","0","1","1","TIER_P5"
"EA52619","C2619","Air Filter","0","0","1","1","TIER_P5"
"EA52620","C2620","Air Filter","1","0","1","1","TIER_P5"
"EAC262010","C262010","Air Filter","0","0","0","0","TIER_P5"
"EA56206","C26206","Air Filter","0","1","0","1","TIER_P4"
"EA52061","C26206/1","Air Filter","1","0","1","1","TIER_P5"
"EA52622","C2622","Air Filter","1","0","1","1","TIER_P5"
"EA56240","C26240","Air Filter","1","0","1","1","TIER_P5"
"EAC262401","C26240/1","Air Filter","0","0","0","0","TIER_P5"
"EAC262402","C26240/2","Air Filter","0","0","0","1","TIER_P5"
"EA52626","C2626","Air Filter","0","0","1","1","TIER_P5"
"EA56270","C26270","Air Filter","1","1","1","1","TIER_P1"
"EAC26275","C26275","Air Filter","0","0","0","0","TIER_P5"
"EA52628","C2628","Air Filter","1","0","1","1","TIER_P5"
"EA56280","C26280","Air Filter","1","0","1","1","TIER_P5"
"EA52629","C2629","Air Filter","0","0","1","1","TIER_P5"
"EA52630","C2630","Air Filter","0","0","1","1","TIER_P5"
"EA52631","C2631","Air Filter","1","0","1","1","TIER_P5"
"EA56315","C26315","Air Filter","0","1","0","0","TIER_P4"
"EA53151","C26315/1","Air Filter","0","0","1","1","TIER_P5"
"EAC263153","C26315/3","Air Filter","0","0","0","0","TIER_P5"
"EA53154","C26315/4","Air Filter","0","0","1","1","TIER_P5"
"EAC263156","C26315/6","Air Filter","0","0","0","1","TIER_P5"
"EA52631","C2631M","Air Filter","1","1","0","0","TIER_P3"
"EA56321","C2632/1","Air Filter","1","0","1","1","TIER_P5"
"EAC26328","C26328","Air Filter","1","0","0","1","TIER_P5"
"EA56341","C2634/1","Air Filter","1","0","1","1","TIER_P5"
"EA56342","C2634/2","Air Filter","1","0","1","1","TIER_P5"
"EA52637","C2637","Air Filter","0","0","1","1","TIER_P5"
"EAC26379","C26379","Air Filter","0","0","0","0","TIER_P5"
"EA56381","C2638/1","Air Filter","0","0","1","1","TIER_P5"
"EA52645","C2645","Air Filter","0","0","1","1","TIER_P5"
"EA56451","C2645/1","Air Filter","0","0","1","1","TIER_P5"
"EAC26480","C26480","Air Filter","0","0","0","0","TIER_P5"
"EA52649","C2649","Air Filter","1","0","1","1","TIER_P5"
"EA52650","C2650","Air Filter","0","0","1","1","TIER_P5"
"EA52651","C2651","Air Filter","1","0","1","1","TIER_P5"
"EA52652","C2652","Air Filter","0","0","1","1","TIER_P5"
"EA52653","C2653","Air Filter","1","0","1","1","TIER_P5"
"EAC26550","C26550","Air Filter","1","0","0","1","TIER_P5"
"EA52656","C2656","Air Filter","0","0","1","1","TIER_P5"
"EA52657","C2657","Air Filter","1","0","1","1","TIER_P5"
"EA56571","C2657/1","Air Filter","1","0","1","1","TIER_P5"
"EA52658","C2658","Air Filter","1","0","1","1","TIER_P5"
"EA56581","C2658/1","Air Filter","0","0","1","1","TIER_P5"
"EA52659","C2659","Air Filter","1","1","1","1","TIER_P1"
"EA52666","C2666","Air Filter","1","0","1","1","TIER_P5"
"EA56671","C2667/1","Air Filter","1","0","1","1","TIER_P5"
"EA56670","C26670","Air Filter","0","0","1","1","TIER_P5"
"EA52668","C2668","Air Filter","1","0","1","1","TIER_P5"
"EA52672","C2672","Air Filter","0","1","0","0","TIER_P4"
"EA56721","C2672/1","Air Filter","1","0","1","1","TIER_P5"
"EA52673","C2673","Air Filter","0","1","0","1","TIER_P4"
"EA56731","C2673/1","Air Filter","0","0","1","1","TIER_P5"
"EA52674","C2674","Air Filter","0","0","1","1","TIER_P5"
"EA52675","C2675","Air Filter","1","1","1","1","TIER_P1"
"EA56752","C26752","Air Filter","0","0","1","1","TIER_P5"
"EA52676","C2676","Air Filter","0","0","1","1","TIER_P5"
"EAC26761","C2676/1","Air Filter","0","0","0","0","TIER_P5"
"EA56773","C26773","Air Filter","0","0","1","1","TIER_P5"
"EA52678","C2678","Air Filter","0","0","1","1","TIER_P5"
"EA52679","C2679","Air Filter","0","0","1","1","TIER_P5"
"EA52681","C2681","Air Filter","1","0","1","1","TIER_P5"
"EA56814","C26814","Air Filter","0","0","1","1","TIER_P5"
"EA56816","C26816","Air Filter","0","0","1","1","TIER_P5"
"EA56821","C2682/1","Air Filter","0","0","1","1","TIER_P5"
"EA52683","C2683","Air Filter","1","0","1","1","TIER_P5"
"EA56848","C26848","Air Filter","0","1","0","1","TIER_P4"
"EA52685","C2685","Air Filter","1","1","1","1","TIER_P1"
"EA52686","C2686","Air Filter","0","1","1","1","TIER_P4"
"EA52687","C2687","Air Filter","1","0","1","1","TIER_P5"
"EA52690","C2690","Air Filter","0","1","0","0","TIER_P4"
"EA56931","C2693/1","Air Filter","0","0","1","1","TIER_P5"
"EA52694","C2694","Air Filter","1","0","1","1","TIER_P5"
"EA52695","C2695","Air Filter","0","0","1","1","TIER_P5"
"EAC26951","C2695/1","Air Filter","0","0","0","1","TIER_P5"
"EA56952","C2695/2","Air Filter","1","0","1","1","TIER_P5"
"EA52696","C2696","Air Filter","1","0","1","1","TIER_P5"
"EA52697","C2697","Air Filter","0","0","1","1","TIER_P5"
"EA56980","C26980","Air Filter","1","1","1","1","TIER_P1"
"EAC270002","C27000/2","Air Filter","0","0","0","0","TIER_P5"
"EA57002","C27002","Air Filter","1","0","1","1","TIER_P5"
"EA57003","C27003","Air Filter","0","1","1","1","TIER_P4"
"EA50031","C27003/1","Air Filter","1","0","1","1","TIER_P5"
"EA57004","C27004","Air Filter","1","0","1","1","TIER_P5"
"EA57006","C27006","Air Filter","1","0","1","1","TIER_P5"
"EAC27007","C27007","Air Filter","0","0","0","0","TIER_P5"
"EA57008","C27008","Air Filter","1","1","0","0","TIER_P3"
"EA57009","C27009","Air Filter","1","0","1","1","TIER_P5"
"EA57010","C27010","Air Filter","1","0","1","1","TIER_P5"
"EA57011","C27011","Air Filter","0","1","1","1","TIER_P4"
"EA57013","C27013","Air Filter","1","0","1","1","TIER_P5"
"EA57014","C27014","Air Filter","1","0","1","1","TIER_P5"
"EA57016","C27016","Air Filter","1","0","1","1","TIER_P5"
"EA57017","C27017","Air Filter","1","0","1","1","TIER_P5"
"EA57019","C27019","Air Filter","1","0","1","1","TIER_P5"
"EA57021","C27021","Air Filter","1","0","1","1","TIER_P5"
"EA57023","C27023","Air Filter","1","1","1","1","TIER_P1"
"EA57024","C27024","Air Filter","0","1","0","0","TIER_P4"
"EA57025","C27025","Air Filter","0","0","1","1","TIER_P5"
"EA57026","C27026","Air Filter","1","1","1","1","TIER_P1"
"EA57029","C27029","Air Filter","0","1","1","1","TIER_P4"
"EA57030","C27030","Air Filter","1","0","1","1","TIER_P5"
"EA57031","C27031","Air Filter","1","0","1","1","TIER_P5"
"EA57038","C27038","Air Filter","1","1","1","1","TIER_P1"
"EA50381","C27038/1","Air Filter","1","1","1","1","TIER_P1"
"EA57040","C27040","Air Filter","1","0","1","1","TIER_P5"
"EA57042","C27042","Air Filter","1","0","1","1","TIER_P5"
"EA57045","C27045","Air Filter","1","0","1","1","TIER_P5"
"EA57046","C27046","Air Filter","1","0","1","1","TIER_P5"
"EA57047","C27047","Air Filter","1","0","1","1","TIER_P5"
"EAC27049","C27049","Air Filter","0","0","0","1","TIER_P5"
"EA57050","C27050","Air Filter","1","0","1","1","TIER_P5"
"EA57051","C27051","Air Filter","1","1","1","1","TIER_P1"
"EAC27052","C27052","Air Filter","0","0","0","0","TIER_P5"
"EAC27053","C27053","Air Filter","0","0","0","0","TIER_P5"
"EA57054","C27054","Air Filter","1","0","1","1","TIER_P5"
"EAC27055","C27055","Air Filter","0","0","0","0","TIER_P5"
"EAC27056","C27056","Air Filter","0","0","0","0","TIER_P5"
"EAC27057","C27057","Air Filter","0","0","0","0","TIER_P5"
"EA57059","C27059","Air Filter","1","0","1","1","TIER_P5"
"EA57061","C27061","Air Filter","1","0","1","1","TIER_P5"
"EAC27062","C27062","Air Filter","0","0","0","0","TIER_P5"
"EA57063","C27063","Air Filter","1","0","1","1","TIER_P5"
"EAC27065","C27065","Air Filter","0","0","0","0","TIER_P5"
"EAC27066","C27066","Air Filter","0","0","0","0","TIER_P5"
"EAC27068","C27068","Air Filter","0","0","0","0","TIER_P5"
"EA57069","C27069","Air Filter","1","0","1","1","TIER_P5"
"EAC27071","C27071","Air Filter","0","0","0","0","TIER_P5"
"EAC27073","C27073","Air Filter","0","0","0","0","TIER_P5"
"EA57074","C27074","Air Filter","0","0","1","1","TIER_P5"
"EAC27075","C27075","Air Filter","0","0","0","0","TIER_P5"
"EAC27076","C27076","Air Filter","0","0","0","0","TIER_P5"
"EAC27077","C27077","Air Filter","0","0","0","0","TIER_P5"
"EA57079","C27079","Air Filter","1","0","1","1","TIER_P5"
"EAC27081","C27081","Air Filter","0","0","0","0","TIER_P5"
"EAC27083","C27083","Air Filter","0","0","0","0","TIER_P5"
"EAC27085","C27085","Air Filter","0","0","0","0","TIER_P5"
"EAC27086","C27086","Air Filter","0","0","0","0","TIER_P5"
"EAC27087","C27087","Air Filter","0","0","0","0","TIER_P5"
"EAC27088","C27088","Air Filter","0","0","0","0","TIER_P5"
"EAC27089","C27089","Air Filter","0","0","0","0","TIER_P5"
"EAC27091","C27091","Air Filter","0","0","0","0","TIER_P5"
"EAC27093","C27093","Air Filter","0","0","0","0","TIER_P5"
"EAC27094","C27094","Air Filter","0","0","0","0","TIER_P5"
"EA57095","C27095","Air Filter","1","0","1","1","TIER_P5"
"EAC27097","C27097","Air Filter","0","0","0","0","TIER_P5"
"EA57100","C27100","Air Filter","0","1","0","1","TIER_P4"
"EAC271020","C271020","Air Filter","1","1","0","1","TIER_P3"
"EA57103","C27103","Air Filter","1","0","1","1","TIER_P5"
"EAC27104","C27104","Air Filter","0","0","0","0","TIER_P5"
"EA57105","C27105","Air Filter","1","0","1","1","TIER_P5"
"EA51050","C271050","Air Filter","1","1","1","1","TIER_P1"
"EA50501","C271050/1","Air Filter","0","0","1","1","TIER_P5"
"EAC2710505","C271050/5","Air Filter","0","0","0","1","TIER_P5"
"EA57107","C27107","Air Filter","1","0","1","1","TIER_P5"
"EA57108","C27108","Air Filter","0","0","1","1","TIER_P5"
"EAC271102","C27110/2","Air Filter","0","0","0","0","TIER_P5"
"EAC27112","C27112","Air Filter","0","0","0","0","TIER_P5"
"EAC27113","C27113","Air Filter","0","0","0","0","TIER_P5"
"EA57114","C27114","Air Filter","1","0","1","1","TIER_P5"
"EAC27115","C27115","Air Filter","0","0","0","0","TIER_P5"
"EAC27116","C27116","Air Filter","0","0","0","0","TIER_P5"
"EA51170","C271170","Air Filter","1","1","1","1","TIER_P1"
"EA51704","C271170/4","Air Filter","0","1","0","1","TIER_P4"
"EA51706","C271170/6","Air Filter","1","0","1","1","TIER_P5"
"EA57119","C27119","Air Filter","1","0","1","1","TIER_P5"
"EA57124","C27124","Air Filter","1","1","1","1","TIER_P1"
"EA51241","C27124/1","Air Filter","1","0","1","1","TIER_P5"
"EA57125","C27125","Air Filter","1","0","1","1","TIER_P5"
"EA51250","C271250","Air Filter","0","1","0","0","TIER_P4"
"EA52501","C271250/1","Air Filter","1","1","1","1","TIER_P1"
"EAC2712502","C271250/2","Air Filter","0","0","0","1","TIER_P5"
"EAC2712506","C271250/6","Air Filter","0","0","0","0","TIER_P5"
"EAC2712507","C271250/7","Air Filter","0","0","0","1","TIER_P5"
"EA57126","C27126","Air Filter","1","1","1","1","TIER_P1"
"EA57127","C27127","Air Filter","1","1","1","1","TIER_P1"
"EA57128","C27128","Air Filter","1","1","1","1","TIER_P1"
"EA57129","C27129","Air Filter","1","1","1","1","TIER_P1"
"EA57130","C27130","Air Filter","1","1","1","1","TIER_P1"
"EA51318","C271318","Air Filter","0","0","1","1","TIER_P5"
"EA51320","C271320","Air Filter","0","1","0","1","TIER_P4"
"EA53201","C271320/1","Air Filter","0","0","1","1","TIER_P5"
"EA53202","C271320/2","Air Filter","1","0","1","1","TIER_P5"
"EA53203","C271320/3","Air Filter","0","0","1","1","TIER_P5"
"EAC2713206","C271320/6","Air Filter","0","0","0","0","TIER_P5"
"EA51340","C271340","Air Filter","1","0","1","1","TIER_P5"
"EAC27137","C27137","Air Filter","0","0","0","0","TIER_P5"
"EA51390","C271390","Air Filter","1","1","1","1","TIER_P1"
"EA51397","C271397","Air Filter","0","0","1","1","TIER_P5"
"EA52714","C2714","Air Filter","0","0","1","1","TIER_P5"
"EAC27140","C27140","Air Filter","0","0","0","0","TIER_P5"
"EA51406","C271406","Air Filter","0","1","0","1","TIER_P4"
"EA57143","C27143","Air Filter","0","1","0","1","TIER_P4"
"EA52715","C2715","Air Filter","1","0","1","1","TIER_P5"
"EA51520","C271520","Air Filter","0","1","0","1","TIER_P4"
"EAC27153","C27153","Air Filter","0","0","0","0","TIER_P5"
"EA51541","C27154/1","Air Filter","1","0","1","1","TIER_P5"
"EA51581","C271581","Air Filter","1","1","1","1","TIER_P1"
"EA52716","C2716","Air Filter","0","0","1","1","TIER_P5"
"EA57161","C2716/1","Air Filter","1","0","1","1","TIER_P5"
"EA57161","C27161","Air Filter","1","0","1","1","TIER_P5"
"EA57181","C27181","Air Filter","1","0","1","1","TIER_P5"
"EA57187","C27187","Air Filter","1","0","1","1","TIER_P5"
"EA57192","C27192","Air Filter","0","1","0","1","TIER_P4"
"EA51921","C27192/1","Air Filter","1","0","1","1","TIER_P5"
"EA52720","C2720","Air Filter","0","1","0","0","TIER_P4"
"EA52722","C2722","Air Filter","0","0","1","0","TIER_P5"
"EA57230","C27230","Air Filter","1","0","1","1","TIER_P5"
"EA52726","C2726","Air Filter","1","0","1","1","TIER_P5"
"EA52730","C2730","Air Filter","0","0","1","1","TIER_P5"
"EA52731","C2731","Air Filter","0","1","0","0","TIER_P4"
"EA57311","C2731/1","Air Filter","1","0","1","1","TIER_P5"
"EA57310","C27310","Air Filter","1","0","1","1","TIER_P5"
"EA57321","C27321","Air Filter","0","0","1","1","TIER_P5"
"EA52733","C2733","Air Filter","1","0","1","1","TIER_P5"
"EA57331","C27331","Air Filter","1","0","1","1","TIER_P5"
"EAC273322","C27332/2","Air Filter","0","0","0","0","TIER_P5"
"EA52735","C2735","Air Filter","1","0","1","1","TIER_P5"
"EA57361","C2736/1","Air Filter","1","0","1","1","TIER_P5"
"EA57362","C2736/2","Air Filter","1","0","1","1","TIER_P5"
"EA52737","C2737","Air Filter","0","1","0","1","TIER_P4"
"EA57380","C27380","Air Filter","1","1","1","1","TIER_P1"
"EA52739","C2739","Air Filter","0","0","1","1","TIER_P5"
"EA52740","C2740","Air Filter","1","0","1","1","TIER_P5"
"EA52742","C2742","Air Filter","1","0","1","1","TIER_P5"
"EA52743","C2743","Air Filter","1","0","1","1","TIER_P5"
"EA52747","C2747","Air Filter","0","0","1","1","TIER_P5"
"EA52748","C2748","Air Filter","1","0","1","1","TIER_P5"
"EA52749","C2749","Air Filter","1","0","1","1","TIER_P5"
"EA52751","C2751","Air Filter","0","1","0","1","TIER_P4"
"EAC27511","C2751/1","Air Filter","0","0","0","1","TIER_P5"
"EA52758","C2758","Air Filter","1","1","1","1","TIER_P1"
"EA57585","C27585","Air Filter","0","1","0","1","TIER_P4"
"EAC275851","C27585/1","Air Filter","0","0","0","1","TIER_P5"
"EA55853","C27585/3","Air Filter","1","0","1","1","TIER_P5"
"EA57591","C2759/1","Air Filter","1","0","1","1","TIER_P5"
"EA52760","C2760","Air Filter","0","0","1","1","TIER_P5"
"EA52766","C2766","Air Filter","1","0","1","1","TIER_P5"
"EA52769","C2769","Air Filter","0","1","0","0","TIER_P4"
"EA52771","C2771","Air Filter","1","0","1","1","TIER_P5"
"EA52774","C2774","Air Filter","1","0","1","1","TIER_P5"
"EA57741","C2774/1","Air Filter","1","0","1","1","TIER_P5"
"EA57742","C2774/2","Air Filter","1","1","0","1","TIER_P3"
"EA57743","C2774/3KIT","Air Filter","1","0","1","1","TIER_P5"
"EA52775","C2775","Air Filter","1","0","1","1","TIER_P5"
"EAC27800","C27800","Air Filter","0","0","0","1","TIER_P5"
"EA58301","C27830/1","Air Filter","0","0","1","1","TIER_P5"
"EA52788","C2788","Air Filter","1","0","1","1","TIER_P5"
"EA57902","C27902","Air Filter","1","1","0","1","TIER_P3"
"EA52791","C2791","Air Filter","0","0","1","1","TIER_P5"
"EA52797","C2797","Air Filter","0","1","0","0","TIER_P4"
"EAC279981","C27998/1","Air Filter","0","0","0","0","TIER_P5"
"EA59983","C27998/3","Air Filter","1","0","1","1","TIER_P5"
"EA59985","C27998/5","Air Filter","1","0","1","1","TIER_P5"
"EA58003","C28003","Air Filter","0","1","0","1","TIER_P4"
"EA58004","C28004","Air Filter","1","0","1","1","TIER_P5"
"EA58005","C28005","Air Filter","1","0","1","1","TIER_P5"
"EA58006","C28006","Air Filter","1","1","0","0","TIER_P3"
"EAC28008","C28008","Air Filter","0","0","0","0","TIER_P5"
"EA58010","C28010","Air Filter","1","0","1","1","TIER_P5"
"EA58011","C28011","Air Filter","1","0","1","1","TIER_P5"
"EA58013","C28013","Air Filter","1","0","1","1","TIER_P5"
"EA58017","C28017","Air Filter","1","0","1","1","TIER_P5"
"EAC28021","C28021","Air Filter","0","0","0","0","TIER_P5"
"EA58022","C28022","Air Filter","1","0","1","1","TIER_P5"
"EA58023","C28023","Air Filter","1","0","1","1","TIER_P5"
"EAC28025","C28025","Air Filter","0","0","0","0","TIER_P5"
"EA58028","C28028","Air Filter","1","0","1","1","TIER_P5"
"EA58031","C28031","Air Filter","0","0","1","1","TIER_P5"
"EA58034","C28034","Air Filter","1","0","1","1","TIER_P5"
"EA58035","C28035","Air Filter","1","0","1","1","TIER_P5"
"EA58036","C28036","Air Filter","1","0","1","1","TIER_P5"
"EA58037","C28037","Air Filter","1","1","1","1","TIER_P1"
"EA58038","C28038","Air Filter","1","1","1","1","TIER_P1"
"EAC28039","C28039","Air Filter","0","0","0","0","TIER_P5"
"EA58040","C28040","Air Filter","1","0","1","1","TIER_P5"
"EA58041","C28041X","Air Filter","0","0","1","1","TIER_P5"
"EA58043","C28043","Air Filter","1","0","1","1","TIER_P5"
"EA58043","C28043M","Air Filter","0","1","0","0","TIER_P4"
"EAC28048","C28048","Air Filter","0","0","0","0","TIER_P5"
"EAC28049","C28049","Air Filter","1","0","0","0","TIER_P5"
"EA58050","C28050","Air Filter","1","0","1","1","TIER_P5"
"EA58053","C28053","Air Filter","1","0","1","1","TIER_P5"
"EA58054","C28054","Air Filter","1","0","1","1","TIER_P5"
"EAC280541","C28054/1","Air Filter","0","0","0","0","TIER_P5"
"EAC28055","C28055","Air Filter","0","0","0","1","TIER_P5"
"EAC28059","C28059","Air Filter","0","0","0","0","TIER_P5"
"EAC28061","C28061","Air Filter","0","0","0","0","TIER_P5"
"EAC28063","C28063","Air Filter","0","0","0","0","TIER_P5"
"EAC28064","C28064","Air Filter","0","0","0","0","TIER_P5"
"EAC28065","C28065","Air Filter","0","0","0","0","TIER_P5"
"EAC28072","C28072","Air Filter","0","0","0","1","TIER_P5"
"EA58073","C28073","Air Filter","1","0","1","1","TIER_P5"
"EAC28077","C28077","Air Filter","0","0","0","0","TIER_P5"
"EAC28078","C28078","Air Filter","0","0","0","1","TIER_P5"
"EAC28079","C28079","Air Filter","0","0","0","0","TIER_P5"
"EAC28081","C28081","Air Filter","0","0","0","0","TIER_P5"
"EAC28082","C28082","Air Filter","0","0","0","0","TIER_P5"
"EA58084","C28084","Air Filter","1","0","1","1","TIER_P5"
"EA58086","C28086","Air Filter","1","0","1","1","TIER_P5"
"EAC28087","C28087","Air Filter","0","0","0","0","TIER_P5"
"EAC28089","C28089","Air Filter","0","0","0","0","TIER_P5"
"EA58091","C28091","Air Filter","1","0","1","1","TIER_P5"
"EAC280911","C28091/1","Air Filter","0","0","0","0","TIER_P5"
"EA58092","C28092","Air Filter","1","0","1","1","TIER_P5"
"EAC280921","C28092/1","Air Filter","0","0","0","0","TIER_P5"
"EAC28093","C28093","Air Filter","0","0","0","0","TIER_P5"
"EAC28094","C28094","Air Filter","0","0","0","1","TIER_P5"
"EAC28096","C28096","Air Filter","0","0","0","0","TIER_P5"
"EAC28097","C28097","Air Filter","0","0","0","0","TIER_P5"
"EA58100","C28100","Air Filter","1","0","1","1","TIER_P5"
"EA51012","C281012","Air Filter","0","0","1","1","TIER_P5"
"EA58103","C28103","Air Filter","1","0","1","1","TIER_P5"
"EA58104","C28104","Air Filter","1","0","1","1","TIER_P5"
"EA51045","C281045","Air Filter","0","1","1","1","TIER_P4"
"EA50452","C281045/2","Air Filter","1","0","1","1","TIER_P5"
"EA58105","C28105","Air Filter","1","1","1","1","TIER_P1"
"EA51051","C28105/1","Air Filter","1","0","1","1","TIER_P5"
"EA58107","C28107","Air Filter","0","0","1","1","TIER_P5"
"EA58110","C28110","Air Filter","1","0","1","1","TIER_P5"
"EA58112","C28112","Air Filter","1","0","1","1","TIER_P5"
"EAC28114","C28114","Air Filter","0","0","0","0","TIER_P5"
"EA58122","C28122","Air Filter","1","0","1","1","TIER_P5"
"EA51238","C281238","Air Filter","0","0","1","1","TIER_P5"
"EA52382","C281238/2","Air Filter","0","0","1","1","TIER_P5"
"EA58125","C28125","Air Filter","1","1","1","1","TIER_P1"
"EA51251","C28125/1","Air Filter","1","0","1","1","TIER_P5"
"EA58126","C28126","Air Filter","1","0","1","1","TIER_P5"
"EA51275","C281275","Air Filter","1","1","1","1","TIER_P1"
"EA51300","C281300","Air Filter","1","1","1","1","TIER_P1"
"EA53002","C281300/2","Air Filter","1","0","1","1","TIER_P5"
"EA53004","C281300/4","Air Filter","0","0","1","1","TIER_P5"
"EA58136","C28136","Air Filter","0","1","1","1","TIER_P4"
"EA51361","C28136/1","Air Filter","1","0","1","1","TIER_P5"
"EA51362","C28136/2","Air Filter","1","0","1","1","TIER_P5"
"EA58137","C28137","Air Filter","1","0","1","1","TIER_P5"
"EA51440","C281440","Air Filter","1","1","1","1","TIER_P1"
"EAC2814401","C281440/1","Air Filter","0","0","0","0","TIER_P5"
"EA58145","C28145","Air Filter","1","0","1","1","TIER_P5"
"EA51460","C281460","Air Filter","1","1","1","1","TIER_P1"
"EA58148","C28148","Air Filter","1","0","1","1","TIER_P5"
"EA58150","C28150","Air Filter","1","0","1","1","TIER_P5"
"EA58155","C28155","Air Filter","1","0","1","1","TIER_P5"
"EA51580","C281580","Air Filter","1","1","1","1","TIER_P1"
"EA58160","C28160","Air Filter","0","1","0","1","TIER_P4"
"EA51601","C28160/1","Air Filter","1","0","1","1","TIER_P5"
"EA58162","C28162","Air Filter","0","0","1","1","TIER_P5"
"EA58165","C28165","Air Filter","0","0","1","1","TIER_P5"
"EA58166","C28166","Air Filter","0","0","1","0","TIER_P5"
"EA58191","C28191","Air Filter","1","0","1","1","TIER_P5"
"EA58200","C28200","Air Filter","1","0","1","1","TIER_P5"
"EA52821","C2821","Air Filter","1","0","1","1","TIER_P5"
"EA58214","C28214","Air Filter","0","1","0","1","TIER_P4"
"EA52141","C28214/1","Air Filter","1","0","1","1","TIER_P5"
"EA52826","C2826","Air Filter","0","0","1","1","TIER_P5"
"EAC2827","C2827","Air Filter","0","0","0","0","TIER_P5"
"EAC28331","C28331","Air Filter","0","0","0","0","TIER_P5"
"EA58357","C28357","Air Filter","1","1","1","1","TIER_P1"
"EA52841","C2841","Air Filter","1","0","1","1","TIER_P5"
"EA52846","C2846","Air Filter","1","0","1","1","TIER_P5"
"EA58462","C2846/2","Air Filter","0","0","1","1","TIER_P5"
"EA52851","C2851","Air Filter","1","0","1","1","TIER_P5"
"EA52852","C2852","Air Filter","0","0","1","1","TIER_P5"
"EA58522","C2852/2","Air Filter","1","0","1","1","TIER_P5"
"EA58524","C2852/4","Air Filter","0","1","0","0","TIER_P4"
"EA58525","C2852/5","Air Filter","0","0","1","1","TIER_P5"
"EA52853","C2853","Air Filter","0","1","0","1","TIER_P4"
"EA52859","C2859","Air Filter","1","0","1","1","TIER_P5"
"EA52860","C2860","Air Filter","1","0","1","1","TIER_P5"
"EA58601","C2860/1","Air Filter","0","1","0","1","TIER_P4"
"EA58602","C2860/2","Air Filter","0","0","1","1","TIER_P5"
"EA58603","C2860/3","Air Filter","1","0","1","1","TIER_P5"
"EA58612","C2861/2","Air Filter","1","1","0","0","TIER_P3"
"EA52863","C2863","Air Filter","0","0","1","1","TIER_P5"
"EA52868","C2868","Air Filter","0","0","1","1","TIER_P5"
"EA58715","C28715","Air Filter","1","0","1","1","TIER_P5"
"EA52872","C2872","Air Filter","1","0","1","1","TIER_P5"
"EA52873","C2873","Air Filter","0","1","0","1","TIER_P4"
"EA58731","C2873/1","Air Filter","1","0","1","1","TIER_P5"
"EA52874","C2874","Air Filter","1","0","1","1","TIER_P5"
"EA58750","C28750","Air Filter","1","1","1","1","TIER_P1"
"EAC2877","C2877","Air Filter","0","0","0","1","TIER_P5"
"EA52878","C2878","Air Filter","0","1","0","1","TIER_P4"
"EA52879","C2879","Air Filter","0","0","1","1","TIER_P5"
"EA52880","C2880","Air Filter","1","0","1","1","TIER_P5"
"EA58814","C28814","Air Filter","0","0","1","1","TIER_P5"
"EA58848","C28848","Air Filter","0","0","1","1","TIER_P5"
"EAC2890","C2890","Air Filter","0","0","0","1","TIER_P5"
"EA52892","C2892","Air Filter","1","0","1","1","TIER_P5"
"EA58940","C28940","Air Filter","0","1","0","0","TIER_P4"
"EA58950","C28950","Air Filter","0","1","1","1","TIER_P4"
"EA58950","C28950X","Air Filter","1","1","1","1","TIER_P1"
"EAC28951","C28951","Air Filter","0","0","0","0","TIER_P5"
"EA58952","C28952","Air Filter","1","0","1","1","TIER_P5"
"EAC289532","C28953/2","Air Filter","0","0","0","0","TIER_P5"
"EA58960","C28960","Air Filter","0","1","1","1","TIER_P4"
"EAC289601X","C28960/1X","Air Filter","0","0","0","0","TIER_P5"
"EA58960","C28960Z","Air Filter","1","1","1","1","TIER_P1"
"EA59002","C29002","Air Filter","1","0","1","1","TIER_P5"
"EA59006","C29006","Air Filter","1","0","1","1","TIER_P5"
"EA59008","C29008","Air Filter","1","0","1","1","TIER_P5"
"EAC29009","C29009","Air Filter","0","0","0","0","TIER_P5"
"EA59010","C29010","Air Filter","1","0","1","1","TIER_P5"
"EA59010","C29010KIT","Air Filter","1","0","1","1","TIER_P5"
"EA59012","C29012","Air Filter","1","0","1","1","TIER_P5"
"EA59015","C29015","Air Filter","1","0","1","1","TIER_P5"
"EAC29018","C29018","Air Filter","0","0","0","0","TIER_P5"
"EA59019","C29019","Air Filter","1","0","1","1","TIER_P5"
"EA59020","C29020","Air Filter","1","0","1","1","TIER_P5"
"EA59021","C29021","Air Filter","1","0","1","1","TIER_P5"
"EA59021","C29021M","Air Filter","1","1","0","0","TIER_P3"
"EA59022","C29022","Air Filter","0","1","0","0","TIER_P4"
"EAC29025","C29025","Air Filter","0","0","0","0","TIER_P5"
"EA59028","C29028","Air Filter","1","0","1","1","TIER_P5"
"EA59029","C29029","Air Filter","1","1","1","1","TIER_P1"
"EA59030","C29030","Air Filter","1","1","1","1","TIER_P1"
"EA59031","C29031","Air Filter","1","1","1","1","TIER_P1"
"EA59033","C29033","Air Filter","1","0","1","1","TIER_P5"
"EA59034","C29034","Air Filter","1","1","1","1","TIER_P1"
"EAC2903512","C29035/1/2","Air Filter","0","0","0","0","TIER_P5"
"EAC290352","C29035/2","Air Filter","0","0","0","0","TIER_P5"
"EA59036","C29036","Air Filter","1","0","1","1","TIER_P5"
"EAC29038","C29038","Air Filter","0","0","0","0","TIER_P5"
"EA59041","C29041","Air Filter","1","0","1","1","TIER_P5"
"EAC29045","C29045","Air Filter","0","0","0","0","TIER_P5"
"EA59046","C29046","Air Filter","1","0","1","1","TIER_P5"
"EAC29047","C29047","Air Filter","0","0","0","0","TIER_P5"
"EA59048","C29048","Air Filter","1","0","1","1","TIER_P5"
"EAC29052","C29052","Air Filter","0","0","0","0","TIER_P5"
"EAC29054","C29054","Air Filter","0","0","0","1","TIER_P5"
"EAC29062","C29062","Air Filter","0","0","0","0","TIER_P5"
"EAC29063","C29063","Air Filter","0","0","0","0","TIER_P5"
"EAC29067","C29067","Air Filter","0","0","0","0","TIER_P5"
"EAC29070","C29070","Air Filter","0","0","0","0","TIER_P5"
"EA59071","C29071","Air Filter","1","0","1","1","TIER_P5"
"EAC29072","C29072","Air Filter","0","0","0","0","TIER_P5"
"EAC29074","C29074","Air Filter","0","0","0","0","TIER_P5"
"EA50321","C291032/1","Air Filter","1","1","0","1","TIER_P3"
"EA59105","C29105","Air Filter","1","0","1","1","TIER_P5"
"EA51055","C291055","Air Filter","1","0","1","1","TIER_P5"
"EA59108","C29108","Air Filter","0","1","0","0","TIER_P4"
"EA59110","C29110","Air Filter","1","0","1","1","TIER_P5"
"EA59117","C29117","Air Filter","1","0","1","1","TIER_P5"
"EA59118","C29118","Air Filter","1","0","1","1","TIER_P5"
"EA59121","C29121","Air Filter","1","0","1","1","TIER_P5"
"EA52191","C291219/1","Air Filter","1","0","1","1","TIER_P5"
"EA59122","C29122","Air Filter","0","1","0","1","TIER_P4"
"EA51221","C29122/1","Air Filter","1","0","1","1","TIER_P5"
"EA59124","C29124","Air Filter","1","0","1","1","TIER_P5"
"EA59126","C29126","Air Filter","0","1","0","1","TIER_P4"
"EA51261","C29126/1","Air Filter","0","0","1","1","TIER_P5"
"EA51262","C29126/2","Air Filter","1","0","1","1","TIER_P5"
"EA51263","C29126/3","Air Filter","1","0","1","1","TIER_P5"
"EA51290","C291290","Air Filter","1","0","1","1","TIER_P5"
"EAC29130","C29130","Air Filter","1","0","0","0","TIER_P5"
"EA59130","C29130X","Air Filter","1","0","1","1","TIER_P5"
"EA59132","C29132","Air Filter","1","0","1","1","TIER_P5"
"EA51366","C291366","Air Filter","0","1","0","1","TIER_P4"
"EA53661","C291366/1","Air Filter","1","0","1","1","TIER_P5"
"EA51410","C291410","Air Filter","0","1","1","1","TIER_P4"
"EA54102","C291410/2","Air Filter","1","0","1","1","TIER_P5"
"EA51420","C291420","Air Filter","0","1","1","1","TIER_P4"
"EA54202","C291420/2","Air Filter","1","0","1","1","TIER_P5"
"EA59144","C29144","Air Filter","1","0","1","1","TIER_P5"
"EA59145","C29145","Air Filter","1","0","1","1","TIER_P5"
"EA59150","C29150","Air Filter","1","0","1","1","TIER_P5"
"EA59168","C29168","Air Filter","1","0","1","1","TIER_P5"
"EA59198","C29198","Air Filter","1","1","1","1","TIER_P1"
"EA51981","C29198/1","Air Filter","1","0","1","1","TIER_P5"
"EA59200","C29200","Air Filter","1","0","1","1","TIER_P5"
"EA59230","C29230","Air Filter","1","0","1","1","TIER_P5"
"EA52931","C2931","Air Filter","1","0","1","1","TIER_P5"
"EA52934","C2934","Air Filter","0","0","1","1","TIER_P5"
"EA59352","C29352","Air Filter","0","1","0","0","TIER_P4"
"EA53521","C29352/1","Air Filter","1","0","1","1","TIER_P5"
"EAC293525","C29352/5","Air Filter","0","0","0","1","TIER_P5"
"EAC293526","C29352/6","Air Filter","0","0","0","1","TIER_P5"
"EA52936","C2936","Air Filter","0","0","1","1","TIER_P5"
"EAC29377","C29377","Air Filter","0","0","0","1","TIER_P5"
"EA52938","C2938","Air Filter","0","1","0","1","TIER_P4"
"EAC294011","C29401/1","Air Filter","0","0","0","0","TIER_P5"
"EA52941","C2941","Air Filter","1","0","1","1","TIER_P5"
"EA52942","C2942","Air Filter","0","0","1","1","TIER_P5"
"EA52943","C2943","Air Filter","0","0","1","1","TIER_P5"
"EA52944","C2944","Air Filter","0","0","1","1","TIER_P5"
"EA52950","C2950","Air Filter","0","0","1","1","TIER_P5"
"EA59531","C2953/1","Air Filter","0","0","1","1","TIER_P5"
"EA52956","C2956","Air Filter","0","1","0","1","TIER_P4"
"EA52957","C2957","Air Filter","0","0","1","1","TIER_P5"
"EA59577","C29577","Air Filter","0","0","1","1","TIER_P5"
"EA59624","C29624","Air Filter","0","1","0","1","TIER_P4"
"EA56241","C29624/1","Air Filter","1","1","1","1","TIER_P1"
"EA59631","C2963/1","Air Filter","0","0","1","1","TIER_P5"
"EA52964","C2964","Air Filter","1","0","1","1","TIER_P5"
"EA59641","C2964/1","Air Filter","0","0","1","1","TIER_P5"
"EAC2964M","C2964M","Air Filter","0","0","0","0","TIER_P5"
"EA52966","C2966","Air Filter","1","0","1","1","TIER_P5"
"EA52974","C2974","Air Filter","1","0","1","1","TIER_P5"
"EA52975","C2975","Air Filter","1","0","1","1","TIER_P5"
"EAC29754","C29754","Air Filter","0","0","0","0","TIER_P5"
"EAC29769","C29769","Air Filter","0","0","0","0","TIER_P5"
"EA52981","C2981","Air Filter","0","0","1","1","TIER_P5"
"EA52982","C2982","Air Filter","0","1","0","1","TIER_P4"
"EA52982","C2982KIT","Air Filter","1","0","1","1","TIER_P5"
"EA59840","C29840","Air Filter","0","1","1","1","TIER_P4"
"EA58402","C29840/2","Air Filter","1","0","1","1","TIER_P5"
"EA52987","C2987","Air Filter","1","1","0","1","TIER_P3"
"EA59871","C2987/1","Air Filter","1","0","1","1","TIER_P5"
"EA52991","C2991","Air Filter","0","0","1","1","TIER_P5"
"EA59911","C2991/1","Air Filter","1","0","1","1","TIER_P5"
"EA59912","C2991/2","Air Filter","1","0","1","1","TIER_P5"
"EA59920","C29920","Air Filter","0","1","0","1","TIER_P4"
"EAC29931","C2993/1","Air Filter","0","0","0","1","TIER_P5"
"EA59939","C29939","Air Filter","1","1","1","1","TIER_P1"
"EAC299391X","C29939/1X","Air Filter","0","0","0","0","TIER_P5"
"EA52994","C2994","Air Filter","0","0","1","1","TIER_P5"
"EAC299404","C29940/4","Air Filter","0","0","0","0","TIER_P5"
"EA52998","C2998","Air Filter","1","0","1","1","TIER_P5"
"EA59985","C2998/5","Air Filter","0","1","0","1","TIER_P4"
"EA59985","C2998/5X","Air Filter","1","0","1","1","TIER_P5"
"EA52999","C2999","Air Filter","1","0","1","1","TIER_P5"
"EA50003","C30003","Air Filter","1","0","1","1","TIER_P5"
"EA50004","C30004","Air Filter","1","1","1","1","TIER_P1"
"EA50005","C30005","Air Filter","1","1","1","1","TIER_P1"
"EAC30005M","C30005M","Air Filter","0","0","0","0","TIER_P5"
"EA50008","C30008","Air Filter","1","0","1","1","TIER_P5"
"EA50009","C30009","Air Filter","1","0","1","1","TIER_P5"
"EAC30009M","C30009M","Air Filter","0","0","0","0","TIER_P5"
"EA50010","C30010","Air Filter","0","0","1","1","TIER_P5"
"EA50011","C30011","Air Filter","1","1","1","1","TIER_P1"
"EA50012","C30012","Air Filter","1","0","1","1","TIER_P5"
"EA50013","C30013","Air Filter","1","0","1","1","TIER_P5"
"EAC300131","C30013/1","Air Filter","0","0","0","0","TIER_P5"
"EA50017","C30017","Air Filter","1","0","1","1","TIER_P5"
"EA50018","C30018","Air Filter","0","0","1","0","TIER_P5"
"EA50020","C30020","Air Filter","1","0","1","1","TIER_P5"
"EA50021","C30021","Air Filter","0","0","1","0","TIER_P5"
"EA50024","C30024","Air Filter","1","0","1","1","TIER_P5"
"EA50025","C30025","Air Filter","1","0","1","1","TIER_P5"
"EA50027","C30027","Air Filter","1","0","1","1","TIER_P5"
"EA50028","C30028","Air Filter","1","0","1","1","TIER_P5"
"EA50030","C30030","Air Filter","1","0","1","1","TIER_P5"
"EAC30033","C30033","Air Filter","0","0","0","0","TIER_P5"
"EA50035","C30035","Air Filter","1","1","1","1","TIER_P1"
"EA50039","C30039","Air Filter","1","0","1","1","TIER_P5"
"EAC30041","C30041","Air Filter","0","0","0","0","TIER_P5"
"EAC30042","C30042","Air Filter","0","0","0","0","TIER_P5"
"EAC30046","C30046","Air Filter","0","0","0","0","TIER_P5"
"EAC30048","C30048","Air Filter","0","0","0","0","TIER_P5"
"EA50053","C30053","Air Filter","1","0","1","1","TIER_P5"
"EAC30061","C30061","Air Filter","0","0","0","0","TIER_P5"
"EAC30065","C30065","Air Filter","0","0","0","0","TIER_P5"
"EA50080","C30080","Air Filter","1","0","1","1","TIER_P5"
"EAC30081","C30081","Air Filter","0","0","0","0","TIER_P5"
"EAC30082","C30082","Air Filter","0","0","0","0","TIER_P5"
"EAC30084","C30084","Air Filter","0","0","0","0","TIER_P5"
"EAC30085","C30085","Air Filter","0","0","0","0","TIER_P5"
"EAC30086","C30086","Air Filter","0","0","0","0","TIER_P5"
"EA50090","C30090","Air Filter","1","0","1","1","TIER_P5"
"EAC301016","C301016","Air Filter","0","0","0","0","TIER_P5"
"EA50103","C30103","Air Filter","0","1","0","1","TIER_P4"
"EA50115","C30115","Air Filter","1","0","1","1","TIER_P5"
"EAC301151","C30115/1","Air Filter","0","0","0","0","TIER_P5"
"EA51184","C301184","Air Filter","0","0","1","1","TIER_P5"
"EA51185","C301185","Air Filter","0","0","1","1","TIER_P5"
"EA53012","C3012","Air Filter","1","1","0","1","TIER_P3"
"EA50122","C30122","Air Filter","1","0","1","1","TIER_P5"
"EA51240","C301240","Air Filter","1","0","1","1","TIER_P5"
"EA52401","C301240/1","Air Filter","1","0","1","1","TIER_P5"
"EA50125","C30125","Air Filter","1","0","1","1","TIER_P5"
"EA51251","C30125/1","Air Filter","0","0","1","1","TIER_P5"
"EA51252","C30125/2","Air Filter","0","0","1","1","TIER_P5"
"EA51253","C30125/3","Air Filter","1","1","0","1","TIER_P3"
"EA51254","C30125/4","Air Filter","1","0","1","1","TIER_P5"
"EA50126","C30126","Air Filter","0","1","1","1","TIER_P4"
"EA51261","C30126/1","Air Filter","0","1","0","0","TIER_P4"
"EA50130","C30130","Air Filter","1","0","1","1","TIER_P5"
"EA51301","C30130/1","Air Filter","1","0","1","1","TIER_P5"
"EA51302","C30130/2","Air Filter","1","0","1","1","TIER_P5"
"EA51330","C301330","Air Filter","1","1","1","1","TIER_P1"
"EA51345","C301345","Air Filter","1","0","1","1","TIER_P5"
"EA50135","C30135","Air Filter","1","0","1","1","TIER_P5"
"EA51353","C301353","Air Filter","1","1","1","1","TIER_P1"
"EA51359","C301359","Air Filter","1","0","1","1","TIER_P5"
"EAC30136","C30136","Air Filter","0","0","0","0","TIER_P5"
"EAC301361","C30136/1","Air Filter","0","0","0","0","TIER_P5"
"EA50138","C30138","Air Filter","1","0","1","1","TIER_P5"
"EA51381","C30138/1","Air Filter","1","0","1","1","TIER_P5"
"EA50139","C30139","Air Filter","1","0","1","1","TIER_P5"
"EA51500","C301500","Air Filter","1","1","1","1","TIER_P1"
"EA55001","C301500/1","Air Filter","1","0","1","1","TIER_P5"
"EAC30150X","C30150X","Air Filter","0","0","0","0","TIER_P5"
"EAC30152","C30152","Air Filter","0","0","0","0","TIER_P5"
"EA50153","C30153","Air Filter","0","1","0","1","TIER_P4"
"EA51531","C30153/1","Air Filter","1","1","1","1","TIER_P1"
"EA51532","C30153/2","Air Filter","1","1","1","1","TIER_P1"
"EA51530","C301530","Air Filter","1","1","1","1","TIER_P1"
"EA51537","C301537","Air Filter","1","1","1","1","TIER_P1"
"EA50154","C30154","Air Filter","1","0","1","1","TIER_P5"
"EA50158","C30158","Air Filter","0","0","1","1","TIER_P5"
"EA50161","C30161","Air Filter","1","0","1","1","TIER_P5"
"EAC301611","C30161/1","Air Filter","0","0","0","0","TIER_P5"
"EA51622","C301622","Air Filter","0","0","1","1","TIER_P5"
"EA50163","C30163","Air Filter","1","0","1","1","TIER_P5"
"EA50170","C30170","Air Filter","1","0","1","1","TIER_P5"
"EA51701","C30170/1","Air Filter","1","0","1","1","TIER_P5"
"EA50171","C30171","Air Filter","1","0","1","1","TIER_P5"
"EA51730","C301730","Air Filter","1","1","1","1","TIER_P1"
"EA57301","C301730/1","Air Filter","1","0","1","1","TIER_P5"
"EA50189","C30189","Air Filter","1","0","1","1","TIER_P5"
"EA51891","C30189/1","Air Filter","1","0","1","1","TIER_P5"
"EA50190","C30190","Air Filter","1","0","1","1","TIER_P5"
"EA50195","C30195","Air Filter","1","0","1","1","TIER_P5"
"EA51952","C30195/2","Air Filter","1","0","1","1","TIER_P5"
"EA50196","C30196","Air Filter","1","0","1","1","TIER_P5"
"EA50198","C30198","Air Filter","1","0","1","1","TIER_P5"
"EAC30200","C30200","Air Filter","0","0","0","0","TIER_P5"
"EAC3027","C3027","Air Filter","0","0","0","1","TIER_P5"
"EA50271","C3027/1","Air Filter","0","0","1","1","TIER_P5"
"EA53028","C3028","Air Filter","1","0","1","1","TIER_P5"
"EA53032","C3032","Air Filter","0","1","0","1","TIER_P4"
"EA50321","C3032/1","Air Filter","1","0","1","1","TIER_P5"
"EA50323","C3032/3","Air Filter","0","0","1","1","TIER_P5"
"EAC30325","C30325","Air Filter","0","0","0","0","TIER_P5"
"EA53033","C3033","Air Filter","1","0","1","1","TIER_P5"
"EA53034","C3034","Air Filter","1","0","1","1","TIER_P5"
"EAC30375","C30375","Air Filter","1","0","0","1","TIER_P5"
"EA50304","C304","Air Filter","0","1","0","1","TIER_P4"
"EA50400","C30400","Air Filter","0","1","0","1","TIER_P4"
"EA54001","C30400/1","Air Filter","1","1","1","1","TIER_P1"
"EA53042","C3042","Air Filter","0","0","1","1","TIER_P5"
"EA50421","C3042/1","Air Filter","1","0","1","1","TIER_P5"
"EA53044","C3044","Air Filter","0","0","1","1","TIER_P5"
"EA50500","C30500","Air Filter","0","1","1","1","TIER_P4"
"EA53051","C3051","Air Filter","1","1","1","1","TIER_P1"
"EA50511","C3051/1","Air Filter","0","0","1","1","TIER_P5"
"EA53054","C3054","Air Filter","0","1","0","1","TIER_P4"
"EA53055","C3055","Air Filter","1","0","1","1","TIER_P5"
"EA53060","C3060","Air Filter","0","0","1","1","TIER_P5"
"EA50630","C30630","Air Filter","1","1","1","1","TIER_P1"
"EA53065","C3065","Air Filter","0","0","1","1","TIER_P5"
"EAC30683","C30683","Air Filter","0","0","0","0","TIER_P5"
"EA50703","C30703","Air Filter","1","1","1","1","TIER_P1"
"EA57031","C30703/1","Air Filter","1","0","1","1","TIER_P5"
"EA53073","C3073","Air Filter","1","0","1","1","TIER_P5"
"EA53078","C3078","Air Filter","1","0","1","1","TIER_P5"
"EA50810","C30810","Air Filter","0","1","1","1","TIER_P4"
"EA58102","C30810/2","Air Filter","1","1","1","1","TIER_P1"
"EA58103","C30810/3","Air Filter","1","0","1","1","TIER_P5"
"EA53082","C3082","Air Filter","1","0","1","1","TIER_P5"
"EA50825","C3082/5","Air Filter","1","0","1","1","TIER_P5"
"EA53083","C3083","Air Filter","1","0","1","1","TIER_P5"
"EA50831","C3083/1","Air Filter","1","0","1","1","TIER_P5"
"EA53084","C3084","Air Filter","0","0","1","1","TIER_P5"
"EA55011","C30850/11","Air Filter","1","0","1","1","TIER_P5"
"EA58502","C30850/2","Air Filter","1","1","1","1","TIER_P1"
"EA58503","C30850/3","Air Filter","1","0","1","1","TIER_P5"
"EA58505","C30850/5","Air Filter","0","0","1","1","TIER_P5"
"EA58506","C30850/6","Air Filter","1","1","1","1","TIER_P1"
"EA58507","C30850/7","Air Filter","1","1","1","1","TIER_P1"
"EA53087","C3087","Air Filter","0","1","0","1","TIER_P4"
"EA50871","C3087/1","Air Filter","0","0","1","1","TIER_P5"
"EA50872","C3087/2","Air Filter","1","0","1","1","TIER_P5"
"EA50873","C30873","Air Filter","0","1","0","1","TIER_P4"
"EA53088","C3088","Air Filter","0","1","0","1","TIER_P4"
"EA50881","C3088/1","Air Filter","1","0","1","1","TIER_P5"
"EA50880","C30880","Air Filter","0","0","1","1","TIER_P5"
"EA58801","C30880/1","Air Filter","0","0","1","1","TIER_P5"
"EA58802","C30880/2","Air Filter","0","0","1","1","TIER_P5"
"EA50883","C30883","Air Filter","0","1","0","1","TIER_P4"
"EA58831","C30883/1","Air Filter","0","0","1","1","TIER_P5"
"EA50899","C30899","Air Filter","1","0","1","1","TIER_P5"
"EA53090","C3090","Air Filter","1","0","1","1","TIER_P5"
"EA50901","C3090/1","Air Filter","1","0","1","1","TIER_P5"
"EA53091","C3091","Air Filter","1","0","1","1","TIER_P5"
"EA53093","C3093","Air Filter","1","0","1","1","TIER_P5"
"EA50931","C3093/1","Air Filter","1","0","1","1","TIER_P5"
"EA50031","C31","Air Filter","1","0","1","1","TIER_P5"
"EA50311","C31/1","Air Filter","1","0","1","1","TIER_P5"
"EA50313","C31/3","Air Filter","0","0","1","1","TIER_P5"
"EA50314","C31/4","Air Filter","1","0","1","1","TIER_P5"
"EA51002","C31002","Air Filter","1","0","1","1","TIER_P5"
"EA51005","C31005","Air Filter","1","0","1","1","TIER_P5"
"EA51007","C31007","Air Filter","1","0","1","1","TIER_P5"
"EA51008","C31008","Air Filter","0","0","1","1","TIER_P5"
"EA51009","C31009X","Air Filter","1","0","1","1","TIER_P5"
"EAC31011","C31011","Air Filter","0","0","0","0","TIER_P5"
"EA51012","C31012","Air Filter","1","0","1","1","TIER_P5"
"EA51013","C31013","Air Filter","1","0","1","1","TIER_P5"
"EA51014","C31014","Air Filter","1","1","1","1","TIER_P1"
"EA50142","C31014/2","Air Filter","1","0","1","1","TIER_P5"
"EA51015","C31015","Air Filter","1","1","1","1","TIER_P1"
"EA51016","C31016","Air Filter","1","1","1","1","TIER_P1"
"EA51017","C31017","Air Filter","1","1","1","1","TIER_P1"
"EA50171","C31017/1","Air Filter","0","0","1","1","TIER_P5"
"EA51018","C31018","Air Filter","1","1","1","1","TIER_P1"
"EA51021","C31021","Air Filter","1","1","1","1","TIER_P1"
"EA51023","C31023","Air Filter","1","0","1","1","TIER_P5"
"EA51027","C31027","Air Filter","1","0","1","1","TIER_P5"
"EA51028","C31028","Air Filter","1","0","1","1","TIER_P5"
"EA51031","C31031","Air Filter","1","0","1","1","TIER_P5"
"EA51033","C31033","Air Filter","1","0","1","1","TIER_P5"
"EA51034","C31034","Air Filter","1","0","1","1","TIER_P5"
"EAC31035","C31035","Air Filter","0","0","0","0","TIER_P5"
"EAC31036","C31036","Air Filter","0","0","0","0","TIER_P5"
"EAC31037","C31037","Air Filter","0","0","0","0","TIER_P5"
"EA51038","C31038","Air Filter","1","0","1","1","TIER_P5"
"EAC31041","C31041","Air Filter","0","0","0","0","TIER_P5"
"EAC31042","C31042","Air Filter","0","0","0","0","TIER_P5"
"EAC31043","C31043","Air Filter","0","0","0","0","TIER_P5"
"EAC31044","C31044","Air Filter","0","0","0","0","TIER_P5"
"EAC31045","C31045","Air Filter","0","0","0","0","TIER_P5"
"EAC31046","C31046","Air Filter","0","0","0","1","TIER_P5"
"EAC31051","C31051","Air Filter","0","0","0","0","TIER_P5"
"EAC31053","C31053","Air Filter","0","0","0","0","TIER_P5"
"EAC31054","C31054","Air Filter","0","0","0","0","TIER_P5"
"EA51055","C31055","Air Filter","1","0","1","1","TIER_P5"
"EAC31056","C31056","Air Filter","0","0","0","0","TIER_P5"
"EA51057","C31057","Air Filter","1","0","1","1","TIER_P5"
"EAC31058","C31058","Air Filter","0","0","0","0","TIER_P5"
"EAC31061","C31061","Air Filter","0","0","0","0","TIER_P5"
"EAC31071","C31071","Air Filter","0","0","0","0","TIER_P5"
"EA51101","C31101","Air Filter","1","0","1","1","TIER_P5"
"EA51011","C31101/1","Air Filter","1","0","1","1","TIER_P5"
"EA51027","C311027","Air Filter","0","1","0","0","TIER_P4"
"EA51032","C311032","Air Filter","0","0","1","1","TIER_P5"
"EA51104","C31104","Air Filter","1","0","1","1","TIER_P5"
"EA51109","C31109","Air Filter","0","1","0","1","TIER_P4"
"EA51093","C311093","Air Filter","0","1","0","1","TIER_P4"
"EA50931","C311093/1","Air Filter","0","1","0","1","TIER_P4"
"EA50932","C311093/2","Air Filter","1","1","1","1","TIER_P1"
"EA51116","C31116","Air Filter","1","0","1","1","TIER_P5"
"EA51170","C311170","Air Filter","0","0","1","1","TIER_P5"
"EA51195","C311195","Air Filter","1","0","1","1","TIER_P5"
"EA51951","C311195/1","Air Filter","1","0","1","1","TIER_P5"
"EA51120","C31120","Air Filter","1","0","1","1","TIER_P5"
"EAC311201X","C31120/1X","Air Filter","0","0","0","0","TIER_P5"
"EA51121","C31121","Air Filter","1","0","1","1","TIER_P5"
"EA51122","C31122","Air Filter","1","0","1","1","TIER_P5"
"EA51226","C311226","Air Filter","1","0","1","1","TIER_P5"
"EA52261","C311226/1","Air Filter","0","1","0","1","TIER_P4"
"EAC3112262X","C311226/2X","Air Filter","0","0","0","0","TIER_P5"
"EA51123","C31123","Air Filter","1","0","1","1","TIER_P5"
"EA51231","C311231","Air Filter","0","0","1","1","TIER_P5"
"EA51238","C311238","Air Filter","1","0","1","1","TIER_P5"
"EA51254","C311254","Air Filter","1","0","1","1","TIER_P5"
"EAC3112541","C311254/1","Air Filter","0","0","0","0","TIER_P5"
"EA51255","C311255","Air Filter","1","0","1","1","TIER_P5"
"EA51256","C311256","Air Filter","0","1","1","1","TIER_P4"
"EA52561","C311256/1","Air Filter","0","0","1","1","TIER_P5"
"EA52562","C311256/2","Air Filter","1","0","1","1","TIER_P5"
"EA51126","C31126","Air Filter","1","0","1","1","TIER_P5"
"EA51130","C31130","Air Filter","1","0","1","1","TIER_P5"
"EA51310","C311310","Air Filter","1","0","1","1","TIER_P5"
"EA51132","C31132","Air Filter","0","1","0","0","TIER_P4"
"EA51345","C311345","Air Filter","0","1","1","1","TIER_P4"
"EA53451","C311345/1","Air Filter","1","0","1","1","TIER_P5"
"EA51390","C311390","Air Filter","0","1","0","0","TIER_P4"
"EA51410","C311410","Air Filter","1","1","1","1","TIER_P1"
"EA51412","C311412","Air Filter","0","0","1","1","TIER_P5"
"EA51414","C311414","Air Filter","1","0","1","1","TIER_P5"
"EA51143","C31143","Air Filter","1","0","1","1","TIER_P5"
"EA51144","C31144","Air Filter","1","0","1","1","TIER_P5"
"EA51145","C31145","Air Filter","1","0","1","1","TIER_P5"
"EA51149","C31149","Air Filter","1","0","1","1","TIER_P5"
"EA51491","C31149/1","Air Filter","1","0","0","1","TIER_P5"
"EA51495","C311495","Air Filter","1","0","1","1","TIER_P5"
"EA51152","C31152","Air Filter","0","1","0","1","TIER_P4"
"EA51521","C31152/1","Air Filter","1","0","1","1","TIER_P5"
"EAC311522","C31152/2","Air Filter","0","0","0","1","TIER_P5"
"EA51670","C311670","Air Filter","0","0","1","1","TIER_P5"
"EA53118","C3118","Air Filter","1","0","1","1","TIER_P5"
"EA51190","C31190","Air Filter","1","0","1","1","TIER_P5"
"EA51902","C31190/2","Air Filter","1","1","0","0","TIER_P3"
"EA51900","C311900","Air Filter","1","0","1","1","TIER_P5"
"EA51195","C31195","Air Filter","1","0","1","1","TIER_P5"
"EA51196","C31196","Air Filter","1","0","1","1","TIER_P5"
"EA51220","C31220","Air Filter","1","0","1","1","TIER_P5"
"EAC312201","C31220/1","Air Filter","0","0","0","1","TIER_P5"
"EAC31221","C31221","Air Filter","0","0","0","0","TIER_P5"
"EA53126","C3126","Air Filter","1","0","1","1","TIER_P5"
"EA53127","C3127","Air Filter","1","0","1","1","TIER_P5"
"EA51280","C31280","Air Filter","0","0","1","1","TIER_P5"
"EA53132","C3132","Air Filter","1","0","1","1","TIER_P5"
"EA53136","C3136","Air Filter","1","0","1","1","TIER_P5"
"EA53141","C3141","Air Filter","0","1","0","1","TIER_P4"
"EA53145","C3145","Air Filter","1","0","1","1","TIER_P5"
"EA53146","C3146","Air Filter","0","1","1","1","TIER_P4"
"EAC31521","C31521","Air Filter","0","0","0","1","TIER_P5"
"EA53161","C3161","Air Filter","0","1","0","1","TIER_P4"
"EAC3163","C3163","Air Filter","0","0","0","1","TIER_P5"
"EA53166","C3166","Air Filter","1","0","1","1","TIER_P5"
"EA51671","C3167/1","Air Filter","1","0","1","1","TIER_P5"
"EAC317012","C3170/1/2","Air Filter","0","0","0","0","TIER_P5"
"EA51700","C31700","Air Filter","0","0","1","1","TIER_P5"
"EA51711","C3171/1","Air Filter","0","0","1","1","TIER_P5"
"EA53173","C3173","Air Filter","1","0","1","1","TIER_P5"
"EAC31751","C3175/1","Air Filter","0","0","0","1","TIER_P5"
"EAC31752","C3175/2","Air Filter","0","0","0","1","TIER_P5"
"EA51753","C3175/3","Air Filter","0","1","0","1","TIER_P4"
"EA51754","C3175/4","Air Filter","0","1","0","1","TIER_P4"
"EA53177","C3177","Air Filter","0","0","1","1","TIER_P5"
"EA53178","C3178","Air Filter","1","0","1","1","TIER_P5"
"EA53184","C3184","Air Filter","0","0","1","1","TIER_P5"
"EAC31850","C31850","Air Filter","0","0","0","0","TIER_P5"
"EA53188","C3188","Air Filter","1","0","1","1","TIER_P5"
"EAC3195","C3195","Air Filter","0","0","0","0","TIER_P5"
"EA51980","C31980","Air Filter","1","0","1","1","TIER_P5"
"EA50032","C32","Air Filter","1","0","1","1","TIER_P5"
"EAC321","C32/1","Air Filter","0","0","0","1","TIER_P5"
"EA50322","C32/2","Air Filter","0","1","0","1","TIER_P4"
"EA50323","C32/3","Air Filter","0","0","1","0","TIER_P5"
"EA53234","C32/3(4)","Air Filter","0","0","1","1","TIER_P5"
"EA50324","C32/4","Air Filter","0","0","1","0","TIER_P5"
"EA53244","C32/4(4)","Air Filter","0","1","0","1","TIER_P4"
"EA52003","C32003","Air Filter","1","0","1","1","TIER_P5"
"EA52004","C32004","Air Filter","1","0","1","1","TIER_P5"
"EA52005","C32005","Air Filter","1","0","1","1","TIER_P5"
"EAC32005M","C32005M","Air Filter","0","0","0","0","TIER_P5"
"EAC32006","C32006","Air Filter","0","0","0","0","TIER_P5"
"EA52007","C32007","Air Filter","0","1","0","0","TIER_P4"
"EAC32007M","C32007M","Air Filter","0","0","0","0","TIER_P5"
"EA52008","C32008","Air Filter","1","0","1","1","TIER_P5"
"EA52010","C32010","Air Filter","1","1","1","1","TIER_P1"
"EA52011","C32011","Air Filter","1","0","1","1","TIER_P5"
"EAC32011M","C32011M","Air Filter","0","0","0","0","TIER_P5"
"EA52013","C32013","Air Filter","1","1","1","1","TIER_P1"
"EA52014","C32014","Air Filter","1","0","1","1","TIER_P5"
"EA52015","C32015","Air Filter","0","0","1","1","TIER_P5"
"EA52017","C32017","Air Filter","1","0","1","1","TIER_P5"
"EA52021","C32021","Air Filter","0","1","0","0","TIER_P4"
"EA52024","C32024","Air Filter","0","0","1","0","TIER_P5"
"EAC32025","C32025","Air Filter","0","0","0","0","TIER_P5"
"EAC32032","C32032","Air Filter","0","0","0","0","TIER_P5"
"EAC32033","C32033","Air Filter","0","0","0","0","TIER_P5"
"EAC32036","C32036","Air Filter","0","0","0","0","TIER_P5"
"EAC32038","C32038","Air Filter","0","0","0","0","TIER_P5"
"EAC32042","C32042","Air Filter","0","0","0","0","TIER_P5"
"EA52043","C32043","Air Filter","1","0","1","1","TIER_P5"
"EA52045","C32045","Air Filter","1","0","1","1","TIER_P5"
"EAC32051","C32051","Air Filter","0","0","0","0","TIER_P5"
"EAC32052","C32052","Air Filter","0","0","0","1","TIER_P5"
"EAC32053","C32053","Air Filter","0","0","0","0","TIER_P5"
"EAC32055","C32055","Air Filter","0","0","0","0","TIER_P5"
"EAC32061","C32061","Air Filter","0","0","0","1","TIER_P5"
"EAC32064","C32064","Air Filter","0","0","0","0","TIER_P5"
"EA53210","C3210","Air Filter","1","0","1","1","TIER_P5"
"EA52108","C32108","Air Filter","1","1","1","1","TIER_P1"
"EA52112","C32112","Air Filter","0","0","1","1","TIER_P5"
"EA51601","C321160/1","Air Filter","1","0","1","1","TIER_P5"
"EA51170","C321170","Air Filter","0","0","1","1","TIER_P5"
"EA52119","C32119","Air Filter","0","0","1","1","TIER_P5"
"EA52120","C32120","Air Filter","1","0","1","1","TIER_P5"
"EA51201","C32120/1","Air Filter","1","0","1","1","TIER_P5"
"EAC321202","C32120/2","Air Filter","0","0","0","0","TIER_P5"
"EA52123","C32123","Air Filter","1","1","1","1","TIER_P1"
"EA51231","C32123/1","Air Filter","1","0","1","1","TIER_P5"
"EA52125","C32125","Air Filter","0","0","1","1","TIER_P5"
"EA52126","C32126","Air Filter","0","1","0","1","TIER_P4"
"EA52130","C32130","Air Filter","1","0","1","1","TIER_P5"
"EA52140","C32140","Air Filter","0","1","0","1","TIER_P4"
"EA51401","C32140/1","Air Filter","1","0","1","1","TIER_P5"
"EA54201","C321420/1","Air Filter","0","1","1","1","TIER_P4"
"EA54202","C321420/2","Air Filter","1","0","1","1","TIER_P5"
"EA51447","C321447","Air Filter","0","0","1","1","TIER_P5"
"EA51500","C321500","Air Filter","1","1","1","1","TIER_P1"
"EA52154","C32154","Air Filter","1","0","1","1","TIER_P5"
"EA51541","C32154/1","Air Filter","1","0","1","1","TIER_P5"
"EA52160","C32160","Air Filter","1","1","1","1","TIER_P1"
"EA52164","C32164","Air Filter","1","0","1","1","TIER_P5"
"EA51700","C321700","Air Filter","0","1","1","1","TIER_P4"
"EA57002","C321700/2","Air Filter","1","0","1","1","TIER_P5"
"EA57003","C321700/3","Air Filter","1","0","1","1","TIER_P5"
"EA51752","C321752","Air Filter","0","1","0","1","TIER_P4"
"EA57521","C321752/1","Air Filter","1","0","1","1","TIER_P5"
"EA51900","C321900","Air Filter","0","1","1","1","TIER_P4"
"EA59002","C321900/2","Air Filter","1","0","1","1","TIER_P5"
"EA52191","C32191","Air Filter","1","0","1","1","TIER_P5"
"EA51911","C32191/1","Air Filter","1","0","1","1","TIER_P5"
"EAC32191M","C32191M","Air Filter","0","0","0","0","TIER_P5"
"EA52199","C32199","Air Filter","1","0","1","1","TIER_P5"
"EA53220","C3220","Air Filter","1","0","1","1","TIER_P5"
"EA52222","C32222","Air Filter","0","1","0","0","TIER_P4"
"EA52293","C32293","Air Filter","1","0","1","1","TIER_P5"
"EA53230","C3230","Air Filter","1","0","1","1","TIER_P5"
"EA52328","C32328","Air Filter","1","0","1","1","TIER_P5"
"EA53233","C3233","Air Filter","0","0","1","1","TIER_P5"
"EA52331","C3233/1","Air Filter","1","0","1","1","TIER_P5"
"EAC32331","C32331","Air Filter","0","0","0","0","TIER_P5"
"EA52338","C32338","Air Filter","1","1","1","1","TIER_P1"
"EA53381","C32338/1","Air Filter","1","1","1","1","TIER_P1"
"EAC32339","C32339","Air Filter","0","0","0","0","TIER_P5"
"EAC3233M","C3233M","Air Filter","0","0","0","0","TIER_P5"
"EA52340","C32340","Air Filter","1","1","1","1","TIER_P1"
"EAC3236","C3236","Air Filter","0","0","0","0","TIER_P5"
"EAC32473","C32473","Air Filter","1","0","0","0","TIER_P5"
"EA52511","C3251/1","Air Filter","1","0","1","1","TIER_P5"
"EA53255","C3255","Air Filter","0","1","0","1","TIER_P4"
"EA53257","C3257","Air Filter","0","1","0","1","TIER_P4"
"EA53260","C3260","Air Filter","1","0","1","1","TIER_P5"
"EA53261","C3261","Air Filter","1","0","1","1","TIER_P5"
"EA52640","C32640","Air Filter","0","0","1","0","TIER_P5"
"EA56401","C32640/1","Air Filter","0","0","1","1","TIER_P5"
"EA53270","C3270","Air Filter","1","0","1","1","TIER_P5"
"EA53273","C3273","Air Filter","1","0","1","1","TIER_P5"
"EA53275","C3275","Air Filter","1","0","1","1","TIER_P5"
"EA53282","C3282","Air Filter","1","0","1","1","TIER_P5"
"EAC32820","C32820","Air Filter","0","0","0","1","TIER_P5"
"EA52841","C3284/1","Air Filter","0","1","0","1","TIER_P4"
"EA52842","C3284/2","Air Filter","1","0","1","1","TIER_P5"
"EA53287","C3287","Air Filter","0","1","0","1","TIER_P4"
"EA53290","C3290","Air Filter","0","1","0","1","TIER_P4"
"EA50033","C33","Air Filter","0","0","1","1","TIER_P5"
"EA50334","C33(4)","Air Filter","0","1","0","1","TIER_P4"
"EA50331","C33/1","Air Filter","0","0","1","1","TIER_P5"
"EA53314","C33/1(4)","Air Filter","0","1","0","1","TIER_P4"
"EA53001","C33001","Air Filter","1","0","1","1","TIER_P5"
"EA53004","C33004","Air Filter","1","0","1","0","TIER_P5"
"EA53005","C33005","Air Filter","1","0","1","1","TIER_P5"
"EA53006","C33006","Air Filter","1","0","1","1","TIER_P5"
"EA53007","C33007","Air Filter","1","0","1","1","TIER_P5"
"EA53009","C33009","Air Filter","0","0","1","1","TIER_P5"
"EA53013","C33013","Air Filter","1","1","1","1","TIER_P1"
"EA53017","C33017","Air Filter","1","0","1","1","TIER_P5"
"EA53018","C33018","Air Filter","1","0","1","1","TIER_P5"
"EAC33022","C33022","Air Filter","0","0","0","0","TIER_P5"
"EAC33023","C33023","Air Filter","0","0","0","0","TIER_P5"
"EAC33028","C33028","Air Filter","0","0","0","0","TIER_P5"
"EAC33031","C33031","Air Filter","0","0","0","0","TIER_P5"
"EAC33043","C33043","Air Filter","0","0","0","0","TIER_P5"
"EA53050","C33050","Air Filter","1","0","1","1","TIER_P5"
"EAC33051","C33051","Air Filter","0","0","0","0","TIER_P5"
"EAC33061","C33061","Air Filter","0","0","0","0","TIER_P5"
"EA51015","C331015","Air Filter","1","0","1","1","TIER_P5"
"EA53102","C33102","Air Filter","1","0","1","1","TIER_P5"
"EA53106","C33106","Air Filter","1","0","1","1","TIER_P5"
"EA53125","C33125","Air Filter","0","0","1","1","TIER_P5"
"EA53128","C33128","Air Filter","0","1","1","1","TIER_P4"
"EA53130","C33130","Air Filter","1","0","1","1","TIER_P5"
"EA51305","C331305","Air Filter","1","0","1","1","TIER_P5"
"EA51460","C331460","Air Filter","0","1","1","1","TIER_P4"
"EA54601","C331460/1","Air Filter","1","0","1","1","TIER_P5"
"EA51465","C331465","Air Filter","0","1","0","1","TIER_P4"
"EA54651","C331465/1","Air Filter","1","1","1","1","TIER_P1"
"EA51476","C331476","Air Filter","1","0","1","1","TIER_P5"
"EA53156","C33156","Air Filter","1","1","1","1","TIER_P1"
"EA51561","C33156/1","Air Filter","1","0","1","1","TIER_P5"
"EA56001","C331600/1","Air Filter","0","1","0","1","TIER_P4"
"EA56002","C331600/2","Air Filter","1","0","1","1","TIER_P5"
"EA51605","C331605","Air Filter","0","0","1","1","TIER_P5"
"EA51630","C331630","Air Filter","0","1","1","1","TIER_P4"
"EA56301","C331630/1","Air Filter","0","0","1","0","TIER_P5"
"EA56302","C331630/2","Air Filter","1","1","1","1","TIER_P1"
"EA53318","C3318","Air Filter","1","0","1","1","TIER_P5"
"EAC331825","C331825","Air Filter","1","0","0","0","TIER_P5"
"EA51840","C331840","Air Filter","1","0","1","1","TIER_P5"
"EA58401","C331840/1","Air Filter","1","0","1","1","TIER_P5"
"EA53189","C33189","Air Filter","1","0","1","1","TIER_P5"
"EA51891","C33189/1","Air Filter","1","0","1","1","TIER_P5"
"EA53194","C33194","Air Filter","1","0","1","1","TIER_P5"
"EA53220","C33220","Air Filter","0","0","1","1","TIER_P5"
"EA52200","C332200","Air Filter","1","1","1","1","TIER_P1"
"EA53324","C3324","Air Filter","1","0","1","1","TIER_P5"
"EA53241","C33241","Air Filter","0","1","0","1","TIER_P4"
"EA53256","C33256","Air Filter","1","0","1","1","TIER_P5"
"EA53327","C3327","Air Filter","0","0","1","1","TIER_P5"
"EA53280","C33280","Air Filter","0","1","0","1","TIER_P4"
"EA53300","C33300","Air Filter","0","1","1","0","TIER_P4"
"EA53336","C3336","Air Filter","0","0","1","1","TIER_P5"
"EA53361","C3336/1","Air Filter","0","0","1","1","TIER_P5"
"EA53338","C3338","Air Filter","0","0","1","1","TIER_P5"
"EA53381","C3338/1","Air Filter","1","1","0","0","TIER_P3"
"EA53347","C3347","Air Filter","0","0","1","1","TIER_P5"
"EA53530","C33530","Air Filter","0","1","1","0","TIER_P4"
"EA53540","C33540","Air Filter","0","1","0","1","TIER_P4"
"EA53612","C3361/2","Air Filter","0","1","0","0","TIER_P4"
"EA53365","C3365","Air Filter","0","0","1","1","TIER_P5"
"EA53366","C3366","Air Filter","1","0","1","1","TIER_P5"
"EA53377","C3377","Air Filter","1","0","1","1","TIER_P5"
"EA53382","C3382","Air Filter","0","1","0","1","TIER_P4"
"EA53383","C3383","Air Filter","0","0","1","1","TIER_P5"
"EA53831","C3383/1","Air Filter","1","0","1","1","TIER_P5"
"EA53388","C3388","Air Filter","1","0","1","1","TIER_P5"
"EA53920","C33920","Air Filter","1","0","1","1","TIER_P5"
"EA59203","C33920/3","Air Filter","1","0","1","1","TIER_P5"
"EA59205","C33920/5","Air Filter","1","1","1","1","TIER_P1"
"EA59206","C33920/6","Air Filter","1","1","1","1","TIER_P1"
"EA53921","C33921","Air Filter","0","1","0","1","TIER_P4"
"EA53922","C33922","Air Filter","1","0","1","1","TIER_P5"
"EA53394","C3394","Air Filter","1","0","1","1","TIER_P5"
"EA53962","C33962","Air Filter","0","1","0","1","TIER_P4"
"EA53397","C3397","Air Filter","1","0","1","1","TIER_P5"
"EAC34","C34","Air Filter","0","0","0","1","TIER_P5"
"EA54001","C34001","Air Filter","1","0","1","1","TIER_P5"
"EA54002","C34002","Air Filter","1","0","1","1","TIER_P5"
"EA54003","C34003","Air Filter","1","0","1","1","TIER_P5"
"EA54005","C34005","Air Filter","0","1","1","1","TIER_P4"
"EA50051","C34005/1","Air Filter","1","0","1","1","TIER_P5"
"EA54008","C34008","Air Filter","1","0","1","1","TIER_P5"
"EA54012","C34012","Air Filter","1","0","1","1","TIER_P5"
"EAC34013","C34013","Air Filter","0","0","0","0","TIER_P5"
"EAC34015","C34015","Air Filter","0","0","0","0","TIER_P5"
"EAC34016","C34016","Air Filter","0","0","0","0","TIER_P5"
"EA54017","C34017","Air Filter","1","0","1","1","TIER_P5"
"EAC34021","C34021","Air Filter","0","0","0","0","TIER_P5"
"EAC34022","C34022","Air Filter","0","0","0","0","TIER_P5"
"EAC34023","C34023","Air Filter","0","0","0","0","TIER_P5"
"EAC34025","C34025","Air Filter","0","0","0","0","TIER_P5"
"EAC34026","C34026","Air Filter","0","0","0","0","TIER_P5"
"EAC34052","C34052","Air Filter","0","0","0","0","TIER_P5"
"EA54100","C34100","Air Filter","1","0","1","1","TIER_P5"
"EA54101","C34101","Air Filter","1","0","1","1","TIER_P5"
"EA54104","C34104","Air Filter","1","0","1","1","TIER_P5"
"EA54109","C34109","Air Filter","1","0","1","1","TIER_P5"
"EA51091","C34109/1","Air Filter","0","1","0","1","TIER_P4"
"EA51092","C34109/2","Air Filter","1","0","1","1","TIER_P5"
"EA54110","C34110","Air Filter","1","0","1","1","TIER_P5"
"EA54116","C34116","Air Filter","0","0","1","1","TIER_P5"
"EA51161","C34116/1","Air Filter","1","0","1","1","TIER_P5"
"EA54120","C34120","Air Filter","1","0","1","1","TIER_P5"
"EAC341232","C34123/2","Air Filter","0","0","0","0","TIER_P5"
"EA51300","C341300","Air Filter","0","0","1","1","TIER_P5"
"EA54140","C34140","Air Filter","1","0","1","1","TIER_P5"
"EA51500","C341500","Air Filter","0","1","1","1","TIER_P4"
"EA55001","C341500/1","Air Filter","1","0","1","1","TIER_P5"
"EA54175","C34175","Air Filter","1","1","1","1","TIER_P1"
"EA51751","C34175/1","Air Filter","1","0","1","1","TIER_P5"
"EA54200","C34200","Air Filter","1","0","1","1","TIER_P5"
"EA53434","C3434","Air Filter","1","0","1","1","TIER_P5"
"EA54360","C34360","Air Filter","0","1","0","1","TIER_P4"
"EA53437","C3437","Air Filter","0","1","0","1","TIER_P4"
"EA54430","C34430","Air Filter","0","0","1","1","TIER_P5"
"EA54540","C34540","Air Filter","0","1","1","1","TIER_P4"
"EA55401","C34540/1","Air Filter","1","1","1","1","TIER_P1"
"EA53459","C3459","Air Filter","1","0","1","1","TIER_P5"
"EA53461","C3461","Air Filter","0","0","1","1","TIER_P5"
"EA53463","C3463","Air Filter","1","0","1","1","TIER_P5"
"EA53465","C3465","Air Filter","0","0","1","1","TIER_P5"
"EA54651","C3465/1","Air Filter","0","0","1","1","TIER_P5"
"EA53468","C3468","Air Filter","0","1","0","1","TIER_P4"
"EA54681","C3468/1","Air Filter","0","1","1","1","TIER_P4"
"EA53471","C3471","Air Filter","0","0","1","1","TIER_P5"
"EA53474","C3474","Air Filter","1","0","1","1","TIER_P5"
"EA53475","C3475","Air Filter","0","0","1","1","TIER_P5"
"EA53479","C3479","Air Filter","1","0","1","1","TIER_P5"
"EA53483","C3483","Air Filter","0","1","0","1","TIER_P4"
"EA54831","C3483/1","Air Filter","1","0","1","1","TIER_P5"
"EA53484","C3484","Air Filter","1","0","1","1","TIER_P5"
"EA53485","C3485","Air Filter","0","1","0","1","TIER_P4"
"EA54851","C3485/1","Air Filter","0","1","0","1","TIER_P4"
"EA54852","C3485/2","Air Filter","1","0","1","1","TIER_P5"
"EAC34852M","C3485/2M","Air Filter","0","0","0","0","TIER_P5"
"EAC34904","C34904","Air Filter","0","0","0","0","TIER_P5"
"EAC3494","C3494","Air Filter","0","0","0","0","TIER_P5"
"EA53495","C3495","Air Filter","1","0","1","1","TIER_P5"
"EA53498","C3498","Air Filter","1","0","1","1","TIER_P5"
"EA50035","C35","Air Filter","0","0","1","1","TIER_P5"
"EA55003","C35003","Air Filter","1","0","1","1","TIER_P5"
"EA55004","C35004","Air Filter","1","0","1","1","TIER_P5"
"EA55005","C35005","Air Filter","1","0","1","0","TIER_P5"
"EA55006","C35006","Air Filter","0","1","0","1","TIER_P4"
"EA55008","C35008","Air Filter","1","0","1","1","TIER_P5"
"EA55009","C35009","Air Filter","1","0","1","1","TIER_P5"
"EA55010","C35010","Air Filter","1","0","1","1","TIER_P5"
"EA55011","C35011","Air Filter","1","0","1","1","TIER_P5"
"EA55012","C35012","Air Filter","1","0","1","1","TIER_P5"
"EA55014","C35014","Air Filter","1","0","1","1","TIER_P5"
"EA55015","C35015","Air Filter","1","0","1","1","TIER_P5"
"EAC35015M","C35015M","Air Filter","0","0","0","0","TIER_P5"
"EA55017","C35017","Air Filter","1","0","1","1","TIER_P5"
"EAC35018","C35018","Air Filter","0","0","0","0","TIER_P5"
"EAC35019","C35019","Air Filter","0","0","0","0","TIER_P5"
"EAC35020","C35020","Air Filter","0","0","0","0","TIER_P5"
"EA55021","C35021","Air Filter","1","0","1","1","TIER_P5"
"EAC35030","C35030","Air Filter","0","0","0","0","TIER_P5"
"EAC35031","C35031","Air Filter","0","0","0","0","TIER_P5"
"EA55104","C35104","Air Filter","0","0","1","1","TIER_P5"
"EA55110","C35110","Air Filter","1","0","1","1","TIER_P5"
"EA55111","C35111","Air Filter","1","0","1","1","TIER_P5"
"EAC351177","C351177","Air Filter","0","0","0","0","TIER_P5"
"EA55118","C35118","Air Filter","1","0","1","1","TIER_P5"
"EA55124","C35124","Air Filter","1","0","1","1","TIER_P5"
"EA51241","C35124/1","Air Filter","0","1","0","0","TIER_P4"
"EA55126","C35126","Air Filter","1","0","1","1","TIER_P5"
"EA55127","C35127","Air Filter","0","1","0","1","TIER_P4"
"EA55134","C35134","Air Filter","1","0","1","1","TIER_P5"
"EA55140","C35140","Air Filter","1","0","1","1","TIER_P5"
"EA55148","C35148","Air Filter","1","0","1","1","TIER_P5"
"EA55154","C35154","Air Filter","1","1","1","1","TIER_P1"
"EA51541","C35154/1","Air Filter","1","0","1","1","TIER_P5"
"EA55156","C35156","Air Filter","1","0","1","1","TIER_P5"
"EA55157","C35157","Air Filter","1","0","1","1","TIER_P5"
"EA51592","C351592","Air Filter","1","1","1","1","TIER_P1"
"EA55160","C35160","Air Filter","0","1","1","1","TIER_P4"
"EA51601","C35160/1","Air Filter","1","0","1","1","TIER_P5"
"EA55177","C35177","Air Filter","1","0","1","1","TIER_P5"
"EA55177","C35177M","Air Filter","1","1","0","0","TIER_P3"
"EA55178","C35178","Air Filter","0","1","0","1","TIER_P4"
"EA51820","C351820","Air Filter","1","0","1","1","TIER_P5"
"EA55215","C35215","Air Filter","1","0","1","1","TIER_P5"
"EA52260","C352260","Air Filter","1","1","1","1","TIER_P1"
"EA52602","C352260/2","Air Filter","0","1","0","1","TIER_P4"
"EA52270","C352270","Air Filter","1","0","1","1","TIER_P5"
"EA53534","C3534","Air Filter","0","0","1","1","TIER_P5"
"EA53553","C3553","Air Filter","0","1","0","1","TIER_P4"
"EA53555","C3555","Air Filter","0","0","1","1","TIER_P5"
"EA53569","C3569","Air Filter","1","0","1","1","TIER_P5"
"EA53575","C3575","Air Filter","1","0","1","1","TIER_P5"
"EA53576","C3576","Air Filter","1","0","1","1","TIER_P5"
"EA53578","C3578","Air Filter","0","0","1","1","TIER_P5"
"EA53585","C3585","Air Filter","1","0","1","1","TIER_P5"
"EA53594","C3594","Air Filter","1","0","1","1","TIER_P5"
"EA55941","C3594/1","Air Filter","1","0","1","1","TIER_P5"
"EAC35942","C3594/2","Air Filter","0","0","0","0","TIER_P5"
"EA53597","C3597","Air Filter","1","0","1","1","TIER_P5"
"EA56001","C36001","Air Filter","0","1","1","1","TIER_P4"
"EA56002","C36002","Air Filter","1","0","1","1","TIER_P5"
"EA56003","C36003","Air Filter","1","0","1","1","TIER_P5"
"EAC36003M","C36003M","Air Filter","0","0","0","0","TIER_P5"
"EA56004","C36004","Air Filter","1","0","1","1","TIER_P5"
"EA56005","C36005","Air Filter","0","1","0","0","TIER_P4"
"EA56006","C36006","Air Filter","0","1","1","1","TIER_P4"
"EA50061","C36006/1","Air Filter","1","0","1","1","TIER_P5"
"EA56007","C36007","Air Filter","0","1","0","0","TIER_P4"
"EAC360071","C36007/1","Air Filter","0","0","0","0","TIER_P5"
"EA56007","C36007KIT","Air Filter","1","0","1","1","TIER_P5"
"EA56008","C36008","Air Filter","1","0","1","1","TIER_P5"
"EA56009","C36009","Air Filter","1","0","1","1","TIER_P5"
"EA56010","C36010","Air Filter","1","0","1","1","TIER_P5"
"EA56011","C36011","Air Filter","0","1","1","1","TIER_P4"
"EA50112","C36011/2","Air Filter","1","1","1","1","TIER_P1"
"EA56013","C36013","Air Filter","1","0","1","1","TIER_P5"
"EA56014","C36014","Air Filter","1","0","1","1","TIER_P5"
"EAC36015","C36015","Air Filter","0","0","0","0","TIER_P5"
"EA56016","C36016","Air Filter","1","0","1","1","TIER_P5"
"EAC36019","C36019","Air Filter","0","0","0","0","TIER_P5"
"EA56020","C36020","Air Filter","1","0","1","1","TIER_P5"
"EAC36022","C36022","Air Filter","0","0","0","0","TIER_P5"
"EAC36023","C36023","Air Filter","0","0","0","0","TIER_P5"
"EA56028","C36028","Air Filter","1","0","1","1","TIER_P5"
"EA56030","C36030","Air Filter","1","0","1","1","TIER_P5"
"EA56031","C36031","Air Filter","1","0","1","1","TIER_P5"
"EAC36032","C36032","Air Filter","0","0","0","0","TIER_P5"
"EAC36041","C36041","Air Filter","0","0","0","0","TIER_P5"
"EAC36051","C36051","Air Filter","0","0","0","0","TIER_P5"
"EA51008","C361008","Air Filter","0","1","0","1","TIER_P4"
"EAC36110","C36110","Air Filter","0","0","0","0","TIER_P5"
"EA56111","C36111","Air Filter","0","1","0","1","TIER_P4"
"EA51142","C361142","Air Filter","1","1","1","1","TIER_P1"
"EA56145","C36145","Air Filter","1","0","1","1","TIER_P5"
"EAC361552","C361552","Air Filter","0","0","0","1","TIER_P5"
"EA56157","C36157","Air Filter","1","0","1","1","TIER_P5"
"EA56168","C36168","Air Filter","1","0","1","1","TIER_P5"
"EA56172","C36172","Air Filter","1","0","1","1","TIER_P5"
"EA51820","C361820","Air Filter","1","1","1","1","TIER_P1"
"EA56188","C36188","Air Filter","1","1","1","1","TIER_P1"
"EA51881","C36188/1","Air Filter","1","0","1","1","TIER_P5"
"EA56221","C36221","Air Filter","1","0","1","1","TIER_P5"
"EA53665","C3665","Air Filter","1","0","1","1","TIER_P5"
"EA53671","C3671","Air Filter","1","1","0","1","TIER_P3"
"EA56840","C36840","Air Filter","0","0","1","1","TIER_P5"
"EA58401","C36840/1","Air Filter","0","0","1","1","TIER_P5"
"EA58403","C36840/3","Air Filter","1","0","1","1","TIER_P5"
"EA53687","C3687","Air Filter","0","0","1","1","TIER_P5"
"EA53689","C3689","Air Filter","1","0","1","1","TIER_P5"
"EA53698","C3698","Air Filter","0","1","0","1","TIER_P4"
"EAC36982","C3698/2","Air Filter","0","0","0","0","TIER_P5"
"EAC369832","C3698/3/2","Air Filter","0","0","0","0","TIER_P5"
"EAC369981","C36998/1","Air Filter","0","0","0","1","TIER_P5"
"EA50037","C37","Air Filter","0","0","1","1","TIER_P5"
"EA57001","C37001","Air Filter","0","1","0","0","TIER_P4"
"EA57005","C37005","Air Filter","1","0","1","1","TIER_P5"
"EA57006","C37006","Air Filter","0","1","0","0","TIER_P4"
"EA57008","C37008","Air Filter","0","1","0","0","TIER_P4"
"EA57009","C37009","Air Filter","1","0","1","1","TIER_P5"
"EAC370091","C37009/1","Air Filter","0","0","0","0","TIER_P5"
"EAC37010","C37010","Air Filter","0","0","0","0","TIER_P5"
"EAC37011","C37011","Air Filter","0","0","0","0","TIER_P5"
"EAC370111","C37011/1","Air Filter","0","0","0","0","TIER_P5"
"EAC37013","C37013","Air Filter","0","0","0","0","TIER_P5"
"EAC37015","C37015","Air Filter","0","0","0","0","TIER_P5"
"EAC37018","C37018","Air Filter","0","0","0","0","TIER_P5"
"EAC37022","C37022","Air Filter","0","0","0","0","TIER_P5"
"EA57100","C37100","Air Filter","1","0","1","1","TIER_P5"
"EAC37101","C37101","Air Filter","0","0","0","0","TIER_P5"
"EA57107","C37107","Air Filter","1","0","1","1","TIER_P5"
"EA57114","C37114","Air Filter","1","0","1","1","TIER_P5"
"EA57132","C37132","Air Filter","1","0","1","1","TIER_P5"
"EA57145","C37145","Air Filter","1","0","1","1","TIER_P5"
"EA57148","C37148","Air Filter","1","0","1","1","TIER_P5"
"EA57153","C37153","Air Filter","1","1","1","1","TIER_P1"
"EA51531","C37153/1","Air Filter","1","0","1","1","TIER_P5"
"EA57157","C37157","Air Filter","1","0","1","1","TIER_P5"
"EA58302","C371830/2","Air Filter","0","0","1","1","TIER_P5"
"EA51930","C371930","Air Filter","0","1","1","1","TIER_P4"
"EA59302","C371930/2","Air Filter","1","1","1","1","TIER_P1"
"EA52070","C372070","Air Filter","0","1","1","1","TIER_P4"
"EA50702","C372070/2","Air Filter","1","0","1","1","TIER_P5"
"EA53725","C3725","Air Filter","1","0","1","1","TIER_P5"
"EA52680","C372680","Air Filter","0","1","1","1","TIER_P4"
"EA56802","C372680/2","Air Filter","1","0","1","1","TIER_P5"
"EAC37306","C37306","Air Filter","0","0","0","0","TIER_P5"
"EA53744","C3744","Air Filter","1","0","1","1","TIER_P5"
"EA57441","C3744/1","Air Filter","1","0","1","1","TIER_P5"
"EA53747","C3747","Air Filter","1","0","1","1","TIER_P5"
"EA50375","C375","Air Filter","1","0","1","1","TIER_P5"
"EA53766","C3766","Air Filter","1","0","1","1","TIER_P5"
"EAC3766M","C3766M","Air Filter","0","0","0","0","TIER_P5"
"EA53777","C3777","Air Filter","0","1","0","1","TIER_P4"
"EA58201","C37820/1","Air Filter","1","0","1","1","TIER_P5"
"EA58001","C38001","Air Filter","1","0","1","1","TIER_P5"
"EA58002","C38002","Air Filter","1","0","1","1","TIER_P5"
"EA58003","C38003","Air Filter","1","0","1","1","TIER_P5"
"EA58004","C38004","Air Filter","0","0","1","1","TIER_P5"
"EA58010","C38010","Air Filter","1","1","1","1","TIER_P1"
"EA58011","C38011","Air Filter","1","0","1","1","TIER_P5"
"EAC380111","C38011/1","Air Filter","0","0","0","0","TIER_P5"
"EA58014","C38014X","Air Filter","1","0","1","1","TIER_P5"
"EAC38016","C38016","Air Filter","0","0","0","0","TIER_P5"
"EAC38017","C38017","Air Filter","0","0","0","0","TIER_P5"
"EAC38018","C38018","Air Filter","0","0","0","0","TIER_P5"
"EA58116","C38116","Air Filter","1","0","1","1","TIER_P5"
"EA58120","C38120","Air Filter","0","0","1","1","TIER_P5"
"EA58130","C38130","Air Filter","1","0","1","1","TIER_P5"
"EA51365","C381365","Air Filter","0","0","1","1","TIER_P5"
"EA58145","C38145","Air Filter","1","0","1","1","TIER_P5"
"EA58147","C38147","Air Filter","0","1","0","0","TIER_P4"
"EA58161","C38161","Air Filter","0","0","1","1","TIER_P5"
"EA58163","C38163","Air Filter","0","1","0","1","TIER_P4"
"EA51631","C38163/1","Air Filter","1","0","1","1","TIER_P5"
"EA51632","C38163/2","Air Filter","0","0","1","1","TIER_P5"
"EA53062","C383062","Air Filter","1","1","1","1","TIER_P1"
"EAC38309","C38309","Air Filter","0","0","0","0","TIER_P5"
"EA58331","C38331","Air Filter","1","0","1","0","TIER_P5"
"EA53842","C3842","Air Filter","0","1","0","1","TIER_P4"
"EA53871","C3871","Air Filter","0","0","1","1","TIER_P5"
"EA53873","C3873","Air Filter","1","0","1","1","TIER_P5"
"EA53874","C3874","Air Filter","1","0","1","1","TIER_P5"
"EA53875","C3875","Air Filter","1","1","1","1","TIER_P1"
"EA58751","C3875/1","Air Filter","1","1","1","1","TIER_P1"
"EA53877","C3877","Air Filter","0","1","0","1","TIER_P4"
"EA58771","C3877/1","Air Filter","1","0","1","1","TIER_P5"
"EA53880","C3880","Air Filter","1","0","1","1","TIER_P5"
"EAC3880M","C3880M","Air Filter","0","0","0","0","TIER_P5"
"EA59001","C39001","Air Filter","1","0","1","1","TIER_P5"
"EA59002","C39002","Air Filter","1","1","1","1","TIER_P1"
"EAC39005","C39005","Air Filter","0","0","0","0","TIER_P5"
"EA59108","C39108","Air Filter","1","0","1","1","TIER_P5"
"EA51601","C39160/1","Air Filter","0","0","1","1","TIER_P5"
"EA59161","C39161","Air Filter","1","0","1","1","TIER_P5"
"EA59201","C39201","Air Filter","1","0","1","1","TIER_P5"
"EA59219","C39219","Air Filter","1","1","1","1","TIER_P1"
"EA53975","C3975","Air Filter","0","1","0","1","TIER_P4"
"EA59751","C3975/1","Air Filter","1","0","1","1","TIER_P5"
"EA53984","C3984","Air Filter","1","1","0","1","TIER_P3"
"EA53993","C3993","Air Filter","1","0","1","1","TIER_P5"
"EA50001","C40001","Air Filter","1","0","1","1","TIER_P5"
"EA50002","C40002","Air Filter","1","0","1","1","TIER_P5"
"EA50006","C40006","Air Filter","1","0","1","1","TIER_P5"
"EA50010","C40010","Air Filter","1","1","0","0","TIER_P3"
"EAC40011","C40011","Air Filter","0","0","0","0","TIER_P5"
"EAC4002","C4002","Air Filter","0","0","0","0","TIER_P5"
"EAC40043","C40043","Air Filter","0","0","0","0","TIER_P5"
"EA50107","C40107","Air Filter","1","0","1","1","TIER_P5"
"EA50108","C40108","Air Filter","0","0","1","1","TIER_P5"
"EA50124","C40124","Air Filter","1","0","1","1","TIER_P5"
"EAC401460","C401460","Air Filter","1","0","0","1","TIER_P5"
"EAC4014601","C401460/1","Air Filter","0","0","0","1","TIER_P5"
"EA50163","C40163","Air Filter","1","0","1","1","TIER_P5"
"EA50174","C40174","Air Filter","1","0","1","1","TIER_P5"
"EA54019","C4019","Air Filter","1","0","1","1","TIER_P5"
"EA50193","C40193","Air Filter","1","0","1","1","TIER_P5"
"EA54057","C4057","Air Filter","0","1","0","0","TIER_P4"
"EA54085","C4085","Air Filter","1","1","0","1","TIER_P3"
"EA54087","C4087","Air Filter","0","0","1","1","TIER_P5"
"EA50410","C410","Air Filter","0","1","0","1","TIER_P4"
"EA51001","C41001","Air Filter","0","0","1","1","TIER_P5"
"EAC41001DECKEL","C41001DECKEL","Air Filter","0","0","0","0","TIER_P5"
"EA51001","C41001KIT","Air Filter","0","1","1","1","TIER_P4"
"EA51002","C41002","Air Filter","1","0","1","1","TIER_P5"
"EAC41006","C41006","Air Filter","0","0","0","0","TIER_P5"
"EAC41011","C41011","Air Filter","0","0","0","0","TIER_P5"
"EA50411","C411","Air Filter","0","1","0","1","TIER_P4"
"EA51110","C41110","Air Filter","1","0","1","1","TIER_P5"
"EA51121","C41121","Air Filter","1","0","1","1","TIER_P5"
"EA51123","C41123","Air Filter","1","0","1","1","TIER_P5"
"EA51173","C41173","Air Filter","1","0","1","1","TIER_P5"
"EA51776","C411776","Air Filter","0","0","1","1","TIER_P5"
"EA54190","C4190","Air Filter","1","0","1","1","TIER_P5"
"EA51901","C4190/1","Air Filter","0","0","1","1","TIER_P5"
"EA50421","C42/1","Air Filter","1","0","1","1","TIER_P5"
"EA50422","C42/2","Air Filter","1","0","1","1","TIER_P5"
"EAC420","C420","Air Filter","1","0","0","1","TIER_P5"
"EA52002","C42002","Air Filter","1","0","1","1","TIER_P5"
"EAC42003","C42003","Air Filter","1","1","0","1","TIER_P3"
"EAC42004","C42004","Air Filter","0","0","0","0","TIER_P5"
"EAC42006","C42006","Air Filter","0","0","0","0","TIER_P5"
"EA52098","C42098","Air Filter","1","0","1","1","TIER_P5"
"EA51404","C421404","Air Filter","1","0","1","1","TIER_P5"
"EAC421550","C421550","Air Filter","0","0","0","0","TIER_P5"
"EAC4215501","C421550/1","Air Filter","0","0","0","0","TIER_P5"
"EA51729","C421729","Air Filter","1","0","1","1","TIER_P5"
"EA52192","C42192","Air Filter","0","1","0","1","TIER_P4"
"EA51921","C42192/1","Air Filter","1","0","1","1","TIER_P5"
"EA52475","C42475","Air Filter","0","0","1","1","TIER_P5"
"EA54265","C4265","Air Filter","1","0","1","1","TIER_P5"
"EA52723","C42723","Air Filter","0","0","1","1","TIER_P5"
"EA54280","C4280","Air Filter","0","1","0","0","TIER_P4"
"EA54282","C4282","Air Filter","1","0","1","1","TIER_P5"
"EA54287","C4287","Air Filter","0","1","0","1","TIER_P4"
"EA52871","C4287/1","Air Filter","1","1","1","1","TIER_P1"
"EA52872","C4287/2","Air Filter","1","0","1","1","TIER_P5"
"EAC42873","C4287/3","Air Filter","0","0","0","0","TIER_P5"
"EA50043","C43","Air Filter","1","0","1","1","TIER_P5"
"EA50431","C43/1","Air Filter","0","1","0","1","TIER_P4"
"EA50432","C43/2","Air Filter","1","0","1","1","TIER_P5"
"EA50433","C43/3","Air Filter","0","0","1","0","TIER_P5"
"EA54334","C43/3(4)","Air Filter","0","1","0","1","TIER_P4"
"EA53002","C43002","Air Filter","1","0","1","1","TIER_P5"
"EA53102","C43102","Air Filter","1","0","1","1","TIER_P5"
"EA51090","C431090","Air Filter","1","0","1","1","TIER_P5"
"EAC4310901","C431090/1","Air Filter","1","0","0","1","TIER_P5"
"EA54312","C4312","Air Filter","0","1","1","1","TIER_P4"
"EA53121","C4312/1","Air Filter","1","0","1","1","TIER_P5"
"EA53139","C43139","Air Filter","1","0","1","1","TIER_P5"
"EA54369","C4369","Air Filter","0","1","0","1","TIER_P4"
"EA54371","C4371","Air Filter","0","1","1","1","TIER_P4"
"EA53711","C4371/1","Air Filter","1","0","1","1","TIER_P5"
"EA53712","C4371/2","Air Filter","1","1","1","1","TIER_P1"
"EA54373","C4373","Air Filter","1","0","1","1","TIER_P5"
"EA53731","C4373/1","Air Filter","1","0","1","1","TIER_P5"
"EA53732","C4373/2","Air Filter","1","0","1","1","TIER_P5"
"EA50044","C44","Air Filter","1","0","1","1","TIER_P5"
"EA50442","C44/2","Air Filter","0","0","1","1","TIER_P5"
"EAC443","C44/3","Air Filter","0","0","0","1","TIER_P5"
"EA50445","C44/5","Air Filter","0","0","1","1","TIER_P5"
"EA50446","C44/6","Air Filter","0","0","1","0","TIER_P5"
"EA54464","C44/6(4)","Air Filter","0","1","0","1","TIER_P4"
"EA50447","C44/7","Air Filter","0","0","1","0","TIER_P5"
"EA54474","C44/7(4)","Air Filter","0","1","0","1","TIER_P4"
"EAC44001","C44001","Air Filter","0","0","0","0","TIER_P5"
"EAC44002","C44002","Air Filter","0","0","0","0","TIER_P5"
"EAC44008","C44008","Air Filter","0","0","0","0","TIER_P5"
"EA54476","C4476","Air Filter","1","0","1","1","TIER_P5"
"EA54499","C4499","Air Filter","0","0","1","1","TIER_P5"
"EAC45","C45","Air Filter","0","0","0","0","TIER_P5"
"EA50452","C45/2","Air Filter","0","0","1","1","TIER_P5"
"EA54524","C45/2(4)","Air Filter","1","0","1","1","TIER_P5"
"EA55002","C45002","Air Filter","1","1","1","1","TIER_P1"
"EA55004","C45004","Air Filter","1","0","1","1","TIER_P5"
"EAC450041","C45004/1","Air Filter","0","0","0","0","TIER_P5"
"EA55005","C45005X","Air Filter","1","0","1","1","TIER_P5"
"EA51731","C45173/1","Air Filter","0","0","1","1","TIER_P5"
"EAC4520262","C452026/2","Air Filter","1","0","0","1","TIER_P5"
"EAC452695","C452695","Air Filter","1","0","0","1","TIER_P5"
"EA53265","C453265","Air Filter","0","1","1","1","TIER_P4"
"EA52652","C453265/2X","Air Filter","1","1","1","1","TIER_P1"
"EA53265","C453265X","Air Filter","1","0","1","1","TIER_P5"
"EA53280","C453280","Air Filter","1","0","1","1","TIER_P5"
"EA55336","C45336","Air Filter","0","1","0","1","TIER_P4"
"EAC454444","C454444","Air Filter","1","0","0","1","TIER_P5"
"EAC4588","C4588","Air Filter","0","0","0","0","TIER_P5"
"EA50046","C46","Air Filter","1","0","1","1","TIER_P5"
"EA56001","C46001","Air Filter","1","0","1","1","TIER_P5"
"EAC46003","C46003","Air Filter","0","0","0","0","TIER_P5"
"EA56010","C46010","Air Filter","1","0","1","1","TIER_P5"
"EA56150","C46150","Air Filter","1","0","1","1","TIER_P5"
"EA54692","C4692","Air Filter","1","0","1","1","TIER_P5"
"EA54694","C4694","Air Filter","1","0","1","1","TIER_P5"
"EA54695","C4695","Air Filter","1","0","1","1","TIER_P5"
"EA57109","C47109","Air Filter","1","0","1","1","TIER_P5"
"EA57119","C47119","Air Filter","0","0","1","1","TIER_P5"
"EA57160","C47160","Air Filter","0","1","0","1","TIER_P4"
"EAC48","C48","Air Filter","1","0","0","1","TIER_P5"
"EA50482","C48/2","Air Filter","0","0","1","1","TIER_P5"
"EA54824","C48/2(4)","Air Filter","0","1","0","1","TIER_P4"
"EA58100","C48100","Air Filter","0","0","1","1","TIER_P5"
"EA58140","C48140","Air Filter","1","0","1","1","TIER_P5"
"EA58183","C48183","Air Filter","1","0","1","1","TIER_P5"
"EA59001","C49001","Air Filter","1","0","1","1","TIER_P5"
"EAC490011","C49001/1","Air Filter","0","0","0","0","TIER_P5"
"EA59002","C49002","Air Filter","1","0","1","1","TIER_P5"
"EAC49003","C49003","Air Filter","1","0","0","0","TIER_P5"
"EA50001","C50001","Air Filter","0","1","1","1","TIER_P4"
"EA50003","C50003","Air Filter","1","1","1","1","TIER_P1"
"EA50041","C50004/1","Air Filter","1","0","1","1","TIER_P5"
"EA50005","C50005","Air Filter","1","0","1","1","TIER_P5"
"EA55001","C5001","Air Filter","1","0","1","1","TIER_P5"
"EA55004","C5004X","Air Filter","1","0","1","0","TIER_P5"
"EA55082","C5082","Air Filter","1","0","1","1","TIER_P5"
"EA50821","C5082/1","Air Filter","1","1","0","1","TIER_P3"
"EA50822","C5082/2","Air Filter","1","0","1","1","TIER_P5"
"EAC51","C51","Air Filter","0","0","0","0","TIER_P5"
"EA51001","C51001","Air Filter","1","0","1","1","TIER_P5"
"EA50521","C52/1","Air Filter","1","0","1","1","TIER_P5"
"EA52107","C52107","Air Filter","1","0","1","1","TIER_P5"
"EA55283","C5283","Air Filter","0","0","1","1","TIER_P5"
"EAC54","C54","Air Filter","0","0","0","0","TIER_P5"
"EA54105","C54105","Air Filter","0","0","1","1","TIER_P5"
"EA54121","C54121","Air Filter","0","0","1","1","TIER_P5"
"EA54165","C54165","Air Filter","1","0","1","1","TIER_P5"
"EAC54810","C54810","Air Filter","0","0","0","0","TIER_P5"
"EA50055","C55","Air Filter","0","0","1","1","TIER_P5"
"EA50554","C55(4)","Air Filter","0","1","0","1","TIER_P4"
"EA50551","C551","Air Filter","1","0","1","1","TIER_P5"
"EA55102","C55102","Air Filter","1","0","1","1","TIER_P5"
"EAC55235","C55235","Air Filter","0","0","0","1","TIER_P5"
"EA50561","C56/1","Air Filter","0","0","1","0","TIER_P5"
"EA55614","C56/1(4)","Air Filter","0","1","0","1","TIER_P4"
"EAC571307","C571307","Air Filter","0","0","0","0","TIER_P5"
"EAC5713071","C571307/1","Air Filter","0","0","0","0","TIER_P5"
"EAC5713072","C571307/2","Air Filter","0","0","0","0","TIER_P5"
"EAC571708","C571708","Air Filter","0","0","0","0","TIER_P5"
"EAC5717081","C571708/1","Air Filter","0","0","0","1","TIER_P5"
"EAC57170811","C571708/11","Air Filter","0","0","0","0","TIER_P5"
"EAC57170812","C571708/12","Air Filter","0","0","0","0","TIER_P5"
"EAC5717082","C571708/2","Air Filter","0","0","0","1","TIER_P5"
"EAC5717083","C571708/3","Air Filter","0","0","0","0","TIER_P5"
"EAC5717084","C571708/4","Air Filter","0","0","0","0","TIER_P5"
"EAC5717085","C571708/5","Air Filter","0","0","0","0","TIER_P5"
"EAC5717087","C571708/7","Air Filter","0","0","0","1","TIER_P5"
"EAC5717088","C571708/8","Air Filter","0","0","0","0","TIER_P5"
"EAC5717089","C571708/9","Air Filter","0","0","0","0","TIER_P5"
"EA51895","C571895","Air Filter","0","1","0","1","TIER_P4"
"EAC5718952","C571895/2","Air Filter","0","0","0","0","TIER_P5"
"EAC5718953","C571895/3","Air Filter","0","0","0","0","TIER_P5"
"EAC572192","C572192","Air Filter","0","0","0","0","TIER_P5"
"EAC5722001","C572200/1","Air Filter","0","0","0","0","TIER_P5"
"EA52284","C572284","Air Filter","0","1","0","0","TIER_P4"
"EAC5722841","C572284/1","Air Filter","0","0","0","1","TIER_P5"
"EAC5722843","C572284/3","Air Filter","0","0","0","0","TIER_P5"
"EAC5722845","C572284/5","Air Filter","0","0","0","1","TIER_P5"
"EAC572288","C572288","Air Filter","0","0","0","0","TIER_P5"
"EAC5722881","C572288/1","Air Filter","0","0","0","0","TIER_P5"
"EAC57288","C57288","Air Filter","0","0","0","0","TIER_P5"
"EAC573754","C573754","Air Filter","1","0","0","1","TIER_P5"
"EAC5737541","C573754/1","Air Filter","0","0","0","0","TIER_P5"
"EAC5737542","C573754/2","Air Filter","0","0","0","0","TIER_P5"
"EAC5737543","C573754/3","Air Filter","0","0","0","0","TIER_P5"
"EAC5755845","C575584/5","Air Filter","0","0","0","0","TIER_P5"
"EAC57860","C57860","Air Filter","0","0","0","0","TIER_P5"
"EAC578601","C57860/1","Air Filter","0","0","0","0","TIER_P5"
"EAC5786010","C57860/10","Air Filter","0","0","0","0","TIER_P5"
"EAC5786011","C57860/11","Air Filter","0","0","0","1","TIER_P5"
"EAC5786012","C57860/12","Air Filter","0","0","0","0","TIER_P5"
"EAC5786013","C57860/13","Air Filter","0","0","0","0","TIER_P5"
"EAC5786014","C57860/14","Air Filter","0","0","0","0","TIER_P5"
"EAC5786016","C57860/16","Air Filter","0","0","0","1","TIER_P5"
"EAC578602","C57860/2","Air Filter","0","0","0","1","TIER_P5"
"EAC578603","C57860/3","Air Filter","0","0","0","1","TIER_P5"
"EAC578606","C57860/6","Air Filter","0","0","0","0","TIER_P5"
"EAC578609","C57860/9","Air Filter","0","0","0","1","TIER_P5"
"EAC581507","C581507","Air Filter","0","0","0","0","TIER_P5"
"EA58185","C58185","Air Filter","0","1","0","1","TIER_P4"
"EA51851","C58185/1","Air Filter","1","0","1","1","TIER_P5"
"EA56003","C6003","Air Filter","1","0","1","1","TIER_P5"
"EA50031","C6003/1","Air Filter","1","0","1","1","TIER_P5"
"EA56005","C6005","Air Filter","0","0","1","1","TIER_P5"
"EA56006","C6006","Air Filter","1","0","1","1","TIER_P5"
"EA56008","C6008","Air Filter","1","0","1","1","TIER_P5"
"EA56010","C6010","Air Filter","1","0","1","1","TIER_P5"
"EA50148","C60148","Air Filter","1","0","1","1","TIER_P5"
"EA50230","C60230","Air Filter","1","0","1","1","TIER_P5"
"EA50345","C60345","Air Filter","1","0","1","1","TIER_P5"
"EAC603451","C60345/1","Air Filter","0","0","0","0","TIER_P5"
"EA56102","C610/2","Air Filter","0","0","1","1","TIER_P5"
"EA51002","C61002","Air Filter","1","0","1","1","TIER_P5"
"EA56121","C612/1","Air Filter","1","0","1","0","TIER_P5"
"EA52754","C612754","Air Filter","0","0","1","1","TIER_P5"
"EA52001","C62001","Air Filter","1","0","1","1","TIER_P5"
"EA50063","C63","Air Filter","0","0","1","1","TIER_P5"
"EA50630","C630","Air Filter","1","0","1","1","TIER_P5"
"EA50641","C64/1","Air Filter","1","0","1","1","TIER_P5"
"EA50642","C64/2","Air Filter","1","0","1","1","TIER_P5"
"EA50643","C64/3","Air Filter","1","0","1","1","TIER_P5"
"EA51500","C641500","Air Filter","0","1","0","1","TIER_P4"
"EA55001","C641500/1","Air Filter","1","0","1","1","TIER_P5"
"EAC65","C65","Air Filter","0","0","0","1","TIER_P5"
"EA50654","C65/4","Air Filter","0","1","0","1","TIER_P4"
"EA50066","C66","Air Filter","1","0","1","1","TIER_P5"
"EA50661","C66/1","Air Filter","1","0","1","1","TIER_P5"
"EA50067","C67","Air Filter","0","1","0","1","TIER_P4"
"EA58001","C68001","Air Filter","1","0","1","1","TIER_P5"
"EA50691","C69/1","Air Filter","1","0","1","1","TIER_P5"
"EA59226","C69226","Air Filter","1","0","1","1","TIER_P5"
"EA57003","C7003","Air Filter","1","0","1","1","TIER_P5"
"EA57004","C7004Z","Air Filter","1","0","1","1","TIER_P5"
"EA57005","C7005","Air Filter","1","0","1","1","TIER_P5"
"EA57006","C7006","Air Filter","1","0","1","0","TIER_P5"
"EA57007","C7007X","Air Filter","1","0","1","0","TIER_P5"
"EA50710","C710","Air Filter","0","1","0","1","TIER_P4"
"EA57101","C710/1","Air Filter","1","0","1","1","TIER_P5"
"EAC711","C711","Air Filter","1","0","0","1","TIER_P5"
"EAC7111","C711/1","Air Filter","1","0","0","1","TIER_P5"
"EA57112","C711/2","Air Filter","1","0","1","1","TIER_P5"
"EAC712","C712","Air Filter","1","0","0","1","TIER_P5"
"EA50713","C713","Air Filter","1","0","1","1","TIER_P5"
"EA57131","C713/1","Air Filter","1","0","1","1","TIER_P5"
"EAC715","C715","Air Filter","1","0","0","1","TIER_P5"
"EAC7162","C716/2","Air Filter","0","0","0","0","TIER_P5"
"EAC7162N","C716/2N","Air Filter","0","0","0","0","TIER_P5"
"EA50716","C716X","Air Filter","1","0","1","1","TIER_P5"
"EA57171","C717/1","Air Filter","1","0","1","1","TIER_P5"
"EA50718","C718","Air Filter","1","0","1","1","TIER_P5"
"EA57181","C718/1","Air Filter","0","1","0","1","TIER_P4"
"EAC731260","C731260","Air Filter","0","0","0","0","TIER_P5"
"EA50074","C74","Air Filter","1","0","1","1","TIER_P5"
"EAC74001","C74001","Air Filter","0","0","0","0","TIER_P5"
"EA54002","C74002","Air Filter","1","0","1","1","TIER_P5"
"EA50075","C75","Air Filter","1","1","1","1","TIER_P1"
"EA50751","C75/1","Air Filter","1","0","1","1","TIER_P5"
"EAC7511","C75/11","Air Filter","0","0","0","0","TIER_P5"
"EAC7512","C75/12","Air Filter","0","0","0","0","TIER_P5"
"EAC7514","C75/14","Air Filter","0","0","0","1","TIER_P5"
"EA50752","C75/2","Air Filter","1","0","1","1","TIER_P5"
"EAC753","C75/3","Air Filter","0","0","0","1","TIER_P5"
"EA50754","C75/4","Air Filter","1","0","1","1","TIER_P5"
"EAC759","C75/9","Air Filter","0","0","0","1","TIER_P5"
"EAC761","C76/1","Air Filter","0","0","0","1","TIER_P5"
"EA50762","C76/2","Air Filter","0","0","1","1","TIER_P5"
"EA50763","C76/3","Air Filter","0","0","1","1","TIER_P5"
"EA50777","C77/7","Air Filter","1","0","1","1","TIER_P5"
"EA50078","C78","Air Filter","0","0","1","1","TIER_P5"
"EAC781","C78/1","Air Filter","0","0","0","0","TIER_P5"
"EA50782","C78/2","Air Filter","1","0","1","1","TIER_P5"
"EAC784","C78/4","Air Filter","0","0","0","1","TIER_P5"
"EAC785","C78/5","Air Filter","0","0","0","1","TIER_P5"
"EA50786","C78/6","Air Filter","1","0","1","1","TIER_P5"
"EA50789","C78/9","Air Filter","0","0","1","1","TIER_P5"
"EA50079","C79","Air Filter","0","1","0","1","TIER_P4"
"EA50791","C79/1","Air Filter","1","0","1","1","TIER_P5"
"EA50792","C79/2","Air Filter","0","1","0","1","TIER_P4"
"EA58004","C8004","Air Filter","0","0","1","1","TIER_P5"
"EA50041","C8004/1","Air Filter","1","0","1","1","TIER_P5"
"EA58005","C8005","Air Filter","1","0","1","1","TIER_P5"
"EA58008","C8008","Air Filter","0","0","1","0","TIER_P5"
"EA58010","C8010","Air Filter","0","0","1","1","TIER_P5"
"EA58011","C8011","Air Filter","1","0","1","1","TIER_P5"
"EAC81","C81","Air Filter","0","0","0","0","TIER_P5"
"EA50811","C811","Air Filter","1","0","1","1","TIER_P5"
"EA50814","C814","Air Filter","0","1","0","1","TIER_P4"
"EA58161","C816/1","Air Filter","0","1","0","1","TIER_P4"
"EA58162","C816/2","Air Filter","1","0","1","1","TIER_P5"
"EA50821","C821","Air Filter","0","1","0","1","TIER_P4"
"EA50824","C824","Air Filter","1","0","1","1","TIER_P5"
"EA50825","C825","Air Filter","1","0","1","1","TIER_P5"
"EA50088","C88","Air Filter","0","0","1","1","TIER_P5"
"EA50891","C89/1","Air Filter","1","0","1","1","TIER_P5"
"EAC892","C89/2","Air Filter","0","0","0","1","TIER_P5"
"EA59002","C9002","Air Filter","1","1","1","1","TIER_P1"
"EA59004","C9004","Air Filter","1","0","1","1","TIER_P5"
"EA59006","C9006","Air Filter","1","0","1","1","TIER_P5"
"EA59007","C9007","Air Filter","1","0","1","1","TIER_P5"
"EA50901","C901","Air Filter","1","0","1","1","TIER_P5"
"EA50910","C910","Air Filter","0","0","1","0","TIER_P5"
"EA59112","C911X-2","Air Filter","1","0","1","1","TIER_P5"
"EA50912","C912","Air Filter","1","0","1","1","TIER_P5"
"EAC913","C913","Air Filter","0","0","0","0","TIER_P5"
"EA59131","C913/1","Air Filter","0","0","1","1","TIER_P5"
"EA50914","C914","Air Filter","1","0","1","1","TIER_P5"
"EAC916","C916","Air Filter","0","0","0","1","TIER_P5"
"EA59221","C922/1","Air Filter","1","0","1","1","TIER_P5"
"EA50934","C934","Air Filter","0","1","1","1","TIER_P4"
"EA50934","C934X","Air Filter","1","0","1","1","TIER_P5"
"EAC940","C940","Air Filter","1","0","0","1","TIER_P5"
"EAC9402","C940/2","Air Filter","0","0","0","1","TIER_P5"
"EA50944","C944","Air Filter","1","0","1","1","TIER_P5"
"EA50946","C946","Air Filter","1","1","0","1","TIER_P3"
"EA59462","C946/2","Air Filter","1","1","1","1","TIER_P1"
"EA50957","C957","Air Filter","0","1","0","1","TIER_P4"
"EC57001","CF07001","Cabin Filter","0","1","0","0","TIER_P4"
"EC50100","CF100","Cabin Filter","1","0","1","1","TIER_P5"
"EC51000","CF1000","Cabin Filter","1","0","1","1","TIER_P5"
"ECCF10001","CF1000/1","Cabin Filter","0","0","0","1","TIER_P5"
"EC50001","CF10001","Cabin Filter","1","1","1","1","TIER_P1"
"EC50002","CF10002","Cabin Filter","1","1","1","1","TIER_P1"
"ECCF10003","CF10003","Cabin Filter","0","0","0","1","TIER_P5"
"EC50006","CF10006","Cabin Filter","1","1","1","1","TIER_P1"
"EC50008","CF10008","Cabin Filter","1","0","1","1","TIER_P5"
"EC50010","CF10010","Cabin Filter","0","1","0","0","TIER_P4"
"EC50011","CF10011","Cabin Filter","0","0","1","0","TIER_P5"
"EC50013","CF10013","Cabin Filter","1","0","1","1","TIER_P5"
"EC50020","CF10020X","Cabin Filter","1","0","1","1","TIER_P5"
"EC51005","CF1005","Cabin Filter","1","0","1","1","TIER_P5"
"ECCF1010","CF1010","Cabin Filter","0","0","0","0","TIER_P5"
"ECCF1011","CF1011","Cabin Filter","0","0","0","0","TIER_P5"
"EC51020","CF1020","Cabin Filter","0","0","1","1","TIER_P5"
"EC51004","CF11004","Cabin Filter","1","0","1","1","TIER_P5"
"EC51005","CF11005","Cabin Filter","1","0","1","1","TIER_P5"
"EC51006","CF11006","Cabin Filter","1","0","1","1","TIER_P5"
"EC51010","CF11010","Cabin Filter","0","1","0","0","TIER_P4"
"EC51111","CF1111","Cabin Filter","0","1","0","1","TIER_P4"
"EC51112","CF1111/2","Cabin Filter","1","1","1","1","TIER_P1"
"ECCF1113","CF1113","Cabin Filter","0","0","0","0","TIER_P5"
"ECCF11132","CF1113/2","Cabin Filter","0","0","0","0","TIER_P5"
"EC51122","CF1122","Cabin Filter","1","1","1","1","TIER_P1"
"EC51127","CF1127","Cabin Filter","0","0","1","1","TIER_P5"
"EC51133","CF1133","Cabin Filter","1","1","1","1","TIER_P1"
"EC51140","CF1140","Cabin Filter","0","1","1","1","TIER_P4"
"EC51402","CF1140/2","Cabin Filter","1","1","1","1","TIER_P1"
"EC51141","CF1141","Cabin Filter","0","1","1","1","TIER_P4"
"EC51412","CF1141/2","Cabin Filter","1","1","1","1","TIER_P1"
"EC51150","CF1150","Cabin Filter","0","0","1","1","TIER_P5"
"EC51200","CF1200","Cabin Filter","1","0","1","1","TIER_P5"
"EC52004","CF12004","Cabin Filter","1","1","1","1","TIER_P1"
"EC52008","CF12008","Cabin Filter","1","0","1","1","TIER_P5"
"EC52009","CF12009","Cabin Filter","1","0","1","1","TIER_P5"
"ECCF1212","CF1212","Cabin Filter","0","0","0","0","TIER_P5"
"ECCF1221","CF1221","Cabin Filter","0","0","0","1","TIER_P5"
"EC51222","CF1222","Cabin Filter","0","1","0","0","TIER_P4"
"EC51230","CF1230","Cabin Filter","0","0","1","1","TIER_P5"
"EC51240","CF1240","Cabin Filter","0","1","1","1","TIER_P4"
"ECCF125","CF125","Cabin Filter","0","0","0","0","TIER_P5"
"EC51250","CF1250","Cabin Filter","1","1","1","1","TIER_P1"
"EC51260","CF1260","Cabin Filter","1","1","1","1","TIER_P1"
"ECCF1270","CF1270","Cabin Filter","0","0","0","0","TIER_P5"
"EC51273","CF1273","Cabin Filter","0","0","1","1","TIER_P5"
"EC51280","CF1280","Cabin Filter","1","1","1","1","TIER_P1"
"EC51295","CF1295","Cabin Filter","1","0","1","1","TIER_P5"
"EC51300","CF1300","Cabin Filter","1","0","1","1","TIER_P5"
"EC53003","CF13003","Cabin Filter","1","0","1","1","TIER_P5"
"EC53003","CF13003X","Cabin Filter","0","0","1","1","TIER_P5"
"EC53004","CF13004","Cabin Filter","1","0","1","1","TIER_P5"
"EC53007","CF13007","Cabin Filter","1","0","1","1","TIER_P5"
"EC53110","CF13110","Cabin Filter","0","0","1","1","TIER_P5"
"ECCF13115X","CF13115X","Cabin Filter","1","0","0","1","TIER_P5"
"EC51313","CF1313","Cabin Filter","0","0","1","1","TIER_P5"
"ECCF13130","CF13130","Cabin Filter","0","0","0","0","TIER_P5"
"ECCF1317","CF1317","Cabin Filter","0","0","0","0","TIER_P5"
"EC51320","CF1320","Cabin Filter","1","1","1","1","TIER_P1"
"EC51350","CF1350","Cabin Filter","1","1","1","1","TIER_P1"
"EC51398","CF1398","Cabin Filter","1","1","1","1","TIER_P1"
"EC54002","CF14002","Cabin Filter","1","0","1","1","TIER_P5"
"ECCF14004","CF14004","Cabin Filter","0","0","0","0","TIER_P5"
"EC54005","CF14005","Cabin Filter","0","1","0","0","TIER_P4"
"EC54007","CF14007X","Cabin Filter","1","0","1","1","TIER_P5"
"EC54008","CF14008","Cabin Filter","1","0","1","1","TIER_P5"
"EC54011","CF14011","Cabin Filter","1","0","1","1","TIER_P5"
"EC54012","CF14012","Cabin Filter","1","0","1","1","TIER_P5"
"EC54013","CF14013","Cabin Filter","1","0","1","1","TIER_P5"
"EC54014","CF14014","Cabin Filter","1","0","1","1","TIER_P5"
"EC54123","CF14123","Cabin Filter","0","0","1","0","TIER_P5"
"ECCF1413","CF1413","Cabin Filter","0","0","0","0","TIER_P5"
"EC54135","CF14135","Cabin Filter","1","1","1","1","TIER_P1"
"ECCF14137","CF14137","Cabin Filter","0","0","0","0","TIER_P5"
"EC51414","CF1414","Cabin Filter","1","0","1","1","TIER_P5"
"EC54145","CF14145","Cabin Filter","0","1","1","1","TIER_P4"
"EC51452","CF14145/2","Cabin Filter","1","1","1","1","TIER_P1"
"EC51420","CF1420","Cabin Filter","1","1","1","1","TIER_P1"
"EC51422","CF1422","Cabin Filter","1","1","0","0","TIER_P3"
"EC51430","CF1430","Cabin Filter","1","1","1","1","TIER_P1"
"EC51440","CF1440","Cabin Filter","1","1","1","1","TIER_P1"
"ECCF14401","CF1440/1","Cabin Filter","0","0","0","1","TIER_P5"
"ECCF1450","CF1450","Cabin Filter","0","0","0","0","TIER_P5"
"EC51470","CF1470","Cabin Filter","1","1","1","1","TIER_P1"
"EC51480","CF1480","Cabin Filter","1","1","1","1","TIER_P1"
"ECCF14801","CF1480/1","Cabin Filter","0","0","0","0","TIER_P5"
"EC51500","CF1500","Cabin Filter","0","1","0","0","TIER_P4"
"EC55001","CF1500/1","Cabin Filter","1","0","1","1","TIER_P5"
"ECCF15003","CF15003","Cabin Filter","0","0","0","0","TIER_P5"
"ECCF15005","CF15005","Cabin Filter","1","0","0","0","TIER_P5"
"EC55101","CF1510/1","Cabin Filter","1","1","1","1","TIER_P1"
"ECCF151022","CF15102/2","Cabin Filter","0","0","0","0","TIER_P5"
"EC55116","CF15116","Cabin Filter","0","1","1","1","TIER_P4"
"EC51162","CF15116/2","Cabin Filter","1","1","1","1","TIER_P1"
"EC55121","CF15121","Cabin Filter","0","0","1","1","TIER_P5"
"ECCF151211","CF15121/1","Cabin Filter","0","0","0","0","TIER_P5"
"EC55136","CF15136","Cabin Filter","1","0","1","1","TIER_P5"
"EC55137","CF15137","Cabin Filter","0","0","1","0","TIER_P5"
"EC55158","CF15158","Cabin Filter","0","0","1","1","TIER_P5"
"ECCF15200X","CF15200X","Cabin Filter","0","0","0","0","TIER_P5"
"EC51552","CF1552","Cabin Filter","0","0","1","1","TIER_P5"
"EC51570","CF1570","Cabin Filter","1","1","1","1","TIER_P1"
"EC51574","CF1574","Cabin Filter","1","0","1","1","TIER_P5"
"ECCF1593","CF1593","Cabin Filter","0","0","0","0","TIER_P5"
"EC51600","CF1600","Cabin Filter","1","0","1","1","TIER_P5"
"EC56001","CF16001","Cabin Filter","1","1","1","1","TIER_P1"
"EC56002","CF16002","Cabin Filter","1","1","1","1","TIER_P1"
"EC56004","CF16004","Cabin Filter","1","0","1","1","TIER_P5"
"EC56007","CF16007","Cabin Filter","1","0","1","1","TIER_P5"
"EC56008","CF16008","Cabin Filter","1","0","1","1","TIER_P5"
"EC56009","CF16009","Cabin Filter","1","0","1","1","TIER_P5"
"EC56022","CF16022","Cabin Filter","0","1","0","0","TIER_P4"
"EC51610","CF1610","Cabin Filter","1","1","1","1","TIER_P1"
"ECCF161581X","CF16158/1X","Cabin Filter","0","0","0","0","TIER_P5"
"EC56158","CF16158Z","Cabin Filter","1","1","1","1","TIER_P1"
"EC56166","CF16166","Cabin Filter","0","0","1","1","TIER_P5"
"EC51620","CF1620","Cabin Filter","1","1","1","1","TIER_P1"
"EC56219","CF16219","Cabin Filter","0","1","1","1","TIER_P4"
"EC56219","CF16219X","Cabin Filter","1","1","1","1","TIER_P1"
"EC56229","CF16229","Cabin Filter","0","0","1","1","TIER_P5"
"EC51630","CF1630","Cabin Filter","0","0","1","1","TIER_P5"
"EC51631","CF1631","Cabin Filter","0","1","1","1","TIER_P4"
"EC51640","CF1640","Cabin Filter","1","1","1","1","TIER_P1"
"ECCF16402","CF1640/2","Cabin Filter","0","0","0","1","TIER_P5"
"ECCF16404","CF1640/4","Cabin Filter","0","0","0","1","TIER_P5"
"EC51650","CF1650","Cabin Filter","1","1","1","1","TIER_P1"
"EC51651","CF1651","Cabin Filter","1","0","1","1","TIER_P5"
"EC51652","CF1652","Cabin Filter","1","0","1","1","TIER_P5"
"EC57006","CF17006","Cabin Filter","1","1","1","1","TIER_P1"
"EC57007","CF17007","Cabin Filter","1","1","1","1","TIER_P1"
"ECCF170083","CF17008/3","Cabin Filter","0","0","0","1","TIER_P5"
"ECCF17011","CF17011","Cabin Filter","0","0","0","0","TIER_P5"
"EC57014","CF17014","Cabin Filter","1","0","1","1","TIER_P5"
"EC57015","CF17015","Cabin Filter","1","0","1","1","TIER_P5"
"EC57016","CF17016","Cabin Filter","0","0","1","1","TIER_P5"
"EC51710","CF1710","Cabin Filter","1","0","1","1","TIER_P5"
"EC51720","CF1720","Cabin Filter","1","1","1","1","TIER_P1"
"EC51750","CF1750","Cabin Filter","1","1","1","1","TIER_P1"
"EC51760","CF1760","Cabin Filter","1","1","1","1","TIER_P1"
"EC51800","CF1800","Cabin Filter","1","1","1","1","TIER_P1"
"EC58005","CF18005","Cabin Filter","1","0","1","1","TIER_P5"
"EC51810","CF1810","Cabin Filter","1","1","1","1","TIER_P1"
"EC58101","CF1810/1","Cabin Filter","1","0","1","1","TIER_P5"
"ECCF1810AZ","CF1810AZ","Cabin Filter","0","0","0","0","TIER_P5"
"EC51811","CF1811","Cabin Filter","0","1","0","1","TIER_P4"
"ECCF1813","CF1813","Cabin Filter","0","0","0","1","TIER_P5"
"EC58190","CF18190","Cabin Filter","0","1","1","1","TIER_P4"
"EC51902","CF18190/2","Cabin Filter","1","1","1","1","TIER_P1"
"EC51820","CF1820","Cabin Filter","1","0","1","1","TIER_P5"
"EC58202","CF18202","Cabin Filter","1","1","1","1","TIER_P1"
"EC58211","CF18211","Cabin Filter","1","1","1","1","TIER_P1"
"EC58212","CF18212","Cabin Filter","0","0","1","1","TIER_P5"
"EC51830","CF1830","Cabin Filter","1","1","1","1","TIER_P1"
"EC51840","CF1840","Cabin Filter","1","1","1","1","TIER_P1"
"EC51860","CF1860","Cabin Filter","0","0","1","1","TIER_P5"
"EC59002","CF19002","Cabin Filter","1","1","1","1","TIER_P1"
"EC59003","CF19003","Cabin Filter","0","1","0","0","TIER_P4"
"EC59006","CF19006X","Cabin Filter","1","1","1","1","TIER_P1"
"ECCF19008","CF19008","Cabin Filter","0","0","0","0","TIER_P5"
"EC59009","CF19009","Cabin Filter","1","0","1","1","TIER_P5"
"EC59021","CF19021","Cabin Filter","1","1","1","1","TIER_P1"
"ECCF19157","CF19157","Cabin Filter","0","0","0","0","TIER_P5"
"EC59186","CF19186","Cabin Filter","0","0","1","1","TIER_P5"
"EC59215","CF19215","Cabin Filter","0","0","1","1","TIER_P5"
"ECCF1925","CF1925","Cabin Filter","0","0","0","0","TIER_P5"
"EC51940","CF1940","Cabin Filter","1","1","1","1","TIER_P1"
"EC51941","CF1941","Cabin Filter","1","1","1","1","TIER_P1"
"EC50200","CF200","Cabin Filter","1","0","1","1","TIER_P5"
"EC50001","CF2000/1","Cabin Filter","1","0","1","1","TIER_P5"
"EC50001","CF20001","Cabin Filter","0","1","1","1","TIER_P4"
"ECCF20002","CF20002","Cabin Filter","0","0","0","0","TIER_P5"
"EC52006","CF2006","Cabin Filter","1","0","1","1","TIER_P5"
"EC52100","CF2100","Cabin Filter","1","0","1","1","TIER_P5"
"EC51001","CF2100/1","Cabin Filter","1","0","1","1","TIER_P5"
"EC51002","CF21002","Cabin Filter","1","1","1","1","TIER_P1"
"EC51003","CF21003","Cabin Filter","1","0","1","1","TIER_P5"
"ECCF2110","CF2110","Cabin Filter","0","0","0","1","TIER_P5"
"EC51160","CF21160","Cabin Filter","1","1","1","1","TIER_P1"
"EC51601","CF21160/1","Cabin Filter","1","0","1","1","TIER_P5"
"EC52120","CF2120","Cabin Filter","1","1","1","1","TIER_P1"
"EC51239","CF21239","Cabin Filter","0","0","1","1","TIER_P5"
"EC52125","CF2125","Cabin Filter","1","1","1","1","TIER_P1"
"EC51251","CF2125/1","Cabin Filter","1","0","1","1","TIER_P5"
"EC52135","CF2135","Cabin Filter","1","1","1","1","TIER_P1"
"EC51351","CF2135/1","Cabin Filter","1","0","1","1","TIER_P5"
"EC52160","CF22160","Cabin Filter","1","1","1","1","TIER_P1"
"EC52269","CF22269","Cabin Filter","1","1","1","1","TIER_P1"
"EC53001","CF23001","Cabin Filter","1","1","1","1","TIER_P1"
"EC53003","CF23003","Cabin Filter","1","1","1","1","TIER_P1"
"EC53398","CF23398","Cabin Filter","0","1","1","1","TIER_P4"
"ECCF233982","CF23398/2","Cabin Filter","0","0","0","0","TIER_P5"
"EC53430","CF23430","Cabin Filter","0","1","1","1","TIER_P4"
"EC54302","CF23430/2","Cabin Filter","1","0","1","1","TIER_P5"
"EC53550","CF23550","Cabin Filter","0","1","1","1","TIER_P4"
"EC55502","CF23550/2","Cabin Filter","1","0","1","1","TIER_P5"
"EC50240","CF240","Cabin Filter","1","0","1","1","TIER_P5"
"EC54001","CF24001","Cabin Filter","0","1","0","0","TIER_P4"
"EC54002","CF24002","Cabin Filter","0","1","0","0","TIER_P4"
"EC52420","CF2420","Cabin Filter","1","1","1","1","TIER_P1"
"EC52530","CF2530","Cabin Filter","1","1","1","1","TIER_P1"
"EC52550","CF2550","Cabin Filter","1","1","1","1","TIER_P1"
"EC55501","CF2550/1","Cabin Filter","1","1","1","1","TIER_P1"
"EC52631","CF2631","Cabin Filter","1","1","1","1","TIER_P1"
"EC52864","CF2864","Cabin Filter","1","1","1","1","TIER_P1"
"ECCF29002","CF29002","Cabin Filter","0","0","0","0","TIER_P5"
"EC52944","CF2944","Cabin Filter","1","1","1","1","TIER_P1"
"EC59442","CF2944/2","Cabin Filter","1","0","1","1","TIER_P5"
"EC50300","CF300","Cabin Filter","1","0","1","1","TIER_P5"
"EC50001","CF30001","Cabin Filter","1","1","1","1","TIER_P1"
"ECCF30006","CF30006","Cabin Filter","0","0","0","0","TIER_P5"
"EC53007","CF3007","Cabin Filter","1","0","1","1","TIER_P5"
"EC50100","CF30100","Cabin Filter","1","1","1","1","TIER_P1"
"EC53240","CF3240","Cabin Filter","1","1","1","1","TIER_P1"
"EC53300","CF3300","Cabin Filter","1","1","1","1","TIER_P1"
"EC50355","CF355","Cabin Filter","1","1","1","1","TIER_P1"
"EC50360","CF360","Cabin Filter","0","0","1","1","TIER_P5"
"EC57001","CF37001","Cabin Filter","1","1","1","1","TIER_P1"
"EC50400","CF400","Cabin Filter","1","1","1","1","TIER_P1"
"EC54140","CF4140","Cabin Filter","0","0","1","1","TIER_P5"
"ECCF42001","CF42001","Cabin Filter","1","1","0","1","TIER_P3"
"ECCF44","CF44","Cabin Filter","0","0","0","1","TIER_P5"
"EC50450","CF450","Cabin Filter","1","0","1","1","TIER_P5"
"EC54501","CF450/1","Cabin Filter","1","0","1","1","TIER_P5"
"EC55001","CF45001","Cabin Filter","1","1","1","1","TIER_P1"
"ECCF46001","CF46001","Cabin Filter","0","0","0","0","TIER_P5"
"EC50475","CF475","Cabin Filter","1","1","1","1","TIER_P1"
"EC50050","CF50","Cabin Filter","1","1","1","1","TIER_P1"
"EC50500","CF500","Cabin Filter","1","0","1","1","TIER_P5"
"EC55001","CF500/1","Cabin Filter","1","0","1","1","TIER_P5"
"EC50001","CF50001","Cabin Filter","1","1","1","1","TIER_P1"
"EC55001","CF5001","Cabin Filter","1","1","1","1","TIER_P1"
"EC55002","CF5002","Cabin Filter","1","1","1","1","TIER_P1"
"EC50504","CF504","Cabin Filter","1","0","1","1","TIER_P5"
"EC50510","CF510","Cabin Filter","1","1","1","1","TIER_P1"
"EC50052","CF52","Cabin Filter","0","1","1","1","TIER_P4"
"EC50522","CF52/2","Cabin Filter","0","0","1","1","TIER_P5"
"EC50600","CF600","Cabin Filter","1","1","1","1","TIER_P1"
"EC56001","CF600/1","Cabin Filter","0","1","0","1","TIER_P4"
"EC56001","CF6001","Cabin Filter","1","1","1","1","TIER_P1"
"EC56002","CF6002","Cabin Filter","1","1","1","1","TIER_P1"
"EC56003","CF6003","Cabin Filter","0","0","1","0","TIER_P5"
"EC56003","CF6003X","Cabin Filter","0","0","1","1","TIER_P5"
"EC50601","CF601","Cabin Filter","1","0","1","1","TIER_P5"
"EC50610","CF610","Cabin Filter","1","1","1","1","TIER_P1"
"EC50613","CF613","Cabin Filter","1","1","1","0","TIER_P2"
"EC50620","CF620","Cabin Filter","0","1","0","1","TIER_P4"
"EC50652","CF65/2","Cabin Filter","1","1","1","1","TIER_P1"
"EC50700","CF700","Cabin Filter","1","1","1","1","TIER_P1"
"EC57001","CF700/1","Cabin Filter","0","0","1","1","TIER_P5"
"EC57001","CF7001","Cabin Filter","1","1","1","1","TIER_P1"
"EC57006","CF7006","Cabin Filter","1","0","1","1","TIER_P5"
"EC50701","CF701","Cabin Filter","1","1","1","1","TIER_P1"
"EC50710","CF710","Cabin Filter","1","1","1","1","TIER_P1"
"EC50711","CF711","Cabin Filter","1","1","1","1","TIER_P1"
"EC50713","CF713","Cabin Filter","0","1","0","0","TIER_P4"
"ECCF722","CF722","Cabin Filter","0","0","0","0","TIER_P5"
"EC50075","CF75","Cabin Filter","0","1","1","1","TIER_P4"
"EC50751","CF75/1","Cabin Filter","0","1","1","1","TIER_P4"
"EC50751","CF75/1X","Cabin Filter","1","1","1","1","TIER_P1"
"EC50752","CF75/2","Cabin Filter","1","1","1","1","TIER_P1"
"EC50800","CF800","Cabin Filter","1","1","1","1","TIER_P1"
"EC58002","CF8002","Cabin Filter","0","0","1","1","TIER_P5"
"ECCF8005","CF8005","Cabin Filter","0","0","0","1","TIER_P5"
"EC50810","CF810","Cabin Filter","1","1","1","1","TIER_P1"
"EC58100","CF8100","Cabin Filter","1","1","1","1","TIER_P1"
"EC50811","CF811","Cabin Filter","1","1","1","1","TIER_P1"
"EC50813","CF813","Cabin Filter","0","1","0","0","TIER_P4"
"EC50820","CF820","Cabin Filter","1","1","1","1","TIER_P1"
"EC50821","CF821","Cabin Filter","1","1","1","1","TIER_P1"
"EC50830","CF830","Cabin Filter","1","1","1","1","TIER_P1"
"EC50084","CF84","Cabin Filter","0","1","1","1","TIER_P4"
"EC50840","CF840","Cabin Filter","1","1","1","1","TIER_P1"
"EC50084","CF84X","Cabin Filter","1","1","1","1","TIER_P1"
"EC50850","CF850","Cabin Filter","0","1","1","1","TIER_P4"
"EC58502","CF850/2","Cabin Filter","1","1","1","1","TIER_P1"
"ECCF87","CF87","Cabin Filter","0","0","0","0","TIER_P5"
"EC59002","CF9002X","Cabin Filter","1","1","1","1","TIER_P1"
"EC59006","CF9006","Cabin Filter","1","0","1","1","TIER_P5"
"EC59007","CF9007","Cabin Filter","1","0","1","1","TIER_P5"
"EC50902","CF902","Cabin Filter","1","1","1","1","TIER_P1"
"EC50903","CF903","Cabin Filter","1","1","1","1","TIER_P1"
"EC50922","CF922","Cabin Filter","1","1","1","1","TIER_P1"
"EC50923","CF923","Cabin Filter","1","1","1","1","TIER_P1"
"EC50924","CF924","Cabin Filter","1","1","1","1","TIER_P1"
"EC50930","CF930","Cabin Filter","1","1","1","1","TIER_P1"
"ECCF940","CF940","Cabin Filter","0","0","0","1","TIER_P5"
"EC59401","CF940/1","Cabin Filter","0","0","1","1","TIER_P5"
"EC50950","CF950","Cabin Filter","1","1","1","1","TIER_P1"
"EC50961","CF961","Cabin Filter","0","1","1","1","TIER_P4"
"EC50097","CF97","Cabin Filter","0","1","1","1","TIER_P4"
"EC50972","CF97/2","Cabin Filter","1","1","1","1","TIER_P1"
"EC50970","CF970","Cabin Filter","1","0","1","1","TIER_P5"
"EC59802","CF980/2","Cabin Filter","1","1","1","1","TIER_P1"
"EC50099","CF99","Cabin Filter","0","0","1","1","TIER_P5"
"EC50990","CF990","Cabin Filter","0","1","1","1","TIER_P4"
"EC59902","CF990/2","Cabin Filter","1","1","1","1","TIER_P1"
"EA51014","CL1014","Air Filter","1","1","0","0","TIER_P3"
"EA51116","CL1116","Air Filter","0","1","0","0","TIER_P4"
"EA51118","CL1118","Air Filter","0","1","0","0","TIER_P4"
"EACL1119","CL1119","Air Filter","0","0","0","0","TIER_P5"
"EA51121","CL1121","Air Filter","1","1","0","0","TIER_P3"
"EACL1128","CL1128","Air Filter","0","0","0","0","TIER_P5"
"EA51130","CL1130","Air Filter","1","1","0","0","TIER_P3"
"EA51220","CL1220","Air Filter","0","1","0","0","TIER_P4"
"EACL1222","CL1222","Air Filter","0","0","0","0","TIER_P5"
"EA51225","CL1225","Air Filter","0","1","0","0","TIER_P4"
"EA51227","CL1227","Air Filter","0","1","0","0","TIER_P4"
"EA51321","CL1321","Air Filter","1","1","0","0","TIER_P3"
"EACL1324","CL1324","Air Filter","0","0","0","0","TIER_P5"
"EA51325","CL1325","Air Filter","0","1","0","0","TIER_P4"
"EA51326","CL1326","Air Filter","0","1","0","0","TIER_P4"
"EACL1327","CL1327","Air Filter","0","0","0","0","TIER_P5"
"EA51418","CL1418","Air Filter","0","1","0","0","TIER_P4"
"EA51429","CL1429","Air Filter","0","1","0","0","TIER_P4"
"EACL1517","CL1517","Air Filter","0","0","0","0","TIER_P5"
"EACL1526","CL1526","Air Filter","0","0","0","0","TIER_P5"
"EACL1547","CL1547","Air Filter","0","0","0","0","TIER_P5"
"EA51608","CL1608","Air Filter","0","1","0","0","TIER_P4"
"EACL1626","CL1626","Air Filter","0","0","0","0","TIER_P5"
"EACL1701","CL1701","Air Filter","0","0","0","0","TIER_P5"
"EACL1702","CL1702","Air Filter","0","0","0","0","TIER_P5"
"EA51723","CL1723","Air Filter","0","1","0","0","TIER_P4"
"EA51792","CL1792","Air Filter","0","1","0","0","TIER_P4"
"EA51794","CL1794","Air Filter","0","1","0","0","TIER_P4"
"EA51817","CL1817","Air Filter","0","1","0","0","TIER_P4"
"EACL1824","CL1824","Air Filter","0","0","0","0","TIER_P5"
"EACL1827","CL1827","Air Filter","0","0","0","0","TIER_P5"
"EACL1832","CL1832","Air Filter","0","0","0","0","TIER_P5"
"EACL19154","CL19154","Air Filter","0","0","0","0","TIER_P5"
"EACL2011","CL2011","Air Filter","0","0","0","0","TIER_P5"
"EACL2036","CL2036","Air Filter","0","0","0","0","TIER_P5"
"EACL2220","CL2220","Air Filter","0","0","0","0","TIER_P5"
"EACL2315","CL2315","Air Filter","0","0","0","0","TIER_P5"
"EACL2429","CL2429","Air Filter","0","0","0","0","TIER_P5"
"EACL2612","CL2612","Air Filter","0","0","0","0","TIER_P5"
"EACL2712","CL2712","Air Filter","0","0","0","0","TIER_P5"
"EA52719","CL2719","Air Filter","0","1","0","0","TIER_P4"
"EACL3687","CL3687","Air Filter","0","0","0","0","TIER_P5"
"EA53688","CL3688","Air Filter","0","1","0","0","TIER_P4"
"EA53689","CL3689","Air Filter","0","1","0","0","TIER_P4"
"EA53690","CL3690","Air Filter","1","1","0","0","TIER_P3"
"EACL3832","CL3832","Air Filter","0","0","0","0","TIER_P5"
"EA51130","CP1130","Air Filter","1","0","1","1","TIER_P5"
"EACP20001","CP20001","Air Filter","0","0","0","0","TIER_P5"
"EA53210","CP23210","Air Filter","1","1","1","1","TIER_P1"
"EA54420","CP24420","Air Filter","1","1","1","1","TIER_P1"
"EA55003","CP25003","Air Filter","1","0","1","1","TIER_P5"
"EA55150","CP25150","Air Filter","1","1","1","1","TIER_P1"
"EA56295","CP26295","Air Filter","1","1","1","1","TIER_P1"
"EA57001","CP27001","Air Filter","1","0","1","1","TIER_P5"
"EA57150","CP27150","Air Filter","1","1","1","1","TIER_P1"
"EA59550","CP29550","Air Filter","1","1","1","1","TIER_P1"
"EA52001","CP32001","Air Filter","1","0","1","1","TIER_P5"
"EA53280","CP33280","Air Filter","1","1","1","1","TIER_P1"
"EA53300","CP33300","Air Filter","1","1","1","1","TIER_P1"
"EA53530","CP33530","Air Filter","1","1","1","1","TIER_P1"
"EA53540","CP33540","Air Filter","1","1","1","1","TIER_P1"
"EA54360","CP34360","Air Filter","1","1","1","1","TIER_P1"
"EA58001","CP38001","Air Filter","1","0","1","1","TIER_P5"
"EA59001","CP49001","Air Filter","0","1","1","1","TIER_P4"
"EA50001","CP50001","Air Filter","0","1","1","1","TIER_P4"
"EA50002","CP50002","Air Filter","0","1","1","1","TIER_P4"
"EACS1018","CS1018","Air Filter","0","0","0","1","TIER_P5"
"EA50012","CS11001(2)","Air Filter","1","0","1","1","TIER_P5"
"EA51116","CS11116","Air Filter","0","0","1","1","TIER_P5"
"EA51248","CS1248","Air Filter","1","1","0","1","TIER_P3"
"EA51343","CS1343","Air Filter","1","0","1","1","TIER_P5"
"EA54100","CS14100","Air Filter","0","0","1","1","TIER_P5"
"EA51416","CS1416","Air Filter","0","0","1","1","TIER_P5"
"EA57110","CS17110","Air Filter","0","0","1","1","TIER_P5"
"EA57111","CS17111","Air Filter","0","1","0","1","TIER_P4"
"EA57200","CS17200","Air Filter","0","0","1","1","TIER_P5"
"EA58106","CS18106","Air Filter","0","0","1","1","TIER_P5"
"EA59175","CS19175","Air Filter","0","0","1","1","TIER_P5"
"EA59195","CS19195","Air Filter","0","0","1","1","TIER_P5"
"EA51935","CS1935","Air Filter","0","1","0","1","TIER_P4"
"EA51070","CS21070","Air Filter","1","0","1","1","TIER_P5"
"EA52313","CS2313","Air Filter","0","1","0","1","TIER_P4"
"EA55001","CS25001","Air Filter","1","0","1","1","TIER_P5"
"EA52610","CS2610","Air Filter","0","0","1","1","TIER_P5"
"EA52720","CS2720","Air Filter","0","1","0","1","TIER_P4"
"EA53029","CS3029","Air Filter","0","1","0","1","TIER_P4"
"EA51001","CS31001","Air Filter","1","0","1","1","TIER_P5"
"EA55204","CS35204","Air Filter","0","0","1","0","TIER_P5"
"EA56111","CS36111","Air Filter","0","1","0","1","TIER_P4"
"EA53828","CS3828","Air Filter","0","0","1","1","TIER_P5"
"EA50013","CS40013","Air Filter","1","0","1","1","TIER_P5"
"EA53005","CS43005","Air Filter","1","0","1","1","TIER_P5"
"EA50010","CS50010","Air Filter","1","0","1","1","TIER_P5"
"EA50051","CS51","Air Filter","1","0","1","1","TIER_P5"
"EA50148","CS60148","Air Filter","0","1","0","0","TIER_P4"
"EA50097","CS97","Air Filter","0","0","1","1","TIER_P5"
"ECCU10062","CU1006/2","Cabin Filter","0","0","0","0","TIER_P5"
"EC51009","CU1009","Cabin Filter","1","0","1","1","TIER_P5"
"EC58001","CU108001","Cabin Filter","1","1","1","1","TIER_P1"
"EC50014","CU108001(4)","Cabin Filter","1","0","1","1","TIER_P5"
"ECCU10800110","CU108001/10","Cabin Filter","0","0","0","0","TIER_P5"
"EC52001","CU12001","Cabin Filter","0","0","1","1","TIER_P5"
"EC51313","CU1313","Cabin Filter","0","1","0","1","TIER_P4"
"ECCU13133","CU1313/3","Cabin Filter","0","0","0","0","TIER_P5"
"EC54001","CU14001","Cabin Filter","1","0","1","1","TIER_P5"
"EC54007","CU14007","Cabin Filter","1","0","1","1","TIER_P5"
"ECCU14010","CU14010","Cabin Filter","0","0","0","0","TIER_P5"
"ECCU14200","CU14200","Cabin Filter","0","0","0","1","TIER_P5"
"ECCU14900212","CU1490021/2","Cabin Filter","0","0","0","0","TIER_P5"
"EC55001","CU15001","Cabin Filter","1","0","1","1","TIER_P5"
"EC55002","CU15002","Cabin Filter","0","0","1","1","TIER_P5"
"EC51519","CU1519","Cabin Filter","1","0","1","1","TIER_P5"
"EC51526","CU1526","Cabin Filter","1","0","1","1","TIER_P5"
"EC51546","CU1546","Cabin Filter","0","0","1","1","TIER_P5"
"EC50037","CU1550037","Cabin Filter","1","1","1","1","TIER_P1"
"EC50374","CU1550037(4)","Cabin Filter","1","0","1","1","TIER_P5"
"ECCU155003710","CU1550037/10","Cabin Filter","0","0","0","0","TIER_P5"
"ECCU15600222","CU1560022/2","Cabin Filter","0","0","0","0","TIER_P5"
"EC56001","CU16001","Cabin Filter","1","0","1","1","TIER_P5"
"ECCU160032","CU16003/2","Cabin Filter","0","0","0","0","TIER_P5"
"ECCU16011","CU16011","Cabin Filter","0","0","0","0","TIER_P5"
"EC56012","CU16012","Cabin Filter","1","0","1","1","TIER_P5"
"EC51620","CU1620","Cabin Filter","1","1","0","0","TIER_P3"
"EC51629","CU1629","Cabin Filter","1","1","1","1","TIER_P1"
"EC56400","CU16400","Cabin Filter","1","0","1","1","TIER_P5"
"ECCU16400242","CU1640024/2","Cabin Filter","0","0","0","0","TIER_P5"
"EC57001","CU17001","Cabin Filter","1","0","1","1","TIER_P5"
"EC57003","CU17003","Cabin Filter","1","0","1","1","TIER_P5"
"ECCU170092","CU17009/2","Cabin Filter","0","0","0","0","TIER_P5"
"EC57011","CU17011","Cabin Filter","1","0","1","1","TIER_P5"
"EC57014","CU17014","Cabin Filter","1","0","1","0","TIER_P5"
"EC51719","CU1719","Cabin Filter","1","0","1","1","TIER_P5"
"ECCU17202","CU1720/2","Cabin Filter","0","0","0","0","TIER_P5"
"EC51721","CU1721","Cabin Filter","0","1","0","1","TIER_P4"
"ECCU17212","CU1721/2","Cabin Filter","0","0","0","0","TIER_P5"
"EC51722","CU1722","Cabin Filter","1","0","1","1","TIER_P5"
"EC51738","CU1738","Cabin Filter","1","0","1","1","TIER_P5"
"ECCU180002","CU18000/2","Cabin Filter","0","0","0","0","TIER_P5"
"EC58002","CU18002","Cabin Filter","1","1","1","1","TIER_P1"
"EC58009","CU18009","Cabin Filter","1","1","1","1","TIER_P1"
"EC58015","CU18015","Cabin Filter","1","0","1","1","TIER_P5"
"ECCU18062","CU1806/2","Cabin Filter","0","0","0","0","TIER_P5"
"EC58112","CU1811/2","Cabin Filter","1","1","0","0","TIER_P3"
"EC51823","CU1823","Cabin Filter","1","0","1","1","TIER_P5"
"EC51827","CU1827","Cabin Filter","1","1","1","1","TIER_P1"
"EC51828","CU1828","Cabin Filter","1","1","1","1","TIER_P1"
"EC51828","CU1828M","Cabin Filter","1","1","0","0","TIER_P3"
"EC51829","CU1829","Cabin Filter","1","1","1","1","TIER_P1"
"EC51830","CU1830","Cabin Filter","1","1","1","1","TIER_P1"
"EC51835","CU1835","Cabin Filter","1","0","1","1","TIER_P5"
"EC51836","CU1836","Cabin Filter","1","0","1","1","TIER_P5"
"EC58361","CU1836/1","Cabin Filter","1","0","1","1","TIER_P5"
"EC51853","CU1853","Cabin Filter","1","1","0","1","TIER_P3"
"ECCU190003","CU19000/3","Cabin Filter","0","0","0","0","TIER_P5"
"EC59001","CU19001","Cabin Filter","1","0","1","1","TIER_P5"
"EC59002","CU19002","Cabin Filter","0","0","1","1","TIER_P5"
"ECCU19003","CU19003","Cabin Filter","0","0","0","0","TIER_P5"
"EC59004","CU19004","Cabin Filter","1","1","1","1","TIER_P1"
"ECCU190042","CU19004/2","Cabin Filter","0","0","0","0","TIER_P5"
"EC59005","CU19005","Cabin Filter","0","0","1","1","TIER_P5"
"ECCU19006","CU19006","Cabin Filter","0","0","0","0","TIER_P5"
"ECCU19007","CU19007","Cabin Filter","0","0","0","0","TIER_P5"
"EC59014","CU19014","Cabin Filter","1","0","1","1","TIER_P5"
"ECCU19023","CU19023","Cabin Filter","0","0","0","0","TIER_P5"
"EC59032","CU19032","Cabin Filter","1","0","1","1","TIER_P5"
"EC51910","CU1910","Cabin Filter","1","0","1","1","TIER_P5"
"EC59101","CU1910/1","Cabin Filter","0","0","1","1","TIER_P5"
"EC51911","CU1911","Cabin Filter","0","1","0","1","TIER_P4"
"EC51912","CU1912","Cabin Filter","1","0","1","1","TIER_P5"
"EC51915","CU1915","Cabin Filter","1","0","1","1","TIER_P5"
"EC51916","CU1916","Cabin Filter","0","1","0","1","TIER_P4"
"EC51919","CU1919","Cabin Filter","1","1","1","1","TIER_P1"
"ECCU19192","CU1919/2","Cabin Filter","0","0","0","1","TIER_P5"
"ECCU1919M","CU1919M","Cabin Filter","0","0","0","0","TIER_P5"
"ECCU19302","CU1930/2","Cabin Filter","0","0","0","0","TIER_P5"
"EC51931","CU1931","Cabin Filter","0","1","0","0","TIER_P4"
"ECCU19312","CU1931/2","Cabin Filter","0","0","0","0","TIER_P5"
"EC51936","CU1936","Cabin Filter","1","1","1","1","TIER_P1"
"EC51938","CU1938","Cabin Filter","0","1","0","0","TIER_P4"
"ECCU200052","CU20005/2","Cabin Filter","0","0","0","0","TIER_P5"
"EC50006","CU20006","Cabin Filter","1","1","1","1","TIER_P1"
"ECCU20007","CU20007","Cabin Filter","0","0","0","0","TIER_P5"
"ECCU20008","CU20008","Cabin Filter","0","0","0","0","TIER_P5"
"ECCU20009","CU20009","Cabin Filter","0","0","0","0","TIER_P5"
"EC50010","CU20010","Cabin Filter","1","1","1","1","TIER_P1"
"EC50013","CU20013","Cabin Filter","1","0","1","1","TIER_P5"
"ECCU20014","CU20014","Cabin Filter","0","0","0","0","TIER_P5"
"ECCU20017","CU20017","Cabin Filter","0","0","0","0","TIER_P5"
"EC50018","CU20018","Cabin Filter","1","1","1","1","TIER_P1"
"ECCU20054","CU20054","Cabin Filter","0","0","0","0","TIER_P5"
"ECCU20055","CU20055","Cabin Filter","0","0","0","0","TIER_P5"
"ECCU20055KIT","CU20055KIT","Cabin Filter","0","0","0","0","TIER_P5"
"EC50072","CU20072","Cabin Filter","1","0","1","1","TIER_P5"
"EC50078","CU20078","Cabin Filter","1","0","1","1","TIER_P5"
"EC50080","CU20080","Cabin Filter","1","0","1","1","TIER_P5"
"ECCU20112","CU2011/2","Cabin Filter","0","0","0","0","TIER_P5"
"EC52012","CU2012","Cabin Filter","1","0","1","1","TIER_P5"
"EC52015","CU2015","Cabin Filter","1","0","1","1","TIER_P5"
"EC52026","CU2026","Cabin Filter","1","1","1","1","TIER_P1"
"EC52027","CU2027","Cabin Filter","0","0","1","1","TIER_P5"
"EC52028","CU2028","Cabin Filter","1","0","1","1","TIER_P5"
"ECCU20332","CU2033/2","Cabin Filter","0","0","0","0","TIER_P5"
"EC52035","CU2035","Cabin Filter","1","1","1","1","TIER_P1"
"EC52038","CU2038","Cabin Filter","0","0","1","1","TIER_P5"
"EC52040","CU2040","Cabin Filter","1","1","1","1","TIER_P1"
"EC52043","CU2043","Cabin Filter","1","1","1","1","TIER_P1"
"EC52079","CU2079","Cabin Filter","1","0","1","1","TIER_P5"
"ECCU210002","CU21000/2","Cabin Filter","0","0","0","0","TIER_P5"
"ECCU210012","CU21001/2","Cabin Filter","0","0","0","0","TIER_P5"
"ECCU210022","CU21002/2","Cabin Filter","0","0","0","0","TIER_P5"
"EC51003","CU21003","Cabin Filter","1","1","1","1","TIER_P1"
"ECCU21003M","CU21003M","Cabin Filter","0","0","0","0","TIER_P5"
"EC51004","CU21004","Cabin Filter","1","0","1","1","TIER_P5"
"ECCU210052","CU21005/2","Cabin Filter","0","0","0","0","TIER_P5"
"EC51008","CU21008","Cabin Filter","1","0","1","1","TIER_P5"
"EC51009","CU21009","Cabin Filter","1","0","1","1","TIER_P5"
"EC52101","CU2101","Cabin Filter","1","0","1","1","TIER_P5"
"EC51012","CU21012","Cabin Filter","1","1","0","0","TIER_P3"
"ECCU21015","CU21015","Cabin Filter","0","0","0","0","TIER_P5"
"EC51021","CU21021","Cabin Filter","1","0","1","1","TIER_P5"
"ECCU21036","CU21036","Cabin Filter","0","0","0","0","TIER_P5"
"EC51042","CU21042","Cabin Filter","1","0","1","1","TIER_P5"
"EC51062","CU2106/2","Cabin Filter","1","1","0","0","TIER_P3"
"EC52126","CU2126","Cabin Filter","1","1","0","0","TIER_P3"
"ECCU2128","CU2128","Cabin Filter","0","0","0","0","TIER_P5"
"EC52129","CU2129","Cabin Filter","1","0","1","1","TIER_P5"
"EC52131","CU2131","Cabin Filter","1","1","1","1","TIER_P1"
"EC52131","CU2131M","Cabin Filter","1","1","0","0","TIER_P3"
"EC52132","CU2132","Cabin Filter","1","1","1","1","TIER_P1"
"EC52133","CU2133","Cabin Filter","0","1","0","0","TIER_P4"
"EC52136","CU2136","Cabin Filter","1","0","1","1","TIER_P5"
"EC52137","CU2137","Cabin Filter","1","1","1","1","TIER_P1"
"EC52138","CU2138","Cabin Filter","1","0","1","1","TIER_P5"
"EC52141","CU2141","Cabin Filter","1","1","1","1","TIER_P1"
"EC52143","CU2143","Cabin Filter","1","1","1","1","TIER_P1"
"EC52145","CU2145","Cabin Filter","1","1","1","1","TIER_P1"
"EC52146","CU2146","Cabin Filter","0","0","1","1","TIER_P5"
"EC52149","CU2149","Cabin Filter","1","1","1","1","TIER_P1"
"EC52184","CU2184","Cabin Filter","1","1","1","1","TIER_P1"
"ECCU220012","CU22001/2","Cabin Filter","0","0","0","0","TIER_P5"
"EC50022","CU22002/2","Cabin Filter","0","1","0","0","TIER_P4"
"EC52003","CU22003","Cabin Filter","1","0","1","1","TIER_P5"
"EC52004","CU22004","Cabin Filter","1","0","1","1","TIER_P5"
"ECCU220041","CU22004/1","Cabin Filter","0","0","0","0","TIER_P5"
"EC52006","CU22006","Cabin Filter","0","0","1","1","TIER_P5"
"EC52007","CU22007","Cabin Filter","1","0","1","1","TIER_P5"
"EC50092","CU22009/2","Cabin Filter","1","1","0","0","TIER_P3"
"EC52010","CU22010","Cabin Filter","1","0","1","1","TIER_P5"
"EC52011","CU22011","Cabin Filter","1","1","1","1","TIER_P1"
"EC52013","CU22013","Cabin Filter","1","1","1","1","TIER_P1"
"EC52016","CU22016","Cabin Filter","1","0","1","1","TIER_P5"
"EC52017","CU22017","Cabin Filter","1","0","1","1","TIER_P5"
"EC52022","CU22022","Cabin Filter","1","1","1","1","TIER_P1"
"EC52023","CU22023","Cabin Filter","1","0","1","1","TIER_P5"
"EC52025","CU22025","Cabin Filter","1","0","1","1","TIER_P5"
"EC52028","CU22028","Cabin Filter","1","0","1","1","TIER_P5"
"EC52029","CU22029","Cabin Filter","1","0","1","1","TIER_P5"
"EC52031","CU22031","Cabin Filter","1","0","1","1","TIER_P5"
"EC52032","CU22032","Cabin Filter","1","1","1","1","TIER_P1"
"EC52034","CU22034","Cabin Filter","1","0","1","1","TIER_P5"
"EC52044","CU22044","Cabin Filter","1","0","1","1","TIER_P5"
"ECCU22064","CU22064","Cabin Filter","0","0","0","0","TIER_P5"
"EC52071","CU22071","Cabin Filter","1","0","1","1","TIER_P5"
"EC52072","CU22072","Cabin Filter","0","0","1","0","TIER_P5"
"EC52080","CU22080","Cabin Filter","1","0","1","1","TIER_P5"
"EC52085","CU22085","Cabin Filter","1","0","1","1","TIER_P5"
"EC52142","CU2214/2","Cabin Filter","1","1","0","0","TIER_P3"
"ECCU22162","CU2216/2","Cabin Filter","0","0","0","0","TIER_P5"
"ECCU22172","CU2217/2","Cabin Filter","0","0","0","0","TIER_P5"
"EC52218","CU2218","Cabin Filter","1","0","1","1","TIER_P5"
"EC52224","CU2224","Cabin Filter","0","1","0","0","TIER_P4"
"ECCU22242","CU2224/2","Cabin Filter","0","0","0","0","TIER_P5"
"EC52225","CU2225","Cabin Filter","1","1","1","1","TIER_P1"
"EC52227","CU2227","Cabin Filter","1","1","1","1","TIER_P1"
"EC52232","CU2232","Cabin Filter","0","1","1","1","TIER_P4"
"EC52321","CU2232/1","Cabin Filter","1","1","1","1","TIER_P1"
"ECCU2238","CU2238","Cabin Filter","0","0","0","0","TIER_P5"
"EC52240","CU2240","Cabin Filter","1","1","1","1","TIER_P1"
"EC52243","CU2243","Cabin Filter","1","1","1","1","TIER_P1"
"EC52245","CU2245","Cabin Filter","1","1","1","1","TIER_P1"
"EC52252","CU2252","Cabin Filter","0","1","1","1","TIER_P4"
"EC52253","CU2253","Cabin Filter","0","0","1","1","TIER_P5"
"ECCU230002","CU23000/2","Cabin Filter","0","0","0","0","TIER_P5"
"ECCU230012","CU23001/2","Cabin Filter","0","0","0","0","TIER_P5"
"EC53003","CU23003","Cabin Filter","1","0","1","1","TIER_P5"
"ECCU23003M","CU23003M","Cabin Filter","0","0","0","0","TIER_P5"
"ECCU230052","CU23005/2","Cabin Filter","0","0","0","0","TIER_P5"
"EC53009","CU23009","Cabin Filter","1","1","1","1","TIER_P1"
"EC53010","CU23010","Cabin Filter","1","0","1","1","TIER_P5"
"EC53011","CU23011","Cabin Filter","1","0","1","1","TIER_P5"
"ECCU23012","CU23012","Cabin Filter","0","0","0","0","TIER_P5"
"ECCU230152","CU23015/2","Cabin Filter","0","0","0","0","TIER_P5"
"EC53019","CU23019","Cabin Filter","1","1","1","1","TIER_P1"
"ECCU230191","CU23019/1","Cabin Filter","0","0","0","0","TIER_P5"
"EC53019","CU23019M","Cabin Filter","1","1","0","0","TIER_P3"
"EC53024","CU23024","Cabin Filter","1","1","1","1","TIER_P1"
"EC52303","CU2303","Cabin Filter","1","0","1","1","TIER_P5"
"EC53033","CU23033","Cabin Filter","1","1","1","1","TIER_P1"
"EC53034","CU23034","Cabin Filter","1","0","1","1","TIER_P5"
"EC53035","CU23035","Cabin Filter","1","0","1","1","TIER_P5"
"EC52304","CU2304","Cabin Filter","1","0","1","1","TIER_P5"
"EC52316","CU2316","Cabin Filter","1","1","1","1","TIER_P1"
"EC52317","CU2317","Cabin Filter","1","1","1","1","TIER_P1"
"ECCU2325","CU2325","Cabin Filter","0","0","0","0","TIER_P5"
"ECCU23251","CU2325/1","Cabin Filter","0","0","0","0","TIER_P5"
"EC52326","CU2326","Cabin Filter","1","0","1","1","TIER_P5"
"EC52327","CU2327","Cabin Filter","0","1","0","1","TIER_P4"
"EC53272","CU2327/2","Cabin Filter","0","1","0","0","TIER_P4"
"EC52329","CU2329","Cabin Filter","1","0","1","1","TIER_P5"
"EC52330","CU2330","Cabin Filter","1","0","1","1","TIER_P5"
"EC52331","CU2331","Cabin Filter","0","0","1","1","TIER_P5"
"ECCU2333","CU2333","Cabin Filter","0","0","0","0","TIER_P5"
"EC52335","CU2335","Cabin Filter","1","0","1","1","TIER_P5"
"EC52336","CU2336","Cabin Filter","1","1","1","1","TIER_P1"
"ECCU2336M","CU2336M","Cabin Filter","0","0","0","0","TIER_P5"
"EC52337","CU2337","Cabin Filter","1","0","1","1","TIER_P5"
"EC53371","CU2337/1","Cabin Filter","0","0","1","1","TIER_P5"
"EC52338","CU2338","Cabin Filter","1","1","1","1","TIER_P1"
"EC52339","CU2339","Cabin Filter","0","1","1","1","TIER_P4"
"EC52344","CU2344","Cabin Filter","0","0","1","1","TIER_P5"
"EC52345","CU2345","Cabin Filter","1","1","1","1","TIER_P1"
"EC52349","CU2349","Cabin Filter","1","0","1","1","TIER_P5"
"EC52351","CU2351","Cabin Filter","1","0","1","1","TIER_P5"
"EC52356","CU2356","Cabin Filter","1","0","1","1","TIER_P5"
"EC52358","CU2358","Cabin Filter","1","1","1","1","TIER_P1"
"EC52362","CU2362","Cabin Filter","1","1","1","1","TIER_P1"
"EC52368","CU2368","Cabin Filter","1","1","0","0","TIER_P3"
"ECCU240002","CU24000/2","Cabin Filter","0","0","0","0","TIER_P5"
"EC54001","CU24001","Cabin Filter","0","1","1","1","TIER_P4"
"EC50033","CU24003/3","Cabin Filter","1","0","1","1","TIER_P5"
"EC54004","CU24004","Cabin Filter","1","1","1","1","TIER_P1"
"EC54005","CU24005","Cabin Filter","0","0","1","1","TIER_P5"
"EC54006","CU24006","Cabin Filter","1","0","1","1","TIER_P5"
"EC54008","CU24008","Cabin Filter","1","0","1","1","TIER_P5"
"EC54009","CU24009","Cabin Filter","1","1","1","1","TIER_P1"
"ECCU240122","CU24012/2","Cabin Filter","0","0","0","0","TIER_P5"
"EC54013","CU24013","Cabin Filter","1","1","1","1","TIER_P1"
"EC50132","CU24013/2","Cabin Filter","0","0","1","1","TIER_P5"
"ECCU24013M","CU24013M","Cabin Filter","0","0","0","0","TIER_P5"
"EC54014","CU24014","Cabin Filter","1","0","1","1","TIER_P5"
"ECCU240151","CU24015/1","Cabin Filter","0","0","0","0","TIER_P5"
"ECCU240152","CU24015/2","Cabin Filter","0","0","0","0","TIER_P5"
"EC54017","CU24017","Cabin Filter","1","1","1","1","TIER_P1"
"ECCU24023","CU24023","Cabin Filter","0","0","0","0","TIER_P5"
"EC54024","CU24024","Cabin Filter","1","1","1","1","TIER_P1"
"EC54027","CU24027","Cabin Filter","1","0","1","1","TIER_P5"
"ECCU240332","CU24033/2","Cabin Filter","0","0","0","0","TIER_P5"
"EC54057","CU24057","Cabin Filter","1","0","1","1","TIER_P5"
"EC54072","CU24072","Cabin Filter","1","0","1","1","TIER_P5"
"EC54182","CU2418/2","Cabin Filter","1","1","0","0","TIER_P3"
"EC52422","CU2422","Cabin Filter","1","1","1","1","TIER_P1"
"EC52423","CU2423","Cabin Filter","1","0","1","1","TIER_P5"
"EC52424","CU2424","Cabin Filter","1","1","1","1","TIER_P1"
"EC52425","CU2425","Cabin Filter","1","0","1","1","TIER_P5"
"ECCU24272","CU2427/2","Cabin Filter","0","0","0","0","TIER_P5"
"EC52430","CU2430","Cabin Filter","1","1","1","1","TIER_P1"
"EC52431","CU2431","Cabin Filter","0","1","1","1","TIER_P4"
"EC52433","CU2433","Cabin Filter","1","1","1","1","TIER_P1"
"EC52434","CU2434","Cabin Filter","1","0","1","1","TIER_P5"
"ECCU2434M","CU2434M","Cabin Filter","0","0","0","0","TIER_P5"
"EC52435","CU2435","Cabin Filter","1","1","1","1","TIER_P1"
"EC52436","CU2436","Cabin Filter","1","1","1","1","TIER_P1"
"EC52440","CU2440","Cabin Filter","1","1","1","1","TIER_P1"
"EC52441","CU2441","Cabin Filter","1","0","1","1","TIER_P5"
"EC52442","CU2442","Cabin Filter","1","1","1","1","TIER_P1"
"ECCU24421","CU2442/1","Cabin Filter","0","0","0","0","TIER_P5"
"ECCU2443","CU2443","Cabin Filter","0","0","0","1","TIER_P5"
"ECCU2445","CU2445","Cabin Filter","0","0","0","0","TIER_P5"
"EC52450","CU2450","Cabin Filter","1","0","1","1","TIER_P5"
"EC54500","CU24500","Cabin Filter","1","0","1","1","TIER_P5"
"EC52454","CU2454","Cabin Filter","1","0","1","1","TIER_P5"
"EC55001","CU25001","Cabin Filter","1","1","1","1","TIER_P1"
"EC55002","CU25002","Cabin Filter","1","0","1","1","TIER_P5"
"EC55003","CU25003","Cabin Filter","1","1","1","1","TIER_P1"
"ECCU250042KIT","CU25004/2KIT","Cabin Filter","0","0","0","0","TIER_P5"
"EC55007","CU25007","Cabin Filter","1","1","1","1","TIER_P1"
"ECCU250082","CU25008/2","Cabin Filter","0","0","0","0","TIER_P5"
"ECCU250102","CU25010/2","Cabin Filter","0","0","0","0","TIER_P5"
"EC55012","CU25012","Cabin Filter","1","1","1","1","TIER_P1"
"ECCU250202","CU25020/2","Cabin Filter","0","0","0","0","TIER_P5"
"EC55025","CU25025","Cabin Filter","1","0","1","1","TIER_P5"
"EC55027","CU25027","Cabin Filter","1","0","1","1","TIER_P5"
"EC55031","CU25031","Cabin Filter","1","0","1","1","TIER_P5"
"EC55038","CU25038","Cabin Filter","1","1","1","1","TIER_P1"
"EC52504","CU2504","Cabin Filter","1","0","1","1","TIER_P5"
"EC50423","CU25042/3","Cabin Filter","1","0","1","1","TIER_P5"
"EC55053","CU25053","Cabin Filter","1","0","1","1","TIER_P5"
"EC55056","CU25056","Cabin Filter","1","0","1","1","TIER_P5"
"ECCU25062","CU2506/2","Cabin Filter","0","0","0","0","TIER_P5"
"EC52513","CU2513","Cabin Filter","1","0","1","1","TIER_P5"
"EC52516","CU2516","Cabin Filter","1","0","1","1","TIER_P5"
"EC52520","CU2520","Cabin Filter","1","0","1","1","TIER_P5"
"ECCU25212","CU2521/2","Cabin Filter","0","0","0","0","TIER_P5"
"EC52525","CU2525","Cabin Filter","1","1","1","1","TIER_P1"
"EC55251","CU2525/1","Cabin Filter","0","0","1","1","TIER_P5"
"EC52530","CU2530","Cabin Filter","1","0","1","1","TIER_P5"
"EC52531","CU2531","Cabin Filter","0","1","1","1","TIER_P4"
"EC52531","CU2531KIT","Cabin Filter","1","1","0","0","TIER_P3"
"EC52532","CU2532","Cabin Filter","1","1","1","1","TIER_P1"
"ECCU25332","CU2533/2","Cabin Filter","0","0","0","0","TIER_P5"
"EC52534","CU2534","Cabin Filter","1","1","1","1","TIER_P1"
"EC55422","CU2542/2","Cabin Filter","1","1","0","0","TIER_P3"
"EC52544","CU2544","Cabin Filter","1","1","1","1","TIER_P1"
"EC52545","CU2545","Cabin Filter","1","1","1","1","TIER_P1"
"ECCU2552","CU2552","Cabin Filter","0","0","0","0","TIER_P5"
"ECCU2556","CU2556","Cabin Filter","0","0","0","0","TIER_P5"
"EC52559","CU2559","Cabin Filter","1","1","1","1","TIER_P1"
"EC52567","CU2567","Cabin Filter","1","0","1","1","TIER_P5"
"EC52582","CU2582","Cabin Filter","1","0","1","1","TIER_P5"
"ECCU260002","CU26000/2","Cabin Filter","0","0","0","0","TIER_P5"
"EC56001","CU26001","Cabin Filter","1","0","1","1","TIER_P5"
"EC56002","CU26002","Cabin Filter","1","0","1","1","TIER_P5"
"EC56004","CU26004","Cabin Filter","1","0","1","1","TIER_P5"
"EC56006","CU26006","Cabin Filter","1","1","1","1","TIER_P1"
"ECCU260082","CU26008/2","Cabin Filter","0","0","0","0","TIER_P5"
"EC56009","CU26009","Cabin Filter","1","1","1","1","TIER_P1"
"ECCU260093","CU26009/3","Cabin Filter","0","0","0","0","TIER_P5"
"EC56010","CU26010","Cabin Filter","1","1","1","1","TIER_P1"
"ECCU260142","CU26014/2","Cabin Filter","0","0","0","0","TIER_P5"
"EC56017","CU26017","Cabin Filter","1","1","1","1","TIER_P1"
"EC56021","CU26021","Cabin Filter","1","1","1","1","TIER_P1"
"ECCU260252","CU26025/2","Cabin Filter","0","0","0","0","TIER_P5"
"ECCU26029","CU26029","Cabin Filter","0","0","0","0","TIER_P5"
"EC52603","CU2603","Cabin Filter","1","0","1","1","TIER_P5"
"EC50310","CU2603(10)","Cabin Filter","1","0","1","1","TIER_P5"
"ECCU260310","CU2603/10","Cabin Filter","0","0","0","0","TIER_P5"
"ECCU260342","CU26034/2","Cabin Filter","0","0","0","0","TIER_P5"
"EC56047","CU26047","Cabin Filter","1","0","1","1","TIER_P5"
"ECCU26053","CU26053","Cabin Filter","0","0","0","0","TIER_P5"
"EC52620","CU2620","Cabin Filter","1","1","1","1","TIER_P1"
"EC52622","CU2622","Cabin Filter","1","1","1","1","TIER_P1"
"EC52623","CU2623","Cabin Filter","1","0","1","1","TIER_P5"
"EC56270","CU26270","Cabin Filter","1","0","1","1","TIER_P5"
"EC52628","CU2628","Cabin Filter","0","0","1","1","TIER_P5"
"EC52629","CU2629","Cabin Filter","1","0","1","1","TIER_P5"
"EC52630","CU2630","Cabin Filter","1","0","1","1","TIER_P5"
"EC52631","CU2631","Cabin Filter","0","1","1","1","TIER_P4"
"EC52634","CU2634","Cabin Filter","1","0","1","1","TIER_P5"
"EC52640","CU2640","Cabin Filter","1","0","1","1","TIER_P5"
"EC52642","CU2642","Cabin Filter","1","0","1","1","TIER_P5"
"EC52645","CU2645","Cabin Filter","0","0","1","1","TIER_P5"
"EC56451","CU2645/1","Cabin Filter","0","0","1","1","TIER_P5"
"EC52647","CU2647","Cabin Filter","1","0","1","1","TIER_P5"
"EC52648","CU2648","Cabin Filter","0","1","1","1","TIER_P4"
"ECCU2649","CU2649","Cabin Filter","0","0","0","1","TIER_P5"
"EC52650","CU2650","Cabin Filter","1","0","1","1","TIER_P5"
"EC52672","CU2672","Cabin Filter","1","1","1","1","TIER_P1"
"ECCU26721","CU2672/1","Cabin Filter","0","0","0","0","TIER_P5"
"EC52680","CU2680","Cabin Filter","1","1","1","1","TIER_P1"
"EC57003","CU27003","Cabin Filter","1","0","1","1","TIER_P5"
"EC57004","CU27004","Cabin Filter","1","0","1","1","TIER_P5"
"EC57007","CU27007","Cabin Filter","1","0","1","1","TIER_P5"
"EC57008","CU27008","Cabin Filter","1","1","1","1","TIER_P1"
"EC57009","CU27009","Cabin Filter","1","1","1","1","TIER_P1"
"EC50101","CU27010/1","Cabin Filter","1","0","1","1","TIER_P5"
"EC57023","CU27023","Cabin Filter","1","0","1","1","TIER_P5"
"ECCU27029","CU27029","Cabin Filter","0","0","0","0","TIER_P5"
"ECCU27033","CU27033","Cabin Filter","0","0","0","0","TIER_P5"
"EC52709","CU2709","Cabin Filter","1","0","1","1","TIER_P5"
"EC52733","CU2733","Cabin Filter","1","1","1","1","TIER_P1"
"EC52734","CU2734","Cabin Filter","1","0","1","1","TIER_P5"
"ECCU27362","CU2736/2","Cabin Filter","0","0","0","0","TIER_P5"
"EC52745","CU2745","Cabin Filter","0","1","0","1","TIER_P4"
"ECCU27452","CU2745/2","Cabin Filter","0","0","0","0","TIER_P5"
"EC52746","CU2746","Cabin Filter","1","0","1","1","TIER_P5"
"EC52747","CU2747","Cabin Filter","1","1","1","1","TIER_P1"
"EC52750","CU2750","Cabin Filter","1","0","1","1","TIER_P5"
"EC52757","CU2757","Cabin Filter","1","1","1","1","TIER_P1"
"EC52785","CU2785","Cabin Filter","1","0","1","1","TIER_P5"
"EC58003","CU28003","Cabin Filter","1","0","1","1","TIER_P5"
"EC58004","CU28004","Cabin Filter","1","0","1","1","TIER_P5"
"EC58005","CU28005","Cabin Filter","0","0","1","1","TIER_P5"
"EC58009","CU28009","Cabin Filter","1","1","1","1","TIER_P1"
"EC58010","CU28010","Cabin Filter","1","0","1","1","TIER_P5"
"ECCU280101","CU28010/1","Cabin Filter","0","0","0","0","TIER_P5"
"EC58016","CU28016","Cabin Filter","1","1","1","1","TIER_P1"
"EC58020","CU28020","Cabin Filter","1","0","1","1","TIER_P5"
"ECCU28082","CU2808/2","Cabin Filter","0","0","0","0","TIER_P5"
"ECCU2829","CU2829","Cabin Filter","0","0","0","0","TIER_P5"
"ECCU28291","CU2829/1","Cabin Filter","0","0","0","0","TIER_P5"
"EC52835","CU2835","Cabin Filter","1","0","1","1","TIER_P5"
"ECCU2836","CU2836","Cabin Filter","0","0","0","1","TIER_P5"
"EC52839","CU2839","Cabin Filter","1","0","1","1","TIER_P5"
"EC52841","CU2841","Cabin Filter","0","0","1","1","TIER_P5"
"EC52842","CU2842","Cabin Filter","1","1","1","1","TIER_P1"
"ECCU2845","CU2845","Cabin Filter","0","0","0","1","TIER_P5"
"EC52855","CU2855","Cabin Filter","1","1","1","1","TIER_P1"
"EC58551","CU2855/1","Cabin Filter","1","1","1","1","TIER_P1"
"ECCU28561","CU2856/1","Cabin Filter","0","0","0","0","TIER_P5"
"ECCU28562","CU2856/2","Cabin Filter","0","0","0","0","TIER_P5"
"EC52861","CU2861","Cabin Filter","0","0","1","1","TIER_P5"
"EC52862","CU2862","Cabin Filter","0","1","0","0","TIER_P4"
"EC52882","CU2882","Cabin Filter","1","1","1","1","TIER_P1"
"EC52897","CU2897","Cabin Filter","1","1","1","1","TIER_P1"
"EC58971","CU2897/1","Cabin Filter","0","1","0","1","TIER_P4"
"EC59001","CU29001","Cabin Filter","1","1","1","1","TIER_P1"
"ECCU290022","CU29002/2","Cabin Filter","0","0","0","0","TIER_P5"
"EC59003","CU29003","Cabin Filter","0","1","0","0","TIER_P4"
"ECCU290032","CU29003/2","Cabin Filter","0","0","0","0","TIER_P5"
"EC59004","CU29004","Cabin Filter","1","0","1","1","TIER_P5"
"EC59007","CU29007","Cabin Filter","1","1","1","1","TIER_P1"
"EC59010","CU29010","Cabin Filter","1","1","1","1","TIER_P1"
"EC52910","CU2910","Cabin Filter","1","0","1","1","TIER_P5"
"EC59154","CU29154","Cabin Filter","1","0","1","1","TIER_P5"
"EC51541","CU29154/1","Cabin Filter","1","0","1","1","TIER_P5"
"EC52916","CU2916","Cabin Filter","1","0","1","1","TIER_P5"
"EC52930","CU2930","Cabin Filter","1","0","1","1","TIER_P5"
"EC52939","CU2939","Cabin Filter","1","1","1","1","TIER_P1"
"ECCU2939M","CU2939M","Cabin Filter","0","0","0","0","TIER_P5"
"EC52940","CU2940","Cabin Filter","1","1","1","1","TIER_P1"
"ECCU29412","CU2941/2","Cabin Filter","0","0","0","0","TIER_P5"
"EC52945","CU2945","Cabin Filter","1","1","1","1","TIER_P1"
"EC52949","CU2949","Cabin Filter","0","1","0","1","TIER_P4"
"ECCU29492","CU2949/2","Cabin Filter","0","0","0","0","TIER_P5"
"ECCU29493","CU2949/3","Cabin Filter","0","0","0","0","TIER_P5"
"EC52951","CU2951","Cabin Filter","1","1","1","1","TIER_P1"
"EC59511","CU2951/1","Cabin Filter","0","0","1","1","TIER_P5"
"EC52952","CU2952","Cabin Filter","1","1","1","1","TIER_P1"
"ECCU2955","CU2955","Cabin Filter","0","0","0","1","TIER_P5"
"EC52956","CU2956","Cabin Filter","1","1","1","1","TIER_P1"
"ECCU29562","CU2956/2","Cabin Filter","0","0","0","0","TIER_P5"
"ECCU30002","CU30002","Cabin Filter","0","0","0","0","TIER_P5"
"EC50004","CU30004","Cabin Filter","1","0","1","1","TIER_P5"
"EC50007","CU30007","Cabin Filter","1","1","1","1","TIER_P1"
"EC50009","CU30009","Cabin Filter","0","0","1","0","TIER_P5"
"EC53001","CU3001","Cabin Filter","1","0","1","1","TIER_P5"
"EC50012","CU30012","Cabin Filter","1","1","1","1","TIER_P1"
"EC50019","CU30019","Cabin Filter","1","0","1","1","TIER_P5"
"ECCU30024","CU30024","Cabin Filter","0","0","0","0","TIER_P5"
"EC50025","CU30025","Cabin Filter","1","0","1","1","TIER_P5"
"EC50199","CU30199","Cabin Filter","1","0","1","1","TIER_P5"
"EC53020","CU3020","Cabin Filter","1","1","1","1","TIER_P1"
"EC53023","CU3023","Cabin Filter","0","1","1","1","TIER_P4"
"ECCU30232","CU3023/2","Cabin Filter","0","0","0","0","TIER_P5"
"EC53032","CU3032","Cabin Filter","0","1","1","1","TIER_P4"
"ECCU30332","CU3033/2","Cabin Filter","0","0","0","0","TIER_P5"
"ECCU3034","CU3034","Cabin Filter","0","0","0","1","TIER_P5"
"EC53037","CU3037","Cabin Filter","1","1","1","1","TIER_P1"
"ECCU30392","CU3039/2","Cabin Filter","0","0","0","0","TIER_P5"
"EC53040","CU3040","Cabin Filter","1","0","1","1","TIER_P5"
"EC53042","CU3042","Cabin Filter","0","1","0","1","TIER_P4"
"ECCU3043","CU3043","Cabin Filter","0","0","0","0","TIER_P5"
"EC53054","CU3054","Cabin Filter","1","1","1","1","TIER_P1"
"EC53058","CU3058","Cabin Filter","0","1","1","1","TIER_P4"
"EC50581","CU3058/1","Cabin Filter","1","0","1","1","TIER_P5"
"EC50582","CU3058/2","Cabin Filter","1","0","1","1","TIER_P5"
"EC53059","CU3059","Cabin Filter","1","0","1","1","TIER_P5"
"EC53080","CU3080","Cabin Filter","0","0","1","1","TIER_P5"
"EC51001","CU31001","Cabin Filter","1","1","1","1","TIER_P1"
"EC51003","CU31003","Cabin Filter","1","1","1","1","TIER_P1"
"ECCU31012","CU31012","Cabin Filter","0","0","0","0","TIER_P5"
"EC51100","CU31100","Cabin Filter","1","0","1","1","TIER_P5"
"EC51152","CU31152","Cabin Filter","1","0","1","1","TIER_P5"
"ECCU31242","CU3124/2","Cabin Filter","0","0","0","0","TIER_P5"
"EC53125","CU3125","Cabin Filter","1","0","1","1","TIER_P5"
"EC53132","CU3132","Cabin Filter","1","1","1","1","TIER_P1"
"EC53136","CU3136","Cabin Filter","1","0","1","1","TIER_P5"
"EC53138","CU3138","Cabin Filter","1","0","1","1","TIER_P5"
"EC53139","CU3139","Cabin Filter","1","1","1","1","TIER_P1"
"ECCU31392","CU3139/2","Cabin Filter","0","0","0","0","TIER_P5"
"EC53146","CU3146","Cabin Filter","0","1","0","0","TIER_P4"
"EC53162","CU3162","Cabin Filter","0","1","0","1","TIER_P4"
"EC53172","CU3172","Cabin Filter","1","1","1","1","TIER_P1"
"EC51721","CU3172/1","Cabin Filter","1","0","1","1","TIER_P5"
"EC53192","CU3192","Cabin Filter","1","0","1","1","TIER_P5"
"EC52001","CU32001","Cabin Filter","1","1","1","1","TIER_P1"
"EC52002","CU32002","Cabin Filter","1","1","1","1","TIER_P1"
"EC52003","CU32003","Cabin Filter","1","0","1","1","TIER_P5"
"EC52005","CU32005","Cabin Filter","1","0","1","1","TIER_P5"
"EC52008","CU32008","Cabin Filter","0","1","1","1","TIER_P4"
"EC52011","CU32011","Cabin Filter","0","1","1","0","TIER_P4"
"EC50111","CU32011/1","Cabin Filter","1","0","1","1","TIER_P5"
"EC52012","CU32012","Cabin Filter","0","1","1","0","TIER_P4"
"EC50121","CU32012/1","Cabin Filter","1","0","1","1","TIER_P5"
"EC53240","CU3240","Cabin Filter","1","1","1","1","TIER_P1"
"EC53241","CU3241","Cabin Filter","0","1","0","0","TIER_P4"
"EC53243","CU3243","Cabin Filter","1","1","1","1","TIER_P1"
"EC54312","CU3243(12)","Cabin Filter","1","0","1","1","TIER_P5"
"EC53260","CU3260","Cabin Filter","0","0","1","1","TIER_P5"
"EC53128","CU33128","Cabin Filter","1","1","1","1","TIER_P1"
"EC53318","CU3318","Cabin Filter","0","0","1","1","TIER_P5"
"EC53337","CU3337","Cabin Filter","1","1","1","1","TIER_P1"
"EC53338","CU3338","Cabin Filter","1","0","1","1","TIER_P5"
"EC53340","CU3340","Cabin Filter","1","1","1","1","TIER_P1"
"ECCU3348","CU3348","Cabin Filter","0","0","0","0","TIER_P5"
"EC53350","CU3350","Cabin Filter","0","0","1","1","TIER_P5"
"EC53360","CU3360","Cabin Filter","1","1","1","1","TIER_P1"
"ECCU33749","CU33749","Cabin Filter","0","0","0","1","TIER_P5"
"EC54003","CU34003","Cabin Filter","1","1","1","1","TIER_P1"
"EC54008","CU34008","Cabin Filter","1","0","1","1","TIER_P5"
"EC54010","CU34010","Cabin Filter","1","0","1","1","TIER_P5"
"EC53403","CU3403","Cabin Filter","0","0","1","1","TIER_P5"
"EC50310","CU3403(10)","Cabin Filter","0","0","1","1","TIER_P5"
"ECCU340310","CU3403/10","Cabin Filter","0","0","0","0","TIER_P5"
"EC54105","CU34105","Cabin Filter","1","0","1","1","TIER_P5"
"EC53411","CU3411","Cabin Filter","1","0","1","1","TIER_P5"
"EC54117","CU34117","Cabin Filter","0","0","1","1","TIER_P5"
"EC53415","CU3415","Cabin Filter","1","0","1","1","TIER_P5"
"EC53423","CU3423","Cabin Filter","0","0","1","1","TIER_P5"
"EC53435","CU3435","Cabin Filter","1","0","1","1","TIER_P5"
"EC53435","CU3435KIT","Cabin Filter","0","0","1","0","TIER_P5"
"EC53448","CU3448","Cabin Filter","1","1","1","1","TIER_P1"
"EC53454","CU3454","Cabin Filter","1","1","1","1","TIER_P1"
"EC53455","CU3455","Cabin Filter","1","1","1","1","TIER_P1"
"EC53461","CU3461","Cabin Filter","1","1","1","1","TIER_P1"
"EC54611","CU3461/1","Cabin Filter","1","0","1","1","TIER_P5"
"EC53466","CU3466","Cabin Filter","1","0","1","1","TIER_P5"
"EC53474","CU3474","Cabin Filter","1","0","1","1","TIER_P5"
"ECCU34741","CU3474/1","Cabin Filter","0","0","0","0","TIER_P5"
"EC53478","CU3478","Cabin Filter","0","0","1","1","TIER_P5"
"EC53518","CU3518","Cabin Filter","1","1","1","1","TIER_P1"
"EC53540","CU3540","Cabin Filter","1","1","1","1","TIER_P1"
"EC53553","CU3553","Cabin Filter","0","1","0","1","TIER_P4"
"EC53554","CU3554","Cabin Filter","1","1","1","1","TIER_P1"
"EC53562","CU3562","Cabin Filter","1","0","1","1","TIER_P5"
"EC53564","CU3564","Cabin Filter","1","0","1","1","TIER_P5"
"EC53567","CU3567","Cabin Filter","1","1","1","1","TIER_P1"
"EC53569","CU3569","Cabin Filter","1","1","1","1","TIER_P1"
"ECCU36001","CU36001","Cabin Filter","1","0","0","1","TIER_P5"
"EC56003","CU36003","Cabin Filter","1","1","1","1","TIER_P1"
"ECCU36044","CU36044","Cabin Filter","0","0","0","0","TIER_P5"
"EC56221","CU36221","Cabin Filter","1","0","1","1","TIER_P5"
"ECCU36422","CU3642/2","Cabin Filter","0","0","0","0","TIER_P5"
"EC53649","CU3649","Cabin Filter","1","0","1","1","TIER_P5"
"EC53665","CU3665","Cabin Filter","1","0","1","1","TIER_P5"
"EC57001","CU37001","Cabin Filter","1","1","1","1","TIER_P1"
"EC57003","CU37003","Cabin Filter","1","0","1","1","TIER_P5"
"EC57008","CU37008","Cabin Filter","1","0","1","1","TIER_P5"
"EC57230","CU37230","Cabin Filter","1","0","1","1","TIER_P5"
"EC53759","CU3759","Cabin Filter","1","0","1","1","TIER_P5"
"EC53780","CU3780","Cabin Filter","1","1","1","1","TIER_P1"
"EC58001","CU38001","Cabin Filter","1","0","1","1","TIER_P5"
"ECCU38222","CU3822/2","Cabin Filter","0","0","0","0","TIER_P5"
"EC58269","CU38269","Cabin Filter","1","0","1","1","TIER_P5"
"EC53840","CU3840","Cabin Filter","1","1","1","1","TIER_P1"
"EC53847","CU3847","Cabin Filter","1","1","1","1","TIER_P1"
"EC53855","CU3855","Cabin Filter","1","1","1","1","TIER_P1"
"EC53858","CU3858","Cabin Filter","1","1","1","1","TIER_P1"
"EC53861","CU3861","Cabin Filter","1","0","1","1","TIER_P5"
"EC53869","CU3869","Cabin Filter","1","1","1","1","TIER_P1"
"ECCU39001","CU39001","Cabin Filter","0","0","0","0","TIER_P5"
"EC59002","CU39002","Cabin Filter","1","0","1","1","TIER_P5"
"ECCU39004","CU39004","Cabin Filter","0","0","0","0","TIER_P5"
"EC59005","CU39005","Cabin Filter","1","0","1","1","TIER_P5"
"EC59120","CU39120","Cabin Filter","0","0","1","1","TIER_P5"
"EC53933","CU3933","Cabin Filter","0","0","1","1","TIER_P5"
"EC53935","CU3935","Cabin Filter","1","0","1","1","TIER_P5"
"EC53939","CU3939","Cabin Filter","1","0","1","1","TIER_P5"
"EC53942","CU3942","Cabin Filter","1","0","1","1","TIER_P5"
"EC53943","CU3943","Cabin Filter","1","1","1","1","TIER_P1"
"EC53944","CU3944","Cabin Filter","1","0","1","1","TIER_P5"
"EC53945","CU3945","Cabin Filter","0","0","1","1","TIER_P5"
"EC53955","CU3955","Cabin Filter","1","1","1","1","TIER_P1"
"EC53959","CU3959","Cabin Filter","1","1","1","1","TIER_P1"
"EC53973","CU3973","Cabin Filter","0","1","0","1","TIER_P4"
"EC53979","CU3979","Cabin Filter","0","1","0","1","TIER_P4"
"EC50001","CU40001","Cabin Filter","0","0","1","1","TIER_P5"
"EC54007","CU4007","Cabin Filter","0","0","1","1","TIER_P5"
"EC50071","CU4007/1","Cabin Filter","0","0","1","1","TIER_P5"
"EC50110","CU40110","Cabin Filter","1","0","1","1","TIER_P5"
"EC54033","CU4033","Cabin Filter","1","0","1","1","TIER_P5"
"EC54036","CU4036","Cabin Filter","1","0","1","1","TIER_P5"
"EC54038","CU4038","Cabin Filter","0","0","1","1","TIER_P5"
"EC54054","CU4054","Cabin Filter","1","1","1","1","TIER_P1"
"EC54150","CU4150","Cabin Filter","1","0","1","1","TIER_P5"
"EC54151","CU4151","Cabin Filter","1","1","1","1","TIER_P1"
"EC54179","CU4179","Cabin Filter","1","1","1","1","TIER_P1"
"EC54197","CU4197","Cabin Filter","0","0","1","1","TIER_P5"
"EC51971","CU4197/1","Cabin Filter","0","0","1","1","TIER_P5"
"EC51972","CU4197/2","Cabin Filter","1","0","1","1","TIER_P5"
"EC52001","CU42001","Cabin Filter","1","0","1","1","TIER_P5"
"EC52002","CU42002","Cabin Filter","1","0","1","1","TIER_P5"
"EC52003","CU42003","Cabin Filter","1","0","1","1","TIER_P5"
"EC52100","CU42100","Cabin Filter","0","1","1","1","TIER_P4"
"EC51001","CU42100/1","Cabin Filter","1","0","1","1","TIER_P5"
"EC54219","CU4219","Cabin Filter","1","0","1","1","TIER_P5"
"EC54228","CU4228","Cabin Filter","1","0","1","1","TIER_P5"
"EC54236","CU4236","Cabin Filter","0","0","1","1","TIER_P5"
"EC54251","CU4251","Cabin Filter","1","1","1","1","TIER_P1"
"EC54260","CU4260","Cabin Filter","1","1","1","1","TIER_P1"
"EC54330","CU4330","Cabin Filter","1","0","1","1","TIER_P5"
"ECCU44003","CU44003","Cabin Filter","0","0","0","0","TIER_P5"
"EC54408","CU4408","Cabin Filter","1","1","1","1","TIER_P1"
"EC54416","CU4416","Cabin Filter","1","0","1","1","TIER_P5"
"EC54436","CU4436","Cabin Filter","1","1","1","1","TIER_P1"
"EC54442","CU4442","Cabin Filter","1","0","1","1","TIER_P5"
"EC54466","CU4466","Cabin Filter","1","0","1","1","TIER_P5"
"EC54469","CU4469","Cabin Filter","1","1","1","1","TIER_P1"
"EC55002","CU45002","Cabin Filter","1","0","1","1","TIER_P5"
"EC55004","CU45004","Cabin Filter","1","1","1","1","TIER_P1"
"EC55120","CU45120","Cabin Filter","1","0","1","1","TIER_P5"
"EC54580","CU4580","Cabin Filter","0","0","1","1","TIER_P5"
"EC54594","CU4594","Cabin Filter","1","1","1","1","TIER_P1"
"EC56001","CU46001","Cabin Filter","1","0","1","1","TIER_P5"
"EC54615","CU4615","Cabin Filter","0","0","1","1","TIER_P5"
"EC54624","CU4624","Cabin Filter","1","1","1","1","TIER_P1"
"EC54627","CU4627","Cabin Filter","1","1","1","1","TIER_P1"
"ECCU46276","CU4627/6","Cabin Filter","0","0","0","0","TIER_P5"
"ECCU463203","CU46320/3","Cabin Filter","0","0","0","0","TIER_P5"
"EC54662","CU4662","Cabin Filter","1","1","1","1","TIER_P1"
"ECCU470252","CU47025/2","Cabin Filter","0","0","0","0","TIER_P5"
"ECCU4702532","CU47025/3/2","Cabin Filter","0","0","0","0","TIER_P5"
"EC54727","CU4727","Cabin Filter","1","0","1","1","TIER_P5"
"EC54783","CU4783","Cabin Filter","1","0","1","1","TIER_P5"
"EC54795","CU4795","Cabin Filter","1","1","1","1","TIER_P1"
"ECCU47952","CU4795/2","Cabin Filter","0","0","0","1","TIER_P5"
"ECCU480012","CU48001/2","Cabin Filter","0","0","0","0","TIER_P5"
"EC54811","CU4811","Cabin Filter","1","1","1","1","TIER_P1"
"EC51110","CU4811(10)","Cabin Filter","1","0","1","1","TIER_P5"
"ECCU481110","CU4811/10","Cabin Filter","0","0","0","0","TIER_P5"
"EC58140","CU48140","Cabin Filter","1","0","1","1","TIER_P5"
"EC59002","CU49002","Cabin Filter","1","0","1","1","TIER_P5"
"EC59100","CU49100","Cabin Filter","1","0","1","1","TIER_P5"
"EC54926","CU4926","Cabin Filter","1","1","1","1","TIER_P1"
"EC50001","CU50001","Cabin Filter","1","1","1","1","TIER_P1"
"EC50005","CU50005","Cabin Filter","1","0","1","1","TIER_P5"
"EC50102","CU50102","Cabin Filter","1","1","1","1","TIER_P1"
"EC55041","CU5041","Cabin Filter","1","0","1","1","TIER_P5"
"EC55044","CU5044","Cabin Filter","1","0","1","1","TIER_P5"
"EC55048","CU5048","Cabin Filter","0","0","1","1","TIER_P5"
"EC55067","CU5067","Cabin Filter","1","1","1","1","TIER_P1"
"EC55096","CU5096","Cabin Filter","1","0","1","1","TIER_P5"
"EC55141","CU5141","Cabin Filter","1","1","1","1","TIER_P1"
"EC52002","CU52002","Cabin Filter","1","0","1","1","TIER_P5"
"ECCU52003","CU52003","Cabin Filter","0","0","0","1","TIER_P5"
"EC52004","CU52004","Cabin Filter","1","1","1","1","TIER_P1"
"EC55257","CU5257","Cabin Filter","1","1","1","1","TIER_P1"
"EC53001","CU53001","Cabin Filter","0","0","1","1","TIER_P5"
"EC53007","CU53007","Cabin Filter","1","0","1","1","TIER_P5"
"EC55346","CU5346","Cabin Filter","1","0","1","1","TIER_P5"
"EC55366","CU5366","Cabin Filter","1","1","1","1","TIER_P1"
"ECCU54001","CU54001","Cabin Filter","1","0","0","1","TIER_P5"
"EC55407","CU5407","Cabin Filter","0","0","1","1","TIER_P5"
"EC50710","CU5407(10)","Cabin Filter","0","0","1","0","TIER_P5"
"ECCU540710","CU5407/10","Cabin Filter","0","0","0","0","TIER_P5"
"EC54192","CU54192","Cabin Filter","0","1","0","1","TIER_P4"
"EC55476","CU5476","Cabin Filter","0","0","1","1","TIER_P5"
"EC55480","CU5480","Cabin Filter","1","1","1","1","TIER_P1"
"EC55620","CU5620","Cabin Filter","1","1","1","1","TIER_P1"
"EC52010","CU5620(10)","Cabin Filter","1","0","1","1","TIER_P5"
"ECCU562010","CU5620/10","Cabin Filter","0","0","0","0","TIER_P5"
"EC55673","CU5673","Cabin Filter","1","0","1","1","TIER_P5"
"EC55695","CU5695","Cabin Filter","0","0","1","1","TIER_P5"
"ECCU57003","CU57003","Cabin Filter","0","0","0","1","TIER_P5"
"EC57218","CU57218","Cabin Filter","1","0","1","1","TIER_P5"
"EC55809","CU5809","Cabin Filter","1","1","1","1","TIER_P1"
"EC55877","CU5877","Cabin Filter","1","1","1","1","TIER_P1"
"EC59161","CU59161","Cabin Filter","1","0","1","1","TIER_P5"
"EC50170","CU60170","Cabin Filter","1","0","1","1","TIER_P5"
"EC50230","CU60230","Cabin Filter","0","0","1","1","TIER_P5"
"EC56034","CU6034","Cabin Filter","1","0","1","1","TIER_P5"
"EC56076","CU6076","Cabin Filter","1","0","1","1","TIER_P5"
"EC56088","CU6088","Cabin Filter","0","0","1","1","TIER_P5"
"EC51002","CU61002","Cabin Filter","1","0","1","1","TIER_P5"
"EC51225","CU61225","Cabin Filter","1","1","1","1","TIER_P1"
"EC56003","CU66003","Cabin Filter","1","0","1","1","TIER_P5"
"EC56724","CU6724","Cabin Filter","1","1","1","1","TIER_P1"
"ECCU810004","CU81000/4","Cabin Filter","0","0","0","0","TIER_P5"
"EC58430","CU8430","Cabin Filter","1","1","1","1","TIER_P1"
"EC58541","CU8541","Cabin Filter","0","0","1","1","TIER_P5"
"EC58343","CU88343","Cabin Filter","0","0","1","1","TIER_P5"
"EC59018","CU9018","Cabin Filter","0","0","1","1","TIER_P5"
"ECCU901810","CU9018(10)","Cabin Filter","0","0","0","0","TIER_P5"
"ECCU901810","CU9018/10","Cabin Filter","0","0","0","0","TIER_P5"
"EC51001","CU91001","Cabin Filter","1","0","1","1","TIER_P5"
"EC59321","CU9321","Cabin Filter","0","0","1","1","TIER_P5"
"ECCU932110","CU9321(10)","Cabin Filter","0","0","0","0","TIER_P5"
"ECCU932110","CU9321/10","Cabin Filter","0","0","0","0","TIER_P5"
"EC50002","CUD10002","Cabin Filter","1","0","1","1","TIER_P5"
"EC56013","CUD16013","Cabin Filter","1","0","1","1","TIER_P5"
"EC56014","CUD16014","Cabin Filter","1","0","1","1","TIER_P5"
"EC56016","CUD16016","Cabin Filter","1","0","1","1","TIER_P5"
"EC59025","CUD19025","Cabin Filter","1","0","1","1","TIER_P5"
"ECCUD200191","CUD20019/1","Cabin Filter","0","0","0","0","TIER_P5"
"EC51041","CUD21041","Cabin Filter","1","0","1","1","TIER_P5"
"EC52026","CUD22026","Cabin Filter","1","0","1","1","TIER_P5"
"EC52079","CUD22079","Cabin Filter","1","0","1","1","TIER_P5"
"EC53043","CUD23043","Cabin Filter","1","0","1","1","TIER_P5"
"EC53046","CUD23046","Cabin Filter","1","0","1","1","TIER_P5"
"EC54061","CUD24061","Cabin Filter","1","0","1","1","TIER_P5"
"EC52410","CUD2410","Cabin Filter","1","0","1","1","TIER_P5"
"EC55049","CUD25049","Cabin Filter","1","0","1","1","TIER_P5"
"EC55050","CUD25050","Cabin Filter","0","0","1","0","TIER_P5"
"EC55057","CUD25057","Cabin Filter","1","0","1","1","TIER_P5"
"EC56057","CUD26057","Cabin Filter","1","0","1","1","TIER_P5"
"EC58022","CUD28022","Cabin Filter","1","0","1","1","TIER_P5"
"EC58046","CUD28046","Cabin Filter","1","0","1","1","TIER_P5"
"EC58047","CUD28047","Cabin Filter","1","0","1","1","TIER_P5"
"EC58048","CUD28048","Cabin Filter","1","0","1","1","TIER_P5"
"EC58235","CUD28235","Cabin Filter","1","0","1","1","TIER_P5"
"EC59018","CUD29018","Cabin Filter","0","0","1","0","TIER_P5"
"EC50017","CUD30017","Cabin Filter","1","0","1","1","TIER_P5"
"EC50018","CUD30018","Cabin Filter","1","0","1","1","TIER_P5"
"EC51004","CUD31004","Cabin Filter","1","0","1","1","TIER_P5"
"EC51011","CUD31011","Cabin Filter","1","0","1","1","TIER_P5"
"EC51014","CUD31014","Cabin Filter","1","0","1","1","TIER_P5"
"EC53009","CUD33009","Cabin Filter","1","0","1","1","TIER_P5"
"EC53380","CUD3380","Cabin Filter","1","0","1","1","TIER_P5"
"EC54011","CUD34011","Cabin Filter","1","0","1","1","TIER_P5"
"EC55002","CUD35002","Cabin Filter","1","0","1","1","TIER_P5"
"EC55006","CUD35006","Cabin Filter","1","0","1","1","TIER_P5"
"EC55007","CUD35007","Cabin Filter","0","0","1","0","TIER_P5"
"EC57009","CUD37009","Cabin Filter","1","0","1","1","TIER_P5"
"EC58011","CUD38011","Cabin Filter","1","0","1","1","TIER_P5"
"EC58012","CUD38012","Cabin Filter","1","0","1","1","TIER_P5"
"EC59009","CUD39009","Cabin Filter","1","0","1","1","TIER_P5"
"EC50011","CUD40011","Cabin Filter","1","0","1","1","TIER_P5"
"EC50012","CUD40012","Cabin Filter","0","0","1","0","TIER_P5"
"EC50017","CUD40017","Cabin Filter","1","0","1","1","TIER_P5"
"EC50018","CUD40018","Cabin Filter","1","0","1","1","TIER_P5"
"EC51006","CUD41006","Cabin Filter","1","0","1","1","TIER_P5"
"ECCUD4110","CUD4110","Cabin Filter","1","0","0","1","TIER_P5"
"EC52007","CUD42007","Cabin Filter","1","0","1","1","TIER_P5"
"EC54250","CUD4250","Cabin Filter","1","0","1","1","TIER_P5"
"EC53001","CUD43001","Cabin Filter","1","0","1","1","TIER_P5"
"EC54006","CUD44006","Cabin Filter","1","0","1","1","TIER_P5"
"EC56005","CUD46005","Cabin Filter","1","0","1","1","TIER_P5"
"EC54630","CUD4630","Cabin Filter","1","0","1","1","TIER_P5"
"EC57002","CUD47002","Cabin Filter","1","0","1","1","TIER_P5"
"EC57003","CUD47003","Cabin Filter","1","0","1","1","TIER_P5"
"EC57004","CUD47004","Cabin Filter","1","0","1","1","TIER_P5"
"EC57005","CUD47005","Cabin Filter","1","0","1","1","TIER_P5"
"EC59001","CUD49001","Cabin Filter","1","0","1","1","TIER_P5"
"EC59005","CUD49005","Cabin Filter","1","0","1","1","TIER_P5"
"EC50007","CUD50007","Cabin Filter","1","0","1","1","TIER_P5"
"EC50009","CUD50009","Cabin Filter","1","0","1","1","TIER_P5"
"ECCUD51004","CUD51004","Cabin Filter","0","0","0","0","TIER_P5"
"EC52008","CUD52008","Cabin Filter","0","0","1","0","TIER_P5"
"EC52011","CUD52011","Cabin Filter","1","0","1","1","TIER_P5"
"EC52012","CUD52012","Cabin Filter","0","0","1","0","TIER_P5"
"EC55250","CUD5250","Cabin Filter","1","0","1","1","TIER_P5"
"EC53005","CUD53005","Cabin Filter","1","0","1","1","TIER_P5"
"EC53006","CUD53006","Cabin Filter","1","0","1","1","TIER_P5"
"ECCUD55001","CUD55001","Cabin Filter","0","0","0","0","TIER_P5"
"EC55007","CUD55007","Cabin Filter","1","0","1","1","TIER_P5"
"EC55008","CUD55008","Cabin Filter","1","0","1","1","TIER_P5"
"EC55011","CUD55011","Cabin Filter","1","0","1","1","TIER_P5"
"EC56002","CUD56002","Cabin Filter","1","0","1","1","TIER_P5"
"EC57007","CUD57007","Cabin Filter","0","0","1","0","TIER_P5"
"EC57022","CUD57022","Cabin Filter","1","0","1","1","TIER_P5"
"EC58002","CUD58002","Cabin Filter","1","0","1","1","TIER_P5"
"EC59001","CUD59001","Cabin Filter","1","0","1","1","TIER_P5"
"EC59002","CUD59002","Cabin Filter","1","0","1","1","TIER_P5"
"EC50002","CUD60002","Cabin Filter","1","0","1","1","TIER_P5"
"EC50003","CUD60003","Cabin Filter","1","0","1","1","TIER_P5"
"EC56035","CUD6035","Cabin Filter","1","0","1","1","TIER_P5"
"EC51003","CUD61003","Cabin Filter","1","0","1","1","TIER_P5"
"EC51004","CUD61004","Cabin Filter","1","0","1","1","TIER_P5"
"EC51005","CUD61005","Cabin Filter","1","0","1","1","TIER_P5"
"EC54007","CUD64007","Cabin Filter","1","0","1","1","TIER_P5"
"EC55004","CUD65004","Cabin Filter","1","0","1","1","TIER_P5"
"EC56002","CUD66002","Cabin Filter","1","0","1","1","TIER_P5"
"EC56004","CUD66004","Cabin Filter","1","0","1","1","TIER_P5"
"EC58001","CUD68001","Cabin Filter","1","0","1","1","TIER_P5"
"EC51001","CUD71001","Cabin Filter","1","0","1","1","TIER_P5"
"EC52001","CUD72001","Cabin Filter","1","0","1","1","TIER_P5"
"EC54001","CUD74001","Cabin Filter","1","0","1","1","TIER_P5"
"EC55001","CUD75001","Cabin Filter","1","0","1","1","TIER_P5"
"EC56004","CUD76004","Cabin Filter","1","0","1","1","TIER_P5"
"EC58001","CUD78001","Cabin Filter","1","0","1","1","TIER_P5"
"EC58001","CUD88001","Cabin Filter","1","0","1","1","TIER_P5"
"EC57001","CUD97001","Cabin Filter","1","0","1","1","TIER_P5"
"ECCUK10003","CUK10003","Cabin Filter","0","0","0","0","TIER_P5"
"ECCUK14003","CUK14003","Cabin Filter","0","0","0","0","TIER_P5"
"ECCUK14010","CUK14010","Cabin Filter","0","0","0","0","TIER_P5"
"ECCUK15003","CUK15003","Cabin Filter","0","0","0","0","TIER_P5"
"ECCUK16011","CUK16011","Cabin Filter","0","0","0","0","TIER_P5"
"EC56017","CUK16017","Cabin Filter","0","0","1","0","TIER_P5"
"EC51611","CUK1611","Cabin Filter","1","0","1","1","TIER_P5"
"EC51629","CUK1629","Cabin Filter","1","1","1","1","TIER_P1"
"ECCUK17005","CUK17005","Cabin Filter","0","0","0","0","TIER_P5"
"ECCUK17010","CUK17010","Cabin Filter","0","0","0","0","TIER_P5"
"ECCUK180002","CUK18000/2","Cabin Filter","0","0","0","0","TIER_P5"
"EC58002","CUK18002","Cabin Filter","1","1","1","1","TIER_P1"
"ECCUK18004","CUK18004","Cabin Filter","0","0","0","0","TIER_P5"
"EC58009","CUK18009","Cabin Filter","0","1","1","1","TIER_P4"
"ECCUK18010","CUK18010","Cabin Filter","0","0","0","0","TIER_P5"
"EC58012","CUK18012","Cabin Filter","0","0","1","1","TIER_P5"
"ECCUK18013","CUK18013","Cabin Filter","0","0","0","0","TIER_P5"
"ECCUK18202","CUK1820/2","Cabin Filter","0","0","0","0","TIER_P5"
"EC51827","CUK1827","Cabin Filter","1","1","1","1","TIER_P1"
"EC51828","CUK1828","Cabin Filter","1","1","1","1","TIER_P1"
"EC51829","CUK1829","Cabin Filter","1","1","1","1","TIER_P1"
"EC51830","CUK1830","Cabin Filter","1","1","1","1","TIER_P1"
"ECCUK19001","CUK19001","Cabin Filter","0","0","0","1","TIER_P5"
"EC59004","CUK19004","Cabin Filter","1","1","1","1","TIER_P1"
"ECCUK190042","CUK19004/2","Cabin Filter","0","0","0","0","TIER_P5"
"ECCUK19013","CUK19013","Cabin Filter","0","0","0","0","TIER_P5"
"ECCUK19019","CUK19019","Cabin Filter","0","0","0","0","TIER_P5"
"ECCUK19020","CUK19020","Cabin Filter","0","0","0","0","TIER_P5"
"ECCUK19021","CUK19021","Cabin Filter","0","0","0","0","TIER_P5"
"ECCUK19022","CUK19022","Cabin Filter","0","0","0","0","TIER_P5"
"ECCUK19031","CUK19031","Cabin Filter","0","0","0","0","TIER_P5"
"EC51919","CUK1919","Cabin Filter","1","1","1","1","TIER_P1"
"EC51919","CUK1919M","Cabin Filter","0","0","1","1","TIER_P5"
"ECCUK19312","CUK1931/2","Cabin Filter","0","0","0","0","TIER_P5"
"EC51936","CUK1936","Cabin Filter","1","1","1","1","TIER_P1"
"ECCUK200002","CUK20000/2","Cabin Filter","0","0","0","0","TIER_P5"
"ECCUK20003","CUK20003","Cabin Filter","0","0","0","0","TIER_P5"
"EC50006","CUK20006","Cabin Filter","1","1","1","1","TIER_P1"
"EC50010","CUK20010","Cabin Filter","1","1","1","1","TIER_P1"
"ECCUK20017","CUK20017","Cabin Filter","0","0","0","0","TIER_P5"
"EC50018","CUK20018","Cabin Filter","1","1","1","1","TIER_P1"
"ECCUK20027","CUK20027","Cabin Filter","0","0","0","0","TIER_P5"
"ECCUK20032","CUK20032","Cabin Filter","0","0","0","0","TIER_P5"
"ECCUK20033","CUK20033","Cabin Filter","0","0","0","1","TIER_P5"
"ECCUK20034","CUK20034","Cabin Filter","0","0","0","0","TIER_P5"
"ECCUK20035","CUK20035","Cabin Filter","0","0","0","0","TIER_P5"
"ECCUK20036","CUK20036","Cabin Filter","0","0","0","0","TIER_P5"
"EC50037","CUK20037","Cabin Filter","1","0","1","1","TIER_P5"
"ECCUK20043","CUK20043","Cabin Filter","0","0","0","0","TIER_P5"
"ECCUK20044","CUK20044","Cabin Filter","0","0","0","0","TIER_P5"
"EC50045","CUK20045","Cabin Filter","0","0","1","1","TIER_P5"
"ECCUK20047","CUK20047","Cabin Filter","0","0","0","0","TIER_P5"
"ECCUK20048","CUK20048","Cabin Filter","0","0","0","0","TIER_P5"
"ECCUK20050","CUK20050","Cabin Filter","0","0","0","0","TIER_P5"
"EC50051","CUK20051","Cabin Filter","0","0","1","1","TIER_P5"
"ECCUK20052","CUK20052","Cabin Filter","0","0","0","0","TIER_P5"
"ECCUK20053","CUK20053","Cabin Filter","0","0","0","0","TIER_P5"
"ECCUK20057","CUK20057","Cabin Filter","0","0","0","0","TIER_P5"
"ECCUK20058","CUK20058","Cabin Filter","0","0","0","0","TIER_P5"
"EC50060","CUK20060","Cabin Filter","0","0","1","1","TIER_P5"
"ECCUK200612","CUK20061/2","Cabin Filter","0","0","0","0","TIER_P5"
"ECCUK200632","CUK20063/2","Cabin Filter","0","0","0","0","TIER_P5"
"ECCUK20064","CUK20064","Cabin Filter","0","0","0","0","TIER_P5"
"ECCUK20065","CUK20065","Cabin Filter","0","0","0","0","TIER_P5"
"ECCUK20066","CUK20066","Cabin Filter","0","0","0","0","TIER_P5"
"ECCUK20067","CUK20067","Cabin Filter","0","0","0","0","TIER_P5"
"ECCUK20068","CUK20068","Cabin Filter","0","0","0","0","TIER_P5"
"ECCUK20070","CUK20070","Cabin Filter","0","0","0","0","TIER_P5"
"ECCUK20071","CUK20071","Cabin Filter","0","0","0","0","TIER_P5"
"ECCUK200872","CUK20087/2","Cabin Filter","0","0","0","0","TIER_P5"
"ECCUK200962","CUK20096/2","Cabin Filter","0","0","0","0","TIER_P5"
"EC52026","CUK2026","Cabin Filter","1","1","1","1","TIER_P1"
"EC52030","CUK2030","Cabin Filter","1","0","1","1","TIER_P5"
"ECCUK20301","CUK2030/1","Cabin Filter","0","0","0","0","TIER_P5"
"EC52032","CUK2032","Cabin Filter","1","0","1","1","TIER_P5"
"ECCUK20332","CUK2033/2","Cabin Filter","0","0","0","0","TIER_P5"
"EC52035","CUK2035","Cabin Filter","1","1","1","1","TIER_P1"
"EC52040","CUK2040","Cabin Filter","1","1","1","1","TIER_P1"
"EC52043","CUK2043","Cabin Filter","1","1","1","1","TIER_P1"
"ECCUK2043M","CUK2043M","Cabin Filter","0","0","0","0","TIER_P5"
"ECCUK210002","CUK21000/2","Cabin Filter","0","0","0","0","TIER_P5"
"EC51003","CUK21003","Cabin Filter","1","0","1","1","TIER_P5"
"EC51006","CUK21006","Cabin Filter","1","0","1","1","TIER_P5"
"ECCUK21010","CUK21010","Cabin Filter","0","0","0","0","TIER_P5"
"EC51016","CUK21016","Cabin Filter","1","0","1","1","TIER_P5"
"ECCUK21017","CUK21017","Cabin Filter","0","0","0","0","TIER_P5"
"ECCUK21018","CUK21018","Cabin Filter","0","0","0","0","TIER_P5"
"ECCUK21019","CUK21019","Cabin Filter","0","0","0","1","TIER_P5"
"ECCUK21020","CUK21020","Cabin Filter","0","0","0","0","TIER_P5"
"EC51022","CUK21022","Cabin Filter","1","0","1","1","TIER_P5"
"ECCUK21023","CUK21023","Cabin Filter","0","0","0","1","TIER_P5"
"ECCUK21024","CUK21024","Cabin Filter","0","0","0","0","TIER_P5"
"EC51025","CUK21025","Cabin Filter","1","0","1","1","TIER_P5"
"ECCUK21026","CUK21026","Cabin Filter","0","0","0","0","TIER_P5"
"ECCUK21028","CUK21028","Cabin Filter","0","0","0","0","TIER_P5"
"ECCUK21029","CUK21029","Cabin Filter","0","0","0","0","TIER_P5"
"ECCUK21030","CUK21030","Cabin Filter","0","0","0","0","TIER_P5"
"ECCUK21031","CUK21031","Cabin Filter","0","0","0","1","TIER_P5"
"ECCUK21032","CUK21032","Cabin Filter","0","0","0","0","TIER_P5"
"EC51033","CUK21033","Cabin Filter","0","0","1","1","TIER_P5"
"ECCUK21034","CUK21034","Cabin Filter","0","0","0","0","TIER_P5"
"ECCUK21036","CUK21036","Cabin Filter","0","0","0","0","TIER_P5"
"ECCUK21038","CUK21038","Cabin Filter","0","0","0","0","TIER_P5"
"ECCUK210462","CUK21046/2","Cabin Filter","0","0","0","0","TIER_P5"
"ECCUK21047","CUK21047","Cabin Filter","0","0","0","0","TIER_P5"
"ECCUK21048","CUK21048","Cabin Filter","0","0","0","0","TIER_P5"
"ECCUK21052","CUK21052","Cabin Filter","0","0","0","0","TIER_P5"
"ECCUK210662","CUK21066/2","Cabin Filter","0","0","0","0","TIER_P5"
"ECCUK21074","CUK21074","Cabin Filter","0","0","0","0","TIER_P5"
"ECCUK21085","CUK21085","Cabin Filter","0","0","0","0","TIER_P5"
"ECCUK210862","CUK21086/2","Cabin Filter","0","0","0","0","TIER_P5"
"ECCUK21091","CUK21091","Cabin Filter","0","0","0","0","TIER_P5"
"ECCUK21112","CUK2111/2","Cabin Filter","0","0","0","0","TIER_P5"
"EC52131","CUK2131","Cabin Filter","1","1","1","1","TIER_P1"
"EC52132","CUK2132","Cabin Filter","1","1","1","1","TIER_P1"
"EC52137","CUK2137","Cabin Filter","1","1","1","1","TIER_P1"
"EC52141","CUK2141","Cabin Filter","1","1","1","1","TIER_P1"
"ECCUK2141M","CUK2141M","Cabin Filter","0","0","0","0","TIER_P5"
"EC52143","CUK2143","Cabin Filter","1","1","1","1","TIER_P1"
"EC52145","CUK2145","Cabin Filter","1","1","1","1","TIER_P1"
"EC52149","CUK2149","Cabin Filter","1","1","1","1","TIER_P1"
"EC52184","CUK2184","Cabin Filter","1","1","1","1","TIER_P1"
"EC52000","CUK22000","Cabin Filter","0","1","0","1","TIER_P4"
"ECCUK220001","CUK22000/1","Cabin Filter","0","0","0","0","TIER_P5"
"ECCUK220002","CUK22000/2","Cabin Filter","0","0","0","0","TIER_P5"
"ECCUK220041","CUK22004/1","Cabin Filter","0","0","0","0","TIER_P5"
"EC52005","CUK22005","Cabin Filter","1","0","1","1","TIER_P5"
"ECCUK220084","CUK22008/4","Cabin Filter","0","0","0","0","TIER_P5"
"EC52011","CUK22011","Cabin Filter","1","1","1","1","TIER_P1"
"ECCUK22011M","CUK22011M","Cabin Filter","0","0","0","0","TIER_P5"
"EC52013","CUK22013","Cabin Filter","1","1","1","1","TIER_P1"
"EC52014","CUK22014","Cabin Filter","1","0","1","1","TIER_P5"
"ECCUK220202","CUK22020/2","Cabin Filter","0","0","0","0","TIER_P5"
"EC52021","CUK22021","Cabin Filter","1","1","1","1","TIER_P1"
"EC52022","CUK22022","Cabin Filter","1","1","1","1","TIER_P1"
"EC52022","CUK22022M","Cabin Filter","0","1","0","0","TIER_P4"
"EC52023","CUK22023","Cabin Filter","1","0","1","1","TIER_P5"
"EC52032","CUK22032","Cabin Filter","1","1","1","1","TIER_P1"
"ECCUK22032M","CUK22032M","Cabin Filter","0","0","0","0","TIER_P5"
"ECCUK22040","CUK22040","Cabin Filter","0","0","0","0","TIER_P5"
"ECCUK22043","CUK22043","Cabin Filter","0","0","0","0","TIER_P5"
"EC52046","CUK22046","Cabin Filter","0","0","1","1","TIER_P5"
"ECCUK22048","CUK22048","Cabin Filter","0","0","0","0","TIER_P5"
"ECCUK22049","CUK22049","Cabin Filter","0","0","0","0","TIER_P5"
"ECCUK22050","CUK22050","Cabin Filter","0","0","0","0","TIER_P5"
"EC52051","CUK22051","Cabin Filter","0","0","1","1","TIER_P5"
"ECCUK220522","CUK22052/2","Cabin Filter","0","0","0","0","TIER_P5"
"ECCUK22061","CUK22061","Cabin Filter","0","0","0","0","TIER_P5"
"ECCUK22062","CUK22062","Cabin Filter","0","0","0","0","TIER_P5"
"ECCUK22063","CUK22063","Cabin Filter","0","0","0","0","TIER_P5"
"ECCUK22065","CUK22065","Cabin Filter","0","0","0","0","TIER_P5"
"ECCUK22067","CUK22067","Cabin Filter","0","0","0","0","TIER_P5"
"ECCUK220782","CUK22078/2","Cabin Filter","0","0","0","0","TIER_P5"
"ECCUK22087","CUK22087","Cabin Filter","0","0","0","0","TIER_P5"
"ECCUK22142","CUK2214/2","Cabin Filter","0","0","0","0","TIER_P5"
"ECCUK22200","CUK22200","Cabin Filter","0","0","0","0","TIER_P5"
"EC52222","CUK2222","Cabin Filter","0","0","1","1","TIER_P5"
"EC52225","CUK2225","Cabin Filter","1","1","1","1","TIER_P1"
"EC52226","CUK2226","Cabin Filter","1","0","1","1","TIER_P5"
"EC52227","CUK2227","Cabin Filter","1","1","1","1","TIER_P1"
"ECCUK2227M","CUK2227M","Cabin Filter","0","0","0","0","TIER_P5"
"EC52230","CUK2230","Cabin Filter","1","0","1","1","TIER_P5"
"EC52301","CUK2230/1","Cabin Filter","1","0","1","1","TIER_P5"
"EC52231","CUK2231","Cabin Filter","1","0","1","1","TIER_P5"
"EC52232","CUK2232","Cabin Filter","0","1","1","1","TIER_P4"
"EC52321","CUK2232/1","Cabin Filter","1","1","1","1","TIER_P1"
"EC52240","CUK2240","Cabin Filter","1","1","1","1","TIER_P1"
"ECCUK22412","CUK2241/2","Cabin Filter","0","0","0","0","TIER_P5"
"EC52243","CUK2243","Cabin Filter","1","1","1","1","TIER_P1"
"EC52245","CUK2245","Cabin Filter","1","1","1","1","TIER_P1"
"EC52246","CUK2246","Cabin Filter","1","0","1","1","TIER_P5"
"EC52252","CUK2252","Cabin Filter","1","0","1","1","TIER_P5"
"ECCUK230042","CUK23004/2","Cabin Filter","0","0","0","0","TIER_P5"
"ECCUK230052","CUK23005/2","Cabin Filter","0","0","0","0","TIER_P5"
"EC53009","CUK23009","Cabin Filter","1","1","1","1","TIER_P1"
"ECCUK230142","CUK23014/2","Cabin Filter","0","0","0","0","TIER_P5"
"ECCUK2301422","CUK23014/2/2","Cabin Filter","0","0","0","0","TIER_P5"
"ECCUK230152","CUK23015/2","Cabin Filter","0","0","0","0","TIER_P5"
"ECCUK2301522","CUK23015/2/2","Cabin Filter","0","0","0","0","TIER_P5"
"ECCUK23016","CUK23016","Cabin Filter","0","0","0","0","TIER_P5"
"ECCUK23018","CUK23018","Cabin Filter","0","0","0","0","TIER_P5"
"ECCUK23019","CUK23019","Cabin Filter","0","0","0","0","TIER_P5"
"EC50191","CUK23019/1","Cabin Filter","1","1","1","1","TIER_P1"
"ECCUK230191M","CUK23019/1M","Cabin Filter","0","0","0","0","TIER_P5"
"ECCUK23021","CUK23021","Cabin Filter","0","0","0","0","TIER_P5"
"ECCUK23023","CUK23023","Cabin Filter","0","0","0","0","TIER_P5"
"EC53024","CUK23024","Cabin Filter","1","1","1","1","TIER_P1"
"ECCUK23029","CUK23029","Cabin Filter","0","0","0","0","TIER_P5"
"ECCUK23030","CUK23030","Cabin Filter","0","0","0","0","TIER_P5"
"EC53033","CUK23033","Cabin Filter","1","1","1","1","TIER_P1"
"ECCUK23034","CUK23034","Cabin Filter","0","0","0","0","TIER_P5"
"ECCUK23036","CUK23036","Cabin Filter","0","0","0","0","TIER_P5"
"ECCUK23041","CUK23041","Cabin Filter","0","0","0","0","TIER_P5"
"ECCUK23065","CUK23065","Cabin Filter","0","0","0","0","TIER_P5"
"ECCUK23067","CUK23067","Cabin Filter","0","0","0","0","TIER_P5"
"ECCUK23068","CUK23068","Cabin Filter","0","0","0","0","TIER_P5"
"ECCUK23069","CUK23069","Cabin Filter","0","0","0","0","TIER_P5"
"ECCUK23070","CUK23070","Cabin Filter","0","0","0","0","TIER_P5"
"ECCUK23071","CUK23071","Cabin Filter","0","0","0","0","TIER_P5"
"EC52316","CUK2316","Cabin Filter","1","1","1","1","TIER_P1"
"EC52317","CUK2317","Cabin Filter","1","1","1","1","TIER_P1"
"ECCUK23182","CUK2318/2","Cabin Filter","0","0","0","0","TIER_P5"
"ECCUK23197","CUK23197","Cabin Filter","0","0","0","0","TIER_P5"
"ECCUK23272","CUK2327/2","Cabin Filter","0","0","0","0","TIER_P5"
"EC52335","CUK2335","Cabin Filter","0","1","1","1","TIER_P4"
"EC52335","CUK2335KIT","Cabin Filter","1","1","1","1","TIER_P1"
"EC52336","CUK2336","Cabin Filter","1","1","1","1","TIER_P1"
"ECCUK2336M","CUK2336M","Cabin Filter","0","0","0","0","TIER_P5"
"EC52338","CUK2338","Cabin Filter","1","1","1","1","TIER_P1"
"EC52339","CUK2339","Cabin Filter","1","0","1","1","TIER_P5"
"EC52345","CUK2345","Cabin Filter","1","1","1","1","TIER_P1"
"EC52358","CUK2358","Cabin Filter","1","1","1","1","TIER_P1"
"EC52362","CUK2362","Cabin Filter","1","1","1","1","TIER_P1"
"EC54002","CUK24002","Cabin Filter","0","1","0","0","TIER_P4"
"EC54003","CUK24003","Cabin Filter","1","1","1","1","TIER_P1"
"ECCUK240034","CUK24003/4","Cabin Filter","0","0","0","0","TIER_P5"
"EC54004","CUK24004","Cabin Filter","1","1","1","1","TIER_P1"
"ECCUK24004M","CUK24004M","Cabin Filter","0","0","0","0","TIER_P5"
"EC54009","CUK24009","Cabin Filter","1","0","1","1","TIER_P5"
"EC54013","CUK24013","Cabin Filter","1","1","1","1","TIER_P1"
"ECCUK24013M","CUK24013M","Cabin Filter","0","0","0","0","TIER_P5"
"EC54017","CUK24017","Cabin Filter","1","1","1","1","TIER_P1"
"EC54021","CUK24021","Cabin Filter","1","1","1","1","TIER_P1"
"EC54024","CUK24024","Cabin Filter","1","1","1","1","TIER_P1"
"EC54026","CUK24026","Cabin Filter","1","1","1","1","TIER_P1"
"ECCUK24029","CUK24029","Cabin Filter","0","0","0","1","TIER_P5"
"ECCUK24030","CUK24030","Cabin Filter","0","0","0","1","TIER_P5"
"ECCUK240322","CUK24032/2","Cabin Filter","0","0","0","0","TIER_P5"
"ECCUK24034","CUK24034","Cabin Filter","0","0","0","0","TIER_P5"
"ECCUK24037","CUK24037","Cabin Filter","0","0","0","0","TIER_P5"
"ECCUK24040","CUK24040","Cabin Filter","0","0","0","0","TIER_P5"
"ECCUK24041","CUK24041","Cabin Filter","0","0","0","0","TIER_P5"
"ECCUK24042","CUK24042","Cabin Filter","0","0","0","0","TIER_P5"
"ECCUK24047","CUK24047","Cabin Filter","0","0","0","0","TIER_P5"
"ECCUK24050","CUK24050","Cabin Filter","0","0","0","0","TIER_P5"
"ECCUK24053","CUK24053","Cabin Filter","0","0","0","0","TIER_P5"
"ECCUK24054","CUK24054","Cabin Filter","0","0","0","0","TIER_P5"
"ECCUK24056","CUK24056","Cabin Filter","0","0","0","0","TIER_P5"
"EC54062","CUK24062","Cabin Filter","1","0","1","1","TIER_P5"
"ECCUK24067","CUK24067","Cabin Filter","0","0","0","0","TIER_P5"
"ECCUK24068","CUK24068","Cabin Filter","0","0","0","0","TIER_P5"
"ECCUK24093","CUK24093","Cabin Filter","0","0","0","0","TIER_P5"
"EC52422","CUK2422","Cabin Filter","1","1","1","1","TIER_P1"
"EC52424","CUK2424","Cabin Filter","1","1","1","1","TIER_P1"
"EC52430","CUK2430","Cabin Filter","1","1","1","1","TIER_P1"
"EC52433","CUK2433","Cabin Filter","1","1","1","1","TIER_P1"
"EC52434","CUK2434","Cabin Filter","0","0","1","0","TIER_P5"
"EC52435","CUK2435","Cabin Filter","1","1","1","1","TIER_P1"
"EC52436","CUK2436","Cabin Filter","1","1","1","1","TIER_P1"
"EC52440","CUK2440","Cabin Filter","1","1","1","1","TIER_P1"
"EC52442","CUK2442","Cabin Filter","1","1","1","1","TIER_P1"
"EC52450","CUK2450","Cabin Filter","1","1","1","1","TIER_P1"
"ECCUK24503","CUK2450/3","Cabin Filter","0","0","0","0","TIER_P5"
"EC55001","CUK25001","Cabin Filter","1","1","1","1","TIER_P1"
"ECCUK25002","CUK25002","Cabin Filter","0","0","0","0","TIER_P5"
"EC55003","CUK25003","Cabin Filter","1","1","1","1","TIER_P1"
"EC55006","CUK25006","Cabin Filter","1","0","1","1","TIER_P5"
"EC55007","CUK25007","Cabin Filter","1","1","1","1","TIER_P1"
"ECCUK25007M","CUK25007M","Cabin Filter","0","0","0","0","TIER_P5"
"EC55012","CUK25012","Cabin Filter","1","1","1","1","TIER_P1"
"ECCUK2501512","CUK25015/1/2","Cabin Filter","0","0","0","0","TIER_P5"
"ECCUK25015212","CUK25015/21/2","Cabin Filter","0","0","0","0","TIER_P5"
"ECCUK25016","CUK25016","Cabin Filter","0","0","0","1","TIER_P5"
"ECCUK25017","CUK25017","Cabin Filter","0","0","0","0","TIER_P5"
"ECCUK25028","CUK25028","Cabin Filter","0","0","0","0","TIER_P5"
"ECCUK250342","CUK25034/2","Cabin Filter","0","0","0","0","TIER_P5"
"ECCUK25035","CUK25035","Cabin Filter","0","0","0","0","TIER_P5"
"EC55038","CUK25038","Cabin Filter","1","1","1","1","TIER_P1"
"EC55040","CUK25040","Cabin Filter","0","0","1","1","TIER_P5"
"EC55041","CUK25041","Cabin Filter","0","0","1","1","TIER_P5"
"EC55044","CUK25044","Cabin Filter","1","0","1","1","TIER_P5"
"ECCUK25045","CUK25045","Cabin Filter","0","0","0","0","TIER_P5"
"ECCUK25048","CUK25048","Cabin Filter","0","0","0","0","TIER_P5"
"ECCUK25055","CUK25055","Cabin Filter","0","0","0","0","TIER_P5"
"ECCUK25063","CUK25063","Cabin Filter","0","0","0","0","TIER_P5"
"ECCUK250642","CUK25064/2","Cabin Filter","0","0","0","0","TIER_P5"
"ECCUK250682","CUK25068/2","Cabin Filter","0","0","0","0","TIER_P5"
"ECCUK25076","CUK25076","Cabin Filter","0","0","0","0","TIER_P5"
"ECCUK25081","CUK25081","Cabin Filter","0","0","0","0","TIER_P5"
"ECCUK25094","CUK25094","Cabin Filter","0","0","0","0","TIER_P5"
"EC52525","CUK2525","Cabin Filter","1","1","1","1","TIER_P1"
"EC52532","CUK2532","Cabin Filter","1","1","1","1","TIER_P1"
"ECCUK253312","CUK2533/1/2","Cabin Filter","0","0","0","0","TIER_P5"
"ECCUK25332","CUK2533/2","Cabin Filter","0","0","0","0","TIER_P5"
"EC52534","CUK2534","Cabin Filter","1","1","1","1","TIER_P1"
"EC52544","CUK2544","Cabin Filter","1","1","1","1","TIER_P1"
"EC52545","CUK2545","Cabin Filter","1","1","1","1","TIER_P1"
"EC52550","CUK2550","Cabin Filter","0","0","1","0","TIER_P5"
"EC52551","CUK2551","Cabin Filter","0","1","1","1","TIER_P4"
"EC52559","CUK2559","Cabin Filter","1","1","1","1","TIER_P1"
"EC56003","CUK26003","Cabin Filter","1","0","1","1","TIER_P5"
"EC56005","CUK26005","Cabin Filter","1","1","1","1","TIER_P1"
"EC56006","CUK26006","Cabin Filter","1","1","1","1","TIER_P1"
"EC56007","CUK26007","Cabin Filter","1","1","1","1","TIER_P1"
"EC56009","CUK26009","Cabin Filter","1","1","1","1","TIER_P1"
"EC56010","CUK26010","Cabin Filter","1","1","1","1","TIER_P1"
"ECCUK26010M","CUK26010M","Cabin Filter","0","0","0","0","TIER_P5"
"EC56011","CUK26011","Cabin Filter","1","0","1","1","TIER_P5"
"ECCUK260112","CUK26011/2","Cabin Filter","0","0","0","0","TIER_P5"
"EC56012","CUK26012","Cabin Filter","0","0","1","0","TIER_P5"
"EC50122","CUK26012/2","Cabin Filter","0","0","1","0","TIER_P5"
"ECCUK2601232","CUK26012/3/2","Cabin Filter","0","0","0","0","TIER_P5"
"ECCUK260132","CUK26013/2","Cabin Filter","0","0","0","0","TIER_P5"
"ECCUK260142","CUK26014/2","Cabin Filter","0","0","0","0","TIER_P5"
"EC56017","CUK26017","Cabin Filter","1","1","1","1","TIER_P1"
"ECCUK26017M","CUK26017M","Cabin Filter","0","0","0","0","TIER_P5"
"EC56018","CUK26018","Cabin Filter","1","0","1","1","TIER_P5"
"EC56019","CUK26019","Cabin Filter","1","0","1","1","TIER_P5"
"ECCUK26020","CUK26020","Cabin Filter","0","0","0","0","TIER_P5"
"EC56021","CUK26021","Cabin Filter","1","1","1","1","TIER_P1"
"EC56023","CUK26023","Cabin Filter","1","1","1","1","TIER_P1"
"ECCUK260252","CUK26025/2","Cabin Filter","0","0","0","0","TIER_P5"
"ECCUK260282","CUK26028/2","Cabin Filter","0","0","0","0","TIER_P5"
"ECCUK26030","CUK26030","Cabin Filter","0","0","0","0","TIER_P5"
"EC56032","CUK26032","Cabin Filter","1","0","1","1","TIER_P5"
"ECCUK260342","CUK26034/2","Cabin Filter","0","0","0","0","TIER_P5"
"EC56035","CUK26035","Cabin Filter","1","0","1","1","TIER_P5"
"ECCUK26036","CUK26036","Cabin Filter","0","0","0","0","TIER_P5"
"ECCUK260372","CUK26037/2","Cabin Filter","0","0","0","0","TIER_P5"
"ECCUK26039","CUK26039","Cabin Filter","0","0","0","0","TIER_P5"
"ECCUK26040","CUK26040","Cabin Filter","0","0","0","0","TIER_P5"
"ECCUK26042","CUK26042","Cabin Filter","0","0","0","0","TIER_P5"
"ECCUK26046","CUK26046","Cabin Filter","0","0","0","0","TIER_P5"
"ECCUK26067","CUK26067","Cabin Filter","0","0","0","0","TIER_P5"
"ECCUK26069","CUK26069","Cabin Filter","0","0","0","0","TIER_P5"
"ECCUK26081","CUK26081","Cabin Filter","0","0","0","0","TIER_P5"
"EC52620","CUK2620","Cabin Filter","1","1","1","1","TIER_P1"
"EC52622","CUK2622","Cabin Filter","1","1","1","1","TIER_P1"
"EC52639","CUK2639","Cabin Filter","0","1","0","1","TIER_P4"
"EC52641","CUK2641","Cabin Filter","1","1","1","1","TIER_P1"
"ECCUK26412","CUK2641/2","Cabin Filter","0","0","0","0","TIER_P5"
"ECCUK264612","CUK2646/1/2","Cabin Filter","0","0","0","0","TIER_P5"
"ECCUK26462","CUK2646/2","Cabin Filter","0","0","0","0","TIER_P5"
"EC52648","CUK2648","Cabin Filter","1","0","1","1","TIER_P5"
"EC52672","CUK2672","Cabin Filter","1","1","1","1","TIER_P1"
"EC52680","CUK2680","Cabin Filter","1","1","1","1","TIER_P1"
"EC57001","CUK27001","Cabin Filter","0","1","1","1","TIER_P4"
"ECCUK2700612","CUK27006/1/2","Cabin Filter","0","0","0","0","TIER_P5"
"EC57009","CUK27009","Cabin Filter","1","1","1","1","TIER_P1"
"ECCUK27011","CUK27011","Cabin Filter","0","0","0","0","TIER_P5"
"ECCUK270122","CUK27012/2","Cabin Filter","0","0","0","0","TIER_P5"
"ECCUK270212","CUK27021/2","Cabin Filter","0","0","0","0","TIER_P5"
"ECCUK27022","CUK27022","Cabin Filter","0","0","0","0","TIER_P5"
"ECCUK27024","CUK27024","Cabin Filter","0","0","0","0","TIER_P5"
"ECCUK27058","CUK27058","Cabin Filter","0","0","0","0","TIER_P5"
"ECCUK27222","CUK2722/2","Cabin Filter","0","0","0","0","TIER_P5"
"EC57232","CUK2723/2","Cabin Filter","0","1","0","0","TIER_P4"
"EC52725","CUK2725","Cabin Filter","0","1","0","0","TIER_P4"
"EC52733","CUK2733","Cabin Filter","1","1","1","1","TIER_P1"
"ECCUK27331","CUK2733/1","Cabin Filter","0","0","0","0","TIER_P5"
"ECCUK27332","CUK2733/2","Cabin Filter","0","0","0","0","TIER_P5"
"EC52734","CUK2734","Cabin Filter","0","1","1","1","TIER_P4"
"ECCUK27362","CUK2736/2","Cabin Filter","0","0","0","0","TIER_P5"
"EC52742","CUK2742","Cabin Filter","1","1","1","1","TIER_P1"
"EC52743","CUK2743","Cabin Filter","1","1","1","1","TIER_P1"
"ECCUK27431","CUK2743/1","Cabin Filter","0","0","0","0","TIER_P5"
"EC52744","CUK2744","Cabin Filter","0","1","0","0","TIER_P4"
"EC52747","CUK2747","Cabin Filter","1","1","1","1","TIER_P1"
"EC52757","CUK2757","Cabin Filter","1","1","1","1","TIER_P1"
"EC58001","CUK28001","Cabin Filter","1","0","1","1","TIER_P5"
"ECCUK28001M","CUK28001M","Cabin Filter","0","0","0","0","TIER_P5"
"EC58009","CUK28009","Cabin Filter","1","1","1","1","TIER_P1"
"EC58013","CUK28013","Cabin Filter","1","1","1","1","TIER_P1"
"EC58016","CUK28016","Cabin Filter","1","1","1","1","TIER_P1"
"ECCUK28025","CUK28025","Cabin Filter","0","0","0","0","TIER_P5"
"ECCUK28029","CUK28029","Cabin Filter","0","0","0","0","TIER_P5"
"ECCUK28041","CUK28041","Cabin Filter","0","0","0","0","TIER_P5"
"EC58045","CUK28045","Cabin Filter","1","0","1","1","TIER_P5"
"ECCUK28089","CUK28089","Cabin Filter","0","0","0","0","TIER_P5"
"ECCUK28095","CUK28095","Cabin Filter","0","0","0","0","TIER_P5"
"ECCUK28240","CUK28240","Cabin Filter","0","0","0","0","TIER_P5"
"EC52842","CUK2842","Cabin Filter","1","1","1","1","TIER_P1"
"EC52847","CUK2847","Cabin Filter","0","1","1","1","TIER_P4"
"EC58471","CUK2847/1","Cabin Filter","1","1","1","1","TIER_P1"
"EC52855","CUK2855","Cabin Filter","1","1","1","1","TIER_P1"
"EC58551","CUK2855/1","Cabin Filter","1","1","1","1","TIER_P1"
"EC52862","CUK2862","Cabin Filter","1","1","1","1","TIER_P1"
"ECCUK2862M","CUK2862M","Cabin Filter","0","0","0","0","TIER_P5"
"ECCUK2865","CUK2865","Cabin Filter","0","0","0","0","TIER_P5"
"EC52882","CUK2882","Cabin Filter","1","1","1","1","TIER_P1"
"ECCUK2882M","CUK2882M","Cabin Filter","0","0","0","0","TIER_P5"
"EC52897","CUK2897","Cabin Filter","1","1","1","1","TIER_P1"
"EC58971","CUK2897/1","Cabin Filter","1","1","0","1","TIER_P3"
"EC59001","CUK29001","Cabin Filter","1","1","1","1","TIER_P1"
"EC59003","CUK29003","Cabin Filter","0","1","0","0","TIER_P4"
"ECCUK290032","CUK29003/2","Cabin Filter","0","0","0","0","TIER_P5"
"ECCUK290032M","CUK29003/2M","Cabin Filter","0","0","0","0","TIER_P5"
"EC59005","CUK29005","Cabin Filter","1","1","1","1","TIER_P1"
"EC59007","CUK29007","Cabin Filter","1","1","1","1","TIER_P1"
"EC59008","CUK29008","Cabin Filter","1","0","1","1","TIER_P5"
"EC59010","CUK29010","Cabin Filter","1","1","1","1","TIER_P1"
"ECCUK29010M","CUK29010M","Cabin Filter","0","0","0","0","TIER_P5"
"ECCUK29023","CUK29023","Cabin Filter","0","0","0","0","TIER_P5"
"ECCUK29060","CUK29060","Cabin Filter","0","0","0","0","TIER_P5"
"EC59154","CUK29154","Cabin Filter","0","1","0","1","TIER_P4"
"EC52939","CUK2939","Cabin Filter","1","1","1","1","TIER_P1"
"EC59391","CUK2939/1","Cabin Filter","1","1","1","1","TIER_P1"
"EC52940","CUK2940","Cabin Filter","1","1","1","1","TIER_P1"
"ECCUK29401","CUK2940/1","Cabin Filter","0","0","0","0","TIER_P5"
"ECCUK2940M","CUK2940M","Cabin Filter","0","0","0","0","TIER_P5"
"ECCUK29412","CUK2941/2","Cabin Filter","0","0","0","0","TIER_P5"
"EC52945","CUK2945","Cabin Filter","1","1","1","1","TIER_P1"
"EC52949","CUK2949","Cabin Filter","0","1","0","1","TIER_P4"
"ECCUK29492","CUK2949/2","Cabin Filter","0","0","0","0","TIER_P5"
"EC52950","CUK2950","Cabin Filter","1","0","1","1","TIER_P5"
"EC52951","CUK2951","Cabin Filter","1","1","1","1","TIER_P1"
"EC52952","CUK2952","Cabin Filter","1","1","1","1","TIER_P1"
"EC52956","CUK2956","Cabin Filter","1","1","1","1","TIER_P1"
"EC50007","CUK30007","Cabin Filter","1","1","1","1","TIER_P1"
"ECCUK300073","CUK30007/3","Cabin Filter","0","0","0","0","TIER_P5"
"EC50009","CUK30009","Cabin Filter","0","0","1","0","TIER_P5"
"ECCUK300091","CUK30009/1","Cabin Filter","0","0","0","0","TIER_P5"
"EC50012","CUK30012","Cabin Filter","1","1","1","1","TIER_P1"
"EC50015","CUK30015","Cabin Filter","1","0","1","1","TIER_P5"
"EC53020","CUK3020","Cabin Filter","1","1","1","1","TIER_P1"
"EC53023","CUK3023","Cabin Filter","0","1","0","1","TIER_P4"
"ECCUK30232","CUK3023/2","Cabin Filter","0","0","0","0","TIER_P5"
"EC53032","CUK3032","Cabin Filter","1","0","1","1","TIER_P5"
"EC50361","CUK3036/1","Cabin Filter","0","0","1","1","TIER_P5"
"EC53037","CUK3037","Cabin Filter","1","1","1","1","TIER_P1"
"EC53038","CUK3038","Cabin Filter","1","0","1","1","TIER_P5"
"ECCUK30392","CUK3039/2","Cabin Filter","0","0","0","0","TIER_P5"
"EC53042","CUK3042","Cabin Filter","1","0","1","1","TIER_P5"
"EC53054","CUK3054","Cabin Filter","1","1","1","1","TIER_P1"
"EC53059","CUK3059","Cabin Filter","1","1","1","1","TIER_P1"
"EC51001","CUK31001","Cabin Filter","1","1","1","1","TIER_P1"
"EC51003","CUK31003","Cabin Filter","1","1","1","1","TIER_P1"
"ECCUK310031","CUK31003/1","Cabin Filter","0","0","0","0","TIER_P5"
"EC51010","CUK31010","Cabin Filter","0","0","1","0","TIER_P5"
"EC53115","CUK3115","Cabin Filter","1","0","1","1","TIER_P5"
"ECCUK31242","CUK3124/2","Cabin Filter","0","0","0","0","TIER_P5"
"EC53137","CUK3137","Cabin Filter","1","0","1","1","TIER_P5"
"EC53139","CUK3139","Cabin Filter","1","1","1","1","TIER_P1"
"ECCUK31392","CUK3139/2","Cabin Filter","0","0","0","0","TIER_P5"
"EC53142","CUK3142","Cabin Filter","1","0","1","1","TIER_P5"
"EC53172","CUK3172","Cabin Filter","1","1","1","1","TIER_P1"
"EC51721","CUK3172/1","Cabin Filter","0","0","1","1","TIER_P5"
"EC53192","CUK3192","Cabin Filter","1","1","1","1","TIER_P1"
"EC52001","CUK32001","Cabin Filter","1","1","1","1","TIER_P1"
"EC52008","CUK32008","Cabin Filter","1","1","1","1","TIER_P1"
"EC52011","CUK32011","Cabin Filter","0","1","1","0","TIER_P4"
"EC50111","CUK32011/1","Cabin Filter","1","0","1","1","TIER_P5"
"EC53220","CUK3220","Cabin Filter","1","0","1","1","TIER_P5"
"EC53240","CUK3240","Cabin Filter","1","1","1","1","TIER_P1"
"EC53241","CUK3241","Cabin Filter","1","0","1","1","TIER_P5"
"EC53001","CUK33001","Cabin Filter","1","0","1","1","TIER_P5"
"EC53006","CUK33006","Cabin Filter","1","1","1","1","TIER_P1"
"ECCUK330062","CUK33006/2","Cabin Filter","0","0","0","0","TIER_P5"
"EC53007","CUK33007","Cabin Filter","1","0","1","1","TIER_P5"
"ECCUK33008","CUK33008","Cabin Filter","0","0","0","0","TIER_P5"
"EC53128","CUK33128","Cabin Filter","1","1","1","1","TIER_P1"
"EC53337","CUK3337","Cabin Filter","1","1","1","1","TIER_P1"
"EC53340","CUK3340","Cabin Filter","1","1","1","1","TIER_P1"
"EC53360","CUK3360","Cabin Filter","1","1","1","1","TIER_P1"
"EC54003","CUK34003","Cabin Filter","1","1","1","1","TIER_P1"
"EC54009","CUK34009","Cabin Filter","1","0","1","1","TIER_P5"
"EC53448","CUK3448","Cabin Filter","1","1","1","1","TIER_P1"
"EC53454","CUK3454","Cabin Filter","1","1","1","1","TIER_P1"
"EC53455","CUK3455","Cabin Filter","1","1","1","1","TIER_P1"
"EC53461","CUK3461","Cabin Filter","1","1","1","1","TIER_P1"
"EC54611","CUK3461/1","Cabin Filter","1","0","1","1","TIER_P5"
"ECCUK350002","CUK35000/2","Cabin Filter","0","0","0","0","TIER_P5"
"ECCUK350002M","CUK35000/2M","Cabin Filter","0","0","0","0","TIER_P5"
"EC53518","CUK3518","Cabin Filter","1","1","1","1","TIER_P1"
"EC53540","CUK3540","Cabin Filter","1","1","1","1","TIER_P1"
"ECCUK3553","CUK3553","Cabin Filter","0","0","0","1","TIER_P5"
"EC53554","CUK3554","Cabin Filter","1","1","1","1","TIER_P1"
"EC53562","CUK3562","Cabin Filter","0","0","1","1","TIER_P5"
"EC53567","CUK3567","Cabin Filter","1","1","1","1","TIER_P1"
"EC53569","CUK3569","Cabin Filter","1","1","1","1","TIER_P1"
"EC56003","CUK36003","Cabin Filter","1","1","1","1","TIER_P1"
"EC56006","CUK36006","Cabin Filter","1","1","1","1","TIER_P1"
"ECCUK36044","CUK36044","Cabin Filter","0","0","0","0","TIER_P5"
"EC53621","CUK3621","Cabin Filter","1","0","1","1","TIER_P5"
"ECCUK36422","CUK3642/2","Cabin Filter","0","0","0","0","TIER_P5"
"EC57001","CUK37001","Cabin Filter","1","1","1","1","TIER_P1"
"EC53780","CUK3780","Cabin Filter","1","1","1","1","TIER_P1"
"EC58004","CUK38004","Cabin Filter","1","1","1","1","TIER_P1"
"EC53823","CUK3823","Cabin Filter","1","0","1","1","TIER_P5"
"EC53840","CUK3840","Cabin Filter","1","1","1","1","TIER_P1"
"EC53847","CUK3847","Cabin Filter","1","1","1","1","TIER_P1"
"EC53858","CUK3858","Cabin Filter","1","1","1","1","TIER_P1"
"ECCUK390004","CUK39000/4","Cabin Filter","0","0","0","0","TIER_P5"
"EC59008","CUK39008","Cabin Filter","1","0","1","1","TIER_P5"
"EC59027","CUK39027","Cabin Filter","1","0","1","1","TIER_P5"
"EC53943","CUK3943","Cabin Filter","1","1","1","1","TIER_P1"
"EC53955","CUK3955","Cabin Filter","1","1","1","1","TIER_P1"
"EC53970","CUK3970","Cabin Filter","1","0","1","1","TIER_P5"
"EC53979","CUK3979","Cabin Filter","0","1","0","1","TIER_P4"
"EC54007","CUK4007","Cabin Filter","0","0","1","1","TIER_P5"
"EC50071","CUK4007/1","Cabin Filter","0","0","1","1","TIER_P5"
"EC54054","CUK4054","Cabin Filter","1","1","1","1","TIER_P1"
"EC54062","CUK4062","Cabin Filter","1","0","1","1","TIER_P5"
"EC51301","CUK4130/1","Cabin Filter","1","0","1","1","TIER_P5"
"EC54136","CUK4136","Cabin Filter","1","0","1","1","TIER_P5"
"EC54151","CUK4151","Cabin Filter","1","1","1","1","TIER_P1"
"EC54179","CUK4179","Cabin Filter","1","1","1","1","TIER_P1"
"EC54245","CUK4245","Cabin Filter","0","0","1","1","TIER_P5"
"EC54251","CUK4251","Cabin Filter","1","1","1","1","TIER_P1"
"EC54436","CUK4436","Cabin Filter","1","1","1","1","TIER_P1"
"EC54469","CUK4469","Cabin Filter","0","1","1","1","TIER_P4"
"EC55004","CUK45004","Cabin Filter","1","1","1","1","TIER_P1"
"EC54594","CUK4594","Cabin Filter","1","1","1","1","TIER_P1"
"EC56025","CUK46025","Cabin Filter","1","0","1","1","TIER_P5"
"ECCUK4602512","CUK46025/1/2","Cabin Filter","0","0","0","0","TIER_P5"
"ECCUK460252","CUK46025/2","Cabin Filter","0","0","0","0","TIER_P5"
"EC54624","CUK4624","Cabin Filter","1","1","1","1","TIER_P1"
"EC54795","CUK4795","Cabin Filter","1","1","1","1","TIER_P1"
"EC59004","CUK49004","Cabin Filter","0","0","1","0","TIER_P5"
"EC55011","CUK5011","Cabin Filter","0","0","1","1","TIER_P5"
"EC55141","CUK5141","Cabin Filter","1","1","1","1","TIER_P1"
"ECCUK520062","CUK52006/2","Cabin Filter","0","0","0","0","TIER_P5"
"EC52010","CUK52010","Cabin Filter","1","0","1","1","TIER_P5"
"EC52014","CUK52014","Cabin Filter","1","0","1","1","TIER_P5"
"EC55257","CUK5257","Cabin Filter","1","1","1","1","TIER_P1"
"EC55258","CUK5258","Cabin Filter","1","0","1","1","TIER_P5"
"EC55352","CUK5352","Cabin Filter","0","0","1","1","TIER_P5"
"EC55366","CUK5366","Cabin Filter","1","1","1","1","TIER_P1"
"EC55480","CUK5480","Cabin Filter","1","1","1","1","TIER_P1"
"EC55010","CUK55010","Cabin Filter","0","0","1","0","TIER_P5"
"EC55738","CUK5738","Cabin Filter","0","0","1","1","TIER_P5"
"EC55877","CUK5877","Cabin Filter","1","1","1","1","TIER_P1"
"EC59003","CUK59003","Cabin Filter","1","0","1","1","TIER_P5"
"EC59004","CUK59004","Cabin Filter","1","0","1","1","TIER_P5"
"EC50001","CUK60001","Cabin Filter","1","0","1","1","TIER_P5"
"EC56046","CUK6046","Cabin Filter","1","0","1","1","TIER_P5"
"EC51225","CUK61225","Cabin Filter","1","1","1","1","TIER_P1"
"EC54003","CUK64003","Cabin Filter","1","0","1","1","TIER_P5"
"EC54004","CUK64004","Cabin Filter","1","0","1","1","TIER_P5"
"EC55002","CUK65002","Cabin Filter","1","0","1","1","TIER_P5"
"EC55003","CUK65003","Cabin Filter","1","0","1","1","TIER_P5"
"EC56724","CUK6724","Cabin Filter","1","1","1","1","TIER_P1"
"ECCUK70001","CUK70001","Cabin Filter","0","0","0","0","TIER_P5"
"EC58430","CUK8430","Cabin Filter","1","1","1","1","TIER_P1"
"EC56002","CUK96002","Cabin Filter","1","0","1","1","TIER_P5"
"EAFPA01","FP-A01","Air Filter","0","0","0","0","TIER_P5"
"EAFPA02","FP-A02","Air Filter","0","0","0","0","TIER_P5"
"EAFPB01","FP-B01","Air Filter","0","1","0","1","TIER_P4"
"EAFPB02","FP-B02","Air Filter","0","1","0","1","TIER_P4"
"EAFPB03","FP-B03","Air Filter","0","0","0","0","TIER_P5"
"EAFPB04","FP-B04","Air Filter","0","1","0","1","TIER_P4"
"EAFPGM01","FP-GM01","Air Filter","0","0","0","0","TIER_P5"
"EAFPM01","FP-M01","Air Filter","0","0","0","1","TIER_P5"
"EAFPM03","FP-M03","Air Filter","0","0","0","0","TIER_P5"
"EAFPM04","FP-M04","Air Filter","0","1","0","1","TIER_P4"
"EAFPM05","FP-M05","Air Filter","0","1","0","1","TIER_P4"
"EAFPM06","FP-M06","Air Filter","0","1","0","1","TIER_P4"
"EAFPM07","FP-M07","Air Filter","0","0","0","1","TIER_P5"
"EAFPM09","FP-M09","Air Filter","0","0","0","0","TIER_P5"
"EAFPM10","FP-M10","Air Filter","0","0","0","0","TIER_P5"
"EAFPMN01","FP-MN01","Air Filter","0","1","0","1","TIER_P4"
"EAFPV01","FP-V01","Air Filter","0","1","0","1","TIER_P4"
"EAFPV03","FP-V03","Air Filter","0","0","0","1","TIER_P5"
"EAFPV05","FP-V05","Air Filter","0","0","0","0","TIER_P5"
"EA58002","FP18002","Air Filter","1","0","1","1","TIER_P5"
"EA51827","FP1827","Air Filter","1","1","1","1","TIER_P1"
"EA51828","FP1828","Air Filter","1","1","1","1","TIER_P1"
"EA51829","FP1829","Air Filter","1","1","1","1","TIER_P1"
"EA59004","FP19004","Air Filter","1","1","1","1","TIER_P1"
"EA51919","FP1919","Air Filter","1","1","1","1","TIER_P1"
"EA51936","FP1936","Air Filter","1","1","1","1","TIER_P1"
"EA50006","FP20006","Air Filter","1","1","1","1","TIER_P1"
"EA52026","FP2026","Air Filter","1","1","1","1","TIER_P1"
"EA52040","FP2040","Air Filter","1","1","1","1","TIER_P1"
"EA52043","FP2043","Air Filter","1","1","1","1","TIER_P1"
"EAFP210002","FP21000/2","Air Filter","0","0","0","0","TIER_P5"
"EA51003","FP21003","Air Filter","1","1","1","1","TIER_P1"
"EA52129","FP2129","Air Filter","1","0","1","0","TIER_P5"
"EA52131","FP2131","Air Filter","1","1","1","1","TIER_P1"
"EA52141","FP2141","Air Filter","1","1","1","1","TIER_P1"
"EA52184","FP2184","Air Filter","0","1","1","1","TIER_P4"
"EA52011","FP22011","Air Filter","1","1","1","1","TIER_P1"
"EA52013","FP22013","Air Filter","1","1","1","1","TIER_P1"
"EAFP22016","FP22016","Air Filter","0","0","0","0","TIER_P5"
"EA52021","FP22021","Air Filter","1","1","1","1","TIER_P1"
"EA52022","FP22022","Air Filter","1","1","1","1","TIER_P1"
"EA52032","FP22032","Air Filter","1","1","1","1","TIER_P1"
"EA52243","FP2243","Air Filter","1","1","1","1","TIER_P1"
"EAFP230142","FP23014/2","Air Filter","0","0","0","0","TIER_P5"
"EAFP230152","FP23015/2","Air Filter","0","0","0","0","TIER_P5"
"EA53024","FP23024","Air Filter","1","1","1","1","TIER_P1"
"EA53025","FP23025","Air Filter","0","0","1","1","TIER_P5"
"EA52335","FP2335KIT","Air Filter","1","1","1","1","TIER_P1"
"EA52345","FP2345","Air Filter","0","0","1","0","TIER_P5"
"EA52358","FP2358","Air Filter","1","1","1","1","TIER_P1"
"EA54003","FP24003","Air Filter","1","1","1","1","TIER_P1"
"EA54004","FP24004","Air Filter","1","0","1","1","TIER_P5"
"EA54009","FP24009","Air Filter","1","1","1","1","TIER_P1"
"EA54021","FP24021","Air Filter","1","1","1","1","TIER_P1"
"EA54024","FP24024","Air Filter","1","1","1","1","TIER_P1"
"EA54026","FP24026","Air Filter","1","1","1","1","TIER_P1"
"EAFP240582","FP24058/2","Air Filter","0","0","0","0","TIER_P5"
"EAFP24182","FP2418/2","Air Filter","0","0","0","0","TIER_P5"
"EA52433","FP2433","Air Filter","1","1","1","1","TIER_P1"
"EA52436","FP2436","Air Filter","1","1","1","1","TIER_P1"
"EA52440","FP2440","Air Filter","1","1","1","1","TIER_P1"
"EA52442","FP2442","Air Filter","1","1","1","1","TIER_P1"
"EA52450","FP2450","Air Filter","1","1","1","1","TIER_P1"
"EA55001","FP25001","Air Filter","1","1","1","1","TIER_P1"
"EA55003","FP25003","Air Filter","1","1","1","1","TIER_P1"
"EA55007","FP25007","Air Filter","1","1","1","1","TIER_P1"
"EA55012","FP25012","Air Filter","1","1","1","1","TIER_P1"
"EA55015","FP25015","Air Filter","1","0","1","1","TIER_P5"
"EAFP250342","FP25034/2","Air Filter","0","0","0","0","TIER_P5"
"EAFP25332","FP2533/2","Air Filter","0","0","0","0","TIER_P5"
"EA52544","FP2544","Air Filter","1","1","1","1","TIER_P1"
"EA52559","FP2559","Air Filter","1","1","1","1","TIER_P1"
"EA56005","FP26005","Air Filter","1","1","1","1","TIER_P1"
"EA56006","FP26006","Air Filter","1","1","1","1","TIER_P1"
"EA56007","FP26007","Air Filter","1","1","1","1","TIER_P1"
"EA50071","FP26007/1","Air Filter","1","0","1","1","TIER_P5"
"EA56009","FP26009","Air Filter","1","1","1","1","TIER_P1"
"EA56010","FP26010","Air Filter","1","1","1","1","TIER_P1"
"EAFP260132","FP26013/2","Air Filter","0","0","0","0","TIER_P5"
"EAFP26019","FP26019","Air Filter","0","0","0","0","TIER_P5"
"EA56021","FP26021","Air Filter","1","1","1","1","TIER_P1"
"EA56023","FP26023","Air Filter","1","1","1","1","TIER_P1"
"EA50231","FP26023/1","Air Filter","1","0","1","1","TIER_P5"
"EAFP260231MHJP","FP26023/1MHJP","Air Filter","0","0","0","0","TIER_P5"
"EAFP260282","FP26028/2","Air Filter","0","0","0","0","TIER_P5"
"EA52620","FP2620","Air Filter","1","1","1","1","TIER_P1"
"EA52641","FP2641","Air Filter","1","1","1","1","TIER_P1"
"EAFP26462","FP2646/2","Air Filter","0","0","0","0","TIER_P5"
"EA57008","FP27008","Air Filter","1","1","1","1","TIER_P1"
"EA57009","FP27009","Air Filter","1","1","1","1","TIER_P1"
"EAFP270212","FP27021/2","Air Filter","0","0","0","0","TIER_P5"
"EAFP27058","FP27058","Air Filter","0","0","0","0","TIER_P5"
"EAFP27222","FP2722/2","Air Filter","0","0","0","0","TIER_P5"
"EA52733","FP2733","Air Filter","1","1","1","1","TIER_P1"
"EA52742","FP2742","Air Filter","1","1","1","1","TIER_P1"
"EA52743","FP2743","Air Filter","1","1","1","1","TIER_P1"
"EAFP27452","FP2745/2","Air Filter","0","0","0","0","TIER_P5"
"EA52747","FP2747","Air Filter","1","1","1","1","TIER_P1"
"EA52757","FP2757","Air Filter","1","1","1","1","TIER_P1"
"EAFP28001","FP28001","Air Filter","0","0","0","0","TIER_P5"
"EA58009","FP28009","Air Filter","1","1","1","1","TIER_P1"
"EA58013","FP28013","Air Filter","1","1","1","1","TIER_P1"
"EAFP28013MHJP","FP28013MHJP","Air Filter","0","0","0","0","TIER_P5"
"EA52842","FP2842","Air Filter","1","1","1","1","TIER_P1"
"EA58471","FP2847/1","Air Filter","1","1","1","1","TIER_P1"
"EA52855","FP2855","Air Filter","1","1","1","1","TIER_P1"
"EA52862","FP2862","Air Filter","1","1","1","1","TIER_P1"
"EA52882","FP2882","Air Filter","1","1","1","1","TIER_P1"
"EA52897","FP2897","Air Filter","1","1","1","1","TIER_P1"
"EAFP290032","FP29003/2","Air Filter","0","0","0","0","TIER_P5"
"EA59005","FP29005","Air Filter","1","1","1","1","TIER_P1"
"EA50051","FP29005/1","Air Filter","1","0","1","1","TIER_P5"
"EA59007","FP29007","Air Filter","1","1","1","1","TIER_P1"
"EA59010","FP29010","Air Filter","1","1","1","1","TIER_P1"
"EA52939","FP2939","Air Filter","1","1","1","1","TIER_P1"
"EA59391","FP2939/1","Air Filter","1","1","1","1","TIER_P1"
"EA52940","FP2940","Air Filter","1","1","1","1","TIER_P1"
"EAFP29412","FP2941/2","Air Filter","0","0","0","0","TIER_P5"
"EA52952","FP2952","Air Filter","1","1","1","1","TIER_P1"
"EA50007","FP30007","Air Filter","1","1","1","1","TIER_P1"
"EA50071","FP30007/1","Air Filter","1","0","1","1","TIER_P5"
"EA50012","FP30012","Air Filter","1","1","1","1","TIER_P1"
"EAFP30232","FP3023/2","Air Filter","0","0","0","0","TIER_P5"
"EA53037","FP3037","Air Filter","1","1","1","1","TIER_P1"
"EA53054","FP3054","Air Filter","1","1","1","1","TIER_P1"
"EA51001","FP31001","Air Filter","1","1","1","1","TIER_P1"
"EA51003","FP31003","Air Filter","1","1","1","1","TIER_P1"
"EAFP31242","FP3124/2","Air Filter","0","0","0","0","TIER_P5"
"EA53132","FP3132","Air Filter","1","1","1","1","TIER_P1"
"EA53139","FP3139","Air Filter","1","1","1","1","TIER_P1"
"EA53172","FP3172","Air Filter","1","1","1","1","TIER_P1"
"EA51721","FP3172/1","Air Filter","1","0","1","1","TIER_P5"
"EA52001","FP32001","Air Filter","1","1","1","1","TIER_P1"
"EA52007","FP32007","Air Filter","1","0","1","1","TIER_P5"
"EA50071","FP32007/1","Air Filter","1","0","1","1","TIER_P5"
"EA52008","FP32008","Air Filter","1","1","1","1","TIER_P1"
"EA53006","FP33006","Air Filter","1","1","1","1","TIER_P1"
"EA53337","FP3337","Air Filter","1","1","1","1","TIER_P1"
"EA54003","FP34003","Air Filter","1","1","1","1","TIER_P1"
"EA53448","FP3448","Air Filter","1","1","1","1","TIER_P1"
"EA53454","FP3454","Air Filter","1","1","1","1","TIER_P1"
"EA53461","FP3461","Air Filter","1","1","1","1","TIER_P1"
"EA54611","FP3461/1","Air Filter","1","0","1","1","TIER_P5"
"EA53540","FP3540","Air Filter","1","1","1","1","TIER_P1"
"EA53567","FP3567","Air Filter","1","1","1","1","TIER_P1"
"EA53569","FP3569","Air Filter","1","1","1","1","TIER_P1"
"EA56006","FP36006","Air Filter","1","1","1","1","TIER_P1"
"EA57001","FP37001","Air Filter","1","1","1","1","TIER_P1"
"EA58004","FP38004","Air Filter","1","1","1","1","TIER_P1"
"EA50041","FP38004/1","Air Filter","1","0","1","1","TIER_P5"
"EA53959","FP3959","Air Filter","1","1","1","1","TIER_P1"
"EA54054","FP4054","Air Filter","1","1","1","1","TIER_P1"
"EA54436","FP4436","Air Filter","1","1","1","1","TIER_P1"
"EA55004","FP45004","Air Filter","1","1","1","1","TIER_P1"
"EA54594","FP4594","Air Filter","1","1","1","1","TIER_P1"
"EA54627","FP4627","Air Filter","1","1","1","1","TIER_P1"
"EA54662","FP4662","Air Filter","1","1","1","1","TIER_P1"
"EA54795","FP4795","Air Filter","1","1","1","1","TIER_P1"
"EA54926","FP4926","Air Filter","1","1","1","1","TIER_P1"
"EA50001","FP50001","Air Filter","1","1","1","1","TIER_P1"
"EA50102","FP50102","Air Filter","1","1","1","1","TIER_P1"
"EA55067","FP5067","Air Filter","1","1","1","1","TIER_P1"
"EA55141","FP5141","Air Filter","1","1","1","1","TIER_P1"
"EA52004","FP52004","Air Filter","1","1","1","1","TIER_P1"
"EA55480","FP5480","Air Filter","1","1","1","1","TIER_P1"
"EA56724","FP6724","Air Filter","1","1","1","1","TIER_P1"
"EA58430","FP8430","Air Filter","1","1","1","1","TIER_P1"
"EA53067","FPE23067","Air Filter","1","0","1","0","TIER_P5"
"EAFPE26006","FPE26006","Air Filter","0","0","0","0","TIER_P5"
"EA50071","FPE26007/1","Air Filter","1","0","1","0","TIER_P5"
"EA56009","FPE26009","Air Filter","1","0","1","0","TIER_P5"
"EAFPE26021","FPE26021","Air Filter","0","0","0","0","TIER_P5"
"EA50231","FPE26023/1","Air Filter","1","0","1","0","TIER_P5"
"EAFPE260282","FPE26028/2","Air Filter","0","0","0","0","TIER_P5"
"EAFPE300071","FPE30007/1","Air Filter","0","0","0","0","TIER_P5"
"EA51003","FPE31003","Air Filter","1","0","1","0","TIER_P5"
"ELHU100021Z","HU10002/1Z","Oil Filter","0","0","0","0","TIER_P5"
"EL50002","HU10002Z","Oil Filter","1","0","1","1","TIER_P5"
"EL50004","HU10004Z","Oil Filter","1","0","1","1","TIER_P5"
"EL50200","HU10200Z","Oil Filter","1","0","1","1","TIER_P5"
"EL51072","HU1072X","Oil Filter","1","0","1","1","TIER_P5"
"EL50771","HU1077/1X","Oil Filter","0","0","1","1","TIER_P5"
"EL50771","HU1077/1Z","Oil Filter","0","1","1","1","TIER_P4"
"EL50772","HU1077/2X","Oil Filter","1","0","1","1","TIER_P5"
"EL51077","HU1077X","Oil Filter","0","1","0","1","TIER_P4"
"ELHU1090","HU1090","Oil Filter","0","0","0","0","TIER_P5"
"EL51002","HU11002X","Oil Filter","1","1","1","1","TIER_P1"
"EL51003","HU11003Y","Oil Filter","1","0","1","1","TIER_P5"
"EL51003","HU11003Z","Oil Filter","0","1","1","1","TIER_P4"
"ELHU11005X","HU11005X","Oil Filter","0","0","0","1","TIER_P5"
"ELHU110071Z","HU11007/1Z","Oil Filter","0","0","0","0","TIER_P5"
"ELHU11007Z","HU11007Z","Oil Filter","0","0","0","1","TIER_P5"
"EL51009","HU11009Z","Oil Filter","1","0","1","1","TIER_P5"
"EL51011","HU11011Z","Oil Filter","1","0","1","1","TIER_P5"
"ELHU11013Z","HU11013Z","Oil Filter","0","0","0","0","TIER_P5"
"ELHU11015Z","HU11015Z","Oil Filter","0","0","0","0","TIER_P5"
"EL52001","HU12001Z","Oil Filter","1","0","1","1","TIER_P5"
"ELHU12002Y","HU12002Y","Oil Filter","0","0","0","0","TIER_P5"
"EL52003","HU12003X","Oil Filter","1","0","1","1","TIER_P5"
"EL52005","HU12005","Oil Filter","1","1","0","0","TIER_P3"
"EL52005","HU12005X","Oil Filter","1","1","0","1","TIER_P3"
"EL52006","HU12006Z","Oil Filter","1","0","1","1","TIER_P5"
"EL52007","HU12007X","Oil Filter","1","0","1","1","TIER_P5"
"EL52008","HU12008X","Oil Filter","1","0","1","1","TIER_P5"
"EL52009","HU12009Z","Oil Filter","1","0","1","1","TIER_P5"
"EL52010","HU12010X","Oil Filter","0","0","1","1","TIER_P5"
"EL52013","HU12013Z","Oil Filter","1","0","1","1","TIER_P5"
"EL52015","HU12015X","Oil Filter","1","0","1","1","TIER_P5"
"EL50161","HU12016/1Z","Oil Filter","1","0","1","1","TIER_P5"
"EL52016","HU12016Z","Oil Filter","0","1","1","1","TIER_P4"
"EL52021","HU12021Z","Oil Filter","1","0","1","1","TIER_P5"
"EL52103","HU12103X","Oil Filter","1","0","1","1","TIER_P5"
"EL52105","HU12105","Oil Filter","0","1","0","1","TIER_P4"
"ELHU121061Z","HU12106/1Z","Oil Filter","0","0","0","0","TIER_P5"
"EL52110","HU12110X","Oil Filter","1","0","1","1","TIER_P5"
"EL52122","HU12122X","Oil Filter","1","0","1","1","TIER_P5"
"EL52140","HU12140X","Oil Filter","1","0","1","1","TIER_P5"
"EL51270","HU1270X","Oil Filter","1","0","1","1","TIER_P5"
"EL52911","HU1291/1Z","Oil Filter","1","0","1","1","TIER_P5"
"EL51291","HU1291Z","Oil Filter","0","1","0","1","TIER_P4"
"EL51297","HU1297X","Oil Filter","1","0","1","1","TIER_P5"
"EL53120","HU13120","Oil Filter","0","1","0","1","TIER_P4"
"EL51253","HU13125/3X","Oil Filter","1","0","1","1","TIER_P5"
"ELHU131255Z","HU13125/5Z","Oil Filter","1","0","0","1","TIER_P5"
"EL53125","HU13125X","Oil Filter","0","1","1","1","TIER_P4"
"EL51381","HU1381","Oil Filter","0","1","0","1","TIER_P4"
"EL51381","HU1381X","Oil Filter","1","0","1","1","TIER_P5"
"EL51390","HU1390X","Oil Filter","1","0","1","1","TIER_P5"
"ELHU2X9471Z","HU2X947/1Z","Oil Filter","0","0","0","0","TIER_P5"
"ELHU2X9473Z","HU2X947/3Z","Oil Filter","0","0","0","0","TIER_P5"
"EL55001","HU5001Z","Oil Filter","1","0","1","1","TIER_P5"
"EL55003","HU5003Z","Oil Filter","1","0","1","1","TIER_P5"
"ELHU5005Z","HU5005Z","Oil Filter","0","0","0","0","TIER_P5"
"ELHU5006Z","HU5006Z","Oil Filter","0","0","0","0","TIER_P5"
"EL55008","HU5008Z","Oil Filter","0","0","1","1","TIER_P5"
"ELHU5011Z","HU5011Z","Oil Filter","0","0","0","0","TIER_P5"
"EL55141","HU514/1Y","Oil Filter","1","0","1","1","TIER_P5"
"EL50514","HU514X","Oil Filter","1","0","1","1","TIER_P5"
"EL50514","HU514Y","Oil Filter","1","0","1","1","TIER_P5"
"EL56001","HU6001","Oil Filter","0","1","1","1","TIER_P4"
"EL56002","HU6002Z","Oil Filter","0","1","1","1","TIER_P4"
"EL56002","HU6002ZM","Oil Filter","1","1","0","0","TIER_P3"
"EL56004","HU6004X","Oil Filter","1","0","1","1","TIER_P5"
"EL56006","HU6006Z","Oil Filter","1","0","1","1","TIER_P5"
"EL56006","HU6006ZM","Oil Filter","1","1","0","0","TIER_P3"
"ELHU60071X","HU6007/1X","Oil Filter","0","0","0","0","TIER_P5"
"EL56007","HU6007X","Oil Filter","1","0","1","1","TIER_P5"
"EL50081","HU6008/1Z","Oil Filter","1","0","1","1","TIER_P5"
"ELHU60082Z","HU6008/2Z","Oil Filter","0","0","0","0","TIER_P5"
"ELHU60083Z","HU6008/3Z","Oil Filter","0","0","0","0","TIER_P5"
"EL56008","HU6008Z","Oil Filter","1","0","1","1","TIER_P5"
"EL56009","HU6009Z","Oil Filter","1","0","1","1","TIER_P5"
"ELHU6009ZM","HU6009ZM","Oil Filter","0","0","0","0","TIER_P5"
"EL56011","HU6011Z","Oil Filter","1","0","1","1","TIER_P5"
"EL56012","HU6012ZKIT","Oil Filter","1","0","1","1","TIER_P5"
"EL56013","HU6013Y","Oil Filter","1","0","1","1","TIER_P5"
"EL56013","HU6013Z","Oil Filter","1","0","1","1","TIER_P5"
"EL50141","HU6014/1Z","Oil Filter","1","0","1","1","TIER_P5"
"EL56014","HU6014Z","Oil Filter","0","1","1","1","TIER_P4"
"EL50152","HU6015/2ZKIT","Oil Filter","0","1","0","0","TIER_P4"
"EL56015","HU6015ZKIT","Oil Filter","1","0","1","1","TIER_P5"
"ELHU6017Z","HU6017Z","Oil Filter","0","0","0","0","TIER_P5"
"EL56018","HU6018Z","Oil Filter","1","0","1","1","TIER_P5"
"EL56019","HU6019Z","Oil Filter","1","0","1","1","TIER_P5"
"ELHU60201Z","HU6020/1Z","Oil Filter","0","0","0","0","TIER_P5"
"EL56020","HU6020Z","Oil Filter","1","0","1","1","TIER_P5"
"EL56022","HU6022Z","Oil Filter","1","0","1","1","TIER_P5"
"EL56023","HU6023Z","Oil Filter","1","0","1","1","TIER_P5"
"ELHU60241Z","HU6024/1Z","Oil Filter","0","0","0","0","TIER_P5"
"EL56024","HU6024Z","Oil Filter","1","0","1","1","TIER_P5"
"EL56026","HU6026Z","Oil Filter","1","0","1","1","TIER_P5"
"ELHU6027Z","HU6027Z","Oil Filter","0","0","0","0","TIER_P5"
"ELHU60281Z","HU6028/1Z","Oil Filter","0","0","0","0","TIER_P5"
"EL56028","HU6028Z","Oil Filter","1","0","1","1","TIER_P5"
"EL56032","HU6032Z","Oil Filter","1","0","1","1","TIER_P5"
"ELHU60331Z","HU6033/1Z","Oil Filter","0","0","0","0","TIER_P5"
"ELHU60332Z","HU6033/2Z","Oil Filter","0","0","0","0","TIER_P5"
"EL56033","HU6033Z","Oil Filter","1","0","1","1","TIER_P5"
"EL56034","HU6034Z","Oil Filter","1","0","1","1","TIER_P5"
"EL56035","HU6035X","Oil Filter","0","0","1","0","TIER_P5"
"ELHU6036Z","HU6036Z","Oil Filter","0","0","0","0","TIER_P5"
"ELHU6037Z","HU6037Z","Oil Filter","0","0","0","0","TIER_P5"
"ELHU6039ZKIT","HU6039ZKIT","Oil Filter","0","0","0","0","TIER_P5"
"ELHU6040Z","HU6040Z","Oil Filter","0","0","0","0","TIER_P5"
"EL56042","HU6042Z","Oil Filter","1","0","1","1","TIER_P5"
"ELHU6044Z","HU6044Z","Oil Filter","0","0","0","0","TIER_P5"
"ELHU6046Z","HU6046Z","Oil Filter","0","0","0","1","TIER_P5"
"ELHU6047Z","HU6047Z","Oil Filter","0","0","0","0","TIER_P5"
"ELHU6048Z","HU6048Z","Oil Filter","0","0","0","0","TIER_P5"
"ELHU6068Z","HU6068Z","Oil Filter","0","0","0","0","TIER_P5"
"EL50610","HU610X","Oil Filter","1","0","1","1","TIER_P5"
"EL56111","HU611/1X","Oil Filter","1","0","1","1","TIER_P5"
"EL50611","HU611X","Oil Filter","1","0","1","1","TIER_P5"
"EL56121","HU612/1X","Oil Filter","1","0","1","1","TIER_P5"
"EL56122","HU612/2X","Oil Filter","0","0","1","1","TIER_P5"
"ELHU6122XM","HU612/2XM","Oil Filter","0","0","0","0","TIER_P5"
"ELHU6123X","HU612/3X","Oil Filter","0","0","0","0","TIER_P5"
"EL50612","HU612X","Oil Filter","1","0","1","1","TIER_P5"
"ELHU6152X","HU615/2X","Oil Filter","0","1","0","1","TIER_P4"
"EL56153","HU615/3X","Oil Filter","1","0","1","1","TIER_P5"
"EL56181","HU618/1Y","Oil Filter","1","0","1","1","TIER_P5"
"EL50618","HU618X","Oil Filter","1","0","1","1","TIER_P5"
"EL50618","HU618Y","Oil Filter","1","0","1","1","TIER_P5"
"EL50068","HU68X","Oil Filter","1","0","1","1","TIER_P5"
"ELHU691","HU69/1","Oil Filter","0","0","0","1","TIER_P5"
"EL50692","HU69/2","Oil Filter","0","0","1","1","TIER_P5"
"EL50692","HU69/2X","Oil Filter","0","1","1","1","TIER_P4"
"EL50693","HU69/3X","Oil Filter","1","0","1","1","TIER_P5"
"ELHU694X","HU69/4X","Oil Filter","0","0","0","0","TIER_P5"
"EL57001","HU7001X","Oil Filter","1","0","1","1","TIER_P5"
"EL57002","HU7002Z","Oil Filter","1","0","1","1","TIER_P5"
"EL50031","HU7003/1X","Oil Filter","0","1","0","0","TIER_P4"
"EL57003","HU7003X","Oil Filter","1","0","1","1","TIER_P5"
"EL50041","HU7004/1X","Oil Filter","1","0","1","1","TIER_P5"
"EL57004","HU7004X","Oil Filter","1","1","0","1","TIER_P3"
"EL57005","HU7005X","Oil Filter","1","0","1","1","TIER_P5"
"EL57006","HU7006Z","Oil Filter","1","0","1","1","TIER_P5"
"EL57008","HU7008Z","Oil Filter","1","0","1","1","TIER_P5"
"EL57009","HU7009Z","Oil Filter","1","0","1","1","TIER_P5"
"ELHU7009ZM","HU7009ZM","Oil Filter","0","0","0","0","TIER_P5"
"EL57010","HU7010Z","Oil Filter","1","0","1","1","TIER_P5"
"EL57011","HU7011Y","Oil Filter","0","1","1","1","TIER_P4"
"EL57011","HU7011Z","Oil Filter","0","0","1","1","TIER_P5"
"EL57012","HU7012Z","Oil Filter","1","0","1","1","TIER_P5"
"EL57016","HU7016X","Oil Filter","1","0","1","1","TIER_P5"
"EL57017","HU7017Z","Oil Filter","1","0","1","1","TIER_P5"
"EL57018","HU7018Z","Oil Filter","1","0","1","1","TIER_P5"
"EL57019","HU7019Z","Oil Filter","1","0","1","1","TIER_P5"
"ELHU7019ZM","HU7019ZM","Oil Filter","0","0","0","0","TIER_P5"
"EL57020","HU7020Z","Oil Filter","1","0","1","1","TIER_P5"
"EL57022","HU7022ZKIT","Oil Filter","1","0","1","1","TIER_P5"
"EL57024","HU7024Z","Oil Filter","1","0","1","1","TIER_P5"
"ELHU7024ZM","HU7024ZM","Oil Filter","0","0","0","0","TIER_P5"
"EL57025","HU7025Z","Oil Filter","1","0","1","1","TIER_P5"
"EL57026","HU7026Z","Oil Filter","1","0","1","1","TIER_P5"
"EL57027","HU7027Z","Oil Filter","1","0","1","1","TIER_P5"
"ELHU7027ZM","HU7027ZM","Oil Filter","0","0","0","0","TIER_P5"
"EL57029","HU7029Z","Oil Filter","1","0","1","1","TIER_P5"
"EL57030","HU7030Z","Oil Filter","1","0","1","1","TIER_P5"
"EL57032","HU7032Z","Oil Filter","1","0","1","1","TIER_P5"
"EL57033","HU7033Z","Oil Filter","1","0","1","1","TIER_P5"
"EL57034","HU7034Z","Oil Filter","1","0","1","1","TIER_P5"
"EL57035","HU7035Y","Oil Filter","1","0","1","1","TIER_P5"
"EL57041","HU7041Z","Oil Filter","1","0","1","1","TIER_P5"
"EL57042","HU7042Z","Oil Filter","0","1","1","1","TIER_P4"
"ELHU7043Z","HU7043Z","Oil Filter","0","0","0","0","TIER_P5"
"EL57044","HU7044Z","Oil Filter","0","0","1","1","TIER_P5"
"EL57046","HU7046Z","Oil Filter","1","0","1","1","TIER_P5"
"EL57047","HU7047X","Oil Filter","0","0","1","0","TIER_P5"
"EL57048","HU7048Z","Oil Filter","1","0","1","1","TIER_P5"
"ELHU70491Z","HU7049/1Z","Oil Filter","0","0","0","0","TIER_P5"
"EL57049","HU7049Z","Oil Filter","1","0","1","1","TIER_P5"
"EL57051","HU7051Z","Oil Filter","1","0","1","1","TIER_P5"
"EL57052","HU7052X","Oil Filter","0","0","1","0","TIER_P5"
"EL57052","HU7052Z","Oil Filter","0","1","0","0","TIER_P4"
"ELHU7054","HU7054","Oil Filter","0","0","0","0","TIER_P5"
"ELHU7056Z","HU7056Z","Oil Filter","0","0","0","0","TIER_P5"
"ELHU7062Z","HU7062Z","Oil Filter","0","0","0","1","TIER_P5"
"ELHU7070Z","HU7070Z","Oil Filter","0","0","0","0","TIER_P5"
"ELHU7071Z","HU7071Z","Oil Filter","0","0","0","0","TIER_P5"
"EL57074","HU7074X","Oil Filter","1","0","1","1","TIER_P5"
"EL57075","HU7075Z","Oil Filter","1","0","1","0","TIER_P5"
"EL50710","HU710X","Oil Filter","1","0","1","1","TIER_P5"
"EL57112","HU711/2X","Oil Filter","1","0","1","1","TIER_P5"
"EL57114","HU711/4X","Oil Filter","1","0","1","1","TIER_P5"
"EL51151","HU711/51X","Oil Filter","1","0","1","1","TIER_P5"
"EL51151","HU711/51XM","Oil Filter","1","1","0","0","TIER_P3"
"EL57115","HU711/5X","Oil Filter","1","1","0","0","TIER_P3"
"EL57116","HU711/6Z","Oil Filter","1","0","1","1","TIER_P5"
"EL50711","HU711X","Oil Filter","1","0","1","1","TIER_P5"
"EL51210","HU712/10X","Oil Filter","1","0","1","1","TIER_P5"
"EL51211","HU712/11X","Oil Filter","1","0","1","1","TIER_P5"
"EL57126","HU712/6X","Oil Filter","1","0","1","1","TIER_P5"
"EL57127","HU712/7X","Oil Filter","1","0","1","1","TIER_P5"
"EL57128","HU712/8X","Oil Filter","1","0","1","1","TIER_P5"
"EL57129","HU712/9X","Oil Filter","1","0","1","1","TIER_P5"
"EL50712","HU712X","Oil Filter","0","1","0","1","TIER_P4"
"EL57131","HU713/1X","Oil Filter","1","0","1","1","TIER_P5"
"ELHU7131XM","HU713/1XM","Oil Filter","0","0","0","0","TIER_P5"
"EL50713","HU713X","Oil Filter","0","0","1","1","TIER_P5"
"EL50714","HU714X","Oil Filter","1","0","1","1","TIER_P5"
"ELHU7153X","HU715/3X","Oil Filter","0","0","0","1","TIER_P5"
"EL57154","HU715/4X","Oil Filter","1","0","1","1","TIER_P5"
"EL57155","HU715/5X","Oil Filter","1","0","1","1","TIER_P5"
"EL57156","HU715/6X","Oil Filter","1","0","1","1","TIER_P5"
"EL57162","HU716/2X","Oil Filter","1","0","1","1","TIER_P5"
"EL57181","HU718/1K","Oil Filter","1","1","1","1","TIER_P1"
"EL57181","HU718/1N","Oil Filter","1","0","1","1","TIER_P5"
"ELHU7181X","HU718/1X","Oil Filter","0","0","0","1","TIER_P5"
"EL57181","HU718/1Y","Oil Filter","1","0","1","1","TIER_P5"
"EL57181","HU718/1Z","Oil Filter","1","0","1","1","TIER_P5"
"EL57182","HU718/2X","Oil Filter","0","0","1","1","TIER_P5"
"ELHU7184X","HU718/4X","Oil Filter","0","1","0","1","TIER_P4"
"ELHU7184Y","HU718/4Y","Oil Filter","0","1","0","1","TIER_P4"
"EL57185","HU718/5X","Oil Filter","1","1","1","1","TIER_P1"
"EL57186","HU718/6X","Oil Filter","1","0","1","1","TIER_P5"
"ELHU7188X","HU718/8X","Oil Filter","0","0","0","1","TIER_P5"
"EL50718","HU718X","Oil Filter","1","0","1","1","TIER_P5"
"EL57193","HU719/3X","Oil Filter","1","0","1","1","TIER_P5"
"EL57195","HU719/5X","Oil Filter","1","1","1","1","TIER_P1"
"EL57196","HU719/6X","Oil Filter","1","0","1","1","TIER_P5"
"EL57197","HU719/7X","Oil Filter","1","0","1","1","TIER_P5"
"ELHU7197XM","HU719/7XM","Oil Filter","0","0","0","0","TIER_P5"
"EL57198","HU719/8X","Oil Filter","1","0","1","1","TIER_P5"
"ELHU7198XM","HU719/8XM","Oil Filter","0","0","0","0","TIER_P5"
"EL57198","HU719/8Y","Oil Filter","1","0","1","1","TIER_P5"
"EL57203","HU720/3X","Oil Filter","1","0","1","1","TIER_P5"
"EL50721","HU721","Oil Filter","0","1","0","1","TIER_P4"
"EL57212","HU721/2X","Oil Filter","1","0","1","1","TIER_P5"
"EL57213","HU721/3X","Oil Filter","1","1","1","1","TIER_P1"
"EL57214","HU721/4X","Oil Filter","1","0","1","1","TIER_P5"
"EL57215","HU721/5X","Oil Filter","1","0","1","1","TIER_P5"
"EL57217","HU721/7","Oil Filter","0","1","0","0","TIER_P4"
"EL50721","HU721WKIT","Oil Filter","1","0","1","1","TIER_P5"
"EL50721","HU721XKIT","Oil Filter","1","0","1","1","TIER_P5"
"EL50721","HU721Y","Oil Filter","1","0","1","1","TIER_P5"
"EL50721","HU721ZKIT","Oil Filter","1","0","1","1","TIER_P5"
"EL50722","HU722X","Oil Filter","1","0","1","1","TIER_P5"
"EL50722","HU722Y","Oil Filter","1","0","1","1","TIER_P5"
"EL50722","HU722Z","Oil Filter","0","1","1","1","TIER_P4"
"ELHU7261","HU726/1","Oil Filter","0","0","0","1","TIER_P5"
"ELHU7261X","HU726/1X","Oil Filter","0","0","0","1","TIER_P5"
"EL57262","HU726/2X","Oil Filter","1","1","1","1","TIER_P1"
"EL57271","HU727/1X","Oil Filter","1","1","1","1","TIER_P1"
"EL50736","HU736X","Oil Filter","1","0","1","1","TIER_P5"
"ELHU7401X","HU7401X","Oil Filter","0","0","0","0","TIER_P5"
"ELHU80011X","HU8001/1X","Oil Filter","0","0","0","0","TIER_P5"
"EL58001","HU8001X","Oil Filter","1","0","1","1","TIER_P5"
"EL58002","HU8002XKIT","Oil Filter","1","0","1","1","TIER_P5"
"EL58002","HU8002Y","Oil Filter","1","0","1","1","TIER_P5"
"EL58003","HU8003X","Oil Filter","1","0","1","1","TIER_P5"
"EL58005","HU8005Z","Oil Filter","1","0","1","1","TIER_P5"
"ELHU8005ZM","HU8005ZM","Oil Filter","0","0","0","0","TIER_P5"
"EL58006","HU8006Z","Oil Filter","1","0","1","1","TIER_P5"
"ELHU80071Z","HU8007/1Z","Oil Filter","0","0","0","0","TIER_P5"
"EL58007","HU8007Z","Oil Filter","0","1","1","1","TIER_P4"
"EL58007","HU8007ZKIT","Oil Filter","1","0","1","1","TIER_P5"
"EL58008","HU8008Z","Oil Filter","1","0","1","1","TIER_P5"
"EL58009","HU8009Z","Oil Filter","1","0","1","1","TIER_P5"
"ELHU80101Z","HU8010/1Z","Oil Filter","0","0","0","0","TIER_P5"
"EL58010","HU8010Z","Oil Filter","1","0","1","1","TIER_P5"
"EL58011","HU8011Z","Oil Filter","1","0","1","1","TIER_P5"
"ELHU80121Z","HU8012/1Z","Oil Filter","0","0","0","0","TIER_P5"
"EL58012","HU8012Z","Oil Filter","1","0","1","1","TIER_P5"
"EL58014","HU8014Z","Oil Filter","1","0","1","1","TIER_P5"
"EL58016","HU8016","Oil Filter","1","0","1","1","TIER_P5"
"ELHU8017Z","HU8017Z","Oil Filter","0","0","0","0","TIER_P5"
"EL58018","HU8018Z","Oil Filter","1","0","1","1","TIER_P5"
"EL58021","HU8021Z","Oil Filter","1","0","1","1","TIER_P5"
"ELHU8022Z","HU8022Z","Oil Filter","0","0","0","0","TIER_P5"
"ELHU8023Z","HU8023Z","Oil Filter","0","0","0","0","TIER_P5"
"EL58136","HU8136Z","Oil Filter","1","0","1","1","TIER_P5"
"EL58152","HU815/2X","Oil Filter","1","0","1","1","TIER_P5"
"ELHU8153X","HU815/3X","Oil Filter","0","0","0","0","TIER_P5"
"EL58161","HU816/1X","Oil Filter","0","1","1","1","TIER_P4"
"EL58162","HU816/2X","Oil Filter","1","0","1","1","TIER_P5"
"EL50816","HU816X","Oil Filter","1","0","1","1","TIER_P5"
"EL50816","HU816ZKIT","Oil Filter","1","0","1","1","TIER_P5"
"EL58171","HU8171","Oil Filter","1","0","1","1","TIER_P5"
"EL50818","HU818X","Oil Filter","1","0","1","1","TIER_P5"
"EL58191","HU819/1X","Oil Filter","1","0","1","1","TIER_P5"
"EL50819","HU819X","Oil Filter","1","0","1","1","TIER_P5"
"EL58201","HU820/1Y","Oil Filter","1","0","1","1","TIER_P5"
"EL58202","HU820/2X","Oil Filter","1","0","1","1","TIER_P5"
"EL50820","HU820X","Oil Filter","1","0","1","1","TIER_P5"
"EL50821","HU821X","Oil Filter","1","0","1","1","TIER_P5"
"ELHU8224X","HU822/4X","Oil Filter","0","0","0","1","TIER_P5"
"EL58225","HU822/5X","Oil Filter","1","0","1","1","TIER_P5"
"EL58231","HU823/1X","Oil Filter","1","1","0","0","TIER_P3"
"EL50823","HU823X","Oil Filter","1","0","1","1","TIER_P5"
"EL50824","HU824X","Oil Filter","1","0","1","1","TIER_P5"
"EL50825","HU825X","Oil Filter","1","0","1","1","TIER_P5"
"EL50826","HU826X","Oil Filter","1","0","1","1","TIER_P5"
"EL50831","HU831X","Oil Filter","1","0","1","1","TIER_P5"
"ELHU8351X","HU835/1X","Oil Filter","0","0","0","1","TIER_P5"
"EL58351","HU835/1Z","Oil Filter","1","0","1","1","TIER_P5"
"EL50842","HU842X","Oil Filter","1","0","1","1","TIER_P5"
"ELHU8481","HU848/1","Oil Filter","0","0","0","0","TIER_P5"
"EL58481","HU848/1X","Oil Filter","1","0","1","1","TIER_P5"
"EL59001","HU9001X","Oil Filter","1","0","1","1","TIER_P5"
"EL59001","HU9001Y","Oil Filter","1","0","1","1","TIER_P5"
"EL59002","HU9002Z","Oil Filter","1","0","1","1","TIER_P5"
"EL59003","HU9003Z","Oil Filter","1","0","1","1","TIER_P5"
"ELHU9005X","HU9005X","Oil Filter","0","0","0","1","TIER_P5"
"EL59006","HU9006Z","Oil Filter","1","0","1","1","TIER_P5"
"EL59007","HU9007Z","Oil Filter","1","0","1","1","TIER_P5"
"EL59009","HU9009Z","Oil Filter","1","0","1","1","TIER_P5"
"EL59011","HU9011Z","Oil Filter","1","0","1","1","TIER_P5"
"ELHU9012X","HU9012X","Oil Filter","0","0","0","0","TIER_P5"
"ELHU9013Z","HU9013Z","Oil Filter","0","0","0","0","TIER_P5"
"ELHU9021Z","HU9021Z","Oil Filter","0","0","0","0","TIER_P5"
"EL50920","HU920X","Oil Filter","1","0","1","1","TIER_P5"
"EL50921","HU921X","Oil Filter","1","0","1","1","TIER_P5"
"EL50923","HU923X","Oil Filter","1","0","1","1","TIER_P5"
"EL59242","HU924/2X","Oil Filter","1","0","1","1","TIER_P5"
"ELHU9253X","HU925/3X","Oil Filter","0","0","0","1","TIER_P5"
"EL59254","HU925/4X","Oil Filter","1","1","1","1","TIER_P1"
"EL59254","HU925/4Y","Oil Filter","1","0","1","1","TIER_P5"
"ELHU9254YM","HU925/4YM","Oil Filter","0","0","0","0","TIER_P5"
"ELHU9255X","HU925/5X","Oil Filter","0","0","0","0","TIER_P5"
"EL59263","HU926/3X","Oil Filter","1","0","1","1","TIER_P5"
"EL59264","HU926/4X","Oil Filter","1","0","1","1","TIER_P5"
"EL59265","HU926/5X","Oil Filter","1","0","1","1","TIER_P5"
"EL59265","HU926/5Y","Oil Filter","1","0","1","1","TIER_P5"
"EL59265","HU926/5Z","Oil Filter","1","0","1","1","TIER_P5"
"EL59303","HU930/3X","Oil Filter","1","0","1","1","TIER_P5"
"ELHU9304N","HU930/4N","Oil Filter","0","0","0","0","TIER_P5"
"ELHU9304X","HU930/4X","Oil Filter","0","0","0","0","TIER_P5"
"EL59315","HU931/5X","Oil Filter","1","0","1","1","TIER_P5"
"EL59316","HU931/6X","Oil Filter","1","0","1","1","TIER_P5"
"EL59317","HU931/7X","Oil Filter","1","0","1","1","TIER_P5"
"EL50931","HU931X","Oil Filter","1","0","1","1","TIER_P5"
"EL59324","HU932/4N","Oil Filter","1","0","1","1","TIER_P5"
"EL59324","HU932/4X","Oil Filter","1","0","1","1","TIER_P5"
"EL59326","HU932/6N","Oil Filter","1","0","1","1","TIER_P5"
"EL59326","HU932/6X","Oil Filter","0","0","1","1","TIER_P5"
"EL59327","HU932/7X","Oil Filter","1","0","1","1","TIER_P5"
"EL59341","HU934/1X","Oil Filter","1","0","1","1","TIER_P5"
"EL50934","HU934X","Oil Filter","1","0","1","1","TIER_P5"
"EL59381","HU938/1X","Oil Filter","1","0","1","1","TIER_P5"
"ELHU9383X","HU938/3X","Oil Filter","0","0","0","1","TIER_P5"
"EL59384","HU938/4X","Oil Filter","1","0","1","1","TIER_P5"
"EL59421","HU942/1X","Oil Filter","1","0","1","1","TIER_P5"
"EL59452","HU945/2X","Oil Filter","1","0","1","1","TIER_P5"
"EL59453","HU945/3X","Oil Filter","1","0","1","1","TIER_P5"
"EL59471","HU947/1N","Oil Filter","1","0","1","1","TIER_P5"
"EL59471","HU947/1X","Oil Filter","1","0","1","1","TIER_P5"
"EL54712","HU947/1Z-2","Oil Filter","1","0","1","1","TIER_P5"
"EL59472","HU947/2X","Oil Filter","1","0","1","1","TIER_P5"
"ELHU9473N","HU947/3N","Oil Filter","0","0","0","0","TIER_P5"
"ELHU9473X","HU947/3X","Oil Filter","0","0","0","0","TIER_P5"
"EL50951","HU951X","Oil Filter","1","0","1","1","TIER_P5"
"EF50001","PU10001X","Fuel Filter","1","0","1","1","TIER_P5"
"EFPU10002Z","PU10002Z","Fuel Filter","0","0","0","0","TIER_P5"
"EFPU100032X","PU10003/2X","Fuel Filter","0","0","0","0","TIER_P5"
"EF50004","PU10004Z","Fuel Filter","1","0","1","1","TIER_P5"
"EF50005","PU10005X","Fuel Filter","1","0","1","1","TIER_P5"
"EF50006","PU10006X","Fuel Filter","1","0","1","1","TIER_P5"
"EF50007","PU10007","Fuel Filter","0","1","0","0","TIER_P4"
"EF50008","PU10008X","Fuel Filter","1","0","1","1","TIER_P5"
"EF50009","PU10009Z","Fuel Filter","1","0","1","1","TIER_P5"
"EF50010","PU10010Z","Fuel Filter","1","0","1","1","TIER_P5"
"EF50011","PU10011Z","Fuel Filter","1","0","1","1","TIER_P5"
"EF50012","PU10012Z","Fuel Filter","1","0","1","1","TIER_P5"
"EF50012","PU10012ZKIT","Fuel Filter","1","0","1","0","TIER_P5"
"EF50013","PU10013Z","Fuel Filter","1","0","1","1","TIER_P5"
"EFPU10014Z","PU10014Z","Fuel Filter","0","0","0","0","TIER_P5"
"EF50015","PU10015X","Fuel Filter","0","1","0","1","TIER_P4"
"EFPU100162Z","PU10016/2Z","Fuel Filter","0","0","0","0","TIER_P5"
"EF50019","PU10019Z","Fuel Filter","1","0","1","1","TIER_P5"
"EF50020","PU10020X","Fuel Filter","1","0","1","1","TIER_P5"
"EF50021","PU10021Z","Fuel Filter","1","0","1","1","TIER_P5"
"EF50022","PU10022Z","Fuel Filter","1","0","1","1","TIER_P5"
"EF50231","PU10023/1","Fuel Filter","0","0","1","1","TIER_P5"
"EF50231","PU10023/1ZKIT","Fuel Filter","1","1","1","1","TIER_P1"
"EF50023","PU10023ZKIT","Fuel Filter","0","0","1","0","TIER_P5"
"EF50026","PU10026X","Fuel Filter","1","0","1","1","TIER_P5"
"EF50271","PU10027/1Z","Fuel Filter","1","0","1","1","TIER_P5"
"EF50027","PU10027Z","Fuel Filter","0","1","1","1","TIER_P4"
"EF50028","PU10028Z","Fuel Filter","1","0","1","1","TIER_P5"
"EF50029","PU10029Z","Fuel Filter","1","0","1","1","TIER_P5"
"EFPU10031X","PU10031X","Fuel Filter","0","0","0","1","TIER_P5"
"EF50035","PU10035Z","Fuel Filter","1","0","1","1","TIER_P5"
"EFPU100362Z","PU10036/2Z","Fuel Filter","0","0","0","0","TIER_P5"
"EF50036","PU10036X","Fuel Filter","1","0","1","1","TIER_P5"
"EF51018","PU1018X","Fuel Filter","1","0","1","1","TIER_P5"
"EF51021","PU1021X","Fuel Filter","1","0","1","1","TIER_P5"
"EF51033","PU1033X","Fuel Filter","1","0","1","1","TIER_P5"
"EFPU10401X","PU1040/1X","Fuel Filter","0","0","0","0","TIER_P5"
"EF51040","PU1040X","Fuel Filter","1","0","1","1","TIER_P5"
"EFPU1042X","PU1042X","Fuel Filter","0","0","0","1","TIER_P5"
"EF50461","PU1046/1X","Fuel Filter","1","0","1","1","TIER_P5"
"EF51046","PU1046X","Fuel Filter","0","1","0","1","TIER_P4"
"EFPU1048X","PU1048X","Fuel Filter","0","0","0","1","TIER_P5"
"EF50581","PU1058/1X","Fuel Filter","1","0","1","1","TIER_P5"
"EF51058","PU1058X","Fuel Filter","1","0","1","1","TIER_P5"
"EFPU10592X","PU1059/2X","Fuel Filter","0","0","0","1","TIER_P5"
"EFPU10593X","PU1059/3X","Fuel Filter","0","0","0","1","TIER_P5"
"EF51059","PU1059X","Fuel Filter","1","0","1","1","TIER_P5"
"EF51060","PU1060X","Fuel Filter","0","0","1","1","TIER_P5"
"EFPU1090","PU1090","Fuel Filter","0","0","0","0","TIER_P5"
"EF51001","PU11001ZKIT","Fuel Filter","1","0","1","1","TIER_P5"
"EF51002","PU11002ZKIT","Fuel Filter","1","0","1","1","TIER_P5"
"EFPU110053Z","PU11005/3Z","Fuel Filter","0","0","0","0","TIER_P5"
"EFPU11006Z","PU11006Z","Fuel Filter","1","1","0","1","TIER_P3"
"EF51009","PU11009Z","Fuel Filter","1","0","1","1","TIER_P5"
"EF51010","PU11010X","Fuel Filter","1","0","1","1","TIER_P5"
"EFPU11012Z","PU11012Z","Fuel Filter","0","0","0","0","TIER_P5"
"EFPU120012Z","PU12001/2Z","Fuel Filter","0","0","0","0","TIER_P5"
"EFPU120022Z","PU12002/2Z","Fuel Filter","0","0","0","0","TIER_P5"
"EF50031","PU12003/1Z","Fuel Filter","1","0","1","1","TIER_P5"
"EF52003","PU12003Z","Fuel Filter","0","1","1","1","TIER_P4"
"EF52004","PU12004Z","Fuel Filter","1","0","1","1","TIER_P5"
"EF52005","PU12005Z","Fuel Filter","1","0","1","1","TIER_P5"
"EF52007","PU12007Z","Fuel Filter","1","1","1","1","TIER_P1"
"EFPU120102Z","PU12010/2Z","Fuel Filter","0","0","0","0","TIER_P5"
"EFPU12011Z","PU12011Z","Fuel Filter","0","0","0","0","TIER_P5"
"EFPU12012Z","PU12012Z","Fuel Filter","0","0","0","1","TIER_P5"
"EFPU120132Z","PU12013/2Z","Fuel Filter","0","0","0","0","TIER_P5"
"EFPU12021X","PU12021X","Fuel Filter","0","0","0","0","TIER_P5"
"EF52024","PU12024Z","Fuel Filter","1","0","1","0","TIER_P5"
"EFPU120302Z","PU12030/2Z","Fuel Filter","0","0","0","0","TIER_P5"
"EF53002","PU13002X","Fuel Filter","0","0","1","1","TIER_P5"
"EF53005","PU13005Z","Fuel Filter","0","0","1","1","TIER_P5"
"EFPU13006Z","PU13006Z","Fuel Filter","0","0","0","0","TIER_P5"
"EF53007","PU13007Z","Fuel Filter","0","0","1","1","TIER_P5"
"EF52001","PU2001","Fuel Filter","1","0","1","1","TIER_P5"
"EF50219","PU219","Fuel Filter","1","0","1","1","TIER_P5"
"EF50301","PU30/1X","Fuel Filter","1","1","1","1","TIER_P1"
"EF50030","PU30X","Fuel Filter","0","1","1","1","TIER_P4"
"EF55002","PU5002Z","Fuel Filter","1","0","0","1","TIER_P5"
"EF55003","PU5003Z","Fuel Filter","1","1","1","1","TIER_P1"
"EF55005","PU5005","Fuel Filter","1","0","1","1","TIER_P5"
"EF50050","PU50X","Fuel Filter","1","0","1","1","TIER_P5"
"EF50050","PU50Z","Fuel Filter","1","0","1","1","TIER_P5"
"EF50051","PU51X","Fuel Filter","1","0","1","1","TIER_P5"
"EF50051","PU51Z","Fuel Filter","1","0","1","1","TIER_P5"
"EF50053","PU53","Fuel Filter","1","0","1","1","TIER_P5"
"EF56006","PU6006","Fuel Filter","0","0","1","0","TIER_P5"
"EFPU60082","PU6008/2","Fuel Filter","0","0","0","0","TIER_P5"
"EF57002","PU7002X","Fuel Filter","1","0","1","1","TIER_P5"
"EF57004","PU7004Z","Fuel Filter","1","0","1","1","TIER_P5"
"EF57005","PU7005","Fuel Filter","0","1","1","1","TIER_P4"
"EF50051","PU7005/1","Fuel Filter","1","0","1","1","TIER_P5"
"EF57006","PU7006","Fuel Filter","1","0","1","1","TIER_P5"
"EF57007","PU7007Z","Fuel Filter","1","0","1","1","TIER_P5"
"EF57008","PU7008ZKIT","Fuel Filter","1","0","1","1","TIER_P5"
"EFPU7009Z","PU7009Z","Fuel Filter","1","1","0","1","TIER_P3"
"EF57010","PU7010Z","Fuel Filter","1","0","1","1","TIER_P5"
"EF57011","PU7011Z","Fuel Filter","1","0","1","1","TIER_P5"
"EF57012","PU7012Z","Fuel Filter","1","0","1","1","TIER_P5"
"EF57013","PU7013KIT","Fuel Filter","1","0","1","1","TIER_P5"
"EF57014","PU7014Z","Fuel Filter","1","0","1","1","TIER_P5"
"EF57015","PU7015","Fuel Filter","1","0","1","1","TIER_P5"
"EFPU70162","PU7016/2","Fuel Filter","0","0","0","0","TIER_P5"
"EF57017","PU7017Z","Fuel Filter","1","0","1","1","TIER_P5"
"EF57018","PU7018","Fuel Filter","1","0","1","1","TIER_P5"
"EF57019","PU7019","Fuel Filter","1","0","1","1","TIER_P5"
"EF57021","PU7021Z","Fuel Filter","1","0","1","1","TIER_P5"
"EFPU7022Z","PU7022Z","Fuel Filter","0","0","0","0","TIER_P5"
"EF57023","PU7023Z","Fuel Filter","1","0","1","1","TIER_P5"
"EFPU7221X","PU722/1X","Fuel Filter","0","0","0","0","TIER_P5"
"EF50723","PU723X","Fuel Filter","1","0","1","1","TIER_P5"
"EF50731","PU731X","Fuel Filter","1","0","1","1","TIER_P5"
"EF50742","PU742","Fuel Filter","1","0","1","1","TIER_P5"
"EFPU8006","PU8006","Fuel Filter","0","1","0","0","TIER_P4"
"EF58007","PU8007","Fuel Filter","1","0","1","1","TIER_P5"
"EF58008","PU8008","Fuel Filter","0","1","1","1","TIER_P4"
"EF50081","PU8008/1","Fuel Filter","1","0","1","1","TIER_P5"
"EFPU801012X","PU8010/1/2X","Fuel Filter","0","0","0","0","TIER_P5"
"EFPU80102X","PU8010/2X","Fuel Filter","0","0","0","0","TIER_P5"
"EF58013","PU8013Z","Fuel Filter","1","0","1","1","TIER_P5"
"EF58014","PU8014","Fuel Filter","1","0","1","1","TIER_P5"
"EF58015","PU8015","Fuel Filter","1","0","1","1","TIER_P5"
"EF58018","PU8018","Fuel Filter","1","0","1","1","TIER_P5"
"EF58019","PU8019","Fuel Filter","0","1","0","0","TIER_P4"
"EF50201","PU8020/1X","Fuel Filter","0","0","1","1","TIER_P5"
"EF58021","PU8021","Fuel Filter","0","1","1","1","TIER_P4"
"EF58027","PU8027","Fuel Filter","0","1","1","0","TIER_P4"
"EF58028","PU8028","Fuel Filter","1","0","1","1","TIER_P5"
"EF58031","PU8031X","Fuel Filter","0","0","1","1","TIER_P5"
"EFPU8034Z","PU8034Z","Fuel Filter","0","0","0","0","TIER_P5"
"EF58041","PU8041Z","Fuel Filter","1","0","1","1","TIER_P5"
"EF58046","PU8046Z","Fuel Filter","1","0","1","1","TIER_P5"
"EF58047","PU8047Z","Fuel Filter","1","0","1","1","TIER_P5"
"EF58051","PU8051Z","Fuel Filter","1","0","1","1","TIER_P5"
"EFPU8055Z","PU8055Z","Fuel Filter","0","0","0","1","TIER_P5"
"EFPU810X","PU810X","Fuel Filter","0","0","0","0","TIER_P5"
"EF50815","PU815X","Fuel Filter","1","0","1","1","TIER_P5"
"EF50816","PU816X","Fuel Filter","1","0","1","1","TIER_P5"
"EF58193","PU819/3X","Fuel Filter","1","0","1","1","TIER_P5"
"EF50820","PU820X","Fuel Filter","1","0","1","1","TIER_P5"
"EF58212","PU821X-2","Fuel Filter","1","0","1","1","TIER_P5"
"EF50822","PU822X","Fuel Filter","1","0","1","1","TIER_P5"
"EF50823","PU823X","Fuel Filter","1","0","1","1","TIER_P5"
"EF50825","PU825X","Fuel Filter","1","0","1","1","TIER_P5"
"EF50830","PU830X","Fuel Filter","1","0","1","1","TIER_P5"
"EF50831","PU831X","Fuel Filter","1","0","1","1","TIER_P5"
"EF58341","PU834/1X","Fuel Filter","0","0","1","1","TIER_P5"
"EF58342","PU834/2X","Fuel Filter","0","1","1","1","TIER_P4"
"EF58343","PU834/3X","Fuel Filter","1","1","1","1","TIER_P1"
"EF58351","PU835/1X","Fuel Filter","1","0","1","0","TIER_P5"
"EF50835","PU835X","Fuel Filter","0","1","0","1","TIER_P4"
"EF50839","PU839X","Fuel Filter","1","0","1","1","TIER_P5"
"EF50084","PU84","Fuel Filter","1","0","1","1","TIER_P5"
"EF50840","PU840X","Fuel Filter","1","0","1","1","TIER_P5"
"EF50085","PU85","Fuel Filter","1","0","1","1","TIER_P5"
"EF50850","PU850X","Fuel Filter","1","0","1","1","TIER_P5"
"EF50855","PU855X","Fuel Filter","1","0","1","1","TIER_P5"
"EF50088","PU88","Fuel Filter","1","0","1","1","TIER_P5"
"EF50089","PU89","Fuel Filter","1","0","1","1","TIER_P5"
"EF50011","PU9001/1X","Fuel Filter","1","0","1","1","TIER_P5"
"EF59001","PU9001X","Fuel Filter","0","1","1","1","TIER_P4"
"EF50021","PU9002/1Z","Fuel Filter","1","0","1","1","TIER_P5"
"EF59002","PU9002X","Fuel Filter","0","1","0","1","TIER_P4"
"EF59003","PU9003Z","Fuel Filter","1","0","1","1","TIER_P5"
"EF59004","PU9004","Fuel Filter","0","1","0","0","TIER_P4"
"EF59005","PU9005Z","Fuel Filter","0","0","1","1","TIER_P5"
"EF59006","PU9006X","Fuel Filter","1","0","1","1","TIER_P5"
"EFPU9008Z","PU9008Z","Fuel Filter","0","0","0","0","TIER_P5"
"EF59009","PU9009ZKIT","Fuel Filter","1","0","1","1","TIER_P5"
"EFPU9010Z","PU9010Z","Fuel Filter","0","0","0","0","TIER_P5"
"EF59011","PU9011ZKIT","Fuel Filter","1","0","1","1","TIER_P5"
"EF50121","PU9012/1Z","Fuel Filter","1","0","1","1","TIER_P5"
"EF59012","PU9012Z","Fuel Filter","0","1","1","1","TIER_P4"
"EF59014","PU9014","Fuel Filter","1","0","1","1","TIER_P5"
"EFPU9014Z","PU9014Z","Fuel Filter","0","0","0","0","TIER_P5"
"EF59015","PU9015Z","Fuel Filter","1","0","1","1","TIER_P5"
"EFPU9016Z","PU9016Z","Fuel Filter","0","0","0","0","TIER_P5"
"EFPU9017X","PU9017X","Fuel Filter","0","0","0","0","TIER_P5"
"EFPU9019X","PU9019X","Fuel Filter","0","0","0","1","TIER_P5"
"EFPU9022X","PU9022X","Fuel Filter","0","0","0","1","TIER_P5"
"EF59023","PU9023Z","Fuel Filter","1","0","1","1","TIER_P5"
"EF59025","PU9025","Fuel Filter","1","0","1","1","TIER_P5"
"EFPU9025Z","PU9025Z","Fuel Filter","0","0","0","0","TIER_P5"
"EF59027","PU9027Z","Fuel Filter","1","0","1","1","TIER_P5"
"EF59031","PU9031Z","Fuel Filter","0","0","1","0","TIER_P5"
"EF59032","PU9032Z","Fuel Filter","0","0","1","0","TIER_P5"
"EFPU9033Z","PU9033Z","Fuel Filter","0","0","0","0","TIER_P5"
"EFPU90341Z","PU9034/1Z","Fuel Filter","0","0","0","0","TIER_P5"
"EF59036","PU9036Z","Fuel Filter","0","0","1","0","TIER_P5"
"EF59037","PU9037Z","Fuel Filter","0","0","1","0","TIER_P5"
"EFPU90382Z","PU9038/2Z","Fuel Filter","0","0","0","0","TIER_P5"
"EFPU90392Z","PU9039/2Z","Fuel Filter","0","0","0","0","TIER_P5"
"EF59040","PU9040Z","Fuel Filter","1","0","1","1","TIER_P5"
"EFPU9041Z","PU9041Z","Fuel Filter","1","0","0","1","TIER_P5"
"EF50910","PU910","Fuel Filter","1","0","1","0","TIER_P5"
"EFPU9105","PU9105","Fuel Filter","0","0","0","0","TIER_P5"
"EF50911","PU911","Fuel Filter","1","0","1","1","TIER_P5"
"EF50922","PU922X","Fuel Filter","1","0","1","1","TIER_P5"
"EF50927","PU927X","Fuel Filter","1","0","1","1","TIER_P5"
"EF50932","PU932X","Fuel Filter","0","1","0","1","TIER_P4"
"EF50935","PU935X","Fuel Filter","0","0","1","1","TIER_P5"
"EF59361","PU936/1X","Fuel Filter","1","1","1","1","TIER_P1"
"EF59362","PU936/2X","Fuel Filter","0","1","1","1","TIER_P4"
"EF59363","PU936/3X","Fuel Filter","1","0","1","1","TIER_P5"
"EF59364","PU936/4X","Fuel Filter","1","0","1","1","TIER_P5"
"EF50936","PU936X","Fuel Filter","0","0","1","1","TIER_P5"
"EF50937","PU937X","Fuel Filter","1","0","1","1","TIER_P5"
"EF59411","PU941/1X","Fuel Filter","1","0","1","1","TIER_P5"
"EF50941","PU941X","Fuel Filter","1","0","1","1","TIER_P5"
"EF59661","PU966/1","Fuel Filter","0","1","0","0","TIER_P4"
"EF59661","PU966/1X","Fuel Filter","1","0","1","1","TIER_P5"
"EF59662","PU966/2X","Fuel Filter","1","0","1","1","TIER_P5"
"EF50966","PU966X","Fuel Filter","0","1","0","1","TIER_P4"
"EF59991","PU999/1X","Fuel Filter","1","0","1","1","TIER_P5"
"EF59992","PU999/2X","Fuel Filter","1","0","1","1","TIER_P5"
"EFPU9993","PU999/3","Fuel Filter","0","0","0","0","TIER_P5"
"EF50999","PU999X","Fuel Filter","0","1","0","1","TIER_P4"
"EASP10344","SP1034/4","Air Filter","0","0","0","0","TIER_P5"
"EASP10354","SP1035/4","Air Filter","0","0","0","0","TIER_P5"
"EASP10364","SP1036/4","Air Filter","0","0","0","0","TIER_P5"
"EASP10374","SP1037/4","Air Filter","0","0","0","0","TIER_P5"
"EASP10384","SP1038/4","Air Filter","0","0","0","0","TIER_P5"
"EASP10592","SP1059/2","Air Filter","0","0","0","0","TIER_P5"
"EASP13684","SP1368/4","Air Filter","0","0","0","0","TIER_P5"
"EASP13762","SP1376/2","Air Filter","0","0","0","0","TIER_P5"
"EASP1666","SP1666","Air Filter","0","0","0","0","TIER_P5"
"EASP1888","SP1888","Air Filter","0","0","0","0","TIER_P5"
"EASP20352","SP2035/2","Air Filter","0","0","0","0","TIER_P5"
"EASP20362","SP2036/2","Air Filter","0","0","0","0","TIER_P5"
"EASP20372","SP2037/2","Air Filter","0","0","0","0","TIER_P5"
"EASP20382","SP2038/2","Air Filter","0","0","0","0","TIER_P5"
"EASP20392","SP2039/2","Air Filter","0","0","0","0","TIER_P5"
"EASP20402","SP2040/2","Air Filter","0","0","0","0","TIER_P5"
"EASP20412X","SP2041/2X","Air Filter","0","0","0","0","TIER_P5"
"EASP20422","SP2042/2","Air Filter","0","0","0","0","TIER_P5"
"EASP20432","SP2043/2","Air Filter","0","0","0","0","TIER_P5"
"EASP20462","SP2046/2","Air Filter","0","0","0","0","TIER_P5"
"EA52050","SP2050","Air Filter","1","0","1","1","TIER_P5"
"EASP20532","SP2053/2","Air Filter","0","0","0","0","TIER_P5"
"EASP20812","SP2081/2","Air Filter","0","0","0","0","TIER_P5"
"EASP20815","SP2081/5","Air Filter","0","0","0","0","TIER_P5"
"EASP20828","SP2082/8","Air Filter","0","0","0","0","TIER_P5"
"EASP20838","SP2083/8","Air Filter","0","0","0","0","TIER_P5"
"EASP20848","SP2084/8","Air Filter","0","0","0","0","TIER_P5"
"EASP208511","SP2085/11","Air Filter","0","0","0","0","TIER_P5"
"EASP208611","SP2086/11","Air Filter","0","0","0","0","TIER_P5"
"EASP208710","SP2087/10","Air Filter","0","0","0","0","TIER_P5"
"EASP20886","SP2088/6","Air Filter","0","0","0","0","TIER_P5"
"EASP20898","SP2089/8","Air Filter","0","0","0","0","TIER_P5"
"EASP209112","SP2091/12","Air Filter","0","0","0","0","TIER_P5"
"EASP209310","SP2093/10","Air Filter","0","0","0","0","TIER_P5"
"EASP20952","SP2095/2","Air Filter","0","0","0","0","TIER_P5"
"EASP20962","SP2096/2","Air Filter","0","0","0","0","TIER_P5"
"EASP20972","SP2097/2","Air Filter","0","0","0","0","TIER_P5"
"EASP21002","SP2100/2","Air Filter","0","0","0","0","TIER_P5"
"EASP21025","SP2102/5","Air Filter","0","0","0","0","TIER_P5"
"EASP21045","SP2104/5","Air Filter","0","0","0","0","TIER_P5"
"EASP21091","SP2109/1","Air Filter","0","0","0","0","TIER_P5"
"EASP21121","SP2112/1","Air Filter","0","0","0","0","TIER_P5"
"EASP2312","SP231/2","Air Filter","0","0","0","0","TIER_P5"
"EA52347","SP2347","Air Filter","0","0","1","1","TIER_P5"
"EASP2446","SP2446","Air Filter","0","0","0","0","TIER_P5"
"EASP25422","SP2542/2","Air Filter","0","0","0","0","TIER_P5"
"EA52747","SP2747","Air Filter","0","0","1","1","TIER_P5"
"EASP27472","SP2747/2","Air Filter","0","0","0","0","TIER_P5"
"EA52841","SP2841","Air Filter","0","0","1","1","TIER_P5"
"EASP28412","SP2841/2","Air Filter","0","0","0","0","TIER_P5"
"EASP2841AZ","SP2841AZ","Air Filter","0","0","0","0","TIER_P5"
"EASP2846","SP2846","Air Filter","0","0","0","0","TIER_P5"
"EASP28532","SP2853/2","Air Filter","0","0","0","0","TIER_P5"
"EASP30082X","SP3008/2X","Air Filter","0","0","0","0","TIER_P5"
"EASP30092","SP3009/2","Air Filter","0","0","0","0","TIER_P5"
"EASP30142","SP3014/2","Air Filter","0","0","0","0","TIER_P5"
"EASP30192","SP3019/2","Air Filter","0","0","0","0","TIER_P5"
"EASP30202","SP3020/2","Air Filter","0","0","0","0","TIER_P5"
"EASP30212","SP3021/2","Air Filter","0","0","0","0","TIER_P5"
"EASP30222","SP3022/2","Air Filter","0","0","0","0","TIER_P5"
"EASP30252X","SP3025/2X","Air Filter","0","0","0","0","TIER_P5"
"EASP30443X","SP3044/3X","Air Filter","0","0","0","0","TIER_P5"
"EASP30452X","SP3045/2X","Air Filter","0","0","0","0","TIER_P5"
"EASP30581","SP3058/1","Air Filter","0","0","0","0","TIER_P5"
"EASP30601","SP3060/1","Air Filter","0","0","0","0","TIER_P5"
"EASP306110","SP3061/10","Air Filter","0","0","0","0","TIER_P5"
"EASP30621","SP3062/1","Air Filter","0","0","0","0","TIER_P5"
"EASP30641","SP3064/1","Air Filter","0","0","0","0","TIER_P5"
"EASP307110","SP3071/10","Air Filter","0","0","0","0","TIER_P5"
"EASP5051X","SP505/1X","Air Filter","0","0","0","0","TIER_P5"
"EL50004","W10004","Oil Filter","1","0","1","1","TIER_P5"
"EL50005","W10005","Oil Filter","1","0","1","1","TIER_P5"
"EL50007","W10007","Oil Filter","1","0","1","1","TIER_P5"
"EL50008","W10008","Oil Filter","1","0","1","1","TIER_P5"
"EL50009","W10009","Oil Filter","1","0","1","1","TIER_P5"
"EL50010","W10010","Oil Filter","1","0","1","1","TIER_P5"
"EL50014","W10014","Oil Filter","1","0","1","1","TIER_P5"
"EL50015","W10015","Oil Filter","1","0","1","1","TIER_P5"
"EL50016","W10016","Oil Filter","1","0","1","1","TIER_P5"
"EL50020","W10020","Oil Filter","1","0","1","1","TIER_P5"
"EL50050","W10050","Oil Filter","1","0","1","1","TIER_P5"
"EL51019","W1019","Oil Filter","1","0","1","1","TIER_P5"
"EL51020","W1020","Oil Filter","0","0","1","1","TIER_P5"
"EL50205","W10205","Oil Filter","1","0","1","1","TIER_P5"
"EL51022","W1022","Oil Filter","1","0","1","1","TIER_P5"
"EL50221","W1022/1","Oil Filter","1","0","1","1","TIER_P5"
"ELW1032","W1032","Oil Filter","0","0","0","0","TIER_P5"
"EL51035","W1035","Oil Filter","1","0","1","1","TIER_P5"
"ELW1070","W1070","Oil Filter","0","0","0","0","TIER_P5"
"EL50703","W10703","Oil Filter","1","0","1","1","TIER_P5"
"ELW1071","W1071","Oil Filter","0","0","0","0","TIER_P5"
"ELW110003","W11000/3","Oil Filter","0","0","0","0","TIER_P5"
"EL51006","W11006","Oil Filter","0","0","1","1","TIER_P5"
"EL51007","W11007","Oil Filter","1","0","1","1","TIER_P5"
"EL51008","W11008","Oil Filter","1","1","1","1","TIER_P1"
"EL51011","W11011","Oil Filter","1","0","1","1","TIER_P5"
"ELW11012","W11012","Oil Filter","0","0","0","0","TIER_P5"
"ELW11015","W11015","Oil Filter","0","0","0","1","TIER_P5"
"ELW11018","W11018","Oil Filter","0","0","0","0","TIER_P5"
"EL51020","W11020","Oil Filter","1","1","1","1","TIER_P1"
"EL50201","W11020/1","Oil Filter","1","0","1","1","TIER_P5"
"EL51022","W11022","Oil Filter","1","0","1","1","TIER_P5"
"EL51023","W11023","Oil Filter","1","0","1","1","TIER_P5"
"EL51024","W11024","Oil Filter","1","0","1","1","TIER_P5"
"EL51025","W11025","Oil Filter","1","1","1","1","TIER_P1"
"EL51027","W11027","Oil Filter","1","0","1","1","TIER_P5"
"EL51028","W11028","Oil Filter","1","0","1","1","TIER_P5"
"EL51032","W11032","Oil Filter","1","0","1","1","TIER_P5"
"EL51033","W11033","Oil Filter","1","0","1","1","TIER_P5"
"EL51034","W11034","Oil Filter","1","0","1","1","TIER_P5"
"EL51035","W11035","Oil Filter","1","0","1","1","TIER_P5"
"ELW11052","W11052","Oil Filter","0","0","0","0","TIER_P5"
"ELW11053","W11053","Oil Filter","0","0","0","0","TIER_P5"
"ELW11056","W11056","Oil Filter","0","0","0","0","TIER_P5"
"ELW1110","W1110","Oil Filter","0","0","0","1","TIER_P5"
"EL51102","W11102","Oil Filter","1","1","1","1","TIER_P1"
"EL51021","W11102/1","Oil Filter","1","0","1","1","TIER_P5"
"EL50210","W11102/10","Oil Filter","1","0","1","1","TIER_P5"
"EL50211","W11102/11","Oil Filter","1","1","1","1","TIER_P1"
"EL50212","W11102/12","Oil Filter","1","1","1","1","TIER_P1"
"EL50214","W11102/14","Oil Filter","1","1","1","1","TIER_P1"
"EL50215","W11102/15","Oil Filter","1","0","1","1","TIER_P5"
"EL50216","W11102/16","Oil Filter","0","1","1","1","TIER_P4"
"EL52168","W11102/16(8)","Oil Filter","1","0","1","1","TIER_P5"
"EL50217","W11102/17","Oil Filter","1","1","1","1","TIER_P1"
"EL51022","W11102/2","Oil Filter","1","1","1","1","TIER_P1"
"EL50220","W11102/20","Oil Filter","1","1","1","1","TIER_P1"
"EL50222","W11102/22","Oil Filter","1","1","1","1","TIER_P1"
"EL50224","W11102/24","Oil Filter","1","1","1","1","TIER_P1"
"EL50227","W11102/27","Oil Filter","0","1","1","1","TIER_P4"
"EL50228","W11102/28","Oil Filter","1","1","1","1","TIER_P1"
"EL50232","W11102/32","Oil Filter","0","0","1","0","TIER_P5"
"EL50233","W11102/33","Oil Filter","1","1","1","1","TIER_P1"
"EL50234","W11102/34","Oil Filter","1","1","1","1","TIER_P1"
"EL50235","W11102/35","Oil Filter","1","1","1","1","TIER_P1"
"EL50236","W11102/36","Oil Filter","1","1","1","1","TIER_P1"
"EL50237","W11102/37","Oil Filter","1","1","1","1","TIER_P1"
"EL51024","W11102/4","Oil Filter","0","0","1","1","TIER_P5"
"EL50240","W11102/40","Oil Filter","1","1","1","1","TIER_P1"
"EL50243","W11102/43","Oil Filter","1","1","1","1","TIER_P1"
"ELW1110245","W11102/45","Oil Filter","1","0","0","1","TIER_P5"
"EL50248","W11102/48","Oil Filter","1","1","1","1","TIER_P1"
"EL50250","W11102/50","Oil Filter","1","0","1","1","TIER_P5"
"EL51027","W11102/7","Oil Filter","1","0","1","1","TIER_P5"
"EL51106","W11106","Oil Filter","1","0","1","1","TIER_P5"
"EL51480","W1114/80","Oil Filter","1","0","1","1","TIER_P5"
"EL51143","W11143","Oil Filter","0","1","1","1","TIER_P4"
"EL51168","W11168","Oil Filter","0","0","1","1","TIER_P5"
"EL51181","W11181","Oil Filter","0","0","1","1","TIER_P5"
"EL51120","W1120","Oil Filter","0","1","0","0","TIER_P4"
"EL51201","W11201","Oil Filter","1","0","1","1","TIER_P5"
"EL51126","W1126","Oil Filter","1","1","1","1","TIER_P1"
"EL51261","W1126/1","Oil Filter","1","1","1","1","TIER_P1"
"EL52610","W1126/10","Oil Filter","1","1","1","1","TIER_P1"
"EL52611","W1126/11","Oil Filter","0","0","1","1","TIER_P5"
"EL51262","W1126/2","Oil Filter","1","1","1","1","TIER_P1"
"EL51264","W1126/4","Oil Filter","0","1","1","1","TIER_P4"
"EL51265","W1126/5","Oil Filter","1","1","1","1","TIER_P1"
"EL51127","W1127","Oil Filter","1","1","0","0","TIER_P3"
"EL51128","W1128","Oil Filter","0","0","1","1","TIER_P5"
"EL51130","W1130","Oil Filter","1","1","1","1","TIER_P1"
"EL51301","W1130/1","Oil Filter","1","0","1","1","TIER_P5"
"EL51302","W1130/2","Oil Filter","1","0","1","1","TIER_P5"
"EL51303","W1130/3","Oil Filter","1","0","1","1","TIER_P5"
"EL51135","W1135","Oil Filter","1","0","1","1","TIER_P5"
"EL51140","W1140","Oil Filter","1","1","1","1","TIER_P1"
"EL51401","W1140/1","Oil Filter","1","0","1","1","TIER_P5"
"EL54011","W1140/11","Oil Filter","1","0","1","1","TIER_P5"
"EL54018","W1140/18","Oil Filter","1","0","1","1","TIER_P5"
"EL51402","W1140/2","Oil Filter","1","1","1","1","TIER_P1"
"EL54022","W1140/22","Oil Filter","1","1","1","1","TIER_P1"
"EL51405","W1140/5","Oil Filter","1","1","1","1","TIER_P1"
"EL54053","W1140/5/3","Oil Filter","1","1","1","1","TIER_P1"
"EL51408","W1140/8","Oil Filter","1","1","1","1","TIER_P1"
"EL51144","W1144","Oil Filter","0","0","1","0","TIER_P5"
"EL54580","W1145/80","Oil Filter","1","0","1","1","TIER_P5"
"ELW115010","W1150/10","Oil Filter","0","0","0","0","TIER_P5"
"ELW115011","W1150/11","Oil Filter","0","0","0","0","TIER_P5"
"EL51502","W1150/2","Oil Filter","1","1","1","1","TIER_P1"
"ELW11503","W1150/3","Oil Filter","0","0","0","1","TIER_P5"
"EL51504","W1150/4","Oil Filter","0","0","1","1","TIER_P5"
"EL51505","W1150/5","Oil Filter","0","0","1","1","TIER_P5"
"EL51507","W1150/7","Oil Filter","1","0","1","1","TIER_P5"
"ELW11509","W1150/9","Oil Filter","1","0","0","1","TIER_P5"
"EL55091","W1150/91","Oil Filter","1","1","1","1","TIER_P1"
"EL51152","W1152","Oil Filter","0","1","1","1","TIER_P4"
"EL51521","W1152/1","Oil Filter","1","0","1","1","TIER_P5"
"ELW1153","W1153","Oil Filter","0","0","0","0","TIER_P5"
"EL51160","W1160","Oil Filter","1","1","1","1","TIER_P1"
"EL51602","W1160/2","Oil Filter","1","1","1","1","TIER_P1"
"EL51603","W1160/3","Oil Filter","0","1","1","1","TIER_P4"
"EL51604","W1160/4","Oil Filter","0","1","1","1","TIER_P4"
"EL51605","W1160/5","Oil Filter","1","1","1","1","TIER_P1"
"EL51606","W1160/6","Oil Filter","1","0","1","1","TIER_P5"
"ELW11601","W11601","Oil Filter","0","0","0","0","TIER_P5"
"ELW1162","W1162","Oil Filter","0","0","0","0","TIER_P5"
"EL51168","W1168","Oil Filter","1","1","1","1","TIER_P1"
"EL51681","W1168/1","Oil Filter","1","0","1","1","TIER_P5"
"EL51683","W1168/3","Oil Filter","1","1","1","1","TIER_P1"
"EL51684","W1168/4","Oil Filter","0","0","1","1","TIER_P5"
"EL51685","W1168/5","Oil Filter","1","0","1","1","TIER_P5"
"EL51686","W1168/6","Oil Filter","1","0","1","1","TIER_P5"
"EL51687","W1168/7","Oil Filter","0","0","1","1","TIER_P5"
"EL51170","W1170","Oil Filter","1","1","1","1","TIER_P1"
"EL51701","W1170/1","Oil Filter","1","1","1","1","TIER_P1"
"EL57013","W1170/13","Oil Filter","1","0","1","1","TIER_P5"
"EL57015","W1170/15","Oil Filter","1","1","1","1","TIER_P1"
"ELW117016","W1170/16","Oil Filter","1","1","0","1","TIER_P3"
"EL51702","W1170/2","Oil Filter","1","1","1","1","TIER_P1"
"EL51705","W1170/5","Oil Filter","1","0","1","1","TIER_P5"
"EL51707","W1170/7","Oil Filter","1","0","1","1","TIER_P5"
"ELW11708","W1170/8","Oil Filter","1","1","0","1","TIER_P3"
"EL51709","W1170/9","Oil Filter","1","1","1","1","TIER_P1"
"EL51184","W1184","Oil Filter","0","1","0","1","TIER_P4"
"ELW12001","W12001","Oil Filter","0","0","0","0","TIER_P5"
"ELW12002","W12002","Oil Filter","0","0","0","0","TIER_P5"
"EL52003","W12003","Oil Filter","1","0","1","1","TIER_P5"
"ELW12008Z","W12008Z","Oil Filter","1","0","0","0","TIER_P5"
"EL52010","W12010","Oil Filter","1","0","1","1","TIER_P5"
"EL52011","W12011","Oil Filter","1","0","1","1","TIER_P5"
"EL52012","W12012","Oil Filter","0","0","1","1","TIER_P5"
"ELW12013","W12013","Oil Filter","0","0","0","1","TIER_P5"
"EL52102","W12102","Oil Filter","1","0","1","1","TIER_P5"
"EL52104","W12104","Oil Filter","0","0","1","1","TIER_P5"
"EL52106","W12106","Oil Filter","0","1","0","1","TIER_P4"
"EL52110","W12110","Oil Filter","0","0","1","1","TIER_P5"
"EL52120","W12120","Oil Filter","0","0","1","1","TIER_P5"
"EL52205","W12205","Oil Filter","1","0","1","1","TIER_P5"
"EL52051","W12205/1","Oil Filter","0","0","1","1","TIER_P5"
"EL52052","W12205/2","Oil Filter","0","1","0","1","TIER_P4"
"EL51223","W1223","Oil Filter","1","0","1","1","TIER_P5"
"EL52250","W12250","Oil Filter","0","0","1","1","TIER_P5"
"EL51226","W1226","Oil Filter","1","0","1","1","TIER_P5"
"EL51228","W1228","Oil Filter","1","0","1","1","TIER_P5"
"EL52371","W1237/1X","Oil Filter","1","1","0","0","TIER_P3"
"EL51237","W1237X","Oil Filter","0","0","1","1","TIER_P5"
"EL52453","W1245/3X","Oil Filter","1","0","1","1","TIER_P5"
"EL52542","W1254/2X","Oil Filter","1","0","1","1","TIER_P5"
"EL51254","W1254X","Oil Filter","1","0","1","1","TIER_P5"
"EL52602","W12602","Oil Filter","1","1","0","0","TIER_P3"
"EL51265","W1265","Oil Filter","0","0","1","1","TIER_P5"
"EL51268","W1268","Oil Filter","1","0","1","1","TIER_P5"
"EL52681","W1268/1","Oil Filter","1","0","1","1","TIER_P5"
"EL51269","W1269","Oil Filter","1","0","1","1","TIER_P5"
"EL51294","W1294","Oil Filter","1","0","1","1","TIER_P5"
"EL52941","W1294/1","Oil Filter","1","1","1","1","TIER_P1"
"EL53001","W13001","Oil Filter","1","0","1","1","TIER_P5"
"EL53004","W13004","Oil Filter","1","1","1","1","TIER_P1"
"EL53006","W13006","Oil Filter","1","0","1","1","TIER_P5"
"EL53009","W13009","Oil Filter","1","0","1","1","TIER_P5"
"EL53010","W13010","Oil Filter","1","0","1","1","TIER_P5"
"EL53011","W13011X","Oil Filter","1","0","1","1","TIER_P5"
"EL50116","W13011X(6)","Oil Filter","0","0","1","0","TIER_P5"
"EL53012","W13012","Oil Filter","1","0","1","1","TIER_P5"
"EL53015","W13015","Oil Filter","1","0","1","1","TIER_P5"
"EL53016","W13016","Oil Filter","1","0","1","1","TIER_P5"
"EL53017","W13017","Oil Filter","1","0","1","1","TIER_P5"
"EL53018","W13018","Oil Filter","1","0","1","1","TIER_P5"
"EL53100","W13100","Oil Filter","0","0","1","1","TIER_P5"
"EL53110","W13110","Oil Filter","1","0","1","1","TIER_P5"
"EL53118","W13118","Oil Filter","0","0","1","1","TIER_P5"
"ELW13120","W13120","Oil Filter","0","0","0","1","TIER_P5"
"EL51202","W13120/2","Oil Filter","1","0","1","1","TIER_P5"
"EL51203","W13120/3","Oil Filter","1","0","1","1","TIER_P5"
"ELW131204","W13120/4","Oil Filter","0","0","0","1","TIER_P5"
"EL53145","W13145","Oil Filter","0","0","1","1","TIER_P5"
"EL51451","W13145/1","Oil Filter","1","0","1","1","TIER_P5"
"ELW1314511","W13145/11","Oil Filter","1","0","0","1","TIER_P5"
"EL51453","W13145/3","Oil Filter","1","0","1","1","TIER_P5"
"EL51456","W13145/6","Oil Filter","1","0","1","1","TIER_P5"
"EL51459","W13145/9","Oil Filter","0","1","0","1","TIER_P4"
"EL51501","W13150/1","Oil Filter","0","0","1","1","TIER_P5"
"ELW13151","W13151","Oil Filter","0","0","0","0","TIER_P5"
"EL51323","W1323","Oil Filter","1","0","1","1","TIER_P5"
"EL53240","W13240","Oil Filter","1","0","1","1","TIER_P5"
"EL51372","W1372","Oil Filter","1","1","0","1","TIER_P3"
"EL53721","W1372/1","Oil Filter","1","0","1","1","TIER_P5"
"EL51374","W1374","Oil Filter","0","1","0","1","TIER_P4"
"EL53741","W1374/1","Oil Filter","0","1","0","1","TIER_P4"
"EL57410","W1374/10","Oil Filter","0","1","0","1","TIER_P4"
"EL57411","W1374/11","Oil Filter","0","0","1","1","TIER_P5"
"EL53742","W1374/2","Oil Filter","1","0","1","1","TIER_P5"
"EL53744","W1374/4","Oil Filter","1","0","1","1","TIER_P5"
"EL53745","W1374/5","Oil Filter","1","0","1","1","TIER_P5"
"EL53746","W1374/6","Oil Filter","1","0","1","1","TIER_P5"
"EL53747","W1374/7","Oil Filter","0","0","1","1","TIER_P5"
"EL53749","W1374/9","Oil Filter","1","0","1","1","TIER_P5"
"ELW1385","W1385","Oil Filter","0","0","0","1","TIER_P5"
"EL51387","W1387","Oil Filter","0","0","1","1","TIER_P5"
"EL54003","W14003","Oil Filter","1","0","1","1","TIER_P5"
"EL54005","W14005","Oil Filter","1","0","1","1","TIER_P5"
"EL51410","W1410","Oil Filter","0","1","0","1","TIER_P4"
"EL51428","W1428","Oil Filter","0","0","1","1","TIER_P5"
"EL54281","W1428/1","Oil Filter","1","0","1","1","TIER_P5"
"ELW431","W43/1","Oil Filter","0","0","0","0","TIER_P5"
"ELW436","W43/6","Oil Filter","0","0","0","0","TIER_P5"
"ELW437","W43/7","Oil Filter","0","0","0","0","TIER_P5"
"EL56011","W6011","Oil Filter","1","1","1","1","TIER_P1"
"EL50111","W6011/1","Oil Filter","1","1","1","1","TIER_P1"
"EL56014","W6014","Oil Filter","1","1","1","1","TIER_P1"
"EL56017","W6017","Oil Filter","0","0","1","0","TIER_P5"
"EL56018","W6018","Oil Filter","1","1","1","1","TIER_P1"
"EL50181","W6018/1","Oil Filter","1","1","1","1","TIER_P1"
"EL56019","W6019","Oil Filter","1","1","1","1","TIER_P1"
"EL56019","W6019M","Oil Filter","1","1","0","0","TIER_P3"
"EL56021","W6021","Oil Filter","1","1","1","1","TIER_P1"
"ELW6024","W6024","Oil Filter","0","0","0","0","TIER_P5"
"EL56025","W6025","Oil Filter","1","0","1","1","TIER_P5"
"EL56026","W6026","Oil Filter","1","0","1","1","TIER_P5"
"ELW6028","W6028","Oil Filter","0","0","0","0","TIER_P5"
"EL56031","W6031","Oil Filter","1","1","1","1","TIER_P1"
"EL56036","W6036","Oil Filter","1","0","1","1","TIER_P5"
"EL56101","W610/1","Oil Filter","1","1","1","1","TIER_P1"
"EL56102","W610/2","Oil Filter","1","1","1","1","TIER_P1"
"EL56103","W610/3","Oil Filter","1","1","1","1","TIER_P1"
"EL56104","W610/4","Oil Filter","1","1","1","1","TIER_P1"
"EL56106","W610/6","Oil Filter","1","0","1","1","TIER_P5"
"EL56107","W610/7","Oil Filter","1","1","1","1","TIER_P1"
"EL51080","W610/80","Oil Filter","0","1","0","1","TIER_P4"
"EL51081","W610/81","Oil Filter","0","1","0","1","TIER_P4"
"EL51082","W610/82","Oil Filter","0","1","0","1","TIER_P4"
"EL51083","W610/83","Oil Filter","0","1","0","1","TIER_P4"
"EL56109","W610/9","Oil Filter","1","1","1","1","TIER_P1"
"EL56109","W610/9M","Oil Filter","0","1","0","0","TIER_P4"
"ELW6117","W6117","Oil Filter","0","0","0","0","TIER_P5"
"EL50066","W66","Oil Filter","1","1","1","1","TIER_P1"
"EL50067","W67","Oil Filter","1","1","1","1","TIER_P1"
"EL50671","W67/1","Oil Filter","1","1","1","1","TIER_P1"
"EL50672","W67/2","Oil Filter","1","1","1","1","TIER_P1"
"EL56780","W67/80","Oil Filter","1","1","1","1","TIER_P1"
"EL56781","W67/81","Oil Filter","1","1","1","1","TIER_P1"
"EL50068","W68","Oil Filter","1","0","1","1","TIER_P5"
"EL50681","W68/1","Oil Filter","0","0","1","1","TIER_P5"
"EL50683","W68/3","Oil Filter","1","1","1","1","TIER_P1"
"EL56880","W68/80","Oil Filter","0","0","1","1","TIER_P5"
"ELW6904","W6904","Oil Filter","0","0","0","0","TIER_P5"
"EL57003","W7003","Oil Filter","1","1","1","1","TIER_P1"
"EL57008","W7008","Oil Filter","1","1","1","1","TIER_P1"
"EL57012","W7012","Oil Filter","0","0","1","1","TIER_P5"
"EL57015","W7015","Oil Filter","1","1","1","1","TIER_P1"
"ELW7015M","W7015M","Oil Filter","0","0","0","0","TIER_P5"
"EL57020","W7020","Oil Filter","0","1","1","1","TIER_P4"
"EL57023","W7023","Oil Filter","1","1","1","1","TIER_P1"
"EL57023","W7023M","Oil Filter","1","1","0","0","TIER_P3"
"EL57024","W7024","Oil Filter","0","0","1","0","TIER_P5"
"ELW7026","W7026","Oil Filter","0","0","0","0","TIER_P5"
"EL57030","W7030","Oil Filter","1","0","1","1","TIER_P5"
"ELW7030M","W7030M","Oil Filter","0","0","0","0","TIER_P5"
"EL57032","W7032","Oil Filter","1","1","1","1","TIER_P1"
"ELW7033","W7033","Oil Filter","0","0","0","0","TIER_P5"
"EL57034","W7034","Oil Filter","1","1","1","1","TIER_P1"
"EL57035","W7035","Oil Filter","1","1","1","1","TIER_P1"
"EL57037","W7037","Oil Filter","1","1","1","1","TIER_P1"
"EL57038","W7038","Oil Filter","1","1","1","1","TIER_P1"
"EL57040","W7040","Oil Filter","1","0","1","1","TIER_P5"
"EL57041","W7041","Oil Filter","1","1","1","1","TIER_P1"
"EL57042","W7042","Oil Filter","1","0","1","1","TIER_P5"
"EL57043","W7043","Oil Filter","1","1","1","1","TIER_P1"
"EL57050","W7050","Oil Filter","1","1","1","1","TIER_P1"
"EL57052","W7052","Oil Filter","1","1","1","1","TIER_P1"
"EL57053","W7053","Oil Filter","1","1","1","1","TIER_P1"
"EL57054","W7054","Oil Filter","1","0","1","1","TIER_P5"
"EL57055","W7055","Oil Filter","1","1","1","1","TIER_P1"
"EL57056","W7056","Oil Filter","1","0","1","1","TIER_P5"
"EL57057","W7057","Oil Filter","1","0","1","1","TIER_P5"
"EL57058","W7058","Oil Filter","1","1","1","1","TIER_P1"
"ELW7058M","W7058M","Oil Filter","0","0","0","0","TIER_P5"
"EL57061","W7061","Oil Filter","1","1","1","1","TIER_P1"
"EL57062","W7062","Oil Filter","1","1","1","1","TIER_P1"
"EL57063","W7063","Oil Filter","1","1","1","1","TIER_P1"
"EL57069","W7069","Oil Filter","1","1","1","1","TIER_P1"
"EL57071","W7071","Oil Filter","1","1","1","1","TIER_P1"
"ELW70731","W7073/1","Oil Filter","0","0","0","0","TIER_P5"
"ELW7075","W7075","Oil Filter","0","0","0","0","TIER_P5"
"ELW7076","W7076","Oil Filter","0","0","0","0","TIER_P5"
"EL57077","W7077","Oil Filter","1","1","1","1","TIER_P1"
"ELW7092","W7092","Oil Filter","0","0","0","0","TIER_P5"
"EL57094","W7094","Oil Filter","1","0","1","1","TIER_P5"
"EL57102","W7102","Oil Filter","1","0","1","1","TIER_P5"
"EL50711","W711","Oil Filter","0","1","0","0","TIER_P4"
"EL51180","W711/80","Oil Filter","0","0","1","1","TIER_P5"
"ELW7110","W7110","Oil Filter","0","0","0","0","TIER_P5"
"EL50712","W712","Oil Filter","1","0","1","1","TIER_P5"
"EL51210","W712(10)","Oil Filter","0","1","0","0","TIER_P4"
"EL57121","W712/1","Oil Filter","1","1","1","1","TIER_P1"
"EL51211","W712/11","Oil Filter","1","1","1","1","TIER_P1"
"EL51211","W712/11X","Oil Filter","1","1","1","1","TIER_P1"
"EL51212","W712/12","Oil Filter","1","1","1","1","TIER_P1"
"EL51214","W712/14","Oil Filter","1","1","1","1","TIER_P1"
"EL51215","W712/15","Oil Filter","1","1","1","1","TIER_P1"
"EL51216","W712/16","Oil Filter","1","1","1","1","TIER_P1"
"EL51218","W712/18","Oil Filter","1","1","1","1","TIER_P1"
"EL51219","W712/19","Oil Filter","1","1","1","1","TIER_P1"
"EL57121","W712/1N","Oil Filter","1","1","0","0","TIER_P3"
"EL57122","W712/2","Oil Filter","1","1","1","1","TIER_P1"
"EL51220","W712/20","Oil Filter","1","1","1","1","TIER_P1"
"EL51221","W712/21","Oil Filter","1","0","1","1","TIER_P5"
"EL51222","W712/22","Oil Filter","0","0","1","1","TIER_P5"
"EL52210","W712/22(10)","Oil Filter","0","1","1","1","TIER_P4"
"EL51222","W712/22X","Oil Filter","1","1","1","1","TIER_P1"
"EL51223","W712/23","Oil Filter","1","1","1","1","TIER_P1"
"EL51224","W712/24","Oil Filter","1","1","1","1","TIER_P1"
"EL51226","W712/26","Oil Filter","1","1","1","1","TIER_P1"
"EL57122","W712/2N","Oil Filter","1","1","0","0","TIER_P3"
"EL57123","W712/3","Oil Filter","1","1","1","1","TIER_P1"
"EL51231","W712/31","Oil Filter","1","1","1","1","TIER_P1"
"EL51232","W712/32","Oil Filter","1","1","1","1","TIER_P1"
"EL51234","W712/34","Oil Filter","1","1","1","1","TIER_P1"
"EL53410","W712/34(10)","Oil Filter","1","1","1","1","TIER_P1"
"EL51235","W712/35","Oil Filter","1","1","1","1","TIER_P1"
"EL51237","W712/37","Oil Filter","1","1","1","1","TIER_P1"
"EL51238","W712/38","Oil Filter","0","1","1","1","TIER_P4"
"EL51239","W712/39","Oil Filter","1","1","1","1","TIER_P1"
"EL57124","W712/4","Oil Filter","1","0","1","1","TIER_P5"
"EL51241","W712/41","Oil Filter","1","0","1","1","TIER_P5"
"EL51242","W712/42","Oil Filter","0","1","1","1","TIER_P4"
"EL51243","W712/43","Oil Filter","1","1","1","1","TIER_P1"
"EL54310","W712/43(10)","Oil Filter","1","1","1","1","TIER_P1"
"EL51245","W712/45","Oil Filter","1","1","1","1","TIER_P1"
"EL51247","W712/47","Oil Filter","1","1","1","1","TIER_P1"
"EL51248","W712/48","Oil Filter","0","1","1","1","TIER_P4"
"EL57125","W712/5","Oil Filter","1","1","1","1","TIER_P1"
"EL51252","W712/52","Oil Filter","1","0","1","1","TIER_P5"
"EL51253","W712/53","Oil Filter","1","1","1","1","TIER_P1"
"EL51254","W712/54","Oil Filter","1","1","1","1","TIER_P1"
"EL51255","W712/55","Oil Filter","0","0","1","1","TIER_P5"
"EL57125","W712/5X","Oil Filter","1","1","0","0","TIER_P3"
"EL57126","W712/6","Oil Filter","1","0","1","1","TIER_P5"
"EL51260","W712/60","Oil Filter","1","1","1","1","TIER_P1"
"EL51261","W712/61","Oil Filter","1","1","0","0","TIER_P3"
"EL51265","W712/65","Oil Filter","1","1","1","1","TIER_P1"
"EL51266","W712/66","Oil Filter","0","1","1","1","TIER_P4"
"EL56610","W712/66(10)","Oil Filter","0","0","1","1","TIER_P5"
"EL57126","W712/6N","Oil Filter","1","1","1","1","TIER_P1"
"EL57127","W712/7","Oil Filter","1","1","1","1","TIER_P1"
"EL51273","W712/73","Oil Filter","1","1","1","1","TIER_P1"
"EL51273","W712/73M","Oil Filter","1","1","1","1","TIER_P1"
"EL51275","W712/75","Oil Filter","1","1","1","1","TIER_P1"
"EL51275","W712/75M","Oil Filter","1","1","1","1","TIER_P1"
"EL57128","W712/8","Oil Filter","0","0","1","1","TIER_P5"
"EL52810","W712/8(10)","Oil Filter","1","1","1","1","TIER_P1"
"EL51280","W712/80","Oil Filter","1","0","1","1","TIER_P5"
"EL51281","W712/81","Oil Filter","1","1","1","1","TIER_P1"
"EL51282","W712/82","Oil Filter","1","1","1","1","TIER_P1"
"EL51283","W712/83","Oil Filter","1","1","1","1","TIER_P1"
"EL51283","W712/83M","Oil Filter","1","1","1","1","TIER_P1"
"EL57129","W712/9","Oil Filter","1","1","1","1","TIER_P1"
"EL51290","W712/90","Oil Filter","0","1","1","1","TIER_P4"
"EL51290","W712/90M","Oil Filter","1","1","1","1","TIER_P1"
"EL51291","W712/91","Oil Filter","0","1","1","1","TIER_P4"
"EL51292","W712/92","Oil Filter","0","1","1","1","TIER_P4"
"EL59210","W712/92(10)","Oil Filter","1","1","1","1","TIER_P1"
"EL51292","W712/92M","Oil Filter","1","1","1","1","TIER_P1"
"EL51293","W712/93","Oil Filter","1","1","1","1","TIER_P1"
"EL51294","W712/94","Oil Filter","1","1","1","1","TIER_P1"
"EL51294","W712/94M","Oil Filter","1","1","1","1","TIER_P1"
"EL51295","W712/95","Oil Filter","1","1","1","1","TIER_P1"
"EL51296","W712/96","Oil Filter","1","0","1","1","TIER_P5"
"EL51298","W712/98","Oil Filter","1","1","1","1","TIER_P1"
"EL57120","W7120","Oil Filter","1","0","1","1","TIER_P5"
"EL50712","W712N","Oil Filter","0","1","0","0","TIER_P4"
"EL50713","W713","Oil Filter","0","1","0","0","TIER_P4"
"EL57131","W713/1","Oil Filter","0","1","0","1","TIER_P4"
"EL51313","W713/13","Oil Filter","0","1","0","1","TIER_P4"
"EL51314","W713/14","Oil Filter","1","1","1","1","TIER_P1"
"EL51315","W713/15","Oil Filter","0","1","0","1","TIER_P4"
"EL51316","W713/16","Oil Filter","1","1","1","1","TIER_P1"
"EL51316","W713/16X","Oil Filter","0","1","0","0","TIER_P4"
"EL51318","W713/18","Oil Filter","1","1","1","1","TIER_P1"
"EL51319","W713/19","Oil Filter","1","1","1","1","TIER_P1"
"EL51320","W713/20","Oil Filter","0","1","1","1","TIER_P4"
"EL51322","W713/22","Oil Filter","0","1","0","1","TIER_P4"
"EL51323","W713/23","Oil Filter","0","1","0","1","TIER_P4"
"EL51324","W713/24","Oil Filter","0","1","1","1","TIER_P4"
"EL51328","W713/28","Oil Filter","1","1","1","1","TIER_P1"
"EL51329","W713/29","Oil Filter","1","1","1","1","TIER_P1"
"EL51335","W713/35","Oil Filter","1","1","1","1","TIER_P1"
"EL51336","W713/36","Oil Filter","1","1","1","1","TIER_P1"
"EL57134","W713/4","Oil Filter","0","1","0","1","TIER_P4"
"EL57134","W713/4X","Oil Filter","0","1","0","0","TIER_P4"
"EL57135","W713/5","Oil Filter","0","1","0","1","TIER_P4"
"EL57135","W713/5X","Oil Filter","0","1","0","0","TIER_P4"
"EL57136","W713/6","Oil Filter","0","1","0","1","TIER_P4"
"EL57139","W713/9","Oil Filter","1","0","1","1","TIER_P5"
"ELW7138","W7138","Oil Filter","0","0","0","0","TIER_P5"
"EL57142","W714/2","Oil Filter","1","1","1","1","TIER_P1"
"EL57143","W714/3","Oil Filter","1","1","1","1","TIER_P1"
"EL57144","W714/4","Oil Filter","1","0","1","1","TIER_P5"
"EL57161","W716/1","Oil Filter","0","1","1","1","TIER_P4"
"EL57162","W716/2","Oil Filter","1","1","1","1","TIER_P1"
"EL50717","W717","Oil Filter","0","1","0","1","TIER_P4"
"EL57171","W717/1","Oil Filter","0","1","0","1","TIER_P4"
"EL57172","W717/2","Oil Filter","1","1","1","1","TIER_P1"
"EL50717","W717X","Oil Filter","0","1","0","0","TIER_P4"
"EL50718","W718","Oil Filter","1","1","1","1","TIER_P1"
"EL57181","W718/1","Oil Filter","1","1","0","1","TIER_P3"
"EL57182","W718/2","Oil Filter","0","0","1","1","TIER_P5"
"EL50719","W719","Oil Filter","0","1","0","0","TIER_P4"
"EL57191","W719/1","Oil Filter","1","1","1","1","TIER_P1"
"EL51910","W719/10","Oil Filter","1","0","1","1","TIER_P5"
"EL51911","W719/11","Oil Filter","1","1","1","1","TIER_P1"
"EL51912","W719/12","Oil Filter","1","1","1","1","TIER_P1"
"EL51913","W719/13","Oil Filter","1","1","1","1","TIER_P1"
"EL51310","W719/13(10)","Oil Filter","0","1","1","1","TIER_P4"
"EL51913","W719/13X","Oil Filter","0","1","0","0","TIER_P4"
"EL51914","W719/14","Oil Filter","1","1","1","1","TIER_P1"
"EL51915","W719/15","Oil Filter","1","1","1","1","TIER_P1"
"EL51510","W719/15(10)","Oil Filter","0","1","0","0","TIER_P4"
"EL51915","W719/15X","Oil Filter","0","1","0","0","TIER_P4"
"EL51916","W719/16","Oil Filter","0","1","0","1","TIER_P4"
"EL51919","W719/19","Oil Filter","0","1","0","0","TIER_P4"
"EL57191","W719/1X","Oil Filter","0","1","0","1","TIER_P4"
"EL51921","W719/21","Oil Filter","1","0","1","1","TIER_P5"
"EL51922","W719/22","Oil Filter","1","1","1","1","TIER_P1"
"EL51923","W719/23","Oil Filter","0","1","0","1","TIER_P4"
"EL51924","W719/24","Oil Filter","0","1","0","0","TIER_P4"
"EL51925","W719/25","Oil Filter","0","1","0","1","TIER_P4"
"EL51926","W719/26","Oil Filter","0","1","0","1","TIER_P4"
"EL51927","W719/27","Oil Filter","1","1","1","1","TIER_P1"
"EL51928","W719/28","Oil Filter","0","1","0","1","TIER_P4"
"EL51929","W719/29","Oil Filter","1","1","1","1","TIER_P1"
"EL57193","W719/3","Oil Filter","1","0","1","1","TIER_P5"
"EL51930","W719/30","Oil Filter","1","1","1","1","TIER_P1"
"EL53010","W719/30(10)","Oil Filter","0","1","0","1","TIER_P4"
"EL51932","W719/32","Oil Filter","0","1","0","1","TIER_P4"
"EL51933","W719/33","Oil Filter","1","1","1","1","TIER_P1"
"EL51936","W719/36","Oil Filter","1","1","1","1","TIER_P1"
"EL51937","W719/37","Oil Filter","0","0","1","1","TIER_P5"
"EL51938","W719/38","Oil Filter","0","1","0","0","TIER_P4"
"EL57194","W719/4","Oil Filter","1","0","1","1","TIER_P5"
"EL51940","W719/40","Oil Filter","0","1","0","0","TIER_P4"
"EL51942","W719/42","Oil Filter","0","1","1","1","TIER_P4"
"EL51945","W719/45","Oil Filter","1","1","1","1","TIER_P1"
"EL54510","W719/45(10)","Oil Filter","0","1","0","1","TIER_P4"
"EL51945","W719/45M","Oil Filter","0","1","0","0","TIER_P4"
"EL51946","W719/46","Oil Filter","1","1","1","1","TIER_P1"
"EL57195","W719/5","Oil Filter","1","0","1","1","TIER_P5"
"EL59510","W719/5(10)","Oil Filter","0","1","0","1","TIER_P4"
"EL51951","W719/51","Oil Filter","0","1","0","0","TIER_P4"
"EL51953","W719/53","Oil Filter","1","1","1","1","TIER_P1"
"EL57195","W719/5N","Oil Filter","0","1","0","0","TIER_P4"
"EL57196","W719/6","Oil Filter","0","1","0","1","TIER_P4"
"EL57197","W719/7","Oil Filter","1","0","1","1","TIER_P5"
"EL57199","W719/9","Oil Filter","0","1","0","1","TIER_P4"
"ELW723","W723","Oil Filter","0","0","0","1","TIER_P5"
"EL57231","W723/1","Oil Filter","0","1","1","1","TIER_P4"
"ELW7232","W723/2","Oil Filter","0","0","0","0","TIER_P5"
"EL57233","W723/3","Oil Filter","1","0","1","1","TIER_P5"
"EL50724","W724","Oil Filter","0","1","0","1","TIER_P4"
"EL57241","W724/1","Oil Filter","1","1","1","1","TIER_P1"
"EL57241","W724/1X","Oil Filter","0","1","0","0","TIER_P4"
"EL57242","W724/2","Oil Filter","0","1","0","1","TIER_P4"
"EL57244","W724/4","Oil Filter","0","1","0","1","TIER_P4"
"EL57245","W724/5","Oil Filter","0","1","0","1","TIER_P4"
"EL50730","W730","Oil Filter","1","1","1","1","TIER_P1"
"EL57301","W730/1","Oil Filter","1","1","1","1","TIER_P1"
"EL57303","W730/3","Oil Filter","0","0","1","1","TIER_P5"
"EL50735","W735","Oil Filter","0","1","0","1","TIER_P4"
"EL57351","W735/1","Oil Filter","1","0","1","1","TIER_P5"
"EL57352","W735/2","Oil Filter","1","1","1","1","TIER_P1"
"EL50074","W74","Oil Filter","1","0","1","1","TIER_P5"
"EL50752","W75/2","Oil Filter","0","1","0","1","TIER_P4"
"EL50753","W75/3","Oil Filter","1","1","1","1","TIER_P1"
"EL50754","W75/4","Oil Filter","0","1","0","1","TIER_P4"
"ELW7562","W7562","Oil Filter","0","0","0","0","TIER_P5"
"EL50761","W76/1","Oil Filter","1","0","1","1","TIER_P5"
"EL50077","W77","Oil Filter","1","0","1","1","TIER_P5"
"EL50772","W77/2","Oil Filter","1","1","1","1","TIER_P1"
"EL50773","W77/3","Oil Filter","1","1","1","1","TIER_P1"
"EL50077","W77N","Oil Filter","0","1","0","0","TIER_P4"
"EL50078","W78","Oil Filter","0","1","0","0","TIER_P4"
"EL50079","W79","Oil Filter","1","1","1","1","TIER_P1"
"EL50792","W79/2","Oil Filter","1","0","1","1","TIER_P5"
"EL50793","W79/3","Oil Filter","1","1","1","1","TIER_P1"
"EL58004","W8004","Oil Filter","0","1","0","1","TIER_P4"
"EL58005","W8005","Oil Filter","1","1","1","1","TIER_P1"
"EL58010","W8010","Oil Filter","1","0","1","1","TIER_P5"
"EL58011","W8011","Oil Filter","1","0","1","1","TIER_P5"
"EL58013","W8013","Oil Filter","1","1","1","1","TIER_P1"
"EL58017","W8017","Oil Filter","1","0","1","1","TIER_P5"
"EL58018","W8018","Oil Filter","1","0","1","1","TIER_P5"
"EL58027","W8027","Oil Filter","0","1","1","1","TIER_P4"
"EL58030","W8030","Oil Filter","1","0","1","1","TIER_P5"
"EL58032","W8032","Oil Filter","1","0","1","1","TIER_P5"
"EL58033","W8033","Oil Filter","1","0","1","1","TIER_P5"
"ELW8037","W8037","Oil Filter","0","0","0","0","TIER_P5"
"EL58038","W8038","Oil Filter","0","0","1","1","TIER_P5"
"ELW8039","W8039","Oil Filter","0","0","0","0","TIER_P5"
"EL58050","W8050","Oil Filter","1","0","1","0","TIER_P5"
"EL58055","W8055","Oil Filter","1","0","1","1","TIER_P5"
"ELW810","W810","Oil Filter","0","0","0","0","TIER_P5"
"EL50811","W811","Oil Filter","0","1","0","1","TIER_P4"
"EL58111","W811/1","Oil Filter","1","0","1","1","TIER_P5"
"EL51180","W811/80","Oil Filter","1","0","1","1","TIER_P5"
"EL51180","W811/80IBAOYANG","Oil Filter","0","1","0","1","TIER_P4"
"EL51181","W811/81","Oil Filter","1","0","1","1","TIER_P5"
"EL51181","W811/81X","Oil Filter","0","1","0","1","TIER_P4"
"EL51183","W811/83","Oil Filter","1","0","1","1","TIER_P5"
"EL51184","W811/84","Oil Filter","0","0","1","1","TIER_P5"
"EL51185","W811/85","Oil Filter","0","0","1","1","TIER_P5"
"EL50812","W812","Oil Filter","0","0","1","1","TIER_P5"
"EL50813","W813","Oil Filter","0","1","0","0","TIER_P4"
"EL58131","W813/1","Oil Filter","0","1","0","0","TIER_P4"
"EL58136","W813/6","Oil Filter","0","1","0","1","TIER_P4"
"EL51480","W814/80","Oil Filter","1","0","1","1","TIER_P5"
"ELW81480X","W814/80X","Oil Filter","0","0","0","0","TIER_P5"
"ELW81481","W814/81","Oil Filter","0","0","0","1","TIER_P5"
"ELW81481X","W814/81X","Oil Filter","0","0","0","0","TIER_P5"
"EL58140","W8140","Oil Filter","1","0","1","1","TIER_P5"
"EL50815","W815","Oil Filter","0","1","1","1","TIER_P4"
"EL58151","W815/1","Oil Filter","0","1","0","1","TIER_P4"
"EL58153","W815/3","Oil Filter","1","1","1","1","TIER_P1"
"EL58153","W815/3X","Oil Filter","0","1","0","1","TIER_P4"
"EL58154","W815/4","Oil Filter","0","1","0","1","TIER_P4"
"EL58155","W815/5","Oil Filter","1","0","1","1","TIER_P5"
"EL51580","W815/80","Oil Filter","0","1","1","1","TIER_P4"
"EL51580","W815/80X","Oil Filter","0","1","0","1","TIER_P4"
"EL51581","W815/81","Oil Filter","1","0","1","1","TIER_P5"
"EL51582","W815/82","Oil Filter","0","0","1","1","TIER_P5"
"EL50815","W815X","Oil Filter","0","1","0","0","TIER_P4"
"EL51680","W816/80","Oil Filter","1","0","1","1","TIER_P5"
"EL51780","W817/80","Oil Filter","0","1","0","1","TIER_P4"
"EL58182","W818/2","Oil Filter","0","0","1","1","TIER_P5"
"ELW8183","W818/3","Oil Filter","0","0","0","1","TIER_P5"
"ELW8184","W818/4","Oil Filter","0","0","0","1","TIER_P5"
"ELW8185","W818/5","Oil Filter","0","0","0","1","TIER_P5"
"ELW81880","W818/80","Oil Filter","0","0","0","1","TIER_P5"
"EL51881","W818/81","Oil Filter","1","0","1","1","TIER_P5"
"EL51882","W818/82","Oil Filter","0","1","1","1","TIER_P4"
"ELW81882X","W818/82X","Oil Filter","0","0","0","0","TIER_P5"
"ELW81883","W818/83","Oil Filter","0","0","0","1","TIER_P5"
"EL51884","W818/84","Oil Filter","0","1","1","1","TIER_P4"
"EL50820","W820","Oil Filter","1","1","1","1","TIER_P1"
"ELW823","W823","Oil Filter","0","0","0","0","TIER_P5"
"EL58251","W825/1","Oil Filter","0","0","1","1","TIER_P5"
"ELW82580","W825/80","Oil Filter","0","0","0","1","TIER_P5"
"EL50830","W830","Oil Filter","0","1","0","1","TIER_P4"
"EL58301","W830/1","Oil Filter","1","1","1","1","TIER_P1"
"EL58303","W830/3","Oil Filter","1","0","1","1","TIER_P5"
"EL50840","W840","Oil Filter","0","1","1","1","TIER_P4"
"EL58402","W840/2","Oil Filter","1","1","1","1","TIER_P1"
"EL50085","W85","Oil Filter","0","1","1","1","TIER_P4"
"EL50086","W86","Oil Filter","1","0","1","1","TIER_P5"
"EL50087","W87","Oil Filter","1","0","1","1","TIER_P5"
"EL59009","W9009","Oil Filter","1","1","1","1","TIER_P1"
"ELW901","W901","Oil Filter","0","0","0","0","TIER_P5"
"EL59018","W9018","Oil Filter","0","1","0","1","TIER_P4"
"EL59019","W9019","Oil Filter","1","0","1","1","TIER_P5"
"EL59023","W9023","Oil Filter","0","1","1","1","TIER_P4"
"EL50231","W9023/1","Oil Filter","1","0","1","1","TIER_P5"
"EL59032","W9032","Oil Filter","0","0","1","1","TIER_P5"
"EL59035","W9035","Oil Filter","1","0","1","1","TIER_P5"
"EL59036","W9036","Oil Filter","0","0","1","0","TIER_P5"
"ELW9039","W9039","Oil Filter","0","0","0","0","TIER_P5"
"EL59041","W9041","Oil Filter","1","0","1","1","TIER_P5"
"EL59050","W9050","Oil Filter","1","1","1","1","TIER_P1"
"EL59053","W9053","Oil Filter","0","0","1","1","TIER_P5"
"ELW9056","W9056","Oil Filter","0","0","0","0","TIER_P5"
"EL59057","W9057","Oil Filter","0","0","1","1","TIER_P5"
"ELW9061","W9061","Oil Filter","0","0","0","0","TIER_P5"
"ELW9062","W9062","Oil Filter","0","0","0","1","TIER_P5"
"EL59066","W9066","Oil Filter","1","1","1","1","TIER_P1"
"EL59069","W9069","Oil Filter","1","1","1","1","TIER_P1"
"EL59071","W9071","Oil Filter","1","0","1","1","TIER_P5"
"EL59072","W9072","Oil Filter","1","0","1","1","TIER_P5"
"EL59084","W9084","Oil Filter","1","0","1","1","TIER_P5"
"ELW9093","W9093","Oil Filter","1","0","0","1","TIER_P5"
"ELW9101","W910/1","Oil Filter","0","0","0","1","TIER_P5"
"ELW9103","W910/3","Oil Filter","0","0","0","1","TIER_P5"
"ELW9105","W910/5","Oil Filter","0","0","0","1","TIER_P5"
"EL59100","W9100","Oil Filter","1","0","1","1","TIER_P5"
"EL59102","W9102","Oil Filter","1","1","1","1","TIER_P1"
"ELW9115","W9115","Oil Filter","0","0","0","0","TIER_P5"
"ELW9117","W9117","Oil Filter","0","0","0","0","TIER_P5"
"EL50912","W912","Oil Filter","0","1","0","0","TIER_P4"
"EL59125","W9125","Oil Filter","1","0","1","1","TIER_P5"
"EL59126","W9126","Oil Filter","1","0","1","1","TIER_P5"
"EL59127","W9127","Oil Filter","1","0","1","1","TIER_P5"
"EL59128","W9128","Oil Filter","1","0","1","1","TIER_P5"
"EL59129","W9129","Oil Filter","1","0","1","1","TIER_P5"
"EL50913","W913","Oil Filter","0","1","0","0","TIER_P4"
"EL59131","W913/1","Oil Filter","1","1","1","1","TIER_P1"
"EL59136","W913/6","Oil Filter","0","1","0","0","TIER_P4"
"EL59130","W9130","Oil Filter","1","0","1","1","TIER_P5"
"EL59131","W9131","Oil Filter","1","0","1","1","TIER_P5"
"EL59132","W9132","Oil Filter","1","0","1","1","TIER_P5"
"EL59133","W9133","Oil Filter","1","0","1","1","TIER_P5"
"EL59134","W9134","Oil Filter","1","0","1","1","TIER_P5"
"EL59135","W9135","Oil Filter","1","0","1","1","TIER_P5"
"EL59136","W9136","Oil Filter","1","0","1","1","TIER_P5"
"EL59137","W9137Z","Oil Filter","1","0","1","1","TIER_P5"
"EL59139","W9139","Oil Filter","1","0","1","1","TIER_P5"
"EL50914","W914","Oil Filter","0","1","0","0","TIER_P4"
"EL51411","W914/11","Oil Filter","0","1","0","1","TIER_P4"
"EL51412","W914/12","Oil Filter","0","1","0","0","TIER_P4"
"EL51413","W914/13","Oil Filter","0","1","0","1","TIER_P4"
"EL51414","W914/14","Oil Filter","0","1","0","1","TIER_P4"
"EL51415","W914/15","Oil Filter","0","1","0","1","TIER_P4"
"EL51417","W914/17","Oil Filter","0","1","0","1","TIER_P4"
"EL51419","W914/19","Oil Filter","0","1","0","0","TIER_P4"
"EL59142","W914/2","Oil Filter","1","1","1","1","TIER_P1"
"EL54210","W914/2(10)","Oil Filter","0","1","1","1","TIER_P4"
"EL51420","W914/20","Oil Filter","0","1","0","1","TIER_P4"
"EL51424","W914/24","Oil Filter","0","1","0","1","TIER_P4"
"EL51425","W914/25","Oil Filter","1","1","1","1","TIER_P1"
"EL51426","W914/26","Oil Filter","1","1","1","1","TIER_P1"
"EL51428","W914/28","Oil Filter","1","0","1","1","TIER_P5"
"EL59142","W914/2N","Oil Filter","0","1","0","1","TIER_P4"
"EL59143","W914/3","Oil Filter","0","1","0","1","TIER_P4"
"EL59144","W914/4","Oil Filter","1","0","1","1","TIER_P5"
"EL59145","W914/5","Oil Filter","0","1","0","1","TIER_P4"
"EL59146","W914/6","Oil Filter","0","1","0","0","TIER_P4"
"EL59146","W914/6X","Oil Filter","0","1","0","0","TIER_P4"
"EL59147","W914/7","Oil Filter","0","1","0","1","TIER_P4"
"EL59147","W914/7V","Oil Filter","0","1","0","0","TIER_P4"
"EL59147","W914/7X","Oil Filter","0","1","0","1","TIER_P4"
"EL59148","W914/8","Oil Filter","0","1","0","1","TIER_P4"
"EL51480","W914/80","Oil Filter","0","1","0","1","TIER_P4"
"EL59148","W914/8X","Oil Filter","0","1","0","0","TIER_P4"
"EL59149","W914/9","Oil Filter","0","1","0","1","TIER_P4"
"EL59149","W914/9X","Oil Filter","0","1","0","1","TIER_P4"
"EL59140","W9140","Oil Filter","1","0","1","1","TIER_P5"
"EL59161","W916/1","Oil Filter","1","1","1","1","TIER_P1"
"EL56110","W916/1(10)","Oil Filter","1","1","0","0","TIER_P3"
"EL59161","W916/1X","Oil Filter","1","1","0","0","TIER_P3"
"EL50917","W917","Oil Filter","1","0","1","1","TIER_P5"
"EL51710","W917(10)","Oil Filter","0","1","0","1","TIER_P4"
"EL59171","W917/1","Oil Filter","1","0","1","1","TIER_P5"
"EL59182","W918/2X","Oil Filter","0","0","1","1","TIER_P5"
"ELW9183","W918/3","Oil Filter","0","0","0","1","TIER_P5"
"EL50920","W920","Oil Filter","1","1","1","1","TIER_P1"
"EL59201","W920/1","Oil Filter","1","1","1","1","TIER_P1"
"EL52011","W920/11","Oil Filter","1","1","1","1","TIER_P1"
"EL52012","W920/12","Oil Filter","1","1","1","1","TIER_P1"
"EL52013","W920/13","Oil Filter","1","1","1","1","TIER_P1"
"EL52014","W920/14","Oil Filter","1","1","1","1","TIER_P1"
"EL52015","W920/15","Oil Filter","1","1","1","1","TIER_P1"
"EL52016","W920/16","Oil Filter","1","1","1","1","TIER_P1"
"EL52017","W920/17","Oil Filter","1","1","1","1","TIER_P1"
"EL52018","W920/18","Oil Filter","1","1","1","1","TIER_P1"
"EL52019","W920/19","Oil Filter","1","1","1","1","TIER_P1"
"EL59202","W920/2","Oil Filter","1","1","1","1","TIER_P1"
"EL52021","W920/21","Oil Filter","1","1","1","1","TIER_P1"
"EL52110","W920/21(10)","Oil Filter","0","1","1","0","TIER_P4"
"EL52021","W920/21X","Oil Filter","1","1","1","1","TIER_P1"
"EL52022","W920/22","Oil Filter","1","1","1","1","TIER_P1"
"EL52023","W920/23","Oil Filter","1","1","1","1","TIER_P1"
"EL52024","W920/24","Oil Filter","0","0","1","1","TIER_P5"
"EL52025","W920/25","Oil Filter","1","1","1","1","TIER_P1"
"EL52026","W920/26","Oil Filter","1","1","1","1","TIER_P1"
"EL59203","W920/3","Oil Filter","1","1","1","1","TIER_P1"
"EL52032","W920/32","Oil Filter","0","1","1","1","TIER_P4"
"EL52036","W920/36","Oil Filter","1","1","1","1","TIER_P1"
"EL52038","W920/38","Oil Filter","1","1","1","1","TIER_P1"
"EL59203","W920/3X","Oil Filter","1","1","0","0","TIER_P3"
"EL59204","W920/4","Oil Filter","1","1","1","1","TIER_P1"
"EL52040","W920/40","Oil Filter","1","1","1","1","TIER_P1"
"EL52045","W920/45","Oil Filter","1","1","1","1","TIER_P1"
"EL52046","W920/46","Oil Filter","1","0","1","1","TIER_P5"
"EL52047","W920/47","Oil Filter","1","0","1","1","TIER_P5"
"EL52048","W920/48","Oil Filter","1","1","1","1","TIER_P1"
"EL59205","W920/5","Oil Filter","1","1","1","1","TIER_P1"
"EL52051","W920/51","Oil Filter","1","0","1","1","TIER_P5"
"EL59206","W920/6","Oil Filter","0","0","1","1","TIER_P5"
"EL50610","W920/6(10)","Oil Filter","1","1","1","1","TIER_P1"
"EL59207","W920/7","Oil Filter","1","0","1","1","TIER_P5"
"EL59207","W920/7Y","Oil Filter","0","1","1","1","TIER_P4"
"EL59208","W920/8","Oil Filter","1","0","1","1","TIER_P5"
"EL52080","W920/80","Oil Filter","0","0","1","1","TIER_P5"
"EL52081","W920/81","Oil Filter","1","1","1","1","TIER_P1"
"EL52082","W920/82","Oil Filter","1","0","1","1","TIER_P5"
"EL52084","W920/84","Oil Filter","1","1","1","1","TIER_P1"
"EL59209","W920/9","Oil Filter","1","1","1","1","TIER_P1"
"EL50921","W921","Oil Filter","0","0","1","1","TIER_P5"
"EL52180","W921/80","Oil Filter","1","0","1","1","TIER_P5"
"EL52181","W921/81","Oil Filter","0","1","0","1","TIER_P4"
"EL50922","W922","Oil Filter","0","1","0","0","TIER_P4"
"EL59221","W922/1","Oil Filter","0","1","0","0","TIER_P4"
"EL50923","W923","Oil Filter","0","1","0","1","TIER_P4"
"EL59232","W923/2","Oil Filter","0","1","0","0","TIER_P4"
"EL59235","W923/5","Oil Filter","0","1","0","0","TIER_P4"
"EL59236","W923/6","Oil Filter","0","1","0","1","TIER_P4"
"EL59237","W923/7","Oil Filter","1","0","1","1","TIER_P5"
"EL50925","W925","Oil Filter","1","0","1","1","TIER_P5"
"EL59251","W925/1","Oil Filter","1","0","1","1","TIER_P5"
"EL50928","W928","Oil Filter","0","0","1","1","TIER_P5"
"ELW929","W929","Oil Filter","0","0","0","0","TIER_P5"
"EL59292","W929/2","Oil Filter","0","0","1","1","TIER_P5"
"EL59293","W929/3","Oil Filter","1","0","1","1","TIER_P5"
"EL50930","W930","Oil Filter","1","1","1","1","TIER_P1"
"EL59301","W930/1","Oil Filter","1","1","1","1","TIER_P1"
"EL53011","W930/11","Oil Filter","1","1","1","1","TIER_P1"
"EL53012","W930/12","Oil Filter","1","1","1","1","TIER_P1"
"EL53013","W930/13","Oil Filter","1","1","1","1","TIER_P1"
"EL53014","W930/14","Oil Filter","1","1","1","1","TIER_P1"
"EL53015","W930/15","Oil Filter","1","1","1","1","TIER_P1"
"EL53019","W930/19","Oil Filter","1","1","1","1","TIER_P1"
"EL59302","W930/2","Oil Filter","1","1","1","1","TIER_P1"
"EL53020","W930/20","Oil Filter","1","1","1","1","TIER_P1"
"EL53021","W930/21","Oil Filter","1","1","1","1","TIER_P1"
"EL53026","W930/26","Oil Filter","1","0","1","1","TIER_P5"
"EL59304","W930/4","Oil Filter","1","1","1","1","TIER_P1"
"EL59307","W930/7","Oil Filter","1","1","1","1","TIER_P1"
"EL59308","W930/8","Oil Filter","1","1","1","1","TIER_P1"
"EL59309","W930/9","Oil Filter","1","0","1","1","TIER_P5"
"EL50931","W931","Oil Filter","0","1","0","0","TIER_P4"
"EL50932","W932","Oil Filter","1","1","1","1","TIER_P1"
"EL53280","W932/80","Oil Filter","0","1","1","1","TIER_P4"
"EL53281","W932/81","Oil Filter","0","1","1","1","TIER_P4"
"EL53282","W932/82","Oil Filter","0","0","1","1","TIER_P5"
"EL59331","W933/1","Oil Filter","1","1","1","1","TIER_P1"
"ELW9333","W933/3","Oil Filter","0","0","0","0","TIER_P5"
"EL59334","W933/4","Oil Filter","0","1","1","1","TIER_P4"
"EL59335","W933/5","Oil Filter","0","1","1","1","TIER_P4"
"EL53380","W933/80","Oil Filter","0","0","1","1","TIER_P5"
"EL59351","W935/1","Oil Filter","1","0","1","1","TIER_P5"
"EL59352","W935/2","Oil Filter","1","0","1","1","TIER_P5"
"EL50936","W936","Oil Filter","0","1","0","0","TIER_P4"
"EL53610","W936/10","Oil Filter","1","1","1","1","TIER_P1"
"EL59362","W936/2","Oil Filter","1","1","1","1","TIER_P1"
"EL59363","W936/3","Oil Filter","0","1","0","0","TIER_P4"
"EL59364","W936/4","Oil Filter","1","1","1","1","TIER_P1"
"EL59365","W936/5","Oil Filter","1","1","1","1","TIER_P1"
"EL50938","W938","Oil Filter","1","0","1","1","TIER_P5"
"ELW939","W939","Oil Filter","0","0","0","0","TIER_P5"
"EL50940","W940","Oil Filter","1","1","1","1","TIER_P1"
"EL54010","W940(10)","Oil Filter","0","1","0","1","TIER_P4"
"EL59401","W940/1","Oil Filter","1","0","1","1","TIER_P5"
"EL54010","W940/10","Oil Filter","1","0","1","1","TIER_P5"
"EL54011","W940/11","Oil Filter","1","1","1","1","TIER_P1"
"EL54012","W940/12","Oil Filter","1","1","1","1","TIER_P1"
"EL54013","W940/13","Oil Filter","1","0","1","1","TIER_P5"
"EL54015","W940/15","Oil Filter","1","1","1","1","TIER_P1"
"EL54015","W940/15N","Oil Filter","1","1","1","1","TIER_P1"
"EL54016","W940/16","Oil Filter","1","1","1","1","TIER_P1"
"EL54017","W940/17","Oil Filter","1","1","1","1","TIER_P1"
"EL54018","W940/18","Oil Filter","1","1","1","1","TIER_P1"
"EL54019","W940/19","Oil Filter","1","1","1","1","TIER_P1"
"EL54020","W940/20","Oil Filter","1","1","1","1","TIER_P1"
"EL54021","W940/21","Oil Filter","1","1","1","1","TIER_P1"
"EL54022","W940/22","Oil Filter","1","1","0","1","TIER_P3"
"EL54023","W940/23","Oil Filter","1","1","1","1","TIER_P1"
"EL54024","W940/24","Oil Filter","1","1","1","1","TIER_P1"
"EL54025","W940/25","Oil Filter","1","1","1","1","TIER_P1"
"EL52510","W940/25(10)","Oil Filter","1","1","1","1","TIER_P1"
"EL54025","W940/25N","Oil Filter","1","1","1","1","TIER_P1"
"EL54026","W940/26","Oil Filter","1","1","1","1","TIER_P1"
"EL54027","W940/27","Oil Filter","1","1","1","1","TIER_P1"
"EL54029","W940/29","Oil Filter","1","1","1","1","TIER_P1"
"EL59403","W940/3","Oil Filter","1","0","1","1","TIER_P5"
"EL54030","W940/30","Oil Filter","1","0","1","1","TIER_P5"
"EL54032","W940/32","Oil Filter","1","1","1","1","TIER_P1"
"EL54034","W940/34","Oil Filter","1","1","1","1","TIER_P1"
"EL54035","W940/35","Oil Filter","1","1","1","1","TIER_P1"
"EL54037","W940/37","Oil Filter","1","1","1","1","TIER_P1"
"EL54038","W940/38","Oil Filter","1","0","1","1","TIER_P5"
"EL59404","W940/4","Oil Filter","1","0","1","1","TIER_P5"
"EL54040","W940/40","Oil Filter","1","0","1","1","TIER_P5"
"EL54041","W940/41","Oil Filter","1","1","1","1","TIER_P1"
"EL54044","W940/44","Oil Filter","1","1","1","1","TIER_P1"
"EL54047","W940/47","Oil Filter","1","1","1","1","TIER_P1"
"EL54048","W940/48","Oil Filter","1","1","1","1","TIER_P1"
"EL54049","W940/49","Oil Filter","1","0","1","1","TIER_P5"
"EL59405","W940/5","Oil Filter","1","0","1","1","TIER_P5"
"EL50510","W940/5(10)","Oil Filter","1","1","1","1","TIER_P1"
"EL54050","W940/50","Oil Filter","1","1","1","1","TIER_P1"
"EL54051","W940/51","Oil Filter","1","0","1","1","TIER_P5"
"EL55110","W940/51(10)","Oil Filter","1","1","1","1","TIER_P1"
"EL54055","W940/55","Oil Filter","1","0","1","1","TIER_P5"
"EL54062","W940/62","Oil Filter","1","1","1","1","TIER_P1"
"EL54063","W940/63","Oil Filter","1","1","1","1","TIER_P1"
"EL54066","W940/66","Oil Filter","1","1","1","1","TIER_P1"
"EL54067","W940/67","Oil Filter","1","1","1","1","TIER_P1"
"EL54069","W940/69","Oil Filter","1","1","1","1","TIER_P1"
"EL59407","W940/7","Oil Filter","1","1","1","1","TIER_P1"
"EL54070","W940/70","Oil Filter","1","1","1","1","TIER_P1"
"EL54071","W940/71","Oil Filter","0","1","1","1","TIER_P4"
"EL59407","W940/7X","Oil Filter","1","1","0","1","TIER_P3"
"EL54081","W940/81","Oil Filter","1","1","1","1","TIER_P1"
"EL59409","W940/9","Oil Filter","1","1","1","1","TIER_P1"
"EL54091","W940/91","Oil Filter","1","1","1","1","TIER_P1"
"EL50941","W941","Oil Filter","1","0","1","1","TIER_P5"
"ELW944","W944","Oil Filter","0","0","0","0","TIER_P5"
"EL50945","W945","Oil Filter","0","0","1","0","TIER_P5"
"EL50950","W950","Oil Filter","1","1","1","1","TIER_P1"
"EL59501","W950/1","Oil Filter","1","1","1","1","TIER_P1"
"EL55013","W950/13","Oil Filter","1","1","1","1","TIER_P1"
"EL55014","W950/14","Oil Filter","1","1","1","1","TIER_P1"
"EL55015","W950/15","Oil Filter","1","1","1","1","TIER_P1"
"EL55016","W950/16","Oil Filter","0","0","1","1","TIER_P5"
"EL55017","W950/17","Oil Filter","1","1","1","1","TIER_P1"
"EL55018","W950/18","Oil Filter","1","1","1","1","TIER_P1"
"EL55022","W950/22","Oil Filter","1","1","1","1","TIER_P1"
"ELW95024","W950/24","Oil Filter","1","0","0","1","TIER_P5"
"EL55026","W950/26","Oil Filter","1","1","1","1","TIER_P1"
"EL55031","W950/31","Oil Filter","0","0","1","1","TIER_P5"
"EL55036","W950/36","Oil Filter","1","0","1","1","TIER_P5"
"EL55038","W950/38","Oil Filter","0","1","1","1","TIER_P4"
"EL55039","W950/39","Oil Filter","1","1","1","1","TIER_P1"
"EL59504","W950/4","Oil Filter","1","0","1","1","TIER_P5"
"EL55040","W950/40","Oil Filter","1","1","1","1","TIER_P1"
"EL55041","W950/41","Oil Filter","1","0","1","1","TIER_P5"
"EL55042","W950/42","Oil Filter","1","1","1","1","TIER_P1"
"EL55044","W950/44","Oil Filter","1","1","1","1","TIER_P1"
"EL55047","W950/47","Oil Filter","1","1","1","1","TIER_P1"
"EL55048","W950/48","Oil Filter","1","1","1","1","TIER_P1"
"EL59505","W950/5","Oil Filter","0","0","1","1","TIER_P5"
"EL59507","W950/7","Oil Filter","1","0","1","1","TIER_P5"
"EL55071","W950/71","Oil Filter","0","1","1","1","TIER_P4"
"EL59508","W950/8","Oil Filter","0","0","1","1","TIER_P5"
"EL59505","W9505","Oil Filter","0","0","1","1","TIER_P5"
"ELW9506","W9506","Oil Filter","0","0","0","0","TIER_P5"
"EL50951","W951","Oil Filter","1","0","1","1","TIER_P5"
"EL59511","W951/1","Oil Filter","0","1","0","1","TIER_P4"
"EL59515","W951/5","Oil Filter","1","0","1","1","TIER_P5"
"ELW953","W953","Oil Filter","0","0","0","0","TIER_P5"
"EL50954","W954","Oil Filter","0","1","0","1","TIER_P4"
"EL50961","W961","Oil Filter","0","0","1","1","TIER_P5"
"EL50962","W962","Oil Filter","1","1","1","1","TIER_P1"
"EL59621","W962/1","Oil Filter","1","1","1","1","TIER_P1"
"EL56211","W962/11","Oil Filter","0","0","1","1","TIER_P5"
"EL56213","W962/13","Oil Filter","1","1","1","1","TIER_P1"
"EL56214","W962/14","Oil Filter","1","1","1","1","TIER_P1"
"EL56215","W962/15","Oil Filter","1","1","1","1","TIER_P1"
"EL59622","W962/2","Oil Filter","1","0","1","1","TIER_P5"
"EL56226","W962/26","Oil Filter","1","1","1","1","TIER_P1"
"EL56227","W962/27","Oil Filter","1","1","1","1","TIER_P1"
"EL56228","W962/28","Oil Filter","1","1","1","1","TIER_P1"
"EL56232","W962/32","Oil Filter","1","1","1","1","TIER_P1"
"EL56236","W962/36","Oil Filter","1","1","1","1","TIER_P1"
"EL56238","W962/38","Oil Filter","1","1","1","1","TIER_P1"
"EL56247","W962/47","Oil Filter","1","0","1","1","TIER_P5"
"EL56250","W962/50","Oil Filter","0","1","1","1","TIER_P4"
"EL56253","W962/53","Oil Filter","1","1","1","1","TIER_P1"
"EL56258","W962/58","Oil Filter","1","0","1","1","TIER_P5"
"EL59626","W962/6","Oil Filter","1","0","1","1","TIER_P5"
"EL52610","W962/6(10)","Oil Filter","1","1","1","1","TIER_P1"
"EL59627","W962/7","Oil Filter","1","1","1","1","TIER_P1"
"EL56271","W962/71","Oil Filter","1","1","1","1","TIER_P1"
"EL59628","W962/8","Oil Filter","1","0","1","1","TIER_P5"
"EL51144","WA1144","Oil Filter","0","0","1","1","TIER_P5"
"ELWA12262","WA12262","Oil Filter","0","0","0","0","TIER_P5"
"ELWA12299","WA12299","Oil Filter","0","0","0","0","TIER_P5"
"EL59001","WA9001","Oil Filter","0","0","1","1","TIER_P5"
"EL59002","WA9002","Oil Filter","1","0","1","1","TIER_P5"
"EL59004","WA9004","Oil Filter","1","0","1","1","TIER_P5"
"EL59005","WA9005","Oil Filter","1","0","1","1","TIER_P5"
"EL59006","WA9006","Oil Filter","1","0","1","1","TIER_P5"
"EL59110","WA9110","Oil Filter","0","1","1","1","TIER_P4"
"ELWA912","WA912","Oil Filter","0","0","0","0","TIER_P5"
"EL59140","WA9140","Oil Filter","1","0","1","1","TIER_P5"
"EL59190","WA9190","Oil Filter","0","0","1","1","TIER_P5"
"ELWA9211","WA921/1","Oil Filter","0","0","0","1","TIER_P5"
"EL50923","WA923","Oil Filter","0","0","1","1","TIER_P5"
"EL59231","WA923/1","Oil Filter","0","0","1","1","TIER_P5"
"EL59232","WA923/2","Oil Filter","1","0","1","1","TIER_P5"
"EL59233","WA923/3","Oil Filter","1","0","1","1","TIER_P5"
"EL59235","WA923/5","Oil Filter","0","0","1","1","TIER_P5"
"EL59236","WA923/6","Oil Filter","0","0","1","1","TIER_P5"
"EL59238","WA923/8","Oil Filter","0","1","0","0","TIER_P4"
"ELWA926","WA926","Oil Filter","0","0","0","0","TIER_P5"
"EL50940","WA940","Oil Filter","1","1","0","1","TIER_P3"
"EL59401","WA940/1","Oil Filter","1","0","1","1","TIER_P5"
"EL54010","WA940/10","Oil Filter","1","1","0","1","TIER_P3"
"EL54011","WA940/11","Oil Filter","0","0","1","1","TIER_P5"
"EL54012","WA940/12","Oil Filter","0","0","1","1","TIER_P5"
"EL54015","WA940/15","Oil Filter","0","0","1","1","TIER_P5"
"EL54017","WA940/17","Oil Filter","0","0","1","1","TIER_P5"
"EL54018","WA940/18","Oil Filter","1","0","1","1","TIER_P5"
"EL54019","WA940/19","Oil Filter","0","1","1","1","TIER_P4"
"EL54022","WA940/22","Oil Filter","1","1","0","0","TIER_P3"
"EL54023","WA940/23","Oil Filter","1","1","0","0","TIER_P3"
"EL59403","WA940/3","Oil Filter","1","1","0","0","TIER_P3"
"EL59405","WA940/5","Oil Filter","1","1","0","1","TIER_P3"
"EL59406","WA940/6","Oil Filter","0","1","1","1","TIER_P4"
"EL59407","WA940/7","Oil Filter","1","0","1","1","TIER_P5"
"EL59409","WA940/9","Oil Filter","0","0","1","1","TIER_P5"
"EL50950","WA950","Oil Filter","0","0","1","1","TIER_P5"
"EL59562","WA956/2","Oil Filter","1","0","1","1","TIER_P5"
"EL59563","WA956/3","Oil Filter","0","0","1","1","TIER_P5"
"EL50001","WD10001X","Oil Filter","1","0","1","1","TIER_P5"
"EL50002","WD10002","Oil Filter","1","0","1","1","TIER_P5"
"EL50004","WD10004","Oil Filter","1","0","1","1","TIER_P5"
"EL50005","WD10005","Oil Filter","1","0","1","1","TIER_P5"
"EL50006","WD10006","Oil Filter","1","0","1","1","TIER_P5"
"EL50007","WD10007","Oil Filter","1","0","1","1","TIER_P5"
"EL50008","WD10008","Oil Filter","1","0","1","1","TIER_P5"
"EL50009","WD10009","Oil Filter","1","0","1","1","TIER_P5"
"EL50010","WD10010","Oil Filter","1","0","1","1","TIER_P5"
"EL50011","WD10011","Oil Filter","1","0","1","1","TIER_P5"
"EL50012","WD10012","Oil Filter","1","0","1","1","TIER_P5"
"EL50013","WD10013","Oil Filter","1","0","1","1","TIER_P5"
"EL50014","WD10014","Oil Filter","1","0","1","1","TIER_P5"
"EL50015","WD10015","Oil Filter","1","0","1","1","TIER_P5"
"EL50016","WD10016","Oil Filter","1","0","1","1","TIER_P5"
"EL50017","WD10017X","Oil Filter","1","0","1","1","TIER_P5"
"EL50018","WD10018","Oil Filter","1","0","1","1","TIER_P5"
"EL50019","WD10019","Oil Filter","1","0","1","1","TIER_P5"
"EL50020","WD10020","Oil Filter","1","0","1","1","TIER_P5"
"EL50021","WD10021","Oil Filter","1","0","1","1","TIER_P5"
"EL50022","WD10022","Oil Filter","1","0","1","1","TIER_P5"
"EL50025","WD10025","Oil Filter","1","0","1","1","TIER_P5"
"EL50026","WD10026","Oil Filter","1","0","1","1","TIER_P5"
"EL50027","WD10027","Oil Filter","1","0","1","1","TIER_P5"
"EL50028","WD10028","Oil Filter","1","0","1","1","TIER_P5"
"EL51001","WD11001","Oil Filter","1","0","1","1","TIER_P5"
"EL51002","WD11002","Oil Filter","1","0","1","1","TIER_P5"
"EL51003","WD11003","Oil Filter","1","0","1","1","TIER_P5"
"EL51004","WD11004","Oil Filter","1","0","1","1","TIER_P5"
"EL51005","WD11005","Oil Filter","1","0","1","1","TIER_P5"
"EL52002","WD12002","Oil Filter","1","0","1","1","TIER_P5"
"ELWD13002","WD13002","Oil Filter","0","0","0","0","TIER_P5"
"EL53003","WD13003X","Oil Filter","1","0","1","1","TIER_P5"
"ELWD13004","WD13004","Oil Filter","0","0","0","0","TIER_P5"
"EL53005","WD13005X","Oil Filter","1","0","1","1","TIER_P5"
"EL53006","WD13006X","Oil Filter","1","0","1","1","TIER_P5"
"EL53007","WD13007X","Oil Filter","1","0","1","1","TIER_P5"
"EL53008","WD13008X","Oil Filter","1","0","1","1","TIER_P5"
"EL53009","WD13009X","Oil Filter","1","0","1","1","TIER_P5"
"ELWD130102X","WD13010/2X","Oil Filter","0","0","0","0","TIER_P5"
"EL53011","WD13011X","Oil Filter","1","0","1","1","TIER_P5"
"EL53012","WD13012","Oil Filter","1","0","1","1","TIER_P5"
"EL53013","WD13013","Oil Filter","1","0","1","1","TIER_P5"
"EL53014","WD13014","Oil Filter","1","0","1","1","TIER_P5"
"EL53015","WD13015","Oil Filter","1","0","1","1","TIER_P5"
"EL53016","WD13016","Oil Filter","1","0","1","1","TIER_P5"
"EL53017","WD13017","Oil Filter","1","0","1","1","TIER_P5"
"EL53125","WD13125","Oil Filter","1","1","0","0","TIER_P3"
"EL53145","WD13145","Oil Filter","1","0","1","1","TIER_P5"
"EL51451","WD13145/1","Oil Filter","1","0","1","1","TIER_P5"
"EL54510","WD13145/10","Oil Filter","1","1","0","1","TIER_P3"
"EL54514","WD13145/14","Oil Filter","1","0","1","1","TIER_P5"
"EL54515","WD13145/15","Oil Filter","0","0","1","1","TIER_P5"
"EL54517","WD13145/17","Oil Filter","1","0","1","1","TIER_P5"
"EL54518","WD13145/18","Oil Filter","1","0","1","1","TIER_P5"
"EL54520","WD13145/20","Oil Filter","0","0","1","1","TIER_P5"
"EL54523","WD13145/23","Oil Filter","1","0","1","1","TIER_P5"
"EL54524","WD13145/24","Oil Filter","1","0","1","1","TIER_P5"
"EL51453","WD13145/3","Oil Filter","1","0","1","1","TIER_P5"
"EL51454","WD13145/4","Oil Filter","1","0","1","1","TIER_P5"
"EL51455","WD13145/5","Oil Filter","1","0","1","1","TIER_P5"
"EL51456","WD13145/6","Oil Filter","1","1","0","1","TIER_P3"
"EL51458","WD13145/8","Oil Filter","1","0","1","1","TIER_P5"
"EL53146","WD13146Z","Oil Filter","1","0","1","1","TIER_P5"
"EL53147","WD13147Z","Oil Filter","1","0","1","1","TIER_P5"
"EL53148","WD13148Z","Oil Filter","1","0","1","1","TIER_P5"
"EL51374","WD1374","Oil Filter","1","0","1","1","TIER_P5"
"EL53745","WD1374/5","Oil Filter","1","0","1","1","TIER_P5"
"EL53746","WD1374/6","Oil Filter","1","0","1","1","TIER_P5"
"EL53747","WD1374/7","Oil Filter","0","1","0","1","TIER_P4"
"EL54002","WD14002","Oil Filter","1","0","1","1","TIER_P5"
"EL54004","WD14004","Oil Filter","1","0","1","1","TIER_P5"
"EL54007","WD14007","Oil Filter","1","0","1","1","TIER_P5"
"EL57002","WD7002","Oil Filter","1","0","1","1","TIER_P5"
"ELWD7242","WD724/2","Oil Filter","0","0","0","1","TIER_P5"
"EL57243","WD724/3","Oil Filter","0","0","1","1","TIER_P5"
"EL57244","WD724/4","Oil Filter","0","0","1","1","TIER_P5"
"EL57245","WD724/5","Oil Filter","1","0","1","1","TIER_P5"
"EL57246","WD724/6","Oil Filter","1","0","1","1","TIER_P5"
"EL57312","WD731/2","Oil Filter","1","0","1","1","TIER_P5"
"EL57314","WD731/4","Oil Filter","0","0","1","1","TIER_P5"
"EL58001","WD8001","Oil Filter","1","0","1","1","TIER_P5"
"EL58002","WD8002","Oil Filter","1","0","1","1","TIER_P5"
"EL58005","WD8005","Oil Filter","1","0","1","1","TIER_P5"
"EL58006","WD8006","Oil Filter","1","0","1","1","TIER_P5"
"EL58009","WD8009","Oil Filter","1","0","1","1","TIER_P5"
"EL58010","WD8010","Oil Filter","1","0","1","1","TIER_P5"
"EL58011","WD8011","Oil Filter","1","0","1","1","TIER_P5"
"EL59001","WD9001","Oil Filter","0","0","1","1","TIER_P5"
"EL59004","WD9004","Oil Filter","0","1","1","1","TIER_P4"
"EL59027","WD9027","Oil Filter","1","0","1","1","TIER_P5"
"EL59028","WD9028","Oil Filter","1","0","1","1","TIER_P5"
"EL59029","WD9029","Oil Filter","1","0","1","1","TIER_P5"
"EL50920","WD920","Oil Filter","1","0","1","1","TIER_P5"
"EL59202","WD920/2","Oil Filter","1","1","0","1","TIER_P3"
"EL59203","WD920/3","Oil Filter","1","0","1","1","TIER_P5"
"EL59205","WD920/5","Oil Filter","0","0","1","1","TIER_P5"
"EL59207","WD920/7","Oil Filter","0","0","1","1","TIER_P5"
"EL59209","WD920/9","Oil Filter","1","0","1","1","TIER_P5"
"EL50940","WD940","Oil Filter","1","0","1","1","TIER_P5"
"EL54010","WD940/10","Oil Filter","1","0","1","1","TIER_P5"
"EL54011","WD940/11","Oil Filter","1","0","1","1","TIER_P5"
"EL54013","WD940/13","Oil Filter","1","0","1","1","TIER_P5"
"EL54014","WD940/14","Oil Filter","0","0","1","1","TIER_P5"
"EL54019","WD940/19","Oil Filter","1","0","1","1","TIER_P5"
"EL59402","WD940/2","Oil Filter","1","0","1","1","TIER_P5"
"EL54022","WD940/22","Oil Filter","1","0","1","1","TIER_P5"
"EL54025","WD940/25","Oil Filter","1","0","1","1","TIER_P5"
"ELWD94026","WD940/26","Oil Filter","1","0","0","1","TIER_P5"
"EL59404","WD940/4","Oil Filter","1","0","1","1","TIER_P5"
"EL59406","WD940/6","Oil Filter","0","1","0","1","TIER_P4"
"EL50950","WD950","Oil Filter","1","0","1","1","TIER_P5"
"EL59501","WD950/1","Oil Filter","0","1","0","1","TIER_P4"
"EL59502","WD950/2","Oil Filter","1","0","1","1","TIER_P5"
"EL59503","WD950/3","Oil Filter","1","0","1","1","TIER_P5"
"EL59504","WD950/4","Oil Filter","1","0","1","1","TIER_P5"
"EL59505","WD950/5","Oil Filter","1","0","1","1","TIER_P5"
"EL50962","WD962","Oil Filter","1","0","1","1","TIER_P5"
"EL56211","WD962/11","Oil Filter","0","1","1","1","TIER_P4"
"EL56212","WD962/12","Oil Filter","0","1","1","1","TIER_P4"
"EL56214","WD962/14","Oil Filter","0","0","1","1","TIER_P5"
"EL56215","WD962/15","Oil Filter","1","0","1","1","TIER_P5"
"EL56219","WD962/19","Oil Filter","1","0","1","1","TIER_P5"
"EL56221","WD962/21","Oil Filter","0","1","1","1","TIER_P4"
"EL56224","WD962/24","Oil Filter","1","0","1","1","TIER_P5"
"EL56232","WD962/32","Oil Filter","1","0","1","1","TIER_P5"
"EL59624","WD962/4","Oil Filter","0","1","1","1","TIER_P4"
"EL59625","WD962/5","Oil Filter","0","1","1","1","TIER_P4"
"EL59628","WD962/8","Oil Filter","1","0","1","1","TIER_P5"
"EL59629","WD962/9","Oil Filter","1","0","1","1","TIER_P5"
"EL51001","WDK11001","Oil Filter","1","0","1","1","TIER_P5"
"ELWDK11102","WDK11102","Oil Filter","0","0","0","1","TIER_P5"
"EL51021","WDK11102/1","Oil Filter","0","0","1","1","TIER_P5"
"EL50210","WDK11102/10","Oil Filter","1","0","1","1","TIER_P5"
"EL50211","WDK11102/11","Oil Filter","0","0","1","1","TIER_P5"
"EL50213","WDK11102/13","Oil Filter","1","0","1","1","TIER_P5"
"ELWDK1110214","WDK11102/14","Oil Filter","0","0","0","0","TIER_P5"
"ELWDK1110217","WDK11102/17","Oil Filter","1","0","0","1","TIER_P5"
"EL51022","WDK11102/2","Oil Filter","1","0","1","1","TIER_P5"
"EL50221","WDK11102/21","Oil Filter","1","0","1","1","TIER_P5"
"EL50223","WDK11102/23","Oil Filter","0","1","1","1","TIER_P4"
"EL50224","WDK11102/24","Oil Filter","1","0","1","1","TIER_P5"
"EL50228","WDK11102/28","Oil Filter","1","0","1","1","TIER_P5"
"EL51024","WDK11102/4","Oil Filter","0","0","1","1","TIER_P5"
"ELWDK1110242","WDK11102/42","Oil Filter","0","0","0","0","TIER_P5"
"EL51025","WDK11102/5","Oil Filter","1","0","1","1","TIER_P5"
"ELWDK111026","WDK11102/6","Oil Filter","0","0","0","0","TIER_P5"
"ELWDK111027","WDK11102/7","Oil Filter","0","0","0","0","TIER_P5"
"ELWDK111028","WDK11102/8","Oil Filter","0","0","0","1","TIER_P5"
"ELWDK1110289","WDK11102/89","Oil Filter","0","0","0","1","TIER_P5"
"EL51029","WDK11102/9","Oil Filter","0","0","1","1","TIER_P5"
"ELWDK1170","WDK1170","Oil Filter","1","0","0","1","TIER_P5"
"EL53145","WDK13145","Oil Filter","1","0","1","1","TIER_P5"
"ELWDK131451","WDK13145/1","Oil Filter","0","0","0","1","TIER_P5"
"ELWDK131452","WDK13145/2","Oil Filter","1","0","0","1","TIER_P5"
"ELWDK1314598","WDK13145/98","Oil Filter","0","0","0","0","TIER_P5"
"EL57001","WDK7001","Oil Filter","1","0","1","1","TIER_P5"
"EL50719","WDK719","Oil Filter","1","0","1","1","TIER_P5"
"ELWDK7192","WDK719/2","Oil Filter","1","0","0","1","TIER_P5"
"ELWDK724","WDK724","Oil Filter","0","0","0","1","TIER_P5"
"EL57241","WDK724/1","Oil Filter","1","0","1","1","TIER_P5"
"EL57245","WDK724/5","Oil Filter","1","0","1","1","TIER_P5"
"EL50725","WDK725","Oil Filter","1","0","1","1","TIER_P5"
"EL58001","WDK8001","Oil Filter","0","0","1","0","TIER_P5"
"EL58003","WDK8003","Oil Filter","1","0","1","1","TIER_P5"
"EL59002","WDK9002","Oil Filter","1","0","1","1","TIER_P5"
"EL59003","WDK9003","Oil Filter","1","0","1","1","TIER_P5"
"EL59004","WDK9004","Oil Filter","1","0","1","1","TIER_P5"
"EL59005","WDK9005","Oil Filter","1","0","1","1","TIER_P5"
"EL59006","WDK9006","Oil Filter","1","0","1","1","TIER_P5"
"EL59100","WDK9100","Oil Filter","0","1","1","1","TIER_P4"
"EL51002","WDK9100/2","Oil Filter","1","0","1","1","TIER_P5"
"EL50925","WDK925","Oil Filter","1","0","1","1","TIER_P5"
"ELWDK9283","WDK928/3","Oil Filter","0","0","0","1","TIER_P5"
"EL59401","WDK940/1","Oil Filter","1","0","1","1","TIER_P5"
"EL54020","WDK940/20","Oil Filter","1","0","1","1","TIER_P5"
"ELWDK94023","WDK940/23","Oil Filter","1","0","0","1","TIER_P5"
"EL59405","WDK940/5","Oil Filter","1","0","1","1","TIER_P5"
"EL59406","WDK940/6","Oil Filter","1","0","1","1","TIER_P5"
"EL59407","WDK940/7","Oil Filter","1","0","1","1","TIER_P5"
"EL59408","WDK940/8","Oil Filter","0","1","1","1","TIER_P4"
"EL50950","WDK950","Oil Filter","1","0","1","1","TIER_P5"
"EL59501","WDK950/1","Oil Filter","1","0","1","1","TIER_P5"
"EL59621","WDK962/1","Oil Filter","1","0","1","1","TIER_P5"
"ELWDK96210","WDK962/10","Oil Filter","0","0","0","1","TIER_P5"
"ELWDK96211","WDK962/11","Oil Filter","1","0","0","1","TIER_P5"
"EL56212","WDK962/12","Oil Filter","1","0","1","1","TIER_P5"
"ELWDK9621210","WDK962/12(10)","Oil Filter","0","0","0","1","TIER_P5"
"ELWDK96213","WDK962/13","Oil Filter","0","0","0","0","TIER_P5"
"ELWDK96214","WDK962/14","Oil Filter","1","0","0","1","TIER_P5"
"ELWDK96215","WDK962/15","Oil Filter","0","0","0","1","TIER_P5"
"EL56216","WDK962/16","Oil Filter","1","0","1","1","TIER_P5"
"EL56217","WDK962/17","Oil Filter","1","0","1","1","TIER_P5"
"ELWDK96218","WDK962/18","Oil Filter","0","0","0","0","TIER_P5"
"EL56220","WDK962/20","Oil Filter","1","0","1","1","TIER_P5"
"EL59628","WDK962/8","Oil Filter","0","1","1","1","TIER_P4"
"ELWDK999","WDK999","Oil Filter","0","0","0","1","TIER_P5"
"EL59991","WDK999/1","Oil Filter","0","0","1","1","TIER_P5"
"ELWDK9992","WDK999/2","Oil Filter","0","0","0","0","TIER_P5"
"EL53145","WDV13145","Oil Filter","0","1","0","1","TIER_P4"
"EL50920","WDV920","Oil Filter","0","1","0","1","TIER_P4"
"EL50940","WDV940","Oil Filter","0","1","0","0","TIER_P4"
"EL59402","WDV940/2","Oil Filter","0","1","0","1","TIER_P4"
"EL59403","WDV940/3","Oil Filter","0","1","0","0","TIER_P4"
"EL50950","WDV950","Oil Filter","0","1","0","0","TIER_P4"
"EL59501","WDV950/1","Oil Filter","0","1","0","1","TIER_P4"
"EL50962","WDV962","Oil Filter","0","1","0","1","TIER_P4"
"ELWF912","WF912","Oil Filter","0","0","0","0","TIER_P5"
"EL50914","WF914","Oil Filter","1","1","0","0","TIER_P3"
"EL59142","WF914/2","Oil Filter","1","1","0","0","TIER_P3"
"ELWF9151","WF915/1","Oil Filter","0","0","0","0","TIER_P5"
"ELWF9156","WF915/6","Oil Filter","0","0","0","0","TIER_P5"
"EL50916","WF916","Oil Filter","0","1","0","0","TIER_P4"
"EL59161","WF916/1","Oil Filter","0","1","0","0","TIER_P4"
"EL50917","WF917","Oil Filter","0","1","0","0","TIER_P4"
"EL50920","WF920","Oil Filter","0","1","0","0","TIER_P4"
"EL59202","WF920/2","Oil Filter","0","1","0","0","TIER_P4"
"EL50930","WF930","Oil Filter","0","1","0","0","TIER_P4"
"EL59302","WF930/2","Oil Filter","0","1","0","0","TIER_P4"
"EL59303","WF930/3","Oil Filter","0","1","0","1","TIER_P4"
"ELWF9322","WF932/2","Oil Filter","0","0","0","0","TIER_P5"
"ELWF962","WF962","Oil Filter","0","0","0","0","TIER_P5"
"ELWF9622","WF962/2","Oil Filter","0","0","0","0","TIER_P5"
"ELWF9629","WF962/9","Oil Filter","0","0","0","0","TIER_P5"
"EL50001","WH10001","Oil Filter","1","0","1","1","TIER_P5"
"EL50003","WH10003","Oil Filter","0","1","0","1","TIER_P4"
"EL50004","WH10004","Oil Filter","1","0","1","1","TIER_P5"
"EL50005","WH10005","Oil Filter","1","0","1","1","TIER_P5"
"EL50006","WH10006","Oil Filter","1","0","1","1","TIER_P5"
"EL50007","WH10007","Oil Filter","1","0","1","1","TIER_P5"
"EL50008","WH10008","Oil Filter","1","0","1","1","TIER_P5"
"EL51001","WH11001X","Oil Filter","1","0","1","1","TIER_P5"
"EL52001","WH12001","Oil Filter","1","0","1","1","TIER_P5"
"EL52005","WH12005","Oil Filter","1","0","1","1","TIER_P5"
"EL52010","WH12010","Oil Filter","0","0","1","1","TIER_P5"
"EL51205","WH1205","Oil Filter","1","0","1","1","TIER_P5"
"EL51257","WH1257","Oil Filter","1","0","1","1","TIER_P5"
"EL52571","WH1257/1","Oil Filter","1","0","1","1","TIER_P5"
"EL52572","WH1257/2","Oil Filter","1","0","1","1","TIER_P5"
"EL52573","WH1257/3","Oil Filter","1","0","1","1","TIER_P5"
"EL52574","WH1257/4","Oil Filter","1","0","1","1","TIER_P5"
"EL52575","WH1257/5","Oil Filter","1","0","1","1","TIER_P5"
"EL51260","WH1260","Oil Filter","1","0","1","1","TIER_P5"
"EL51262","WH1262","Oil Filter","0","1","1","1","TIER_P4"
"EL51263","WH1263","Oil Filter","1","0","1","1","TIER_P5"
"EL57001","WH7001","Oil Filter","0","0","1","1","TIER_P5"
"EL50722","WH722","Oil Filter","0","0","1","1","TIER_P5"
"EL50723","WH723","Oil Filter","0","0","1","1","TIER_P5"
"EL50724","WH724","Oil Filter","1","0","1","1","TIER_P5"
"EL58001","WH8001","Oil Filter","0","0","1","1","TIER_P5"
"EL58002","WH8002","Oil Filter","1","0","1","1","TIER_P5"
"EL58003","WH8003","Oil Filter","1","0","1","1","TIER_P5"
"EL59001","WH9001","Oil Filter","0","0","1","1","TIER_P5"
"EL59002","WH9002","Oil Filter","0","1","1","1","TIER_P4"
"EL59004","WH9004","Oil Filter","1","0","1","1","TIER_P5"
"EL59005","WH9005","Oil Filter","0","0","1","1","TIER_P5"
"EL59007","WH9007","Oil Filter","0","0","1","1","TIER_P5"
"EL59011","WH9011","Oil Filter","1","0","1","1","TIER_P5"
"EL59012","WH9012","Oil Filter","1","0","1","1","TIER_P5"
"EL50945","WH945","Oil Filter","1","0","1","1","TIER_P5"
"EL59451","WH945/1","Oil Filter","1","0","1","1","TIER_P5"
"EL59452","WH945/2","Oil Filter","1","0","1","1","TIER_P5"
"EL59453","WH945/3","Oil Filter","1","0","1","1","TIER_P5"
"EL59454","WH945/4","Oil Filter","1","0","1","1","TIER_P5"
"EL50960","WH960","Oil Filter","1","0","1","1","TIER_P5"
"EL59602","WH960/2","Oil Filter","1","0","1","1","TIER_P5"
"EL50980","WH980","Oil Filter","1","0","1","1","TIER_P5"
"EL59801","WH980/1","Oil Filter","0","0","1","1","TIER_P5"
"EL59802","WH980/2","Oil Filter","1","0","1","1","TIER_P5"
"EL59803","WH980/3","Oil Filter","1","0","1","1","TIER_P5"
"EL58030","WH980/30","Oil Filter","0","1","1","1","TIER_P4"
"EL59807","WH980/7","Oil Filter","1","0","1","1","TIER_P5"
"EL59808","WH980/8","Oil Filter","1","0","1","1","TIER_P5"
"EL59809","WH980/9","Oil Filter","0","0","1","1","TIER_P5"
"EF50002","WK10002","Fuel Filter","0","0","1","1","TIER_P5"
"EF50003","WK10003","Fuel Filter","0","0","1","1","TIER_P5"
"EF50005","WK10005","Fuel Filter","1","0","1","0","TIER_P5"
"EF50006","WK10006Z","Fuel Filter","1","0","1","1","TIER_P5"
"EF50012","WK10012X","Fuel Filter","0","0","1","1","TIER_P5"
"EF50017","WK10017X","Fuel Filter","1","0","1","1","TIER_P5"
"EF50019","WK10019","Fuel Filter","1","0","1","1","TIER_P5"
"EF50020","WK10020","Fuel Filter","1","0","1","1","TIER_P5"
"EF50022","WK10022","Fuel Filter","1","0","1","1","TIER_P5"
"EF50027","WK10027","Fuel Filter","1","0","1","0","TIER_P5"
"EF50034","WK10034Z","Fuel Filter","1","0","1","1","TIER_P5"
"EF50036","WK10036","Fuel Filter","1","0","1","1","TIER_P5"
"EF50037","WK10037","Fuel Filter","1","0","1","1","TIER_P5"
"EFWK10040Z","WK10040Z","Fuel Filter","0","0","0","0","TIER_P5"
"EF50041","WK10041Z","Fuel Filter","1","0","1","1","TIER_P5"
"EF50046","WK10046Z","Fuel Filter","1","0","1","1","TIER_P5"
"EF50047","WK10047","Fuel Filter","1","0","1","1","TIER_P5"
"EF50048","WK10048","Fuel Filter","1","0","1","1","TIER_P5"
"EFWK10049","WK10049","Fuel Filter","0","0","0","0","TIER_P5"
"EF50050","WK10050","Fuel Filter","1","0","1","1","TIER_P5"
"EF50051","WK10051","Fuel Filter","1","0","1","1","TIER_P5"
"EFWK10053","WK10053","Fuel Filter","0","0","0","0","TIER_P5"
"EF50057","WK10057KIT","Fuel Filter","1","0","1","1","TIER_P5"
"EF50060","WK10060","Fuel Filter","1","0","1","0","TIER_P5"
"EF50062","WK10062","Fuel Filter","1","0","1","1","TIER_P5"
"EF50064","WK10064","Fuel Filter","1","0","1","1","TIER_P5"
"EF50065","WK10065","Fuel Filter","1","0","1","1","TIER_P5"
"EF51020","WK1020X","Fuel Filter","1","0","1","1","TIER_P5"
"EF51040","WK1040","Fuel Filter","0","0","1","1","TIER_P5"
"EF50401","WK1040/1X","Fuel Filter","1","0","1","1","TIER_P5"
"EF51060","WK1060","Fuel Filter","0","0","1","1","TIER_P5"
"EF50601","WK1060/1","Fuel Filter","0","0","1","1","TIER_P5"
"EFWK106010X","WK1060/10X","Fuel Filter","0","0","0","0","TIER_P5"
"EF50602","WK1060/2","Fuel Filter","0","1","0","0","TIER_P4"
"EF50603","WK1060/3X","Fuel Filter","1","0","1","1","TIER_P5"
"EF50604","WK1060/4","Fuel Filter","1","0","1","1","TIER_P5"
"EF50605","WK1060/5X","Fuel Filter","1","0","1","1","TIER_P5"
"EF50606","WK1060/6X","Fuel Filter","1","0","1","1","TIER_P5"
"EFWK10701X","WK1070/1X","Fuel Filter","0","0","0","0","TIER_P5"
"EFWK10702X","WK1070/2X","Fuel Filter","0","0","0","0","TIER_P5"
"EF51070","WK1070X","Fuel Filter","1","0","1","1","TIER_P5"
"EF50806","WK1080/6X","Fuel Filter","1","0","1","1","TIER_P5"
"EF50807","WK1080/7X","Fuel Filter","1","0","1","1","TIER_P5"
"EFWK1090","WK1090","Fuel Filter","0","0","0","0","TIER_P5"
"EF51001","WK11001X","Fuel Filter","1","0","1","1","TIER_P5"
"EF51002","WK11002X","Fuel Filter","1","0","1","1","TIER_P5"
"EF51003","WK11003Z","Fuel Filter","1","0","1","1","TIER_P5"
"EF51012","WK11012","Fuel Filter","1","0","1","1","TIER_P5"
"EF51014","WK11014","Fuel Filter","1","0","1","1","TIER_P5"
"EF51015","WK11015X","Fuel Filter","1","0","1","1","TIER_P5"
"EF51016","WK11016Z","Fuel Filter","1","0","1","1","TIER_P5"
"EF51017","WK11017","Fuel Filter","1","0","1","1","TIER_P5"
"EF50191","WK11019/1Z","Fuel Filter","1","0","1","1","TIER_P5"
"EF51019","WK11019Z","Fuel Filter","0","1","1","1","TIER_P4"
"EF50221","WK11022/1Z","Fuel Filter","1","0","1","1","TIER_P5"
"EF51022","WK11022Z","Fuel Filter","0","1","1","1","TIER_P4"
"EF51023","WK11023Z","Fuel Filter","1","0","1","1","TIER_P5"
"EF51024","WK11024","Fuel Filter","1","0","1","1","TIER_P5"
"EF50241","WK11024/1","Fuel Filter","1","0","1","1","TIER_P5"
"EF51025","WK11025","Fuel Filter","1","0","1","1","TIER_P5"
"EF51026","WK11026","Fuel Filter","1","0","1","1","TIER_P5"
"EF51027","WK11027","Fuel Filter","1","0","1","1","TIER_P5"
"EF51029","WK11029Z","Fuel Filter","0","0","1","1","TIER_P5"
"EF51030","WK11030X","Fuel Filter","1","0","1","1","TIER_P5"
"EF51038","WK11038Z","Fuel Filter","1","0","1","1","TIER_P5"
"EFWK11039Z","WK11039Z","Fuel Filter","0","0","0","0","TIER_P5"
"EF51040","WK11040X","Fuel Filter","1","0","1","1","TIER_P5"
"EF51042","WK11042Z","Fuel Filter","1","0","1","1","TIER_P5"
"EF51043","WK11043","Fuel Filter","1","0","1","1","TIER_P5"
"EF51044","WK11044","Fuel Filter","0","0","1","1","TIER_P5"
"EF51045","WK11045Z","Fuel Filter","1","0","1","1","TIER_P5"
"EF51046","WK11046","Fuel Filter","1","0","1","1","TIER_P5"
"EF51048","WK11048Z","Fuel Filter","1","0","1","1","TIER_P5"
"EFWK110502Z","WK11050/2Z","Fuel Filter","0","0","0","0","TIER_P5"
"EF51051","WK11051","Fuel Filter","1","0","1","1","TIER_P5"
"EF51052","WK11052","Fuel Filter","1","0","1","1","TIER_P5"
"EF51054","WK11054","Fuel Filter","1","0","1","1","TIER_P5"
"EF51055","WK11055","Fuel Filter","1","0","1","1","TIER_P5"
"EF51056","WK11056","Fuel Filter","1","0","1","1","TIER_P5"
"EF51057","WK11057Z","Fuel Filter","1","0","1","1","TIER_P5"
"EF51071","WK11071Z","Fuel Filter","1","0","1","1","TIER_P5"
"EF51072","WK11072Z","Fuel Filter","1","0","1","1","TIER_P5"
"EF51073","WK11073","Fuel Filter","1","0","1","1","TIER_P5"
"EF51074","WK11074Z","Fuel Filter","1","0","1","1","TIER_P5"
"EF51075","WK11075Z","Fuel Filter","1","0","1","1","TIER_P5"
"EFWK11076Z","WK11076Z","Fuel Filter","1","0","0","1","TIER_P5"
"EF51077","WK11077Z","Fuel Filter","1","0","1","1","TIER_P5"
"EF51025","WK11102/5","Fuel Filter","1","0","1","1","TIER_P5"
"EF51123","WK1123","Fuel Filter","1","0","1","1","TIER_P5"
"EF51231","WK1123/1","Fuel Filter","0","0","1","1","TIER_P5"
"EFWK1126","WK1126","Fuel Filter","0","0","0","0","TIER_P5"
"EF51136","WK1136","Fuel Filter","1","0","1","1","TIER_P5"
"EF51421","WK1142/1X","Fuel Filter","0","1","1","1","TIER_P4"
"EF51422","WK1142/2X","Fuel Filter","1","0","1","1","TIER_P5"
"EF51142","WK1142X","Fuel Filter","1","0","1","1","TIER_P5"
"EF51144","WK1144","Fuel Filter","1","0","1","1","TIER_P5"
"EF51145","WK1145","Fuel Filter","1","1","0","0","TIER_P3"
"EFWK1148","WK1148","Fuel Filter","0","0","0","0","TIER_P5"
"EF51149","WK1149","Fuel Filter","1","1","1","1","TIER_P1"
"EF51150","WK1150","Fuel Filter","0","1","1","1","TIER_P4"
"EF51502","WK1150/2","Fuel Filter","1","0","1","1","TIER_P5"
"EFWK1157","WK1157","Fuel Filter","0","0","0","0","TIER_P5"
"EFWK1163","WK1163","Fuel Filter","0","0","0","0","TIER_P5"
"EF51164","WK1164","Fuel Filter","0","1","0","0","TIER_P4"
"EFWK1165","WK1165","Fuel Filter","0","0","0","0","TIER_P5"
"EF51166","WK1166","Fuel Filter","1","0","1","1","TIER_P5"
"EF51168","WK1168","Fuel Filter","1","1","1","1","TIER_P1"
"EF51175","WK1175X","Fuel Filter","1","0","1","1","TIER_P5"
"EF51176","WK1176X","Fuel Filter","1","0","1","1","TIER_P5"
"EF52001","WK12001","Fuel Filter","0","1","1","1","TIER_P4"
"EF50011","WK12001/1","Fuel Filter","1","0","1","1","TIER_P5"
"EF52002","WK12002","Fuel Filter","1","0","1","1","TIER_P5"
"EF52003","WK12003","Fuel Filter","0","0","1","1","TIER_P5"
"EF52004","WK12004","Fuel Filter","1","0","1","1","TIER_P5"
"EF52006","WK12006","Fuel Filter","1","0","1","1","TIER_P5"
"EFWK12007","WK12007","Fuel Filter","0","0","0","0","TIER_P5"
"EF52008","WK12008","Fuel Filter","1","0","1","1","TIER_P5"
"EF52009","WK12009","Fuel Filter","1","0","1","1","TIER_P5"
"EF52010","WK12010","Fuel Filter","0","0","1","1","TIER_P5"
"EFWK12015X","WK12015X","Fuel Filter","0","0","0","1","TIER_P5"
"EF52020","WK12020","Fuel Filter","0","0","1","1","TIER_P5"
"EF52111","WK12111","Fuel Filter","1","0","1","1","TIER_P5"
"EFWK121111","WK12111/1","Fuel Filter","0","0","0","0","TIER_P5"
"EF52290","WK12290","Fuel Filter","0","1","1","1","TIER_P4"
"EF52901","WK12290/1","Fuel Filter","0","0","1","1","TIER_P5"
"EF51270","WK1270","Fuel Filter","1","0","1","1","TIER_P5"
"EF53001","WK13001","Fuel Filter","1","0","1","1","TIER_P5"
"EF53002","WK13002","Fuel Filter","1","0","1","1","TIER_P5"
"EF53003","WK13003","Fuel Filter","1","0","1","1","TIER_P5"
"EF54001","WK14001","Fuel Filter","1","0","1","1","TIER_P5"
"EF50021","WK21","Fuel Filter","1","1","1","1","TIER_P1"
"EF52110","WK21(10)","Fuel Filter","1","0","1","1","TIER_P5"
"EFWK211","WK21/1","Fuel Filter","0","0","0","1","TIER_P5"
"EF50212","WK21/2","Fuel Filter","0","1","0","1","TIER_P4"
"EF51210","WK21/2(10)","Fuel Filter","0","1","0","1","TIER_P4"
"EF50028","WK28","Fuel Filter","1","0","1","1","TIER_P5"
"EF50281","WK28/1","Fuel Filter","1","0","1","1","TIER_P5"
"EF53002","WK3002","Fuel Filter","1","1","0","0","TIER_P3"
"EF50210","WK3002(10)","Fuel Filter","1","0","1","1","TIER_P5"
"EF50031","WK31","Fuel Filter","0","1","0","0","TIER_P4"
"EF50311","WK31/1","Fuel Filter","0","1","0","0","TIER_P4"
"EF53111","WK31/11","Fuel Filter","1","1","1","1","TIER_P1"
"EF51110","WK31/11(10)","Fuel Filter","1","0","1","1","TIER_P5"
"EF50312","WK31/2","Fuel Filter","1","0","1","1","TIER_P5"
"EF51210","WK31/2(10)","Fuel Filter","1","0","1","1","TIER_P5"
"EF52100","WK31/2(100)","Fuel Filter","1","0","1","1","TIER_P5"
"EF50313","WK31/3","Fuel Filter","0","1","0","1","TIER_P4"
"EF50314","WK31/4","Fuel Filter","0","0","1","1","TIER_P5"
"EF51410","WK31/4(10)","Fuel Filter","1","0","1","1","TIER_P5"
"EF50315","WK31/5","Fuel Filter","0","0","1","1","TIER_P5"
"EF51510","WK31/5(10)","Fuel Filter","1","0","1","1","TIER_P5"
"EF50316","WK31/6","Fuel Filter","0","1","0","1","TIER_P4"
"EF50317","WK31/7","Fuel Filter","0","1","0","1","TIER_P4"
"EF50318","WK31/8","Fuel Filter","0","1","0","1","TIER_P4"
"EFWK3180","WK31/80","Fuel Filter","0","0","0","1","TIER_P5"
"EF50319","WK31/9","Fuel Filter","0","1","0","1","TIER_P4"
"EF50032","WK32","Fuel Filter","1","0","1","1","TIER_P5"
"EF53210","WK32(10)","Fuel Filter","1","0","1","1","TIER_P5"
"EF50321","WK32/1","Fuel Filter","0","1","0","1","TIER_P4"
"EF50322","WK32/2","Fuel Filter","0","1","0","0","TIER_P4"
"EF50323","WK32/3","Fuel Filter","0","0","1","1","TIER_P5"
"EF50324","WK32/4","Fuel Filter","0","0","1","1","TIER_P5"
"EF50325","WK32/5","Fuel Filter","0","0","1","1","TIER_P5"
"EF50326","WK32/6","Fuel Filter","1","0","1","1","TIER_P5"
"EF50327","WK32/7","Fuel Filter","1","0","1","1","TIER_P5"
"EF54001","WK4001","Fuel Filter","1","0","1","1","TIER_P5"
"EF54002","WK4002","Fuel Filter","1","0","1","1","TIER_P5"
"EFWK408","WK408","Fuel Filter","0","0","0","0","TIER_P5"
"EFWK41","WK41","Fuel Filter","0","0","0","0","TIER_P5"
"EF50410","WK410","Fuel Filter","1","0","1","1","TIER_P5"
"EF50413","WK413","Fuel Filter","1","0","1","1","TIER_P5"
"EF50042","WK42","Fuel Filter","0","1","0","1","TIER_P4"
"EF50421","WK42/1","Fuel Filter","1","0","1","1","TIER_P5"
"EF54210","WK42/10","Fuel Filter","1","0","1","1","TIER_P5"
"EF54211","WK42/11","Fuel Filter","0","0","1","1","TIER_P5"
"EF54212","WK42/12","Fuel Filter","1","0","1","1","TIER_P5"
"EF54213","WK42/13","Fuel Filter","0","1","0","1","TIER_P4"
"EF54214","WK42/14","Fuel Filter","1","0","1","1","TIER_P5"
"EF50422","WK42/2","Fuel Filter","1","0","1","1","TIER_P5"
"EF50424","WK42/4","Fuel Filter","1","0","1","1","TIER_P5"
"EF52410","WK42/4(10)","Fuel Filter","1","0","1","1","TIER_P5"
"EF50425","WK42/5","Fuel Filter","1","0","1","1","TIER_P5"
"EF50426","WK42/6","Fuel Filter","0","0","1","1","TIER_P5"
"EF50427","WK42/7","Fuel Filter","1","0","1","1","TIER_P5"
"EF50428","WK42/8","Fuel Filter","0","0","1","1","TIER_P5"
"EF54280","WK42/80","Fuel Filter","0","0","1","1","TIER_P5"
"EF54281","WK42/81","Fuel Filter","1","0","1","1","TIER_P5"
"EF54282","WK42/82","Fuel Filter","0","0","1","1","TIER_P5"
"EF54283","WK42/83","Fuel Filter","0","0","1","1","TIER_P5"
"EFWK429","WK42/9","Fuel Filter","0","0","0","1","TIER_P5"
"EF50043","WK43","Fuel Filter","0","1","0","1","TIER_P4"
"EF50431","WK43/1","Fuel Filter","0","1","0","1","TIER_P4"
"EF54312","WK43/12","Fuel Filter","1","0","1","1","TIER_P5"
"EF51210","WK43/12(10)","Fuel Filter","1","0","1","1","TIER_P5"
"EF54313","WK43/13","Fuel Filter","1","1","1","1","TIER_P1"
"EF51310","WK43/13(10)","Fuel Filter","1","0","1","1","TIER_P5"
"EFWK435","WK43/5","Fuel Filter","0","0","0","0","TIER_P5"
"EF50438","WK43/8","Fuel Filter","0","0","1","1","TIER_P5"
"EF50446","WK44/6","Fuel Filter","0","0","1","1","TIER_P5"
"EF50447","WK44/7","Fuel Filter","0","0","1","1","TIER_P5"
"EF50045","WK45","Fuel Filter","0","0","1","1","TIER_P5"
"EF50451","WK45/1","Fuel Filter","0","1","0","1","TIER_P4"
"EF50047","WK47","Fuel Filter","0","0","1","1","TIER_P5"
"EFWK478","WK478","Fuel Filter","0","0","0","1","TIER_P5"
"EF55001","WK5001","Fuel Filter","1","0","1","1","TIER_P5"
"EF55002","WK5002","Fuel Filter","1","0","1","1","TIER_P5"
"EF55002","WK5002X","Fuel Filter","0","1","1","1","TIER_P4"
"EF55003","WK5003","Fuel Filter","1","0","1","1","TIER_P5"
"EF50051","WK5005/1","Fuel Filter","1","0","1","1","TIER_P5"
"EF50051","WK5005/1Z","Fuel Filter","0","1","1","1","TIER_P4"
"EF55005","WK5005Z","Fuel Filter","0","1","0","1","TIER_P4"
"EF55008","WK5008","Fuel Filter","1","1","0","0","TIER_P3"
"EFWK5009","WK5009","Fuel Filter","0","0","0","0","TIER_P5"
"EF55010","WK5010","Fuel Filter","1","0","1","1","TIER_P5"
"EF55010","WK5010Z","Fuel Filter","0","1","1","1","TIER_P4"
"EFWK5013","WK5013","Fuel Filter","0","0","0","0","TIER_P5"
"EFWK5014","WK5014","Fuel Filter","0","0","0","0","TIER_P5"
"EF55015","WK5015","Fuel Filter","1","0","1","1","TIER_P5"
"EF55015","WK5015Z","Fuel Filter","0","1","1","1","TIER_P4"
"EF55016","WK5016","Fuel Filter","1","0","1","1","TIER_P5"
"EF55016","WK5016Z","Fuel Filter","0","1","1","1","TIER_P4"
"EF55017","WK5017","Fuel Filter","1","0","1","1","TIER_P5"
"EFWK5018","WK5018","Fuel Filter","0","0","0","0","TIER_P5"
"EFWK5019","WK5019","Fuel Filter","0","0","0","0","TIER_P5"
"EF55020","WK5020XKIT","Fuel Filter","1","0","1","1","TIER_P5"
"EF55021","WK5021","Fuel Filter","1","0","1","1","TIER_P5"
"EFWK5022","WK5022","Fuel Filter","0","0","0","0","TIER_P5"
"EF55025","WK5025","Fuel Filter","1","0","1","1","TIER_P5"
"EFWK5026","WK5026","Fuel Filter","0","0","0","0","TIER_P5"
"EF55027","WK5027","Fuel Filter","1","0","1","1","TIER_P5"
"EF55028","WK5028","Fuel Filter","1","0","1","1","TIER_P5"
"EFWK5029","WK5029","Fuel Filter","0","0","0","0","TIER_P5"
"EFWK5036","WK5036","Fuel Filter","0","0","0","0","TIER_P5"
"EF55037","WK5037","Fuel Filter","1","0","1","1","TIER_P5"
"EF50504","WK504","Fuel Filter","0","0","1","1","TIER_P5"
"EFWK509","WK509","Fuel Filter","0","0","0","0","TIER_P5"
"EF50510","WK510","Fuel Filter","1","0","1","1","TIER_P5"
"EF55111","WK511/1","Fuel Filter","1","0","1","1","TIER_P5"
"EF55112","WK511/2","Fuel Filter","1","0","1","1","TIER_P5"
"EF50512","WK512","Fuel Filter","1","0","1","1","TIER_P5"
"EF55121","WK512/1","Fuel Filter","1","0","1","1","TIER_P5"
"EF55122","WK512/2","Fuel Filter","0","0","1","1","TIER_P5"
"EF55133","WK513/3","Fuel Filter","1","0","1","1","TIER_P5"
"EF55134","WK513/4","Fuel Filter","0","0","1","1","TIER_P5"
"EF55135","WK513/5","Fuel Filter","0","0","1","1","TIER_P5"
"EF50515","WK515","Fuel Filter","0","1","1","1","TIER_P4"
"EF50516","WK516","Fuel Filter","1","0","1","1","TIER_P5"
"EF55161","WK516/1","Fuel Filter","1","0","1","1","TIER_P5"
"EF55162","WK516/2","Fuel Filter","1","0","1","1","TIER_P5"
"EF50519","WK519","Fuel Filter","0","1","0","1","TIER_P4"
"EF50052","WK52","Fuel Filter","0","0","1","1","TIER_P5"
"EF50521","WK52/1","Fuel Filter","1","0","1","1","TIER_P5"
"EF50521","WK521","Fuel Filter","0","1","1","1","TIER_P4"
"EFWK5211","WK521/1","Fuel Filter","0","0","0","1","TIER_P5"
"EF55212","WK521/2","Fuel Filter","1","0","1","1","TIER_P5"
"EF55213","WK521/3","Fuel Filter","1","0","1","1","TIER_P5"
"EF55214","WK521/4","Fuel Filter","1","0","1","1","TIER_P5"
"EF50522","WK522","Fuel Filter","1","0","1","1","TIER_P5"
"EF50523","WK523","Fuel Filter","0","1","0","1","TIER_P4"
"EF50053","WK53","Fuel Filter","1","0","1","1","TIER_P5"
"EF50532","WK532","Fuel Filter","1","0","1","1","TIER_P5"
"EF55321","WK532/1","Fuel Filter","1","0","1","1","TIER_P5"
"EF55322","WK532/2","Fuel Filter","1","0","1","1","TIER_P5"
"EF50533","WK533","Fuel Filter","1","0","1","1","TIER_P5"
"EF50054","WK54","Fuel Filter","1","0","1","1","TIER_P5"
"EF50551","WK55/1","Fuel Filter","1","0","1","1","TIER_P5"
"EF50552","WK55/2","Fuel Filter","1","0","1","1","TIER_P5"
"EF50553","WK55/3","Fuel Filter","1","0","1","1","TIER_P5"
"EFWK554","WK55/4","Fuel Filter","0","0","0","0","TIER_P5"
"EF50056","WK56","Fuel Filter","0","0","1","1","TIER_P5"
"EF50562","WK56/2","Fuel Filter","0","0","1","1","TIER_P5"
"EF50563","WK56/3","Fuel Filter","0","0","1","1","TIER_P5"
"EF50057","WK57","Fuel Filter","0","0","1","1","TIER_P5"
"EFWK582","WK58/2","Fuel Filter","0","0","0","0","TIER_P5"
"EFWK584","WK58/4","Fuel Filter","0","0","0","0","TIER_P5"
"EF50059","WK59X","Fuel Filter","1","0","1","1","TIER_P5"
"EF56001","WK6001","Fuel Filter","1","0","1","1","TIER_P5"
"EF56002","WK6002","Fuel Filter","1","0","1","1","TIER_P5"
"EF56003","WK6003","Fuel Filter","1","0","1","1","TIER_P5"
"EF56004","WK6004","Fuel Filter","1","0","1","1","TIER_P5"
"EF56006","WK6006","Fuel Filter","1","1","0","0","TIER_P3"
"EF56008","WK6008","Fuel Filter","1","0","1","1","TIER_P5"
"EF56011","WK6011","Fuel Filter","1","0","1","1","TIER_P5"
"EF56012","WK6012","Fuel Filter","1","0","1","1","TIER_P5"
"EF56013","WK6013","Fuel Filter","1","0","1","1","TIER_P5"
"EF56015","WK6015","Fuel Filter","1","0","1","1","TIER_P5"
"EF56021","WK6021","Fuel Filter","1","0","1","1","TIER_P5"
"EF56030","WK6030","Fuel Filter","1","0","1","1","TIER_P5"
"EF56031","WK6031","Fuel Filter","1","0","1","1","TIER_P5"
"EF56031","WK6031M","Fuel Filter","1","1","0","0","TIER_P3"
"EF56032","WK6032","Fuel Filter","1","0","1","1","TIER_P5"
"EF56034","WK6034","Fuel Filter","1","0","1","1","TIER_P5"
"EF56037","WK6037","Fuel Filter","1","0","1","1","TIER_P5"
"EF56038","WK6038","Fuel Filter","1","0","1","1","TIER_P5"
"EF56039","WK6039","Fuel Filter","0","0","1","1","TIER_P5"
"EFWK6040","WK6040","Fuel Filter","0","0","0","0","TIER_P5"
"EFWK6043","WK6043","Fuel Filter","0","0","0","0","TIER_P5"
"EF56044","WK6044","Fuel Filter","0","0","1","0","TIER_P5"
"EFWK6047","WK6047","Fuel Filter","0","0","0","0","TIER_P5"
"EF56054","WK6054","Fuel Filter","0","0","1","1","TIER_P5"
"EF56055","WK6055","Fuel Filter","1","0","1","1","TIER_P5"
"EFWK6056","WK6056","Fuel Filter","0","0","0","0","TIER_P5"
"EF56116","WK611/6","Fuel Filter","1","0","1","1","TIER_P5"
"EF50612","WK612","Fuel Filter","0","1","1","1","TIER_P4"
"EF56121","WK612/1","Fuel Filter","0","0","1","1","TIER_P5"
"EF56122","WK612/2","Fuel Filter","1","0","1","1","TIER_P5"
"EF56123","WK612/3","Fuel Filter","1","0","1","1","TIER_P5"
"EF56124","WK612/4","Fuel Filter","0","0","1","1","TIER_P5"
"EF56125","WK612/5","Fuel Filter","1","0","1","1","TIER_P5"
"EF56126","WK612/6","Fuel Filter","1","0","1","1","TIER_P5"
"EF50613","WK613","Fuel Filter","1","0","1","1","TIER_P5"
"EF56131","WK613/1","Fuel Filter","1","0","1","1","TIER_P5"
"EF56132","WK613/2","Fuel Filter","0","0","1","1","TIER_P5"
"EF56133","WK613/3","Fuel Filter","0","1","0","1","TIER_P4"
"EF50614","WK614","Fuel Filter","0","0","1","1","TIER_P5"
"EF56141","WK614/1","Fuel Filter","0","0","1","1","TIER_P5"
"EF51410","WK614/10","Fuel Filter","0","0","1","1","TIER_P5"
"EF51411","WK614/11","Fuel Filter","1","0","1","1","TIER_P5"
"EF51412","WK614/12X","Fuel Filter","0","0","1","1","TIER_P5"
"EF51413","WK614/13","Fuel Filter","0","0","1","1","TIER_P5"
"EF51414","WK614/14","Fuel Filter","0","0","1","1","TIER_P5"
"EF51415","WK614/15","Fuel Filter","0","0","1","1","TIER_P5"
"EF51416","WK614/16","Fuel Filter","0","0","1","1","TIER_P5"
"EF51417","WK614/17","Fuel Filter","0","0","1","1","TIER_P5"
"EF51418","WK614/18","Fuel Filter","0","1","0","0","TIER_P4"
"EF51419","WK614/19","Fuel Filter","0","0","1","1","TIER_P5"
"EF56142","WK614/2","Fuel Filter","0","1","0","1","TIER_P4"
"EF51421","WK614/21","Fuel Filter","0","0","1","1","TIER_P5"
"EF51423","WK614/23","Fuel Filter","0","0","1","1","TIER_P5"
"EF51424","WK614/24X","Fuel Filter","1","0","1","1","TIER_P5"
"EF51425","WK614/25","Fuel Filter","0","0","1","1","TIER_P5"
"EF51426","WK614/26","Fuel Filter","1","1","0","1","TIER_P3"
"EF51426","WK614/26X","Fuel Filter","0","0","1","1","TIER_P5"
"EF51427","WK614/27","Fuel Filter","0","0","1","1","TIER_P5"
"EF51428","WK614/28","Fuel Filter","0","0","1","1","TIER_P5"
"EF51429","WK614/29","Fuel Filter","0","0","1","1","TIER_P5"
"EF51430","WK614/30","Fuel Filter","0","0","1","1","TIER_P5"
"EF51431","WK614/31","Fuel Filter","0","0","1","1","TIER_P5"
"EF51432","WK614/32","Fuel Filter","0","1","0","1","TIER_P4"
"EF51433","WK614/33","Fuel Filter","0","1","1","1","TIER_P4"
"EF51434","WK614/34","Fuel Filter","0","0","1","1","TIER_P5"
"EF51435","WK614/35","Fuel Filter","0","0","1","1","TIER_P5"
"EF51436","WK614/36","Fuel Filter","1","1","0","1","TIER_P3"
"EF51436","WK614/36X","Fuel Filter","1","0","1","1","TIER_P5"
"EF51437","WK614/37","Fuel Filter","0","1","0","1","TIER_P4"
"EF51439","WK614/39","Fuel Filter","0","0","1","1","TIER_P5"
"EF56143","WK614/3X","Fuel Filter","0","0","1","1","TIER_P5"
"EF51441","WK614/41","Fuel Filter","0","0","1","1","TIER_P5"
"EF51442","WK614/42","Fuel Filter","0","0","1","1","TIER_P5"
"EF51444","WK614/44","Fuel Filter","0","0","1","1","TIER_P5"
"EF51445","WK614/45","Fuel Filter","1","0","1","1","TIER_P5"
"EF51446","WK614/46","Fuel Filter","1","0","1","1","TIER_P5"
"EF51447","WK614/47","Fuel Filter","1","0","1","1","TIER_P5"
"EF51448","WK614/48","Fuel Filter","0","0","1","1","TIER_P5"
"EF56147","WK614/7","Fuel Filter","0","0","1","1","TIER_P5"
"EF56148","WK614/8","Fuel Filter","0","0","1","1","TIER_P5"
"EF56148","WK614/8X","Fuel Filter","0","0","1","1","TIER_P5"
"EF56149","WK614/9","Fuel Filter","0","0","1","1","TIER_P5"
"EF50618","WK618","Fuel Filter","0","0","1","1","TIER_P5"
"EF56181","WK618/1","Fuel Filter","1","0","1","1","TIER_P5"
"EF56182","WK618/2","Fuel Filter","0","0","1","1","TIER_P5"
"EF56183","WK618/3","Fuel Filter","0","0","1","1","TIER_P5"
"EF56184","WK618/4","Fuel Filter","0","1","0","1","TIER_P4"
"EF50066","WK66","Fuel Filter","1","0","1","1","TIER_P5"
"EF50661","WK66/1","Fuel Filter","0","0","1","1","TIER_P5"
"EF50067","WK67X","Fuel Filter","0","0","1","1","TIER_P5"
"EF50068","WK68","Fuel Filter","0","1","0","1","TIER_P4"
"EF50681","WK68/1X","Fuel Filter","1","0","1","1","TIER_P5"
"EF50682","WK68/2","Fuel Filter","0","0","1","1","TIER_P5"
"EF50683","WK68/3","Fuel Filter","0","0","1","1","TIER_P5"
"EF50684","WK68/4","Fuel Filter","0","0","1","1","TIER_P5"
"EFWK685","WK68/5","Fuel Filter","0","0","0","0","TIER_P5"
"EFWK686","WK68/6","Fuel Filter","0","0","0","0","TIER_P5"
"EF56881","WK68/81","Fuel Filter","0","1","0","1","TIER_P4"
"EF56882","WK68/82","Fuel Filter","0","0","1","1","TIER_P5"
"EF56883","WK68/83","Fuel Filter","0","0","1","1","TIER_P5"
"EF50069","WK69","Fuel Filter","1","0","1","1","TIER_P5"
"EF50691","WK69/1","Fuel Filter","1","0","1","1","TIER_P5"
"EF50692","WK69/2","Fuel Filter","1","0","1","1","TIER_P5"
"EF57002","WK7002","Fuel Filter","1","0","1","1","TIER_P5"
"EFWK701","WK701","Fuel Filter","0","0","0","0","TIER_P5"
"EF57012","WK7012","Fuel Filter","1","0","1","1","TIER_P5"
"EF57014","WK7014","Fuel Filter","1","0","1","1","TIER_P5"
"EF57015","WK7015","Fuel Filter","1","0","1","1","TIER_P5"
"EFWK702","WK702","Fuel Filter","0","0","0","0","TIER_P5"
"EF57041","WK7041","Fuel Filter","1","0","1","1","TIER_P5"
"EF50710","WK710","Fuel Filter","0","0","1","1","TIER_P5"
"EF57101","WK710/1","Fuel Filter","0","0","1","1","TIER_P5"
"EFWK7102","WK710/2","Fuel Filter","0","0","0","0","TIER_P5"
"EF57105","WK710/5","Fuel Filter","0","1","0","0","TIER_P4"
"EF50711","WK711","Fuel Filter","1","0","1","1","TIER_P5"
"EF57111","WK711/1","Fuel Filter","1","0","1","1","TIER_P5"
"EFWK7112","WK711/2","Fuel Filter","0","0","0","0","TIER_P5"
"EF57122","WK712/2","Fuel Filter","1","0","1","1","TIER_P5"
"EF57123","WK712/3","Fuel Filter","1","0","1","1","TIER_P5"
"EFWK7124","WK712/4","Fuel Filter","1","0","0","1","TIER_P5"
"EF57125","WK712/5","Fuel Filter","1","1","1","1","TIER_P1"
"EF57126","WK712/6","Fuel Filter","0","1","0","1","TIER_P4"
"EF50713","WK713","Fuel Filter","1","0","1","1","TIER_P5"
"EF57151","WK715/1","Fuel Filter","0","1","1","1","TIER_P4"
"EF57151","WK715/1X","Fuel Filter","1","0","1","1","TIER_P5"
"EF50716","WK716","Fuel Filter","1","0","1","1","TIER_P5"
"EF57162","WK716/2X","Fuel Filter","1","0","1","1","TIER_P5"
"EFWK7172","WK717/2","Fuel Filter","0","0","0","0","TIER_P5"
"EFWK7174","WK717/4","Fuel Filter","0","0","0","0","TIER_P5"
"EF57182","WK718/2","Fuel Filter","1","0","1","1","TIER_P5"
"EF57184","WK718/4","Fuel Filter","0","1","1","1","TIER_P4"
"EF57187","WK718/7","Fuel Filter","1","0","1","1","TIER_P5"
"EF50719","WK719","Fuel Filter","0","1","0","1","TIER_P4"
"EFWK7193","WK719/3","Fuel Filter","0","0","0","0","TIER_P5"
"EF57195","WK719/5","Fuel Filter","0","0","1","1","TIER_P5"
"EF57196","WK719/6","Fuel Filter","0","0","1","1","TIER_P5"
"EF50720","WK720","Fuel Filter","1","0","1","1","TIER_P5"
"EF57201","WK720/1","Fuel Filter","0","0","1","1","TIER_P5"
"EF57202","WK720/2X","Fuel Filter","1","0","1","1","TIER_P5"
"EF57203","WK720/3","Fuel Filter","1","0","1","1","TIER_P5"
"EF57204","WK720/4","Fuel Filter","1","0","1","1","TIER_P5"
"EF57205","WK720/5","Fuel Filter","1","1","1","1","TIER_P1"
"EF57206","WK720/6","Fuel Filter","1","0","1","1","TIER_P5"
"EF50721","WK721","Fuel Filter","0","0","1","1","TIER_P5"
"EF57221","WK722/1","Fuel Filter","1","0","1","1","TIER_P5"
"EF50723","WK723","Fuel Filter","1","0","1","1","TIER_P5"
"EF52310","WK723(10)","Fuel Filter","0","1","1","1","TIER_P4"
"EF57231","WK723/1","Fuel Filter","0","0","1","1","TIER_P5"
"EFWK7232","WK723/2","Fuel Filter","0","0","0","1","TIER_P5"
"EF57233","WK723/3","Fuel Filter","0","0","1","1","TIER_P5"
"EF57235","WK723/5","Fuel Filter","0","0","1","1","TIER_P5"
"EF57236","WK723/6","Fuel Filter","1","0","1","1","TIER_P5"
"EF50724","WK724","Fuel Filter","1","0","1","1","TIER_P5"
"EF57243","WK724/3","Fuel Filter","1","0","1","1","TIER_P5"
"EF57244","WK724/4","Fuel Filter","1","0","1","1","TIER_P5"
"EF57246","WK724/6","Fuel Filter","1","0","1","1","TIER_P5"
"EF50725","WK725","Fuel Filter","1","0","1","1","TIER_P5"
"EF57251","WK725/1","Fuel Filter","0","0","1","1","TIER_P5"
"EF50726","WK726","Fuel Filter","1","0","1","1","TIER_P5"
"EF57261","WK726/1","Fuel Filter","0","0","1","1","TIER_P5"
"EF57262","WK726/2","Fuel Filter","1","0","1","1","TIER_P5"
"EF57263","WK726/3","Fuel Filter","1","0","1","1","TIER_P5"
"EFWK7264","WK726/4","Fuel Filter","0","0","0","0","TIER_P5"
"EF50727","WK727","Fuel Filter","1","0","1","1","TIER_P5"
"EF50728","WK728","Fuel Filter","1","0","1","1","TIER_P5"
"EF50729","WK729","Fuel Filter","0","0","1","1","TIER_P5"
"EF57301","WK730/1","Fuel Filter","1","0","1","1","TIER_P5"
"EF57302","WK730/2","Fuel Filter","0","0","1","1","TIER_P5"
"EF57302","WK730/2X","Fuel Filter","1","1","1","1","TIER_P1"
"EF57303","WK730/3","Fuel Filter","1","0","1","1","TIER_P5"
"EF57305","WK730/5","Fuel Filter","1","0","1","1","TIER_P5"
"EF50731","WK731","Fuel Filter","1","0","1","1","TIER_P5"
"EFWK73110","WK731(10)","Fuel Filter","0","0","0","1","TIER_P5"
"EF57311","WK731/1","Fuel Filter","0","0","1","1","TIER_P5"
"EFWK7313","WK731/3","Fuel Filter","0","0","0","0","TIER_P5"
"EF50733","WK733","Fuel Filter","1","0","1","1","TIER_P5"
"EF57351","WK735/1","Fuel Filter","1","0","1","1","TIER_P5"
"EF50736","WK736","Fuel Filter","0","0","1","1","TIER_P5"
"EF50076","WK76","Fuel Filter","0","0","1","1","TIER_P5"
"EF50761","WK76/1","Fuel Filter","1","1","0","1","TIER_P3"
"EF50762","WK76/2","Fuel Filter","0","0","1","1","TIER_P5"
"EF50763","WK76/3","Fuel Filter","0","0","1","1","TIER_P5"
"EF50764","WK76/4","Fuel Filter","1","1","0","1","TIER_P3"
"EF50765","WK76/5","Fuel Filter","0","0","1","1","TIER_P5"
"EF50078","WK78","Fuel Filter","1","0","1","1","TIER_P5"
"EF50781","WK78/1","Fuel Filter","0","0","1","1","TIER_P5"
"EF50782","WK78/2","Fuel Filter","0","0","1","1","TIER_P5"
"EF50783","WK78/3","Fuel Filter","0","0","1","1","TIER_P5"
"EF50785","WK78/5","Fuel Filter","0","0","1","1","TIER_P5"
"EF50079","WK79","Fuel Filter","1","0","1","1","TIER_P5"
"EF57980","WK79/80","Fuel Filter","0","0","1","1","TIER_P5"
"EF58001","WK8001","Fuel Filter","1","0","1","1","TIER_P5"
"EF58002","WK8002","Fuel Filter","0","0","1","1","TIER_P5"
"EFWK80021","WK8002/1","Fuel Filter","0","0","0","0","TIER_P5"
"EF58003","WK8003","Fuel Filter","0","1","1","1","TIER_P4"
"EF58003","WK8003X","Fuel Filter","1","0","1","1","TIER_P5"
"EF58009","WK8009","Fuel Filter","0","1","0","0","TIER_P4"
"EF58014","WK8014","Fuel Filter","1","0","1","1","TIER_P5"
"EF58015","WK8015","Fuel Filter","1","0","1","1","TIER_P5"
"EF58016","WK8016X","Fuel Filter","1","0","1","1","TIER_P5"
"EF58018","WK8018X","Fuel Filter","1","0","1","1","TIER_P5"
"EF58019","WK8019","Fuel Filter","0","1","1","1","TIER_P4"
"EF50191","WK8019/1","Fuel Filter","1","0","1","1","TIER_P5"
"EF58020","WK8020","Fuel Filter","0","1","1","1","TIER_P4"
"EF58021","WK8021","Fuel Filter","1","0","1","1","TIER_P5"
"EF58022","WK8022","Fuel Filter","0","1","1","1","TIER_P4"
"EF58022","WK8022X","Fuel Filter","1","0","1","1","TIER_P5"
"EFWK8023","WK8023","Fuel Filter","0","0","0","0","TIER_P5"
"EF58025","WK8025","Fuel Filter","1","0","1","1","TIER_P5"
"EFWK8026","WK8026","Fuel Filter","0","0","0","0","TIER_P5"
"EF58028","WK8028Z","Fuel Filter","1","0","1","1","TIER_P5"
"EF58029","WK8029","Fuel Filter","0","1","1","1","TIER_P4"
"EF50291","WK8029/1","Fuel Filter","1","0","1","1","TIER_P5"
"EF58030","WK8030","Fuel Filter","1","0","1","1","TIER_P5"
"EF58032","WK8032","Fuel Filter","1","0","1","1","TIER_P5"
"EF58034","WK8034","Fuel Filter","1","0","1","1","TIER_P5"
"EF58036","WK8036","Fuel Filter","1","0","1","1","TIER_P5"
"EF58038","WK8038","Fuel Filter","1","0","1","1","TIER_P5"
"EF58039","WK8039","Fuel Filter","1","0","1","1","TIER_P5"
"EFWK8040","WK8040","Fuel Filter","0","0","0","0","TIER_P5"
"EF58044","WK8044X","Fuel Filter","1","0","1","1","TIER_P5"
"EF58046","WK8046","Fuel Filter","1","0","1","1","TIER_P5"
"EFWK8047","WK8047","Fuel Filter","0","0","0","0","TIER_P5"
"EFWK8048","WK8048","Fuel Filter","0","0","0","0","TIER_P5"
"EF58051","WK8051","Fuel Filter","1","0","1","1","TIER_P5"
"EF58052","WK8052Z","Fuel Filter","1","0","1","1","TIER_P5"
"EF58053","WK8053Z","Fuel Filter","1","0","1","1","TIER_P5"
"EF58058","WK8058","Fuel Filter","1","0","1","1","TIER_P5"
"EF58059","WK8059","Fuel Filter","1","0","1","1","TIER_P5"
"EF58060","WK8060Z","Fuel Filter","1","0","1","1","TIER_P5"
"EF58065","WK8065","Fuel Filter","1","0","1","1","TIER_P5"
"EFWK8066","WK8066","Fuel Filter","0","0","0","0","TIER_P5"
"EF58069","WK8069","Fuel Filter","1","0","1","1","TIER_P5"
"EF58070","WK8070","Fuel Filter","1","0","1","1","TIER_P5"
"EF58078","WK8078","Fuel Filter","1","0","1","1","TIER_P5"
"EFWK8079Z","WK8079Z","Fuel Filter","0","0","0","0","TIER_P5"
"EFWK8080","WK8080","Fuel Filter","0","0","0","0","TIER_P5"
"EFWK8082","WK8082","Fuel Filter","0","0","0","0","TIER_P5"
"EF58086","WK8086","Fuel Filter","1","0","1","1","TIER_P5"
"EFWK8087","WK8087","Fuel Filter","0","0","0","0","TIER_P5"
"EFWK8088X","WK8088X","Fuel Filter","0","0","0","0","TIER_P5"
"EFWK8091","WK809/1","Fuel Filter","0","0","0","1","TIER_P5"
"EFWK8096","WK8096","Fuel Filter","0","0","0","0","TIER_P5"
"EFWK8097","WK8097","Fuel Filter","0","0","0","0","TIER_P5"
"EFWK810","WK810","Fuel Filter","0","0","0","0","TIER_P5"
"EF58100","WK8100","Fuel Filter","1","0","1","1","TIER_P5"
"EF58102","WK8102","Fuel Filter","1","0","1","1","TIER_P5"
"EF58103","WK8103","Fuel Filter","0","1","1","1","TIER_P4"
"EF58104","WK8104","Fuel Filter","1","0","1","1","TIER_P5"
"EF58105","WK8105","Fuel Filter","1","0","1","1","TIER_P5"
"EF58106","WK8106","Fuel Filter","1","0","1","1","TIER_P5"
"EF58107","WK8107","Fuel Filter","1","0","1","1","TIER_P5"
"EF58108","WK8108","Fuel Filter","1","0","1","1","TIER_P5"
"EF58109","WK8109","Fuel Filter","1","0","1","1","TIER_P5"
"EFWK811","WK811","Fuel Filter","0","0","0","0","TIER_P5"
"EF51186","WK811/86","Fuel Filter","1","0","1","1","TIER_P5"
"EF58110","WK8110","Fuel Filter","1","0","1","1","TIER_P5"
"EF58111","WK8111","Fuel Filter","1","0","1","1","TIER_P5"
"EF58112","WK8112","Fuel Filter","1","0","1","1","TIER_P5"
"EF58113","WK8113","Fuel Filter","1","0","1","1","TIER_P5"
"EF58114","WK8114","Fuel Filter","1","0","1","1","TIER_P5"
"EF58115","WK8115","Fuel Filter","1","0","1","1","TIER_P5"
"EF58116","WK8116","Fuel Filter","1","0","1","1","TIER_P5"
"EF58117","WK8117","Fuel Filter","1","0","1","1","TIER_P5"
"EF58118","WK8118","Fuel Filter","1","0","1","1","TIER_P5"
"EF58119","WK8119","Fuel Filter","1","0","1","1","TIER_P5"
"EF50812","WK812","Fuel Filter","1","0","1","1","TIER_P5"
"EF58120","WK8120","Fuel Filter","1","0","1","1","TIER_P5"
"EF58121","WK8121","Fuel Filter","1","0","1","1","TIER_P5"
"EF58122","WK8122","Fuel Filter","0","1","1","1","TIER_P4"
"EF58123","WK8123","Fuel Filter","1","0","1","1","TIER_P5"
"EF58124","WK8124","Fuel Filter","1","0","1","1","TIER_P5"
"EF58125","WK8125","Fuel Filter","1","0","1","1","TIER_P5"
"EF58126","WK8126","Fuel Filter","1","0","1","1","TIER_P5"
"EF58127","WK8127","Fuel Filter","1","0","1","1","TIER_P5"
"EF58128","WK8128","Fuel Filter","1","0","1","1","TIER_P5"
"EF58129","WK8129","Fuel Filter","1","0","1","1","TIER_P5"
"EFWK813","WK813","Fuel Filter","0","0","0","0","TIER_P5"
"EF58130","WK8130","Fuel Filter","1","0","1","1","TIER_P5"
"EF58131","WK8131","Fuel Filter","1","0","1","1","TIER_P5"
"EF58132","WK8132","Fuel Filter","1","0","1","1","TIER_P5"
"EF58133","WK8133","Fuel Filter","1","0","1","1","TIER_P5"
"EF58134","WK8134","Fuel Filter","1","0","1","1","TIER_P5"
"EF58135","WK8135","Fuel Filter","1","0","1","1","TIER_P5"
"EF58136","WK8136","Fuel Filter","1","0","1","1","TIER_P5"
"EF58137","WK8137","Fuel Filter","1","0","1","1","TIER_P5"
"EF58138","WK8138","Fuel Filter","1","0","1","1","TIER_P5"
"EF58139","WK8139","Fuel Filter","1","0","1","1","TIER_P5"
"EF50814","WK814","Fuel Filter","0","1","0","1","TIER_P4"
"EF58141","WK814/1","Fuel Filter","0","1","0","1","TIER_P4"
"EF58140","WK8140","Fuel Filter","1","0","1","1","TIER_P5"
"EF58141","WK8141","Fuel Filter","1","0","1","1","TIER_P5"
"EF58142","WK8142","Fuel Filter","0","0","1","1","TIER_P5"
"EF58143","WK8143","Fuel Filter","0","0","1","1","TIER_P5"
"EF58144","WK8144","Fuel Filter","1","0","1","1","TIER_P5"
"EF58145","WK8145","Fuel Filter","1","0","1","1","TIER_P5"
"EF58146","WK8146","Fuel Filter","1","0","1","1","TIER_P5"
"EF58147","WK8147","Fuel Filter","1","0","1","1","TIER_P5"
"EF58148","WK8148","Fuel Filter","1","0","1","1","TIER_P5"
"EF58149","WK8149","Fuel Filter","1","0","1","1","TIER_P5"
"EF50815","WK815","Fuel Filter","0","0","1","1","TIER_P5"
"EF58151","WK815/1","Fuel Filter","0","0","1","0","TIER_P5"
"EF58152","WK815/2","Fuel Filter","0","1","1","1","TIER_P4"
"EFWK8152X","WK815/2X","Fuel Filter","0","0","0","1","TIER_P5"
"EF51580","WK815/80","Fuel Filter","1","0","1","1","TIER_P5"
"EFWK8150","WK8150","Fuel Filter","1","0","0","1","TIER_P5"
"EF58151","WK8151","Fuel Filter","1","0","1","1","TIER_P5"
"EF58152","WK8152","Fuel Filter","0","0","1","1","TIER_P5"
"EF58153","WK8153","Fuel Filter","1","0","1","1","TIER_P5"
"EF58154","WK8154","Fuel Filter","1","0","1","1","TIER_P5"
"EF58155","WK8155","Fuel Filter","1","0","1","1","TIER_P5"
"EF58156","WK8156","Fuel Filter","1","0","1","1","TIER_P5"
"EF58157","WK8157","Fuel Filter","1","0","1","1","TIER_P5"
"EF58158","WK8158","Fuel Filter","1","0","1","1","TIER_P5"
"EF58159","WK8159","Fuel Filter","0","1","1","1","TIER_P4"
"EF50815","WK815X","Fuel Filter","1","0","1","1","TIER_P5"
"EF58160","WK8160","Fuel Filter","1","0","1","1","TIER_P5"
"EF58161","WK8161","Fuel Filter","1","0","1","1","TIER_P5"
"EF58162","WK8162","Fuel Filter","1","0","1","1","TIER_P5"
"EF58163","WK8163","Fuel Filter","1","0","1","1","TIER_P5"
"EF58164","WK8164","Fuel Filter","0","1","1","1","TIER_P4"
"EF58165","WK8165","Fuel Filter","1","0","1","1","TIER_P5"
"EF58166","WK8166","Fuel Filter","1","0","1","1","TIER_P5"
"EF58167","WK8167","Fuel Filter","1","0","1","1","TIER_P5"
"EF58168","WK8168","Fuel Filter","1","0","1","1","TIER_P5"
"EF58169","WK8169","Fuel Filter","1","0","1","1","TIER_P5"
"EF50817","WK817","Fuel Filter","0","1","0","1","TIER_P4"
"EF58173","WK817/3X","Fuel Filter","1","1","1","1","TIER_P1"
"EFWK8173XM","WK817/3XM","Fuel Filter","0","0","0","0","TIER_P5"
"EF58170","WK8170","Fuel Filter","1","0","1","1","TIER_P5"
"EF58171","WK8171","Fuel Filter","1","0","1","1","TIER_P5"
"EF58172","WK8172","Fuel Filter","1","0","1","1","TIER_P5"
"EF58173","WK8173","Fuel Filter","1","0","1","1","TIER_P5"
"EF58179","WK8179","Fuel Filter","1","0","1","1","TIER_P5"
"EF50817","WK817X","Fuel Filter","0","1","0","1","TIER_P4"
"EF50818","WK818","Fuel Filter","0","0","1","1","TIER_P5"
"EF58181","WK818/1","Fuel Filter","1","0","1","1","TIER_P5"
"EF58182","WK818/2","Fuel Filter","0","0","1","1","TIER_P5"
"EF51880","WK818/80","Fuel Filter","1","0","1","1","TIER_P5"
"EF58184","WK8184","Fuel Filter","1","0","1","1","TIER_P5"
"EF58185","WK8185","Fuel Filter","1","0","1","1","TIER_P5"
"EF58187","WK8187","Fuel Filter","1","0","1","1","TIER_P5"
"EF58188","WK8188","Fuel Filter","1","0","1","1","TIER_P5"
"EF58189","WK8189","Fuel Filter","1","0","1","1","TIER_P5"
"EFWK819","WK819","Fuel Filter","0","0","0","0","TIER_P5"
"EF58193","WK819/3X","Fuel Filter","0","1","0","1","TIER_P4"
"EF58194","WK819/4","Fuel Filter","0","0","1","1","TIER_P5"
"EF58190","WK8190","Fuel Filter","1","0","1","1","TIER_P5"
"EF58191","WK8191","Fuel Filter","1","0","1","1","TIER_P5"
"EF58192","WK8192","Fuel Filter","0","1","0","1","TIER_P4"
"EF58193","WK8193","Fuel Filter","0","0","1","1","TIER_P5"
"EF58194","WK8194","Fuel Filter","1","0","1","1","TIER_P5"
"EF58195","WK8195","Fuel Filter","0","0","1","1","TIER_P5"
"EF50082","WK82","Fuel Filter","1","0","1","1","TIER_P5"
"EF50820","WK820","Fuel Filter","1","0","1","1","TIER_P5"
"EF58201","WK820/1","Fuel Filter","1","0","1","1","TIER_P5"
"EF52014","WK820/14","Fuel Filter","1","0","1","1","TIER_P5"
"EF52015","WK820/15","Fuel Filter","1","0","1","1","TIER_P5"
"EF52016","WK820/16","Fuel Filter","1","0","1","1","TIER_P5"
"EF52017","WK820/17","Fuel Filter","1","0","1","1","TIER_P5"
"EF52018","WK820/18","Fuel Filter","1","0","1","1","TIER_P5"
"EF52019","WK820/19","Fuel Filter","1","0","1","1","TIER_P5"
"EF52020","WK820/20","Fuel Filter","1","0","1","1","TIER_P5"
"EF52021","WK820/21","Fuel Filter","1","0","1","1","TIER_P5"
"EF52022","WK820/22","Fuel Filter","1","0","1","1","TIER_P5"
"EF52023","WK820/23","Fuel Filter","1","0","1","1","TIER_P5"
"EF58202","WK820/2X","Fuel Filter","1","0","1","1","TIER_P5"
"EFWK8203","WK820/3","Fuel Filter","0","0","0","0","TIER_P5"
"EF58205","WK820/5","Fuel Filter","0","1","0","1","TIER_P4"
"EFWK8206","WK820/6","Fuel Filter","0","1","0","1","TIER_P4"
"EF58207","WK820/7","Fuel Filter","0","0","1","1","TIER_P5"
"EF58208","WK820/8","Fuel Filter","0","1","0","1","TIER_P4"
"EF58209","WK820/9","Fuel Filter","0","0","1","1","TIER_P5"
"EF58205","WK8205","Fuel Filter","1","0","1","1","TIER_P5"
"EF58206","WK8206","Fuel Filter","0","0","1","1","TIER_P5"
"EF50821","WK821","Fuel Filter","1","0","1","1","TIER_P5"
"EF58215","WK8215","Fuel Filter","1","0","1","1","TIER_P5"
"EFWK8217","WK8217","Fuel Filter","0","0","0","0","TIER_P5"
"EF58218","WK8218","Fuel Filter","1","0","1","1","TIER_P5"
"EFWK8219","WK8219","Fuel Filter","1","0","0","1","TIER_P5"
"EF58221","WK822/1","Fuel Filter","1","0","1","1","TIER_P5"
"EF58222","WK822/2","Fuel Filter","1","0","1","1","TIER_P5"
"EF58223","WK822/3","Fuel Filter","1","0","1","1","TIER_P5"
"EF58224","WK822/4","Fuel Filter","1","0","1","1","TIER_P5"
"EF58220","WK8220","Fuel Filter","1","0","1","1","TIER_P5"
"EF58221","WK8221","Fuel Filter","1","0","1","1","TIER_P5"
"EF58222","WK8222","Fuel Filter","1","0","1","1","TIER_P5"
"EF58223","WK8223","Fuel Filter","1","0","1","1","TIER_P5"
"EF58224","WK8224","Fuel Filter","1","0","1","1","TIER_P5"
"EF58225","WK8225","Fuel Filter","1","0","1","1","TIER_P5"
"EF58226","WK8226","Fuel Filter","1","0","1","1","TIER_P5"
"EF58227","WK8227","Fuel Filter","1","0","1","1","TIER_P5"
"EF58228","WK8228","Fuel Filter","1","0","1","1","TIER_P5"
"EF50823","WK823","Fuel Filter","1","0","1","1","TIER_P5"
"EF58231","WK823/1","Fuel Filter","1","0","1","1","TIER_P5"
"EF58232","WK823/2","Fuel Filter","1","0","1","1","TIER_P5"
"EF58233","WK823/3","Fuel Filter","0","1","0","1","TIER_P4"
"EF58233","WK823/3X","Fuel Filter","1","0","1","1","TIER_P5"
"EF58241","WK824/1","Fuel Filter","0","1","1","1","TIER_P4"
"EF58242","WK824/2","Fuel Filter","1","0","1","1","TIER_P5"
"EF58243","WK824/3","Fuel Filter","1","0","1","1","TIER_P5"
"EF58244","WK824/4","Fuel Filter","1","0","1","1","TIER_P5"
"EFWK825","WK825","Fuel Filter","0","0","0","0","TIER_P5"
"EF50828","WK828","Fuel Filter","0","1","1","1","TIER_P4"
"EF50828","WK828X","Fuel Filter","1","0","1","1","TIER_P5"
"EF50829","WK829","Fuel Filter","1","0","1","1","TIER_P5"
"EF58291","WK829/1X","Fuel Filter","1","0","1","1","TIER_P5"
"EF58292","WK829/2","Fuel Filter","1","0","1","1","TIER_P5"
"EF58293","WK829/3","Fuel Filter","1","1","1","1","TIER_P1"
"EF58294","WK829/4","Fuel Filter","1","1","1","1","TIER_P1"
"EF58294","WK829/4Z","Fuel Filter","1","0","1","1","TIER_P5"
"EF58295","WK829/5","Fuel Filter","1","0","1","1","TIER_P5"
"EF58296","WK829/6","Fuel Filter","1","0","1","1","TIER_P5"
"EF58297","WK829/7","Fuel Filter","1","0","1","1","TIER_P5"
"EF50830","WK830","Fuel Filter","1","0","1","1","TIER_P5"
"EF58301","WK830/1","Fuel Filter","0","1","0","1","TIER_P4"
"EF53010","WK830/10","Fuel Filter","0","1","0","1","TIER_P4"
"EF53011","WK830/11","Fuel Filter","0","0","1","1","TIER_P5"
"EF58302","WK830/2","Fuel Filter","1","1","0","1","TIER_P3"
"EF58303","WK830/3","Fuel Filter","1","0","1","1","TIER_P5"
"EFWK8303X","WK830/3X","Fuel Filter","0","1","0","1","TIER_P4"
"EF58304","WK830/4","Fuel Filter","0","1","0","1","TIER_P4"
"EF58305","WK830/5","Fuel Filter","0","0","1","1","TIER_P5"
"EF58306","WK830/6","Fuel Filter","0","1","1","1","TIER_P4"
"EF58306","WK830/6X","Fuel Filter","1","0","1","1","TIER_P5"
"EF58307","WK830/7","Fuel Filter","1","0","1","1","TIER_P5"
"EF58308","WK830/8","Fuel Filter","0","0","1","1","TIER_P5"
"EF58309","WK830/9","Fuel Filter","1","1","0","1","TIER_P3"
"EF50831","WK831","Fuel Filter","1","0","1","1","TIER_P5"
"EF50832","WK832","Fuel Filter","0","0","1","1","TIER_P5"
"EF58321","WK832/1","Fuel Filter","1","0","1","1","TIER_P5"
"EF58322","WK832/2","Fuel Filter","1","0","1","1","TIER_P5"
"EF50834","WK834","Fuel Filter","0","1","0","1","TIER_P4"
"EF58341","WK834/1","Fuel Filter","1","0","1","1","TIER_P5"
"EF50841","WK841","Fuel Filter","1","0","1","1","TIER_P5"
"EF58411","WK841/1","Fuel Filter","1","0","1","1","TIER_P5"
"EF50842","WK842","Fuel Filter","1","0","1","1","TIER_P5"
"EF58421","WK842/1","Fuel Filter","0","0","1","1","TIER_P5"
"EF54210","WK842/10","Fuel Filter","0","0","1","1","TIER_P5"
"EF54211","WK842/11","Fuel Filter","1","0","1","1","TIER_P5"
"EF54212","WK842/12","Fuel Filter","0","1","1","1","TIER_P4"
"EF54212","WK842/12X","Fuel Filter","1","0","1","1","TIER_P5"
"EF54213","WK842/13","Fuel Filter","1","0","1","1","TIER_P5"
"EF54215","WK842/15","Fuel Filter","1","0","1","1","TIER_P5"
"EF54216","WK842/16","Fuel Filter","1","0","1","1","TIER_P5"
"EF54217","WK842/17","Fuel Filter","1","0","1","1","TIER_P5"
"EF54218","WK842/18","Fuel Filter","1","0","1","1","TIER_P5"
"EF54219","WK842/19","Fuel Filter","1","0","1","1","TIER_P5"
"EF58422","WK842/2","Fuel Filter","1","0","1","1","TIER_P5"
"EF52210","WK842/2(10)","Fuel Filter","0","1","0","1","TIER_P4"
"EF54220","WK842/20","Fuel Filter","1","0","1","1","TIER_P5"
"EF54221","WK842/21X","Fuel Filter","1","0","1","1","TIER_P5"
"EF54222","WK842/22","Fuel Filter","0","0","1","1","TIER_P5"
"EF54223","WK842/23X","Fuel Filter","1","0","1","1","TIER_P5"
"EF54224","WK842/24","Fuel Filter","1","0","1","1","TIER_P5"
"EF54226","WK842/26","Fuel Filter","1","0","1","1","TIER_P5"
"EF54228","WK842/28","Fuel Filter","0","0","1","1","TIER_P5"
"EFWK84229","WK842/29","Fuel Filter","0","0","0","0","TIER_P5"
"EF58423","WK842/3","Fuel Filter","1","0","1","1","TIER_P5"
"EF58424","WK842/4","Fuel Filter","1","0","1","1","TIER_P5"
"EF58425","WK842/5","Fuel Filter","0","1","0","1","TIER_P4"
"EF58426","WK842/6","Fuel Filter","1","0","1","1","TIER_P5"
"EF58427","WK842/7","Fuel Filter","0","1","0","1","TIER_P4"
"EF58428","WK842/8","Fuel Filter","1","0","1","1","TIER_P5"
"EF50845","WK845","Fuel Filter","1","0","1","1","TIER_P5"
"EF58451","WK845/1","Fuel Filter","1","0","1","1","TIER_P5"
"EF54510","WK845/10","Fuel Filter","1","0","1","1","TIER_P5"
"EF58452","WK845/2","Fuel Filter","0","0","1","1","TIER_P5"
"EF58453","WK845/3","Fuel Filter","1","0","1","1","TIER_P5"
"EF58454","WK845/4","Fuel Filter","0","0","1","1","TIER_P5"
"EF58455","WK845/5","Fuel Filter","0","0","1","1","TIER_P5"
"EF58456","WK845/6","Fuel Filter","1","1","1","1","TIER_P1"
"EF58457","WK845/7","Fuel Filter","1","0","1","1","TIER_P5"
"EF58458","WK845/8","Fuel Filter","1","0","1","1","TIER_P5"
"EF58459","WK845/9","Fuel Filter","1","0","1","1","TIER_P5"
"EF50849","WK849","Fuel Filter","1","0","1","1","TIER_P5"
"EF50850","WK850","Fuel Filter","1","0","1","1","TIER_P5"
"EF58502","WK850/2","Fuel Filter","0","0","1","1","TIER_P5"
"EF58503","WK850/3","Fuel Filter","1","0","1","1","TIER_P5"
"EF58500","WK8500","Fuel Filter","1","0","1","1","TIER_P5"
"EF50851","WK851","Fuel Filter","1","0","1","1","TIER_P5"
"EF50853","WK853","Fuel Filter","1","0","1","1","TIER_P5"
"EF58531","WK853/1","Fuel Filter","0","0","1","1","TIER_P5"
"EF55311","WK853/11","Fuel Filter","1","0","1","1","TIER_P5"
"EF55312","WK853/12","Fuel Filter","0","1","1","1","TIER_P4"
"EF55312","WK853/12Z","Fuel Filter","1","0","1","1","TIER_P5"
"EF55313","WK853/13","Fuel Filter","1","0","1","1","TIER_P5"
"EF55314","WK853/14","Fuel Filter","0","0","1","1","TIER_P5"
"EF55316","WK853/16","Fuel Filter","1","0","1","1","TIER_P5"
"EF55317","WK853/17","Fuel Filter","1","0","1","1","TIER_P5"
"EF55318","WK853/18","Fuel Filter","1","0","1","1","TIER_P5"
"EF55320","WK853/20","Fuel Filter","1","0","1","1","TIER_P5"
"EF55321","WK853/21","Fuel Filter","1","0","1","1","TIER_P5"
"EF55323","WK853/23","Fuel Filter","1","0","1","1","TIER_P5"
"EF55324","WK853/24","Fuel Filter","1","0","1","1","TIER_P5"
"EF58533","WK853/3","Fuel Filter","0","1","0","1","TIER_P4"
"EF58533","WK853/3X","Fuel Filter","1","0","1","1","TIER_P5"
"EF58534","WK853/4","Fuel Filter","0","0","1","1","TIER_P5"
"EF58534","WK853/4Z","Fuel Filter","0","0","1","1","TIER_P5"
"EF58535","WK853/5","Fuel Filter","0","1","0","1","TIER_P4"
"EFWK8536","WK853/6","Fuel Filter","0","0","0","1","TIER_P5"
"EF58537","WK853/7","Fuel Filter","1","0","1","1","TIER_P5"
"EF58538","WK853/8","Fuel Filter","1","0","1","1","TIER_P5"
"EF58539","WK853/9","Fuel Filter","0","0","1","1","TIER_P5"
"EF50854","WK854","Fuel Filter","0","1","0","0","TIER_P4"
"EF58541","WK854/1","Fuel Filter","1","0","1","1","TIER_P5"
"EF58542","WK854/2","Fuel Filter","1","0","1","1","TIER_P5"
"EF58543","WK854/3","Fuel Filter","1","0","1","1","TIER_P5"
"EF58544","WK854/4","Fuel Filter","1","0","1","1","TIER_P5"
"EF58545","WK854/5","Fuel Filter","1","0","1","1","TIER_P5"
"EF58546","WK854/6","Fuel Filter","1","0","1","1","TIER_P5"
"EF58547","WK854/7","Fuel Filter","1","0","1","1","TIER_P5"
"EF58571","WK857/1","Fuel Filter","1","0","1","1","TIER_P5"
"EFWK8602","WK8602","Fuel Filter","0","0","0","0","TIER_P5"
"EFWK868","WK868","Fuel Filter","0","0","0","0","TIER_P5"
"EFWK8704","WK8704","Fuel Filter","0","0","0","0","TIER_P5"
"EF50880","WK880","Fuel Filter","1","0","1","1","TIER_P5"
"EF59007","WK9007","Fuel Filter","1","0","1","1","TIER_P5"
"EF59008","WK9008","Fuel Filter","1","0","1","1","TIER_P5"
"EF59009","WK9009","Fuel Filter","0","0","1","0","TIER_P5"
"EF59010","WK9010","Fuel Filter","1","0","1","1","TIER_P5"
"EF59011","WK9011","Fuel Filter","1","0","1","1","TIER_P5"
"EF59012","WK9012X","Fuel Filter","1","0","1","1","TIER_P5"
"EF59014","WK9014Z","Fuel Filter","1","0","1","1","TIER_P5"
"EF59015","WK9015X","Fuel Filter","1","0","1","1","TIER_P5"
"EF59016","WK9016","Fuel Filter","1","0","1","1","TIER_P5"
"EF59017","WK9017X","Fuel Filter","1","0","1","1","TIER_P5"
"EF59017","WK9017Z","Fuel Filter","1","0","1","0","TIER_P5"
"EF59018","WK9018","Fuel Filter","0","0","1","0","TIER_P5"
"EF59018","WK9018X","Fuel Filter","1","0","1","1","TIER_P5"
"EF59019","WK9019Z","Fuel Filter","1","0","1","0","TIER_P5"
"EF50201","WK9020/1X","Fuel Filter","1","0","1","1","TIER_P5"
"EF59020","WK9020X","Fuel Filter","1","0","1","1","TIER_P5"
"EFWK9021","WK9021","Fuel Filter","0","0","0","0","TIER_P5"
"EF59022","WK9022","Fuel Filter","1","0","1","1","TIER_P5"
"EF59023","WK9023Z","Fuel Filter","1","0","1","1","TIER_P5"
"EF59024","WK9024","Fuel Filter","1","0","1","1","TIER_P5"
"EF59025","WK9025","Fuel Filter","1","0","1","1","TIER_P5"
"EF59026","WK9026","Fuel Filter","1","0","1","1","TIER_P5"
"EF59027","WK9027","Fuel Filter","1","0","1","1","TIER_P5"
"EF59028","WK9028Z","Fuel Filter","1","0","1","1","TIER_P5"
"EF59029","WK9029","Fuel Filter","1","0","1","1","TIER_P5"
"EF59034","WK9034","Fuel Filter","1","0","1","1","TIER_P5"
"EF59034","WK9034Z","Fuel Filter","0","1","1","1","TIER_P4"
"EF59036","WK9036","Fuel Filter","1","0","1","1","TIER_P5"
"EF59037","WK9037X","Fuel Filter","1","0","1","1","TIER_P5"
"EF59039","WK9039","Fuel Filter","1","0","1","1","TIER_P5"
"EF59040","WK9040","Fuel Filter","1","0","1","1","TIER_P5"
"EF59041","WK9041X","Fuel Filter","1","0","1","1","TIER_P5"
"EF59042","WK9042","Fuel Filter","0","1","0","1","TIER_P4"
"EF59042","WK9042X","Fuel Filter","1","0","1","1","TIER_P5"
"EF59043","WK9043","Fuel Filter","1","0","1","1","TIER_P5"
"EF59046","WK9046","Fuel Filter","1","0","1","1","TIER_P5"
"EF59046","WK9046Z","Fuel Filter","0","1","1","1","TIER_P4"
"EF59047","WK9047","Fuel Filter","1","0","1","1","TIER_P5"
"EF59048","WK9048X","Fuel Filter","1","0","1","1","TIER_P5"
"EF59049","WK9049Z","Fuel Filter","1","0","1","1","TIER_P5"
"EF59051","WK9051","Fuel Filter","0","0","1","1","TIER_P5"
"EF59052","WK9052X","Fuel Filter","1","0","1","1","TIER_P5"
"EF59053","WK9053Z","Fuel Filter","1","0","1","1","TIER_P5"
"EF59054","WK9054","Fuel Filter","1","0","1","1","TIER_P5"
"EF59055","WK9055Z","Fuel Filter","1","0","1","1","TIER_P5"
"EF59056","WK9056","Fuel Filter","1","0","1","1","TIER_P5"
"EF59057","WK9057Z","Fuel Filter","1","0","1","1","TIER_P5"
"EF59058","WK9058","Fuel Filter","1","0","1","1","TIER_P5"
"EF59058","WK9058X","Fuel Filter","0","1","1","1","TIER_P4"
"EF59059","WK9059","Fuel Filter","1","0","1","1","TIER_P5"
"EF59065","WK9065","Fuel Filter","1","0","1","1","TIER_P5"
"EF59066","WK9066","Fuel Filter","1","0","1","1","TIER_P5"
"EF59067","WK9067","Fuel Filter","1","0","1","1","TIER_P5"
"EF59078","WK9078","Fuel Filter","1","0","1","1","TIER_P5"
"EF59079","WK9079Z","Fuel Filter","1","0","1","1","TIER_P5"
"EF59080","WK9080","Fuel Filter","1","0","1","1","TIER_P5"
"EF59081","WK9081","Fuel Filter","1","0","1","1","TIER_P5"
"EF59082","WK9082Z","Fuel Filter","1","0","1","1","TIER_P5"
"EF59083","WK9083","Fuel Filter","1","0","1","1","TIER_P5"
"EFWK9087","WK9087","Fuel Filter","0","0","0","0","TIER_P5"
"EFWK9093","WK9093","Fuel Filter","0","0","0","0","TIER_P5"
"EF59095","WK9095Z","Fuel Filter","1","0","1","1","TIER_P5"
"EF59096","WK9096","Fuel Filter","1","0","1","1","TIER_P5"
"EF59098","WK9098","Fuel Filter","1","0","1","1","TIER_P5"
"EF59099","WK9099Z","Fuel Filter","1","0","1","1","TIER_P5"
"EF51003","WK91003","Fuel Filter","0","1","0","1","TIER_P4"
"EF59102","WK9102Z","Fuel Filter","1","0","1","1","TIER_P5"
"EF59103","WK9103Z","Fuel Filter","1","0","1","1","TIER_P5"
"EF59104","WK9104Z","Fuel Filter","1","0","1","1","TIER_P5"
"EF59105","WK9105Z","Fuel Filter","1","0","1","1","TIER_P5"
"EF59106","WK9106Z","Fuel Filter","1","0","1","1","TIER_P5"
"EF59107","WK9107","Fuel Filter","1","0","1","1","TIER_P5"
"EF59108","WK9108Z","Fuel Filter","1","0","1","1","TIER_P5"
"EF59109","WK9109","Fuel Filter","1","0","1","1","TIER_P5"
"EF59110","WK9110","Fuel Filter","1","0","1","1","TIER_P5"
"EFWK9111","WK9111","Fuel Filter","1","0","0","1","TIER_P5"
"EF59112","WK9112Z","Fuel Filter","1","0","1","1","TIER_P5"
"EF59113","WK9113Z","Fuel Filter","1","0","1","1","TIER_P5"
"EF59114","WK9114","Fuel Filter","1","0","1","0","TIER_P5"
"EF59140","WK9140","Fuel Filter","1","0","1","1","TIER_P5"
"EF59150","WK9150","Fuel Filter","1","0","1","1","TIER_P5"
"EFWK91651X","WK9165/1X","Fuel Filter","0","0","0","0","TIER_P5"
"EF59165","WK9165X","Fuel Filter","1","0","1","1","TIER_P5"
"EF50917","WK917","Fuel Filter","1","1","0","0","TIER_P3"
"EF50918","WK918","Fuel Filter","1","1","0","1","TIER_P3"
"EF59181","WK918/1","Fuel Filter","1","0","1","1","TIER_P5"
"EF59182","WK918/2X","Fuel Filter","1","0","1","1","TIER_P5"
"EF50918","WK918X","Fuel Filter","0","0","1","1","TIER_P5"
"EFWK919","WK919","Fuel Filter","0","0","0","0","TIER_P5"
"EF59191","WK919/1","Fuel Filter","1","0","1","1","TIER_P5"
"EF59190","WK9190","Fuel Filter","0","1","1","1","TIER_P4"
"EF59190","WK9190X","Fuel Filter","1","0","1","1","TIER_P5"
"EF59203","WK920/3","Fuel Filter","1","0","1","1","TIER_P5"
"EF59205","WK920/5","Fuel Filter","1","0","1","1","TIER_P5"
"EF59206","WK920/6","Fuel Filter","1","0","1","1","TIER_P5"
"EF59207","WK920/7","Fuel Filter","1","0","1","1","TIER_P5"
"EF50921","WK921","Fuel Filter","0","0","1","1","TIER_P5"
"EF59211","WK921/1","Fuel Filter","0","1","0","1","TIER_P4"
"EF59232","WK923/2X","Fuel Filter","1","0","1","1","TIER_P5"
"EF59241","WK924/1X","Fuel Filter","1","0","1","1","TIER_P5"
"EF59252","WK925/2","Fuel Filter","0","1","0","0","TIER_P4"
"EFWK927","WK927","Fuel Filter","0","0","0","0","TIER_P5"
"EF50929","WK929","Fuel Filter","0","1","1","1","TIER_P4"
"EF50929","WK929X","Fuel Filter","1","0","1","1","TIER_P5"
"EF59304","WK930/4","Fuel Filter","1","1","1","1","TIER_P1"
"EF59305","WK930/5","Fuel Filter","1","0","1","1","TIER_P5"
"EF59306","WK930/6X","Fuel Filter","1","0","1","1","TIER_P5"
"EF59308","WK930/8","Fuel Filter","1","0","1","1","TIER_P5"
"EF59309","WK9309X","Fuel Filter","1","0","1","1","TIER_P5"
"EFWK930X","WK930X","Fuel Filter","0","0","0","0","TIER_P5"
"EFWK931X","WK931X","Fuel Filter","0","0","0","0","TIER_P5"
"EF59321","WK932/1","Fuel Filter","0","0","1","1","TIER_P5"
"EF59322","WK932/2","Fuel Filter","0","0","1","1","TIER_P5"
"EFWK9323","WK932/3","Fuel Filter","0","0","0","0","TIER_P5"
"EF53280","WK932/80","Fuel Filter","1","1","0","1","TIER_P3"
"EF50933","WK933X","Fuel Filter","1","0","1","1","TIER_P5"
"EFWK935","WK935","Fuel Filter","0","0","0","0","TIER_P5"
"EF50936","WK936","Fuel Filter","0","1","0","1","TIER_P4"
"EFWK937","WK937","Fuel Filter","0","0","0","0","TIER_P5"
"EF50939","WK939","Fuel Filter","1","0","1","1","TIER_P5"
"EF59391","WK939/1","Fuel Filter","1","0","1","1","TIER_P5"
"EF53910","WK939/10X","Fuel Filter","1","0","1","1","TIER_P5"
"EF53911","WK939/11X","Fuel Filter","1","0","1","1","TIER_P5"
"EF53912","WK939/12X","Fuel Filter","1","0","1","1","TIER_P5"
"EF53913","WK939/13","Fuel Filter","1","0","1","1","TIER_P5"
"EF53914","WK939/14X","Fuel Filter","1","0","1","1","TIER_P5"
"EF53915","WK939/15","Fuel Filter","0","1","1","1","TIER_P4"
"EFWK93916","WK939/16","Fuel Filter","0","0","0","0","TIER_P5"
"EF53917","WK939/17X","Fuel Filter","1","0","1","1","TIER_P5"
"EF59392","WK939/2","Fuel Filter","0","0","1","1","TIER_P5"
"EF59392","WK939/2Z","Fuel Filter","1","0","1","1","TIER_P5"
"EF59393","WK939/3","Fuel Filter","1","0","1","1","TIER_P5"
"EF59394","WK939/4","Fuel Filter","1","0","1","1","TIER_P5"
"EF59395","WK939/5","Fuel Filter","1","0","1","1","TIER_P5"
"EF59396","WK939/6","Fuel Filter","1","0","1","1","TIER_P5"
"EF59397","WK939/7","Fuel Filter","1","0","1","1","TIER_P5"
"EF59398","WK939/8X","Fuel Filter","1","0","1","1","TIER_P5"
"EF59399","WK939/9X","Fuel Filter","1","0","1","1","TIER_P5"
"EF54011","WK940/11","Fuel Filter","0","0","1","1","TIER_P5"
"EF54011","WK940/11X","Fuel Filter","1","0","1","1","TIER_P5"
"EF54012","WK940/12","Fuel Filter","1","0","1","1","TIER_P5"
"EF54015","WK940/15","Fuel Filter","1","0","1","1","TIER_P5"
"EF54016","WK940/16","Fuel Filter","0","1","1","1","TIER_P4"
"EF54016","WK940/16X","Fuel Filter","1","0","1","1","TIER_P5"
"EF54017","WK940/17","Fuel Filter","1","0","1","1","TIER_P5"
"EF54018","WK940/18","Fuel Filter","0","1","0","1","TIER_P4"
"EF54019","WK940/19","Fuel Filter","1","0","1","1","TIER_P5"
"EF59401","WK940/1X","Fuel Filter","1","0","1","1","TIER_P5"
"EF59402","WK940/2","Fuel Filter","0","0","1","1","TIER_P5"
"EF54020","WK940/20","Fuel Filter","1","0","1","1","TIER_P5"
"EF54022","WK940/22","Fuel Filter","1","0","1","1","TIER_P5"
"EF54023","WK940/23","Fuel Filter","1","0","1","1","TIER_P5"
"EF54024","WK940/24","Fuel Filter","0","0","1","1","TIER_P5"
"EF54026","WK940/26","Fuel Filter","0","0","1","1","TIER_P5"
"EFWK9403","WK940/3","Fuel Filter","0","0","0","1","TIER_P5"
"EF54030","WK940/30","Fuel Filter","0","0","1","1","TIER_P5"
"EF54032","WK940/32X","Fuel Filter","0","1","0","1","TIER_P4"
"EF54033","WK940/33X","Fuel Filter","1","0","1","1","TIER_P5"
"EF54036","WK940/36X","Fuel Filter","1","0","1","1","TIER_P5"
"EF54037","WK940/37X","Fuel Filter","1","0","1","1","TIER_P5"
"EF54038","WK940/38X","Fuel Filter","1","0","1","1","TIER_P5"
"EFWK9404","WK940/4","Fuel Filter","0","0","0","1","TIER_P5"
"EF54042","WK940/42","Fuel Filter","1","0","1","1","TIER_P5"
"EF59405","WK940/5","Fuel Filter","1","0","1","1","TIER_P5"
"EF59406","WK940/6","Fuel Filter","0","0","1","1","TIER_P5"
"EF59406","WK940/6X","Fuel Filter","1","0","1","1","TIER_P5"
"EFWK9409","WK940/9","Fuel Filter","0","0","0","0","TIER_P5"
"EFWK941","WK941","Fuel Filter","1","1","0","1","TIER_P3"
"EFWK94110","WK941(10)","Fuel Filter","1","0","0","1","TIER_P5"
"EF50943","WK943","Fuel Filter","1","0","1","1","TIER_P5"
"EF59431","WK943/1","Fuel Filter","1","0","1","1","TIER_P5"
"EF50947","WK947","Fuel Filter","0","0","1","1","TIER_P5"
"EF55012","WK950/12","Fuel Filter","0","0","1","1","TIER_P5"
"EF55013","WK950/13","Fuel Filter","1","0","1","1","TIER_P5"
"EF55016","WK950/16","Fuel Filter","0","1","1","1","TIER_P4"
"EF55016","WK950/16X","Fuel Filter","1","0","1","1","TIER_P5"
"EF55019","WK950/19","Fuel Filter","1","0","1","1","TIER_P5"
"EF55020","WK950/20","Fuel Filter","0","0","1","1","TIER_P5"
"EF55021","WK950/21","Fuel Filter","1","0","1","1","TIER_P5"
"EF55023","WK950/23","Fuel Filter","0","0","1","0","TIER_P5"
"EFWK95024X","WK950/24X","Fuel Filter","0","0","0","0","TIER_P5"
"EFWK95025","WK950/25","Fuel Filter","0","0","0","0","TIER_P5"
"EF59503","WK950/3","Fuel Filter","1","0","1","1","TIER_P5"
"EF59504","WK950/4","Fuel Filter","1","1","0","1","TIER_P3"
"EF59506","WK950/6","Fuel Filter","1","0","1","1","TIER_P5"
"EF59521","WK952/1","Fuel Filter","1","0","1","1","TIER_P5"
"EF59523","WK952/3","Fuel Filter","0","0","1","1","TIER_P5"
"EF50953","WK953","Fuel Filter","0","1","0","0","TIER_P4"
"EF59531","WK953/1","Fuel Filter","1","0","1","1","TIER_P5"
"EFWK954","WK954","Fuel Filter","0","0","0","0","TIER_P5"
"EFWK9551","WK955/1","Fuel Filter","1","0","0","1","TIER_P5"
"EFWK956","WK956","Fuel Filter","0","1","0","1","TIER_P4"
"EFWK95610","WK956(10)","Fuel Filter","0","0","0","0","TIER_P5"
"EFWK957","WK957","Fuel Filter","0","0","0","0","TIER_P5"
"EFWK96210","WK962/10","Fuel Filter","0","0","0","0","TIER_P5"
"EF56211","WK962/11","Fuel Filter","1","0","1","1","TIER_P5"
"EFWK9623","WK962/3","Fuel Filter","0","0","0","1","TIER_P5"
"EF59624","WK962/4","Fuel Filter","1","1","1","1","TIER_P1"
"EFWK9625","WK962/5","Fuel Filter","1","1","0","1","TIER_P3"
"EF59627","WK962/7","Fuel Filter","1","0","1","1","TIER_P5"
"EF50965","WK965","Fuel Filter","0","1","1","1","TIER_P4"
"EF59652","WK965/2X","Fuel Filter","0","0","1","0","TIER_P5"
"EF59654","WK965/4X","Fuel Filter","1","0","1","1","TIER_P5"
"EF50965","WK965X","Fuel Filter","1","0","1","1","TIER_P5"
"EF59702","WK970/2","Fuel Filter","1","0","1","1","TIER_P5"
"EF59702","WK9702","Fuel Filter","0","1","0","0","TIER_P4"
"EF50980","WK980","Fuel Filter","0","1","1","1","TIER_P4"
"EF59801","WK980/1","Fuel Filter","1","0","1","1","TIER_P5"
"EL50003","WP10003","Oil Filter","1","0","1","1","TIER_P5"
"EL50004","WP10004","Oil Filter","1","0","1","1","TIER_P5"
"EL51026","WP1026","Oil Filter","1","0","1","1","TIER_P5"
"EL51045","WP1045","Oil Filter","0","1","1","1","TIER_P4"
"EL51102","WP11102","Oil Filter","0","1","1","1","TIER_P4"
"EL51021","WP11102/1","Oil Filter","1","1","0","1","TIER_P3"
"EL50212","WP11102/1/2","Oil Filter","1","1","0","1","TIER_P3"
"EL51022","WP11102/2","Oil Filter","1","1","0","0","TIER_P3"
"EL51023","WP11102/3","Oil Filter","1","1","1","1","TIER_P1"
"EL51121","WP11121","Oil Filter","1","0","1","1","TIER_P5"
"EL51144","WP1144","Oil Filter","1","1","1","1","TIER_P1"
"EL51152","WP1152","Oil Filter","0","1","0","1","TIER_P4"
"EL51521","WP1152/1","Oil Filter","1","0","1","1","TIER_P5"
"EL51168","WP1168","Oil Filter","0","1","0","1","TIER_P4"
"EL51169","WP1169","Oil Filter","1","1","1","1","TIER_P1"
"EL51170","WP1170","Oil Filter","0","0","1","1","TIER_P5"
"EL52001","WP12001","Oil Filter","1","0","1","1","TIER_P5"
"EL52003","WP12003","Oil Filter","1","0","1","1","TIER_P5"
"EL52004","WP12004","Oil Filter","1","0","1","1","TIER_P5"
"EL52005","WP12005","Oil Filter","1","0","1","1","TIER_P5"
"EL52120","WP12120","Oil Filter","0","1","1","1","TIER_P4"
"EL51201","WP12120/1","Oil Filter","1","0","1","1","TIER_P5"
"EL52121","WP12121","Oil Filter","1","0","1","1","TIER_P5"
"EL52300","WP12300","Oil Filter","1","0","1","1","TIER_P5"
"EL53001","WP12300/1","Oil Filter","1","1","1","1","TIER_P1"
"EL52308","WP12308","Oil Filter","1","0","1","1","TIER_P5"
"EL52309","WP12309","Oil Filter","0","1","0","0","TIER_P4"
"EL52330","WP12330","Oil Filter","1","0","1","1","TIER_P5"
"EL51240","WP1240","Oil Filter","0","0","1","1","TIER_P5"
"EL51270","WP1270","Oil Filter","1","0","1","1","TIER_P5"
"EL51290","WP1290","Oil Filter","0","0","1","1","TIER_P5"
"EL52905","WP12905","Oil Filter","0","0","1","1","TIER_P5"
"EL53001","WP13001","Oil Filter","1","1","0","0","TIER_P3"
"EL51374","WP1374","Oil Filter","0","0","1","0","TIER_P5"
"ELWP727","WP727","Oil Filter","0","0","0","0","TIER_P5"
"EL50811","WP811","Oil Filter","0","1","0","1","TIER_P4"
"ELWP8133","WP813/3","Oil Filter","0","0","0","0","TIER_P5"
"ELWP823","WP823","Oil Filter","0","0","0","0","TIER_P5"
"EL59002","WP9002","Oil Filter","0","1","1","1","TIER_P4"
"ELWP9131","WP913/1","Oil Filter","0","0","0","0","TIER_P5"
"EL50914","WP914","Oil Filter","1","0","1","1","TIER_P5"
"EL51480","WP914/80","Oil Filter","1","0","1","1","TIER_P5"
"ELWP9161","WP916/1","Oil Filter","0","0","0","0","TIER_P5"
"EL50919","WP919","Oil Filter","0","1","0","0","TIER_P4"
"ELWP9203","WP920/3","Oil Filter","0","0","0","1","TIER_P5"
"EL52080","WP920/80","Oil Filter","1","0","1","1","TIER_P5"
"ELWP9211","WP921/1","Oil Filter","0","0","0","0","TIER_P5"
"EL50922","WP922","Oil Filter","0","0","1","1","TIER_P5"
"EL52880","WP928/80","Oil Filter","1","0","1","1","TIER_P5"
"EL52881","WP928/81","Oil Filter","1","0","1","1","TIER_P5"
"EL52882","WP928/82","Oil Filter","1","0","1","1","TIER_P5"
"EL52883","WP928/83","Oil Filter","1","0","1","1","TIER_P5"
"EL52884","WP928/84","Oil Filter","1","0","1","1","TIER_P5"
"EL50931","WP931","Oil Filter","1","1","1","1","TIER_P1"
"ELWP9361","WP936/1","Oil Filter","0","0","0","0","TIER_P5"
"ELWP9362","WP936/2","Oil Filter","0","0","0","0","TIER_P5"
"EL50940","WP940","Oil Filter","0","1","0","0","TIER_P4"
"EL59404","WP940/4","Oil Filter","0","0","1","1","TIER_P5"
"ELWP958","WP958","Oil Filter","0","0","0","1","TIER_P5"
"ELWP962","WP962","Oil Filter","0","0","0","0","TIER_P5"
"ELWP9623","WP962/3","Oil Filter","0","0","0","1","TIER_P5"
"EL59623","WP962/3X","Oil Filter","1","1","1","1","TIER_P1"
"ELWP9625","WP962/5","Oil Filter","1","1","0","1","TIER_P3"
"ELWP9633","WP963/3","Oil Filter","0","0","0","0","TIER_P5"
"ELWS9506","WS950/6","Oil Filter","0","0","0","1","TIER_P5"
"ELWU7131","WU713/1","Oil Filter","0","0","0","1","TIER_P5"
"ELWU7132","WU713/2","Oil Filter","0","0","0","1","TIER_P5"
"ELWU7133","WU713/3","Oil Filter","0","0","0","1","TIER_P5"
"ELWU7134","WU713/4","Oil Filter","0","0","0","1","TIER_P5"
"ELWU7135","WU713/5","Oil Filter","0","0","0","1","TIER_P5"
"ELWU7136","WU713/6","Oil Filter","0","0","0","1","TIER_P5"
"ELWU7181","WU718/1","Oil Filter","0","0","0","1","TIER_P5"
"ELWU7182","WU718/2","Oil Filter","0","0","0","0","TIER_P5"
"ELWU9321","WU932/1","Oil Filter","0","0","0","1","TIER_P5"
"EL51102","WV11102","Oil Filter","0","1","0","0","TIER_P4"
"ELWV7193","WV719/3","Oil Filter","0","0","0","0","TIER_P5"
"ELWV7194","WV719/4","Oil Filter","0","0","0","0","TIER_P5"
"EL50930","WV930","Oil Filter","0","1","0","0","TIER_P4"
"EL50940","WV940","Oil Filter","0","1","0","1","TIER_P4"
"EL50962","WV962","Oil Filter","0","1","0","0","TIER_P4"
