[2026-06-18T13:34:06.416Z] Output files initialized
[2026-06-18T13:34:06.417Z] [1/2430] EA50012 (C10012) — Air Filter
[2026-06-18T13:34:06.663Z]   FOUND — crossRefs:0 apps:0 specs:0
[2026-06-18T13:34:08.175Z] [2/2430] EA51006 (C1006) — Air Filter
[2026-06-18T13:34:09.204Z]   FOUND — crossRefs:0 apps:0 specs:0
[2026-06-18T13:34:10.707Z] [3/2430] EA51057 (C1057) — Air Filter
[2026-06-18T13:34:10.847Z]   FOUND — crossRefs:0 apps:0 specs:0
[2026-06-18T13:34:12.353Z] [4/2430] EA51110 (C1110) — Air Filter
[2026-06-18T13:34:12.529Z]   FOUND — crossRefs:0 apps:0 specs:0
[2026-06-18T13:34:14.030Z] [5/2430] EA51002 (C11100/2) — Air Filter
[2026-06-18T13:34:14.108Z]   FOUND — crossRefs:0 apps:0 specs:0
[2026-06-18T13:34:15.618Z] [6/2430] EA51021 (C11102/1) — Air Filter
[2026-06-18T13:34:15.704Z]   FOUND — crossRefs:0 apps:0 specs:0
[2026-06-18T13:34:17.219Z] [7/2430] EA51113 (C1113) — Air Filter
[2026-06-18T13:34:17.269Z]   FOUND — crossRefs:3 apps:0 specs:0
[2026-06-18T13:34:18.775Z] [8/2430] EA51145 (C1145) — Air Filter
[2026-06-18T13:34:18.833Z]   FOUND — crossRefs:0 apps:0 specs:0
[2026-06-18T13:34:20.342Z] [9/2430] EA51454 (C1145/4) — Air Filter
[2026-06-18T13:34:20.397Z]   FOUND — crossRefs:5 apps:0 specs:0
[2026-06-18T13:34:21.912Z] [10/2430] EA51455 (C1145/5) — Air Filter
[2026-06-18T13:34:21.967Z]   FOUND — crossRefs:12 apps:0 specs:0
[2026-06-18T13:34:23.480Z] [11/2430] EA51149 (C1149) — Air Filter
[2026-06-18T13:34:23.532Z]   FOUND — crossRefs:2 apps:0 specs:0
[2026-06-18T13:34:25.040Z] [12/2430] EA51151 (C1151) — Air Filter
[2026-06-18T13:34:25.111Z]   FOUND — crossRefs:40 apps:0 specs:4
[2026-06-18T13:34:26.622Z] [13/2430] EA51154 (C1154) — Air Filter
[2026-06-18T13:34:26.832Z]   FOUND — crossRefs:2 apps:0 specs:0
[2026-06-18T13:34:28.339Z] [14/2430] EA51170 (C1170) — Air Filter
[2026-06-18T13:34:28.582Z]   FOUND — crossRefs:0 apps:0 specs:0
[2026-06-18T13:34:30.088Z] [15/2430] EA51185 (C1185) — Air Filter
[2026-06-18T13:34:30.149Z]   FOUND — crossRefs:25 apps:0 specs:0
[2026-06-18T13:34:31.666Z] [16/2430] EA52014 (C12014) — Air Filter
[2026-06-18T13:34:32.491Z]   FOUND — crossRefs:1 apps:0 specs:0
[2026-06-18T13:34:34.003Z] [17/2430] EA52148 (C12148) — Air Filter
[2026-06-18T13:34:34.057Z]   FOUND — crossRefs:0 apps:0 specs:0
[2026-06-18T13:34:35.561Z] [18/2430] EA51219 (C1219) — Air Filter
[2026-06-18T13:34:35.625Z]   FOUND — crossRefs:3 apps:0 specs:0
[2026-06-18T13:34:37.141Z] [19/2430] EA51230 (C1230) — Air Filter
[2026-06-18T13:34:37.208Z]   FOUND — crossRefs:2 apps:0 specs:0
[2026-06-18T13:34:38.714Z] [20/2430] EA51236 (C1236) — Air Filter
[2026-06-18T13:34:38.782Z]   FOUND — crossRefs:24 apps:0 specs:0
[2026-06-18T13:34:40.303Z] [21/2430] EA51243 (C1243) — Air Filter
[2026-06-18T13:34:40.443Z]   FOUND — crossRefs:13 apps:0 specs:0
[2026-06-18T13:34:41.954Z] [22/2430] EA51257 (C1257) — Air Filter
[2026-06-18T13:34:42.041Z]   FOUND — crossRefs:2 apps:0 specs:0
[2026-06-18T13:34:43.545Z] [23/2430] EA53010 (C13010) — Air Filter
[2026-06-18T13:34:44.521Z]   FOUND — crossRefs:1 apps:0 specs:0
[2026-06-18T13:34:46.037Z] [24/2430] EA51032 (C13103/2) — Air Filter
[2026-06-18T13:34:46.098Z]   FOUND — crossRefs:0 apps:0 specs:0
[2026-06-18T13:34:47.605Z] [25/2430] EA51143 (C13114/3) — Air Filter
[2026-06-18T13:34:48.074Z]   FOUND — crossRefs:3 apps:0 specs:0
[2026-06-18T13:34:49.580Z] [26/2430] EA53135 (C13135) — Air Filter
[2026-06-18T13:34:49.639Z]   FOUND — crossRefs:15 apps:0 specs:0
[2026-06-18T13:34:51.155Z] [27/2430] EA51359 (C131359) — Air Filter
[2026-06-18T13:34:51.219Z]   FOUND — crossRefs:0 apps:0 specs:0
[2026-06-18T13:34:52.734Z] [28/2430] EA53137 (C13137) — Air Filter
[2026-06-18T13:34:52.786Z]   FOUND — crossRefs:9 apps:0 specs:0
[2026-06-18T13:34:54.296Z] [29/2430] EA51328 (C1328) — Air Filter
[2026-06-18T13:34:54.347Z]   FOUND — crossRefs:0 apps:0 specs:0
[2026-06-18T13:34:55.858Z] [30/2430] EA53371 (C1337/1) — Air Filter
[2026-06-18T13:34:55.925Z]   FOUND — crossRefs:0 apps:0 specs:0
[2026-06-18T13:34:57.434Z] [31/2430] EA53372 (C1337/2) — Air Filter
[2026-06-18T13:34:57.490Z]   FOUND — crossRefs:0 apps:0 specs:0
[2026-06-18T13:34:58.991Z] [32/2430] EA51338 (C1338) — Air Filter
[2026-06-18T13:34:59.039Z]   FOUND — crossRefs:9 apps:0 specs:0
[2026-06-18T13:35:00.555Z] [33/2430] EA51349 (C1349) — Air Filter
[2026-06-18T13:35:00.603Z]   FOUND — crossRefs:4 apps:0 specs:0
[2026-06-18T13:35:02.112Z] [34/2430] EA51354 (C1354) — Air Filter
[2026-06-18T13:35:02.163Z]   FOUND — crossRefs:0 apps:0 specs:0
[2026-06-18T13:35:03.670Z] [35/2430] EA51355 (C1355) — Air Filter
[2026-06-18T13:35:03.747Z]   FOUND — crossRefs:2 apps:0 specs:0
[2026-06-18T13:35:05.257Z] [36/2430] EA51357 (C1357) — Air Filter
[2026-06-18T13:35:05.330Z]   FOUND — crossRefs:13 apps:0 specs:4
[2026-06-18T13:35:06.846Z] [37/2430] EA53571 (C1357/1) — Air Filter
[2026-06-18T13:35:06.914Z]   FOUND — crossRefs:0 apps:0 specs:0
[2026-06-18T13:35:08.423Z] [38/2430] EA51358 (C1358) — Air Filter
[2026-06-18T13:35:08.504Z]   FOUND — crossRefs:9 apps:0 specs:0
[2026-06-18T13:35:10.015Z] [39/2430] EA53621 (C1362/1) — Air Filter
[2026-06-18T13:35:10.071Z]   FOUND — crossRefs:3 apps:0 specs:0
[2026-06-18T13:35:11.581Z] [40/2430] EA51365 (C1365) — Air Filter
[2026-06-18T13:35:12.571Z]   FOUND — crossRefs:0 apps:0 specs:0
[2026-06-18T13:35:14.084Z] [41/2430] EA53741 (C1374/1) — Air Filter
[2026-06-18T13:35:14.174Z]   FOUND — crossRefs:0 apps:0 specs:0
[2026-06-18T13:35:15.687Z] [42/2430] EA51376 (C1376) — Air Filter
[2026-06-18T13:35:15.744Z]   FOUND — crossRefs:29 apps:2 specs:4
[2026-06-18T13:35:17.256Z] [43/2430] EA51381 (C138/1) — Air Filter
[2026-06-18T13:35:17.307Z]   FOUND — crossRefs:0 apps:0 specs:0
[2026-06-18T13:35:18.808Z] [44/2430] EA53991 (C1399/1) — Air Filter
[2026-06-18T13:35:18.859Z]   FOUND — crossRefs:2 apps:0 specs:0
[2026-06-18T13:35:20.370Z] [45/2430] EA50061 (C14006/1) — Air Filter
[2026-06-18T13:35:20.429Z]   FOUND — crossRefs:0 apps:0 specs:0
[2026-06-18T13:35:21.931Z] [46/2430] EA54019 (C14019) — Air Filter
[2026-06-18T13:35:21.993Z]   FOUND — crossRefs:0 apps:0 specs:0
[2026-06-18T13:35:23.505Z] [47/2430] EA54021 (C14021) — Air Filter
[2026-06-18T13:35:23.558Z]   FOUND — crossRefs:0 apps:0 specs:0
[2026-06-18T13:35:25.074Z] [48/2430] EA51410 (C1410) — Air Filter
[2026-06-18T13:35:25.137Z]   FOUND — crossRefs:0 apps:0 specs:0
[2026-06-18T13:35:26.643Z] [49/2430] EA54110 (C14110) — Air Filter
[2026-06-18T13:35:28.297Z]   FOUND — crossRefs:0 apps:0 specs:0
[2026-06-18T13:35:29.804Z] [50/2430] EA54117 (C14117) — Air Filter
[2026-06-18T13:35:29.862Z]   FOUND — crossRefs:38 apps:5 specs:4
[2026-06-18T13:35:31.382Z] [51/2430] EA51415 (C1415) — Air Filter
[2026-06-18T13:35:31.443Z]   FOUND — crossRefs:24 apps:0 specs:4
[2026-06-18T13:35:32.952Z] [52/2430] EA51591 (C14159/1) — Air Filter
[2026-06-18T13:35:33.010Z]   FOUND — crossRefs:52 apps:0 specs:0
[2026-06-18T13:35:34.533Z] [53/2430] EA51423 (C1423) — Air Filter
[2026-06-18T13:35:34.594Z]   FOUND — crossRefs:0 apps:0 specs:0
[2026-06-18T13:35:36.102Z] [54/2430] EA53200 (C1423/200) — Air Filter
[2026-06-18T13:35:36.160Z]   FOUND — crossRefs:0 apps:0 specs:0
[2026-06-18T13:35:37.672Z] [55/2430] EA51424 (C1424) — Air Filter
[2026-06-18T13:35:37.764Z]   FOUND — crossRefs:3 apps:0 specs:0
[2026-06-18T13:35:39.277Z] [56/2430] EA54250 (C14250) — Air Filter
[2026-06-18T13:35:39.328Z]   FOUND — crossRefs:0 apps:0 specs:0
[2026-06-18T13:35:40.834Z] [57/2430] EA51426 (C1426) — Air Filter
[2026-06-18T13:35:40.894Z]   FOUND — crossRefs:4 apps:0 specs:0
[2026-06-18T13:35:42.406Z] [58/2430] EA51429 (C1429) — Air Filter
[2026-06-18T13:35:42.477Z]   FOUND — crossRefs:0 apps:0 specs:0
[2026-06-18T13:35:43.983Z] [59/2430] EA51465 (C1465) — Air Filter
[2026-06-18T13:35:44.813Z]   FOUND — crossRefs:11 apps:7 specs:4
[2026-06-18T13:35:46.328Z] [60/2430] EA54681 (C1468/1) — Air Filter
[2026-06-18T13:35:46.379Z]   FOUND — crossRefs:5 apps:0 specs:0
[2026-06-18T13:35:47.884Z] [61/2430] EA51470 (C1470) — Air Filter
[2026-06-18T13:35:48.419Z]   FOUND — crossRefs:12 apps:0 specs:0
[2026-06-18T13:35:49.931Z] [62/2430] EA51476 (C1476) — Air Filter
[2026-06-18T13:35:50.027Z]   FOUND — crossRefs:13 apps:0 specs:0
[2026-06-18T13:35:51.537Z] [63/2430] EA50149 (C149) — Air Filter
[2026-06-18T13:35:51.601Z]   FOUND — crossRefs:7 apps:0 specs:4
[2026-06-18T13:35:53.117Z] [64/2430] EA55010 (C15010M) — Air Filter
[2026-06-18T13:35:53.172Z]   FOUND — crossRefs:23 apps:0 specs:0
[2026-06-18T13:35:54.690Z] [65/2430] EA55014 (C15014) — Air Filter
[2026-06-18T13:35:54.758Z]   FOUND — crossRefs:0 apps:0 specs:0
[2026-06-18T13:35:56.275Z] [66/2430] EA50151 (C151) — Air Filter
[2026-06-18T13:35:56.345Z]   FOUND — crossRefs:1 apps:0 specs:0
[2026-06-18T13:35:57.859Z] [67/2430] EA55102 (C15102) — Air Filter
[2026-06-18T13:35:57.925Z]   FOUND — crossRefs:0 apps:0 specs:0
[2026-06-18T13:35:59.433Z] [68/2430] EA55105 (C15105) — Air Filter
[2026-06-18T13:35:59.504Z]   FOUND — crossRefs:33 apps:0 specs:2
[2026-06-18T13:36:01.022Z] [69/2430] EA51202 (C15120/2) — Air Filter
[2026-06-18T13:36:01.097Z]   FOUND — crossRefs:2 apps:0 specs:0
[2026-06-18T13:36:02.610Z] [70/2430] EA55124 (C15124) — Air Filter
[2026-06-18T13:36:02.695Z]   FOUND — crossRefs:4 apps:0 specs:4
[2026-06-18T13:36:04.198Z] [71/2430] EA51243 (C15124/3) — Air Filter
[2026-06-18T13:36:04.260Z]   FOUND — crossRefs:0 apps:0 specs:0
[2026-06-18T13:36:05.768Z] [72/2430] EA51245 (C15124/5) — Air Filter
[2026-06-18T13:36:05.841Z]   FOUND — crossRefs:2 apps:0 specs:0
[2026-06-18T13:36:07.351Z] [73/2430] EA55126 (C15126) — Air Filter
[2026-06-18T13:36:07.418Z]   FOUND — crossRefs:0 apps:0 specs:0
[2026-06-18T13:36:08.926Z] [74/2430] EA55135 (C15135) — Air Filter
[2026-06-18T13:36:08.997Z]   FOUND — crossRefs:0 apps:0 specs:0
[2026-06-18T13:36:10.514Z] [75/2430] EA55143 (C15143) — Air Filter
[2026-06-18T13:36:10.728Z]   FOUND — crossRefs:29 apps:0 specs:2
[2026-06-18T13:36:12.243Z] [76/2430] EA55163 (C15163) — Air Filter
[2026-06-18T13:36:12.378Z]   FOUND — crossRefs:57 apps:0 specs:4
[2026-06-18T13:36:13.895Z] [77/2430] EA51651 (C15165/1) — Air Filter
[2026-06-18T13:36:13.970Z]   FOUND — crossRefs:230 apps:0 specs:0
[2026-06-18T13:36:15.516Z] [78/2430] EA51519 (C1519) — Air Filter
[2026-06-18T13:36:15.581Z]   FOUND — crossRefs:3 apps:0 specs:0
[2026-06-18T13:36:17.089Z] [79/2430] EA55190 (C15190) — Air Filter
[2026-06-18T13:36:17.471Z]   FOUND — crossRefs:0 apps:0 specs:0
[2026-06-18T13:36:18.979Z] [80/2430] EA51523 (C1523) — Air Filter
[2026-06-18T13:36:19.059Z]   FOUND — crossRefs:0 apps:0 specs:0
[2026-06-18T13:36:20.567Z] [81/2430] EA55272 (C15272) — Air Filter
[2026-06-18T13:36:21.804Z]   FOUND — crossRefs:0 apps:0 specs:0
[2026-06-18T13:36:23.308Z] [82/2430] EA52721 (C15272/1) — Air Filter
[2026-06-18T13:36:23.406Z]   FOUND — crossRefs:0 apps:0 specs:0
[2026-06-18T13:36:24.918Z] [83/2430] EA55291 (C1529/1) — Air Filter
[2026-06-18T13:36:24.983Z]   FOUND — crossRefs:0 apps:0 specs:0
[2026-06-18T13:36:26.494Z] [84/2430] EA55293 (C1529/3) — Air Filter
[2026-06-18T13:36:26.569Z]   FOUND — crossRefs:0 apps:0 specs:0
[2026-06-18T13:36:28.070Z] [85/2430] EA53002 (C15300/2) — Air Filter
[2026-06-18T13:36:28.134Z]   FOUND — crossRefs:0 apps:0 specs:0
[2026-06-18T13:36:29.646Z] [86/2430] EA53004 (C15300/4) — Air Filter
[2026-06-18T13:36:29.708Z]   FOUND — crossRefs:0 apps:0 specs:0
[2026-06-18T13:36:31.214Z] [87/2430] EA51532 (C1532) — Air Filter
[2026-06-18T13:36:31.282Z]   FOUND — crossRefs:12 apps:0 specs:0
[2026-06-18T13:36:32.791Z] [88/2430] EA55321 (C1532/1) — Air Filter
[2026-06-18T13:36:32.915Z]   FOUND — crossRefs:0 apps:0 specs:0
[2026-06-18T13:36:34.417Z] [89/2430] EA55322 (C1532/2) — Air Filter
[2026-06-18T13:36:34.479Z]   FOUND — crossRefs:0 apps:0 specs:0
[2026-06-18T13:36:35.994Z] [90/2430] EA55403 (C15403) — Air Filter
[2026-06-18T13:36:36.061Z]   FOUND — crossRefs:4 apps:0 specs:4
[2026-06-18T13:36:37.573Z] [91/2430] EA55501 (C1550/1) — Air Filter
[2026-06-18T13:36:37.862Z]   FOUND — crossRefs:0 apps:0 specs:0
[2026-06-18T13:36:39.368Z] [92/2430] EA55503 (C1550/3) — Air Filter
[2026-06-18T13:36:39.478Z]   FOUND — crossRefs:0 apps:0 specs:0
[2026-06-18T13:36:40.979Z] [93/2430] EA55554 (C1555/4) — Air Filter
[2026-06-18T13:36:41.047Z]   FOUND — crossRefs:0 apps:0 specs:0
[2026-06-18T13:36:42.557Z] [94/2430] EA51562 (C1562X) — Air Filter
[2026-06-18T13:36:42.684Z]   FOUND — crossRefs:0 apps:0 specs:0
[2026-06-18T13:36:44.188Z] [95/2430] EA55891 (C1589/1) — Air Filter
[2026-06-18T13:36:44.327Z]   FOUND — crossRefs:0 apps:0 specs:0
[2026-06-18T13:36:45.830Z] [96/2430] EA51595 (C1595) — Air Filter
[2026-06-18T13:36:45.925Z]   FOUND — crossRefs:24 apps:0 specs:0
[2026-06-18T13:36:47.439Z] [97/2430] EA56005 (C16005M) — Air Filter
[2026-06-18T13:36:48.002Z]   FOUND — crossRefs:19 apps:0 specs:0
[2026-06-18T13:36:49.516Z] [98/2430] EA56017 (C16017) — Air Filter
[2026-06-18T13:36:49.588Z]   FOUND — crossRefs:0 apps:0 specs:0
[2026-06-18T13:36:51.096Z] [99/2430] EA51131 (C16113/1) — Air Filter
[2026-06-18T13:36:51.174Z]   FOUND — crossRefs:2 apps:0 specs:0
[2026-06-18T13:36:52.686Z] [100/2430] EA56122 (C16122) — Air Filter
[2026-06-18T13:36:52.767Z]   FOUND — crossRefs:54 apps:1 specs:4
[2026-06-18T13:36:54.286Z] [101/2430] EA56130 (C16130) — Air Filter
[2026-06-18T13:36:54.451Z]   FOUND — crossRefs:8 apps:0 specs:0
[2026-06-18T13:36:55.962Z] [102/2430] EA56134 (C16134) — Air Filter
[2026-06-18T13:36:56.015Z]   FOUND — crossRefs:0 apps:0 specs:0
[2026-06-18T13:36:57.525Z] [103/2430] EA56142 (C16142) — Air Filter
[2026-06-18T13:36:57.593Z]   FOUND — crossRefs:26 apps:0 specs:3
[2026-06-18T13:36:59.110Z] [104/2430] EA51421 (C16142/1) — Air Filter
[2026-06-18T13:36:59.184Z]   FOUND — crossRefs:0 apps:0 specs:0
[2026-06-18T13:37:00.685Z] [105/2430] EA56163 (C16163) — Air Filter
[2026-06-18T13:37:00.751Z]   FOUND — crossRefs:0 apps:0 specs:0
[2026-06-18T13:37:02.267Z] [106/2430] EA51901 (C16190/1) — Air Filter
[2026-06-18T13:37:02.387Z]   FOUND — crossRefs:0 apps:0 specs:0
[2026-06-18T13:37:03.900Z] [107/2430] EA56212 (C16212) — Air Filter
[2026-06-18T13:37:03.958Z]   FOUND — crossRefs:3 apps:0 specs:0
[2026-06-18T13:37:05.472Z] [108/2430] EA52121 (C16212/1) — Air Filter
[2026-06-18T13:37:05.528Z]   FOUND — crossRefs:0 apps:0 specs:0
[2026-06-18T13:37:07.040Z] [109/2430] EA52122 (C16212/2) — Air Filter
[2026-06-18T13:37:07.124Z]   FOUND — crossRefs:0 apps:0 specs:0
[2026-06-18T13:37:08.633Z] [110/2430] EA56214 (C16214) — Air Filter
[2026-06-18T13:37:08.729Z]   FOUND — crossRefs:6 apps:0 specs:5
[2026-06-18T13:37:10.238Z] [111/2430] EA56245 (C16245) — Air Filter
[2026-06-18T13:37:10.292Z]   FOUND — crossRefs:0 apps:0 specs:0
[2026-06-18T13:37:11.800Z] [112/2430] EA51632 (C1632) — Air Filter
[2026-06-18T13:37:11.879Z]   FOUND — crossRefs:29 apps:0 specs:4
[2026-06-18T13:37:13.392Z] [113/2430] EA54002 (C16400/2) — Air Filter
[2026-06-18T13:37:13.450Z]   FOUND — crossRefs:0 apps:0 specs:0
[2026-06-18T13:37:14.951Z] [114/2430] EA56410 (C16410) — Air Filter
[2026-06-18T13:37:15.064Z]   FOUND — crossRefs:0 apps:0 specs:0
[2026-06-18T13:37:16.565Z] [115/2430] EA51642 (C1642) — Air Filter
[2026-06-18T13:37:16.633Z]   FOUND — crossRefs:8 apps:0 specs:0
[2026-06-18T13:37:18.142Z] [116/2430] EA51645 (C1645) — Air Filter
[2026-06-18T13:37:18.200Z]   FOUND — crossRefs:0 apps:0 specs:0
[2026-06-18T13:37:19.701Z] [117/2430] EA51648 (C1648) — Air Filter
[2026-06-18T13:37:19.767Z]   FOUND — crossRefs:7 apps:0 specs:0
[2026-06-18T13:37:21.275Z] [118/2430] EA51672 (C1672) — Air Filter
[2026-06-18T13:37:21.339Z]   FOUND — crossRefs:1 apps:0 specs:4
[2026-06-18T13:37:22.855Z] [119/2430] EA56721 (C1672/1) — Air Filter
[2026-06-18T13:37:22.932Z]   FOUND — crossRefs:0 apps:0 specs:0
[2026-06-18T13:37:24.449Z] [120/2430] EA56722 (C1672/2) — Air Filter
[2026-06-18T13:37:24.507Z]   FOUND — crossRefs:0 apps:0 specs:0
[2026-06-18T13:37:26.024Z] [121/2430] EA56724 (C1672/4) — Air Filter
[2026-06-18T13:37:26.091Z]   FOUND — crossRefs:0 apps:0 specs:0
[2026-06-18T13:37:27.603Z] [122/2430] EA56727 (C1672/7) — Air Filter
[2026-06-18T13:37:27.661Z]   FOUND — crossRefs:0 apps:0 specs:0
[2026-06-18T13:37:29.165Z] [123/2430] EA57012 (C17012) — Air Filter
[2026-06-18T13:37:29.223Z]   FOUND — crossRefs:0 apps:0 specs:0
[2026-06-18T13:37:30.729Z] [124/2430] EA50122 (C17012/2) — Air Filter
[2026-06-18T13:37:30.880Z]   FOUND — crossRefs:0 apps:0 specs:0
[2026-06-18T13:37:32.384Z] [125/2430] EA50131 (C17013/1) — Air Filter
[2026-06-18T13:37:32.527Z]   FOUND — crossRefs:0 apps:0 specs:0
[2026-06-18T13:37:34.034Z] [126/2430] EA57021 (C17021) — Air Filter
[2026-06-18T13:37:34.480Z]   FOUND — crossRefs:0 apps:0 specs:0
[2026-06-18T13:37:35.993Z] [127/2430] EA50213 (C17021/3) — Air Filter
[2026-06-18T13:37:36.061Z]   FOUND — crossRefs:0 apps:0 specs:0
[2026-06-18T13:37:37.586Z] [128/2430] EA50231 (C17023/1) — Air Filter
[2026-06-18T13:37:37.764Z]   FOUND — crossRefs:0 apps:0 specs:0
[2026-06-18T13:37:39.276Z] [129/2430] EA57025 (C17025) — Air Filter
[2026-06-18T13:37:40.011Z]   FOUND — crossRefs:0 apps:0 specs:0
[2026-06-18T13:37:41.519Z] [130/2430] EA57028 (C17028) — Air Filter
[2026-06-18T13:37:41.628Z]   FOUND — crossRefs:0 apps:0 specs:0
[2026-06-18T13:37:43.134Z] [131/2430] EA57029 (C17029) — Air Filter
[2026-06-18T13:37:43.241Z]   FOUND — crossRefs:0 apps:0 specs:0
[2026-06-18T13:37:44.743Z] [132/2430] EA57125 (C17125) — Air Filter
[2026-06-18T13:37:44.845Z]   FOUND — crossRefs:14 apps:0 specs:4
[2026-06-18T13:37:46.368Z] [133/2430] EA51371 (C17137/1N) — Air Filter
[2026-06-18T13:37:46.458Z]   FOUND — crossRefs:0 apps:0 specs:0
[2026-06-18T13:37:47.962Z] [134/2430] EA57161 (C17161) — Air Filter
[2026-06-18T13:37:48.050Z]   FOUND — crossRefs:1 apps:0 specs:4
[2026-06-18T13:37:49.556Z] [135/2430] EA57177 (C17177) — Air Filter
[2026-06-18T13:37:49.663Z]   FOUND — crossRefs:8 apps:0 specs:0
[2026-06-18T13:37:51.167Z] [136/2430] EA51720 (C1720) — Air Filter
[2026-06-18T13:37:51.267Z]   FOUND — crossRefs:0 apps:0 specs:0
[2026-06-18T13:37:52.776Z] [137/2430] EA52012 (C17201/2) — Air Filter
[2026-06-18T13:37:52.872Z]   FOUND — crossRefs:2 apps:0 specs:0
[2026-06-18T13:37:54.383Z] [138/2430] EA52252 (C17225/2) — Air Filter
[2026-06-18T13:37:54.464Z]   FOUND — crossRefs:2 apps:0 specs:0
[2026-06-18T13:37:55.977Z] [139/2430] EA51725 (C1725) — Air Filter
[2026-06-18T13:37:56.071Z]   FOUND — crossRefs:2 apps:0 specs:4
[2026-06-18T13:37:57.588Z] [140/2430] EA57308 (C17308) — Air Filter
[2026-06-18T13:37:57.686Z]   FOUND — crossRefs:16 apps:0 specs:0
[2026-06-18T13:37:59.197Z] [141/2430] EA53081 (C17308/1) — Air Filter
[2026-06-18T13:37:59.295Z]   FOUND — crossRefs:0 apps:0 specs:0
[2026-06-18T13:38:00.806Z] [142/2430] EA53373 (C17337/3) — Air Filter
[2026-06-18T13:38:00.884Z]   FOUND — crossRefs:0 apps:0 specs:0
[2026-06-18T13:38:02.384Z] [143/2430] EA57357 (C17357) — Air Filter
[2026-06-18T13:38:02.548Z]   FOUND — crossRefs:0 apps:0 specs:0
[2026-06-18T13:38:04.055Z] [144/2430] EA51750 (C1750) — Air Filter
[2026-06-18T13:38:04.131Z]   FOUND — crossRefs:3 apps:0 specs:0
[2026-06-18T13:38:05.650Z] [145/2430] EA51752 (C1752) — Air Filter
[2026-06-18T13:38:05.726Z]   FOUND — crossRefs:7 apps:0 specs:0
[2026-06-18T13:38:07.245Z] [146/2430] EA51759 (C1759) — Air Filter
[2026-06-18T13:38:07.310Z]   FOUND — crossRefs:4 apps:0 specs:0
[2026-06-18T13:38:08.821Z] [147/2430] EA58010 (C18010) — Air Filter
[2026-06-18T13:38:08.941Z]   FOUND — crossRefs:0 apps:0 specs:0
[2026-06-18T13:38:10.447Z] [148/2430] EA58015 (C18015) — Air Filter
[2026-06-18T13:38:10.516Z]   FOUND — crossRefs:0 apps:0 specs:0
[2026-06-18T13:38:12.040Z] [149/2430] EA58022 (C18022) — Air Filter
[2026-06-18T13:38:12.114Z]   FOUND — crossRefs:0 apps:0 specs:0
[2026-06-18T13:38:13.621Z] [150/2430] EA58023 (C18023) — Air Filter
[2026-06-18T13:38:13.704Z]   FOUND — crossRefs:21 apps:0 specs:0
[2026-06-18T13:38:15.229Z] [151/2430] EA58026 (C18026) — Air Filter
[2026-06-18T13:38:15.302Z]   FOUND — crossRefs:0 apps:0 specs:0
[2026-06-18T13:38:16.806Z] [152/2430] EA58029 (C18029) — Air Filter
[2026-06-18T13:38:17.623Z]   FOUND — crossRefs:0 apps:0 specs:0
[2026-06-18T13:38:19.134Z] [153/2430] EA58146 (C18146) — Air Filter
[2026-06-18T13:38:19.208Z]   FOUND — crossRefs:11 apps:0 specs:0
[2026-06-18T13:38:20.713Z] [154/2430] EA51461 (C18146/1) — Air Filter
[2026-06-18T13:38:20.861Z]   FOUND — crossRefs:3 apps:0 specs:0
[2026-06-18T13:38:22.365Z] [155/2430] EA51462 (C18146/2) — Air Filter
[2026-06-18T13:38:22.958Z]   FOUND — crossRefs:3 apps:0 specs:0
[2026-06-18T13:38:24.472Z] [156/2430] EA51815 (C1815) — Air Filter
[2026-06-18T13:38:24.542Z]   FOUND — crossRefs:2 apps:0 specs:4
[2026-06-18T13:38:26.055Z] [157/2430] EA58170 (C18170) — Air Filter
[2026-06-18T13:38:26.120Z]   FOUND — crossRefs:0 apps:0 specs:0
[2026-06-18T13:38:27.636Z] [158/2430] EA58180 (C18180) — Air Filter
[2026-06-18T13:38:27.716Z]   FOUND — crossRefs:0 apps:0 specs:0
[2026-06-18T13:38:29.228Z] [159/2430] EA58187 (C18187) — Air Filter
[2026-06-18T13:38:29.299Z]   FOUND — crossRefs:1 apps:0 specs:0
[2026-06-18T13:38:30.806Z] [160/2430] EA58202 (C18202) — Air Filter
[2026-06-18T13:38:30.872Z]   FOUND — crossRefs:18 apps:0 specs:0
[2026-06-18T13:38:32.377Z] [161/2430] EA51821 (C1821) — Air Filter
[2026-06-18T13:38:32.446Z]   FOUND — crossRefs:0 apps:0 specs:0
[2026-06-18T13:38:33.957Z] [162/2430] EA51823 (C1823) — Air Filter
[2026-06-18T13:38:34.019Z]   FOUND — crossRefs:0 apps:0 specs:0
[2026-06-18T13:38:35.524Z] [163/2430] EA58250 (C18250) — Air Filter
[2026-06-18T13:38:35.594Z]   FOUND — crossRefs:0 apps:0 specs:0
[2026-06-18T13:38:37.095Z] [164/2430] EA51829 (C1829) — Air Filter
[2026-06-18T13:38:37.184Z]   FOUND — crossRefs:15 apps:0 specs:0
[2026-06-18T13:38:38.696Z] [165/2430] EA58360 (C18360) — Air Filter
[2026-06-18T13:38:38.771Z]   FOUND — crossRefs:3 apps:0 specs:0
[2026-06-18T13:38:40.284Z] [166/2430] EA51839 (C1839) — Air Filter
[2026-06-18T13:38:40.352Z]   FOUND — crossRefs:3 apps:0 specs:0
[2026-06-18T13:38:41.861Z] [167/2430] EA51842 (C1842) — Air Filter
[2026-06-18T13:38:41.927Z]   FOUND — crossRefs:8 apps:0 specs:0
[2026-06-18T13:38:43.433Z] [168/2430] EA58581 (C1858/1) — Air Filter
[2026-06-18T13:38:43.514Z]   FOUND — crossRefs:11 apps:0 specs:0
[2026-06-18T13:38:45.032Z] [169/2430] EA51859 (C1859) — Air Filter
[2026-06-18T13:38:45.102Z]   FOUND — crossRefs:0 apps:0 specs:0
[2026-06-18T13:38:46.619Z] [170/2430] EA58591 (C1859/1) — Air Filter
[2026-06-18T13:38:46.683Z]   FOUND — crossRefs:0 apps:0 specs:0
[2026-06-18T13:38:48.187Z] [171/2430] EA58832 (C1883/2) — Air Filter
[2026-06-18T13:38:48.634Z]   FOUND — crossRefs:55 apps:0 specs:0
[2026-06-18T13:38:50.151Z] [172/2430] EA58834 (C1883/4) — Air Filter
[2026-06-18T13:38:50.249Z]   FOUND — crossRefs:0 apps:0 specs:0
[2026-06-18T13:38:51.760Z] [173/2430] EA51884 (C1884) — Air Filter
[2026-06-18T13:38:51.825Z]   FOUND — crossRefs:0 apps:0 specs:0
[2026-06-18T13:38:53.353Z] [174/2430] EA59013 (C19013) — Air Filter
[2026-06-18T13:38:53.415Z]   FOUND — crossRefs:0 apps:0 specs:0
[2026-06-18T13:38:54.917Z] [175/2430] EA59014 (C19014) — Air Filter
[2026-06-18T13:38:54.981Z]   FOUND — crossRefs:0 apps:0 specs:0
[2026-06-18T13:38:56.495Z] [176/2430] EA59016 (C19016) — Air Filter
[2026-06-18T13:38:56.575Z]   FOUND — crossRefs:0 apps:0 specs:0
[2026-06-18T13:38:58.089Z] [177/2430] EA59017 (C19017) — Air Filter
[2026-06-18T13:38:58.174Z]   FOUND — crossRefs:0 apps:0 specs:0
[2026-06-18T13:38:59.681Z] [178/2430] EA59146 (C19146) — Air Filter
[2026-06-18T13:38:59.741Z]   FOUND — crossRefs:0 apps:0 specs:0
[2026-06-18T13:39:01.245Z] [179/2430] EA51915 (C1915) — Air Filter
[2026-06-18T13:39:01.324Z]   FOUND — crossRefs:0 apps:0 specs:0
[2026-06-18T13:39:02.839Z] [180/2430] EA59159 (C19159) — Air Filter
[2026-06-18T13:39:03.011Z]   FOUND — crossRefs:0 apps:0 specs:0
[2026-06-18T13:39:04.540Z] [181/2430] EA59171 (C19171) — Air Filter
[2026-06-18T13:39:04.604Z]   FOUND — crossRefs:5 apps:0 specs:0
[2026-06-18T13:39:06.119Z] [182/2430] EA51981 (C19198/1X) — Air Filter
[2026-06-18T13:39:06.203Z]   FOUND — crossRefs:0 apps:0 specs:0
[2026-06-18T13:39:07.712Z] [183/2430] EA51921 (C1921) — Air Filter
[2026-06-18T13:39:07.779Z]   FOUND — crossRefs:0 apps:0 specs:0
[2026-06-18T13:39:09.291Z] [184/2430] EA59289 (C19289) — Air Filter
[2026-06-18T13:39:09.391Z]   FOUND — crossRefs:0 apps:0 specs:0
[2026-06-18T13:39:10.900Z] [185/2430] EA51929 (C1929) — Air Filter
[2026-06-18T13:39:10.963Z]   FOUND — crossRefs:0 apps:0 specs:0
[2026-06-18T13:39:12.493Z] [186/2430] EA51952 (C1952) — Air Filter
[2026-06-18T13:39:12.561Z]   FOUND — crossRefs:0 apps:0 specs:0
[2026-06-18T13:39:14.072Z] [187/2430] EA59552 (C1955/2) — Air Filter
[2026-06-18T13:39:14.146Z]   FOUND — crossRefs:0 apps:0 specs:0
[2026-06-18T13:39:15.664Z] [188/2430] EA51963 (C1963) — Air Filter
[2026-06-18T13:39:15.734Z]   FOUND — crossRefs:2 apps:0 specs:0
[2026-06-18T13:39:17.245Z] [189/2430] EA51966 (C1966) — Air Filter
[2026-06-18T13:39:17.308Z]   FOUND — crossRefs:3 apps:0 specs:0
[2026-06-18T13:39:18.821Z] [190/2430] EA50005 (C20005) — Air Filter
[2026-06-18T13:39:18.911Z]   FOUND — crossRefs:6 apps:1 specs:3
[2026-06-18T13:39:20.430Z] [191/2430] EA50021 (C20021) — Air Filter
[2026-06-18T13:39:20.494Z]   FOUND — crossRefs:0 apps:0 specs:0
[2026-06-18T13:39:22.010Z] [192/2430] EA50034 (C20034) — Air Filter
[2026-06-18T13:39:22.075Z]   FOUND — crossRefs:0 apps:0 specs:0
[2026-06-18T13:39:23.588Z] [193/2430] EA50037 (C20037) — Air Filter
[2026-06-18T13:39:23.737Z]   FOUND — crossRefs:0 apps:0 specs:0
[2026-06-18T13:39:25.243Z] [194/2430] EA50041 (C20041) — Air Filter
[2026-06-18T13:39:25.305Z]   FOUND — crossRefs:0 apps:0 specs:0
[2026-06-18T13:39:26.821Z] [195/2430] EA50161 (C20161) — Air Filter
[2026-06-18T13:39:26.921Z]   FOUND — crossRefs:14 apps:0 specs:3
[2026-06-18T13:39:28.431Z] [196/2430] EA50280 (C20280) — Air Filter
[2026-06-18T13:39:28.496Z]   FOUND — crossRefs:9 apps:0 specs:5
[2026-06-18T13:39:30.010Z] [197/2430] EA50310 (C20310) — Air Filter
[2026-06-18T13:39:30.079Z]   FOUND — crossRefs:0 apps:0 specs:0
[2026-06-18T13:39:31.586Z] [198/2430] EA53253 (C20325/3) — Air Filter
[2026-06-18T13:39:31.753Z]   FOUND — crossRefs:0 apps:0 specs:0
[2026-06-18T13:39:33.266Z] [199/2430] EA50327 (C20327) — Air Filter
[2026-06-18T13:39:33.333Z]   FOUND — crossRefs:0 apps:0 specs:0
[2026-06-18T13:39:34.837Z] [200/2430] EA53701 (C20370/1) — Air Filter
[2026-06-18T13:39:34.903Z]   FOUND — crossRefs:0 apps:0 specs:0
[2026-06-18T13:39:36.404Z] [201/2430] EA50477 (C20477) — Air Filter
[2026-06-18T13:39:36.781Z]   FOUND — crossRefs:0 apps:0 specs:0
[2026-06-18T13:39:38.287Z] [202/2430] EA50505 (C20505) — Air Filter
[2026-06-18T13:39:38.391Z]   FOUND — crossRefs:0 apps:0 specs:0
[2026-06-18T13:39:39.900Z] [203/2430] EA50536 (C20536) — Air Filter
[2026-06-18T13:39:39.985Z]   FOUND — crossRefs:0 apps:0 specs:0
[2026-06-18T13:39:41.493Z] [204/2430] EA55361 (C20536/1) — Air Filter
[2026-06-18T13:39:41.564Z]   FOUND — crossRefs:0 apps:0 specs:0
[2026-06-18T13:39:43.076Z] [205/2430] EA50551 (C2055/1) — Air Filter
[2026-06-18T13:39:43.130Z]   FOUND — crossRefs:2 apps:0 specs:0
[2026-06-18T13:39:44.636Z] [206/2430] EA52070 (C2070X) — Air Filter
[2026-06-18T13:39:44.688Z]   FOUND — crossRefs:0 apps:0 specs:0
[2026-06-18T13:39:46.197Z] [207/2430] EA50855 (C20855) — Air Filter
[2026-06-18T13:39:46.254Z]   FOUND — crossRefs:7 apps:0 specs:0
[2026-06-18T13:39:47.761Z] [208/2430] EA52090 (C2090) — Air Filter
[2026-06-18T13:39:47.812Z]   FOUND — crossRefs:0 apps:0 specs:0
[2026-06-18T13:39:49.321Z] [209/2430] EA50905 (C20905) — Air Filter
[2026-06-18T13:39:49.431Z]   FOUND — crossRefs:5 apps:0 specs:0
[2026-06-18T13:39:50.946Z] [210/2430] EA51009 (C21009) — Air Filter
[2026-06-18T13:39:51.015Z]   FOUND — crossRefs:0 apps:0 specs:0
[2026-06-18T13:39:52.520Z] [211/2430] EA51011 (C21011) — Air Filter
[2026-06-18T13:39:52.583Z]   FOUND — crossRefs:14 apps:0 specs:0
[2026-06-18T13:39:54.103Z] [212/2430] EA50201 (C21020/1) — Air Filter
[2026-06-18T13:39:54.159Z]   FOUND — crossRefs:0 apps:0 specs:0
[2026-06-18T13:39:55.665Z] [213/2430] EA51031 (C21031) — Air Filter
[2026-06-18T13:39:55.717Z]   FOUND — crossRefs:0 apps:0 specs:0
[2026-06-18T13:39:57.228Z] [214/2430] EA51033 (C21033) — Air Filter
[2026-06-18T13:39:57.293Z]   FOUND — crossRefs:0 apps:0 specs:0
[2026-06-18T13:39:58.820Z] [215/2430] EA51070 (C21070) — Air Filter
[2026-06-18T13:39:58.931Z]   FOUND — crossRefs:0 apps:0 specs:0
[2026-06-18T13:40:00.447Z] [216/2430] EA51104 (C21104) — Air Filter
[2026-06-18T13:40:00.512Z]   FOUND — crossRefs:40 apps:0 specs:3
[2026-06-18T13:40:02.040Z] [217/2430] EA51041 (C21104/1) — Air Filter
[2026-06-18T13:40:02.125Z]   FOUND — crossRefs:0 apps:0 specs:0
[2026-06-18T13:40:03.635Z] [218/2430] EA51190 (C21190) — Air Filter
[2026-06-18T13:40:03.719Z]   FOUND — crossRefs:0 apps:0 specs:0
[2026-06-18T13:40:05.228Z] [219/2430] EA52120 (C2120) — Air Filter
[2026-06-18T13:40:05.285Z]   FOUND — crossRefs:43 apps:0 specs:4
[2026-06-18T13:40:06.808Z] [220/2430] EA51201 (C2120/1) — Air Filter
[2026-06-18T13:40:06.877Z]   FOUND — crossRefs:282 apps:0 specs:0
[2026-06-18T13:40:08.446Z] [221/2430] EA52131 (C2131) — Air Filter
[2026-06-18T13:40:08.661Z]   FOUND — crossRefs:0 apps:0 specs:0
[2026-06-18T13:40:10.166Z] [222/2430] EA52133 (C2133) — Air Filter
[2026-06-18T13:40:10.225Z]   FOUND — crossRefs:0 apps:0 specs:0
[2026-06-18T13:40:11.727Z] [223/2430] EA52138 (C2138) — Air Filter
[2026-06-18T13:40:11.945Z]   FOUND — crossRefs:0 apps:0 specs:0
[2026-06-18T13:40:13.447Z] [224/2430] EA51400 (C21400) — Air Filter
[2026-06-18T13:40:14.504Z]   FOUND — crossRefs:0 apps:0 specs:0
[2026-06-18T13:40:16.009Z] [225/2430] EA51550 (C21550) — Air Filter
[2026-06-18T13:40:16.072Z]   FOUND — crossRefs:0 apps:0 specs:0
[2026-06-18T13:40:17.589Z] [226/2430] EA51631 (C2163/1) — Air Filter
[2026-06-18T13:40:17.674Z]   FOUND — crossRefs:94 apps:0 specs:0
[2026-06-18T13:40:19.198Z] [227/2430] EA51633 (C2163/3) — Air Filter
[2026-06-18T13:40:19.286Z]   FOUND — crossRefs:0 apps:0 specs:0
[2026-06-18T13:40:20.790Z] [228/2430] EA51671 (C2167/1) — Air Filter
[2026-06-18T13:40:20.869Z]   FOUND — crossRefs:0 apps:0 specs:0
[2026-06-18T13:40:22.384Z] [229/2430] EA52169 (C2169) — Air Filter
[2026-06-18T13:40:22.458Z]   FOUND — crossRefs:18 apps:0 specs:0
[2026-06-18T13:40:23.964Z] [230/2430] EA52171 (C2171) — Air Filter
[2026-06-18T13:40:24.038Z]   FOUND — crossRefs:0 apps:0 specs:0
[2026-06-18T13:40:25.541Z] [231/2430] EA52174 (C2174) — Air Filter
[2026-06-18T13:40:25.624Z]   FOUND — crossRefs:0 apps:0 specs:0
[2026-06-18T13:40:27.133Z] [232/2430] EA52180 (C2180) — Air Filter
[2026-06-18T13:40:27.269Z]   FOUND — crossRefs:24 apps:0 specs:0
[2026-06-18T13:40:28.776Z] [233/2430] EA52188 (C2188) — Air Filter
[2026-06-18T13:40:28.849Z]   FOUND — crossRefs:0 apps:0 specs:0
[2026-06-18T13:40:30.353Z] [234/2430] EA52008 (C22008) — Air Filter
[2026-06-18T13:40:30.528Z]   FOUND — crossRefs:0 apps:0 specs:0
[2026-06-18T13:40:32.039Z] [235/2430] EA52009 (C22009M) — Air Filter
[2026-06-18T13:40:32.107Z]   FOUND — crossRefs:0 apps:0 specs:0
[2026-06-18T13:40:33.618Z] [236/2430] EA52011 (C22011) — Air Filter
[2026-06-18T13:40:33.686Z]   FOUND — crossRefs:0 apps:0 specs:0
[2026-06-18T13:40:35.195Z] [237/2430] EA52019 (C22019) — Air Filter
[2026-06-18T13:40:35.259Z]   FOUND — crossRefs:12 apps:0 specs:3
[2026-06-18T13:40:36.789Z] [238/2430] EA52201 (C2201M) — Air Filter
[2026-06-18T13:40:37.136Z]   FOUND — crossRefs:0 apps:0 specs:0
[2026-06-18T13:40:38.649Z] [239/2430] EA52022 (C22022) — Air Filter
[2026-06-18T13:40:38.827Z]   FOUND — crossRefs:0 apps:0 specs:0
[2026-06-18T13:40:40.338Z] [240/2430] EA52034 (C22034) — Air Filter
[2026-06-18T13:40:40.409Z]   FOUND — crossRefs:0 apps:0 specs:0
[2026-06-18T13:40:41.915Z] [241/2430] EA52036 (C22036) — Air Filter
[2026-06-18T13:40:42.092Z]   FOUND — crossRefs:0 apps:0 specs:0
[2026-06-18T13:40:43.603Z] [242/2430] EA52045 (C22045) — Air Filter
[2026-06-18T13:40:43.690Z]   FOUND — crossRefs:0 apps:0 specs:0
[2026-06-18T13:40:45.197Z] [243/2430] EA52048 (C22048) — Air Filter
[2026-06-18T13:40:45.264Z]   FOUND — crossRefs:0 apps:0 specs:0
[2026-06-18T13:40:46.774Z] [244/2430] EA52049 (C22049) — Air Filter
[2026-06-18T13:40:46.861Z]   FOUND — crossRefs:0 apps:0 specs:0
[2026-06-18T13:40:48.369Z] [245/2430] EA52052 (C22052) — Air Filter
[2026-06-18T13:40:48.435Z]   FOUND — crossRefs:0 apps:0 specs:0
[2026-06-18T13:40:49.947Z] [246/2430] EA52071 (C22071) — Air Filter
[2026-06-18T13:40:50.018Z]   FOUND — crossRefs:0 apps:0 specs:0
[2026-06-18T13:40:51.526Z] [247/2430] EA52080 (C22080) — Air Filter
[2026-06-18T13:40:51.592Z]   FOUND — crossRefs:0 apps:0 specs:0
[2026-06-18T13:40:53.104Z] [248/2430] EA50822 (C22082/2) — Air Filter
[2026-06-18T13:40:53.171Z]   FOUND — crossRefs:0 apps:0 specs:0
[2026-06-18T13:40:54.682Z] [249/2430] EA52083 (C22083) — Air Filter
[2026-06-18T13:40:54.750Z]   FOUND — crossRefs:0 apps:0 specs:0
[2026-06-18T13:40:56.260Z] [250/2430] EA51171 (C22117/1) — Air Filter
[2026-06-18T13:40:56.344Z]   FOUND — crossRefs:6 apps:0 specs:0
[2026-06-18T13:40:57.855Z] [251/2430] EA52227 (C2227) — Air Filter
[2026-06-18T13:40:57.931Z]   FOUND — crossRefs:16 apps:0 specs:0
[2026-06-18T13:40:59.447Z] [252/2430] EA52231 (C2231) — Air Filter
[2026-06-18T13:40:59.669Z]   FOUND — crossRefs:7 apps:0 specs:0
[2026-06-18T13:41:01.181Z] [253/2430] EA52232 (C2232) — Air Filter
[2026-06-18T13:41:01.263Z]   FOUND — crossRefs:5 apps:0 specs:0
[2026-06-18T13:41:02.789Z] [254/2430] EA52234 (C2234) — Air Filter
[2026-06-18T13:41:02.859Z]   FOUND — crossRefs:7 apps:0 specs:0
[2026-06-18T13:41:04.369Z] [255/2430] EA52242 (C2242) — Air Filter
[2026-06-18T13:41:04.436Z]   FOUND — crossRefs:18 apps:0 specs:0
[2026-06-18T13:41:05.946Z] [256/2430] EA52502 (C22502) — Air Filter
[2026-06-18T13:41:06.007Z]   FOUND — crossRefs:0 apps:0 specs:0
[2026-06-18T13:41:07.510Z] [257/2430] EA52561 (C2256/1) — Air Filter
[2026-06-18T13:41:07.573Z]   FOUND — crossRefs:3 apps:0 specs:0
[2026-06-18T13:41:09.087Z] [258/2430] EA52580 (C22580) — Air Filter
[2026-06-18T13:41:09.156Z]   FOUND — crossRefs:13 apps:0 specs:3
[2026-06-18T13:41:10.666Z] [259/2430] EA52601 (C2260/1) — Air Filter
[2026-06-18T13:41:10.726Z]   FOUND — crossRefs:0 apps:0 specs:0
[2026-06-18T13:41:12.228Z] [260/2430] EA52631 (C2263/1) — Air Filter
[2026-06-18T13:41:13.157Z]   FOUND — crossRefs:9 apps:0 specs:0
[2026-06-18T13:41:14.664Z] [261/2430] EA52904 (C22904) — Air Filter
[2026-06-18T13:41:14.737Z]   FOUND — crossRefs:0 apps:0 specs:0
[2026-06-18T13:41:16.243Z] [262/2430] EA59072 (C22907/2) — Air Filter
[2026-06-18T13:41:16.306Z]   FOUND — crossRefs:0 apps:0 specs:0
[2026-06-18T13:41:17.822Z] [263/2430] EA53003 (C23003) — Air Filter
[2026-06-18T13:41:17.926Z]   FOUND — crossRefs:0 apps:0 specs:0
[2026-06-18T13:41:19.430Z] [264/2430] EA53009 (C23009) — Air Filter
[2026-06-18T13:41:19.496Z]   FOUND — crossRefs:0 apps:0 specs:0
[2026-06-18T13:41:21.008Z] [265/2430] EA53020 (C23020) — Air Filter
[2026-06-18T13:41:21.097Z]   FOUND — crossRefs:0 apps:0 specs:0
[2026-06-18T13:41:22.618Z] [266/2430] EA53023 (C23023) — Air Filter
[2026-06-18T13:41:22.681Z]   FOUND — crossRefs:0 apps:0 specs:0
[2026-06-18T13:41:24.197Z] [267/2430] EA53032 (C23032) — Air Filter
[2026-06-18T13:41:24.255Z]   FOUND — crossRefs:0 apps:0 specs:0
[2026-06-18T13:41:25.771Z] [268/2430] EA53035 (C23035) — Air Filter
[2026-06-18T13:41:25.846Z]   FOUND — crossRefs:0 apps:0 specs:0
[2026-06-18T13:41:27.353Z] [269/2430] EA53037 (C23037) — Air Filter
[2026-06-18T13:41:27.511Z]   FOUND — crossRefs:0 apps:0 specs:0
[2026-06-18T13:41:29.026Z] [270/2430] EA53040 (C23040) — Air Filter
[2026-06-18T13:41:29.118Z]   FOUND — crossRefs:0 apps:0 specs:0
[2026-06-18T13:41:30.635Z] [271/2430] EA53046 (C23046) — Air Filter
[2026-06-18T13:41:31.918Z]   FOUND — crossRefs:0 apps:0 specs:0
[2026-06-18T13:41:33.431Z] [272/2430] EA53047 (C23047) — Air Filter
[2026-06-18T13:41:33.490Z]   FOUND — crossRefs:0 apps:0 specs:0
[2026-06-18T13:41:34.994Z] [273/2430] EA53048 (C23048) — Air Filter
[2026-06-18T13:41:35.061Z]   FOUND — crossRefs:0 apps:0 specs:0
[2026-06-18T13:41:36.571Z] [274/2430] EA53049 (C23049) — Air Filter
[2026-06-18T13:41:36.627Z]   FOUND — crossRefs:0 apps:0 specs:0
[2026-06-18T13:41:38.135Z] [275/2430] EA53054 (C23054) — Air Filter
[2026-06-18T13:41:38.625Z]   FOUND — crossRefs:0 apps:0 specs:0
[2026-06-18T13:41:40.140Z] [276/2430] EA53056 (C23056) — Air Filter
[2026-06-18T13:41:40.231Z]   FOUND — crossRefs:0 apps:0 specs:0
[2026-06-18T13:41:41.746Z] [277/2430] EA53057 (C23057) — Air Filter
[2026-06-18T13:41:41.803Z]   FOUND — crossRefs:0 apps:0 specs:0
[2026-06-18T13:41:43.305Z] [278/2430] EA53059 (C23059) — Air Filter
[2026-06-18T13:41:43.377Z]   FOUND — crossRefs:0 apps:0 specs:0
[2026-06-18T13:41:44.885Z] [279/2430] EA53061 (C23061) — Air Filter
[2026-06-18T13:41:44.943Z]   FOUND — crossRefs:0 apps:0 specs:0
[2026-06-18T13:41:46.457Z] [280/2430] EA53062 (C23062) — Air Filter
[2026-06-18T13:41:46.514Z]   FOUND — crossRefs:0 apps:0 specs:0
[2026-06-18T13:41:48.025Z] [281/2430] EA53095 (C23095) — Air Filter
[2026-06-18T13:41:48.118Z]   FOUND — crossRefs:0 apps:0 specs:0
[2026-06-18T13:41:49.635Z] [282/2430] EA53109 (C23109M) — Air Filter
[2026-06-18T13:41:49.708Z]   FOUND — crossRefs:0 apps:0 specs:0
[2026-06-18T13:41:51.211Z] [283/2430] EA53113 (C23113) — Air Filter
[2026-06-18T13:41:51.268Z]   FOUND — crossRefs:0 apps:0 specs:0
[2026-06-18T13:41:52.771Z] [284/2430] EA53186 (C23186) — Air Filter
[2026-06-18T13:41:52.830Z]   FOUND — crossRefs:0 apps:0 specs:0
[2026-06-18T13:41:54.352Z] [285/2430] EA52320 (C2320) — Air Filter
[2026-06-18T13:41:54.420Z]   FOUND — crossRefs:3 apps:0 specs:0
[2026-06-18T13:41:55.924Z] [286/2430] EA52323 (C2323) — Air Filter
[2026-06-18T13:41:55.999Z]   FOUND — crossRefs:24 apps:5 specs:4
[2026-06-18T13:41:57.508Z] [287/2430] EA53251 (C23251) — Air Filter
[2026-06-18T13:41:57.575Z]   FOUND — crossRefs:129 apps:0 specs:0
[2026-06-18T13:41:59.104Z] [288/2430] EA53259 (C23259) — Air Filter
[2026-06-18T13:41:59.177Z]   FOUND — crossRefs:3 apps:0 specs:5
[2026-06-18T13:42:00.682Z] [289/2430] EA53201 (C23320/1) — Air Filter
[2026-06-18T13:42:00.745Z]   FOUND — crossRefs:0 apps:0 specs:0
[2026-06-18T13:42:02.260Z] [290/2430] EA53326 (C23326) — Air Filter
[2026-06-18T13:42:02.403Z]   FOUND — crossRefs:8 apps:0 specs:0
[2026-06-18T13:42:03.931Z] [291/2430] EA52340 (C2340) — Air Filter
[2026-06-18T13:42:03.990Z]   FOUND — crossRefs:0 apps:0 specs:0
[2026-06-18T13:42:05.504Z] [292/2430] EA53401 (C2340/1) — Air Filter
[2026-06-18T13:42:05.569Z]   FOUND — crossRefs:0 apps:0 specs:0
[2026-06-18T13:42:07.086Z] [293/2430] EA52351 (C2351) — Air Filter
[2026-06-18T13:42:07.147Z]   FOUND — crossRefs:3 apps:0 specs:0
[2026-06-18T13:42:08.660Z] [294/2430] EA53560 (C23560) — Air Filter
[2026-06-18T13:42:08.780Z]   FOUND — crossRefs:0 apps:0 specs:0
[2026-06-18T13:42:10.289Z] [295/2430] EA53588 (C23588) — Air Filter
[2026-06-18T13:42:10.442Z]   FOUND — crossRefs:0 apps:0 specs:0
[2026-06-18T13:42:11.947Z] [296/2430] EA53795 (C2379/5) — Air Filter
[2026-06-18T13:42:12.042Z]   FOUND — crossRefs:194 apps:0 specs:0
[2026-06-18T13:42:13.574Z] [297/2430] EA53906 (C23906) — Air Filter
[2026-06-18T13:42:13.663Z]   FOUND — crossRefs:0 apps:0 specs:0
[2026-06-18T13:42:15.167Z] [298/2430] EA54001 (C24001) — Air Filter
[2026-06-18T13:42:15.233Z]   FOUND — crossRefs:0 apps:0 specs:0
[2026-06-18T13:42:16.744Z] [299/2430] EA54009 (C24009) — Air Filter
[2026-06-18T13:42:16.813Z]   FOUND — crossRefs:0 apps:0 specs:0
[2026-06-18T13:42:18.323Z] [300/2430] EA54020 (C24020) — Air Filter
[2026-06-18T13:42:18.500Z]   FOUND — crossRefs:0 apps:0 specs:0
[2026-06-18T13:42:20.011Z] [301/2430] EA54029 (C24029) — Air Filter
[2026-06-18T13:42:20.243Z]   FOUND — crossRefs:0 apps:0 specs:0
[2026-06-18T13:42:21.744Z] [302/2430] EA54035 (C24035) — Air Filter
[2026-06-18T13:42:21.807Z]   FOUND — crossRefs:0 apps:0 specs:0
[2026-06-18T13:42:23.322Z] [303/2430] EA54039 (C24039) — Air Filter
[2026-06-18T13:42:23.475Z]   FOUND — crossRefs:41 apps:0 specs:0
[2026-06-18T13:42:24.989Z] [304/2430] EA54053 (C24053) — Air Filter
[2026-06-18T13:42:25.078Z]   FOUND — crossRefs:0 apps:0 specs:0
[2026-06-18T13:42:26.582Z] [305/2430] EA54055 (C24055) — Air Filter
[2026-06-18T13:42:26.661Z]   FOUND — crossRefs:0 apps:0 specs:0
[2026-06-18T13:42:28.172Z] [306/2430] EA54056 (C24056) — Air Filter
[2026-06-18T13:42:28.240Z]   FOUND — crossRefs:0 apps:0 specs:0
[2026-06-18T13:42:29.750Z] [307/2430] EA54058 (C24058) — Air Filter
[2026-06-18T13:42:29.809Z]   FOUND — crossRefs:0 apps:0 specs:0
[2026-06-18T13:42:31.328Z] [308/2430] EA54061 (C24061) — Air Filter
[2026-06-18T13:42:31.378Z]   FOUND — crossRefs:0 apps:0 specs:0
[2026-06-18T13:42:32.886Z] [309/2430] EA54064 (C24064) — Air Filter
[2026-06-18T13:42:32.939Z]   FOUND — crossRefs:0 apps:0 specs:0
[2026-06-18T13:42:34.461Z] [310/2430] EA54068 (C24068) — Air Filter
[2026-06-18T13:42:34.530Z]   FOUND — crossRefs:0 apps:0 specs:0
[2026-06-18T13:42:36.040Z] [311/2430] EA54069 (C24069) — Air Filter
[2026-06-18T13:42:36.116Z]   FOUND — crossRefs:0 apps:0 specs:0
[2026-06-18T13:42:37.634Z] [312/2430] EA54070 (C24070) — Air Filter
[2026-06-18T13:42:39.100Z]   FOUND — crossRefs:0 apps:0 specs:0
[2026-06-18T13:42:40.618Z] [313/2430] EA54072 (C24072) — Air Filter
[2026-06-18T13:42:40.688Z]   FOUND — crossRefs:0 apps:0 specs:0
[2026-06-18T13:42:42.199Z] [314/2430] EA54074 (C24074) — Air Filter
[2026-06-18T13:42:42.863Z]   FOUND — crossRefs:0 apps:0 specs:0
[2026-06-18T13:42:44.370Z] [315/2430] EA54079 (C24079) — Air Filter
[2026-06-18T13:42:44.433Z]   FOUND — crossRefs:0 apps:0 specs:0
[2026-06-18T13:42:45.947Z] [316/2430] EA54081 (C24081) — Air Filter
[2026-06-18T13:42:46.030Z]   FOUND — crossRefs:0 apps:0 specs:0
[2026-06-18T13:42:47.540Z] [317/2430] EA54082 (C24082) — Air Filter
[2026-06-18T13:42:48.892Z]   FOUND — crossRefs:0 apps:0 specs:0
[2026-06-18T13:42:50.407Z] [318/2430] EA54086 (C24086) — Air Filter
[2026-06-18T13:42:50.462Z]   FOUND — crossRefs:0 apps:0 specs:0
[2026-06-18T13:42:51.964Z] [319/2430] EA54087 (C24087) — Air Filter
[2026-06-18T13:42:52.920Z]   FOUND — crossRefs:0 apps:0 specs:0
[2026-06-18T13:42:54.431Z] [320/2430] EA54088 (C24088) — Air Filter
[2026-06-18T13:42:54.494Z]   FOUND — crossRefs:0 apps:0 specs:0
[2026-06-18T13:42:56.008Z] [321/2430] EA54094 (C24094) — Air Filter
[2026-06-18T13:42:56.073Z]   FOUND — crossRefs:0 apps:0 specs:0
[2026-06-18T13:42:57.588Z] [322/2430] EA54108 (C24108) — Air Filter
[2026-06-18T13:42:57.663Z]   FOUND — crossRefs:0 apps:0 specs:0
[2026-06-18T13:42:59.165Z] [323/2430] EA54115 (C24115) — Air Filter
[2026-06-18T13:42:59.227Z]   FOUND — crossRefs:0 apps:0 specs:0
[2026-06-18T13:43:00.729Z] [324/2430] EA54118 (C24118) — Air Filter
[2026-06-18T13:43:00.783Z]   FOUND — crossRefs:0 apps:0 specs:0
[2026-06-18T13:43:02.305Z] [325/2430] EA54123 (C24123) — Air Filter
[2026-06-18T13:43:02.405Z]   FOUND — crossRefs:37 apps:0 specs:3
[2026-06-18T13:43:03.931Z] [326/2430] EA52413 (C2413) — Air Filter
[2026-06-18T13:43:03.991Z]   FOUND — crossRefs:0 apps:0 specs:0
[2026-06-18T13:43:05.494Z] [327/2430] EA54137 (C24137) — Air Filter
[2026-06-18T13:43:06.377Z]   FOUND — crossRefs:16 apps:0 specs:0
[2026-06-18T13:43:07.889Z] [328/2430] EA51371 (C24137/1M) — Air Filter
[2026-06-18T13:43:08.048Z]   FOUND — crossRefs:0 apps:0 specs:0
[2026-06-18T13:43:09.571Z] [329/2430] EA52424 (C2424) — Air Filter
[2026-06-18T13:43:09.635Z]   FOUND — crossRefs:0 apps:0 specs:0
[2026-06-18T13:43:11.150Z] [330/2430] EA54310 (C24310) — Air Filter
[2026-06-18T13:43:11.533Z]   FOUND — crossRefs:3 apps:0 specs:0
[2026-06-18T13:43:13.040Z] [331/2430] EA54331 (C2433/1) — Air Filter
[2026-06-18T13:43:13.110Z]   FOUND — crossRefs:4 apps:0 specs:0
[2026-06-18T13:43:14.620Z] [332/2430] EA54332 (C2433/2M) — Air Filter
[2026-06-18T13:43:14.695Z]   FOUND — crossRefs:0 apps:0 specs:0
[2026-06-18T13:43:16.196Z] [333/2430] EA53453 (C24345/3) — Air Filter
[2026-06-18T13:43:16.263Z]   FOUND — crossRefs:0 apps:0 specs:0
[2026-06-18T13:43:17.775Z] [334/2430] EA52436 (C2436) — Air Filter
[2026-06-18T13:43:17.909Z]   FOUND — crossRefs:32 apps:0 specs:4
[2026-06-18T13:43:19.416Z] [335/2430] EA52437 (C2437) — Air Filter
[2026-06-18T13:43:19.808Z]   FOUND — crossRefs:18 apps:0 specs:0
[2026-06-18T13:43:21.320Z] [336/2430] EA54377 (C24377) — Air Filter
[2026-06-18T13:43:21.487Z]   FOUND — crossRefs:0 apps:0 specs:0
[2026-06-18T13:43:22.993Z] [337/2430] EA54391 (C2439/1) — Air Filter
[2026-06-18T13:43:23.276Z]   FOUND — crossRefs:0 apps:0 specs:0
[2026-06-18T13:43:24.805Z] [338/2430] EA54301 (C24430/1X) — Air Filter
[2026-06-18T13:43:24.885Z]   FOUND — crossRefs:0 apps:0 specs:0
[2026-06-18T13:43:26.401Z] [339/2430] EA54458 (C24458) — Air Filter
[2026-06-18T13:43:26.471Z]   FOUND — crossRefs:7 apps:0 specs:0
[2026-06-18T13:43:27.978Z] [340/2430] EA54465 (C24465) — Air Filter
[2026-06-18T13:43:28.044Z]   FOUND — crossRefs:0 apps:0 specs:0
[2026-06-18T13:43:29.555Z] [341/2430] EA54522 (C2452/2) — Air Filter
[2026-06-18T13:43:29.621Z]   FOUND — crossRefs:0 apps:0 specs:0
[2026-06-18T13:43:31.133Z] [342/2430] EA52453 (C2453) — Air Filter
[2026-06-18T13:43:31.197Z]   FOUND — crossRefs:0 apps:0 specs:0
[2026-06-18T13:43:32.713Z] [343/2430] EA55601 (C24560/1) — Air Filter
[2026-06-18T13:43:32.794Z]   FOUND — crossRefs:0 apps:0 specs:0
[2026-06-18T13:43:34.306Z] [344/2430] EA54566 (C24566) — Air Filter
[2026-06-18T13:43:34.370Z]   FOUND — crossRefs:0 apps:0 specs:0
[2026-06-18T13:43:35.884Z] [345/2430] EA56502 (C24650/2) — Air Filter
[2026-06-18T13:43:35.968Z]   FOUND — crossRefs:0 apps:0 specs:0
[2026-06-18T13:43:37.479Z] [346/2430] EA57192 (C24719/2X) — Air Filter
[2026-06-18T13:43:37.556Z]   FOUND — crossRefs:0 apps:0 specs:0
[2026-06-18T13:43:39.056Z] [347/2430] EA54745 (C24745) — Air Filter
[2026-06-18T13:43:39.127Z]   FOUND — crossRefs:17 apps:0 specs:0
[2026-06-18T13:43:40.634Z] [348/2430] EA54760 (C24760) — Air Filter
[2026-06-18T13:43:40.756Z]   FOUND — crossRefs:6 apps:0 specs:0
[2026-06-18T13:43:42.259Z] [349/2430] EA52485 (C2485) — Air Filter
[2026-06-18T13:43:42.406Z]   FOUND — crossRefs:46 apps:0 specs:3
[2026-06-18T13:43:43.917Z] [350/2430] EA55007 (C25007) — Air Filter
[2026-06-18T13:43:43.992Z]   FOUND — crossRefs:2 apps:0 specs:0
[2026-06-18T13:43:45.494Z] [351/2430] EA55007 (C25007M) — Air Filter
[2026-06-18T13:43:45.557Z]   FOUND — crossRefs:0 apps:0 specs:0
[2026-06-18T13:43:47.071Z] [352/2430] EA55017 (C25017) — Air Filter
[2026-06-18T13:43:47.149Z]   FOUND — crossRefs:0 apps:0 specs:0
[2026-06-18T13:43:48.650Z] [353/2430] EA55022 (C25022) — Air Filter
[2026-06-18T13:43:48.725Z]   FOUND — crossRefs:0 apps:0 specs:0
[2026-06-18T13:43:50.227Z] [354/2430] EA55023 (C25023) — Air Filter
[2026-06-18T13:43:50.298Z]   FOUND — crossRefs:0 apps:0 specs:0
[2026-06-18T13:43:51.807Z] [355/2430] EA55027 (C25027) — Air Filter
[2026-06-18T13:43:51.883Z]   FOUND — crossRefs:0 apps:0 specs:0
[2026-06-18T13:43:53.400Z] [356/2430] EA55043 (C25043) — Air Filter
[2026-06-18T13:43:53.515Z]   FOUND — crossRefs:0 apps:0 specs:0
[2026-06-18T13:43:55.025Z] [357/2430] EA55046 (C25046) — Air Filter
[2026-06-18T13:43:55.098Z]   FOUND — crossRefs:0 apps:0 specs:0
[2026-06-18T13:43:56.617Z] [358/2430] EA55048 (C25048) — Air Filter
[2026-06-18T13:43:56.709Z]   FOUND — crossRefs:0 apps:0 specs:0
[2026-06-18T13:43:58.212Z] [359/2430] EA55054 (C25054) — Air Filter
[2026-06-18T13:43:58.310Z]   FOUND — crossRefs:0 apps:0 specs:0
[2026-06-18T13:43:59.826Z] [360/2430] EA55058 (C25058) — Air Filter
[2026-06-18T13:43:59.902Z]   FOUND — crossRefs:0 apps:0 specs:0
[2026-06-18T13:44:01.417Z] [361/2430] EA55059 (C25059) — Air Filter
[2026-06-18T13:44:01.502Z]   FOUND — crossRefs:0 apps:0 specs:0
[2026-06-18T13:44:03.011Z] [362/2430] EA55061 (C25061) — Air Filter
[2026-06-18T13:44:03.111Z]   FOUND — crossRefs:0 apps:0 specs:0
[2026-06-18T13:44:04.625Z] [363/2430] EA55064 (C25064) — Air Filter
[2026-06-18T13:44:04.706Z]   FOUND — crossRefs:0 apps:0 specs:0
[2026-06-18T13:44:06.219Z] [364/2430] EA55065 (C25065) — Air Filter
[2026-06-18T13:44:06.322Z]   FOUND — crossRefs:0 apps:0 specs:0
[2026-06-18T13:44:07.836Z] [365/2430] EA55067 (C25067) — Air Filter
[2026-06-18T13:44:07.911Z]   FOUND — crossRefs:0 apps:0 specs:0
[2026-06-18T13:44:09.422Z] [366/2430] EA55068 (C25068) — Air Filter
[2026-06-18T13:44:09.492Z]   FOUND — crossRefs:0 apps:0 specs:0
[2026-06-18T13:44:10.993Z] [367/2430] EA55069 (C25069) — Air Filter
[2026-06-18T13:44:11.055Z]   FOUND — crossRefs:0 apps:0 specs:0
[2026-06-18T13:44:12.556Z] [368/2430] EA55071 (C25071) — Air Filter
[2026-06-18T13:44:12.631Z]   FOUND — crossRefs:0 apps:0 specs:0
[2026-06-18T13:44:14.139Z] [369/2430] EA55072 (C25072) — Air Filter
[2026-06-18T13:44:15.093Z]   FOUND — crossRefs:0 apps:0 specs:0
[2026-06-18T13:44:16.603Z] [370/2430] EA55073 (C25073) — Air Filter
[2026-06-18T13:44:16.672Z]   FOUND — crossRefs:0 apps:0 specs:0
[2026-06-18T13:44:18.181Z] [371/2430] EA55074 (C25074) — Air Filter
[2026-06-18T13:44:18.244Z]   FOUND — crossRefs:0 apps:0 specs:0
[2026-06-18T13:44:19.758Z] [372/2430] EA55075 (C25075) — Air Filter
[2026-06-18T13:44:19.824Z]   FOUND — crossRefs:0 apps:0 specs:0
[2026-06-18T13:44:21.337Z] [373/2430] EA55076 (C25076) — Air Filter
[2026-06-18T13:44:21.399Z]   FOUND — crossRefs:0 apps:0 specs:0
[2026-06-18T13:44:22.915Z] [374/2430] EA55077 (C25077) — Air Filter
[2026-06-18T13:44:22.975Z]   FOUND — crossRefs:0 apps:0 specs:0
[2026-06-18T13:44:24.477Z] [375/2430] EA55081 (C25081) — Air Filter
[2026-06-18T13:44:24.541Z]   FOUND — crossRefs:0 apps:0 specs:0
[2026-06-18T13:44:26.055Z] [376/2430] EA55082 (C25082) — Air Filter
[2026-06-18T13:44:26.119Z]   FOUND — crossRefs:0 apps:0 specs:0
[2026-06-18T13:44:27.634Z] [377/2430] EA55083 (C25083) — Air Filter
[2026-06-18T13:44:27.696Z]   FOUND — crossRefs:0 apps:0 specs:0
[2026-06-18T13:44:29.197Z] [378/2430] EA55084 (C25084) — Air Filter
[2026-06-18T13:44:29.263Z]   FOUND — crossRefs:0 apps:0 specs:0
[2026-06-18T13:44:30.767Z] [379/2430] EA55086 (C25086) — Air Filter
[2026-06-18T13:44:30.830Z]   FOUND — crossRefs:0 apps:0 specs:0
[2026-06-18T13:44:32.338Z] [380/2430] EA55088 (C25088) — Air Filter
[2026-06-18T13:44:32.456Z]   FOUND — crossRefs:0 apps:0 specs:0
[2026-06-18T13:44:33.961Z] [381/2430] EA51102 (C25110/2) — Air Filter
[2026-06-18T13:44:34.027Z]   FOUND — crossRefs:0 apps:0 specs:0
[2026-06-18T13:44:35.540Z] [382/2430] EA55117 (C25117) — Air Filter
[2026-06-18T13:44:35.616Z]   FOUND — crossRefs:35 apps:0 specs:3
[2026-06-18T13:44:37.126Z] [383/2430] EA55120 (C25120) — Air Filter
[2026-06-18T13:44:37.195Z]   FOUND — crossRefs:0 apps:0 specs:0
[2026-06-18T13:44:38.696Z] [384/2430] EA55121 (C25121) — Air Filter
[2026-06-18T13:44:38.754Z]   FOUND — crossRefs:0 apps:0 specs:0
[2026-06-18T13:44:40.273Z] [385/2430] EA55131 (C25131) — Air Filter
[2026-06-18T13:44:40.343Z]   FOUND — crossRefs:0 apps:0 specs:0
[2026-06-18T13:44:41.848Z] [386/2430] EA55132 (C25132) — Air Filter
[2026-06-18T13:44:41.910Z]   FOUND — crossRefs:0 apps:0 specs:0
[2026-06-18T13:44:43.415Z] [387/2430] EA55154 (C25154) — Air Filter
[2026-06-18T13:44:43.553Z]   FOUND — crossRefs:0 apps:0 specs:0
[2026-06-18T13:44:45.071Z] [388/2430] EA52517 (C2517) — Air Filter
[2026-06-18T13:44:45.140Z]   FOUND — crossRefs:32 apps:0 specs:3
[2026-06-18T13:44:46.650Z] [389/2430] EA55170 (C25170) — Air Filter
[2026-06-18T13:44:46.723Z]   FOUND — crossRefs:0 apps:0 specs:0
[2026-06-18T13:44:48.228Z] [390/2430] EA55180 (C25180) — Air Filter
[2026-06-18T13:44:48.290Z]   FOUND — crossRefs:0 apps:0 specs:0
[2026-06-18T13:44:49.798Z] [391/2430] EA52520 (C2520) — Air Filter
[2026-06-18T13:44:49.870Z]   FOUND — crossRefs:14 apps:0 specs:0
[2026-06-18T13:44:51.384Z] [392/2430] EA52526 (C2526) — Air Filter
[2026-06-18T13:44:52.405Z]   FOUND — crossRefs:2 apps:0 specs:0
[2026-06-18T13:44:53.909Z] [393/2430] EA55262 (C2526/2) — Air Filter
[2026-06-18T13:44:55.470Z]   FOUND — crossRefs:104 apps:0 specs:0
[2026-06-18T13:44:56.994Z] [394/2430] EA55421 (C2542/1) — Air Filter
[2026-06-18T13:44:58.336Z]   FOUND — crossRefs:0 apps:0 specs:0
[2026-06-18T13:44:59.837Z] [395/2430] EA52545 (C2545) — Air Filter
[2026-06-18T13:44:59.912Z]   FOUND — crossRefs:16 apps:0 specs:0
[2026-06-18T13:45:01.430Z] [396/2430] EA55508 (C25508) — Air Filter
[2026-06-18T13:45:01.490Z]   FOUND — crossRefs:5 apps:0 specs:0
[2026-06-18T13:45:03.001Z] [397/2430] EA55532 (C2553/2) — Air Filter
[2026-06-18T13:45:03.068Z]   FOUND — crossRefs:109 apps:0 specs:0
[2026-06-18T13:45:04.602Z] [398/2430] EA52555 (C2555) — Air Filter
[2026-06-18T13:45:04.662Z]   FOUND — crossRefs:9 apps:0 specs:0
[2026-06-18T13:45:06.175Z] [399/2430] EA55570 (C25570) — Air Filter
[2026-06-18T13:45:06.777Z]   FOUND — crossRefs:1 apps:0 specs:0
[2026-06-18T13:45:08.282Z] [400/2430] EA55622 (C25622) — Air Filter
[2026-06-18T13:45:08.361Z]   FOUND — crossRefs:0 apps:0 specs:0
[2026-06-18T13:45:09.868Z] [401/2430] EA55660 (C25660) — Air Filter
[2026-06-18T13:45:10.059Z]   FOUND — crossRefs:18 apps:0 specs:3
[2026-06-18T13:45:11.571Z] [402/2430] EA56601 (C25660/1) — Air Filter
[2026-06-18T13:45:11.620Z]   FOUND — crossRefs:3 apps:0 specs:0
[2026-06-18T13:45:13.133Z] [403/2430] EA56882 (C25688/2) — Air Filter
[2026-06-18T13:45:13.202Z]   FOUND — crossRefs:0 apps:0 specs:0
[2026-06-18T13:45:14.705Z] [404/2430] EA55689 (C25689) — Air Filter
[2026-06-18T13:45:14.761Z]   FOUND — crossRefs:0 apps:0 specs:0
[2026-06-18T13:45:16.274Z] [405/2430] EA55754 (C25754) — Air Filter
[2026-06-18T13:45:16.336Z]   FOUND — crossRefs:26 apps:0 specs:3
[2026-06-18T13:45:17.844Z] [406/2430] EA58601 (C25860/1) — Air Filter
[2026-06-18T13:45:17.909Z]   FOUND — crossRefs:29 apps:0 specs:0
[2026-06-18T13:45:19.423Z] [407/2430] EA58602 (C25860/2) — Air Filter
[2026-06-18T13:45:19.515Z]   FOUND — crossRefs:0 apps:0 specs:0
[2026-06-18T13:45:21.024Z] [408/2430] EA58603 (C25860/3) — Air Filter
[2026-06-18T13:45:21.077Z]   FOUND — crossRefs:3 apps:0 specs:0
[2026-06-18T13:45:22.579Z] [409/2430] EA52590 (C2590) — Air Filter
[2026-06-18T13:45:22.644Z]   FOUND — crossRefs:6 apps:0 specs:0
[2026-06-18T13:45:24.156Z] [410/2430] EA55950 (C25950) — Air Filter
[2026-06-18T13:45:24.263Z]   FOUND — crossRefs:10 apps:0 specs:0
[2026-06-18T13:45:25.768Z] [411/2430] EA56004 (C26004) — Air Filter
[2026-06-18T13:45:27.069Z]   FOUND — crossRefs:0 apps:0 specs:0
[2026-06-18T13:45:28.582Z] [412/2430] EA56005 (C26005) — Air Filter
[2026-06-18T13:45:28.632Z]   FOUND — crossRefs:0 apps:0 specs:0
[2026-06-18T13:45:30.133Z] [413/2430] EA56007 (C26007) — Air Filter
[2026-06-18T13:45:30.202Z]   FOUND — crossRefs:0 apps:0 specs:0
[2026-06-18T13:45:31.706Z] [414/2430] EA50092 (C26009/2) — Air Filter
[2026-06-18T13:45:31.772Z]   FOUND — crossRefs:0 apps:0 specs:0
[2026-06-18T13:45:33.284Z] [415/2430] EA56045 (C26045) — Air Filter
[2026-06-18T13:45:33.346Z]   FOUND — crossRefs:0 apps:0 specs:0
[2026-06-18T13:45:34.853Z] [416/2430] EA56046 (C26046) — Air Filter
[2026-06-18T13:45:34.910Z]   FOUND — crossRefs:0 apps:0 specs:0
[2026-06-18T13:45:36.415Z] [417/2430] EA56049 (C26049) — Air Filter
[2026-06-18T13:45:36.469Z]   FOUND — crossRefs:0 apps:0 specs:0
[2026-06-18T13:45:37.971Z] [418/2430] EA56051 (C26051) — Air Filter
[2026-06-18T13:45:38.024Z]   FOUND — crossRefs:0 apps:0 specs:0
[2026-06-18T13:45:39.531Z] [419/2430] EA56053 (C26053) — Air Filter
[2026-06-18T13:45:39.591Z]   FOUND — crossRefs:0 apps:0 specs:0
[2026-06-18T13:45:41.105Z] [420/2430] EA56054 (C26054) — Air Filter
[2026-06-18T13:45:41.180Z]   FOUND — crossRefs:0 apps:0 specs:0
[2026-06-18T13:45:42.689Z] [421/2430] EA56055 (C26055) — Air Filter
[2026-06-18T13:45:42.752Z]   FOUND — crossRefs:0 apps:0 specs:0
[2026-06-18T13:45:44.266Z] [422/2430] EA56056 (C26056) — Air Filter
[2026-06-18T13:45:44.328Z]   FOUND — crossRefs:0 apps:0 specs:0
[2026-06-18T13:45:45.840Z] [423/2430] EA56059 (C26059) — Air Filter
[2026-06-18T13:45:45.915Z]   FOUND — crossRefs:0 apps:0 specs:0
[2026-06-18T13:45:47.429Z] [424/2430] EA56061 (C26061) — Air Filter
[2026-06-18T13:45:47.502Z]   FOUND — crossRefs:0 apps:0 specs:0
[2026-06-18T13:45:49.011Z] [425/2430] EA56064 (C26064) — Air Filter
[2026-06-18T13:45:49.082Z]   FOUND — crossRefs:0 apps:0 specs:0
[2026-06-18T13:45:50.586Z] [426/2430] EA56067 (C26067) — Air Filter
[2026-06-18T13:45:51.189Z]   FOUND — crossRefs:0 apps:0 specs:0
[2026-06-18T13:45:52.697Z] [427/2430] EA56071 (C26071) — Air Filter
[2026-06-18T13:45:52.757Z]   FOUND — crossRefs:0 apps:0 specs:0
[2026-06-18T13:45:54.273Z] [428/2430] EA56072 (C26072) — Air Filter
[2026-06-18T13:45:54.338Z]   FOUND — crossRefs:0 apps:0 specs:0
[2026-06-18T13:45:55.858Z] [429/2430] EA56073 (C26073) — Air Filter
[2026-06-18T13:45:55.924Z]   FOUND — crossRefs:0 apps:0 specs:0
[2026-06-18T13:45:57.430Z] [430/2430] EA56074 (C26074) — Air Filter
[2026-06-18T13:45:57.524Z]   FOUND — crossRefs:0 apps:0 specs:0
[2026-06-18T13:45:59.039Z] [431/2430] EA56076 (C26076) — Air Filter
[2026-06-18T13:45:59.137Z]   FOUND — crossRefs:0 apps:0 specs:0
[2026-06-18T13:46:00.646Z] [432/2430] EA56081 (C26081) — Air Filter
[2026-06-18T13:46:00.713Z]   FOUND — crossRefs:0 apps:0 specs:0
[2026-06-18T13:46:02.228Z] [433/2430] EA56086 (C26086) — Air Filter
[2026-06-18T13:46:02.422Z]   FOUND — crossRefs:0 apps:0 specs:0
[2026-06-18T13:46:03.923Z] [434/2430] EA56087 (C26087) — Air Filter
[2026-06-18T13:46:03.988Z]   FOUND — crossRefs:0 apps:0 specs:0
[2026-06-18T13:46:05.500Z] [435/2430] EA56093 (C26093) — Air Filter
[2026-06-18T13:46:05.573Z]   FOUND — crossRefs:0 apps:0 specs:0
[2026-06-18T13:46:07.080Z] [436/2430] EA56094 (C26094) — Air Filter
[2026-06-18T13:46:07.160Z]   FOUND — crossRefs:0 apps:0 specs:0
[2026-06-18T13:46:08.664Z] [437/2430] EA56110 (C26110) — Air Filter
[2026-06-18T13:46:08.731Z]   FOUND — crossRefs:15 apps:0 specs:0
[2026-06-18T13:46:10.250Z] [438/2430] EA56111 (C26111) — Air Filter
[2026-06-18T13:46:10.331Z]   FOUND — crossRefs:8 apps:0 specs:0
[2026-06-18T13:46:11.843Z] [439/2430] EA56118 (C26118) — Air Filter
[2026-06-18T13:46:11.909Z]   FOUND — crossRefs:7 apps:0 specs:0
[2026-06-18T13:46:13.422Z] [440/2430] EA52612 (C2612) — Air Filter
[2026-06-18T13:46:13.515Z]   FOUND — crossRefs:24 apps:0 specs:3
[2026-06-18T13:46:15.032Z] [441/2430] EA56121 (C26121) — Air Filter
[2026-06-18T13:46:15.081Z]   FOUND — crossRefs:0 apps:0 specs:0
[2026-06-18T13:46:16.595Z] [442/2430] EA56128 (C26128) — Air Filter
[2026-06-18T13:46:16.649Z]   FOUND — crossRefs:0 apps:0 specs:0
[2026-06-18T13:46:18.150Z] [443/2430] EA56138 (C26138) — Air Filter
[2026-06-18T13:46:18.202Z]   FOUND — crossRefs:0 apps:0 specs:0
[2026-06-18T13:46:19.711Z] [444/2430] EA51381 (C26138/1) — Air Filter
[2026-06-18T13:46:19.765Z]   FOUND — crossRefs:17 apps:0 specs:0
[2026-06-18T13:46:21.275Z] [445/2430] EA51397 (C261397) — Air Filter
[2026-06-18T13:46:21.434Z]   FOUND — crossRefs:4 apps:0 specs:0
[2026-06-18T13:46:22.936Z] [446/2430] EA56140 (C26140) — Air Filter
[2026-06-18T13:46:23.032Z]   FOUND — crossRefs:14 apps:0 specs:0
[2026-06-18T13:46:24.546Z] [447/2430] EA56144 (C26144) — Air Filter
[2026-06-18T13:46:25.248Z]   FOUND — crossRefs:39 apps:0 specs:3
[2026-06-18T13:46:26.773Z] [448/2430] EA56157 (C26157) — Air Filter
[2026-06-18T13:46:26.831Z]   FOUND — crossRefs:0 apps:0 specs:0
[2026-06-18T13:46:28.337Z] [449/2430] EA56170 (C26170) — Air Filter
[2026-06-18T13:46:28.391Z]   FOUND — crossRefs:0 apps:0 specs:0
[2026-06-18T13:46:29.899Z] [450/2430] EA52010 (C262010) — Air Filter
[2026-06-18T13:46:29.960Z]   FOUND — crossRefs:0 apps:0 specs:0
[2026-06-18T13:46:31.469Z] [451/2430] EA56206 (C26206) — Air Filter
[2026-06-18T13:46:31.540Z]   FOUND — crossRefs:33 apps:0 specs:0
[2026-06-18T13:46:33.051Z] [452/2430] EA52401 (C26240/1) — Air Filter
[2026-06-18T13:46:33.122Z]   FOUND — crossRefs:0 apps:0 specs:0
[2026-06-18T13:46:34.623Z] [453/2430] EA52402 (C26240/2) — Air Filter
[2026-06-18T13:46:34.681Z]   FOUND — crossRefs:0 apps:0 specs:0
[2026-06-18T13:46:36.187Z] [454/2430] EA56275 (C26275) — Air Filter
[2026-06-18T13:46:36.247Z]   FOUND — crossRefs:0 apps:0 specs:0
[2026-06-18T13:46:37.761Z] [455/2430] EA56315 (C26315) — Air Filter
[2026-06-18T13:46:37.818Z]   FOUND — crossRefs:2 apps:0 specs:0
[2026-06-18T13:46:39.322Z] [456/2430] EA53153 (C26315/3) — Air Filter
[2026-06-18T13:46:39.377Z]   FOUND — crossRefs:0 apps:0 specs:0
[2026-06-18T13:46:40.883Z] [457/2430] EA53156 (C26315/6) — Air Filter
[2026-06-18T13:46:40.949Z]   FOUND — crossRefs:0 apps:0 specs:0
[2026-06-18T13:46:42.463Z] [458/2430] EA52631 (C2631M) — Air Filter
[2026-06-18T13:46:42.928Z]   FOUND — crossRefs:34 apps:0 specs:0
[2026-06-18T13:46:44.447Z] [459/2430] EA56379 (C26379) — Air Filter
[2026-06-18T13:46:44.514Z]   FOUND — crossRefs:0 apps:0 specs:0
[2026-06-18T13:46:46.039Z] [460/2430] EA56480 (C26480) — Air Filter
[2026-06-18T13:46:46.102Z]   FOUND — crossRefs:0 apps:0 specs:0
[2026-06-18T13:46:47.618Z] [461/2430] EA52659 (C2659) — Air Filter
[2026-06-18T13:46:47.683Z]   FOUND — crossRefs:111 apps:26 specs:4
[2026-06-18T13:46:49.228Z] [462/2430] EA52672 (C2672) — Air Filter
[2026-06-18T13:46:49.315Z]   FOUND — crossRefs:3 apps:0 specs:0
[2026-06-18T13:46:50.822Z] [463/2430] EA52673 (C2673) — Air Filter
[2026-06-18T13:46:50.926Z]   FOUND — crossRefs:3 apps:0 specs:0
[2026-06-18T13:46:52.430Z] [464/2430] EA52675 (C2675) — Air Filter
[2026-06-18T13:46:52.510Z]   FOUND — crossRefs:76 apps:79 specs:4
[2026-06-18T13:46:54.055Z] [465/2430] EA56761 (C2676/1) — Air Filter
[2026-06-18T13:46:54.281Z]   FOUND — crossRefs:0 apps:0 specs:0
[2026-06-18T13:46:55.791Z] [466/2430] EA56848 (C26848) — Air Filter
[2026-06-18T13:46:55.852Z]   FOUND — crossRefs:1 apps:0 specs:3
[2026-06-18T13:46:57.369Z] [467/2430] EA52685 (C2685) — Air Filter
[2026-06-18T13:46:57.425Z]   FOUND — crossRefs:27 apps:4 specs:4
[2026-06-18T13:46:58.935Z] [468/2430] EA52690 (C2690) — Air Filter
[2026-06-18T13:46:59.005Z]   FOUND — crossRefs:3 apps:0 specs:0
[2026-06-18T13:47:00.508Z] [469/2430] EA56951 (C2695/1) — Air Filter
[2026-06-18T13:47:00.581Z]   FOUND — crossRefs:0 apps:0 specs:0
[2026-06-18T13:47:02.088Z] [470/2430] EA50002 (C27000/2) — Air Filter
[2026-06-18T13:47:02.161Z]   FOUND — crossRefs:0 apps:0 specs:0
[2026-06-18T13:47:03.666Z] [471/2430] EA57007 (C27007) — Air Filter
[2026-06-18T13:47:03.734Z]   FOUND — crossRefs:0 apps:0 specs:0
[2026-06-18T13:47:05.243Z] [472/2430] EA57008 (C27008) — Air Filter
[2026-06-18T13:47:05.331Z]   FOUND — crossRefs:18 apps:0 specs:0
[2026-06-18T13:47:06.840Z] [473/2430] EA57024 (C27024) — Air Filter
[2026-06-18T13:47:06.900Z]   FOUND — crossRefs:1 apps:0 specs:0
[2026-06-18T13:47:08.401Z] [474/2430] EA57049 (C27049) — Air Filter
[2026-06-18T13:47:08.456Z]   FOUND — crossRefs:0 apps:0 specs:0
[2026-06-18T13:47:09.963Z] [475/2430] EA57052 (C27052) — Air Filter
[2026-06-18T13:47:10.020Z]   FOUND — crossRefs:0 apps:0 specs:0
[2026-06-18T13:47:11.524Z] [476/2430] EA57053 (C27053) — Air Filter
[2026-06-18T13:47:11.583Z]   FOUND — crossRefs:0 apps:0 specs:0
[2026-06-18T13:47:13.087Z] [477/2430] EA57055 (C27055) — Air Filter
[2026-06-18T13:47:13.146Z]   FOUND — crossRefs:0 apps:0 specs:0
[2026-06-18T13:47:14.654Z] [478/2430] EA57056 (C27056) — Air Filter
[2026-06-18T13:47:14.714Z]   FOUND — crossRefs:0 apps:0 specs:0
[2026-06-18T13:47:16.228Z] [479/2430] EA57057 (C27057) — Air Filter
[2026-06-18T13:47:16.287Z]   FOUND — crossRefs:0 apps:0 specs:0
[2026-06-18T13:47:17.800Z] [480/2430] EA57062 (C27062) — Air Filter
[2026-06-18T13:47:18.311Z]   FOUND — crossRefs:0 apps:0 specs:0
[2026-06-18T13:47:19.821Z] [481/2430] EA57065 (C27065) — Air Filter
[2026-06-18T13:47:19.906Z]   FOUND — crossRefs:0 apps:0 specs:0
[2026-06-18T13:47:21.414Z] [482/2430] EA57066 (C27066) — Air Filter
[2026-06-18T13:47:21.476Z]   FOUND — crossRefs:0 apps:0 specs:0
[2026-06-18T13:47:22.978Z] [483/2430] EA57068 (C27068) — Air Filter
[2026-06-18T13:47:23.177Z]   FOUND — crossRefs:0 apps:0 specs:0
[2026-06-18T13:47:24.690Z] [484/2430] EA57071 (C27071) — Air Filter
[2026-06-18T13:47:24.759Z]   FOUND — crossRefs:0 apps:0 specs:0
[2026-06-18T13:47:26.274Z] [485/2430] EA57073 (C27073) — Air Filter
[2026-06-18T13:47:26.348Z]   FOUND — crossRefs:0 apps:0 specs:0
[2026-06-18T13:47:27.852Z] [486/2430] EA57075 (C27075) — Air Filter
[2026-06-18T13:47:27.909Z]   FOUND — crossRefs:0 apps:0 specs:0
[2026-06-18T13:47:29.414Z] [487/2430] EA57076 (C27076) — Air Filter
[2026-06-18T13:47:29.481Z]   FOUND — crossRefs:0 apps:0 specs:0
[2026-06-18T13:47:30.993Z] [488/2430] EA57077 (C27077) — Air Filter
[2026-06-18T13:47:31.059Z]   FOUND — crossRefs:0 apps:0 specs:0
[2026-06-18T13:47:32.565Z] [489/2430] EA57081 (C27081) — Air Filter
[2026-06-18T13:47:33.012Z]   FOUND — crossRefs:0 apps:0 specs:0
[2026-06-18T13:47:34.515Z] [490/2430] EA57083 (C27083) — Air Filter
[2026-06-18T13:47:34.935Z]   FOUND — crossRefs:0 apps:0 specs:0
[2026-06-18T13:47:36.446Z] [491/2430] EA57085 (C27085) — Air Filter
[2026-06-18T13:47:37.020Z]   FOUND — crossRefs:0 apps:0 specs:0
[2026-06-18T13:47:38.525Z] [492/2430] EA57086 (C27086) — Air Filter
[2026-06-18T13:47:38.594Z]   FOUND — crossRefs:0 apps:0 specs:0
[2026-06-18T13:47:40.103Z] [493/2430] EA57087 (C27087) — Air Filter
[2026-06-18T13:47:40.171Z]   FOUND — crossRefs:0 apps:0 specs:0
[2026-06-18T13:47:41.682Z] [494/2430] EA57088 (C27088) — Air Filter
[2026-06-18T13:47:41.760Z]   FOUND — crossRefs:0 apps:0 specs:0
[2026-06-18T13:47:43.287Z] [495/2430] EA57089 (C27089) — Air Filter
[2026-06-18T13:47:43.364Z]   FOUND — crossRefs:0 apps:0 specs:0
[2026-06-18T13:47:44.869Z] [496/2430] EA57091 (C27091) — Air Filter
[2026-06-18T13:47:45.721Z]   FOUND — crossRefs:0 apps:0 specs:0
[2026-06-18T13:47:47.235Z] [497/2430] EA57093 (C27093) — Air Filter
[2026-06-18T13:47:47.913Z]   FOUND — crossRefs:0 apps:0 specs:0
[2026-06-18T13:47:49.414Z] [498/2430] EA57094 (C27094) — Air Filter
[2026-06-18T13:47:49.478Z]   FOUND — crossRefs:0 apps:0 specs:0
[2026-06-18T13:47:50.980Z] [499/2430] EA57097 (C27097) — Air Filter
[2026-06-18T13:47:51.049Z]   FOUND — crossRefs:0 apps:0 specs:0
[2026-06-18T13:47:52.555Z] [500/2430] EA57100 (C27100) — Air Filter
[2026-06-18T13:47:52.625Z]   FOUND — crossRefs:26 apps:0 specs:0
[2026-06-18T13:47:54.146Z] [501/2430] EA57104 (C27104) — Air Filter
[2026-06-18T13:47:54.282Z]   FOUND — crossRefs:0 apps:0 specs:0
[2026-06-18T13:47:55.789Z] [502/2430] EA50505 (C271050/5) — Air Filter
[2026-06-18T13:47:55.842Z]   FOUND — crossRefs:0 apps:0 specs:0
[2026-06-18T13:47:57.345Z] [503/2430] EA51102 (C27110/2) — Air Filter
[2026-06-18T13:47:57.412Z]   FOUND — crossRefs:0 apps:0 specs:0
[2026-06-18T13:47:58.923Z] [504/2430] EA57112 (C27112) — Air Filter
[2026-06-18T13:47:58.985Z]   FOUND — crossRefs:0 apps:0 specs:0
[2026-06-18T13:48:00.500Z] [505/2430] EA57113 (C27113) — Air Filter
[2026-06-18T13:48:00.585Z]   FOUND — crossRefs:0 apps:0 specs:0
[2026-06-18T13:48:02.096Z] [506/2430] EA57115 (C27115) — Air Filter
[2026-06-18T13:48:02.168Z]   FOUND — crossRefs:0 apps:0 specs:0
[2026-06-18T13:48:03.680Z] [507/2430] EA57116 (C27116) — Air Filter
[2026-06-18T13:48:03.745Z]   FOUND — crossRefs:0 apps:0 specs:0
[2026-06-18T13:48:05.247Z] [508/2430] EA51704 (C271170/4) — Air Filter
[2026-06-18T13:48:05.299Z]   FOUND — crossRefs:19 apps:0 specs:0
[2026-06-18T13:48:06.806Z] [509/2430] EA51250 (C271250) — Air Filter
[2026-06-18T13:48:06.891Z]   FOUND — crossRefs:13 apps:0 specs:0
[2026-06-18T13:48:08.406Z] [510/2430] EA52502 (C271250/2) — Air Filter
[2026-06-18T13:48:08.695Z]   FOUND — crossRefs:0 apps:0 specs:0
[2026-06-18T13:48:10.197Z] [511/2430] EA52506 (C271250/6) — Air Filter
[2026-06-18T13:48:10.277Z]   FOUND — crossRefs:0 apps:0 specs:0
[2026-06-18T13:48:11.790Z] [512/2430] EA52507 (C271250/7) — Air Filter
[2026-06-18T13:48:11.858Z]   FOUND — crossRefs:0 apps:0 specs:0
[2026-06-18T13:48:13.367Z] [513/2430] EA51320 (C271320) — Air Filter
[2026-06-18T13:48:13.443Z]   FOUND — crossRefs:25 apps:0 specs:3
[2026-06-18T13:48:14.957Z] [514/2430] EA53206 (C271320/6) — Air Filter
[2026-06-18T13:48:15.027Z]   FOUND — crossRefs:0 apps:0 specs:0
[2026-06-18T13:48:16.540Z] [515/2430] EA57137 (C27137) — Air Filter
[2026-06-18T13:48:16.616Z]   FOUND — crossRefs:0 apps:0 specs:0
[2026-06-18T13:48:18.118Z] [516/2430] EA57140 (C27140) — Air Filter
[2026-06-18T13:48:18.182Z]   FOUND — crossRefs:0 apps:0 specs:0
[2026-06-18T13:48:19.690Z] [517/2430] EA51406 (C271406) — Air Filter
[2026-06-18T13:48:19.767Z]   FOUND — crossRefs:13 apps:0 specs:0
[2026-06-18T13:48:21.282Z] [518/2430] EA57143 (C27143) — Air Filter
[2026-06-18T13:48:21.355Z]   FOUND — crossRefs:27 apps:0 specs:0
[2026-06-18T13:48:22.860Z] [519/2430] EA51520 (C271520) — Air Filter
[2026-06-18T13:48:23.012Z]   FOUND — crossRefs:22 apps:0 specs:0
[2026-06-18T13:48:24.524Z] [520/2430] EA57153 (C27153) — Air Filter
[2026-06-18T13:48:24.594Z]   FOUND — crossRefs:0 apps:0 specs:0
[2026-06-18T13:48:26.103Z] [521/2430] EA57192 (C27192) — Air Filter
[2026-06-18T13:48:26.169Z]   FOUND — crossRefs:28 apps:0 specs:0
[2026-06-18T13:48:27.682Z] [522/2430] EA52720 (C2720) — Air Filter
[2026-06-18T13:48:27.748Z]   FOUND — crossRefs:14 apps:0 specs:0
[2026-06-18T13:48:29.259Z] [523/2430] EA52731 (C2731) — Air Filter
[2026-06-18T13:48:29.325Z]   FOUND — crossRefs:5 apps:0 specs:0
[2026-06-18T13:48:30.839Z] [524/2430] EA53322 (C27332/2) — Air Filter
[2026-06-18T13:48:30.904Z]   FOUND — crossRefs:0 apps:0 specs:0
[2026-06-18T13:48:32.414Z] [525/2430] EA52737 (C2737) — Air Filter
[2026-06-18T13:48:32.477Z]   FOUND — crossRefs:8 apps:0 specs:0
[2026-06-18T13:48:33.993Z] [526/2430] EA52751 (C2751) — Air Filter
[2026-06-18T13:48:34.129Z]   FOUND — crossRefs:16 apps:0 specs:0
[2026-06-18T13:48:35.647Z] [527/2430] EA57511 (C2751/1) — Air Filter
[2026-06-18T13:48:35.706Z]   FOUND — crossRefs:0 apps:0 specs:0
[2026-06-18T13:48:37.213Z] [528/2430] EA52758 (C2758) — Air Filter
[2026-06-18T13:48:37.276Z]   FOUND — crossRefs:46 apps:8 specs:4
[2026-06-18T13:48:38.800Z] [529/2430] EA57585 (C27585) — Air Filter
[2026-06-18T13:48:38.894Z]   FOUND — crossRefs:18 apps:0 specs:0
[2026-06-18T13:48:40.400Z] [530/2430] EA55851 (C27585/1) — Air Filter
[2026-06-18T13:48:41.162Z]   FOUND — crossRefs:0 apps:0 specs:0
[2026-06-18T13:48:42.665Z] [531/2430] EA52769 (C2769) — Air Filter
[2026-06-18T13:48:42.724Z]   FOUND — crossRefs:4 apps:0 specs:0
[2026-06-18T13:48:44.228Z] [532/2430] EA57742 (C2774/2) — Air Filter
[2026-06-18T13:48:44.305Z]   FOUND — crossRefs:8 apps:0 specs:0
[2026-06-18T13:48:45.822Z] [533/2430] EA57800 (C27800) — Air Filter
[2026-06-18T13:48:45.890Z]   FOUND — crossRefs:0 apps:0 specs:0
[2026-06-18T13:48:47.399Z] [534/2430] EA57902 (C27902) — Air Filter
[2026-06-18T13:48:47.458Z]   FOUND — crossRefs:13 apps:0 specs:0
[2026-06-18T13:48:48.961Z] [535/2430] EA52797 (C2797) — Air Filter
[2026-06-18T13:48:49.170Z]   FOUND — crossRefs:4 apps:0 specs:0
[2026-06-18T13:48:50.681Z] [536/2430] EA59981 (C27998/1) — Air Filter
[2026-06-18T13:48:50.746Z]   FOUND — crossRefs:0 apps:0 specs:0
[2026-06-18T13:48:52.259Z] [537/2430] EA58003 (C28003) — Air Filter
[2026-06-18T13:48:52.321Z]   FOUND — crossRefs:12 apps:0 specs:4
[2026-06-18T13:48:53.838Z] [538/2430] EA58006 (C28006) — Air Filter
[2026-06-18T13:48:53.904Z]   FOUND — crossRefs:10 apps:0 specs:0
[2026-06-18T13:48:55.415Z] [539/2430] EA58008 (C28008) — Air Filter
[2026-06-18T13:48:55.473Z]   FOUND — crossRefs:0 apps:0 specs:0
[2026-06-18T13:48:56.977Z] [540/2430] EA58021 (C28021) — Air Filter
[2026-06-18T13:48:57.034Z]   FOUND — crossRefs:0 apps:0 specs:0
[2026-06-18T13:48:58.536Z] [541/2430] EA58025 (C28025) — Air Filter
[2026-06-18T13:48:58.594Z]   FOUND — crossRefs:0 apps:0 specs:0
[2026-06-18T13:49:00.103Z] [542/2430] EA58039 (C28039) — Air Filter
[2026-06-18T13:49:00.165Z]   FOUND — crossRefs:0 apps:0 specs:0
[2026-06-18T13:49:01.696Z] [543/2430] EA58043 (C28043M) — Air Filter
[2026-06-18T13:49:01.764Z]   FOUND — crossRefs:14 apps:0 specs:0
[2026-06-18T13:49:03.275Z] [544/2430] EA58048 (C28048) — Air Filter
[2026-06-18T13:49:03.345Z]   FOUND — crossRefs:0 apps:0 specs:0
[2026-06-18T13:49:04.853Z] [545/2430] EA50541 (C28054/1) — Air Filter
[2026-06-18T13:49:04.918Z]   FOUND — crossRefs:0 apps:0 specs:0
[2026-06-18T13:49:06.430Z] [546/2430] EA58055 (C28055) — Air Filter
[2026-06-18T13:49:06.497Z]   FOUND — crossRefs:0 apps:0 specs:0
[2026-06-18T13:49:08.009Z] [547/2430] EA58059 (C28059) — Air Filter
[2026-06-18T13:49:08.069Z]   FOUND — crossRefs:0 apps:0 specs:0
[2026-06-18T13:49:09.571Z] [548/2430] EA58061 (C28061) — Air Filter
[2026-06-18T13:49:10.062Z]   FOUND — crossRefs:0 apps:0 specs:0
[2026-06-18T13:49:11.564Z] [549/2430] EA58063 (C28063) — Air Filter
[2026-06-18T13:49:12.590Z]   FOUND — crossRefs:0 apps:0 specs:0
[2026-06-18T13:49:14.102Z] [550/2430] EA58064 (C28064) — Air Filter
[2026-06-18T13:49:14.165Z]   FOUND — crossRefs:0 apps:0 specs:0
[2026-06-18T13:49:15.682Z] [551/2430] EA58065 (C28065) — Air Filter
[2026-06-18T13:49:15.819Z]   FOUND — crossRefs:0 apps:0 specs:0
[2026-06-18T13:49:17.320Z] [552/2430] EA58072 (C28072) — Air Filter
[2026-06-18T13:49:17.392Z]   FOUND — crossRefs:0 apps:0 specs:0
[2026-06-18T13:49:18.902Z] [553/2430] EA58077 (C28077) — Air Filter
[2026-06-18T13:49:18.964Z]   FOUND — crossRefs:0 apps:0 specs:0
[2026-06-18T13:49:20.467Z] [554/2430] EA58078 (C28078) — Air Filter
[2026-06-18T13:49:20.528Z]   FOUND — crossRefs:0 apps:0 specs:0
[2026-06-18T13:49:22.040Z] [555/2430] EA58079 (C28079) — Air Filter
[2026-06-18T13:49:22.103Z]   FOUND — crossRefs:0 apps:0 specs:0
[2026-06-18T13:49:23.619Z] [556/2430] EA58081 (C28081) — Air Filter
[2026-06-18T13:49:23.989Z]   FOUND — crossRefs:0 apps:0 specs:0
[2026-06-18T13:49:25.493Z] [557/2430] EA58082 (C28082) — Air Filter
[2026-06-18T13:49:25.836Z]   FOUND — crossRefs:0 apps:0 specs:0
[2026-06-18T13:49:27.352Z] [558/2430] EA58087 (C28087) — Air Filter
[2026-06-18T13:49:27.447Z]   FOUND — crossRefs:0 apps:0 specs:0
[2026-06-18T13:49:28.961Z] [559/2430] EA58089 (C28089) — Air Filter
[2026-06-18T13:49:29.093Z]   FOUND — crossRefs:0 apps:0 specs:0
[2026-06-18T13:49:30.594Z] [560/2430] EA50911 (C28091/1) — Air Filter
[2026-06-18T13:49:30.664Z]   FOUND — crossRefs:0 apps:0 specs:0
[2026-06-18T13:49:32.173Z] [561/2430] EA50921 (C28092/1) — Air Filter
[2026-06-18T13:49:32.236Z]   FOUND — crossRefs:0 apps:0 specs:0
[2026-06-18T13:49:33.749Z] [562/2430] EA58093 (C28093) — Air Filter
[2026-06-18T13:49:33.812Z]   FOUND — crossRefs:0 apps:0 specs:0
[2026-06-18T13:49:35.322Z] [563/2430] EA58094 (C28094) — Air Filter
[2026-06-18T13:49:35.392Z]   FOUND — crossRefs:0 apps:0 specs:0
[2026-06-18T13:49:36.899Z] [564/2430] EA58096 (C28096) — Air Filter
[2026-06-18T13:49:36.958Z]   FOUND — crossRefs:0 apps:0 specs:0
[2026-06-18T13:49:38.461Z] [565/2430] EA58097 (C28097) — Air Filter
[2026-06-18T13:49:38.522Z]   FOUND — crossRefs:0 apps:0 specs:0
[2026-06-18T13:49:40.024Z] [566/2430] EA58114 (C28114) — Air Filter
[2026-06-18T13:49:40.097Z]   FOUND — crossRefs:0 apps:0 specs:0
[2026-06-18T13:49:41.617Z] [567/2430] EA54401 (C281440/1) — Air Filter
[2026-06-18T13:49:41.686Z]   FOUND — crossRefs:0 apps:0 specs:0
[2026-06-18T13:49:43.198Z] [568/2430] EA58160 (C28160) — Air Filter
[2026-06-18T13:49:43.287Z]   FOUND — crossRefs:31 apps:0 specs:3
[2026-06-18T13:49:44.806Z] [569/2430] EA58214 (C28214) — Air Filter
[2026-06-18T13:49:44.873Z]   FOUND — crossRefs:24 apps:0 specs:0
[2026-06-18T13:49:46.384Z] [570/2430] EA52827 (C2827) — Air Filter
[2026-06-18T13:49:46.451Z]   FOUND — crossRefs:0 apps:0 specs:0
[2026-06-18T13:49:47.963Z] [571/2430] EA58331 (C28331) — Air Filter
[2026-06-18T13:49:48.031Z]   FOUND — crossRefs:0 apps:0 specs:0
[2026-06-18T13:49:49.540Z] [572/2430] EA58524 (C2852/4) — Air Filter
[2026-06-18T13:49:49.608Z]   FOUND — crossRefs:2 apps:0 specs:0
[2026-06-18T13:49:51.119Z] [573/2430] EA52853 (C2853) — Air Filter
[2026-06-18T13:49:51.181Z]   FOUND — crossRefs:4 apps:0 specs:0
[2026-06-18T13:49:52.683Z] [574/2430] EA58601 (C2860/1) — Air Filter
[2026-06-18T13:49:52.744Z]   FOUND — crossRefs:3 apps:0 specs:0
[2026-06-18T13:49:54.259Z] [575/2430] EA58612 (C2861/2) — Air Filter
[2026-06-18T13:49:54.326Z]   FOUND — crossRefs:21 apps:0 specs:0
[2026-06-18T13:49:55.839Z] [576/2430] EA52873 (C2873) — Air Filter
[2026-06-18T13:49:55.908Z]   FOUND — crossRefs:9 apps:0 specs:0
[2026-06-18T13:49:57.415Z] [577/2430] EA52877 (C2877) — Air Filter
[2026-06-18T13:49:57.512Z]   FOUND — crossRefs:0 apps:0 specs:0
[2026-06-18T13:49:59.025Z] [578/2430] EA52878 (C2878) — Air Filter
[2026-06-18T13:49:59.167Z]   FOUND — crossRefs:20 apps:0 specs:0
[2026-06-18T13:50:00.696Z] [579/2430] EA52890 (C2890) — Air Filter
[2026-06-18T13:50:00.757Z]   FOUND — crossRefs:0 apps:0 specs:0
[2026-06-18T13:50:02.259Z] [580/2430] EA58940 (C28940) — Air Filter
[2026-06-18T13:50:02.414Z]   FOUND — crossRefs:3 apps:0 specs:0
[2026-06-18T13:50:03.918Z] [581/2430] EA58951 (C28951) — Air Filter
[2026-06-18T13:50:04.006Z]   FOUND — crossRefs:0 apps:0 specs:0
[2026-06-18T13:50:05.509Z] [582/2430] EA59532 (C28953/2) — Air Filter
[2026-06-18T13:50:05.582Z]   FOUND — crossRefs:0 apps:0 specs:0
[2026-06-18T13:50:07.088Z] [583/2430] EA59601 (C28960/1X) — Air Filter
[2026-06-18T13:50:07.418Z]   FOUND — crossRefs:0 apps:0 specs:0
[2026-06-18T13:50:08.931Z] [584/2430] EA59009 (C29009) — Air Filter
[2026-06-18T13:50:09.668Z]   FOUND — crossRefs:0 apps:0 specs:0
[2026-06-18T13:50:11.182Z] [585/2430] EA59018 (C29018) — Air Filter
[2026-06-18T13:50:11.319Z]   FOUND — crossRefs:0 apps:0 specs:0
[2026-06-18T13:50:12.822Z] [586/2430] EA59021 (C29021M) — Air Filter
[2026-06-18T13:50:13.450Z]   FOUND — crossRefs:11 apps:0 specs:0
[2026-06-18T13:50:14.961Z] [587/2430] EA59022 (C29022) — Air Filter
[2026-06-18T13:50:15.115Z]   FOUND — crossRefs:2 apps:0 specs:0
[2026-06-18T13:50:16.618Z] [588/2430] EA59025 (C29025) — Air Filter
[2026-06-18T13:50:16.696Z]   FOUND — crossRefs:0 apps:0 specs:0
[2026-06-18T13:50:18.211Z] [589/2430] EA53512 (C29035/1/2) — Air Filter
[2026-06-18T13:50:18.896Z]   FOUND — crossRefs:0 apps:0 specs:0
[2026-06-18T13:50:20.399Z] [590/2430] EA50352 (C29035/2) — Air Filter
[2026-06-18T13:50:20.480Z]   FOUND — crossRefs:0 apps:0 specs:0
[2026-06-18T13:50:21.992Z] [591/2430] EA59038 (C29038) — Air Filter
[2026-06-18T13:50:22.054Z]   FOUND — crossRefs:0 apps:0 specs:0
[2026-06-18T13:50:23.565Z] [592/2430] EA59045 (C29045) — Air Filter
[2026-06-18T13:50:23.747Z]   FOUND — crossRefs:0 apps:0 specs:0
[2026-06-18T13:50:25.253Z] [593/2430] EA59047 (C29047) — Air Filter
[2026-06-18T13:50:25.349Z]   FOUND — crossRefs:0 apps:0 specs:0
[2026-06-18T13:50:26.862Z] [594/2430] EA59052 (C29052) — Air Filter
[2026-06-18T13:50:26.928Z]   FOUND — crossRefs:0 apps:0 specs:0
[2026-06-18T13:50:28.446Z] [595/2430] EA59054 (C29054) — Air Filter
[2026-06-18T13:50:28.506Z]   FOUND — crossRefs:0 apps:0 specs:0
[2026-06-18T13:50:30.018Z] [596/2430] EA59062 (C29062) — Air Filter
[2026-06-18T13:50:30.084Z]   FOUND — crossRefs:0 apps:0 specs:0
[2026-06-18T13:50:31.595Z] [597/2430] EA59063 (C29063) — Air Filter
[2026-06-18T13:50:31.657Z]   FOUND — crossRefs:0 apps:0 specs:0
[2026-06-18T13:50:33.164Z] [598/2430] EA59067 (C29067) — Air Filter
[2026-06-18T13:50:33.344Z]   FOUND — crossRefs:0 apps:0 specs:0
[2026-06-18T13:50:34.853Z] [599/2430] EA59070 (C29070) — Air Filter
[2026-06-18T13:50:34.926Z]   FOUND — crossRefs:0 apps:0 specs:0
[2026-06-18T13:50:36.442Z] [600/2430] EA59072 (C29072) — Air Filter
[2026-06-18T13:50:37.026Z]   FOUND — crossRefs:0 apps:0 specs:0
[2026-06-18T13:50:38.534Z] [601/2430] EA59074 (C29074) — Air Filter
[2026-06-18T13:50:38.681Z]   FOUND — crossRefs:0 apps:0 specs:0
[2026-06-18T13:50:40.194Z] [602/2430] EA50321 (C291032/1) — Air Filter
[2026-06-18T13:50:40.302Z]   FOUND — crossRefs:30 apps:0 specs:0
[2026-06-18T13:50:41.821Z] [603/2430] EA59108 (C29108) — Air Filter
[2026-06-18T13:50:41.875Z]   FOUND — crossRefs:13 apps:0 specs:0
[2026-06-18T13:50:43.384Z] [604/2430] EA59122 (C29122) — Air Filter
[2026-06-18T13:50:43.436Z]   FOUND — crossRefs:25 apps:0 specs:0
[2026-06-18T13:50:44.961Z] [605/2430] EA59126 (C29126) — Air Filter
[2026-06-18T13:50:45.012Z]   FOUND — crossRefs:21 apps:0 specs:0
[2026-06-18T13:50:46.525Z] [606/2430] EA51366 (C291366) — Air Filter
[2026-06-18T13:50:47.468Z]   FOUND — crossRefs:24 apps:0 specs:0
[2026-06-18T13:50:48.977Z] [607/2430] EA59352 (C29352) — Air Filter
[2026-06-18T13:50:49.034Z]   FOUND — crossRefs:2 apps:0 specs:0
[2026-06-18T13:50:50.540Z] [608/2430] EA53525 (C29352/5) — Air Filter
[2026-06-18T13:50:51.186Z]   FOUND — crossRefs:0 apps:0 specs:0
[2026-06-18T13:50:52.698Z] [609/2430] EA53526 (C29352/6) — Air Filter
[2026-06-18T13:50:53.427Z]   FOUND — crossRefs:0 apps:0 specs:0
[2026-06-18T13:50:54.946Z] [610/2430] EA59377 (C29377) — Air Filter
[2026-06-18T13:50:55.022Z]   FOUND — crossRefs:0 apps:0 specs:0
[2026-06-18T13:50:56.525Z] [611/2430] EA52938 (C2938) — Air Filter
[2026-06-18T13:50:56.583Z]   FOUND — crossRefs:23 apps:0 specs:0
[2026-06-18T13:50:58.095Z] [612/2430] EA54011 (C29401/1) — Air Filter
[2026-06-18T13:50:58.161Z]   FOUND — crossRefs:0 apps:0 specs:0
[2026-06-18T13:50:59.675Z] [613/2430] EA52956 (C2956) — Air Filter
[2026-06-18T13:50:59.729Z]   FOUND — crossRefs:11 apps:0 specs:0
[2026-06-18T13:51:01.243Z] [614/2430] EA59624 (C29624) — Air Filter
[2026-06-18T13:51:01.317Z]   FOUND — crossRefs:14 apps:0 specs:0
[2026-06-18T13:51:02.830Z] [615/2430] EA52964 (C2964M) — Air Filter
[2026-06-18T13:51:02.910Z]   FOUND — crossRefs:0 apps:0 specs:0
[2026-06-18T13:51:04.425Z] [616/2430] EA59754 (C29754) — Air Filter
[2026-06-18T13:51:04.505Z]   FOUND — crossRefs:0 apps:0 specs:0
[2026-06-18T13:51:06.017Z] [617/2430] EA59769 (C29769) — Air Filter
[2026-06-18T13:51:06.078Z]   FOUND — crossRefs:0 apps:0 specs:0
[2026-06-18T13:51:07.586Z] [618/2430] EA52982 (C2982) — Air Filter
[2026-06-18T13:51:07.658Z]   FOUND — crossRefs:39 apps:0 specs:3
[2026-06-18T13:51:09.181Z] [619/2430] EA52987 (C2987) — Air Filter
[2026-06-18T13:51:09.243Z]   FOUND — crossRefs:57 apps:0 specs:3
[2026-06-18T13:51:10.768Z] [620/2430] EA59920 (C29920) — Air Filter
[2026-06-18T13:51:10.832Z]   FOUND — crossRefs:11 apps:0 specs:0
[2026-06-18T13:51:12.347Z] [621/2430] EA59931 (C2993/1) — Air Filter
[2026-06-18T13:51:12.493Z]   FOUND — crossRefs:0 apps:0 specs:0
[2026-06-18T13:51:14.002Z] [622/2430] EA59391 (C29939/1X) — Air Filter
[2026-06-18T13:51:14.061Z]   FOUND — crossRefs:0 apps:0 specs:0
[2026-06-18T13:51:15.563Z] [623/2430] EA59404 (C29940/4) — Air Filter
[2026-06-18T13:51:15.622Z]   FOUND — crossRefs:0 apps:0 specs:0
[2026-06-18T13:51:17.126Z] [624/2430] EA59985 (C2998/5) — Air Filter
[2026-06-18T13:51:17.181Z]   FOUND — crossRefs:6 apps:0 specs:0
[2026-06-18T13:51:18.684Z] [625/2430] EA50005 (C30005M) — Air Filter
[2026-06-18T13:51:19.560Z]   FOUND — crossRefs:0 apps:0 specs:0
[2026-06-18T13:51:21.071Z] [626/2430] EA50009 (C30009M) — Air Filter
[2026-06-18T13:51:21.127Z]   FOUND — crossRefs:0 apps:0 specs:0
[2026-06-18T13:51:22.634Z] [627/2430] EA50131 (C30013/1) — Air Filter
[2026-06-18T13:51:22.695Z]   FOUND — crossRefs:0 apps:0 specs:0
[2026-06-18T13:51:24.197Z] [628/2430] EA50033 (C30033) — Air Filter
[2026-06-18T13:51:24.264Z]   FOUND — crossRefs:0 apps:0 specs:0
[2026-06-18T13:51:25.776Z] [629/2430] EA50041 (C30041) — Air Filter
[2026-06-18T13:51:25.832Z]   FOUND — crossRefs:0 apps:0 specs:0
[2026-06-18T13:51:27.338Z] [630/2430] EA50042 (C30042) — Air Filter
[2026-06-18T13:51:27.485Z]   FOUND — crossRefs:0 apps:0 specs:0
[2026-06-18T13:51:28.993Z] [631/2430] EA50046 (C30046) — Air Filter
[2026-06-18T13:51:29.046Z]   FOUND — crossRefs:0 apps:0 specs:0
[2026-06-18T13:51:30.556Z] [632/2430] EA50048 (C30048) — Air Filter
[2026-06-18T13:51:30.650Z]   FOUND — crossRefs:0 apps:0 specs:0
[2026-06-18T13:51:32.165Z] [633/2430] EA50061 (C30061) — Air Filter
[2026-06-18T13:51:32.217Z]   FOUND — crossRefs:0 apps:0 specs:0
[2026-06-18T13:51:33.727Z] [634/2430] EA50065 (C30065) — Air Filter
[2026-06-18T13:51:33.782Z]   FOUND — crossRefs:0 apps:0 specs:0
[2026-06-18T13:51:35.289Z] [635/2430] EA50081 (C30081) — Air Filter
[2026-06-18T13:51:36.072Z]   FOUND — crossRefs:0 apps:0 specs:0
[2026-06-18T13:51:37.586Z] [636/2430] EA50082 (C30082) — Air Filter
[2026-06-18T13:51:37.644Z]   FOUND — crossRefs:0 apps:0 specs:0
[2026-06-18T13:51:39.151Z] [637/2430] EA50084 (C30084) — Air Filter
[2026-06-18T13:51:39.219Z]   FOUND — crossRefs:0 apps:0 specs:0
[2026-06-18T13:51:40.727Z] [638/2430] EA50085 (C30085) — Air Filter
[2026-06-18T13:51:40.788Z]   FOUND — crossRefs:0 apps:0 specs:0
[2026-06-18T13:51:42.291Z] [639/2430] EA50086 (C30086) — Air Filter
[2026-06-18T13:51:42.409Z]   FOUND — crossRefs:0 apps:0 specs:0
[2026-06-18T13:51:43.916Z] [640/2430] EA51016 (C301016) — Air Filter
[2026-06-18T13:51:43.994Z]   FOUND — crossRefs:0 apps:0 specs:0
[2026-06-18T13:51:45.509Z] [641/2430] EA50103 (C30103) — Air Filter
[2026-06-18T13:51:45.574Z]   FOUND — crossRefs:4 apps:0 specs:0
[2026-06-18T13:51:47.088Z] [642/2430] EA51151 (C30115/1) — Air Filter
[2026-06-18T13:51:47.143Z]   FOUND — crossRefs:0 apps:0 specs:0
[2026-06-18T13:51:48.650Z] [643/2430] EA53012 (C3012) — Air Filter
[2026-06-18T13:51:48.795Z]   FOUND — crossRefs:26 apps:0 specs:3
[2026-06-18T13:51:50.307Z] [644/2430] EA51253 (C30125/3) — Air Filter
[2026-06-18T13:51:50.377Z]   FOUND — crossRefs:9 apps:0 specs:0
[2026-06-18T13:51:51.883Z] [645/2430] EA51261 (C30126/1) — Air Filter
[2026-06-18T13:51:51.942Z]   FOUND — crossRefs:2 apps:0 specs:0
[2026-06-18T13:51:53.447Z] [646/2430] EA50136 (C30136) — Air Filter
[2026-06-18T13:51:53.530Z]   FOUND — crossRefs:0 apps:0 specs:0
[2026-06-18T13:51:55.055Z] [647/2430] EA51361 (C30136/1) — Air Filter
[2026-06-18T13:51:55.133Z]   FOUND — crossRefs:0 apps:0 specs:0
[2026-06-18T13:51:56.635Z] [648/2430] EA50150 (C30150X) — Air Filter
[2026-06-18T13:51:56.726Z]   FOUND — crossRefs:0 apps:0 specs:0
[2026-06-18T13:51:58.227Z] [649/2430] EA50152 (C30152) — Air Filter
[2026-06-18T13:51:58.350Z]   FOUND — crossRefs:0 apps:0 specs:0
[2026-06-18T13:51:59.859Z] [650/2430] EA50153 (C30153) — Air Filter
[2026-06-18T13:51:59.970Z]   FOUND — crossRefs:15 apps:0 specs:0
[2026-06-18T13:52:01.493Z] [651/2430] EA51611 (C30161/1) — Air Filter
[2026-06-18T13:52:01.598Z]   FOUND — crossRefs:0 apps:0 specs:0
[2026-06-18T13:52:03.103Z] [652/2430] EA50200 (C30200) — Air Filter
[2026-06-18T13:52:03.275Z]   FOUND — crossRefs:0 apps:0 specs:0
[2026-06-18T13:52:04.776Z] [653/2430] EA53027 (C3027) — Air Filter
[2026-06-18T13:52:04.884Z]   FOUND — crossRefs:0 apps:0 specs:0
[2026-06-18T13:52:06.392Z] [654/2430] EA53032 (C3032) — Air Filter
[2026-06-18T13:52:07.137Z]   FOUND — crossRefs:3 apps:0 specs:0
[2026-06-18T13:52:08.649Z] [655/2430] EA50325 (C30325) — Air Filter
[2026-06-18T13:52:08.773Z]   FOUND — crossRefs:0 apps:0 specs:0
[2026-06-18T13:52:10.276Z] [656/2430] EA50304 (C304) — Air Filter
[2026-06-18T13:52:10.484Z]   FOUND — crossRefs:1 apps:0 specs:0
[2026-06-18T13:52:11.993Z] [657/2430] EA50400 (C30400) — Air Filter
[2026-06-18T13:52:12.127Z]   FOUND — crossRefs:1 apps:0 specs:3
[2026-06-18T13:52:13.635Z] [658/2430] EA53051 (C3051) — Air Filter
[2026-06-18T13:52:13.718Z]   FOUND — crossRefs:60 apps:4 specs:4
[2026-06-18T13:52:15.258Z] [659/2430] EA53054 (C3054) — Air Filter
[2026-06-18T13:52:15.338Z]   FOUND — crossRefs:2 apps:0 specs:0
[2026-06-18T13:52:16.854Z] [660/2430] EA50683 (C30683) — Air Filter
[2026-06-18T13:52:16.928Z]   FOUND — crossRefs:0 apps:0 specs:0
[2026-06-18T13:52:18.431Z] [661/2430] EA53087 (C3087) — Air Filter
[2026-06-18T13:52:19.090Z]   FOUND — crossRefs:54 apps:0 specs:3
[2026-06-18T13:52:20.618Z] [662/2430] EA50873 (C30873) — Air Filter
[2026-06-18T13:52:20.690Z]   FOUND — crossRefs:5 apps:0 specs:4
[2026-06-18T13:52:22.211Z] [663/2430] EA53088 (C3088) — Air Filter
[2026-06-18T13:52:22.279Z]   FOUND — crossRefs:29 apps:0 specs:3
[2026-06-18T13:52:23.790Z] [664/2430] EA50883 (C30883) — Air Filter
[2026-06-18T13:52:23.858Z]   FOUND — crossRefs:6 apps:0 specs:0
[2026-06-18T13:52:25.367Z] [665/2430] EA51011 (C31011) — Air Filter
[2026-06-18T13:52:25.438Z]   FOUND — crossRefs:0 apps:0 specs:0
[2026-06-18T13:52:26.947Z] [666/2430] EA51035 (C31035) — Air Filter
[2026-06-18T13:52:27.095Z]   FOUND — crossRefs:0 apps:0 specs:0
[2026-06-18T13:52:28.603Z] [667/2430] EA51036 (C31036) — Air Filter
[2026-06-18T13:52:29.124Z]   FOUND — crossRefs:0 apps:0 specs:0
[2026-06-18T13:52:30.634Z] [668/2430] EA51037 (C31037) — Air Filter
[2026-06-18T13:52:30.753Z]   FOUND — crossRefs:0 apps:0 specs:0
[2026-06-18T13:52:32.259Z] [669/2430] EA51041 (C31041) — Air Filter
[2026-06-18T13:52:32.945Z]   FOUND — crossRefs:0 apps:0 specs:0
[2026-06-18T13:52:34.449Z] [670/2430] EA51042 (C31042) — Air Filter
[2026-06-18T13:52:34.555Z]   FOUND — crossRefs:0 apps:0 specs:0
[2026-06-18T13:52:36.063Z] [671/2430] EA51043 (C31043) — Air Filter
[2026-06-18T13:52:36.135Z]   FOUND — crossRefs:0 apps:0 specs:0
[2026-06-18T13:52:37.637Z] [672/2430] EA51044 (C31044) — Air Filter
[2026-06-18T13:52:37.700Z]   FOUND — crossRefs:0 apps:0 specs:0
[2026-06-18T13:52:39.214Z] [673/2430] EA51045 (C31045) — Air Filter
[2026-06-18T13:52:39.291Z]   FOUND — crossRefs:0 apps:0 specs:0
[2026-06-18T13:52:40.807Z] [674/2430] EA51046 (C31046) — Air Filter
[2026-06-18T13:52:40.870Z]   FOUND — crossRefs:0 apps:0 specs:0
[2026-06-18T13:52:42.384Z] [675/2430] EA51051 (C31051) — Air Filter
[2026-06-18T13:52:42.481Z]   FOUND — crossRefs:0 apps:0 specs:0
[2026-06-18T13:52:43.992Z] [676/2430] EA51053 (C31053) — Air Filter
[2026-06-18T13:52:44.450Z]   FOUND — crossRefs:0 apps:0 specs:0
[2026-06-18T13:52:45.963Z] [677/2430] EA51054 (C31054) — Air Filter
[2026-06-18T13:52:46.030Z]   FOUND — crossRefs:0 apps:0 specs:0
[2026-06-18T13:52:47.555Z] [678/2430] EA51056 (C31056) — Air Filter
[2026-06-18T13:52:47.620Z]   FOUND — crossRefs:0 apps:0 specs:0
[2026-06-18T13:52:49.136Z] [679/2430] EA51058 (C31058) — Air Filter
[2026-06-18T13:52:49.199Z]   FOUND — crossRefs:0 apps:0 specs:0
[2026-06-18T13:52:50.712Z] [680/2430] EA51061 (C31061) — Air Filter
[2026-06-18T13:52:50.775Z]   FOUND — crossRefs:0 apps:0 specs:0
[2026-06-18T13:52:52.305Z] [681/2430] EA51071 (C31071) — Air Filter
[2026-06-18T13:52:54.355Z]   FOUND — crossRefs:0 apps:0 specs:0
[2026-06-18T13:52:55.867Z] [682/2430] EA51027 (C311027) — Air Filter
[2026-06-18T13:52:55.962Z]   FOUND — crossRefs:4 apps:0 specs:0
[2026-06-18T13:52:57.465Z] [683/2430] EA51109 (C31109) — Air Filter
[2026-06-18T13:52:57.529Z]   FOUND — crossRefs:4 apps:0 specs:3
[2026-06-18T13:52:59.041Z] [684/2430] EA51093 (C311093) — Air Filter
[2026-06-18T13:52:59.127Z]   FOUND — crossRefs:15 apps:0 specs:0
[2026-06-18T13:53:00.646Z] [685/2430] EA50931 (C311093/1) — Air Filter
[2026-06-18T13:53:00.708Z]   FOUND — crossRefs:2 apps:0 specs:0
[2026-06-18T13:53:02.220Z] [686/2430] EA51201 (C31120/1X) — Air Filter
[2026-06-18T13:53:02.301Z]   FOUND — crossRefs:0 apps:0 specs:0
[2026-06-18T13:53:03.809Z] [687/2430] EA52261 (C311226/1) — Air Filter
[2026-06-18T13:53:03.874Z]   FOUND — crossRefs:25 apps:0 specs:0
[2026-06-18T13:53:05.380Z] [688/2430] EA52262 (C311226/2X) — Air Filter
[2026-06-18T13:53:05.446Z]   FOUND — crossRefs:0 apps:0 specs:0
[2026-06-18T13:53:06.955Z] [689/2430] EA52541 (C311254/1) — Air Filter
[2026-06-18T13:53:07.015Z]   FOUND — crossRefs:0 apps:0 specs:0
[2026-06-18T13:53:08.525Z] [690/2430] EA51132 (C31132) — Air Filter
[2026-06-18T13:53:08.593Z]   FOUND — crossRefs:5 apps:0 specs:0
[2026-06-18T13:53:10.100Z] [691/2430] EA51390 (C311390) — Air Filter
[2026-06-18T13:53:10.158Z]   FOUND — crossRefs:6 apps:0 specs:0
[2026-06-18T13:53:11.673Z] [692/2430] EA51491 (C31149/1) — Air Filter
[2026-06-18T13:53:11.739Z]   FOUND — crossRefs:2 apps:0 specs:0
[2026-06-18T13:53:13.250Z] [693/2430] EA51152 (C31152) — Air Filter
[2026-06-18T13:53:13.314Z]   FOUND — crossRefs:32 apps:0 specs:0
[2026-06-18T13:53:14.823Z] [694/2430] EA51522 (C31152/2) — Air Filter
[2026-06-18T13:53:14.927Z]   FOUND — crossRefs:0 apps:0 specs:0
[2026-06-18T13:53:16.439Z] [695/2430] EA51902 (C31190/2) — Air Filter
[2026-06-18T13:53:16.505Z]   FOUND — crossRefs:71 apps:0 specs:0
[2026-06-18T13:53:18.026Z] [696/2430] EA52201 (C31220/1) — Air Filter
[2026-06-18T13:53:18.101Z]   FOUND — crossRefs:0 apps:0 specs:0
[2026-06-18T13:53:19.610Z] [697/2430] EA51221 (C31221) — Air Filter
[2026-06-18T13:53:19.673Z]   FOUND — crossRefs:0 apps:0 specs:0
[2026-06-18T13:53:21.184Z] [698/2430] EA53141 (C3141) — Air Filter
[2026-06-18T13:53:21.245Z]   FOUND — crossRefs:11 apps:0 specs:0
[2026-06-18T13:53:22.757Z] [699/2430] EA51521 (C31521) — Air Filter
[2026-06-18T13:53:22.823Z]   FOUND — crossRefs:0 apps:0 specs:0
[2026-06-18T13:53:24.332Z] [700/2430] EA53161 (C3161) — Air Filter
[2026-06-18T13:53:24.396Z]   FOUND — crossRefs:12 apps:0 specs:0
[2026-06-18T13:53:25.909Z] [701/2430] EA53163 (C3163) — Air Filter
[2026-06-18T13:53:26.070Z]   FOUND — crossRefs:0 apps:0 specs:0
[2026-06-18T13:53:27.584Z] [702/2430] EA57012 (C3170/1/2) — Air Filter
[2026-06-18T13:53:27.643Z]   FOUND — crossRefs:0 apps:0 specs:0
[2026-06-18T13:53:29.158Z] [703/2430] EA51751 (C3175/1) — Air Filter
[2026-06-18T13:53:29.224Z]   FOUND — crossRefs:0 apps:0 specs:0
[2026-06-18T13:53:30.725Z] [704/2430] EA51752 (C3175/2) — Air Filter
[2026-06-18T13:53:30.783Z]   FOUND — crossRefs:0 apps:0 specs:0
[2026-06-18T13:53:32.294Z] [705/2430] EA51753 (C3175/3) — Air Filter
[2026-06-18T13:53:32.412Z]   FOUND — crossRefs:4 apps:0 specs:0
[2026-06-18T13:53:33.922Z] [706/2430] EA51754 (C3175/4) — Air Filter
[2026-06-18T13:53:34.111Z]   FOUND — crossRefs:3 apps:0 specs:0
[2026-06-18T13:53:35.625Z] [707/2430] EA51850 (C31850) — Air Filter
[2026-06-18T13:53:35.675Z]   FOUND — crossRefs:0 apps:0 specs:0
[2026-06-18T13:53:37.180Z] [708/2430] EA53195 (C3195) — Air Filter
[2026-06-18T13:53:37.256Z]   FOUND — crossRefs:0 apps:0 specs:0
[2026-06-18T13:53:38.762Z] [709/2430] EA50321 (C32/1) — Air Filter
[2026-06-18T13:53:38.808Z]   FOUND — crossRefs:0 apps:0 specs:0
[2026-06-18T13:53:40.319Z] [710/2430] EA50322 (C32/2) — Air Filter
[2026-06-18T13:53:40.386Z]   FOUND — crossRefs:2 apps:0 specs:0
[2026-06-18T13:53:41.890Z] [711/2430] EA53244 (C32/4(4)) — Air Filter
[2026-06-18T13:53:41.960Z]   FOUND — crossRefs:2 apps:0 specs:0
[2026-06-18T13:53:43.464Z] [712/2430] EA52005 (C32005M) — Air Filter
[2026-06-18T13:53:43.513Z]   FOUND — crossRefs:0 apps:0 specs:0
[2026-06-18T13:53:45.018Z] [713/2430] EA52006 (C32006) — Air Filter
[2026-06-18T13:53:45.074Z]   FOUND — crossRefs:0 apps:0 specs:0
[2026-06-18T13:53:46.579Z] [714/2430] EA52007 (C32007) — Air Filter
[2026-06-18T13:53:46.657Z]   FOUND — crossRefs:2 apps:0 specs:0
[2026-06-18T13:53:48.171Z] [715/2430] EA52007 (C32007M) — Air Filter
[2026-06-18T13:53:48.224Z]   FOUND — crossRefs:0 apps:0 specs:0
[2026-06-18T13:53:49.737Z] [716/2430] EA52011 (C32011M) — Air Filter
[2026-06-18T13:53:49.787Z]   FOUND — crossRefs:0 apps:0 specs:0
[2026-06-18T13:53:51.293Z] [717/2430] EA52021 (C32021) — Air Filter
[2026-06-18T13:53:51.385Z]   FOUND — crossRefs:1 apps:0 specs:0
[2026-06-18T13:53:52.894Z] [718/2430] EA52025 (C32025) — Air Filter
[2026-06-18T13:53:52.953Z]   FOUND — crossRefs:0 apps:0 specs:0
[2026-06-18T13:53:54.454Z] [719/2430] EA52032 (C32032) — Air Filter
[2026-06-18T13:53:54.515Z]   FOUND — crossRefs:0 apps:0 specs:0
[2026-06-18T13:53:56.030Z] [720/2430] EA52033 (C32033) — Air Filter
[2026-06-18T13:53:56.092Z]   FOUND — crossRefs:0 apps:0 specs:0
[2026-06-18T13:53:57.601Z] [721/2430] EA52036 (C32036) — Air Filter
[2026-06-18T13:53:57.679Z]   FOUND — crossRefs:0 apps:0 specs:0
[2026-06-18T13:53:59.187Z] [722/2430] EA52038 (C32038) — Air Filter
[2026-06-18T13:53:59.237Z]   FOUND — crossRefs:0 apps:0 specs:0
[2026-06-18T13:54:00.747Z] [723/2430] EA52042 (C32042) — Air Filter
[2026-06-18T13:54:00.803Z]   FOUND — crossRefs:0 apps:0 specs:0
[2026-06-18T13:54:02.319Z] [724/2430] EA52051 (C32051) — Air Filter
[2026-06-18T13:54:02.413Z]   FOUND — crossRefs:0 apps:0 specs:0
[2026-06-18T13:54:03.918Z] [725/2430] EA52052 (C32052) — Air Filter
[2026-06-18T13:54:04.016Z]   FOUND — crossRefs:0 apps:0 specs:0
[2026-06-18T13:54:05.519Z] [726/2430] EA52053 (C32053) — Air Filter
[2026-06-18T13:54:05.577Z]   FOUND — crossRefs:0 apps:0 specs:0
[2026-06-18T13:54:07.080Z] [727/2430] EA52055 (C32055) — Air Filter
[2026-06-18T13:54:07.139Z]   FOUND — crossRefs:0 apps:0 specs:0
[2026-06-18T13:54:08.655Z] [728/2430] EA52061 (C32061) — Air Filter
[2026-06-18T13:54:09.142Z]   FOUND — crossRefs:0 apps:0 specs:0
[2026-06-18T13:54:10.648Z] [729/2430] EA52064 (C32064) — Air Filter
[2026-06-18T13:54:10.746Z]   FOUND — crossRefs:0 apps:0 specs:0
[2026-06-18T13:54:12.252Z] [730/2430] EA51202 (C32120/2) — Air Filter
[2026-06-18T13:54:12.310Z]   FOUND — crossRefs:0 apps:0 specs:0
[2026-06-18T13:54:13.811Z] [731/2430] EA52126 (C32126) — Air Filter
[2026-06-18T13:54:14.018Z]   FOUND — crossRefs:10 apps:0 specs:0
[2026-06-18T13:54:15.529Z] [732/2430] EA52140 (C32140) — Air Filter
[2026-06-18T13:54:15.671Z]   FOUND — crossRefs:28 apps:0 specs:0
[2026-06-18T13:54:17.182Z] [733/2430] EA51752 (C321752) — Air Filter
[2026-06-18T13:54:17.377Z]   FOUND — crossRefs:40 apps:0 specs:3
[2026-06-18T13:54:18.893Z] [734/2430] EA52191 (C32191M) — Air Filter
[2026-06-18T13:54:19.103Z]   FOUND — crossRefs:0 apps:0 specs:0
[2026-06-18T13:54:20.607Z] [735/2430] EA52222 (C32222) — Air Filter
[2026-06-18T13:54:20.662Z]   FOUND — crossRefs:8 apps:0 specs:0
[2026-06-18T13:54:22.168Z] [736/2430] EA52331 (C32331) — Air Filter
[2026-06-18T13:54:22.262Z]   FOUND — crossRefs:0 apps:0 specs:0
[2026-06-18T13:54:23.762Z] [737/2430] EA52339 (C32339) — Air Filter
[2026-06-18T13:54:23.879Z]   FOUND — crossRefs:0 apps:0 specs:0
[2026-06-18T13:54:25.394Z] [738/2430] EA53233 (C3233M) — Air Filter
[2026-06-18T13:54:25.514Z]   FOUND — crossRefs:0 apps:0 specs:0
[2026-06-18T13:54:27.030Z] [739/2430] EA53236 (C3236) — Air Filter
[2026-06-18T13:54:27.156Z]   FOUND — crossRefs:0 apps:0 specs:0
[2026-06-18T13:54:28.666Z] [740/2430] EA53255 (C3255) — Air Filter
[2026-06-18T13:54:29.329Z]   FOUND — crossRefs:3 apps:0 specs:0
[2026-06-18T13:54:30.836Z] [741/2430] EA53257 (C3257) — Air Filter
[2026-06-18T13:54:30.942Z]   FOUND — crossRefs:4 apps:0 specs:0
[2026-06-18T13:54:32.452Z] [742/2430] EA52820 (C32820) — Air Filter
[2026-06-18T13:54:32.555Z]   FOUND — crossRefs:0 apps:0 specs:0
[2026-06-18T13:54:34.069Z] [743/2430] EA52841 (C3284/1) — Air Filter
[2026-06-18T13:54:34.166Z]   FOUND — crossRefs:4 apps:0 specs:0
[2026-06-18T13:54:35.673Z] [744/2430] EA53287 (C3287) — Air Filter
[2026-06-18T13:54:35.753Z]   FOUND — crossRefs:17 apps:0 specs:0
[2026-06-18T13:54:37.260Z] [745/2430] EA53290 (C3290) — Air Filter
[2026-06-18T13:54:37.342Z]   FOUND — crossRefs:21 apps:0 specs:0
[2026-06-18T13:54:38.855Z] [746/2430] EA50334 (C33(4)) — Air Filter
[2026-06-18T13:54:39.928Z]   FOUND — crossRefs:4 apps:0 specs:0
[2026-06-18T13:54:41.442Z] [747/2430] EA53314 (C33/1(4)) — Air Filter
[2026-06-18T13:54:41.527Z]   FOUND — crossRefs:4 apps:0 specs:0
[2026-06-18T13:54:43.034Z] [748/2430] EA53022 (C33022) — Air Filter
[2026-06-18T13:54:43.109Z]   FOUND — crossRefs:0 apps:0 specs:0
[2026-06-18T13:54:44.620Z] [749/2430] EA53023 (C33023) — Air Filter
[2026-06-18T13:54:44.710Z]   FOUND — crossRefs:0 apps:0 specs:0
[2026-06-18T13:54:46.213Z] [750/2430] EA53028 (C33028) — Air Filter
[2026-06-18T13:54:46.286Z]   FOUND — crossRefs:0 apps:0 specs:0
[2026-06-18T13:54:47.791Z] [751/2430] EA53031 (C33031) — Air Filter
[2026-06-18T13:54:47.859Z]   FOUND — crossRefs:0 apps:0 specs:0
[2026-06-18T13:54:49.361Z] [752/2430] EA53043 (C33043) — Air Filter
[2026-06-18T13:54:49.435Z]   FOUND — crossRefs:0 apps:0 specs:0
[2026-06-18T13:54:50.949Z] [753/2430] EA53051 (C33051) — Air Filter
[2026-06-18T13:54:51.017Z]   FOUND — crossRefs:0 apps:0 specs:0
[2026-06-18T13:54:52.523Z] [754/2430] EA53061 (C33061) — Air Filter
[2026-06-18T13:54:52.595Z]   FOUND — crossRefs:0 apps:0 specs:0
[2026-06-18T13:54:54.103Z] [755/2430] EA51465 (C331465) — Air Filter
[2026-06-18T13:54:54.178Z]   FOUND — crossRefs:11 apps:0 specs:4
[2026-06-18T13:54:55.698Z] [756/2430] EA56001 (C331600/1) — Air Filter
[2026-06-18T13:54:55.773Z]   FOUND — crossRefs:13 apps:0 specs:0
[2026-06-18T13:54:57.278Z] [757/2430] EA53241 (C33241) — Air Filter
[2026-06-18T13:54:57.348Z]   FOUND — crossRefs:5 apps:0 specs:0
[2026-06-18T13:54:58.854Z] [758/2430] EA53280 (C33280) — Air Filter
[2026-06-18T13:54:59.080Z]   FOUND — crossRefs:2 apps:0 specs:3
[2026-06-18T13:55:00.593Z] [759/2430] EA53381 (C3338/1) — Air Filter
[2026-06-18T13:55:00.675Z]   FOUND — crossRefs:42 apps:0 specs:0
[2026-06-18T13:55:02.196Z] [760/2430] EA53540 (C33540) — Air Filter
[2026-06-18T13:55:02.267Z]   FOUND — crossRefs:2 apps:0 specs:3
[2026-06-18T13:55:03.769Z] [761/2430] EA53612 (C3361/2) — Air Filter
[2026-06-18T13:55:13.106Z]   FOUND — crossRefs:6 apps:0 specs:0
[2026-06-18T13:55:14.617Z] [762/2430] EA53382 (C3382) — Air Filter
[2026-06-18T13:55:14.784Z]   FOUND — crossRefs:8 apps:0 specs:0
[2026-06-18T13:55:16.293Z] [763/2430] EA53921 (C33921) — Air Filter
[2026-06-18T13:55:16.362Z]   FOUND — crossRefs:16 apps:0 specs:4
[2026-06-18T13:55:17.873Z] [764/2430] EA53962 (C33962) — Air Filter
[2026-06-18T13:55:18.023Z]   FOUND — crossRefs:1 apps:0 specs:4
[2026-06-18T13:55:19.535Z] [765/2430] EA50034 (C34) — Air Filter
[2026-06-18T13:55:19.661Z]   FOUND — crossRefs:0 apps:0 specs:0
[2026-06-18T13:55:21.175Z] [766/2430] EA54013 (C34013) — Air Filter
[2026-06-18T13:55:21.236Z]   FOUND — crossRefs:0 apps:0 specs:0
[2026-06-18T13:55:22.748Z] [767/2430] EA54015 (C34015) — Air Filter
[2026-06-18T13:55:22.809Z]   FOUND — crossRefs:0 apps:0 specs:0
[2026-06-18T13:55:24.321Z] [768/2430] EA54016 (C34016) — Air Filter
[2026-06-18T13:55:24.425Z]   FOUND — crossRefs:0 apps:0 specs:0
[2026-06-18T13:55:25.931Z] [769/2430] EA54021 (C34021) — Air Filter
[2026-06-18T13:55:26.037Z]   FOUND — crossRefs:0 apps:0 specs:0
[2026-06-18T13:55:27.549Z] [770/2430] EA54022 (C34022) — Air Filter
[2026-06-18T13:55:27.613Z]   FOUND — crossRefs:0 apps:0 specs:0
[2026-06-18T13:55:29.121Z] [771/2430] EA54023 (C34023) — Air Filter
[2026-06-18T13:55:29.185Z]   FOUND — crossRefs:0 apps:0 specs:0
[2026-06-18T13:55:30.723Z] [772/2430] EA54025 (C34025) — Air Filter
[2026-06-18T13:55:30.823Z]   FOUND — crossRefs:0 apps:0 specs:0
[2026-06-18T13:55:32.333Z] [773/2430] EA54026 (C34026) — Air Filter
[2026-06-18T13:55:32.465Z]   FOUND — crossRefs:0 apps:0 specs:0
[2026-06-18T13:55:33.978Z] [774/2430] EA54052 (C34052) — Air Filter
[2026-06-18T13:55:34.047Z]   FOUND — crossRefs:0 apps:0 specs:0
[2026-06-18T13:55:35.555Z] [775/2430] EA51091 (C34109/1) — Air Filter
[2026-06-18T13:55:35.629Z]   FOUND — crossRefs:5 apps:0 specs:0
[2026-06-18T13:55:37.138Z] [776/2430] EA51232 (C34123/2) — Air Filter
[2026-06-18T13:55:37.222Z]   FOUND — crossRefs:0 apps:0 specs:0
[2026-06-18T13:55:38.729Z] [777/2430] EA54360 (C34360) — Air Filter
[2026-06-18T13:55:38.802Z]   FOUND — crossRefs:3 apps:0 specs:3
[2026-06-18T13:55:40.319Z] [778/2430] EA53437 (C3437) — Air Filter
[2026-06-18T13:55:40.381Z]   FOUND — crossRefs:6 apps:0 specs:0
[2026-06-18T13:55:41.896Z] [779/2430] EA53468 (C3468) — Air Filter
[2026-06-18T13:55:41.958Z]   FOUND — crossRefs:44 apps:0 specs:3
[2026-06-18T13:55:43.479Z] [780/2430] EA53483 (C3483) — Air Filter
[2026-06-18T13:55:43.544Z]   FOUND — crossRefs:8 apps:0 specs:0
[2026-06-18T13:55:45.053Z] [781/2430] EA53485 (C3485) — Air Filter
[2026-06-18T13:55:45.121Z]   FOUND — crossRefs:42 apps:0 specs:3
[2026-06-18T13:55:46.632Z] [782/2430] EA54851 (C3485/1) — Air Filter
[2026-06-18T13:55:46.692Z]   FOUND — crossRefs:9 apps:0 specs:0
[2026-06-18T13:55:48.197Z] [783/2430] EA54852 (C3485/2M) — Air Filter
[2026-06-18T13:55:48.254Z]   FOUND — crossRefs:0 apps:0 specs:0
[2026-06-18T13:55:49.761Z] [784/2430] EA54904 (C34904) — Air Filter
[2026-06-18T13:55:50.693Z]   FOUND — crossRefs:0 apps:0 specs:0
[2026-06-18T13:55:52.209Z] [785/2430] EA53494 (C3494) — Air Filter
[2026-06-18T13:55:52.425Z]   FOUND — crossRefs:0 apps:0 specs:0
[2026-06-18T13:55:53.938Z] [786/2430] EA55006 (C35006) — Air Filter
[2026-06-18T13:55:54.004Z]   FOUND — crossRefs:25 apps:0 specs:3
[2026-06-18T13:55:55.512Z] [787/2430] EA55015 (C35015M) — Air Filter
[2026-06-18T13:55:55.569Z]   FOUND — crossRefs:0 apps:0 specs:0
[2026-06-18T13:55:57.083Z] [788/2430] EA55018 (C35018) — Air Filter
[2026-06-18T13:55:57.149Z]   FOUND — crossRefs:0 apps:0 specs:0
[2026-06-18T13:55:58.653Z] [789/2430] EA55019 (C35019) — Air Filter
[2026-06-18T13:55:58.711Z]   FOUND — crossRefs:0 apps:0 specs:0
[2026-06-18T13:56:00.224Z] [790/2430] EA55020 (C35020) — Air Filter
[2026-06-18T13:56:00.286Z]   FOUND — crossRefs:0 apps:0 specs:0
[2026-06-18T13:56:01.787Z] [791/2430] EA55030 (C35030) — Air Filter
[2026-06-18T13:56:01.848Z]   FOUND — crossRefs:0 apps:0 specs:0
[2026-06-18T13:56:03.363Z] [792/2430] EA55031 (C35031) — Air Filter
[2026-06-18T13:56:03.421Z]   FOUND — crossRefs:0 apps:0 specs:0
[2026-06-18T13:56:04.930Z] [793/2430] EA51177 (C351177) — Air Filter
[2026-06-18T13:56:04.989Z]   FOUND — crossRefs:0 apps:0 specs:0
[2026-06-18T13:56:06.497Z] [794/2430] EA51241 (C35124/1) — Air Filter
[2026-06-18T13:56:06.557Z]   FOUND — crossRefs:2 apps:0 specs:0
[2026-06-18T13:56:08.065Z] [795/2430] EA55127 (C35127) — Air Filter
[2026-06-18T13:56:08.146Z]   FOUND — crossRefs:21 apps:0 specs:0
[2026-06-18T13:56:09.653Z] [796/2430] EA55177 (C35177M) — Air Filter
[2026-06-18T13:56:09.742Z]   FOUND — crossRefs:29 apps:0 specs:0
[2026-06-18T13:56:11.248Z] [797/2430] EA55178 (C35178) — Air Filter
[2026-06-18T13:56:11.317Z]   FOUND — crossRefs:21 apps:0 specs:0
[2026-06-18T13:56:12.831Z] [798/2430] EA52602 (C352260/2) — Air Filter
[2026-06-18T13:56:12.893Z]   FOUND — crossRefs:2 apps:0 specs:0
[2026-06-18T13:56:14.394Z] [799/2430] EA53553 (C3553) — Air Filter
[2026-06-18T13:56:14.456Z]   FOUND — crossRefs:2 apps:0 specs:0
[2026-06-18T13:56:15.968Z] [800/2430] EA55942 (C3594/2) — Air Filter
[2026-06-18T13:56:16.029Z]   FOUND — crossRefs:0 apps:0 specs:0
[2026-06-18T13:56:17.531Z] [801/2430] EA56003 (C36003M) — Air Filter
[2026-06-18T13:56:17.776Z]   FOUND — crossRefs:0 apps:0 specs:0
[2026-06-18T13:56:19.281Z] [802/2430] EA56005 (C36005) — Air Filter
[2026-06-18T13:56:19.336Z]   FOUND — crossRefs:3 apps:0 specs:0
[2026-06-18T13:56:20.850Z] [803/2430] EA56007 (C36007) — Air Filter
[2026-06-18T13:56:20.923Z]   FOUND — crossRefs:2 apps:0 specs:0
[2026-06-18T13:56:22.439Z] [804/2430] EA50071 (C36007/1) — Air Filter
[2026-06-18T13:56:22.513Z]   FOUND — crossRefs:0 apps:0 specs:0
[2026-06-18T13:56:24.026Z] [805/2430] EA56015 (C36015) — Air Filter
[2026-06-18T13:56:25.252Z]   FOUND — crossRefs:0 apps:0 specs:0
[2026-06-18T13:56:26.764Z] [806/2430] EA56019 (C36019) — Air Filter
[2026-06-18T13:56:26.818Z]   FOUND — crossRefs:0 apps:0 specs:0
[2026-06-18T13:56:28.322Z] [807/2430] EA56022 (C36022) — Air Filter
[2026-06-18T13:56:28.405Z]   FOUND — crossRefs:0 apps:0 specs:0
[2026-06-18T13:56:29.921Z] [808/2430] EA56023 (C36023) — Air Filter
[2026-06-18T13:56:29.992Z]   FOUND — crossRefs:0 apps:0 specs:0
[2026-06-18T13:56:31.498Z] [809/2430] EA56032 (C36032) — Air Filter
[2026-06-18T13:56:31.730Z]   FOUND — crossRefs:0 apps:0 specs:0
[2026-06-18T13:56:33.245Z] [810/2430] EA56041 (C36041) — Air Filter
[2026-06-18T13:56:33.747Z]   FOUND — crossRefs:0 apps:0 specs:0
[2026-06-18T13:56:35.258Z] [811/2430] EA56051 (C36051) — Air Filter
[2026-06-18T13:56:35.312Z]   FOUND — crossRefs:0 apps:0 specs:0
[2026-06-18T13:56:36.815Z] [812/2430] EA51008 (C361008) — Air Filter
[2026-06-18T13:56:36.925Z]   FOUND — crossRefs:6 apps:0 specs:0
[2026-06-18T13:56:38.433Z] [813/2430] EA56110 (C36110) — Air Filter
[2026-06-18T13:56:38.744Z]   FOUND — crossRefs:0 apps:0 specs:0
[2026-06-18T13:56:40.248Z] [814/2430] EA56111 (C36111) — Air Filter
[2026-06-18T13:56:40.299Z]   FOUND — crossRefs:8 apps:0 specs:0
[2026-06-18T13:56:41.810Z] [815/2430] EA51552 (C361552) — Air Filter
[2026-06-18T13:56:41.871Z]   FOUND — crossRefs:0 apps:0 specs:0
[2026-06-18T13:56:43.383Z] [816/2430] EA53671 (C3671) — Air Filter
[2026-06-18T13:56:43.454Z]   FOUND — crossRefs:57 apps:0 specs:3
[2026-06-18T13:56:44.968Z] [817/2430] EA53698 (C3698) — Air Filter
[2026-06-18T13:56:45.028Z]   FOUND — crossRefs:28 apps:0 specs:0
[2026-06-18T13:56:46.540Z] [818/2430] EA56982 (C3698/2) — Air Filter
[2026-06-18T13:56:46.619Z]   FOUND — crossRefs:0 apps:0 specs:0
[2026-06-18T13:56:48.132Z] [819/2430] EA59832 (C3698/3/2) — Air Filter
[2026-06-18T13:56:48.184Z]   FOUND — crossRefs:0 apps:0 specs:0
[2026-06-18T13:56:49.685Z] [820/2430] EA59981 (C36998/1) — Air Filter
[2026-06-18T13:56:49.740Z]   FOUND — crossRefs:0 apps:0 specs:0
[2026-06-18T13:56:51.245Z] [821/2430] EA57001 (C37001) — Air Filter
[2026-06-18T13:56:51.294Z]   FOUND — crossRefs:3 apps:0 specs:0
[2026-06-18T13:56:52.804Z] [822/2430] EA57006 (C37006) — Air Filter
[2026-06-18T13:56:52.860Z]   FOUND — crossRefs:1 apps:0 specs:0
[2026-06-18T13:56:54.362Z] [823/2430] EA57008 (C37008) — Air Filter
[2026-06-18T13:56:54.416Z]   FOUND — crossRefs:1 apps:0 specs:0
[2026-06-18T13:56:55.923Z] [824/2430] EA50091 (C37009/1) — Air Filter
[2026-06-18T13:56:55.981Z]   FOUND — crossRefs:0 apps:0 specs:0
[2026-06-18T13:56:57.494Z] [825/2430] EA57010 (C37010) — Air Filter
[2026-06-18T13:56:57.549Z]   FOUND — crossRefs:0 apps:0 specs:0
[2026-06-18T13:56:59.054Z] [826/2430] EA57011 (C37011) — Air Filter
[2026-06-18T13:56:59.108Z]   FOUND — crossRefs:0 apps:0 specs:0
[2026-06-18T13:57:00.613Z] [827/2430] EA50111 (C37011/1) — Air Filter
[2026-06-18T13:57:00.675Z]   FOUND — crossRefs:0 apps:0 specs:0
[2026-06-18T13:57:02.186Z] [828/2430] EA57013 (C37013) — Air Filter
[2026-06-18T13:57:02.245Z]   FOUND — crossRefs:0 apps:0 specs:0
[2026-06-18T13:57:03.747Z] [829/2430] EA57015 (C37015) — Air Filter
[2026-06-18T13:57:03.800Z]   FOUND — crossRefs:0 apps:0 specs:0
[2026-06-18T13:57:05.307Z] [830/2430] EA57018 (C37018) — Air Filter
[2026-06-18T13:57:05.394Z]   FOUND — crossRefs:0 apps:0 specs:0
[2026-06-18T13:57:06.896Z] [831/2430] EA57022 (C37022) — Air Filter
[2026-06-18T13:57:07.120Z]   FOUND — crossRefs:0 apps:0 specs:0
[2026-06-18T13:57:08.625Z] [832/2430] EA57101 (C37101) — Air Filter
[2026-06-18T13:57:09.083Z]   FOUND — crossRefs:0 apps:0 specs:0
[2026-06-18T13:57:10.591Z] [833/2430] EA57306 (C37306) — Air Filter
[2026-06-18T13:57:10.748Z]   FOUND — crossRefs:0 apps:0 specs:0
[2026-06-18T13:57:12.261Z] [834/2430] EA53766 (C3766M) — Air Filter
[2026-06-18T13:57:12.616Z]   FOUND — crossRefs:0 apps:0 specs:0
[2026-06-18T13:57:14.122Z] [835/2430] EA53777 (C3777) — Air Filter
[2026-06-18T13:57:14.246Z]   FOUND — crossRefs:8 apps:0 specs:0
[2026-06-18T13:57:15.750Z] [836/2430] EA50111 (C38011/1) — Air Filter
[2026-06-18T13:57:15.850Z]   FOUND — crossRefs:0 apps:0 specs:0
[2026-06-18T13:57:17.356Z] [837/2430] EA58016 (C38016) — Air Filter
[2026-06-18T13:57:17.449Z]   FOUND — crossRefs:0 apps:0 specs:0
[2026-06-18T13:57:18.950Z] [838/2430] EA58017 (C38017) — Air Filter
[2026-06-18T13:57:19.641Z]   FOUND — crossRefs:0 apps:0 specs:0
[2026-06-18T13:57:21.142Z] [839/2430] EA58018 (C38018) — Air Filter
[2026-06-18T13:57:21.230Z]   FOUND — crossRefs:0 apps:0 specs:0
[2026-06-18T13:57:22.736Z] [840/2430] EA58147 (C38147) — Air Filter
[2026-06-18T13:57:22.819Z]   FOUND — crossRefs:9 apps:0 specs:0
[2026-06-18T13:57:24.337Z] [841/2430] EA58163 (C38163) — Air Filter
[2026-06-18T13:57:24.566Z]   FOUND — crossRefs:16 apps:0 specs:0
[2026-06-18T13:57:26.081Z] [842/2430] EA58309 (C38309) — Air Filter
[2026-06-18T13:57:26.158Z]   FOUND — crossRefs:0 apps:0 specs:0
[2026-06-18T13:57:27.660Z] [843/2430] EA53842 (C3842) — Air Filter
[2026-06-18T13:57:27.733Z]   FOUND — crossRefs:21 apps:0 specs:0
[2026-06-18T13:57:29.250Z] [844/2430] EA53877 (C3877) — Air Filter
[2026-06-18T13:57:29.354Z]   FOUND — crossRefs:27 apps:0 specs:3
[2026-06-18T13:57:30.859Z] [845/2430] EA53880 (C3880M) — Air Filter
[2026-06-18T13:57:30.943Z]   FOUND — crossRefs:0 apps:0 specs:0
[2026-06-18T13:57:32.450Z] [846/2430] EA59005 (C39005) — Air Filter
[2026-06-18T13:57:32.517Z]   FOUND — crossRefs:0 apps:0 specs:0
[2026-06-18T13:57:34.020Z] [847/2430] EA53975 (C3975) — Air Filter
[2026-06-18T13:57:34.097Z]   FOUND — crossRefs:15 apps:0 specs:6
[2026-06-18T13:57:35.615Z] [848/2430] EA53984 (C3984) — Air Filter
[2026-06-18T13:57:35.683Z]   FOUND — crossRefs:9 apps:0 specs:0
[2026-06-18T13:57:37.198Z] [849/2430] EA50010 (C40010) — Air Filter
[2026-06-18T13:57:37.267Z]   FOUND — crossRefs:41 apps:0 specs:0
[2026-06-18T13:57:38.792Z] [850/2430] EA50011 (C40011) — Air Filter
[2026-06-18T13:57:38.861Z]   FOUND — crossRefs:0 apps:0 specs:0
[2026-06-18T13:57:40.374Z] [851/2430] EA54002 (C4002) — Air Filter
[2026-06-18T13:57:40.460Z]   FOUND — crossRefs:0 apps:0 specs:0
[2026-06-18T13:57:41.967Z] [852/2430] EA50043 (C40043) — Air Filter
[2026-06-18T13:57:42.031Z]   FOUND — crossRefs:0 apps:0 specs:0
[2026-06-18T13:57:43.536Z] [853/2430] EA54601 (C401460/1) — Air Filter
[2026-06-18T13:57:43.600Z]   FOUND — crossRefs:0 apps:0 specs:0
[2026-06-18T13:57:45.100Z] [854/2430] EA54057 (C4057) — Air Filter
[2026-06-18T13:57:45.166Z]   FOUND — crossRefs:4 apps:0 specs:0
[2026-06-18T13:57:46.679Z] [855/2430] EA54085 (C4085) — Air Filter
[2026-06-18T13:57:46.747Z]   FOUND — crossRefs:11 apps:0 specs:0
[2026-06-18T13:57:48.264Z] [856/2430] EA50410 (C410) — Air Filter
[2026-06-18T13:57:48.325Z]   FOUND — crossRefs:2 apps:0 specs:4
[2026-06-18T13:57:49.841Z] [857/2430] EA51001 (C41001DECKEL) — Air Filter
[2026-06-18T13:57:49.971Z]   FOUND — crossRefs:0 apps:0 specs:0
[2026-06-18T13:57:51.486Z] [858/2430] EA51006 (C41006) — Air Filter
[2026-06-18T13:57:51.565Z]   FOUND — crossRefs:0 apps:0 specs:0
[2026-06-18T13:57:53.079Z] [859/2430] EA51011 (C41011) — Air Filter
[2026-06-18T13:57:53.142Z]   FOUND — crossRefs:0 apps:0 specs:0
[2026-06-18T13:57:54.658Z] [860/2430] EA50411 (C411) — Air Filter
[2026-06-18T13:57:54.760Z]   FOUND — crossRefs:10 apps:0 specs:4
[2026-06-18T13:57:56.266Z] [861/2430] EA52004 (C42004) — Air Filter
[2026-06-18T13:57:56.452Z]   FOUND — crossRefs:0 apps:0 specs:0
[2026-06-18T13:57:57.965Z] [862/2430] EA52006 (C42006) — Air Filter
[2026-06-18T13:57:58.025Z]   FOUND — crossRefs:0 apps:0 specs:0
[2026-06-18T13:57:59.536Z] [863/2430] EA51550 (C421550) — Air Filter
[2026-06-18T13:57:59.607Z]   FOUND — crossRefs:0 apps:0 specs:0
[2026-06-18T13:58:01.108Z] [864/2430] EA55501 (C421550/1) — Air Filter
[2026-06-18T13:58:01.191Z]   FOUND — crossRefs:0 apps:0 specs:0
[2026-06-18T13:58:02.699Z] [865/2430] EA52192 (C42192) — Air Filter
[2026-06-18T13:58:02.795Z]   FOUND — crossRefs:31 apps:0 specs:3
[2026-06-18T13:58:04.305Z] [866/2430] EA54280 (C4280) — Air Filter
[2026-06-18T13:58:04.406Z]   FOUND — crossRefs:5 apps:0 specs:0
[2026-06-18T13:58:05.921Z] [867/2430] EA54287 (C4287) — Air Filter
[2026-06-18T13:58:05.982Z]   FOUND — crossRefs:30 apps:0 specs:0
[2026-06-18T13:58:07.499Z] [868/2430] EA52873 (C4287/3) — Air Filter
[2026-06-18T13:58:07.563Z]   FOUND — crossRefs:0 apps:0 specs:0
[2026-06-18T13:58:09.079Z] [869/2430] EA50431 (C43/1) — Air Filter
[2026-06-18T13:58:09.145Z]   FOUND — crossRefs:5 apps:0 specs:0
[2026-06-18T13:58:10.655Z] [870/2430] EA54334 (C43/3(4)) — Air Filter
[2026-06-18T13:58:10.733Z]   FOUND — crossRefs:4 apps:0 specs:0
[2026-06-18T13:58:12.244Z] [871/2430] EA54369 (C4369) — Air Filter
[2026-06-18T13:58:12.313Z]   FOUND — crossRefs:22 apps:0 specs:3
[2026-06-18T13:58:13.829Z] [872/2430] EA50443 (C44/3) — Air Filter
[2026-06-18T13:58:13.891Z]   FOUND — crossRefs:0 apps:0 specs:0
[2026-06-18T13:58:15.393Z] [873/2430] EA54464 (C44/6(4)) — Air Filter
[2026-06-18T13:58:15.459Z]   FOUND — crossRefs:1 apps:0 specs:0
[2026-06-18T13:58:16.963Z] [874/2430] EA54474 (C44/7(4)) — Air Filter
[2026-06-18T13:58:17.029Z]   FOUND — crossRefs:4 apps:0 specs:0
[2026-06-18T13:58:18.536Z] [875/2430] EA54001 (C44001) — Air Filter
[2026-06-18T13:58:18.601Z]   FOUND — crossRefs:0 apps:0 specs:0
[2026-06-18T13:58:20.110Z] [876/2430] EA54002 (C44002) — Air Filter
[2026-06-18T13:58:20.269Z]   FOUND — crossRefs:0 apps:0 specs:0
[2026-06-18T13:58:21.782Z] [877/2430] EA54008 (C44008) — Air Filter
[2026-06-18T13:58:21.845Z]   FOUND — crossRefs:0 apps:0 specs:0
[2026-06-18T13:58:23.351Z] [878/2430] EA50045 (C45) — Air Filter
[2026-06-18T13:58:23.410Z]   FOUND — crossRefs:0 apps:0 specs:0
[2026-06-18T13:58:24.913Z] [879/2430] EA50041 (C45004/1) — Air Filter
[2026-06-18T13:58:24.973Z]   FOUND — crossRefs:0 apps:0 specs:0
[2026-06-18T13:58:26.474Z] [880/2430] EA55336 (C45336) — Air Filter
[2026-06-18T13:58:26.546Z]   FOUND — crossRefs:12 apps:0 specs:0
[2026-06-18T13:58:28.054Z] [881/2430] EA54588 (C4588) — Air Filter
[2026-06-18T13:58:28.117Z]   FOUND — crossRefs:0 apps:0 specs:0
[2026-06-18T13:58:29.622Z] [882/2430] EA56003 (C46003) — Air Filter
[2026-06-18T13:58:29.684Z]   FOUND — crossRefs:0 apps:0 specs:0
[2026-06-18T13:58:31.197Z] [883/2430] EA57160 (C47160) — Air Filter
[2026-06-18T13:58:31.268Z]   FOUND — crossRefs:6 apps:0 specs:0
[2026-06-18T13:58:32.777Z] [884/2430] EA54824 (C48/2(4)) — Air Filter
[2026-06-18T13:58:32.865Z]   FOUND — crossRefs:4 apps:0 specs:0
[2026-06-18T13:58:34.366Z] [885/2430] EA50011 (C49001/1) — Air Filter
[2026-06-18T13:58:34.428Z]   FOUND — crossRefs:0 apps:0 specs:0
[2026-06-18T13:58:35.941Z] [886/2430] EA50821 (C5082/1) — Air Filter
[2026-06-18T13:58:36.004Z]   FOUND — crossRefs:8 apps:0 specs:0
[2026-06-18T13:58:37.516Z] [887/2430] EA50051 (C51) — Air Filter
[2026-06-18T13:58:37.585Z]   FOUND — crossRefs:0 apps:0 specs:0
[2026-06-18T13:58:39.095Z] [888/2430] EA50054 (C54) — Air Filter
[2026-06-18T13:58:39.273Z]   FOUND — crossRefs:0 apps:0 specs:0
[2026-06-18T13:58:40.787Z] [889/2430] EA54810 (C54810) — Air Filter
[2026-06-18T13:58:40.850Z]   FOUND — crossRefs:0 apps:0 specs:0
[2026-06-18T13:58:42.358Z] [890/2430] EA50554 (C55(4)) — Air Filter
[2026-06-18T13:58:42.488Z]   FOUND — crossRefs:4 apps:0 specs:0
[2026-06-18T13:58:43.996Z] [891/2430] EA55235 (C55235) — Air Filter
[2026-06-18T13:58:44.146Z]   FOUND — crossRefs:0 apps:0 specs:0
[2026-06-18T13:58:45.652Z] [892/2430] EA55614 (C56/1(4)) — Air Filter
[2026-06-18T13:58:45.742Z]   FOUND — crossRefs:5 apps:0 specs:0
[2026-06-18T13:58:47.258Z] [893/2430] EA51307 (C571307) — Air Filter
[2026-06-18T13:58:47.331Z]   FOUND — crossRefs:0 apps:0 specs:0
[2026-06-18T13:58:48.836Z] [894/2430] EA53071 (C571307/1) — Air Filter
[2026-06-18T13:58:48.899Z]   FOUND — crossRefs:0 apps:0 specs:0
[2026-06-18T13:58:50.406Z] [895/2430] EA53072 (C571307/2) — Air Filter
[2026-06-18T13:58:50.477Z]   FOUND — crossRefs:0 apps:0 specs:0
[2026-06-18T13:58:51.982Z] [896/2430] EA51708 (C571708) — Air Filter
[2026-06-18T13:58:52.058Z]   FOUND — crossRefs:0 apps:0 specs:0
[2026-06-18T13:58:53.569Z] [897/2430] EA57081 (C571708/1) — Air Filter
[2026-06-18T13:58:53.630Z]   FOUND — crossRefs:0 apps:0 specs:0
[2026-06-18T13:58:55.143Z] [898/2430] EA50811 (C571708/11) — Air Filter
[2026-06-18T13:58:55.203Z]   FOUND — crossRefs:0 apps:0 specs:0
[2026-06-18T13:58:56.704Z] [899/2430] EA50812 (C571708/12) — Air Filter
[2026-06-18T13:58:56.777Z]   FOUND — crossRefs:0 apps:0 specs:0
[2026-06-18T13:58:58.284Z] [900/2430] EA57082 (C571708/2) — Air Filter
[2026-06-18T13:58:58.354Z]   FOUND — crossRefs:0 apps:0 specs:0
[2026-06-18T13:58:59.863Z] [901/2430] EA57083 (C571708/3) — Air Filter
[2026-06-18T13:59:00.131Z]   FOUND — crossRefs:0 apps:0 specs:0
[2026-06-18T13:59:01.644Z] [902/2430] EA57084 (C571708/4) — Air Filter
[2026-06-18T13:59:01.699Z]   FOUND — crossRefs:0 apps:0 specs:0
[2026-06-18T13:59:03.203Z] [903/2430] EA57085 (C571708/5) — Air Filter
[2026-06-18T13:59:03.281Z]   FOUND — crossRefs:0 apps:0 specs:0
[2026-06-18T13:59:04.782Z] [904/2430] EA57087 (C571708/7) — Air Filter
[2026-06-18T13:59:04.829Z]   FOUND — crossRefs:0 apps:0 specs:0
[2026-06-18T13:59:06.335Z] [905/2430] EA57088 (C571708/8) — Air Filter
[2026-06-18T13:59:06.457Z]   FOUND — crossRefs:0 apps:0 specs:0
[2026-06-18T13:59:07.960Z] [906/2430] EA57089 (C571708/9) — Air Filter
[2026-06-18T13:59:08.074Z]   FOUND — crossRefs:0 apps:0 specs:0
[2026-06-18T13:59:09.583Z] [907/2430] EA51895 (C571895) — Air Filter
[2026-06-18T13:59:09.662Z]   FOUND — crossRefs:4 apps:0 specs:4
[2026-06-18T13:59:11.168Z] [908/2430] EA58952 (C571895/2) — Air Filter
[2026-06-18T13:59:11.232Z]   FOUND — crossRefs:0 apps:0 specs:0
[2026-06-18T13:59:12.739Z] [909/2430] EA58953 (C571895/3) — Air Filter
[2026-06-18T13:59:12.794Z]   FOUND — crossRefs:0 apps:0 specs:0
[2026-06-18T13:59:14.304Z] [910/2430] EA52192 (C572192) — Air Filter
[2026-06-18T13:59:14.483Z]   FOUND — crossRefs:0 apps:0 specs:0
[2026-06-18T13:59:16.001Z] [911/2430] EA52001 (C572200/1) — Air Filter
[2026-06-18T13:59:16.065Z]   FOUND — crossRefs:0 apps:0 specs:0
[2026-06-18T13:59:17.573Z] [912/2430] EA52284 (C572284) — Air Filter
[2026-06-18T13:59:17.641Z]   FOUND — crossRefs:1 apps:0 specs:0
[2026-06-18T13:59:19.146Z] [913/2430] EA52841 (C572284/1) — Air Filter
[2026-06-18T13:59:19.222Z]   FOUND — crossRefs:0 apps:0 specs:0
[2026-06-18T13:59:20.734Z] [914/2430] EA52843 (C572284/3) — Air Filter
[2026-06-18T13:59:20.797Z]   FOUND — crossRefs:0 apps:0 specs:0
[2026-06-18T13:59:22.309Z] [915/2430] EA52845 (C572284/5) — Air Filter
[2026-06-18T13:59:22.720Z]   FOUND — crossRefs:0 apps:0 specs:0
[2026-06-18T13:59:24.226Z] [916/2430] EA52288 (C572288) — Air Filter
[2026-06-18T13:59:24.279Z]   FOUND — crossRefs:0 apps:0 specs:0
[2026-06-18T13:59:25.788Z] [917/2430] EA52881 (C572288/1) — Air Filter
[2026-06-18T13:59:26.510Z]   FOUND — crossRefs:0 apps:0 specs:0
[2026-06-18T13:59:28.017Z] [918/2430] EA57288 (C57288) — Air Filter
[2026-06-18T13:59:28.074Z]   FOUND — crossRefs:0 apps:0 specs:0
[2026-06-18T13:59:29.581Z] [919/2430] EA57541 (C573754/1) — Air Filter
[2026-06-18T13:59:29.645Z]   FOUND — crossRefs:0 apps:0 specs:0
[2026-06-18T13:59:31.155Z] [920/2430] EA57542 (C573754/2) — Air Filter
[2026-06-18T13:59:31.208Z]   FOUND — crossRefs:0 apps:0 specs:0
[2026-06-18T13:59:32.720Z] [921/2430] EA57543 (C573754/3) — Air Filter
[2026-06-18T13:59:32.772Z]   FOUND — crossRefs:0 apps:0 specs:0
[2026-06-18T13:59:34.273Z] [922/2430] EA55845 (C575584/5) — Air Filter
[2026-06-18T13:59:34.331Z]   FOUND — crossRefs:0 apps:0 specs:0
[2026-06-18T13:59:35.847Z] [923/2430] EA57860 (C57860) — Air Filter
[2026-06-18T13:59:35.914Z]   FOUND — crossRefs:0 apps:0 specs:0
[2026-06-18T13:59:37.420Z] [924/2430] EA58601 (C57860/1) — Air Filter
[2026-06-18T13:59:37.491Z]   FOUND — crossRefs:0 apps:0 specs:0
[2026-06-18T13:59:39.007Z] [925/2430] EA56010 (C57860/10) — Air Filter
[2026-06-18T13:59:39.091Z]   FOUND — crossRefs:0 apps:0 specs:0
[2026-06-18T13:59:40.599Z] [926/2430] EA56011 (C57860/11) — Air Filter
[2026-06-18T13:59:40.665Z]   FOUND — crossRefs:0 apps:0 specs:0
[2026-06-18T13:59:42.167Z] [927/2430] EA56012 (C57860/12) — Air Filter
[2026-06-18T13:59:42.232Z]   FOUND — crossRefs:0 apps:0 specs:0
[2026-06-18T13:59:43.755Z] [928/2430] EA56013 (C57860/13) — Air Filter
[2026-06-18T13:59:43.808Z]   FOUND — crossRefs:0 apps:0 specs:0
[2026-06-18T13:59:45.313Z] [929/2430] EA56014 (C57860/14) — Air Filter
[2026-06-18T13:59:45.368Z]   FOUND — crossRefs:0 apps:0 specs:0
[2026-06-18T13:59:46.870Z] [930/2430] EA56016 (C57860/16) — Air Filter
[2026-06-18T13:59:46.916Z]   FOUND — crossRefs:0 apps:0 specs:0
[2026-06-18T13:59:48.431Z] [931/2430] EA58602 (C57860/2) — Air Filter
[2026-06-18T13:59:48.492Z]   FOUND — crossRefs:0 apps:0 specs:0
[2026-06-18T13:59:49.996Z] [932/2430] EA58603 (C57860/3) — Air Filter
[2026-06-18T13:59:50.052Z]   FOUND — crossRefs:0 apps:0 specs:0
[2026-06-18T13:59:51.556Z] [933/2430] EA58606 (C57860/6) — Air Filter
[2026-06-18T13:59:51.623Z]   FOUND — crossRefs:0 apps:0 specs:0
[2026-06-18T13:59:53.132Z] [934/2430] EA58609 (C57860/9) — Air Filter
[2026-06-18T13:59:53.209Z]   FOUND — crossRefs:0 apps:0 specs:0
[2026-06-18T13:59:54.720Z] [935/2430] EA51507 (C581507) — Air Filter
[2026-06-18T13:59:54.777Z]   FOUND — crossRefs:0 apps:0 specs:0
[2026-06-18T13:59:56.292Z] [936/2430] EA58185 (C58185) — Air Filter
[2026-06-18T13:59:56.730Z]   FOUND — crossRefs:29 apps:0 specs:0
[2026-06-18T13:59:58.241Z] [937/2430] EA53451 (C60345/1) — Air Filter
[2026-06-18T13:59:58.385Z]   FOUND — crossRefs:0 apps:0 specs:0
[2026-06-18T13:59:59.895Z] [938/2430] EA51500 (C641500) — Air Filter
[2026-06-18T13:59:59.960Z]   FOUND — crossRefs:23 apps:0 specs:3
[2026-06-18T14:00:01.468Z] [939/2430] EA50065 (C65) — Air Filter
[2026-06-18T14:00:01.569Z]   FOUND — crossRefs:0 apps:0 specs:0
[2026-06-18T14:00:03.085Z] [940/2430] EA50654 (C65/4) — Air Filter
[2026-06-18T14:00:04.335Z]   FOUND — crossRefs:5 apps:0 specs:0
[2026-06-18T14:00:05.847Z] [941/2430] EA50067 (C67) — Air Filter
[2026-06-18T14:00:13.723Z]   FOUND — crossRefs:3 apps:0 specs:4
[2026-06-18T14:00:15.231Z] [942/2430] EA50710 (C710) — Air Filter
[2026-06-18T14:00:15.672Z]   FOUND — crossRefs:6 apps:0 specs:0
[2026-06-18T14:00:17.175Z] [943/2430] EA57162 (C716/2) — Air Filter
[2026-06-18T14:00:17.245Z]   FOUND — crossRefs:0 apps:0 specs:0
[2026-06-18T14:00:18.748Z] [944/2430] EA57162 (C716/2N) — Air Filter
[2026-06-18T14:00:18.880Z]   FOUND — crossRefs:0 apps:0 specs:0
[2026-06-18T14:00:20.383Z] [945/2430] EA57181 (C718/1) — Air Filter
[2026-06-18T14:00:20.468Z]   FOUND — crossRefs:1 apps:0 specs:0
[2026-06-18T14:00:21.974Z] [946/2430] EA51260 (C731260) — Air Filter
[2026-06-18T14:00:22.036Z]   FOUND — crossRefs:0 apps:0 specs:0
[2026-06-18T14:00:23.549Z] [947/2430] EA54001 (C74001) — Air Filter
[2026-06-18T14:00:23.970Z]   FOUND — crossRefs:0 apps:0 specs:0
[2026-06-18T14:00:25.482Z] [948/2430] EA57511 (C75/11) — Air Filter
[2026-06-18T14:00:25.557Z]   FOUND — crossRefs:0 apps:0 specs:0
[2026-06-18T14:00:27.071Z] [949/2430] EA57512 (C75/12) — Air Filter
[2026-06-18T14:00:27.135Z]   FOUND — crossRefs:0 apps:0 specs:0
[2026-06-18T14:00:28.645Z] [950/2430] EA57514 (C75/14) — Air Filter
[2026-06-18T14:00:28.706Z]   FOUND — crossRefs:0 apps:0 specs:0
[2026-06-18T14:00:30.220Z] [951/2430] EA50753 (C75/3) — Air Filter
[2026-06-18T14:00:30.283Z]   FOUND — crossRefs:0 apps:0 specs:0
[2026-06-18T14:00:31.789Z] [952/2430] EA50759 (C75/9) — Air Filter
[2026-06-18T14:00:31.866Z]   FOUND — crossRefs:0 apps:0 specs:0
[2026-06-18T14:00:33.372Z] [953/2430] EA50761 (C76/1) — Air Filter
[2026-06-18T14:00:33.433Z]   FOUND — crossRefs:0 apps:0 specs:0
[2026-06-18T14:00:34.942Z] [954/2430] EA50781 (C78/1) — Air Filter
[2026-06-18T14:00:35.009Z]   FOUND — crossRefs:0 apps:0 specs:0
[2026-06-18T14:00:36.518Z] [955/2430] EA50784 (C78/4) — Air Filter
[2026-06-18T14:00:36.592Z]   FOUND — crossRefs:0 apps:0 specs:0
[2026-06-18T14:00:38.103Z] [956/2430] EA50785 (C78/5) — Air Filter
[2026-06-18T14:00:38.168Z]   FOUND — crossRefs:0 apps:0 specs:0
[2026-06-18T14:00:39.683Z] [957/2430] EA50079 (C79) — Air Filter
[2026-06-18T14:00:39.748Z]   FOUND — crossRefs:4 apps:0 specs:0
[2026-06-18T14:00:41.261Z] [958/2430] EA50792 (C79/2) — Air Filter
[2026-06-18T14:00:41.610Z]   FOUND — crossRefs:2 apps:0 specs:0
[2026-06-18T14:00:43.122Z] [959/2430] EA50081 (C81) — Air Filter
[2026-06-18T14:00:43.185Z]   FOUND — crossRefs:0 apps:0 specs:0
[2026-06-18T14:00:44.686Z] [960/2430] EA50814 (C814) — Air Filter
[2026-06-18T14:00:44.751Z]   FOUND — crossRefs:18 apps:0 specs:0
[2026-06-18T14:00:46.269Z] [961/2430] EA58161 (C816/1) — Air Filter
[2026-06-18T14:00:47.003Z]   FOUND — crossRefs:2 apps:0 specs:0
[2026-06-18T14:00:48.516Z] [962/2430] EA50821 (C821) — Air Filter
[2026-06-18T14:00:48.597Z]   FOUND — crossRefs:18 apps:0 specs:0
[2026-06-18T14:00:50.104Z] [963/2430] EA50892 (C89/2) — Air Filter
[2026-06-18T14:00:50.174Z]   FOUND — crossRefs:0 apps:0 specs:0
[2026-06-18T14:00:51.688Z] [964/2430] EA50913 (C913) — Air Filter
[2026-06-18T14:00:52.444Z]   FOUND — crossRefs:0 apps:0 specs:0
[2026-06-18T14:00:53.963Z] [965/2430] EA50916 (C916) — Air Filter
[2026-06-18T14:00:54.034Z]   FOUND — crossRefs:0 apps:0 specs:0
[2026-06-18T14:00:55.536Z] [966/2430] EA59402 (C940/2) — Air Filter
[2026-06-18T14:00:55.602Z]   FOUND — crossRefs:0 apps:0 specs:0
[2026-06-18T14:00:57.110Z] [967/2430] EA50946 (C946) — Air Filter
[2026-06-18T14:00:57.219Z]   FOUND — crossRefs:38 apps:0 specs:3
[2026-06-18T14:00:58.727Z] [968/2430] EA50957 (C957) — Air Filter
[2026-06-18T14:00:58.797Z]   FOUND — crossRefs:3 apps:0 specs:0
[2026-06-18T14:01:00.301Z] [969/2430] EC57001 (CF07001) — Cabin Filter
[2026-06-18T14:01:00.365Z]   FOUND — crossRefs:1 apps:0 specs:0
[2026-06-18T14:01:01.874Z] [970/2430] EC50001 (CF1000/1) — Cabin Filter
[2026-06-18T14:01:01.937Z]   FOUND — crossRefs:0 apps:0 specs:0
[2026-06-18T14:01:03.439Z] [971/2430] EC50003 (CF10003) — Cabin Filter
[2026-06-18T14:01:03.495Z]   FOUND — crossRefs:0 apps:0 specs:0
[2026-06-18T14:01:05.010Z] [972/2430] EC50010 (CF10010) — Cabin Filter
[2026-06-18T14:01:05.069Z]   FOUND — crossRefs:1 apps:0 specs:0
[2026-06-18T14:01:06.579Z] [973/2430] EC51010 (CF1010) — Cabin Filter
[2026-06-18T14:01:06.641Z]   FOUND — crossRefs:0 apps:0 specs:0
[2026-06-18T14:01:08.154Z] [974/2430] EC51011 (CF1011) — Cabin Filter
[2026-06-18T14:01:08.217Z]   FOUND — crossRefs:0 apps:0 specs:0
[2026-06-18T14:01:09.725Z] [975/2430] EC51010 (CF11010) — Cabin Filter
[2026-06-18T14:01:09.786Z]   FOUND — crossRefs:1 apps:0 specs:0
[2026-06-18T14:01:11.287Z] [976/2430] EC51111 (CF1111) — Cabin Filter
[2026-06-18T14:01:11.347Z]   FOUND — crossRefs:8 apps:0 specs:0
[2026-06-18T14:01:12.867Z] [977/2430] EC51113 (CF1113) — Cabin Filter
[2026-06-18T14:01:13.766Z]   FOUND — crossRefs:0 apps:0 specs:0
[2026-06-18T14:01:15.280Z] [978/2430] EC51132 (CF1113/2) — Cabin Filter
[2026-06-18T14:01:15.358Z]   FOUND — crossRefs:0 apps:0 specs:0
[2026-06-18T14:01:16.867Z] [979/2430] EC51212 (CF1212) — Cabin Filter
[2026-06-18T14:01:16.922Z]   FOUND — crossRefs:0 apps:0 specs:0
[2026-06-18T14:01:18.440Z] [980/2430] EC51221 (CF1221) — Cabin Filter
[2026-06-18T14:01:19.788Z]   FOUND — crossRefs:0 apps:0 specs:0
[2026-06-18T14:01:21.314Z] [981/2430] EC51222 (CF1222) — Cabin Filter
[2026-06-18T14:01:21.374Z]   FOUND — crossRefs:2 apps:0 specs:0
[2026-06-18T14:01:22.888Z] [982/2430] EC50125 (CF125) — Cabin Filter
[2026-06-18T14:01:22.951Z]   FOUND — crossRefs:0 apps:0 specs:0
[2026-06-18T14:01:24.463Z] [983/2430] EC51270 (CF1270) — Cabin Filter
[2026-06-18T14:01:24.525Z]   FOUND — crossRefs:0 apps:0 specs:0
[2026-06-18T14:01:26.032Z] [984/2430] EC53130 (CF13130) — Cabin Filter
[2026-06-18T14:01:26.095Z]   FOUND — crossRefs:0 apps:0 specs:0
[2026-06-18T14:01:27.608Z] [985/2430] EC51317 (CF1317) — Cabin Filter
[2026-06-18T14:01:27.670Z]   FOUND — crossRefs:0 apps:0 specs:0
[2026-06-18T14:01:29.177Z] [986/2430] EC54004 (CF14004) — Cabin Filter
[2026-06-18T14:01:29.239Z]   FOUND — crossRefs:0 apps:0 specs:0
[2026-06-18T14:01:30.752Z] [987/2430] EC54005 (CF14005) — Cabin Filter
[2026-06-18T14:01:30.820Z]   FOUND — crossRefs:33 apps:0 specs:0
[2026-06-18T14:01:32.339Z] [988/2430] EC51413 (CF1413) — Cabin Filter
[2026-06-18T14:01:32.486Z]   FOUND — crossRefs:0 apps:0 specs:0
[2026-06-18T14:01:33.990Z] [989/2430] EC54137 (CF14137) — Cabin Filter
[2026-06-18T14:01:34.051Z]   FOUND — crossRefs:0 apps:0 specs:0
[2026-06-18T14:01:35.564Z] [990/2430] EC51422 (CF1422) — Cabin Filter
[2026-06-18T14:01:35.639Z]   FOUND — crossRefs:47 apps:0 specs:0
[2026-06-18T14:01:37.149Z] [991/2430] EC54401 (CF1440/1) — Cabin Filter
[2026-06-18T14:01:37.217Z]   FOUND — crossRefs:0 apps:0 specs:0
[2026-06-18T14:01:38.720Z] [992/2430] EC51450 (CF1450) — Cabin Filter
[2026-06-18T14:01:38.778Z]   FOUND — crossRefs:0 apps:0 specs:0
[2026-06-18T14:01:40.280Z] [993/2430] EC54801 (CF1480/1) — Cabin Filter
[2026-06-18T14:01:40.343Z]   FOUND — crossRefs:0 apps:0 specs:0
[2026-06-18T14:01:41.846Z] [994/2430] EC51500 (CF1500) — Cabin Filter
[2026-06-18T14:01:41.907Z]   FOUND — crossRefs:2 apps:0 specs:0
[2026-06-18T14:01:43.420Z] [995/2430] EC55003 (CF15003) — Cabin Filter
[2026-06-18T14:01:43.480Z]   FOUND — crossRefs:0 apps:0 specs:0
[2026-06-18T14:01:44.980Z] [996/2430] EC51022 (CF15102/2) — Cabin Filter
[2026-06-18T14:01:45.034Z]   FOUND — crossRefs:0 apps:0 specs:0
[2026-06-18T14:01:46.545Z] [997/2430] EC51211 (CF15121/1) — Cabin Filter
[2026-06-18T14:01:46.606Z]   FOUND — crossRefs:0 apps:0 specs:0
[2026-06-18T14:01:48.115Z] [998/2430] EC55200 (CF15200X) — Cabin Filter
[2026-06-18T14:01:48.264Z]   FOUND — crossRefs:0 apps:0 specs:0
[2026-06-18T14:01:49.768Z] [999/2430] EC51593 (CF1593) — Cabin Filter
[2026-06-18T14:01:49.840Z]   FOUND — crossRefs:0 apps:0 specs:0
[2026-06-18T14:01:51.350Z] [1000/2430] EC56022 (CF16022) — Cabin Filter
[2026-06-18T14:01:51.414Z]   FOUND — crossRefs:2 apps:0 specs:0
[2026-06-18T14:01:52.923Z] [1001/2430] EC51581 (CF16158/1X) — Cabin Filter
[2026-06-18T14:01:53.097Z]   FOUND — crossRefs:0 apps:0 specs:0
[2026-06-18T14:01:54.612Z] [1002/2430] EC56402 (CF1640/2) — Cabin Filter
[2026-06-18T14:01:54.688Z]   FOUND — crossRefs:0 apps:0 specs:0
[2026-06-18T14:01:56.189Z] [1003/2430] EC56404 (CF1640/4) — Cabin Filter
[2026-06-18T14:01:56.244Z]   FOUND — crossRefs:0 apps:0 specs:0
[2026-06-18T14:01:57.746Z] [1004/2430] EC50083 (CF17008/3) — Cabin Filter
[2026-06-18T14:01:57.806Z]   FOUND — crossRefs:0 apps:0 specs:0
[2026-06-18T14:01:59.307Z] [1005/2430] EC57011 (CF17011) — Cabin Filter
[2026-06-18T14:01:59.383Z]   FOUND — crossRefs:0 apps:0 specs:0
[2026-06-18T14:02:00.891Z] [1006/2430] EC51810 (CF1810AZ) — Cabin Filter
[2026-06-18T14:02:00.956Z]   FOUND — crossRefs:0 apps:0 specs:0
[2026-06-18T14:02:02.466Z] [1007/2430] EC51811 (CF1811) — Cabin Filter
[2026-06-18T14:02:02.534Z]   FOUND — crossRefs:16 apps:0 specs:0
[2026-06-18T14:02:04.051Z] [1008/2430] EC51813 (CF1813) — Cabin Filter
[2026-06-18T14:02:04.107Z]   FOUND — crossRefs:0 apps:0 specs:0
[2026-06-18T14:02:05.614Z] [1009/2430] EC59003 (CF19003) — Cabin Filter
[2026-06-18T14:02:05.668Z]   FOUND — crossRefs:1 apps:0 specs:0
[2026-06-18T14:02:07.184Z] [1010/2430] EC59008 (CF19008) — Cabin Filter
[2026-06-18T14:02:07.256Z]   FOUND — crossRefs:0 apps:0 specs:0
[2026-06-18T14:02:08.761Z] [1011/2430] EC59157 (CF19157) — Cabin Filter
[2026-06-18T14:02:08.817Z]   FOUND — crossRefs:0 apps:0 specs:0
[2026-06-18T14:02:10.320Z] [1012/2430] EC51925 (CF1925) — Cabin Filter
[2026-06-18T14:02:10.700Z]   FOUND — crossRefs:0 apps:0 specs:0
[2026-06-18T14:02:12.202Z] [1013/2430] EC50002 (CF20002) — Cabin Filter
[2026-06-18T14:02:12.261Z]   FOUND — crossRefs:0 apps:0 specs:0
[2026-06-18T14:02:13.776Z] [1014/2430] EC52110 (CF2110) — Cabin Filter
[2026-06-18T14:02:13.832Z]   FOUND — crossRefs:0 apps:0 specs:0
[2026-06-18T14:02:15.333Z] [1015/2430] EC53982 (CF23398/2) — Cabin Filter
[2026-06-18T14:02:15.387Z]   FOUND — crossRefs:0 apps:0 specs:0
[2026-06-18T14:02:16.891Z] [1016/2430] EC54001 (CF24001) — Cabin Filter
[2026-06-18T14:02:16.952Z]   FOUND — crossRefs:1 apps:0 specs:0
[2026-06-18T14:02:18.468Z] [1017/2430] EC54002 (CF24002) — Cabin Filter
[2026-06-18T14:02:18.524Z]   FOUND — crossRefs:1 apps:0 specs:0
[2026-06-18T14:02:20.027Z] [1018/2430] EC59002 (CF29002) — Cabin Filter
[2026-06-18T14:02:20.084Z]   FOUND — crossRefs:0 apps:0 specs:0
[2026-06-18T14:02:21.600Z] [1019/2430] EC50006 (CF30006) — Cabin Filter
[2026-06-18T14:02:21.659Z]   FOUND — crossRefs:0 apps:0 specs:0
[2026-06-18T14:02:23.161Z] [1020/2430] EC50044 (CF44) — Cabin Filter
[2026-06-18T14:02:23.695Z]   FOUND — crossRefs:0 apps:0 specs:0
[2026-06-18T14:02:25.202Z] [1021/2430] EC56001 (CF46001) — Cabin Filter
[2026-06-18T14:02:25.274Z]   FOUND — crossRefs:0 apps:0 specs:0
[2026-06-18T14:02:26.779Z] [1022/2430] EC56001 (CF600/1) — Cabin Filter
[2026-06-18T14:02:26.933Z]   FOUND — crossRefs:4 apps:0 specs:0
[2026-06-18T14:02:28.449Z] [1023/2430] EC50620 (CF620) — Cabin Filter
[2026-06-18T14:02:28.529Z]   FOUND — crossRefs:32 apps:0 specs:0
[2026-06-18T14:02:30.057Z] [1024/2430] EC50713 (CF713) — Cabin Filter
[2026-06-18T14:02:30.125Z]   FOUND — crossRefs:5 apps:0 specs:0
[2026-06-18T14:02:31.631Z] [1025/2430] EC50722 (CF722) — Cabin Filter
[2026-06-18T14:02:31.693Z]   FOUND — crossRefs:0 apps:0 specs:0
[2026-06-18T14:02:33.208Z] [1026/2430] EC58005 (CF8005) — Cabin Filter
[2026-06-18T14:02:33.271Z]   FOUND — crossRefs:0 apps:0 specs:0
[2026-06-18T14:02:34.786Z] [1027/2430] EC50813 (CF813) — Cabin Filter
[2026-06-18T14:02:35.019Z]   FOUND — crossRefs:2 apps:0 specs:0
[2026-06-18T14:02:36.528Z] [1028/2430] EC50087 (CF87) — Cabin Filter
[2026-06-18T14:02:36.592Z]   FOUND — crossRefs:0 apps:0 specs:0
[2026-06-18T14:02:38.095Z] [1029/2430] EC50940 (CF940) — Cabin Filter
[2026-06-18T14:02:38.164Z]   FOUND — crossRefs:0 apps:0 specs:0
[2026-06-18T14:02:39.670Z] [1030/2430] EA51014 (CL1014) — Air Filter
[2026-06-18T14:02:39.743Z]   FOUND — crossRefs:6 apps:0 specs:0
[2026-06-18T14:02:41.259Z] [1031/2430] EA51116 (CL1116) — Air Filter
[2026-06-18T14:02:41.321Z]   FOUND — crossRefs:9 apps:0 specs:0
[2026-06-18T14:02:42.832Z] [1032/2430] EA51118 (CL1118) — Air Filter
[2026-06-18T14:02:42.887Z]   FOUND — crossRefs:3 apps:0 specs:0
[2026-06-18T14:02:44.403Z] [1033/2430] EA51119 (CL1119) — Air Filter
[2026-06-18T14:02:44.475Z]   FOUND — crossRefs:0 apps:0 specs:0
[2026-06-18T14:02:45.977Z] [1034/2430] EA51121 (CL1121) — Air Filter
[2026-06-18T14:02:46.043Z]   FOUND — crossRefs:28 apps:0 specs:0
[2026-06-18T14:02:47.562Z] [1035/2430] EA51128 (CL1128) — Air Filter
[2026-06-18T14:02:47.628Z]   FOUND — crossRefs:0 apps:0 specs:0
[2026-06-18T14:02:49.141Z] [1036/2430] EA51130 (CL1130) — Air Filter
[2026-06-18T14:02:49.220Z]   FOUND — crossRefs:28 apps:0 specs:0
[2026-06-18T14:02:50.738Z] [1037/2430] EA51220 (CL1220) — Air Filter
[2026-06-18T14:02:50.801Z]   FOUND — crossRefs:4 apps:0 specs:0
[2026-06-18T14:02:52.314Z] [1038/2430] EA51222 (CL1222) — Air Filter
[2026-06-18T14:02:52.421Z]   FOUND — crossRefs:0 apps:0 specs:0
[2026-06-18T14:02:53.932Z] [1039/2430] EA51225 (CL1225) — Air Filter
[2026-06-18T14:02:53.993Z]   FOUND — crossRefs:4 apps:0 specs:0
[2026-06-18T14:02:55.506Z] [1040/2430] EA51227 (CL1227) — Air Filter
[2026-06-18T14:02:55.619Z]   FOUND — crossRefs:11 apps:0 specs:0
[2026-06-18T14:02:57.130Z] [1041/2430] EA51321 (CL1321) — Air Filter
[2026-06-18T14:02:57.260Z]   FOUND — crossRefs:12 apps:0 specs:0
[2026-06-18T14:02:58.768Z] [1042/2430] EA51324 (CL1324) — Air Filter
[2026-06-18T14:02:58.895Z]   FOUND — crossRefs:0 apps:0 specs:0
[2026-06-18T14:03:00.401Z] [1043/2430] EA51325 (CL1325) — Air Filter
[2026-06-18T14:03:00.468Z]   FOUND — crossRefs:6 apps:0 specs:0
[2026-06-18T14:03:01.985Z] [1044/2430] EA51326 (CL1326) — Air Filter
[2026-06-18T14:03:02.050Z]   FOUND — crossRefs:8 apps:0 specs:0
[2026-06-18T14:03:03.562Z] [1045/2430] EA51327 (CL1327) — Air Filter
[2026-06-18T14:03:03.629Z]   FOUND — crossRefs:0 apps:0 specs:0
[2026-06-18T14:03:05.138Z] [1046/2430] EA51418 (CL1418) — Air Filter
[2026-06-18T14:03:05.200Z]   FOUND — crossRefs:2 apps:0 specs:0
[2026-06-18T14:03:06.712Z] [1047/2430] EA51429 (CL1429) — Air Filter
[2026-06-18T14:03:06.781Z]   FOUND — crossRefs:11 apps:0 specs:0
[2026-06-18T14:03:08.289Z] [1048/2430] EA51517 (CL1517) — Air Filter
[2026-06-18T14:03:08.366Z]   FOUND — crossRefs:0 apps:0 specs:0
[2026-06-18T14:03:09.868Z] [1049/2430] EA51526 (CL1526) — Air Filter
[2026-06-18T14:03:10.794Z]   FOUND — crossRefs:0 apps:0 specs:0
[2026-06-18T14:03:12.303Z] [1050/2430] EA51547 (CL1547) — Air Filter
[2026-06-18T14:03:12.426Z]   FOUND — crossRefs:0 apps:0 specs:0
[2026-06-18T14:03:13.940Z] [1051/2430] EA51608 (CL1608) — Air Filter
[2026-06-18T14:03:14.011Z]   FOUND — crossRefs:4 apps:0 specs:0
[2026-06-18T14:03:15.514Z] [1052/2430] EA51626 (CL1626) — Air Filter
[2026-06-18T14:03:15.575Z]   FOUND — crossRefs:0 apps:0 specs:0
[2026-06-18T14:03:17.079Z] [1053/2430] EA51701 (CL1701) — Air Filter
[2026-06-18T14:03:17.144Z]   FOUND — crossRefs:0 apps:0 specs:0
[2026-06-18T14:03:18.650Z] [1054/2430] EA51702 (CL1702) — Air Filter
[2026-06-18T14:03:18.714Z]   FOUND — crossRefs:0 apps:0 specs:0
[2026-06-18T14:03:20.227Z] [1055/2430] EA51723 (CL1723) — Air Filter
[2026-06-18T14:03:20.293Z]   FOUND — crossRefs:4 apps:0 specs:0
[2026-06-18T14:03:21.804Z] [1056/2430] EA51792 (CL1792) — Air Filter
[2026-06-18T14:03:21.931Z]   FOUND — crossRefs:2 apps:0 specs:0
[2026-06-18T14:03:23.436Z] [1057/2430] EA51794 (CL1794) — Air Filter
[2026-06-18T14:03:23.497Z]   FOUND — crossRefs:3 apps:0 specs:0
[2026-06-18T14:03:25.010Z] [1058/2430] EA51817 (CL1817) — Air Filter
[2026-06-18T14:03:25.083Z]   FOUND — crossRefs:5 apps:0 specs:0
[2026-06-18T14:03:26.598Z] [1059/2430] EA51824 (CL1824) — Air Filter
[2026-06-18T14:03:26.767Z]   FOUND — crossRefs:0 apps:0 specs:0
[2026-06-18T14:03:28.277Z] [1060/2430] EA51827 (CL1827) — Air Filter
[2026-06-18T14:03:28.334Z]   FOUND — crossRefs:0 apps:0 specs:0
[2026-06-18T14:03:29.847Z] [1061/2430] EA51832 (CL1832) — Air Filter
[2026-06-18T14:03:29.907Z]   FOUND — crossRefs:0 apps:0 specs:0
[2026-06-18T14:03:31.415Z] [1062/2430] EA59154 (CL19154) — Air Filter
[2026-06-18T14:03:31.476Z]   FOUND — crossRefs:0 apps:0 specs:0
[2026-06-18T14:03:32.990Z] [1063/2430] EA52011 (CL2011) — Air Filter
[2026-06-18T14:03:33.050Z]   FOUND — crossRefs:0 apps:0 specs:0
[2026-06-18T14:03:34.553Z] [1064/2430] EA52036 (CL2036) — Air Filter
[2026-06-18T14:03:34.624Z]   FOUND — crossRefs:0 apps:0 specs:0
[2026-06-18T14:03:36.134Z] [1065/2430] EA52220 (CL2220) — Air Filter
[2026-06-18T14:03:36.196Z]   FOUND — crossRefs:0 apps:0 specs:0
[2026-06-18T14:03:37.707Z] [1066/2430] EA52315 (CL2315) — Air Filter
[2026-06-18T14:03:37.769Z]   FOUND — crossRefs:0 apps:0 specs:0
[2026-06-18T14:03:39.280Z] [1067/2430] EA52429 (CL2429) — Air Filter
[2026-06-18T14:03:39.341Z]   FOUND — crossRefs:0 apps:0 specs:0
[2026-06-18T14:03:40.852Z] [1068/2430] EA52612 (CL2612) — Air Filter
[2026-06-18T14:03:40.913Z]   FOUND — crossRefs:0 apps:0 specs:0
[2026-06-18T14:03:42.416Z] [1069/2430] EA52712 (CL2712) — Air Filter
[2026-06-18T14:03:42.474Z]   FOUND — crossRefs:0 apps:0 specs:0
[2026-06-18T14:03:43.990Z] [1070/2430] EA52719 (CL2719) — Air Filter
[2026-06-18T14:03:44.057Z]   FOUND — crossRefs:4 apps:0 specs:0
[2026-06-18T14:03:45.562Z] [1071/2430] EA53687 (CL3687) — Air Filter
[2026-06-18T14:03:45.622Z]   FOUND — crossRefs:0 apps:0 specs:0
[2026-06-18T14:03:47.125Z] [1072/2430] EA53688 (CL3688) — Air Filter
[2026-06-18T14:03:47.187Z]   FOUND — crossRefs:2 apps:0 specs:0
[2026-06-18T14:03:48.698Z] [1073/2430] EA53689 (CL3689) — Air Filter
[2026-06-18T14:03:48.761Z]   FOUND — crossRefs:12 apps:0 specs:0
[2026-06-18T14:03:50.268Z] [1074/2430] EA53690 (CL3690) — Air Filter
[2026-06-18T14:03:50.333Z]   FOUND — crossRefs:36 apps:0 specs:0
[2026-06-18T14:03:51.842Z] [1075/2430] EA53832 (CL3832) — Air Filter
[2026-06-18T14:03:51.904Z]   FOUND — crossRefs:0 apps:0 specs:0
[2026-06-18T14:03:53.413Z] [1076/2430] EA50001 (CP20001) — Air Filter
[2026-06-18T14:03:53.478Z]   FOUND — crossRefs:0 apps:0 specs:0
[2026-06-18T14:03:54.980Z] [1077/2430] EA51018 (CS1018) — Air Filter
[2026-06-18T14:03:55.038Z]   FOUND — crossRefs:0 apps:0 specs:0
[2026-06-18T14:03:56.554Z] [1078/2430] EA51248 (CS1248) — Air Filter
[2026-06-18T14:03:56.621Z]   FOUND — crossRefs:43 apps:0 specs:4
[2026-06-18T14:03:58.131Z] [1079/2430] EA57111 (CS17111) — Air Filter
[2026-06-18T14:03:58.194Z]   FOUND — crossRefs:8 apps:0 specs:0
[2026-06-18T14:03:59.702Z] [1080/2430] EA51935 (CS1935) — Air Filter
[2026-06-18T14:03:59.766Z]   FOUND — crossRefs:3 apps:0 specs:0
[2026-06-18T14:04:01.277Z] [1081/2430] EA52313 (CS2313) — Air Filter
[2026-06-18T14:04:01.345Z]   FOUND — crossRefs:3 apps:0 specs:3
[2026-06-18T14:04:02.855Z] [1082/2430] EA52720 (CS2720) — Air Filter
[2026-06-18T14:04:02.926Z]   FOUND — crossRefs:8 apps:0 specs:0
[2026-06-18T14:04:04.443Z] [1083/2430] EA53029 (CS3029) — Air Filter
[2026-06-18T14:04:04.509Z]   FOUND — crossRefs:5 apps:0 specs:0
[2026-06-18T14:04:06.015Z] [1084/2430] EA56111 (CS36111) — Air Filter
[2026-06-18T14:04:06.122Z]   FOUND — crossRefs:3 apps:0 specs:0
[2026-06-18T14:04:07.626Z] [1085/2430] EA50148 (CS60148) — Air Filter
[2026-06-18T14:04:07.695Z]   FOUND — crossRefs:13 apps:0 specs:0
[2026-06-18T14:04:09.204Z] [1086/2430] EC50062 (CU1006/2) — Cabin Filter
[2026-06-18T14:04:09.269Z]   FOUND — crossRefs:0 apps:0 specs:0
[2026-06-18T14:04:10.773Z] [1087/2430] EC50110 (CU108001/10) — Cabin Filter
[2026-06-18T14:04:10.833Z]   FOUND — crossRefs:0 apps:0 specs:0
[2026-06-18T14:04:12.347Z] [1088/2430] EC51313 (CU1313) — Cabin Filter
[2026-06-18T14:04:12.417Z]   FOUND — crossRefs:12 apps:0 specs:0
[2026-06-18T14:04:13.935Z] [1089/2430] EC53133 (CU1313/3) — Cabin Filter
[2026-06-18T14:04:14.015Z]   FOUND — crossRefs:0 apps:0 specs:0
[2026-06-18T14:04:15.526Z] [1090/2430] EC54010 (CU14010) — Cabin Filter
[2026-06-18T14:04:15.589Z]   FOUND — crossRefs:0 apps:0 specs:0
[2026-06-18T14:04:17.094Z] [1091/2430] EC54200 (CU14200) — Cabin Filter
[2026-06-18T14:04:17.156Z]   FOUND — crossRefs:0 apps:0 specs:0
[2026-06-18T14:04:18.669Z] [1092/2430] EC50212 (CU1490021/2) — Cabin Filter
[2026-06-18T14:04:18.729Z]   FOUND — crossRefs:0 apps:0 specs:0
[2026-06-18T14:04:20.242Z] [1093/2430] EC53710 (CU1550037/10) — Cabin Filter
[2026-06-18T14:04:20.303Z]   FOUND — crossRefs:0 apps:0 specs:0
[2026-06-18T14:04:21.811Z] [1094/2430] EC50222 (CU1560022/2) — Cabin Filter
[2026-06-18T14:04:21.875Z]   FOUND — crossRefs:0 apps:0 specs:0
[2026-06-18T14:04:23.388Z] [1095/2430] EC50032 (CU16003/2) — Cabin Filter
[2026-06-18T14:04:23.450Z]   FOUND — crossRefs:0 apps:0 specs:0
[2026-06-18T14:04:24.964Z] [1096/2430] EC56011 (CU16011) — Cabin Filter
[2026-06-18T14:04:25.239Z]   FOUND — crossRefs:0 apps:0 specs:0
[2026-06-18T14:04:26.742Z] [1097/2430] EC51620 (CU1620) — Cabin Filter
[2026-06-18T14:04:26.803Z]   FOUND — crossRefs:12 apps:0 specs:0
[2026-06-18T14:04:28.321Z] [1098/2430] EC50242 (CU1640024/2) — Cabin Filter
[2026-06-18T14:04:28.381Z]   FOUND — crossRefs:0 apps:0 specs:0
[2026-06-18T14:04:29.884Z] [1099/2430] EC50092 (CU17009/2) — Cabin Filter
[2026-06-18T14:04:30.657Z]   FOUND — crossRefs:0 apps:0 specs:0
[2026-06-18T14:04:32.165Z] [1100/2430] EC57202 (CU1720/2) — Cabin Filter
[2026-06-18T14:04:32.229Z]   FOUND — crossRefs:0 apps:0 specs:0
[2026-06-18T14:04:33.736Z] [1101/2430] EC51721 (CU1721) — Cabin Filter
[2026-06-18T14:04:33.879Z]   FOUND — crossRefs:2 apps:0 specs:0
[2026-06-18T14:04:35.388Z] [1102/2430] EC57212 (CU1721/2) — Cabin Filter
[2026-06-18T14:04:35.439Z]   FOUND — crossRefs:0 apps:0 specs:0
[2026-06-18T14:04:36.945Z] [1103/2430] EC50002 (CU18000/2) — Cabin Filter
[2026-06-18T14:04:36.997Z]   FOUND — crossRefs:0 apps:0 specs:0
[2026-06-18T14:04:38.502Z] [1104/2430] EC58062 (CU1806/2) — Cabin Filter
[2026-06-18T14:04:38.557Z]   FOUND — crossRefs:0 apps:0 specs:0
[2026-06-18T14:04:40.060Z] [1105/2430] EC58112 (CU1811/2) — Cabin Filter
[2026-06-18T14:04:40.115Z]   FOUND — crossRefs:31 apps:0 specs:0
[2026-06-18T14:04:41.629Z] [1106/2430] EC51828 (CU1828M) — Cabin Filter
[2026-06-18T14:04:41.686Z]   FOUND — crossRefs:58 apps:0 specs:0
[2026-06-18T14:04:43.207Z] [1107/2430] EC51853 (CU1853) — Cabin Filter
[2026-06-18T14:04:43.268Z]   FOUND — crossRefs:6 apps:0 specs:0
[2026-06-18T14:04:44.780Z] [1108/2430] EC50003 (CU19000/3) — Cabin Filter
[2026-06-18T14:04:44.836Z]   FOUND — crossRefs:0 apps:0 specs:0
[2026-06-18T14:04:46.344Z] [1109/2430] EC59003 (CU19003) — Cabin Filter
[2026-06-18T14:04:46.402Z]   FOUND — crossRefs:0 apps:0 specs:0
[2026-06-18T14:04:47.911Z] [1110/2430] EC50042 (CU19004/2) — Cabin Filter
[2026-06-18T14:04:47.972Z]   FOUND — crossRefs:0 apps:0 specs:0
[2026-06-18T14:04:49.486Z] [1111/2430] EC59006 (CU19006) — Cabin Filter
[2026-06-18T14:04:49.541Z]   FOUND — crossRefs:0 apps:0 specs:0
[2026-06-18T14:04:51.046Z] [1112/2430] EC59007 (CU19007) — Cabin Filter
[2026-06-18T14:04:51.099Z]   FOUND — crossRefs:0 apps:0 specs:0
[2026-06-18T14:04:52.605Z] [1113/2430] EC59023 (CU19023) — Cabin Filter
[2026-06-18T14:04:52.656Z]   FOUND — crossRefs:0 apps:0 specs:0
[2026-06-18T14:04:54.165Z] [1114/2430] EC51911 (CU1911) — Cabin Filter
[2026-06-18T14:04:54.230Z]   FOUND — crossRefs:20 apps:0 specs:0
[2026-06-18T14:04:55.740Z] [1115/2430] EC51916 (CU1916) — Cabin Filter
[2026-06-18T14:04:55.814Z]   FOUND — crossRefs:24 apps:0 specs:3
[2026-06-18T14:04:57.330Z] [1116/2430] EC59192 (CU1919/2) — Cabin Filter
[2026-06-18T14:04:57.453Z]   FOUND — crossRefs:0 apps:0 specs:0
[2026-06-18T14:04:58.967Z] [1117/2430] EC51919 (CU1919M) — Cabin Filter
[2026-06-18T14:04:59.027Z]   FOUND — crossRefs:0 apps:0 specs:0
[2026-06-18T14:05:00.535Z] [1118/2430] EC59302 (CU1930/2) — Cabin Filter
[2026-06-18T14:05:00.586Z]   FOUND — crossRefs:0 apps:0 specs:0
[2026-06-18T14:05:02.093Z] [1119/2430] EC51931 (CU1931) — Cabin Filter
[2026-06-18T14:05:02.160Z]   FOUND — crossRefs:15 apps:0 specs:0
[2026-06-18T14:05:03.687Z] [1120/2430] EC59312 (CU1931/2) — Cabin Filter
[2026-06-18T14:05:03.741Z]   FOUND — crossRefs:0 apps:0 specs:0
[2026-06-18T14:05:05.245Z] [1121/2430] EC51938 (CU1938) — Cabin Filter
[2026-06-18T14:05:05.303Z]   FOUND — crossRefs:3 apps:0 specs:0
[2026-06-18T14:05:06.805Z] [1122/2430] EC50052 (CU20005/2) — Cabin Filter
[2026-06-18T14:05:06.858Z]   FOUND — crossRefs:0 apps:0 specs:0
[2026-06-18T14:05:08.364Z] [1123/2430] EC50007 (CU20007) — Cabin Filter
[2026-06-18T14:05:08.430Z]   FOUND — crossRefs:0 apps:0 specs:0
[2026-06-18T14:05:09.935Z] [1124/2430] EC50008 (CU20008) — Cabin Filter
[2026-06-18T14:05:09.991Z]   FOUND — crossRefs:0 apps:0 specs:0
[2026-06-18T14:05:11.495Z] [1125/2430] EC50009 (CU20009) — Cabin Filter
[2026-06-18T14:05:12.082Z]   FOUND — crossRefs:0 apps:0 specs:0
[2026-06-18T14:05:13.598Z] [1126/2430] EC50014 (CU20014) — Cabin Filter
[2026-06-18T14:05:13.660Z]   FOUND — crossRefs:0 apps:0 specs:0
[2026-06-18T14:05:15.163Z] [1127/2430] EC50017 (CU20017) — Cabin Filter
[2026-06-18T14:05:15.219Z]   FOUND — crossRefs:0 apps:0 specs:0
[2026-06-18T14:05:16.720Z] [1128/2430] EC50054 (CU20054) — Cabin Filter
[2026-06-18T14:05:16.774Z]   FOUND — crossRefs:0 apps:0 specs:0
[2026-06-18T14:05:18.282Z] [1129/2430] EC50055 (CU20055) — Cabin Filter
[2026-06-18T14:05:18.332Z]   FOUND — crossRefs:0 apps:0 specs:0
[2026-06-18T14:05:19.838Z] [1130/2430] EC50055 (CU20055KIT) — Cabin Filter
[2026-06-18T14:05:19.895Z]   FOUND — crossRefs:0 apps:0 specs:0
[2026-06-18T14:05:21.396Z] [1131/2430] EC50112 (CU2011/2) — Cabin Filter
[2026-06-18T14:05:21.461Z]   FOUND — crossRefs:0 apps:0 specs:0
[2026-06-18T14:05:22.976Z] [1132/2430] EC50332 (CU2033/2) — Cabin Filter
[2026-06-18T14:05:23.041Z]   FOUND — crossRefs:0 apps:0 specs:0
[2026-06-18T14:05:24.553Z] [1133/2430] EC50002 (CU21000/2) — Cabin Filter
[2026-06-18T14:05:24.613Z]   FOUND — crossRefs:0 apps:0 specs:0
[2026-06-18T14:05:26.129Z] [1134/2430] EC50012 (CU21001/2) — Cabin Filter
[2026-06-18T14:05:26.191Z]   FOUND — crossRefs:0 apps:0 specs:0
[2026-06-18T14:05:27.694Z] [1135/2430] EC50022 (CU21002/2) — Cabin Filter
[2026-06-18T14:05:28.489Z]   FOUND — crossRefs:0 apps:0 specs:0
[2026-06-18T14:05:30.000Z] [1136/2430] EC51003 (CU21003M) — Cabin Filter
[2026-06-18T14:05:30.638Z]   FOUND — crossRefs:0 apps:0 specs:0
[2026-06-18T14:05:32.152Z] [1137/2430] EC50052 (CU21005/2) — Cabin Filter
[2026-06-18T14:05:32.203Z]   FOUND — crossRefs:0 apps:0 specs:0
[2026-06-18T14:05:33.716Z] [1138/2430] EC51012 (CU21012) — Cabin Filter
[2026-06-18T14:05:33.771Z]   FOUND — crossRefs:33 apps:0 specs:0
[2026-06-18T14:05:35.292Z] [1139/2430] EC51015 (CU21015) — Cabin Filter
[2026-06-18T14:05:35.347Z]   FOUND — crossRefs:0 apps:0 specs:0
[2026-06-18T14:05:36.851Z] [1140/2430] EC51036 (CU21036) — Cabin Filter
[2026-06-18T14:05:36.907Z]   FOUND — crossRefs:0 apps:0 specs:0
[2026-06-18T14:05:38.413Z] [1141/2430] EC51062 (CU2106/2) — Cabin Filter
[2026-06-18T14:05:38.468Z]   FOUND — crossRefs:51 apps:0 specs:0
[2026-06-18T14:05:39.990Z] [1142/2430] EC52126 (CU2126) — Cabin Filter
[2026-06-18T14:05:40.204Z]   FOUND — crossRefs:11 apps:0 specs:0
[2026-06-18T14:05:41.718Z] [1143/2430] EC52128 (CU2128) — Cabin Filter
[2026-06-18T14:05:41.768Z]   FOUND — crossRefs:0 apps:0 specs:0
[2026-06-18T14:05:43.275Z] [1144/2430] EC52131 (CU2131M) — Cabin Filter
[2026-06-18T14:05:43.340Z]   FOUND — crossRefs:59 apps:0 specs:0
[2026-06-18T14:05:44.866Z] [1145/2430] EC52133 (CU2133) — Cabin Filter
[2026-06-18T14:05:45.732Z]   FOUND — crossRefs:3 apps:0 specs:0
[2026-06-18T14:05:47.245Z] [1146/2430] EC50012 (CU22001/2) — Cabin Filter
[2026-06-18T14:05:47.305Z]   FOUND — crossRefs:0 apps:0 specs:0
[2026-06-18T14:05:48.812Z] [1147/2430] EC50022 (CU22002/2) — Cabin Filter
[2026-06-18T14:05:48.875Z]   FOUND — crossRefs:2 apps:0 specs:0
[2026-06-18T14:05:50.384Z] [1148/2430] EC50041 (CU22004/1) — Cabin Filter
[2026-06-18T14:05:50.443Z]   FOUND — crossRefs:0 apps:0 specs:0
[2026-06-18T14:05:51.955Z] [1149/2430] EC50092 (CU22009/2) — Cabin Filter
[2026-06-18T14:05:52.011Z]   FOUND — crossRefs:49 apps:0 specs:0
[2026-06-18T14:05:53.536Z] [1150/2430] EC52064 (CU22064) — Cabin Filter
[2026-06-18T14:05:53.589Z]   FOUND — crossRefs:0 apps:0 specs:0
[2026-06-18T14:05:55.099Z] [1151/2430] EC52142 (CU2214/2) — Cabin Filter
[2026-06-18T14:05:55.151Z]   FOUND — crossRefs:57 apps:0 specs:0
[2026-06-18T14:05:56.664Z] [1152/2430] EC52162 (CU2216/2) — Cabin Filter
[2026-06-18T14:05:56.715Z]   FOUND — crossRefs:0 apps:0 specs:0
[2026-06-18T14:05:58.222Z] [1153/2430] EC52172 (CU2217/2) — Cabin Filter
[2026-06-18T14:05:58.280Z]   FOUND — crossRefs:0 apps:0 specs:0
[2026-06-18T14:05:59.782Z] [1154/2430] EC52224 (CU2224) — Cabin Filter
[2026-06-18T14:05:59.841Z]   FOUND — crossRefs:7 apps:0 specs:0
[2026-06-18T14:06:01.359Z] [1155/2430] EC52242 (CU2224/2) — Cabin Filter
[2026-06-18T14:06:01.414Z]   FOUND — crossRefs:0 apps:0 specs:0
[2026-06-18T14:06:02.917Z] [1156/2430] EC52238 (CU2238) — Cabin Filter
[2026-06-18T14:06:02.973Z]   FOUND — crossRefs:0 apps:0 specs:0
[2026-06-18T14:06:04.474Z] [1157/2430] EC50002 (CU23000/2) — Cabin Filter
[2026-06-18T14:06:04.524Z]   FOUND — crossRefs:0 apps:0 specs:0
[2026-06-18T14:06:06.032Z] [1158/2430] EC50012 (CU23001/2) — Cabin Filter
[2026-06-18T14:06:06.116Z]   FOUND — crossRefs:0 apps:0 specs:0
[2026-06-18T14:06:07.627Z] [1159/2430] EC53003 (CU23003M) — Cabin Filter
[2026-06-18T14:06:07.678Z]   FOUND — crossRefs:0 apps:0 specs:0
[2026-06-18T14:06:09.185Z] [1160/2430] EC50052 (CU23005/2) — Cabin Filter
[2026-06-18T14:06:09.471Z]   FOUND — crossRefs:0 apps:0 specs:0
[2026-06-18T14:06:10.980Z] [1161/2430] EC53012 (CU23012) — Cabin Filter
[2026-06-18T14:06:11.047Z]   FOUND — crossRefs:0 apps:0 specs:0
[2026-06-18T14:06:12.557Z] [1162/2430] EC50152 (CU23015/2) — Cabin Filter
[2026-06-18T14:06:12.607Z]   FOUND — crossRefs:0 apps:0 specs:0
[2026-06-18T14:06:14.122Z] [1163/2430] EC50191 (CU23019/1) — Cabin Filter
[2026-06-18T14:06:15.017Z]   FOUND — crossRefs:0 apps:0 specs:0
[2026-06-18T14:06:16.526Z] [1164/2430] EC53019 (CU23019M) — Cabin Filter
[2026-06-18T14:06:16.591Z]   FOUND — crossRefs:14 apps:0 specs:0
[2026-06-18T14:06:18.103Z] [1165/2430] EC52325 (CU2325) — Cabin Filter
[2026-06-18T14:06:18.161Z]   FOUND — crossRefs:0 apps:0 specs:0
[2026-06-18T14:06:19.676Z] [1166/2430] EC53251 (CU2325/1) — Cabin Filter
[2026-06-18T14:06:19.729Z]   FOUND — crossRefs:0 apps:0 specs:0
[2026-06-18T14:06:21.242Z] [1167/2430] EC52327 (CU2327) — Cabin Filter
[2026-06-18T14:06:21.294Z]   FOUND — crossRefs:70 apps:0 specs:3
[2026-06-18T14:06:22.817Z] [1168/2430] EC53272 (CU2327/2) — Cabin Filter
[2026-06-18T14:06:22.946Z]   FOUND — crossRefs:15 apps:0 specs:0
[2026-06-18T14:06:24.465Z] [1169/2430] EC52333 (CU2333) — Cabin Filter
[2026-06-18T14:06:24.520Z]   FOUND — crossRefs:0 apps:0 specs:0
[2026-06-18T14:06:26.027Z] [1170/2430] EC52336 (CU2336M) — Cabin Filter
[2026-06-18T14:06:26.091Z]   FOUND — crossRefs:0 apps:0 specs:0
[2026-06-18T14:06:27.599Z] [1171/2430] EC52368 (CU2368) — Cabin Filter
[2026-06-18T14:06:27.682Z]   FOUND — crossRefs:618 apps:0 specs:0
[2026-06-18T14:06:29.296Z] [1172/2430] EC50002 (CU24000/2) — Cabin Filter
[2026-06-18T14:06:29.352Z]   FOUND — crossRefs:0 apps:0 specs:0
[2026-06-18T14:06:30.860Z] [1173/2430] EC50122 (CU24012/2) — Cabin Filter
[2026-06-18T14:06:30.918Z]   FOUND — crossRefs:0 apps:0 specs:0
[2026-06-18T14:06:32.422Z] [1174/2430] EC54013 (CU24013M) — Cabin Filter
[2026-06-18T14:06:32.474Z]   FOUND — crossRefs:0 apps:0 specs:0
[2026-06-18T14:06:33.983Z] [1175/2430] EC50151 (CU24015/1) — Cabin Filter
[2026-06-18T14:06:34.033Z]   FOUND — crossRefs:0 apps:0 specs:0
[2026-06-18T14:06:35.543Z] [1176/2430] EC50152 (CU24015/2) — Cabin Filter
[2026-06-18T14:06:35.625Z]   FOUND — crossRefs:0 apps:0 specs:0
[2026-06-18T14:06:37.139Z] [1177/2430] EC54023 (CU24023) — Cabin Filter
[2026-06-18T14:06:37.191Z]   FOUND — crossRefs:0 apps:0 specs:0
[2026-06-18T14:06:38.703Z] [1178/2430] EC50332 (CU24033/2) — Cabin Filter
[2026-06-18T14:06:38.755Z]   FOUND — crossRefs:0 apps:0 specs:0
[2026-06-18T14:06:40.264Z] [1179/2430] EC54182 (CU2418/2) — Cabin Filter
[2026-06-18T14:06:40.335Z]   FOUND — crossRefs:27 apps:0 specs:0
[2026-06-18T14:06:41.855Z] [1180/2430] EC54272 (CU2427/2) — Cabin Filter
[2026-06-18T14:06:41.902Z]   FOUND — crossRefs:0 apps:0 specs:0
[2026-06-18T14:06:43.418Z] [1181/2430] EC52434 (CU2434M) — Cabin Filter
[2026-06-18T14:06:43.471Z]   FOUND — crossRefs:0 apps:0 specs:0
[2026-06-18T14:06:44.977Z] [1182/2430] EC54421 (CU2442/1) — Cabin Filter
[2026-06-18T14:06:45.191Z]   FOUND — crossRefs:0 apps:0 specs:0
[2026-06-18T14:06:46.693Z] [1183/2430] EC52443 (CU2443) — Cabin Filter
[2026-06-18T14:06:46.754Z]   FOUND — crossRefs:0 apps:0 specs:0
[2026-06-18T14:06:48.256Z] [1184/2430] EC52445 (CU2445) — Cabin Filter
[2026-06-18T14:06:48.308Z]   FOUND — crossRefs:0 apps:0 specs:0
[2026-06-18T14:06:49.819Z] [1185/2430] EC50042 (CU25004/2KIT) — Cabin Filter
[2026-06-18T14:06:49.876Z]   FOUND — crossRefs:0 apps:0 specs:0
[2026-06-18T14:06:51.377Z] [1186/2430] EC50082 (CU25008/2) — Cabin Filter
[2026-06-18T14:06:51.435Z]   FOUND — crossRefs:0 apps:0 specs:0
[2026-06-18T14:06:52.935Z] [1187/2430] EC50102 (CU25010/2) — Cabin Filter
[2026-06-18T14:06:53.008Z]   FOUND — crossRefs:0 apps:0 specs:0
[2026-06-18T14:06:54.509Z] [1188/2430] EC50202 (CU25020/2) — Cabin Filter
[2026-06-18T14:06:54.574Z]   FOUND — crossRefs:0 apps:0 specs:0
[2026-06-18T14:06:56.085Z] [1189/2430] EC55062 (CU2506/2) — Cabin Filter
[2026-06-18T14:06:56.135Z]   FOUND — crossRefs:0 apps:0 specs:0
[2026-06-18T14:06:57.644Z] [1190/2430] EC55212 (CU2521/2) — Cabin Filter
[2026-06-18T14:06:57.699Z]   FOUND — crossRefs:0 apps:0 specs:0
[2026-06-18T14:06:59.206Z] [1191/2430] EC52531 (CU2531) — Cabin Filter
[2026-06-18T14:06:59.326Z]   FOUND — crossRefs:73 apps:15 specs:3
[2026-06-18T14:07:00.842Z] [1192/2430] EC52531 (CU2531KIT) — Cabin Filter
[2026-06-18T14:07:00.913Z]   FOUND — crossRefs:58 apps:0 specs:0
[2026-06-18T14:07:02.428Z] [1193/2430] EC55332 (CU2533/2) — Cabin Filter
[2026-06-18T14:07:02.477Z]   FOUND — crossRefs:0 apps:0 specs:0
[2026-06-18T14:07:03.990Z] [1194/2430] EC55422 (CU2542/2) — Cabin Filter
[2026-06-18T14:07:04.057Z]   FOUND — crossRefs:65 apps:0 specs:0
[2026-06-18T14:07:05.580Z] [1195/2430] EC52552 (CU2552) — Cabin Filter
[2026-06-18T14:07:05.632Z]   FOUND — crossRefs:0 apps:0 specs:0
[2026-06-18T14:07:07.139Z] [1196/2430] EC52556 (CU2556) — Cabin Filter
[2026-06-18T14:07:07.680Z]   FOUND — crossRefs:0 apps:0 specs:0
[2026-06-18T14:07:09.182Z] [1197/2430] EC50002 (CU26000/2) — Cabin Filter
[2026-06-18T14:07:09.239Z]   FOUND — crossRefs:0 apps:0 specs:0
[2026-06-18T14:07:10.743Z] [1198/2430] EC50082 (CU26008/2) — Cabin Filter
[2026-06-18T14:07:10.798Z]   FOUND — crossRefs:0 apps:0 specs:0
[2026-06-18T14:07:12.302Z] [1199/2430] EC50093 (CU26009/3) — Cabin Filter
[2026-06-18T14:07:12.365Z]   FOUND — crossRefs:0 apps:0 specs:0
[2026-06-18T14:07:13.879Z] [1200/2430] EC50142 (CU26014/2) — Cabin Filter
[2026-06-18T14:07:14.589Z]   FOUND — crossRefs:0 apps:0 specs:0
[2026-06-18T14:07:16.096Z] [1201/2430] EC50252 (CU26025/2) — Cabin Filter
[2026-06-18T14:07:16.239Z]   FOUND — crossRefs:0 apps:0 specs:0
[2026-06-18T14:07:17.747Z] [1202/2430] EC56029 (CU26029) — Cabin Filter
[2026-06-18T14:07:17.814Z]   FOUND — crossRefs:0 apps:0 specs:0
[2026-06-18T14:07:19.315Z] [1203/2430] EC50310 (CU2603/10) — Cabin Filter
[2026-06-18T14:07:19.373Z]   FOUND — crossRefs:0 apps:0 specs:0
[2026-06-18T14:07:20.876Z] [1204/2430] EC50342 (CU26034/2) — Cabin Filter
[2026-06-18T14:07:20.929Z]   FOUND — crossRefs:0 apps:0 specs:0
[2026-06-18T14:07:22.435Z] [1205/2430] EC56053 (CU26053) — Cabin Filter
[2026-06-18T14:07:22.486Z]   FOUND — crossRefs:0 apps:0 specs:0
[2026-06-18T14:07:24.000Z] [1206/2430] EC52649 (CU2649) — Cabin Filter
[2026-06-18T14:07:24.058Z]   FOUND — crossRefs:0 apps:0 specs:0
[2026-06-18T14:07:25.573Z] [1207/2430] EC56721 (CU2672/1) — Cabin Filter
[2026-06-18T14:07:25.633Z]   FOUND — crossRefs:0 apps:0 specs:0
[2026-06-18T14:07:27.138Z] [1208/2430] EC57029 (CU27029) — Cabin Filter
[2026-06-18T14:07:27.201Z]   FOUND — crossRefs:0 apps:0 specs:0
[2026-06-18T14:07:28.709Z] [1209/2430] EC57033 (CU27033) — Cabin Filter
[2026-06-18T14:07:28.756Z]   FOUND — crossRefs:0 apps:0 specs:0
[2026-06-18T14:07:30.267Z] [1210/2430] EC57362 (CU2736/2) — Cabin Filter
[2026-06-18T14:07:30.326Z]   FOUND — crossRefs:0 apps:0 specs:0
[2026-06-18T14:07:31.828Z] [1211/2430] EC52745 (CU2745) — Cabin Filter
[2026-06-18T14:07:31.881Z]   FOUND — crossRefs:32 apps:0 specs:3
[2026-06-18T14:07:33.389Z] [1212/2430] EC57452 (CU2745/2) — Cabin Filter
[2026-06-18T14:07:33.455Z]   FOUND — crossRefs:0 apps:0 specs:0
[2026-06-18T14:07:34.961Z] [1213/2430] EC50101 (CU28010/1) — Cabin Filter
[2026-06-18T14:07:35.016Z]   FOUND — crossRefs:0 apps:0 specs:0
[2026-06-18T14:07:36.527Z] [1214/2430] EC58082 (CU2808/2) — Cabin Filter
[2026-06-18T14:07:36.577Z]   FOUND — crossRefs:0 apps:0 specs:0
[2026-06-18T14:07:38.083Z] [1215/2430] EC52829 (CU2829) — Cabin Filter
[2026-06-18T14:07:38.135Z]   FOUND — crossRefs:0 apps:0 specs:0
[2026-06-18T14:07:39.641Z] [1216/2430] EC58291 (CU2829/1) — Cabin Filter
[2026-06-18T14:07:39.707Z]   FOUND — crossRefs:0 apps:0 specs:0
[2026-06-18T14:07:41.215Z] [1217/2430] EC52836 (CU2836) — Cabin Filter
[2026-06-18T14:07:41.277Z]   FOUND — crossRefs:0 apps:0 specs:0
[2026-06-18T14:07:42.788Z] [1218/2430] EC52845 (CU2845) — Cabin Filter
[2026-06-18T14:07:42.840Z]   FOUND — crossRefs:0 apps:0 specs:0
[2026-06-18T14:07:44.351Z] [1219/2430] EC58561 (CU2856/1) — Cabin Filter
[2026-06-18T14:07:44.429Z]   FOUND — crossRefs:0 apps:0 specs:0
[2026-06-18T14:07:45.945Z] [1220/2430] EC58562 (CU2856/2) — Cabin Filter
[2026-06-18T14:07:45.996Z]   FOUND — crossRefs:0 apps:0 specs:0
[2026-06-18T14:07:47.499Z] [1221/2430] EC52862 (CU2862) — Cabin Filter
[2026-06-18T14:07:47.555Z]   FOUND — crossRefs:12 apps:0 specs:0
[2026-06-18T14:07:49.062Z] [1222/2430] EC58971 (CU2897/1) — Cabin Filter
[2026-06-18T14:07:49.125Z]   FOUND — crossRefs:2 apps:0 specs:0
[2026-06-18T14:07:50.632Z] [1223/2430] EC50022 (CU29002/2) — Cabin Filter
[2026-06-18T14:07:50.699Z]   FOUND — crossRefs:0 apps:0 specs:0
[2026-06-18T14:07:52.200Z] [1224/2430] EC59003 (CU29003) — Cabin Filter
[2026-06-18T14:07:52.256Z]   FOUND — crossRefs:10 apps:0 specs:0
[2026-06-18T14:07:53.764Z] [1225/2430] EC50032 (CU29003/2) — Cabin Filter
[2026-06-18T14:07:53.822Z]   FOUND — crossRefs:0 apps:0 specs:0
[2026-06-18T14:07:55.335Z] [1226/2430] EC52939 (CU2939M) — Cabin Filter
[2026-06-18T14:07:55.439Z]   FOUND — crossRefs:0 apps:0 specs:0
[2026-06-18T14:07:56.945Z] [1227/2430] EC59412 (CU2941/2) — Cabin Filter
[2026-06-18T14:07:57.008Z]   FOUND — crossRefs:0 apps:0 specs:0
[2026-06-18T14:07:58.516Z] [1228/2430] EC52949 (CU2949) — Cabin Filter
[2026-06-18T14:07:58.567Z]   FOUND — crossRefs:32 apps:0 specs:3
[2026-06-18T14:08:00.084Z] [1229/2430] EC59492 (CU2949/2) — Cabin Filter
[2026-06-18T14:08:00.137Z]   FOUND — crossRefs:0 apps:0 specs:0
[2026-06-18T14:08:01.652Z] [1230/2430] EC59493 (CU2949/3) — Cabin Filter
[2026-06-18T14:08:01.707Z]   FOUND — crossRefs:0 apps:0 specs:0
[2026-06-18T14:08:03.226Z] [1231/2430] EC52955 (CU2955) — Cabin Filter
[2026-06-18T14:08:03.288Z]   FOUND — crossRefs:0 apps:0 specs:0
[2026-06-18T14:08:04.792Z] [1232/2430] EC59562 (CU2956/2) — Cabin Filter
[2026-06-18T14:08:04.847Z]   FOUND — crossRefs:0 apps:0 specs:0
[2026-06-18T14:08:06.355Z] [1233/2430] EC50002 (CU30002) — Cabin Filter
[2026-06-18T14:08:06.420Z]   FOUND — crossRefs:0 apps:0 specs:0
[2026-06-18T14:08:07.930Z] [1234/2430] EC50024 (CU30024) — Cabin Filter
[2026-06-18T14:08:07.983Z]   FOUND — crossRefs:0 apps:0 specs:0
[2026-06-18T14:08:09.490Z] [1235/2430] EC50232 (CU3023/2) — Cabin Filter
[2026-06-18T14:08:09.545Z]   FOUND — crossRefs:0 apps:0 specs:0
[2026-06-18T14:08:11.050Z] [1236/2430] EC50332 (CU3033/2) — Cabin Filter
[2026-06-18T14:08:11.115Z]   FOUND — crossRefs:0 apps:0 specs:0
[2026-06-18T14:08:12.627Z] [1237/2430] EC53034 (CU3034) — Cabin Filter
[2026-06-18T14:08:12.682Z]   FOUND — crossRefs:0 apps:0 specs:0
[2026-06-18T14:08:14.186Z] [1238/2430] EC50392 (CU3039/2) — Cabin Filter
[2026-06-18T14:08:14.250Z]   FOUND — crossRefs:0 apps:0 specs:0
[2026-06-18T14:08:15.763Z] [1239/2430] EC53042 (CU3042) — Cabin Filter
[2026-06-18T14:08:15.821Z]   FOUND — crossRefs:36 apps:0 specs:0
[2026-06-18T14:08:17.334Z] [1240/2430] EC53043 (CU3043) — Cabin Filter
[2026-06-18T14:08:17.432Z]   FOUND — crossRefs:0 apps:0 specs:0
[2026-06-18T14:08:18.938Z] [1241/2430] EC51012 (CU31012) — Cabin Filter
[2026-06-18T14:08:18.994Z]   FOUND — crossRefs:0 apps:0 specs:0
[2026-06-18T14:08:20.500Z] [1242/2430] EC51242 (CU3124/2) — Cabin Filter
[2026-06-18T14:08:20.562Z]   FOUND — crossRefs:0 apps:0 specs:0
[2026-06-18T14:08:22.073Z] [1243/2430] EC51392 (CU3139/2) — Cabin Filter
[2026-06-18T14:08:22.123Z]   FOUND — crossRefs:0 apps:0 specs:0
[2026-06-18T14:08:23.632Z] [1244/2430] EC53146 (CU3146) — Cabin Filter
[2026-06-18T14:08:23.690Z]   FOUND — crossRefs:17 apps:0 specs:0
[2026-06-18T14:08:25.204Z] [1245/2430] EC53162 (CU3162) — Cabin Filter
[2026-06-18T14:08:26.004Z]   FOUND — crossRefs:6 apps:0 specs:0
[2026-06-18T14:08:27.522Z] [1246/2430] EC53241 (CU3241) — Cabin Filter
[2026-06-18T14:08:27.644Z]   FOUND — crossRefs:2 apps:0 specs:0
[2026-06-18T14:08:29.159Z] [1247/2430] EC53348 (CU3348) — Cabin Filter
[2026-06-18T14:08:29.215Z]   FOUND — crossRefs:0 apps:0 specs:0
[2026-06-18T14:08:30.726Z] [1248/2430] EC53749 (CU33749) — Cabin Filter
[2026-06-18T14:08:31.217Z]   FOUND — crossRefs:0 apps:0 specs:0
[2026-06-18T14:08:32.719Z] [1249/2430] EC50310 (CU3403/10) — Cabin Filter
[2026-06-18T14:08:32.772Z]   FOUND — crossRefs:0 apps:0 specs:0
[2026-06-18T14:08:34.289Z] [1250/2430] EC54741 (CU3474/1) — Cabin Filter
[2026-06-18T14:08:34.350Z]   FOUND — crossRefs:0 apps:0 specs:0
[2026-06-18T14:08:35.859Z] [1251/2430] EC53553 (CU3553) — Cabin Filter
[2026-06-18T14:08:35.989Z]   FOUND — crossRefs:39 apps:0 specs:3
[2026-06-18T14:08:37.509Z] [1252/2430] EC56044 (CU36044) — Cabin Filter
[2026-06-18T14:08:38.468Z]   FOUND — crossRefs:0 apps:0 specs:0
[2026-06-18T14:08:39.974Z] [1253/2430] EC56422 (CU3642/2) — Cabin Filter
[2026-06-18T14:08:40.689Z]   FOUND — crossRefs:0 apps:0 specs:0
[2026-06-18T14:08:42.193Z] [1254/2430] EC58222 (CU3822/2) — Cabin Filter
[2026-06-18T14:08:42.247Z]   FOUND — crossRefs:0 apps:0 specs:0
[2026-06-18T14:08:43.752Z] [1255/2430] EC59001 (CU39001) — Cabin Filter
[2026-06-18T14:08:43.807Z]   FOUND — crossRefs:0 apps:0 specs:0
[2026-06-18T14:08:45.311Z] [1256/2430] EC59004 (CU39004) — Cabin Filter
[2026-06-18T14:08:45.367Z]   FOUND — crossRefs:0 apps:0 specs:0
[2026-06-18T14:08:46.870Z] [1257/2430] EC53973 (CU3973) — Cabin Filter
[2026-06-18T14:08:46.946Z]   FOUND — crossRefs:27 apps:0 specs:0
[2026-06-18T14:08:48.467Z] [1258/2430] EC53979 (CU3979) — Cabin Filter
[2026-06-18T14:08:48.577Z]   FOUND — crossRefs:44 apps:0 specs:0
[2026-06-18T14:08:50.090Z] [1259/2430] EC54260 (CU4260) — Cabin Filter
[2026-06-18T14:08:50.156Z]   FOUND — crossRefs:77 apps:14 specs:3
[2026-06-18T14:08:51.699Z] [1260/2430] EC54003 (CU44003) — Cabin Filter
[2026-06-18T14:08:51.762Z]   FOUND — crossRefs:0 apps:0 specs:0
[2026-06-18T14:08:53.276Z] [1261/2430] EC56276 (CU4627/6) — Cabin Filter
[2026-06-18T14:08:53.330Z]   FOUND — crossRefs:0 apps:0 specs:0
[2026-06-18T14:08:54.834Z] [1262/2430] EC53203 (CU46320/3) — Cabin Filter
[2026-06-18T14:08:54.895Z]   FOUND — crossRefs:0 apps:0 specs:0
[2026-06-18T14:08:56.411Z] [1263/2430] EC50252 (CU47025/2) — Cabin Filter
[2026-06-18T14:08:56.459Z]   FOUND — crossRefs:0 apps:0 specs:0
[2026-06-18T14:08:57.965Z] [1264/2430] EC52532 (CU47025/3/2) — Cabin Filter
[2026-06-18T14:08:58.014Z]   FOUND — crossRefs:0 apps:0 specs:0
[2026-06-18T14:08:59.525Z] [1265/2430] EC57952 (CU4795/2) — Cabin Filter
[2026-06-18T14:08:59.577Z]   FOUND — crossRefs:0 apps:0 specs:0
[2026-06-18T14:09:01.084Z] [1266/2430] EC50012 (CU48001/2) — Cabin Filter
[2026-06-18T14:09:01.134Z]   FOUND — crossRefs:0 apps:0 specs:0
[2026-06-18T14:09:02.643Z] [1267/2430] EC51110 (CU4811/10) — Cabin Filter
[2026-06-18T14:09:02.701Z]   FOUND — crossRefs:0 apps:0 specs:0
[2026-06-18T14:09:04.203Z] [1268/2430] EC52003 (CU52003) — Cabin Filter
[2026-06-18T14:09:04.257Z]   FOUND — crossRefs:0 apps:0 specs:0
[2026-06-18T14:09:05.762Z] [1269/2430] EC50710 (CU5407/10) — Cabin Filter
[2026-06-18T14:09:05.818Z]   FOUND — crossRefs:0 apps:0 specs:0
[2026-06-18T14:09:07.333Z] [1270/2430] EC54192 (CU54192) — Cabin Filter
[2026-06-18T14:09:07.441Z]   FOUND — crossRefs:9 apps:0 specs:3
[2026-06-18T14:09:08.945Z] [1271/2430] EC52010 (CU5620/10) — Cabin Filter
[2026-06-18T14:09:09.174Z]   FOUND — crossRefs:0 apps:0 specs:0
[2026-06-18T14:09:10.675Z] [1272/2430] EC57003 (CU57003) — Cabin Filter
[2026-06-18T14:09:10.722Z]   FOUND — crossRefs:0 apps:0 specs:0
[2026-06-18T14:09:12.238Z] [1273/2430] EC50004 (CU81000/4) — Cabin Filter
[2026-06-18T14:09:12.289Z]   FOUND — crossRefs:0 apps:0 specs:0
[2026-06-18T14:09:13.799Z] [1274/2430] EC51810 (CU9018(10)) — Cabin Filter
[2026-06-18T14:09:13.872Z]   FOUND — crossRefs:0 apps:0 specs:0
[2026-06-18T14:09:15.377Z] [1275/2430] EC51810 (CU9018/10) — Cabin Filter
[2026-06-18T14:09:15.425Z]   FOUND — crossRefs:0 apps:0 specs:0
[2026-06-18T14:09:16.926Z] [1276/2430] EC52110 (CU9321(10)) — Cabin Filter
[2026-06-18T14:09:18.131Z]   FOUND — crossRefs:0 apps:0 specs:0
[2026-06-18T14:09:19.636Z] [1277/2430] EC52110 (CU9321/10) — Cabin Filter
[2026-06-18T14:09:19.694Z]   FOUND — crossRefs:0 apps:0 specs:0
[2026-06-18T14:09:21.209Z] [1278/2430] EC50191 (CUD20019/1) — Cabin Filter
[2026-06-18T14:09:22.124Z]   FOUND — crossRefs:0 apps:0 specs:0
[2026-06-18T14:09:23.638Z] [1279/2430] EC51004 (CUD51004) — Cabin Filter
[2026-06-18T14:09:23.691Z]   FOUND — crossRefs:0 apps:0 specs:0
[2026-06-18T14:09:25.206Z] [1280/2430] EC55001 (CUD55001) — Cabin Filter
[2026-06-18T14:09:25.849Z]   FOUND — crossRefs:0 apps:0 specs:0
[2026-06-18T14:09:27.351Z] [1281/2430] EC50003 (CUK10003) — Cabin Filter
[2026-06-18T14:09:27.806Z]   FOUND — crossRefs:0 apps:0 specs:0
[2026-06-18T14:09:29.318Z] [1282/2430] EC54003 (CUK14003) — Cabin Filter
[2026-06-18T14:09:29.643Z]   FOUND — crossRefs:0 apps:0 specs:0
[2026-06-18T14:09:31.153Z] [1283/2430] EC54010 (CUK14010) — Cabin Filter
[2026-06-18T14:09:31.757Z]   FOUND — crossRefs:0 apps:0 specs:0
[2026-06-18T14:09:33.273Z] [1284/2430] EC55003 (CUK15003) — Cabin Filter
[2026-06-18T14:09:33.326Z]   FOUND — crossRefs:0 apps:0 specs:0
[2026-06-18T14:09:34.836Z] [1285/2430] EC56011 (CUK16011) — Cabin Filter
[2026-06-18T14:09:34.902Z]   FOUND — crossRefs:0 apps:0 specs:0
[2026-06-18T14:09:36.411Z] [1286/2430] EC57005 (CUK17005) — Cabin Filter
[2026-06-18T14:09:36.467Z]   FOUND — crossRefs:0 apps:0 specs:0
[2026-06-18T14:09:37.969Z] [1287/2430] EC57010 (CUK17010) — Cabin Filter
[2026-06-18T14:09:38.022Z]   FOUND — crossRefs:0 apps:0 specs:0
[2026-06-18T14:09:39.528Z] [1288/2430] EC50002 (CUK18000/2) — Cabin Filter
[2026-06-18T14:09:39.580Z]   FOUND — crossRefs:0 apps:0 specs:0
[2026-06-18T14:09:41.092Z] [1289/2430] EC58004 (CUK18004) — Cabin Filter
[2026-06-18T14:09:41.146Z]   FOUND — crossRefs:0 apps:0 specs:0
[2026-06-18T14:09:42.648Z] [1290/2430] EC58010 (CUK18010) — Cabin Filter
[2026-06-18T14:09:42.732Z]   FOUND — crossRefs:0 apps:0 specs:0
[2026-06-18T14:09:44.236Z] [1291/2430] EC58013 (CUK18013) — Cabin Filter
[2026-06-18T14:09:44.287Z]   FOUND — crossRefs:0 apps:0 specs:0
[2026-06-18T14:09:45.791Z] [1292/2430] EC58202 (CUK1820/2) — Cabin Filter
[2026-06-18T14:09:45.845Z]   FOUND — crossRefs:0 apps:0 specs:0
[2026-06-18T14:09:47.349Z] [1293/2430] EC59001 (CUK19001) — Cabin Filter
[2026-06-18T14:09:47.438Z]   FOUND — crossRefs:0 apps:0 specs:0
[2026-06-18T14:09:48.942Z] [1294/2430] EC50042 (CUK19004/2) — Cabin Filter
[2026-06-18T14:09:49.158Z]   FOUND — crossRefs:0 apps:0 specs:0
[2026-06-18T14:09:50.659Z] [1295/2430] EC59013 (CUK19013) — Cabin Filter
[2026-06-18T14:09:50.793Z]   FOUND — crossRefs:0 apps:0 specs:0
[2026-06-18T14:09:52.298Z] [1296/2430] EC59019 (CUK19019) — Cabin Filter
[2026-06-18T14:09:52.402Z]   FOUND — crossRefs:0 apps:0 specs:0
[2026-06-18T14:09:53.911Z] [1297/2430] EC59020 (CUK19020) — Cabin Filter
[2026-06-18T14:09:53.998Z]   FOUND — crossRefs:0 apps:0 specs:0
[2026-06-18T14:09:55.500Z] [1298/2430] EC59021 (CUK19021) — Cabin Filter
[2026-06-18T14:09:55.575Z]   FOUND — crossRefs:0 apps:0 specs:0
[2026-06-18T14:09:57.079Z] [1299/2430] EC59022 (CUK19022) — Cabin Filter
[2026-06-18T14:09:57.154Z]   FOUND — crossRefs:0 apps:0 specs:0
[2026-06-18T14:09:58.668Z] [1300/2430] EC59031 (CUK19031) — Cabin Filter
[2026-06-18T14:09:58.746Z]   FOUND — crossRefs:0 apps:0 specs:0
[2026-06-18T14:10:00.255Z] [1301/2430] EC59312 (CUK1931/2) — Cabin Filter
[2026-06-18T14:10:00.400Z]   FOUND — crossRefs:0 apps:0 specs:0
[2026-06-18T14:10:01.903Z] [1302/2430] EC50002 (CUK20000/2) — Cabin Filter
[2026-06-18T14:10:01.955Z]   FOUND — crossRefs:0 apps:0 specs:0
[2026-06-18T14:10:03.466Z] [1303/2430] EC50003 (CUK20003) — Cabin Filter
[2026-06-18T14:10:03.520Z]   FOUND — crossRefs:0 apps:0 specs:0
[2026-06-18T14:10:05.023Z] [1304/2430] EC50017 (CUK20017) — Cabin Filter
[2026-06-18T14:10:05.075Z]   FOUND — crossRefs:0 apps:0 specs:0
[2026-06-18T14:10:06.585Z] [1305/2430] EC50027 (CUK20027) — Cabin Filter
[2026-06-18T14:10:07.737Z]   FOUND — crossRefs:0 apps:0 specs:0
[2026-06-18T14:10:09.252Z] [1306/2430] EC50032 (CUK20032) — Cabin Filter
[2026-06-18T14:10:09.311Z]   FOUND — crossRefs:0 apps:0 specs:0
[2026-06-18T14:10:10.816Z] [1307/2430] EC50033 (CUK20033) — Cabin Filter
[2026-06-18T14:10:10.873Z]   FOUND — crossRefs:0 apps:0 specs:0
[2026-06-18T14:10:12.375Z] [1308/2430] EC50034 (CUK20034) — Cabin Filter
[2026-06-18T14:10:13.350Z]   FOUND — crossRefs:0 apps:0 specs:0
[2026-06-18T14:10:14.859Z] [1309/2430] EC50035 (CUK20035) — Cabin Filter
[2026-06-18T14:10:14.918Z]   FOUND — crossRefs:0 apps:0 specs:0
[2026-06-18T14:10:16.431Z] [1310/2430] EC50036 (CUK20036) — Cabin Filter
[2026-06-18T14:10:16.492Z]   FOUND — crossRefs:0 apps:0 specs:0
[2026-06-18T14:10:18.004Z] [1311/2430] EC50043 (CUK20043) — Cabin Filter
[2026-06-18T14:10:18.060Z]   FOUND — crossRefs:0 apps:0 specs:0
[2026-06-18T14:10:19.573Z] [1312/2430] EC50044 (CUK20044) — Cabin Filter
[2026-06-18T14:10:19.621Z]   FOUND — crossRefs:0 apps:0 specs:0
[2026-06-18T14:10:21.123Z] [1313/2430] EC50047 (CUK20047) — Cabin Filter
[2026-06-18T14:10:21.197Z]   FOUND — crossRefs:0 apps:0 specs:0
[2026-06-18T14:10:22.701Z] [1314/2430] EC50048 (CUK20048) — Cabin Filter
[2026-06-18T14:10:22.754Z]   FOUND — crossRefs:0 apps:0 specs:0
[2026-06-18T14:10:24.257Z] [1315/2430] EC50050 (CUK20050) — Cabin Filter
[2026-06-18T14:10:24.785Z]   FOUND — crossRefs:0 apps:0 specs:0
[2026-06-18T14:10:26.295Z] [1316/2430] EC50052 (CUK20052) — Cabin Filter
[2026-06-18T14:10:26.362Z]   FOUND — crossRefs:0 apps:0 specs:0
[2026-06-18T14:10:27.877Z] [1317/2430] EC50053 (CUK20053) — Cabin Filter
[2026-06-18T14:10:27.933Z]   FOUND — crossRefs:0 apps:0 specs:0
[2026-06-18T14:10:29.442Z] [1318/2430] EC50057 (CUK20057) — Cabin Filter
[2026-06-18T14:10:29.495Z]   FOUND — crossRefs:0 apps:0 specs:0
[2026-06-18T14:10:30.998Z] [1319/2430] EC50058 (CUK20058) — Cabin Filter
[2026-06-18T14:10:31.050Z]   FOUND — crossRefs:0 apps:0 specs:0
[2026-06-18T14:10:32.557Z] [1320/2430] EC50612 (CUK20061/2) — Cabin Filter
[2026-06-18T14:10:32.606Z]   FOUND — crossRefs:0 apps:0 specs:0
[2026-06-18T14:10:34.115Z] [1321/2430] EC50632 (CUK20063/2) — Cabin Filter
[2026-06-18T14:10:34.170Z]   FOUND — crossRefs:0 apps:0 specs:0
[2026-06-18T14:10:35.686Z] [1322/2430] EC50064 (CUK20064) — Cabin Filter
[2026-06-18T14:10:35.736Z]   FOUND — crossRefs:0 apps:0 specs:0
[2026-06-18T14:10:37.240Z] [1323/2430] EC50065 (CUK20065) — Cabin Filter
[2026-06-18T14:10:37.290Z]   FOUND — crossRefs:0 apps:0 specs:0
[2026-06-18T14:10:38.798Z] [1324/2430] EC50066 (CUK20066) — Cabin Filter
[2026-06-18T14:10:38.867Z]   FOUND — crossRefs:0 apps:0 specs:0
[2026-06-18T14:10:40.375Z] [1325/2430] EC50067 (CUK20067) — Cabin Filter
[2026-06-18T14:10:40.435Z]   FOUND — crossRefs:0 apps:0 specs:0
[2026-06-18T14:10:41.947Z] [1326/2430] EC50068 (CUK20068) — Cabin Filter
[2026-06-18T14:10:42.000Z]   FOUND — crossRefs:0 apps:0 specs:0
[2026-06-18T14:10:43.503Z] [1327/2430] EC50070 (CUK20070) — Cabin Filter
[2026-06-18T14:10:43.553Z]   FOUND — crossRefs:0 apps:0 specs:0
[2026-06-18T14:10:45.066Z] [1328/2430] EC50071 (CUK20071) — Cabin Filter
[2026-06-18T14:10:45.118Z]   FOUND — crossRefs:0 apps:0 specs:0
[2026-06-18T14:10:46.624Z] [1329/2430] EC50872 (CUK20087/2) — Cabin Filter
[2026-06-18T14:10:46.676Z]   FOUND — crossRefs:0 apps:0 specs:0
[2026-06-18T14:10:48.182Z] [1330/2430] EC50962 (CUK20096/2) — Cabin Filter
[2026-06-18T14:10:48.242Z]   FOUND — crossRefs:0 apps:0 specs:0
[2026-06-18T14:10:49.757Z] [1331/2430] EC50301 (CUK2030/1) — Cabin Filter
[2026-06-18T14:10:49.809Z]   FOUND — crossRefs:0 apps:0 specs:0
[2026-06-18T14:10:51.315Z] [1332/2430] EC50332 (CUK2033/2) — Cabin Filter
[2026-06-18T14:10:51.368Z]   FOUND — crossRefs:0 apps:0 specs:0
[2026-06-18T14:10:52.893Z] [1333/2430] EC52043 (CUK2043M) — Cabin Filter
[2026-06-18T14:10:52.943Z]   FOUND — crossRefs:0 apps:0 specs:0
[2026-06-18T14:10:54.455Z] [1334/2430] EC50002 (CUK21000/2) — Cabin Filter
[2026-06-18T14:10:54.518Z]   FOUND — crossRefs:0 apps:0 specs:0
[2026-06-18T14:10:56.030Z] [1335/2430] EC51010 (CUK21010) — Cabin Filter
[2026-06-18T14:10:56.112Z]   FOUND — crossRefs:0 apps:0 specs:0
[2026-06-18T14:10:57.627Z] [1336/2430] EC51017 (CUK21017) — Cabin Filter
[2026-06-18T14:10:57.679Z]   FOUND — crossRefs:0 apps:0 specs:0
[2026-06-18T14:10:59.191Z] [1337/2430] EC51018 (CUK21018) — Cabin Filter
[2026-06-18T14:10:59.241Z]   FOUND — crossRefs:0 apps:0 specs:0
[2026-06-18T14:11:00.746Z] [1338/2430] EC51019 (CUK21019) — Cabin Filter
[2026-06-18T14:11:00.811Z]   FOUND — crossRefs:0 apps:0 specs:0
[2026-06-18T14:11:02.320Z] [1339/2430] EC51020 (CUK21020) — Cabin Filter
[2026-06-18T14:11:02.373Z]   FOUND — crossRefs:0 apps:0 specs:0
[2026-06-18T14:11:03.876Z] [1340/2430] EC51023 (CUK21023) — Cabin Filter
[2026-06-18T14:11:03.934Z]   FOUND — crossRefs:0 apps:0 specs:0
[2026-06-18T14:11:05.442Z] [1341/2430] EC51024 (CUK21024) — Cabin Filter
[2026-06-18T14:11:05.501Z]   FOUND — crossRefs:0 apps:0 specs:0
[2026-06-18T14:11:07.010Z] [1342/2430] EC51026 (CUK21026) — Cabin Filter
[2026-06-18T14:11:09.156Z]   FOUND — crossRefs:0 apps:0 specs:0
[2026-06-18T14:11:10.668Z] [1343/2430] EC51028 (CUK21028) — Cabin Filter
[2026-06-18T14:11:14.104Z]   FOUND — crossRefs:0 apps:0 specs:0
[2026-06-18T14:11:15.614Z] [1344/2430] EC51029 (CUK21029) — Cabin Filter
[2026-06-18T14:11:15.686Z]   FOUND — crossRefs:0 apps:0 specs:0
[2026-06-18T14:11:17.198Z] [1345/2430] EC51030 (CUK21030) — Cabin Filter
[2026-06-18T14:11:17.259Z]   FOUND — crossRefs:0 apps:0 specs:0
[2026-06-18T14:11:18.770Z] [1346/2430] EC51031 (CUK21031) — Cabin Filter
[2026-06-18T14:11:18.840Z]   FOUND — crossRefs:0 apps:0 specs:0
[2026-06-18T14:11:20.343Z] [1347/2430] EC51032 (CUK21032) — Cabin Filter
[2026-06-18T14:11:20.396Z]   FOUND — crossRefs:0 apps:0 specs:0
[2026-06-18T14:11:21.909Z] [1348/2430] EC51034 (CUK21034) — Cabin Filter
[2026-06-18T14:11:21.958Z]   FOUND — crossRefs:0 apps:0 specs:0
[2026-06-18T14:11:23.465Z] [1349/2430] EC51036 (CUK21036) — Cabin Filter
[2026-06-18T14:11:23.527Z]   FOUND — crossRefs:0 apps:0 specs:0
[2026-06-18T14:11:25.039Z] [1350/2430] EC51038 (CUK21038) — Cabin Filter
[2026-06-18T14:11:25.091Z]   FOUND — crossRefs:0 apps:0 specs:0
[2026-06-18T14:11:26.594Z] [1351/2430] EC50462 (CUK21046/2) — Cabin Filter
[2026-06-18T14:11:26.650Z]   FOUND — crossRefs:0 apps:0 specs:0
[2026-06-18T14:11:28.157Z] [1352/2430] EC51047 (CUK21047) — Cabin Filter
[2026-06-18T14:11:28.210Z]   FOUND — crossRefs:0 apps:0 specs:0
[2026-06-18T14:11:29.718Z] [1353/2430] EC51048 (CUK21048) — Cabin Filter
[2026-06-18T14:11:29.916Z]   FOUND — crossRefs:0 apps:0 specs:0
[2026-06-18T14:11:31.427Z] [1354/2430] EC51052 (CUK21052) — Cabin Filter
[2026-06-18T14:11:32.005Z]   FOUND — crossRefs:0 apps:0 specs:0
[2026-06-18T14:11:33.507Z] [1355/2430] EC50662 (CUK21066/2) — Cabin Filter
[2026-06-18T14:11:33.584Z]   FOUND — crossRefs:0 apps:0 specs:0
[2026-06-18T14:11:35.094Z] [1356/2430] EC51074 (CUK21074) — Cabin Filter
[2026-06-18T14:11:35.237Z]   FOUND — crossRefs:0 apps:0 specs:0
[2026-06-18T14:11:36.747Z] [1357/2430] EC51085 (CUK21085) — Cabin Filter
[2026-06-18T14:11:36.806Z]   FOUND — crossRefs:0 apps:0 specs:0
[2026-06-18T14:11:38.319Z] [1358/2430] EC50862 (CUK21086/2) — Cabin Filter
[2026-06-18T14:11:38.368Z]   FOUND — crossRefs:0 apps:0 specs:0
[2026-06-18T14:11:39.878Z] [1359/2430] EC51091 (CUK21091) — Cabin Filter
[2026-06-18T14:11:39.942Z]   FOUND — crossRefs:0 apps:0 specs:0
[2026-06-18T14:11:41.450Z] [1360/2430] EC51112 (CUK2111/2) — Cabin Filter
[2026-06-18T14:11:41.534Z]   FOUND — crossRefs:0 apps:0 specs:0
[2026-06-18T14:11:43.035Z] [1361/2430] EC52141 (CUK2141M) — Cabin Filter
[2026-06-18T14:11:43.501Z]   FOUND — crossRefs:0 apps:0 specs:0
[2026-06-18T14:11:45.015Z] [1362/2430] EC52000 (CUK22000) — Cabin Filter
[2026-06-18T14:11:45.135Z]   FOUND — crossRefs:8 apps:0 specs:3
[2026-06-18T14:11:46.650Z] [1363/2430] EC50001 (CUK22000/1) — Cabin Filter
[2026-06-18T14:11:46.723Z]   FOUND — crossRefs:0 apps:0 specs:0
[2026-06-18T14:11:48.238Z] [1364/2430] EC50002 (CUK22000/2) — Cabin Filter
[2026-06-18T14:11:48.299Z]   FOUND — crossRefs:0 apps:0 specs:0
[2026-06-18T14:11:49.807Z] [1365/2430] EC50041 (CUK22004/1) — Cabin Filter
[2026-06-18T14:11:49.865Z]   FOUND — crossRefs:0 apps:0 specs:0
[2026-06-18T14:11:51.380Z] [1366/2430] EC50084 (CUK22008/4) — Cabin Filter
[2026-06-18T14:11:51.452Z]   FOUND — crossRefs:0 apps:0 specs:0
[2026-06-18T14:11:52.954Z] [1367/2430] EC52011 (CUK22011M) — Cabin Filter
[2026-06-18T14:11:54.137Z]   FOUND — crossRefs:0 apps:0 specs:0
[2026-06-18T14:11:55.640Z] [1368/2430] EC50202 (CUK22020/2) — Cabin Filter
[2026-06-18T14:11:55.837Z]   FOUND — crossRefs:0 apps:0 specs:0
[2026-06-18T14:11:57.346Z] [1369/2430] EC52022 (CUK22022M) — Cabin Filter
[2026-06-18T14:11:57.541Z]   FOUND — crossRefs:6 apps:0 specs:0
[2026-06-18T14:11:59.057Z] [1370/2430] EC52032 (CUK22032M) — Cabin Filter
[2026-06-18T14:11:59.932Z]   FOUND — crossRefs:0 apps:0 specs:0
[2026-06-18T14:12:01.439Z] [1371/2430] EC52040 (CUK22040) — Cabin Filter
[2026-06-18T14:12:01.604Z]   FOUND — crossRefs:0 apps:0 specs:0
[2026-06-18T14:12:03.107Z] [1372/2430] EC52043 (CUK22043) — Cabin Filter
[2026-06-18T14:12:03.290Z]   FOUND — crossRefs:0 apps:0 specs:0
[2026-06-18T14:12:04.796Z] [1373/2430] EC52048 (CUK22048) — Cabin Filter
[2026-06-18T14:12:04.927Z]   FOUND — crossRefs:0 apps:0 specs:0
[2026-06-18T14:12:06.439Z] [1374/2430] EC52049 (CUK22049) — Cabin Filter
[2026-06-18T14:12:06.602Z]   FOUND — crossRefs:0 apps:0 specs:0
[2026-06-18T14:12:08.104Z] [1375/2430] EC52050 (CUK22050) — Cabin Filter
[2026-06-18T14:12:08.220Z]   FOUND — crossRefs:0 apps:0 specs:0
[2026-06-18T14:12:09.729Z] [1376/2430] EC50522 (CUK22052/2) — Cabin Filter
[2026-06-18T14:12:09.814Z]   FOUND — crossRefs:0 apps:0 specs:0
[2026-06-18T14:12:11.319Z] [1377/2430] EC52061 (CUK22061) — Cabin Filter
[2026-06-18T14:12:11.769Z]   FOUND — crossRefs:0 apps:0 specs:0
[2026-06-18T14:12:13.274Z] [1378/2430] EC52062 (CUK22062) — Cabin Filter
[2026-06-18T14:12:13.365Z]   FOUND — crossRefs:0 apps:0 specs:0
[2026-06-18T14:12:14.869Z] [1379/2430] EC52063 (CUK22063) — Cabin Filter
[2026-06-18T14:12:14.965Z]   FOUND — crossRefs:0 apps:0 specs:0
[2026-06-18T14:12:16.470Z] [1380/2430] EC52065 (CUK22065) — Cabin Filter
[2026-06-18T14:12:16.578Z]   FOUND — crossRefs:0 apps:0 specs:0
[2026-06-18T14:12:18.087Z] [1381/2430] EC52067 (CUK22067) — Cabin Filter
[2026-06-18T14:12:18.166Z]   FOUND — crossRefs:0 apps:0 specs:0
[2026-06-18T14:12:19.673Z] [1382/2430] EC50782 (CUK22078/2) — Cabin Filter
[2026-06-18T14:12:19.750Z]   FOUND — crossRefs:0 apps:0 specs:0
[2026-06-18T14:12:21.262Z] [1383/2430] EC52087 (CUK22087) — Cabin Filter
[2026-06-18T14:12:21.704Z]   FOUND — crossRefs:0 apps:0 specs:0
[2026-06-18T14:12:23.217Z] [1384/2430] EC52142 (CUK2214/2) — Cabin Filter
[2026-06-18T14:12:23.298Z]   FOUND — crossRefs:0 apps:0 specs:0
[2026-06-18T14:12:24.812Z] [1385/2430] EC52200 (CUK22200) — Cabin Filter
[2026-06-18T14:12:24.890Z]   FOUND — crossRefs:0 apps:0 specs:0
[2026-06-18T14:12:26.392Z] [1386/2430] EC52227 (CUK2227M) — Cabin Filter
[2026-06-18T14:12:26.467Z]   FOUND — crossRefs:0 apps:0 specs:0
[2026-06-18T14:12:27.969Z] [1387/2430] EC52412 (CUK2241/2) — Cabin Filter
[2026-06-18T14:12:28.044Z]   FOUND — crossRefs:0 apps:0 specs:0
[2026-06-18T14:12:29.546Z] [1388/2430] EC50042 (CUK23004/2) — Cabin Filter
[2026-06-18T14:12:29.624Z]   FOUND — crossRefs:0 apps:0 specs:0
[2026-06-18T14:12:31.125Z] [1389/2430] EC50052 (CUK23005/2) — Cabin Filter
[2026-06-18T14:12:31.195Z]   FOUND — crossRefs:0 apps:0 specs:0
[2026-06-18T14:12:32.703Z] [1390/2430] EC50142 (CUK23014/2) — Cabin Filter
[2026-06-18T14:12:32.798Z]   FOUND — crossRefs:0 apps:0 specs:0
[2026-06-18T14:12:34.309Z] [1391/2430] EC51422 (CUK23014/2/2) — Cabin Filter
[2026-06-18T14:12:34.400Z]   FOUND — crossRefs:0 apps:0 specs:0
[2026-06-18T14:12:35.915Z] [1392/2430] EC50152 (CUK23015/2) — Cabin Filter
[2026-06-18T14:12:35.997Z]   FOUND — crossRefs:0 apps:0 specs:0
[2026-06-18T14:12:37.500Z] [1393/2430] EC51522 (CUK23015/2/2) — Cabin Filter
[2026-06-18T14:12:37.583Z]   FOUND — crossRefs:0 apps:0 specs:0
[2026-06-18T14:12:39.090Z] [1394/2430] EC53016 (CUK23016) — Cabin Filter
[2026-06-18T14:12:39.166Z]   FOUND — crossRefs:0 apps:0 specs:0
[2026-06-18T14:12:40.675Z] [1395/2430] EC53018 (CUK23018) — Cabin Filter
[2026-06-18T14:12:41.148Z]   FOUND — crossRefs:0 apps:0 specs:0
[2026-06-18T14:12:42.654Z] [1396/2430] EC53019 (CUK23019) — Cabin Filter
[2026-06-18T14:12:42.740Z]   FOUND — crossRefs:0 apps:0 specs:0
[2026-06-18T14:12:44.256Z] [1397/2430] EC50191 (CUK23019/1M) — Cabin Filter
[2026-06-18T14:12:44.326Z]   FOUND — crossRefs:0 apps:0 specs:0
[2026-06-18T14:12:45.832Z] [1398/2430] EC53021 (CUK23021) — Cabin Filter
[2026-06-18T14:12:45.907Z]   FOUND — crossRefs:0 apps:0 specs:0
[2026-06-18T14:12:47.418Z] [1399/2430] EC53023 (CUK23023) — Cabin Filter
[2026-06-18T14:12:47.480Z]   FOUND — crossRefs:0 apps:0 specs:0
[2026-06-18T14:12:48.995Z] [1400/2430] EC53029 (CUK23029) — Cabin Filter
[2026-06-18T14:12:49.084Z]   FOUND — crossRefs:0 apps:0 specs:0
[2026-06-18T14:12:50.591Z] [1401/2430] EC53030 (CUK23030) — Cabin Filter
[2026-06-18T14:12:50.749Z]   FOUND — crossRefs:0 apps:0 specs:0
[2026-06-18T14:12:52.263Z] [1402/2430] EC53034 (CUK23034) — Cabin Filter
[2026-06-18T14:12:52.325Z]   FOUND — crossRefs:0 apps:0 specs:0
[2026-06-18T14:12:53.835Z] [1403/2430] EC53036 (CUK23036) — Cabin Filter
[2026-06-18T14:12:53.976Z]   FOUND — crossRefs:0 apps:0 specs:0
[2026-06-18T14:12:55.492Z] [1404/2430] EC53041 (CUK23041) — Cabin Filter
[2026-06-18T14:12:55.613Z]   FOUND — crossRefs:0 apps:0 specs:0
[2026-06-18T14:12:57.119Z] [1405/2430] EC53065 (CUK23065) — Cabin Filter
[2026-06-18T14:12:57.329Z]   FOUND — crossRefs:0 apps:0 specs:0
[2026-06-18T14:12:58.833Z] [1406/2430] EC53067 (CUK23067) — Cabin Filter
[2026-06-18T14:12:58.914Z]   FOUND — crossRefs:0 apps:0 specs:0
[2026-06-18T14:13:00.424Z] [1407/2430] EC53068 (CUK23068) — Cabin Filter
[2026-06-18T14:13:00.480Z]   FOUND — crossRefs:0 apps:0 specs:0
[2026-06-18T14:13:01.988Z] [1408/2430] EC53069 (CUK23069) — Cabin Filter
[2026-06-18T14:13:02.071Z]   FOUND — crossRefs:0 apps:0 specs:0
[2026-06-18T14:13:03.578Z] [1409/2430] EC53070 (CUK23070) — Cabin Filter
[2026-06-18T14:13:03.668Z]   FOUND — crossRefs:0 apps:0 specs:0
[2026-06-18T14:13:05.169Z] [1410/2430] EC53071 (CUK23071) — Cabin Filter
[2026-06-18T14:13:05.241Z]   FOUND — crossRefs:0 apps:0 specs:0
[2026-06-18T14:13:06.755Z] [1411/2430] EC53182 (CUK2318/2) — Cabin Filter
[2026-06-18T14:13:07.308Z]   FOUND — crossRefs:0 apps:0 specs:0
[2026-06-18T14:13:08.813Z] [1412/2430] EC53197 (CUK23197) — Cabin Filter
[2026-06-18T14:13:08.874Z]   FOUND — crossRefs:0 apps:0 specs:0
[2026-06-18T14:13:10.389Z] [1413/2430] EC53272 (CUK2327/2) — Cabin Filter
[2026-06-18T14:13:10.462Z]   FOUND — crossRefs:0 apps:0 specs:0
[2026-06-18T14:13:11.967Z] [1414/2430] EC52336 (CUK2336M) — Cabin Filter
[2026-06-18T14:13:12.024Z]   FOUND — crossRefs:0 apps:0 specs:0
[2026-06-18T14:13:13.536Z] [1415/2430] EC54002 (CUK24002) — Cabin Filter
[2026-06-18T14:13:13.806Z]   FOUND — crossRefs:5 apps:0 specs:0
[2026-06-18T14:13:15.307Z] [1416/2430] EC50034 (CUK24003/4) — Cabin Filter
[2026-06-18T14:13:15.370Z]   FOUND — crossRefs:0 apps:0 specs:0
[2026-06-18T14:13:16.883Z] [1417/2430] EC54004 (CUK24004M) — Cabin Filter
[2026-06-18T14:13:16.940Z]   FOUND — crossRefs:0 apps:0 specs:0
[2026-06-18T14:13:18.453Z] [1418/2430] EC54013 (CUK24013M) — Cabin Filter
[2026-06-18T14:13:18.516Z]   FOUND — crossRefs:0 apps:0 specs:0
[2026-06-18T14:13:20.031Z] [1419/2430] EC54029 (CUK24029) — Cabin Filter
[2026-06-18T14:13:20.096Z]   FOUND — crossRefs:0 apps:0 specs:0
[2026-06-18T14:13:21.600Z] [1420/2430] EC54030 (CUK24030) — Cabin Filter
[2026-06-18T14:13:21.664Z]   FOUND — crossRefs:0 apps:0 specs:0
[2026-06-18T14:13:23.170Z] [1421/2430] EC50322 (CUK24032/2) — Cabin Filter
[2026-06-18T14:13:23.244Z]   FOUND — crossRefs:0 apps:0 specs:0
[2026-06-18T14:13:24.755Z] [1422/2430] EC54034 (CUK24034) — Cabin Filter
[2026-06-18T14:13:24.856Z]   FOUND — crossRefs:0 apps:0 specs:0
[2026-06-18T14:13:26.362Z] [1423/2430] EC54037 (CUK24037) — Cabin Filter
[2026-06-18T14:13:26.421Z]   FOUND — crossRefs:0 apps:0 specs:0
[2026-06-18T14:13:27.922Z] [1424/2430] EC54040 (CUK24040) — Cabin Filter
[2026-06-18T14:13:27.979Z]   FOUND — crossRefs:0 apps:0 specs:0
[2026-06-18T14:13:29.494Z] [1425/2430] EC54041 (CUK24041) — Cabin Filter
[2026-06-18T14:13:29.553Z]   FOUND — crossRefs:0 apps:0 specs:0
[2026-06-18T14:13:31.055Z] [1426/2430] EC54042 (CUK24042) — Cabin Filter
[2026-06-18T14:13:31.121Z]   FOUND — crossRefs:0 apps:0 specs:0
[2026-06-18T14:13:32.627Z] [1427/2430] EC54047 (CUK24047) — Cabin Filter
[2026-06-18T14:13:32.686Z]   FOUND — crossRefs:0 apps:0 specs:0
[2026-06-18T14:13:34.188Z] [1428/2430] EC54050 (CUK24050) — Cabin Filter
[2026-06-18T14:13:34.265Z]   FOUND — crossRefs:0 apps:0 specs:0
[2026-06-18T14:13:35.778Z] [1429/2430] EC54053 (CUK24053) — Cabin Filter
[2026-06-18T14:13:35.862Z]   FOUND — crossRefs:0 apps:0 specs:0
[2026-06-18T14:13:37.372Z] [1430/2430] EC54054 (CUK24054) — Cabin Filter
[2026-06-18T14:13:37.622Z]   FOUND — crossRefs:0 apps:0 specs:0
[2026-06-18T14:13:39.134Z] [1431/2430] EC54056 (CUK24056) — Cabin Filter
[2026-06-18T14:13:39.194Z]   FOUND — crossRefs:0 apps:0 specs:0
[2026-06-18T14:13:40.705Z] [1432/2430] EC54067 (CUK24067) — Cabin Filter
[2026-06-18T14:13:40.766Z]   FOUND — crossRefs:0 apps:0 specs:0
[2026-06-18T14:13:42.278Z] [1433/2430] EC54068 (CUK24068) — Cabin Filter
[2026-06-18T14:13:42.341Z]   FOUND — crossRefs:0 apps:0 specs:0
[2026-06-18T14:13:43.852Z] [1434/2430] EC54093 (CUK24093) — Cabin Filter
[2026-06-18T14:13:43.933Z]   FOUND — crossRefs:0 apps:0 specs:0
[2026-06-18T14:13:45.436Z] [1435/2430] EC54503 (CUK2450/3) — Cabin Filter
[2026-06-18T14:13:45.513Z]   FOUND — crossRefs:0 apps:0 specs:0
[2026-06-18T14:13:47.022Z] [1436/2430] EC55002 (CUK25002) — Cabin Filter
[2026-06-18T14:13:47.083Z]   FOUND — crossRefs:0 apps:0 specs:0
[2026-06-18T14:13:48.597Z] [1437/2430] EC55007 (CUK25007M) — Cabin Filter
[2026-06-18T14:13:48.659Z]   FOUND — crossRefs:0 apps:0 specs:0
[2026-06-18T14:13:50.172Z] [1438/2430] EC51512 (CUK25015/1/2) — Cabin Filter
[2026-06-18T14:13:50.841Z]   FOUND — crossRefs:0 apps:0 specs:0
[2026-06-18T14:13:52.352Z] [1439/2430] EC55212 (CUK25015/21/2) — Cabin Filter
[2026-06-18T14:13:52.521Z]   FOUND — crossRefs:0 apps:0 specs:0
[2026-06-18T14:13:54.030Z] [1440/2430] EC55016 (CUK25016) — Cabin Filter
[2026-06-18T14:13:54.194Z]   FOUND — crossRefs:0 apps:0 specs:0
[2026-06-18T14:13:55.706Z] [1441/2430] EC55017 (CUK25017) — Cabin Filter
[2026-06-18T14:13:55.797Z]   FOUND — crossRefs:0 apps:0 specs:0
[2026-06-18T14:13:57.307Z] [1442/2430] EC55028 (CUK25028) — Cabin Filter
[2026-06-18T14:13:57.370Z]   FOUND — crossRefs:0 apps:0 specs:0
[2026-06-18T14:13:58.876Z] [1443/2430] EC50342 (CUK25034/2) — Cabin Filter
[2026-06-18T14:13:58.944Z]   FOUND — crossRefs:0 apps:0 specs:0
[2026-06-18T14:14:00.445Z] [1444/2430] EC55035 (CUK25035) — Cabin Filter
[2026-06-18T14:14:00.519Z]   FOUND — crossRefs:0 apps:0 specs:0
[2026-06-18T14:14:02.026Z] [1445/2430] EC55045 (CUK25045) — Cabin Filter
[2026-06-18T14:14:02.095Z]   FOUND — crossRefs:0 apps:0 specs:0
[2026-06-18T14:14:03.601Z] [1446/2430] EC55048 (CUK25048) — Cabin Filter
[2026-06-18T14:14:03.694Z]   FOUND — crossRefs:0 apps:0 specs:0
[2026-06-18T14:14:05.207Z] [1447/2430] EC55055 (CUK25055) — Cabin Filter
[2026-06-18T14:14:05.290Z]   FOUND — crossRefs:0 apps:0 specs:0
[2026-06-18T14:14:06.796Z] [1448/2430] EC55063 (CUK25063) — Cabin Filter
[2026-06-18T14:14:06.868Z]   FOUND — crossRefs:0 apps:0 specs:0
[2026-06-18T14:14:08.381Z] [1449/2430] EC50642 (CUK25064/2) — Cabin Filter
[2026-06-18T14:14:08.446Z]   FOUND — crossRefs:0 apps:0 specs:0
[2026-06-18T14:14:09.951Z] [1450/2430] EC50682 (CUK25068/2) — Cabin Filter
[2026-06-18T14:14:10.015Z]   FOUND — crossRefs:0 apps:0 specs:0
[2026-06-18T14:14:11.528Z] [1451/2430] EC55076 (CUK25076) — Cabin Filter
[2026-06-18T14:14:11.588Z]   FOUND — crossRefs:0 apps:0 specs:0
[2026-06-18T14:14:13.091Z] [1452/2430] EC55081 (CUK25081) — Cabin Filter
[2026-06-18T14:14:13.271Z]   FOUND — crossRefs:0 apps:0 specs:0
[2026-06-18T14:14:14.776Z] [1453/2430] EC55094 (CUK25094) — Cabin Filter
[2026-06-18T14:14:14.861Z]   FOUND — crossRefs:0 apps:0 specs:0
[2026-06-18T14:14:16.369Z] [1454/2430] EC53312 (CUK2533/1/2) — Cabin Filter
[2026-06-18T14:14:16.433Z]   FOUND — crossRefs:0 apps:0 specs:0
[2026-06-18T14:14:17.936Z] [1455/2430] EC55332 (CUK2533/2) — Cabin Filter
[2026-06-18T14:14:17.996Z]   FOUND — crossRefs:0 apps:0 specs:0
[2026-06-18T14:14:19.510Z] [1456/2430] EC56010 (CUK26010M) — Cabin Filter
[2026-06-18T14:14:19.576Z]   FOUND — crossRefs:0 apps:0 specs:0
[2026-06-18T14:14:21.079Z] [1457/2430] EC50112 (CUK26011/2) — Cabin Filter
[2026-06-18T14:14:21.145Z]   FOUND — crossRefs:0 apps:0 specs:0
[2026-06-18T14:14:22.651Z] [1458/2430] EC51232 (CUK26012/3/2) — Cabin Filter
[2026-06-18T14:14:23.371Z]   FOUND — crossRefs:0 apps:0 specs:0
[2026-06-18T14:14:24.878Z] [1459/2430] EC50132 (CUK26013/2) — Cabin Filter
[2026-06-18T14:14:24.943Z]   FOUND — crossRefs:0 apps:0 specs:0
[2026-06-18T14:14:26.450Z] [1460/2430] EC50142 (CUK26014/2) — Cabin Filter
[2026-06-18T14:14:26.547Z]   FOUND — crossRefs:0 apps:0 specs:0
[2026-06-18T14:14:28.051Z] [1461/2430] EC56017 (CUK26017M) — Cabin Filter
[2026-06-18T14:14:28.111Z]   FOUND — crossRefs:0 apps:0 specs:0
[2026-06-18T14:14:29.616Z] [1462/2430] EC56020 (CUK26020) — Cabin Filter
[2026-06-18T14:14:29.675Z]   FOUND — crossRefs:0 apps:0 specs:0
[2026-06-18T14:14:31.188Z] [1463/2430] EC50252 (CUK26025/2) — Cabin Filter
[2026-06-18T14:14:31.257Z]   FOUND — crossRefs:0 apps:0 specs:0
[2026-06-18T14:14:32.762Z] [1464/2430] EC50282 (CUK26028/2) — Cabin Filter
[2026-06-18T14:14:32.821Z]   FOUND — crossRefs:0 apps:0 specs:0
[2026-06-18T14:14:34.331Z] [1465/2430] EC56030 (CUK26030) — Cabin Filter
[2026-06-18T14:14:34.391Z]   FOUND — crossRefs:0 apps:0 specs:0
[2026-06-18T14:14:35.897Z] [1466/2430] EC50342 (CUK26034/2) — Cabin Filter
[2026-06-18T14:14:36.096Z]   FOUND — crossRefs:0 apps:0 specs:0
[2026-06-18T14:14:37.609Z] [1467/2430] EC56036 (CUK26036) — Cabin Filter
[2026-06-18T14:14:38.282Z]   FOUND — crossRefs:0 apps:0 specs:0
[2026-06-18T14:14:39.794Z] [1468/2430] EC50372 (CUK26037/2) — Cabin Filter
[2026-06-18T14:14:39.857Z]   FOUND — crossRefs:0 apps:0 specs:0
[2026-06-18T14:14:41.366Z] [1469/2430] EC56039 (CUK26039) — Cabin Filter
[2026-06-18T14:14:41.628Z]   FOUND — crossRefs:0 apps:0 specs:0
[2026-06-18T14:14:43.130Z] [1470/2430] EC56040 (CUK26040) — Cabin Filter
[2026-06-18T14:14:43.230Z]   FOUND — crossRefs:0 apps:0 specs:0
[2026-06-18T14:14:44.735Z] [1471/2430] EC56042 (CUK26042) — Cabin Filter
[2026-06-18T14:14:45.324Z]   FOUND — crossRefs:0 apps:0 specs:0
[2026-06-18T14:14:46.828Z] [1472/2430] EC56046 (CUK26046) — Cabin Filter
[2026-06-18T14:14:46.933Z]   FOUND — crossRefs:0 apps:0 specs:0
[2026-06-18T14:14:48.435Z] [1473/2430] EC56067 (CUK26067) — Cabin Filter
[2026-06-18T14:14:48.501Z]   FOUND — crossRefs:0 apps:0 specs:0
[2026-06-18T14:14:50.008Z] [1474/2430] EC56069 (CUK26069) — Cabin Filter
[2026-06-18T14:14:50.074Z]   FOUND — crossRefs:0 apps:0 specs:0
[2026-06-18T14:14:51.582Z] [1475/2430] EC56081 (CUK26081) — Cabin Filter
[2026-06-18T14:14:51.637Z]   FOUND — crossRefs:0 apps:0 specs:0
[2026-06-18T14:14:53.138Z] [1476/2430] EC52639 (CUK2639) — Cabin Filter
[2026-06-18T14:14:53.200Z]   FOUND — crossRefs:47 apps:0 specs:3
[2026-06-18T14:14:54.714Z] [1477/2430] EC56412 (CUK2641/2) — Cabin Filter
[2026-06-18T14:14:54.795Z]   FOUND — crossRefs:0 apps:0 specs:0
[2026-06-18T14:14:56.302Z] [1478/2430] EC54612 (CUK2646/1/2) — Cabin Filter
[2026-06-18T14:14:56.367Z]   FOUND — crossRefs:0 apps:0 specs:0
[2026-06-18T14:14:57.870Z] [1479/2430] EC56462 (CUK2646/2) — Cabin Filter
[2026-06-18T14:14:57.927Z]   FOUND — crossRefs:0 apps:0 specs:0
[2026-06-18T14:14:59.432Z] [1480/2430] EC50612 (CUK27006/1/2) — Cabin Filter
[2026-06-18T14:14:59.492Z]   FOUND — crossRefs:0 apps:0 specs:0
[2026-06-18T14:15:01.005Z] [1481/2430] EC57011 (CUK27011) — Cabin Filter
[2026-06-18T14:15:01.066Z]   FOUND — crossRefs:0 apps:0 specs:0
[2026-06-18T14:15:02.579Z] [1482/2430] EC50122 (CUK27012/2) — Cabin Filter
[2026-06-18T14:15:02.641Z]   FOUND — crossRefs:0 apps:0 specs:0
[2026-06-18T14:15:04.151Z] [1483/2430] EC50212 (CUK27021/2) — Cabin Filter
[2026-06-18T14:15:04.217Z]   FOUND — crossRefs:0 apps:0 specs:0
[2026-06-18T14:15:05.730Z] [1484/2430] EC57022 (CUK27022) — Cabin Filter
[2026-06-18T14:15:05.795Z]   FOUND — crossRefs:0 apps:0 specs:0
[2026-06-18T14:15:07.299Z] [1485/2430] EC57024 (CUK27024) — Cabin Filter
[2026-06-18T14:15:07.364Z]   FOUND — crossRefs:0 apps:0 specs:0
[2026-06-18T14:15:08.866Z] [1486/2430] EC57058 (CUK27058) — Cabin Filter
[2026-06-18T14:15:08.934Z]   FOUND — crossRefs:0 apps:0 specs:0
[2026-06-18T14:15:10.436Z] [1487/2430] EC57222 (CUK2722/2) — Cabin Filter
[2026-06-18T14:15:10.499Z]   FOUND — crossRefs:0 apps:0 specs:0
[2026-06-18T14:15:12.005Z] [1488/2430] EC57232 (CUK2723/2) — Cabin Filter
[2026-06-18T14:15:12.072Z]   FOUND — crossRefs:45 apps:0 specs:0
[2026-06-18T14:15:13.591Z] [1489/2430] EC52725 (CUK2725) — Cabin Filter
[2026-06-18T14:15:13.647Z]   FOUND — crossRefs:6 apps:0 specs:0
[2026-06-18T14:15:15.153Z] [1490/2430] EC57331 (CUK2733/1) — Cabin Filter
[2026-06-18T14:15:15.210Z]   FOUND — crossRefs:0 apps:0 specs:0
[2026-06-18T14:15:16.715Z] [1491/2430] EC57332 (CUK2733/2) — Cabin Filter
[2026-06-18T14:15:16.779Z]   FOUND — crossRefs:0 apps:0 specs:0
[2026-06-18T14:15:18.290Z] [1492/2430] EC57362 (CUK2736/2) — Cabin Filter
[2026-06-18T14:15:18.362Z]   FOUND — crossRefs:0 apps:0 specs:0
[2026-06-18T14:15:19.871Z] [1493/2430] EC57431 (CUK2743/1) — Cabin Filter
[2026-06-18T14:15:19.927Z]   FOUND — crossRefs:0 apps:0 specs:0
[2026-06-18T14:15:21.429Z] [1494/2430] EC52744 (CUK2744) — Cabin Filter
[2026-06-18T14:15:21.506Z]   FOUND — crossRefs:3 apps:0 specs:0
[2026-06-18T14:15:23.019Z] [1495/2430] EC58001 (CUK28001M) — Cabin Filter
[2026-06-18T14:15:23.079Z]   FOUND — crossRefs:0 apps:0 specs:0
[2026-06-18T14:15:24.586Z] [1496/2430] EC58025 (CUK28025) — Cabin Filter
[2026-06-18T14:15:24.698Z]   FOUND — crossRefs:0 apps:0 specs:0
[2026-06-18T14:15:26.207Z] [1497/2430] EC58029 (CUK28029) — Cabin Filter
[2026-06-18T14:15:26.289Z]   FOUND — crossRefs:0 apps:0 specs:0
[2026-06-18T14:15:27.798Z] [1498/2430] EC58041 (CUK28041) — Cabin Filter
[2026-06-18T14:15:27.909Z]   FOUND — crossRefs:0 apps:0 specs:0
[2026-06-18T14:15:29.419Z] [1499/2430] EC58089 (CUK28089) — Cabin Filter
[2026-06-18T14:15:29.483Z]   FOUND — crossRefs:0 apps:0 specs:0
[2026-06-18T14:15:30.990Z] [1500/2430] EC58095 (CUK28095) — Cabin Filter
[2026-06-18T14:15:31.048Z]   FOUND — crossRefs:0 apps:0 specs:0
[2026-06-18T14:15:32.550Z] [1501/2430] EC58240 (CUK28240) — Cabin Filter
[2026-06-18T14:15:32.748Z]   FOUND — crossRefs:0 apps:0 specs:0
[2026-06-18T14:15:34.248Z] [1502/2430] EC52862 (CUK2862M) — Cabin Filter
[2026-06-18T14:15:34.305Z]   FOUND — crossRefs:0 apps:0 specs:0
[2026-06-18T14:15:35.812Z] [1503/2430] EC52865 (CUK2865) — Cabin Filter
[2026-06-18T14:15:35.868Z]   FOUND — crossRefs:0 apps:0 specs:0
[2026-06-18T14:15:37.370Z] [1504/2430] EC52882 (CUK2882M) — Cabin Filter
[2026-06-18T14:15:37.724Z]   FOUND — crossRefs:0 apps:0 specs:0
[2026-06-18T14:15:39.225Z] [1505/2430] EC58971 (CUK2897/1) — Cabin Filter
[2026-06-18T14:15:39.315Z]   FOUND — crossRefs:117 apps:0 specs:0
[2026-06-18T14:15:40.845Z] [1506/2430] EC59003 (CUK29003) — Cabin Filter
[2026-06-18T14:15:40.899Z]   FOUND — crossRefs:8 apps:0 specs:0
[2026-06-18T14:15:42.409Z] [1507/2430] EC50032 (CUK29003/2) — Cabin Filter
[2026-06-18T14:15:42.630Z]   FOUND — crossRefs:0 apps:0 specs:0
[2026-06-18T14:15:44.145Z] [1508/2430] EC50032 (CUK29003/2M) — Cabin Filter
[2026-06-18T14:15:44.212Z]   FOUND — crossRefs:0 apps:0 specs:0
[2026-06-18T14:15:45.721Z] [1509/2430] EC59010 (CUK29010M) — Cabin Filter
[2026-06-18T14:15:45.779Z]   FOUND — crossRefs:0 apps:0 specs:0
[2026-06-18T14:15:47.296Z] [1510/2430] EC59023 (CUK29023) — Cabin Filter
[2026-06-18T14:15:47.362Z]   FOUND — crossRefs:0 apps:0 specs:0
[2026-06-18T14:15:48.883Z] [1511/2430] EC59060 (CUK29060) — Cabin Filter
[2026-06-18T14:15:48.937Z]   FOUND — crossRefs:0 apps:0 specs:0
[2026-06-18T14:15:50.442Z] [1512/2430] EC59154 (CUK29154) — Cabin Filter
[2026-06-18T14:15:50.515Z]   FOUND — crossRefs:2 apps:0 specs:3
[2026-06-18T14:15:52.031Z] [1513/2430] EC59401 (CUK2940/1) — Cabin Filter
[2026-06-18T14:15:52.078Z]   FOUND — crossRefs:0 apps:0 specs:0
[2026-06-18T14:15:53.594Z] [1514/2430] EC52940 (CUK2940M) — Cabin Filter
[2026-06-18T14:15:53.644Z]   FOUND — crossRefs:0 apps:0 specs:0
[2026-06-18T14:15:55.155Z] [1515/2430] EC59412 (CUK2941/2) — Cabin Filter
[2026-06-18T14:15:55.215Z]   FOUND — crossRefs:0 apps:0 specs:0
[2026-06-18T14:15:56.719Z] [1516/2430] EC52949 (CUK2949) — Cabin Filter
[2026-06-18T14:15:56.768Z]   FOUND — crossRefs:35 apps:0 specs:3
[2026-06-18T14:15:58.279Z] [1517/2430] EC59492 (CUK2949/2) — Cabin Filter
[2026-06-18T14:15:58.682Z]   FOUND — crossRefs:0 apps:0 specs:0
[2026-06-18T14:16:00.188Z] [1518/2430] EC50073 (CUK30007/3) — Cabin Filter
[2026-06-18T14:16:00.249Z]   FOUND — crossRefs:0 apps:0 specs:0
[2026-06-18T14:16:01.762Z] [1519/2430] EC50091 (CUK30009/1) — Cabin Filter
[2026-06-18T14:16:01.823Z]   FOUND — crossRefs:0 apps:0 specs:0
[2026-06-18T14:16:03.334Z] [1520/2430] EC53023 (CUK3023) — Cabin Filter
[2026-06-18T14:16:03.404Z]   FOUND — crossRefs:45 apps:0 specs:3
[2026-06-18T14:16:04.924Z] [1521/2430] EC50232 (CUK3023/2) — Cabin Filter
[2026-06-18T14:16:04.993Z]   FOUND — crossRefs:0 apps:0 specs:0
[2026-06-18T14:16:06.501Z] [1522/2430] EC50392 (CUK3039/2) — Cabin Filter
[2026-06-18T14:16:06.621Z]   FOUND — crossRefs:0 apps:0 specs:0
[2026-06-18T14:16:08.121Z] [1523/2430] EC50031 (CUK31003/1) — Cabin Filter
[2026-06-18T14:16:08.214Z]   FOUND — crossRefs:0 apps:0 specs:0
[2026-06-18T14:16:09.726Z] [1524/2430] EC51242 (CUK3124/2) — Cabin Filter
[2026-06-18T14:16:09.778Z]   FOUND — crossRefs:0 apps:0 specs:0
[2026-06-18T14:16:11.292Z] [1525/2430] EC51392 (CUK3139/2) — Cabin Filter
[2026-06-18T14:16:11.369Z]   FOUND — crossRefs:0 apps:0 specs:0
[2026-06-18T14:16:12.875Z] [1526/2430] EC50062 (CUK33006/2) — Cabin Filter
[2026-06-18T14:16:12.942Z]   FOUND — crossRefs:0 apps:0 specs:0
[2026-06-18T14:16:14.455Z] [1527/2430] EC53008 (CUK33008) — Cabin Filter
[2026-06-18T14:16:14.536Z]   FOUND — crossRefs:0 apps:0 specs:0
[2026-06-18T14:16:16.042Z] [1528/2430] EC50002 (CUK35000/2) — Cabin Filter
[2026-06-18T14:16:16.148Z]   FOUND — crossRefs:0 apps:0 specs:0
[2026-06-18T14:16:17.656Z] [1529/2430] EC50002 (CUK35000/2M) — Cabin Filter
[2026-06-18T14:16:17.758Z]   FOUND — crossRefs:0 apps:0 specs:0
[2026-06-18T14:16:19.263Z] [1530/2430] EC53553 (CUK3553) — Cabin Filter
[2026-06-18T14:16:19.326Z]   FOUND — crossRefs:0 apps:0 specs:0
[2026-06-18T14:16:20.833Z] [1531/2430] EC56044 (CUK36044) — Cabin Filter
[2026-06-18T14:16:20.923Z]   FOUND — crossRefs:0 apps:0 specs:0
[2026-06-18T14:16:22.437Z] [1532/2430] EC56422 (CUK3642/2) — Cabin Filter
[2026-06-18T14:16:23.308Z]   FOUND — crossRefs:0 apps:0 specs:0
[2026-06-18T14:16:24.822Z] [1533/2430] EC50004 (CUK39000/4) — Cabin Filter
[2026-06-18T14:16:24.885Z]   FOUND — crossRefs:0 apps:0 specs:0
[2026-06-18T14:16:26.397Z] [1534/2430] EC53979 (CUK3979) — Cabin Filter
[2026-06-18T14:16:26.462Z]   FOUND — crossRefs:44 apps:0 specs:0
[2026-06-18T14:16:27.971Z] [1535/2430] EC52512 (CUK46025/1/2) — Cabin Filter
[2026-06-18T14:16:28.053Z]   FOUND — crossRefs:0 apps:0 specs:0
[2026-06-18T14:16:29.569Z] [1536/2430] EC50252 (CUK46025/2) — Cabin Filter
[2026-06-18T14:16:29.632Z]   FOUND — crossRefs:0 apps:0 specs:0
[2026-06-18T14:16:31.141Z] [1537/2430] EC50062 (CUK52006/2) — Cabin Filter
[2026-06-18T14:16:31.206Z]   FOUND — crossRefs:0 apps:0 specs:0
[2026-06-18T14:16:32.717Z] [1538/2430] EC50001 (CUK70001) — Cabin Filter
[2026-06-18T14:16:32.778Z]   FOUND — crossRefs:0 apps:0 specs:0
[2026-06-18T14:16:34.294Z] [1539/2430] EA50001 (FP-A01) — Air Filter
[2026-06-18T14:16:34.363Z]   FOUND — crossRefs:0 apps:0 specs:0
[2026-06-18T14:16:35.866Z] [1540/2430] EA50002 (FP-A02) — Air Filter
[2026-06-18T14:16:35.953Z]   FOUND — crossRefs:0 apps:0 specs:0
[2026-06-18T14:16:37.459Z] [1541/2430] EA50001 (FP-B01) — Air Filter
[2026-06-18T14:16:37.517Z]   FOUND — crossRefs:0 apps:0 specs:0
[2026-06-18T14:16:39.022Z] [1542/2430] EA50002 (FP-B02) — Air Filter
[2026-06-18T14:16:39.082Z]   FOUND — crossRefs:0 apps:0 specs:0
[2026-06-18T14:16:40.596Z] [1543/2430] EA50003 (FP-B03) — Air Filter
[2026-06-18T14:16:40.653Z]   FOUND — crossRefs:0 apps:0 specs:0
[2026-06-18T14:16:42.169Z] [1544/2430] EA50004 (FP-B04) — Air Filter
[2026-06-18T14:16:42.228Z]   FOUND — crossRefs:0 apps:0 specs:0
[2026-06-18T14:16:43.729Z] [1545/2430] EA50001 (FP-GM01) — Air Filter
[2026-06-18T14:16:43.916Z]   FOUND — crossRefs:0 apps:0 specs:0
[2026-06-18T14:16:45.418Z] [1546/2430] EA50001 (FP-M01) — Air Filter
[2026-06-18T14:16:45.498Z]   FOUND — crossRefs:0 apps:0 specs:0
[2026-06-18T14:16:47.011Z] [1547/2430] EA50003 (FP-M03) — Air Filter
[2026-06-18T14:16:47.068Z]   FOUND — crossRefs:0 apps:0 specs:0
[2026-06-18T14:16:48.582Z] [1548/2430] EA50004 (FP-M04) — Air Filter
[2026-06-18T14:16:48.649Z]   FOUND — crossRefs:0 apps:0 specs:0
[2026-06-18T14:16:50.164Z] [1549/2430] EA50005 (FP-M05) — Air Filter
[2026-06-18T14:16:50.222Z]   FOUND — crossRefs:0 apps:0 specs:0
[2026-06-18T14:16:51.738Z] [1550/2430] EA50006 (FP-M06) — Air Filter
[2026-06-18T14:16:51.801Z]   FOUND — crossRefs:0 apps:0 specs:0
[2026-06-18T14:16:53.312Z] [1551/2430] EA50007 (FP-M07) — Air Filter
[2026-06-18T14:16:53.377Z]   FOUND — crossRefs:0 apps:0 specs:0
[2026-06-18T14:16:54.884Z] [1552/2430] EA50009 (FP-M09) — Air Filter
[2026-06-18T14:16:54.947Z]   FOUND — crossRefs:0 apps:0 specs:0
[2026-06-18T14:16:56.448Z] [1553/2430] EA50010 (FP-M10) — Air Filter
[2026-06-18T14:16:56.520Z]   FOUND — crossRefs:0 apps:0 specs:0
[2026-06-18T14:16:58.024Z] [1554/2430] EA50001 (FP-MN01) — Air Filter
[2026-06-18T14:16:58.084Z]   FOUND — crossRefs:0 apps:0 specs:0
[2026-06-18T14:16:59.593Z] [1555/2430] EA50001 (FP-V01) — Air Filter
[2026-06-18T14:16:59.658Z]   FOUND — crossRefs:0 apps:0 specs:0
[2026-06-18T14:17:01.166Z] [1556/2430] EA50003 (FP-V03) — Air Filter
[2026-06-18T14:17:01.230Z]   FOUND — crossRefs:0 apps:0 specs:0
[2026-06-18T14:17:02.739Z] [1557/2430] EA50005 (FP-V05) — Air Filter
[2026-06-18T14:17:02.806Z]   FOUND — crossRefs:0 apps:0 specs:0
[2026-06-18T14:17:04.320Z] [1558/2430] EA50002 (FP21000/2) — Air Filter
[2026-06-18T14:17:04.387Z]   FOUND — crossRefs:0 apps:0 specs:0
[2026-06-18T14:17:05.891Z] [1559/2430] EA52016 (FP22016) — Air Filter
[2026-06-18T14:17:05.959Z]   FOUND — crossRefs:0 apps:0 specs:0
[2026-06-18T14:17:07.460Z] [1560/2430] EA50142 (FP23014/2) — Air Filter
[2026-06-18T14:17:07.568Z]   FOUND — crossRefs:0 apps:0 specs:0
[2026-06-18T14:17:09.070Z] [1561/2430] EA50152 (FP23015/2) — Air Filter
[2026-06-18T14:17:09.133Z]   FOUND — crossRefs:0 apps:0 specs:0
[2026-06-18T14:17:10.644Z] [1562/2430] EA50582 (FP24058/2) — Air Filter
[2026-06-18T14:17:11.275Z]   FOUND — crossRefs:0 apps:0 specs:0
[2026-06-18T14:17:12.786Z] [1563/2430] EA54182 (FP2418/2) — Air Filter
[2026-06-18T14:17:12.846Z]   FOUND — crossRefs:0 apps:0 specs:0
[2026-06-18T14:17:14.361Z] [1564/2430] EA50342 (FP25034/2) — Air Filter
[2026-06-18T14:17:14.433Z]   FOUND — crossRefs:0 apps:0 specs:0
[2026-06-18T14:17:15.949Z] [1565/2430] EA55332 (FP2533/2) — Air Filter
[2026-06-18T14:17:16.916Z]   FOUND — crossRefs:0 apps:0 specs:0
[2026-06-18T14:17:18.427Z] [1566/2430] EA50132 (FP26013/2) — Air Filter
[2026-06-18T14:17:18.491Z]   FOUND — crossRefs:0 apps:0 specs:0
[2026-06-18T14:17:19.998Z] [1567/2430] EA56019 (FP26019) — Air Filter
[2026-06-18T14:17:20.085Z]   FOUND — crossRefs:0 apps:0 specs:0
[2026-06-18T14:17:21.588Z] [1568/2430] EA50231 (FP26023/1MHJP) — Air Filter
[2026-06-18T14:17:22.163Z]   FOUND — crossRefs:0 apps:0 specs:0
[2026-06-18T14:17:23.678Z] [1569/2430] EA50282 (FP26028/2) — Air Filter
[2026-06-18T14:17:23.742Z]   FOUND — crossRefs:0 apps:0 specs:0
[2026-06-18T14:17:25.251Z] [1570/2430] EA56462 (FP2646/2) — Air Filter
[2026-06-18T14:17:25.361Z]   FOUND — crossRefs:0 apps:0 specs:0
[2026-06-18T14:17:26.876Z] [1571/2430] EA50212 (FP27021/2) — Air Filter
[2026-06-18T14:17:26.948Z]   FOUND — crossRefs:0 apps:0 specs:0
[2026-06-18T14:17:28.453Z] [1572/2430] EA57058 (FP27058) — Air Filter
[2026-06-18T14:17:29.113Z]   FOUND — crossRefs:0 apps:0 specs:0
[2026-06-18T14:17:30.619Z] [1573/2430] EA57222 (FP2722/2) — Air Filter
[2026-06-18T14:17:30.685Z]   FOUND — crossRefs:0 apps:0 specs:0
[2026-06-18T14:17:32.192Z] [1574/2430] EA57452 (FP2745/2) — Air Filter
[2026-06-18T14:17:32.253Z]   FOUND — crossRefs:0 apps:0 specs:0
[2026-06-18T14:17:33.755Z] [1575/2430] EA58001 (FP28001) — Air Filter
[2026-06-18T14:17:33.829Z]   FOUND — crossRefs:0 apps:0 specs:0
[2026-06-18T14:17:35.342Z] [1576/2430] EA58013 (FP28013MHJP) — Air Filter
[2026-06-18T14:17:35.408Z]   FOUND — crossRefs:0 apps:0 specs:0
[2026-06-18T14:17:36.921Z] [1577/2430] EA50032 (FP29003/2) — Air Filter
[2026-06-18T14:17:37.074Z]   FOUND — crossRefs:0 apps:0 specs:0
[2026-06-18T14:17:38.585Z] [1578/2430] EA59412 (FP2941/2) — Air Filter
[2026-06-18T14:17:38.643Z]   FOUND — crossRefs:0 apps:0 specs:0
[2026-06-18T14:17:40.150Z] [1579/2430] EA50232 (FP3023/2) — Air Filter
[2026-06-18T14:17:40.229Z]   FOUND — crossRefs:0 apps:0 specs:0
[2026-06-18T14:17:41.731Z] [1580/2430] EA51242 (FP3124/2) — Air Filter
[2026-06-18T14:17:41.807Z]   FOUND — crossRefs:0 apps:0 specs:0
[2026-06-18T14:17:43.311Z] [1581/2430] EA56006 (FPE26006) — Air Filter
[2026-06-18T14:17:43.369Z]   FOUND — crossRefs:0 apps:0 specs:0
[2026-06-18T14:17:44.872Z] [1582/2430] EA56021 (FPE26021) — Air Filter
[2026-06-18T14:17:44.934Z]   FOUND — crossRefs:0 apps:0 specs:0
[2026-06-18T14:17:46.436Z] [1583/2430] EA50282 (FPE26028/2) — Air Filter
[2026-06-18T14:17:46.501Z]   FOUND — crossRefs:0 apps:0 specs:0
[2026-06-18T14:17:48.008Z] [1584/2430] EA50071 (FPE30007/1) — Air Filter
[2026-06-18T14:17:48.084Z]   FOUND — crossRefs:0 apps:0 specs:0
[2026-06-18T14:17:49.595Z] [1585/2430] EL50021 (HU10002/1Z) — Oil Filter
[2026-06-18T14:17:50.893Z]   NOT FOUND
[2026-06-18T14:17:52.404Z] [1586/2430] EL51077 (HU1077X) — Oil Filter
[2026-06-18T14:17:52.561Z]   FOUND — crossRefs:15 apps:0 specs:4
[2026-06-18T14:17:54.076Z] [1587/2430] EL51090 (HU1090) — Oil Filter
[2026-06-18T14:17:55.274Z]   NOT FOUND
[2026-06-18T14:17:56.778Z] [1588/2430] EL51005 (HU11005X) — Oil Filter
[2026-06-18T14:17:58.363Z]   NOT FOUND
[2026-06-18T14:17:59.877Z] [1589/2430] EL50071 (HU11007/1Z) — Oil Filter
[2026-06-18T14:18:01.153Z]   NOT FOUND
[2026-06-18T14:18:02.663Z] [1590/2430] EL51007 (HU11007Z) — Oil Filter
[2026-06-18T14:18:03.896Z]   NOT FOUND
[2026-06-18T14:18:05.398Z] [1591/2430] EL51013 (HU11013Z) — Oil Filter
[2026-06-18T14:18:06.629Z]   NOT FOUND
[2026-06-18T14:18:08.142Z] [1592/2430] EL51015 (HU11015Z) — Oil Filter
[2026-06-18T14:18:09.331Z]   NOT FOUND
[2026-06-18T14:18:10.840Z] [1593/2430] EL52002 (HU12002Y) — Oil Filter
[2026-06-18T14:18:12.057Z]   NOT FOUND
[2026-06-18T14:18:13.567Z] [1594/2430] EL52005 (HU12005) — Oil Filter
[2026-06-18T14:18:13.726Z]   FOUND — crossRefs:3 apps:0 specs:0
[2026-06-18T14:18:15.231Z] [1595/2430] EL52005 (HU12005X) — Oil Filter
[2026-06-18T14:18:15.290Z]   FOUND — crossRefs:3 apps:0 specs:0
[2026-06-18T14:18:16.805Z] [1596/2430] EL52105 (HU12105) — Oil Filter
[2026-06-18T14:18:16.888Z]   FOUND — crossRefs:3 apps:0 specs:1
[2026-06-18T14:18:18.391Z] [1597/2430] EL51061 (HU12106/1Z) — Oil Filter
[2026-06-18T14:18:19.486Z]   NOT FOUND
[2026-06-18T14:18:20.989Z] [1598/2430] EL51291 (HU1291Z) — Oil Filter
[2026-06-18T14:18:21.131Z]   FOUND — crossRefs:10 apps:0 specs:4
[2026-06-18T14:18:22.647Z] [1599/2430] EL53120 (HU13120) — Oil Filter
[2026-06-18T14:18:22.714Z]   FOUND — crossRefs:2 apps:0 specs:0
[2026-06-18T14:18:24.226Z] [1600/2430] EL51381 (HU1381) — Oil Filter
[2026-06-18T14:18:24.278Z]   FOUND — crossRefs:12 apps:0 specs:0
[2026-06-18T14:18:25.788Z] [1601/2430] EL59471 (HU2X947/1Z) — Oil Filter
[2026-06-18T14:18:26.896Z]   NOT FOUND
[2026-06-18T14:18:28.410Z] [1602/2430] EL59473 (HU2X947/3Z) — Oil Filter
[2026-06-18T14:18:29.626Z]   NOT FOUND
[2026-06-18T14:18:31.142Z] [1603/2430] EL55005 (HU5005Z) — Oil Filter
[2026-06-18T14:18:32.368Z]   NOT FOUND
[2026-06-18T14:18:33.882Z] [1604/2430] EL55006 (HU5006Z) — Oil Filter
[2026-06-18T14:18:35.158Z]   NOT FOUND
[2026-06-18T14:18:36.686Z] [1605/2430] EL55011 (HU5011Z) — Oil Filter
[2026-06-18T14:18:37.914Z]   NOT FOUND
[2026-06-18T14:18:39.418Z] [1606/2430] EL56002 (HU6002ZM) — Oil Filter
[2026-06-18T14:18:39.551Z]   FOUND — crossRefs:34 apps:0 specs:0
[2026-06-18T14:18:41.070Z] [1607/2430] EL56006 (HU6006ZM) — Oil Filter
[2026-06-18T14:18:41.139Z]   FOUND — crossRefs:69 apps:0 specs:0
[2026-06-18T14:18:42.653Z] [1608/2430] EL50071 (HU6007/1X) — Oil Filter
[2026-06-18T14:18:43.814Z]   NOT FOUND
[2026-06-18T14:18:45.324Z] [1609/2430] EL50082 (HU6008/2Z) — Oil Filter
[2026-06-18T14:18:46.533Z]   NOT FOUND
[2026-06-18T14:18:48.043Z] [1610/2430] EL50083 (HU6008/3Z) — Oil Filter
[2026-06-18T14:18:49.255Z]   NOT FOUND
[2026-06-18T14:18:50.770Z] [1611/2430] EL56009 (HU6009ZM) — Oil Filter
[2026-06-18T14:18:51.985Z]   NOT FOUND
[2026-06-18T14:18:53.492Z] [1612/2430] EL50152 (HU6015/2ZKIT) — Oil Filter
[2026-06-18T14:18:53.624Z]   FOUND — crossRefs:2 apps:0 specs:0
[2026-06-18T14:18:55.134Z] [1613/2430] EL56017 (HU6017Z) — Oil Filter
[2026-06-18T14:18:56.225Z]   NOT FOUND
[2026-06-18T14:18:57.734Z] [1614/2430] EL50201 (HU6020/1Z) — Oil Filter
[2026-06-18T14:18:58.841Z]   NOT FOUND
[2026-06-18T14:19:00.355Z] [1615/2430] EL50241 (HU6024/1Z) — Oil Filter
[2026-06-18T14:19:01.569Z]   NOT FOUND
[2026-06-18T14:19:03.082Z] [1616/2430] EL56027 (HU6027Z) — Oil Filter
[2026-06-18T14:19:04.287Z]   NOT FOUND
[2026-06-18T14:19:05.803Z] [1617/2430] EL50281 (HU6028/1Z) — Oil Filter
[2026-06-18T14:19:07.164Z]   NOT FOUND
[2026-06-18T14:19:08.675Z] [1618/2430] EL50331 (HU6033/1Z) — Oil Filter
[2026-06-18T14:19:09.888Z]   NOT FOUND
[2026-06-18T14:19:11.404Z] [1619/2430] EL50332 (HU6033/2Z) — Oil Filter
[2026-06-18T14:19:12.645Z]   NOT FOUND
[2026-06-18T14:19:14.158Z] [1620/2430] EL56036 (HU6036Z) — Oil Filter
[2026-06-18T14:19:15.436Z]   NOT FOUND
[2026-06-18T14:19:16.945Z] [1621/2430] EL56037 (HU6037Z) — Oil Filter
[2026-06-18T14:19:18.159Z]   NOT FOUND
[2026-06-18T14:19:19.674Z] [1622/2430] EL56039 (HU6039ZKIT) — Oil Filter
[2026-06-18T14:19:20.891Z]   NOT FOUND
[2026-06-18T14:19:22.408Z] [1623/2430] EL56040 (HU6040Z) — Oil Filter
[2026-06-18T14:19:23.609Z]   NOT FOUND
[2026-06-18T14:19:25.119Z] [1624/2430] EL56044 (HU6044Z) — Oil Filter
[2026-06-18T14:19:26.349Z]   NOT FOUND
[2026-06-18T14:19:27.862Z] [1625/2430] EL56046 (HU6046Z) — Oil Filter
[2026-06-18T14:19:29.094Z]   NOT FOUND
[2026-06-18T14:19:30.606Z] [1626/2430] EL56047 (HU6047Z) — Oil Filter
[2026-06-18T14:19:31.841Z]   NOT FOUND
[2026-06-18T14:19:33.343Z] [1627/2430] EL56048 (HU6048Z) — Oil Filter
[2026-06-18T14:19:34.573Z]   NOT FOUND
[2026-06-18T14:19:36.080Z] [1628/2430] EL56068 (HU6068Z) — Oil Filter
[2026-06-18T14:19:37.298Z]   NOT FOUND
[2026-06-18T14:19:38.812Z] [1629/2430] EL56122 (HU612/2XM) — Oil Filter
[2026-06-18T14:19:40.030Z]   NOT FOUND
[2026-06-18T14:19:41.546Z] [1630/2430] EL56123 (HU612/3X) — Oil Filter
[2026-06-18T14:19:42.701Z]   NOT FOUND
[2026-06-18T14:19:44.212Z] [1631/2430] EL56152 (HU615/2X) — Oil Filter
[2026-06-18T14:19:45.302Z]   NOT FOUND
[2026-06-18T14:19:46.815Z] [1632/2430] EL50691 (HU69/1) — Oil Filter
[2026-06-18T14:19:48.033Z]   NOT FOUND
[2026-06-18T14:19:49.540Z] [1633/2430] EL50694 (HU69/4X) — Oil Filter
[2026-06-18T14:19:50.758Z]   NOT FOUND
[2026-06-18T14:19:52.260Z] [1634/2430] EL50031 (HU7003/1X) — Oil Filter
[2026-06-18T14:19:52.389Z]   FOUND — crossRefs:13 apps:0 specs:0
[2026-06-18T14:19:53.901Z] [1635/2430] EL57004 (HU7004X) — Oil Filter
[2026-06-18T14:19:53.963Z]   FOUND — crossRefs:48 apps:0 specs:2
[2026-06-18T14:19:55.476Z] [1636/2430] EL57009 (HU7009ZM) — Oil Filter
[2026-06-18T14:19:56.616Z]   NOT FOUND
[2026-06-18T14:19:58.125Z] [1637/2430] EL57019 (HU7019ZM) — Oil Filter
[2026-06-18T14:19:59.337Z]   NOT FOUND
[2026-06-18T14:20:00.841Z] [1638/2430] EL57024 (HU7024ZM) — Oil Filter
[2026-06-18T14:20:02.072Z]   NOT FOUND
[2026-06-18T14:20:03.597Z] [1639/2430] EL57027 (HU7027ZM) — Oil Filter
[2026-06-18T14:20:04.842Z]   NOT FOUND
[2026-06-18T14:20:06.354Z] [1640/2430] EL57043 (HU7043Z) — Oil Filter
[2026-06-18T14:20:07.583Z]   NOT FOUND
[2026-06-18T14:20:09.096Z] [1641/2430] EL50491 (HU7049/1Z) — Oil Filter
[2026-06-18T14:20:10.301Z]   NOT FOUND
[2026-06-18T14:20:11.811Z] [1642/2430] EL57052 (HU7052Z) — Oil Filter
[2026-06-18T14:20:12.565Z]   FOUND — crossRefs:2 apps:0 specs:0
[2026-06-18T14:20:14.072Z] [1643/2430] EL57054 (HU7054) — Oil Filter
[2026-06-18T14:20:14.138Z]   FOUND — crossRefs:0 apps:0 specs:0
[2026-06-18T14:20:15.652Z] [1644/2430] EL57056 (HU7056Z) — Oil Filter
[2026-06-18T14:20:16.743Z]   NOT FOUND
[2026-06-18T14:20:18.254Z] [1645/2430] EL57062 (HU7062Z) — Oil Filter
[2026-06-18T14:20:19.470Z]   NOT FOUND
[2026-06-18T14:20:20.986Z] [1646/2430] EL57070 (HU7070Z) — Oil Filter
[2026-06-18T14:20:22.202Z]   NOT FOUND
[2026-06-18T14:20:23.726Z] [1647/2430] EL57071 (HU7071Z) — Oil Filter
[2026-06-18T14:20:24.943Z]   NOT FOUND
[2026-06-18T14:20:26.449Z] [1648/2430] EL51151 (HU711/51XM) — Oil Filter
[2026-06-18T14:20:27.228Z]   FOUND — crossRefs:57 apps:0 specs:0
[2026-06-18T14:20:28.740Z] [1649/2430] EL57115 (HU711/5X) — Oil Filter
[2026-06-18T14:20:29.461Z]   FOUND — crossRefs:57 apps:0 specs:0
[2026-06-18T14:20:30.979Z] [1650/2430] EL50712 (HU712X) — Oil Filter
[2026-06-18T14:20:31.037Z]   FOUND — crossRefs:55 apps:0 specs:4
[2026-06-18T14:20:32.563Z] [1651/2430] EL57131 (HU713/1XM) — Oil Filter
[2026-06-18T14:20:33.699Z]   NOT FOUND
[2026-06-18T14:20:35.215Z] [1652/2430] EL57153 (HU715/3X) — Oil Filter
[2026-06-18T14:20:36.450Z]   NOT FOUND
[2026-06-18T14:20:37.957Z] [1653/2430] EL57181 (HU718/1X) — Oil Filter
[2026-06-18T14:20:39.170Z]   NOT FOUND
[2026-06-18T14:20:40.678Z] [1654/2430] EL57184 (HU718/4X) — Oil Filter
[2026-06-18T14:20:41.880Z]   NOT FOUND
[2026-06-18T14:20:43.384Z] [1655/2430] EL57184 (HU718/4Y) — Oil Filter
[2026-06-18T14:20:44.583Z]   NOT FOUND
[2026-06-18T14:20:46.085Z] [1656/2430] EL57188 (HU718/8X) — Oil Filter
[2026-06-18T14:20:47.289Z]   NOT FOUND
[2026-06-18T14:20:48.804Z] [1657/2430] EL57197 (HU719/7XM) — Oil Filter
[2026-06-18T14:20:50.033Z]   NOT FOUND
[2026-06-18T14:20:51.544Z] [1658/2430] EL57198 (HU719/8XM) — Oil Filter
[2026-06-18T14:20:52.763Z]   NOT FOUND
[2026-06-18T14:20:54.272Z] [1659/2430] EL50721 (HU721) — Oil Filter
[2026-06-18T14:20:54.397Z]   FOUND — crossRefs:19 apps:0 specs:0
[2026-06-18T14:20:55.902Z] [1660/2430] EL57217 (HU721/7) — Oil Filter
[2026-06-18T14:20:55.972Z]   FOUND — crossRefs:19 apps:0 specs:0
[2026-06-18T14:20:57.482Z] [1661/2430] EL57261 (HU726/1) — Oil Filter
[2026-06-18T14:20:58.569Z]   NOT FOUND
[2026-06-18T14:21:00.081Z] [1662/2430] EL57261 (HU726/1X) — Oil Filter
[2026-06-18T14:21:01.267Z]   NOT FOUND
[2026-06-18T14:21:02.783Z] [1663/2430] EL57401 (HU7401X) — Oil Filter
[2026-06-18T14:21:03.989Z]   NOT FOUND
[2026-06-18T14:21:05.541Z] [1664/2430] EL50011 (HU8001/1X) — Oil Filter
[2026-06-18T14:21:06.758Z]   NOT FOUND
[2026-06-18T14:21:08.261Z] [1665/2430] EL58005 (HU8005ZM) — Oil Filter
[2026-06-18T14:21:09.472Z]   NOT FOUND
[2026-06-18T14:21:10.982Z] [1666/2430] EL50071 (HU8007/1Z) — Oil Filter
[2026-06-18T14:21:12.215Z]   NOT FOUND
[2026-06-18T14:21:13.722Z] [1667/2430] EL50101 (HU8010/1Z) — Oil Filter
[2026-06-18T14:21:14.973Z]   NOT FOUND
[2026-06-18T14:21:16.478Z] [1668/2430] EL50121 (HU8012/1Z) — Oil Filter
[2026-06-18T14:21:17.688Z]   NOT FOUND
[2026-06-18T14:21:19.197Z] [1669/2430] EL58017 (HU8017Z) — Oil Filter
[2026-06-18T14:21:20.416Z]   NOT FOUND
[2026-06-18T14:21:21.922Z] [1670/2430] EL58022 (HU8022Z) — Oil Filter
[2026-06-18T14:21:23.183Z]   NOT FOUND
[2026-06-18T14:21:24.694Z] [1671/2430] EL58023 (HU8023Z) — Oil Filter
[2026-06-18T14:21:25.894Z]   NOT FOUND
[2026-06-18T14:21:27.402Z] [1672/2430] EL58153 (HU815/3X) — Oil Filter
[2026-06-18T14:21:28.624Z]   NOT FOUND
[2026-06-18T14:21:30.139Z] [1673/2430] EL58224 (HU822/4X) — Oil Filter
[2026-06-18T14:21:31.363Z]   NOT FOUND
[2026-06-18T14:21:32.881Z] [1674/2430] EL58231 (HU823/1X) — Oil Filter
[2026-06-18T14:21:33.507Z]   FOUND — crossRefs:27 apps:0 specs:0
[2026-06-18T14:21:35.021Z] [1675/2430] EL58351 (HU835/1X) — Oil Filter
[2026-06-18T14:21:36.170Z]   NOT FOUND
[2026-06-18T14:21:37.680Z] [1676/2430] EL58481 (HU848/1) — Oil Filter
[2026-06-18T14:21:38.802Z]   NOT FOUND
[2026-06-18T14:21:40.318Z] [1677/2430] EL59005 (HU9005X) — Oil Filter
[2026-06-18T14:21:41.503Z]   NOT FOUND
[2026-06-18T14:21:43.015Z] [1678/2430] EL59012 (HU9012X) — Oil Filter
[2026-06-18T14:21:44.277Z]   NOT FOUND
[2026-06-18T14:21:45.788Z] [1679/2430] EL59013 (HU9013Z) — Oil Filter
[2026-06-18T14:21:46.999Z]   NOT FOUND
[2026-06-18T14:21:48.503Z] [1680/2430] EL59021 (HU9021Z) — Oil Filter
[2026-06-18T14:21:49.704Z]   NOT FOUND
[2026-06-18T14:21:51.210Z] [1681/2430] EL59253 (HU925/3X) — Oil Filter
[2026-06-18T14:21:52.421Z]   NOT FOUND
[2026-06-18T14:21:53.923Z] [1682/2430] EL59254 (HU925/4YM) — Oil Filter
[2026-06-18T14:21:55.135Z]   NOT FOUND
[2026-06-18T14:21:56.643Z] [1683/2430] EL59255 (HU925/5X) — Oil Filter
[2026-06-18T14:21:57.843Z]   NOT FOUND
[2026-06-18T14:21:59.355Z] [1684/2430] EL59304 (HU930/4N) — Oil Filter
[2026-06-18T14:22:00.602Z]   NOT FOUND
[2026-06-18T14:22:02.110Z] [1685/2430] EL59304 (HU930/4X) — Oil Filter
[2026-06-18T14:22:03.343Z]   NOT FOUND
[2026-06-18T14:22:04.850Z] [1686/2430] EL59383 (HU938/3X) — Oil Filter
[2026-06-18T14:22:07.340Z]   NOT FOUND
[2026-06-18T14:22:08.843Z] [1687/2430] EL59473 (HU947/3N) — Oil Filter
[2026-06-18T14:22:11.345Z]   NOT FOUND
[2026-06-18T14:22:12.857Z] [1688/2430] EL59473 (HU947/3X) — Oil Filter
[2026-06-18T14:22:14.070Z]   NOT FOUND
[2026-06-18T14:22:15.574Z] [1689/2430] EF50002 (PU10002Z) — Fuel Filter
[2026-06-18T14:22:15.703Z]   FOUND — crossRefs:0 apps:0 specs:0
[2026-06-18T14:22:17.210Z] [1690/2430] EF50032 (PU10003/2X) — Fuel Filter
[2026-06-18T14:22:17.282Z]   FOUND — crossRefs:0 apps:0 specs:0
[2026-06-18T14:22:18.799Z] [1691/2430] EF50007 (PU10007) — Fuel Filter
[2026-06-18T14:22:18.842Z]   FOUND — crossRefs:1 apps:0 specs:0
[2026-06-18T14:22:20.346Z] [1692/2430] EF50014 (PU10014Z) — Fuel Filter
[2026-06-18T14:22:20.391Z]   FOUND — crossRefs:0 apps:0 specs:0
[2026-06-18T14:22:21.897Z] [1693/2430] EF50015 (PU10015X) — Fuel Filter
[2026-06-18T14:22:21.939Z]   FOUND — crossRefs:1 apps:0 specs:0
[2026-06-18T14:22:23.452Z] [1694/2430] EF50162 (PU10016/2Z) — Fuel Filter
[2026-06-18T14:22:23.491Z]   FOUND — crossRefs:0 apps:0 specs:0
[2026-06-18T14:22:25.003Z] [1695/2430] EF50031 (PU10031X) — Fuel Filter
[2026-06-18T14:22:25.042Z]   FOUND — crossRefs:0 apps:0 specs:0
[2026-06-18T14:22:26.543Z] [1696/2430] EF50362 (PU10036/2Z) — Fuel Filter
[2026-06-18T14:22:26.583Z]   FOUND — crossRefs:0 apps:0 specs:0
[2026-06-18T14:22:28.092Z] [1697/2430] EF50401 (PU1040/1X) — Fuel Filter
[2026-06-18T14:22:28.138Z]   FOUND — crossRefs:0 apps:0 specs:0
[2026-06-18T14:22:29.641Z] [1698/2430] EF51042 (PU1042X) — Fuel Filter
[2026-06-18T14:22:29.685Z]   FOUND — crossRefs:0 apps:0 specs:0
[2026-06-18T14:22:31.197Z] [1699/2430] EF51046 (PU1046X) — Fuel Filter
[2026-06-18T14:22:31.260Z]   FOUND — crossRefs:32 apps:0 specs:0
[2026-06-18T14:22:32.778Z] [1700/2430] EF51048 (PU1048X) — Fuel Filter
[2026-06-18T14:22:32.822Z]   FOUND — crossRefs:0 apps:0 specs:0
[2026-06-18T14:22:34.328Z] [1701/2430] EF50592 (PU1059/2X) — Fuel Filter
[2026-06-18T14:22:34.378Z]   FOUND — crossRefs:0 apps:0 specs:0
[2026-06-18T14:22:35.893Z] [1702/2430] EF50593 (PU1059/3X) — Fuel Filter
[2026-06-18T14:22:35.938Z]   FOUND — crossRefs:0 apps:0 specs:0
[2026-06-18T14:22:37.455Z] [1703/2430] EF51090 (PU1090) — Fuel Filter
[2026-06-18T14:22:37.507Z]   FOUND — crossRefs:0 apps:0 specs:0
[2026-06-18T14:22:39.016Z] [1704/2430] EF50053 (PU11005/3Z) — Fuel Filter
[2026-06-18T14:22:39.069Z]   FOUND — crossRefs:0 apps:0 specs:0
[2026-06-18T14:22:40.582Z] [1705/2430] EF51012 (PU11012Z) — Fuel Filter
[2026-06-18T14:22:40.633Z]   FOUND — crossRefs:0 apps:0 specs:0
[2026-06-18T14:22:42.136Z] [1706/2430] EF50012 (PU12001/2Z) — Fuel Filter
[2026-06-18T14:22:42.220Z]   FOUND — crossRefs:0 apps:0 specs:0
[2026-06-18T14:22:43.730Z] [1707/2430] EF50022 (PU12002/2Z) — Fuel Filter
[2026-06-18T14:22:43.812Z]   FOUND — crossRefs:0 apps:0 specs:0
[2026-06-18T14:22:45.319Z] [1708/2430] EF50102 (PU12010/2Z) — Fuel Filter
[2026-06-18T14:22:45.369Z]   FOUND — crossRefs:0 apps:0 specs:0
[2026-06-18T14:22:46.870Z] [1709/2430] EF52011 (PU12011Z) — Fuel Filter
[2026-06-18T14:22:46.925Z]   FOUND — crossRefs:0 apps:0 specs:0
[2026-06-18T14:22:48.428Z] [1710/2430] EF52012 (PU12012Z) — Fuel Filter
[2026-06-18T14:22:48.479Z]   FOUND — crossRefs:0 apps:0 specs:0
[2026-06-18T14:22:49.990Z] [1711/2430] EF50132 (PU12013/2Z) — Fuel Filter
[2026-06-18T14:22:50.041Z]   FOUND — crossRefs:0 apps:0 specs:0
[2026-06-18T14:22:51.549Z] [1712/2430] EF52021 (PU12021X) — Fuel Filter
[2026-06-18T14:22:51.598Z]   FOUND — crossRefs:0 apps:0 specs:0
[2026-06-18T14:22:53.108Z] [1713/2430] EF50302 (PU12030/2Z) — Fuel Filter
[2026-06-18T14:22:53.159Z]   FOUND — crossRefs:0 apps:0 specs:0
[2026-06-18T14:22:54.669Z] [1714/2430] EF53006 (PU13006Z) — Fuel Filter
[2026-06-18T14:22:54.725Z]   FOUND — crossRefs:0 apps:0 specs:0
[2026-06-18T14:22:56.239Z] [1715/2430] EF55002 (PU5002Z) — Fuel Filter
[2026-06-18T14:22:56.395Z]   FOUND — crossRefs:4 apps:0 specs:0
[2026-06-18T14:22:57.902Z] [1716/2430] EF50082 (PU6008/2) — Fuel Filter
[2026-06-18T14:22:57.978Z]   FOUND — crossRefs:0 apps:0 specs:0
[2026-06-18T14:22:59.480Z] [1717/2430] EF50162 (PU7016/2) — Fuel Filter
[2026-06-18T14:22:59.609Z]   FOUND — crossRefs:0 apps:0 specs:0
[2026-06-18T14:23:01.113Z] [1718/2430] EF57022 (PU7022Z) — Fuel Filter
[2026-06-18T14:23:01.164Z]   FOUND — crossRefs:0 apps:0 specs:0
[2026-06-18T14:23:02.672Z] [1719/2430] EF57221 (PU722/1X) — Fuel Filter
[2026-06-18T14:23:02.755Z]   FOUND — crossRefs:0 apps:0 specs:0
[2026-06-18T14:23:04.260Z] [1720/2430] EF58006 (PU8006) — Fuel Filter
[2026-06-18T14:23:04.311Z]   FOUND — crossRefs:0 apps:0 specs:0
[2026-06-18T14:23:05.815Z] [1721/2430] EF51012 (PU8010/1/2X) — Fuel Filter
[2026-06-18T14:23:05.865Z]   FOUND — crossRefs:0 apps:0 specs:0
[2026-06-18T14:23:07.367Z] [1722/2430] EF50102 (PU8010/2X) — Fuel Filter
[2026-06-18T14:23:07.441Z]   FOUND — crossRefs:0 apps:0 specs:0
[2026-06-18T14:23:08.954Z] [1723/2430] EF58019 (PU8019) — Fuel Filter
[2026-06-18T14:23:09.001Z]   FOUND — crossRefs:2 apps:0 specs:0
[2026-06-18T14:23:10.515Z] [1724/2430] EF58034 (PU8034Z) — Fuel Filter
[2026-06-18T14:23:10.564Z]   FOUND — crossRefs:0 apps:0 specs:0
[2026-06-18T14:23:12.070Z] [1725/2430] EF58055 (PU8055Z) — Fuel Filter
[2026-06-18T14:23:12.128Z]   FOUND — crossRefs:0 apps:0 specs:0
[2026-06-18T14:23:13.638Z] [1726/2430] EF50810 (PU810X) — Fuel Filter
[2026-06-18T14:23:13.693Z]   FOUND — crossRefs:0 apps:0 specs:0
[2026-06-18T14:23:15.206Z] [1727/2430] EF50835 (PU835X) — Fuel Filter
[2026-06-18T14:23:15.256Z]   FOUND — crossRefs:5 apps:0 specs:0
[2026-06-18T14:23:16.768Z] [1728/2430] EF59002 (PU9002X) — Fuel Filter
[2026-06-18T14:23:16.820Z]   FOUND — crossRefs:36 apps:0 specs:0
[2026-06-18T14:23:18.357Z] [1729/2430] EF59004 (PU9004) — Fuel Filter
[2026-06-18T14:23:18.414Z]   FOUND — crossRefs:2 apps:0 specs:0
[2026-06-18T14:23:19.939Z] [1730/2430] EF59008 (PU9008Z) — Fuel Filter
[2026-06-18T14:23:19.990Z]   FOUND — crossRefs:0 apps:0 specs:0
[2026-06-18T14:23:21.506Z] [1731/2430] EF59010 (PU9010Z) — Fuel Filter
[2026-06-18T14:23:21.556Z]   FOUND — crossRefs:0 apps:0 specs:0
[2026-06-18T14:23:23.057Z] [1732/2430] EF59014 (PU9014Z) — Fuel Filter
[2026-06-18T14:23:23.109Z]   FOUND — crossRefs:0 apps:0 specs:0
[2026-06-18T14:23:24.623Z] [1733/2430] EF59016 (PU9016Z) — Fuel Filter
[2026-06-18T14:23:24.676Z]   FOUND — crossRefs:0 apps:0 specs:0
[2026-06-18T14:23:26.191Z] [1734/2430] EF59017 (PU9017X) — Fuel Filter
[2026-06-18T14:23:26.246Z]   FOUND — crossRefs:0 apps:0 specs:0
[2026-06-18T14:23:27.763Z] [1735/2430] EF59019 (PU9019X) — Fuel Filter
[2026-06-18T14:23:27.813Z]   FOUND — crossRefs:0 apps:0 specs:0
[2026-06-18T14:23:29.329Z] [1736/2430] EF59022 (PU9022X) — Fuel Filter
[2026-06-18T14:23:29.384Z]   FOUND — crossRefs:0 apps:0 specs:0
[2026-06-18T14:23:30.898Z] [1737/2430] EF59025 (PU9025Z) — Fuel Filter
[2026-06-18T14:23:30.953Z]   FOUND — crossRefs:0 apps:0 specs:0
[2026-06-18T14:23:32.460Z] [1738/2430] EF59033 (PU9033Z) — Fuel Filter
[2026-06-18T14:23:32.515Z]   FOUND — crossRefs:0 apps:0 specs:0
[2026-06-18T14:23:34.031Z] [1739/2430] EF50341 (PU9034/1Z) — Fuel Filter
[2026-06-18T14:23:34.091Z]   FOUND — crossRefs:0 apps:0 specs:0
[2026-06-18T14:23:35.596Z] [1740/2430] EF50382 (PU9038/2Z) — Fuel Filter
[2026-06-18T14:23:35.648Z]   FOUND — crossRefs:0 apps:0 specs:0
[2026-06-18T14:23:37.148Z] [1741/2430] EF50392 (PU9039/2Z) — Fuel Filter
[2026-06-18T14:23:37.199Z]   FOUND — crossRefs:0 apps:0 specs:0
[2026-06-18T14:23:38.715Z] [1742/2430] EF59105 (PU9105) — Fuel Filter
[2026-06-18T14:23:38.768Z]   FOUND — crossRefs:0 apps:0 specs:0
[2026-06-18T14:23:40.282Z] [1743/2430] EF50932 (PU932X) — Fuel Filter
[2026-06-18T14:23:40.354Z]   FOUND — crossRefs:43 apps:0 specs:0
[2026-06-18T14:23:41.871Z] [1744/2430] EF59661 (PU966/1) — Fuel Filter
[2026-06-18T14:23:41.922Z]   FOUND — crossRefs:17 apps:0 specs:0
[2026-06-18T14:23:43.435Z] [1745/2430] EF50966 (PU966X) — Fuel Filter
[2026-06-18T14:23:43.493Z]   FOUND — crossRefs:16 apps:0 specs:0
[2026-06-18T14:23:44.998Z] [1746/2430] EF59993 (PU999/3) — Fuel Filter
[2026-06-18T14:23:45.048Z]   FOUND — crossRefs:0 apps:0 specs:0
[2026-06-18T14:23:46.553Z] [1747/2430] EF50999 (PU999X) — Fuel Filter
[2026-06-18T14:23:46.610Z]   FOUND — crossRefs:21 apps:0 specs:0
[2026-06-18T14:23:48.121Z] [1748/2430] EA50344 (SP1034/4) — Air Filter
[2026-06-18T14:23:48.265Z]   FOUND — crossRefs:0 apps:0 specs:0
[2026-06-18T14:23:49.772Z] [1749/2430] EA50354 (SP1035/4) — Air Filter
[2026-06-18T14:23:49.841Z]   FOUND — crossRefs:0 apps:0 specs:0
[2026-06-18T14:23:51.368Z] [1750/2430] EA50364 (SP1036/4) — Air Filter
[2026-06-18T14:23:51.422Z]   FOUND — crossRefs:0 apps:0 specs:0
[2026-06-18T14:23:52.924Z] [1751/2430] EA50374 (SP1037/4) — Air Filter
[2026-06-18T14:23:52.986Z]   FOUND — crossRefs:0 apps:0 specs:0
[2026-06-18T14:23:54.494Z] [1752/2430] EA50384 (SP1038/4) — Air Filter
[2026-06-18T14:23:54.549Z]   FOUND — crossRefs:0 apps:0 specs:0
[2026-06-18T14:23:56.056Z] [1753/2430] EA50592 (SP1059/2) — Air Filter
[2026-06-18T14:23:56.108Z]   FOUND — crossRefs:0 apps:0 specs:0
[2026-06-18T14:23:57.615Z] [1754/2430] EA53684 (SP1368/4) — Air Filter
[2026-06-18T14:23:57.677Z]   FOUND — crossRefs:0 apps:0 specs:0
[2026-06-18T14:23:59.190Z] [1755/2430] EA53762 (SP1376/2) — Air Filter
[2026-06-18T14:23:59.252Z]   FOUND — crossRefs:0 apps:0 specs:0
[2026-06-18T14:24:00.762Z] [1756/2430] EA51666 (SP1666) — Air Filter
[2026-06-18T14:24:00.837Z]   FOUND — crossRefs:0 apps:0 specs:0
[2026-06-18T14:24:02.338Z] [1757/2430] EA51888 (SP1888) — Air Filter
[2026-06-18T14:24:02.394Z]   FOUND — crossRefs:0 apps:0 specs:0
[2026-06-18T14:24:03.899Z] [1758/2430] EA50352 (SP2035/2) — Air Filter
[2026-06-18T14:24:03.960Z]   FOUND — crossRefs:0 apps:0 specs:0
[2026-06-18T14:24:05.461Z] [1759/2430] EA50362 (SP2036/2) — Air Filter
[2026-06-18T14:24:05.542Z]   FOUND — crossRefs:0 apps:0 specs:0
[2026-06-18T14:24:07.045Z] [1760/2430] EA50372 (SP2037/2) — Air Filter
[2026-06-18T14:24:07.146Z]   FOUND — crossRefs:0 apps:0 specs:0
[2026-06-18T14:24:08.660Z] [1761/2430] EA50382 (SP2038/2) — Air Filter
[2026-06-18T14:24:08.750Z]   FOUND — crossRefs:0 apps:0 specs:0
[2026-06-18T14:24:10.251Z] [1762/2430] EA50392 (SP2039/2) — Air Filter
[2026-06-18T14:24:10.865Z]   FOUND — crossRefs:0 apps:0 specs:0
[2026-06-18T14:24:12.376Z] [1763/2430] EA50402 (SP2040/2) — Air Filter
[2026-06-18T14:24:12.484Z]   FOUND — crossRefs:0 apps:0 specs:0
[2026-06-18T14:24:14.009Z] [1764/2430] EA50412 (SP2041/2X) — Air Filter
[2026-06-18T14:24:14.394Z]   FOUND — crossRefs:0 apps:0 specs:0
[2026-06-18T14:24:15.898Z] [1765/2430] EA50422 (SP2042/2) — Air Filter
[2026-06-18T14:24:16.540Z]   FOUND — crossRefs:0 apps:0 specs:0
[2026-06-18T14:24:18.044Z] [1766/2430] EA50432 (SP2043/2) — Air Filter
[2026-06-18T14:24:19.148Z]   FOUND — crossRefs:0 apps:0 specs:0
[2026-06-18T14:24:20.658Z] [1767/2430] EA50462 (SP2046/2) — Air Filter
[2026-06-18T14:24:20.770Z]   FOUND — crossRefs:0 apps:0 specs:0
[2026-06-18T14:24:22.282Z] [1768/2430] EA50532 (SP2053/2) — Air Filter
[2026-06-18T14:24:22.355Z]   FOUND — crossRefs:0 apps:0 specs:0
[2026-06-18T14:24:23.862Z] [1769/2430] EA50812 (SP2081/2) — Air Filter
[2026-06-18T14:24:23.924Z]   FOUND — crossRefs:0 apps:0 specs:0
[2026-06-18T14:24:25.435Z] [1770/2430] EA50815 (SP2081/5) — Air Filter
[2026-06-18T14:24:25.500Z]   FOUND — crossRefs:0 apps:0 specs:0
[2026-06-18T14:24:27.002Z] [1771/2430] EA50828 (SP2082/8) — Air Filter
[2026-06-18T14:24:27.056Z]   FOUND — crossRefs:0 apps:0 specs:0
[2026-06-18T14:24:28.558Z] [1772/2430] EA50838 (SP2083/8) — Air Filter
[2026-06-18T14:24:28.612Z]   FOUND — crossRefs:0 apps:0 specs:0
[2026-06-18T14:24:30.123Z] [1773/2430] EA50848 (SP2084/8) — Air Filter
[2026-06-18T14:24:30.180Z]   FOUND — crossRefs:0 apps:0 specs:0
[2026-06-18T14:24:31.684Z] [1774/2430] EA58511 (SP2085/11) — Air Filter
[2026-06-18T14:24:31.746Z]   FOUND — crossRefs:0 apps:0 specs:0
[2026-06-18T14:24:33.248Z] [1775/2430] EA58611 (SP2086/11) — Air Filter
[2026-06-18T14:24:33.313Z]   FOUND — crossRefs:0 apps:0 specs:0
[2026-06-18T14:24:34.819Z] [1776/2430] EA58710 (SP2087/10) — Air Filter
[2026-06-18T14:24:34.872Z]   FOUND — crossRefs:0 apps:0 specs:0
[2026-06-18T14:24:36.373Z] [1777/2430] EA50886 (SP2088/6) — Air Filter
[2026-06-18T14:24:36.421Z]   FOUND — crossRefs:0 apps:0 specs:0
[2026-06-18T14:24:37.926Z] [1778/2430] EA50898 (SP2089/8) — Air Filter
[2026-06-18T14:24:37.974Z]   FOUND — crossRefs:0 apps:0 specs:0
[2026-06-18T14:24:39.485Z] [1779/2430] EA59112 (SP2091/12) — Air Filter
[2026-06-18T14:24:39.545Z]   FOUND — crossRefs:0 apps:0 specs:0
[2026-06-18T14:24:41.058Z] [1780/2430] EA59310 (SP2093/10) — Air Filter
[2026-06-18T14:24:41.114Z]   FOUND — crossRefs:0 apps:0 specs:0
[2026-06-18T14:24:42.619Z] [1781/2430] EA50952 (SP2095/2) — Air Filter
[2026-06-18T14:24:43.127Z]   FOUND — crossRefs:0 apps:0 specs:0
[2026-06-18T14:24:44.639Z] [1782/2430] EA50962 (SP2096/2) — Air Filter
[2026-06-18T14:24:44.708Z]   FOUND — crossRefs:0 apps:0 specs:0
[2026-06-18T14:24:46.220Z] [1783/2430] EA50972 (SP2097/2) — Air Filter
[2026-06-18T14:24:46.273Z]   FOUND — crossRefs:0 apps:0 specs:0
[2026-06-18T14:24:47.789Z] [1784/2430] EA51002 (SP2100/2) — Air Filter
[2026-06-18T14:24:47.846Z]   FOUND — crossRefs:0 apps:0 specs:0
[2026-06-18T14:24:49.358Z] [1785/2430] EA51025 (SP2102/5) — Air Filter
[2026-06-18T14:24:49.409Z]   FOUND — crossRefs:0 apps:0 specs:0
[2026-06-18T14:24:50.917Z] [1786/2430] EA51045 (SP2104/5) — Air Filter
[2026-06-18T14:24:50.972Z]   FOUND — crossRefs:0 apps:0 specs:0
[2026-06-18T14:24:52.478Z] [1787/2430] EA51091 (SP2109/1) — Air Filter
[2026-06-18T14:24:52.526Z]   FOUND — crossRefs:0 apps:0 specs:0
[2026-06-18T14:24:54.026Z] [1788/2430] EA51121 (SP2112/1) — Air Filter
[2026-06-18T14:24:54.079Z]   FOUND — crossRefs:0 apps:0 specs:0
[2026-06-18T14:24:55.593Z] [1789/2430] EA52312 (SP231/2) — Air Filter
[2026-06-18T14:24:55.641Z]   FOUND — crossRefs:0 apps:0 specs:0
[2026-06-18T14:24:57.143Z] [1790/2430] EA52446 (SP2446) — Air Filter
[2026-06-18T14:24:57.192Z]   FOUND — crossRefs:0 apps:0 specs:0
[2026-06-18T14:24:58.694Z] [1791/2430] EA55422 (SP2542/2) — Air Filter
[2026-06-18T14:24:58.767Z]   FOUND — crossRefs:0 apps:0 specs:0
[2026-06-18T14:25:00.277Z] [1792/2430] EA57472 (SP2747/2) — Air Filter
[2026-06-18T14:25:00.337Z]   FOUND — crossRefs:0 apps:0 specs:0
[2026-06-18T14:25:01.845Z] [1793/2430] EA58412 (SP2841/2) — Air Filter
[2026-06-18T14:25:01.898Z]   FOUND — crossRefs:0 apps:0 specs:0
[2026-06-18T14:25:03.399Z] [1794/2430] EA52841 (SP2841AZ) — Air Filter
[2026-06-18T14:25:03.462Z]   FOUND — crossRefs:0 apps:0 specs:0
[2026-06-18T14:25:04.965Z] [1795/2430] EA52846 (SP2846) — Air Filter
[2026-06-18T14:25:05.024Z]   FOUND — crossRefs:0 apps:0 specs:0
[2026-06-18T14:25:06.532Z] [1796/2430] EA58532 (SP2853/2) — Air Filter
[2026-06-18T14:25:06.932Z]   FOUND — crossRefs:0 apps:0 specs:0
[2026-06-18T14:25:08.446Z] [1797/2430] EA50082 (SP3008/2X) — Air Filter
[2026-06-18T14:25:08.677Z]   FOUND — crossRefs:0 apps:0 specs:0
[2026-06-18T14:25:10.192Z] [1798/2430] EA50092 (SP3009/2) — Air Filter
[2026-06-18T14:25:10.330Z]   FOUND — crossRefs:0 apps:0 specs:0
[2026-06-18T14:25:11.843Z] [1799/2430] EA50142 (SP3014/2) — Air Filter
[2026-06-18T14:25:12.658Z]   FOUND — crossRefs:0 apps:0 specs:0
[2026-06-18T14:25:14.170Z] [1800/2430] EA50192 (SP3019/2) — Air Filter
[2026-06-18T14:25:14.414Z]   FOUND — crossRefs:0 apps:0 specs:0
[2026-06-18T14:25:15.919Z] [1801/2430] EA50202 (SP3020/2) — Air Filter
[2026-06-18T14:25:16.000Z]   FOUND — crossRefs:0 apps:0 specs:0
[2026-06-18T14:25:17.503Z] [1802/2430] EA50212 (SP3021/2) — Air Filter
[2026-06-18T14:25:17.739Z]   FOUND — crossRefs:0 apps:0 specs:0
[2026-06-18T14:25:19.252Z] [1803/2430] EA50222 (SP3022/2) — Air Filter
[2026-06-18T14:25:19.326Z]   FOUND — crossRefs:0 apps:0 specs:0
[2026-06-18T14:25:20.853Z] [1804/2430] EA50252 (SP3025/2X) — Air Filter
[2026-06-18T14:25:20.926Z]   FOUND — crossRefs:0 apps:0 specs:0
[2026-06-18T14:25:22.438Z] [1805/2430] EA50443 (SP3044/3X) — Air Filter
[2026-06-18T14:25:22.510Z]   FOUND — crossRefs:0 apps:0 specs:0
[2026-06-18T14:25:24.020Z] [1806/2430] EA50452 (SP3045/2X) — Air Filter
[2026-06-18T14:25:24.092Z]   FOUND — crossRefs:0 apps:0 specs:0
[2026-06-18T14:25:25.595Z] [1807/2430] EA50581 (SP3058/1) — Air Filter
[2026-06-18T14:25:25.960Z]   FOUND — crossRefs:0 apps:0 specs:0
[2026-06-18T14:25:27.469Z] [1808/2430] EA50601 (SP3060/1) — Air Filter
[2026-06-18T14:25:27.970Z]   FOUND — crossRefs:0 apps:0 specs:0
[2026-06-18T14:25:29.482Z] [1809/2430] EA56110 (SP3061/10) — Air Filter
[2026-06-18T14:25:29.550Z]   FOUND — crossRefs:0 apps:0 specs:0
[2026-06-18T14:25:31.064Z] [1810/2430] EA50621 (SP3062/1) — Air Filter
[2026-06-18T14:25:31.134Z]   FOUND — crossRefs:0 apps:0 specs:0
[2026-06-18T14:25:32.635Z] [1811/2430] EA50641 (SP3064/1) — Air Filter
[2026-06-18T14:25:32.709Z]   FOUND — crossRefs:0 apps:0 specs:0
[2026-06-18T14:25:34.215Z] [1812/2430] EA57110 (SP3071/10) — Air Filter
[2026-06-18T14:25:34.324Z]   FOUND — crossRefs:0 apps:0 specs:0
[2026-06-18T14:25:35.832Z] [1813/2430] EA55051 (SP505/1X) — Air Filter
[2026-06-18T14:25:35.900Z]   FOUND — crossRefs:0 apps:0 specs:0
[2026-06-18T14:25:37.416Z] [1814/2430] EL51032 (W1032) — Oil Filter
[2026-06-18T14:25:38.640Z]   NOT FOUND
[2026-06-18T14:25:40.158Z] [1815/2430] EL51070 (W1070) — Oil Filter
[2026-06-18T14:25:41.376Z]   NOT FOUND
[2026-06-18T14:25:42.877Z] [1816/2430] EL51071 (W1071) — Oil Filter
[2026-06-18T14:25:44.084Z]   NOT FOUND
[2026-06-18T14:25:45.586Z] [1817/2430] EL50003 (W11000/3) — Oil Filter
[2026-06-18T14:25:46.796Z]   NOT FOUND
[2026-06-18T14:25:48.309Z] [1818/2430] EL51012 (W11012) — Oil Filter
[2026-06-18T14:25:49.509Z]   NOT FOUND
[2026-06-18T14:25:51.024Z] [1819/2430] EL51015 (W11015) — Oil Filter
[2026-06-18T14:25:52.243Z]   NOT FOUND
[2026-06-18T14:25:53.759Z] [1820/2430] EL51018 (W11018) — Oil Filter
[2026-06-18T14:25:54.958Z]   NOT FOUND
[2026-06-18T14:25:56.460Z] [1821/2430] EL51052 (W11052) — Oil Filter
[2026-06-18T14:25:57.680Z]   NOT FOUND
[2026-06-18T14:25:59.182Z] [1822/2430] EL51053 (W11053) — Oil Filter
[2026-06-18T14:26:00.420Z]   NOT FOUND
[2026-06-18T14:26:01.937Z] [1823/2430] EL51056 (W11056) — Oil Filter
[2026-06-18T14:26:03.193Z]   NOT FOUND
[2026-06-18T14:26:04.710Z] [1824/2430] EL51110 (W1110) — Oil Filter
[2026-06-18T14:26:05.931Z]   NOT FOUND
[2026-06-18T14:26:07.441Z] [1825/2430] EL50211 (W11102/11) — Oil Filter
[2026-06-18T14:26:07.578Z]   FOUND — crossRefs:100 apps:49 specs:6
[2026-06-18T14:26:09.129Z] [1826/2430] EL50214 (W11102/14) — Oil Filter
[2026-06-18T14:26:09.215Z]   FOUND — crossRefs:100 apps:49 specs:6
[2026-06-18T14:26:10.746Z] [1827/2430] EL51022 (W11102/2) — Oil Filter
[2026-06-18T14:26:10.801Z]   FOUND — crossRefs:100 apps:49 specs:6
[2026-06-18T14:26:12.333Z] [1828/2430] EL50220 (W11102/20) — Oil Filter
[2026-06-18T14:26:12.389Z]   FOUND — crossRefs:100 apps:49 specs:6
[2026-06-18T14:26:13.917Z] [1829/2430] EL50224 (W11102/24) — Oil Filter
[2026-06-18T14:26:13.977Z]   FOUND — crossRefs:100 apps:49 specs:6
[2026-06-18T14:26:15.517Z] [1830/2430] EL50243 (W11102/43) — Oil Filter
[2026-06-18T14:26:15.596Z]   FOUND — crossRefs:100 apps:49 specs:6
[2026-06-18T14:26:17.132Z] [1831/2430] EL50248 (W11102/48) — Oil Filter
[2026-06-18T14:26:17.193Z]   FOUND — crossRefs:100 apps:49 specs:6
[2026-06-18T14:26:18.732Z] [1832/2430] EL51120 (W1120) — Oil Filter
[2026-06-18T14:26:18.803Z]   FOUND — crossRefs:1 apps:0 specs:0
[2026-06-18T14:26:20.315Z] [1833/2430] EL51261 (W1126/1) — Oil Filter
[2026-06-18T14:26:20.402Z]   FOUND — crossRefs:304 apps:1 specs:6
[2026-06-18T14:26:21.966Z] [1834/2430] EL51262 (W1126/2) — Oil Filter
[2026-06-18T14:26:22.027Z]   FOUND — crossRefs:304 apps:1 specs:6
[2026-06-18T14:26:23.584Z] [1835/2430] EL51265 (W1126/5) — Oil Filter
[2026-06-18T14:26:23.648Z]   FOUND — crossRefs:304 apps:1 specs:6
[2026-06-18T14:26:25.204Z] [1836/2430] EL51127 (W1127) — Oil Filter
[2026-06-18T14:26:25.291Z]   FOUND — crossRefs:70 apps:0 specs:0
[2026-06-18T14:26:26.816Z] [1837/2430] EL54022 (W1140/22) — Oil Filter
[2026-06-18T14:26:26.882Z]   FOUND — crossRefs:239 apps:60 specs:6
[2026-06-18T14:26:28.435Z] [1838/2430] EL54053 (W1140/5/3) — Oil Filter
[2026-06-18T14:26:28.498Z]   FOUND — crossRefs:239 apps:60 specs:6
[2026-06-18T14:26:30.055Z] [1839/2430] EL51408 (W1140/8) — Oil Filter
[2026-06-18T14:26:30.112Z]   FOUND — crossRefs:239 apps:60 specs:6
[2026-06-18T14:26:31.668Z] [1840/2430] EL55010 (W1150/10) — Oil Filter
[2026-06-18T14:26:32.827Z]   NOT FOUND
[2026-06-18T14:26:34.344Z] [1841/2430] EL55011 (W1150/11) — Oil Filter
[2026-06-18T14:26:36.588Z]   NOT FOUND
[2026-06-18T14:26:38.106Z] [1842/2430] EL51503 (W1150/3) — Oil Filter
[2026-06-18T14:26:39.294Z]   NOT FOUND
[2026-06-18T14:26:40.812Z] [1843/2430] EL51153 (W1153) — Oil Filter
[2026-06-18T14:26:42.032Z]   NOT FOUND
[2026-06-18T14:26:43.535Z] [1844/2430] EL51603 (W1160/3) — Oil Filter
[2026-06-18T14:26:43.713Z]   FOUND — crossRefs:92 apps:500 specs:6
[2026-06-18T14:26:45.305Z] [1845/2430] EL51604 (W1160/4) — Oil Filter
[2026-06-18T14:26:45.383Z]   FOUND — crossRefs:92 apps:500 specs:6
[2026-06-18T14:26:46.992Z] [1846/2430] EL51601 (W11601) — Oil Filter
[2026-06-18T14:26:48.081Z]   NOT FOUND
[2026-06-18T14:26:49.588Z] [1847/2430] EL51162 (W1162) — Oil Filter
[2026-06-18T14:26:50.778Z]   NOT FOUND
[2026-06-18T14:26:52.296Z] [1848/2430] EL51701 (W1170/1) — Oil Filter
[2026-06-18T14:26:52.442Z]   FOUND — crossRefs:148 apps:2 specs:6
[2026-06-18T14:26:53.974Z] [1849/2430] EL51702 (W1170/2) — Oil Filter
[2026-06-18T14:26:54.054Z]   FOUND — crossRefs:148 apps:2 specs:6
[2026-06-18T14:26:55.597Z] [1850/2430] EL51184 (W1184) — Oil Filter
[2026-06-18T14:26:55.656Z]   FOUND — crossRefs:12 apps:0 specs:0
[2026-06-18T14:26:57.161Z] [1851/2430] EL52001 (W12001) — Oil Filter
[2026-06-18T14:26:58.318Z]   NOT FOUND
[2026-06-18T14:26:59.833Z] [1852/2430] EL52002 (W12002) — Oil Filter
[2026-06-18T14:27:01.056Z]   NOT FOUND
[2026-06-18T14:27:02.558Z] [1853/2430] EL52013 (W12013) — Oil Filter
[2026-06-18T14:27:03.789Z]   NOT FOUND
[2026-06-18T14:27:05.296Z] [1854/2430] EL52106 (W12106) — Oil Filter
[2026-06-18T14:27:05.426Z]   FOUND — crossRefs:8 apps:0 specs:0
[2026-06-18T14:27:06.942Z] [1855/2430] EL52052 (W12205/2) — Oil Filter
[2026-06-18T14:27:07.036Z]   FOUND — crossRefs:32 apps:0 specs:6
[2026-06-18T14:27:08.547Z] [1856/2430] EL52371 (W1237/1X) — Oil Filter
[2026-06-18T14:27:09.171Z]   FOUND — crossRefs:205 apps:0 specs:0
[2026-06-18T14:27:10.710Z] [1857/2430] EL52602 (W12602) — Oil Filter
[2026-06-18T14:27:11.392Z]   FOUND — crossRefs:32 apps:0 specs:0
[2026-06-18T14:27:12.901Z] [1858/2430] EL52941 (W1294/1) — Oil Filter
[2026-06-18T14:27:12.973Z]   FOUND — crossRefs:374 apps:1 specs:6
[2026-06-18T14:27:14.537Z] [1859/2430] EL53120 (W13120) — Oil Filter
[2026-06-18T14:27:15.624Z]   NOT FOUND
[2026-06-18T14:27:17.140Z] [1860/2430] EL51204 (W13120/4) — Oil Filter
[2026-06-18T14:27:18.349Z]   NOT FOUND
[2026-06-18T14:27:19.856Z] [1861/2430] EL51459 (W13145/9) — Oil Filter
[2026-06-18T14:27:19.984Z]   FOUND — crossRefs:8 apps:0 specs:0
[2026-06-18T14:27:21.497Z] [1862/2430] EL53151 (W13151) — Oil Filter
[2026-06-18T14:27:22.632Z]   NOT FOUND
[2026-06-18T14:27:24.146Z] [1863/2430] EL51372 (W1372) — Oil Filter
[2026-06-18T14:27:24.301Z]   FOUND — crossRefs:12 apps:0 specs:0
[2026-06-18T14:27:25.824Z] [1864/2430] EL51374 (W1374) — Oil Filter
[2026-06-18T14:27:26.125Z]   FOUND — crossRefs:2 apps:0 specs:6
[2026-06-18T14:27:27.641Z] [1865/2430] EL53741 (W1374/1) — Oil Filter
[2026-06-18T14:27:27.752Z]   FOUND — crossRefs:2 apps:0 specs:6
[2026-06-18T14:27:29.255Z] [1866/2430] EL57410 (W1374/10) — Oil Filter
[2026-06-18T14:27:29.329Z]   FOUND — crossRefs:2 apps:0 specs:6
[2026-06-18T14:27:30.834Z] [1867/2430] EL51385 (W1385) — Oil Filter
[2026-06-18T14:27:32.147Z]   NOT FOUND
[2026-06-18T14:27:33.650Z] [1868/2430] EL51410 (W1410) — Oil Filter
[2026-06-18T14:27:33.797Z]   FOUND — crossRefs:14 apps:0 specs:0
[2026-06-18T14:27:35.305Z] [1869/2430] EL50431 (W43/1) — Oil Filter
[2026-06-18T14:27:36.462Z]   NOT FOUND
[2026-06-18T14:27:37.964Z] [1870/2430] EL50436 (W43/6) — Oil Filter
[2026-06-18T14:27:39.165Z]   NOT FOUND
[2026-06-18T14:27:40.681Z] [1871/2430] EL50437 (W43/7) — Oil Filter
[2026-06-18T14:27:41.879Z]   NOT FOUND
[2026-06-18T14:27:43.382Z] [1872/2430] EL50111 (W6011/1) — Oil Filter
[2026-06-18T14:27:43.527Z]   FOUND — crossRefs:60 apps:12 specs:6
[2026-06-18T14:27:45.049Z] [1873/2430] EL50181 (W6018/1) — Oil Filter
[2026-06-18T14:27:45.356Z]   FOUND — crossRefs:31 apps:19 specs:6
[2026-06-18T14:27:46.876Z] [1874/2430] EL56019 (W6019M) — Oil Filter
[2026-06-18T14:27:46.956Z]   FOUND — crossRefs:254 apps:0 specs:0
[2026-06-18T14:27:48.508Z] [1875/2430] EL56024 (W6024) — Oil Filter
[2026-06-18T14:27:49.607Z]   NOT FOUND
[2026-06-18T14:27:51.114Z] [1876/2430] EL56028 (W6028) — Oil Filter
[2026-06-18T14:27:52.334Z]   NOT FOUND
[2026-06-18T14:27:53.837Z] [1877/2430] EL51080 (W610/80) — Oil Filter
[2026-06-18T14:27:53.979Z]   FOUND — crossRefs:21 apps:0 specs:0
[2026-06-18T14:27:55.490Z] [1878/2430] EL51081 (W610/81) — Oil Filter
[2026-06-18T14:27:55.552Z]   FOUND — crossRefs:21 apps:0 specs:0
[2026-06-18T14:27:57.071Z] [1879/2430] EL51082 (W610/82) — Oil Filter
[2026-06-18T14:27:57.155Z]   FOUND — crossRefs:21 apps:0 specs:0
[2026-06-18T14:27:58.672Z] [1880/2430] EL51083 (W610/83) — Oil Filter
[2026-06-18T14:27:58.769Z]   FOUND — crossRefs:21 apps:0 specs:0
[2026-06-18T14:28:00.287Z] [1881/2430] EL56109 (W610/9M) — Oil Filter
[2026-06-18T14:28:00.343Z]   FOUND — crossRefs:21 apps:0 specs:0
[2026-06-18T14:28:01.859Z] [1882/2430] EL56117 (W6117) — Oil Filter
[2026-06-18T14:28:03.038Z]   NOT FOUND
[2026-06-18T14:28:04.545Z] [1883/2430] EL56780 (W67/80) — Oil Filter
[2026-06-18T14:28:04.687Z]   FOUND — crossRefs:71 apps:15 specs:6
[2026-06-18T14:28:06.213Z] [1884/2430] EL56781 (W67/81) — Oil Filter
[2026-06-18T14:28:06.271Z]   FOUND — crossRefs:71 apps:15 specs:6
[2026-06-18T14:28:07.798Z] [1885/2430] EL56904 (W6904) — Oil Filter
[2026-06-18T14:28:08.936Z]   NOT FOUND
[2026-06-18T14:28:10.452Z] [1886/2430] EL57015 (W7015M) — Oil Filter
[2026-06-18T14:28:11.640Z]   NOT FOUND
[2026-06-18T14:28:13.144Z] [1887/2430] EL57023 (W7023M) — Oil Filter
[2026-06-18T14:28:13.896Z]   FOUND — crossRefs:489 apps:0 specs:0
[2026-06-18T14:28:15.475Z] [1888/2430] EL57026 (W7026) — Oil Filter
[2026-06-18T14:28:16.573Z]   NOT FOUND
[2026-06-18T14:28:18.077Z] [1889/2430] EL57030 (W7030M) — Oil Filter
[2026-06-18T14:28:19.380Z]   NOT FOUND
[2026-06-18T14:28:20.896Z] [1890/2430] EL57033 (W7033) — Oil Filter
[2026-06-18T14:28:22.117Z]   NOT FOUND
[2026-06-18T14:28:23.621Z] [1891/2430] EL57058 (W7058M) — Oil Filter
[2026-06-18T14:28:24.993Z]   NOT FOUND
[2026-06-18T14:28:26.507Z] [1892/2430] EL50731 (W7073/1) — Oil Filter
[2026-06-18T14:28:27.780Z]   NOT FOUND
[2026-06-18T14:28:29.295Z] [1893/2430] EL57075 (W7075) — Oil Filter
[2026-06-18T14:28:30.502Z]   NOT FOUND
[2026-06-18T14:28:32.021Z] [1894/2430] EL57076 (W7076) — Oil Filter
[2026-06-18T14:28:33.239Z]   NOT FOUND
[2026-06-18T14:28:34.742Z] [1895/2430] EL57092 (W7092) — Oil Filter
[2026-06-18T14:28:35.961Z]   NOT FOUND
[2026-06-18T14:28:37.466Z] [1896/2430] EL50711 (W711) — Oil Filter
[2026-06-18T14:28:37.610Z]   FOUND — crossRefs:31 apps:0 specs:0
[2026-06-18T14:28:39.122Z] [1897/2430] EL57110 (W7110) — Oil Filter
[2026-06-18T14:28:40.292Z]   NOT FOUND
[2026-06-18T14:28:41.804Z] [1898/2430] EL51210 (W712(10)) — Oil Filter
[2026-06-18T14:28:41.931Z]   FOUND — crossRefs:3 apps:0 specs:0
[2026-06-18T14:28:43.438Z] [1899/2430] EL57121 (W712/1) — Oil Filter
[2026-06-18T14:28:43.537Z]   FOUND — crossRefs:749 apps:391 specs:6
[2026-06-18T14:28:45.219Z] [1900/2430] EL51211 (W712/11X) — Oil Filter
[2026-06-18T14:28:45.294Z]   FOUND — crossRefs:749 apps:391 specs:6
[2026-06-18T14:28:46.981Z] [1901/2430] EL51212 (W712/12) — Oil Filter
[2026-06-18T14:28:47.058Z]   FOUND — crossRefs:749 apps:391 specs:6
[2026-06-18T14:28:48.753Z] [1902/2430] EL51214 (W712/14) — Oil Filter
[2026-06-18T14:28:48.837Z]   FOUND — crossRefs:749 apps:391 specs:6
[2026-06-18T14:28:50.518Z] [1903/2430] EL51218 (W712/18) — Oil Filter
[2026-06-18T14:28:50.592Z]   FOUND — crossRefs:749 apps:391 specs:6
[2026-06-18T14:28:52.262Z] [1904/2430] EL51219 (W712/19) — Oil Filter
[2026-06-18T14:28:52.337Z]   FOUND — crossRefs:749 apps:391 specs:6
[2026-06-18T14:28:54.015Z] [1905/2430] EL57121 (W712/1N) — Oil Filter
[2026-06-18T14:28:54.098Z]   FOUND — crossRefs:749 apps:391 specs:6
[2026-06-18T14:28:55.813Z] [1906/2430] EL57122 (W712/2) — Oil Filter
[2026-06-18T14:28:55.887Z]   FOUND — crossRefs:749 apps:391 specs:6
[2026-06-18T14:28:57.564Z] [1907/2430] EL51222 (W712/22X) — Oil Filter
[2026-06-18T14:28:57.654Z]   FOUND — crossRefs:749 apps:391 specs:6
[2026-06-18T14:28:59.313Z] [1908/2430] EL51223 (W712/23) — Oil Filter
[2026-06-18T14:28:59.383Z]   FOUND — crossRefs:749 apps:391 specs:6
[2026-06-18T14:29:01.062Z] [1909/2430] EL51224 (W712/24) — Oil Filter
[2026-06-18T14:29:01.150Z]   FOUND — crossRefs:749 apps:391 specs:6
[2026-06-18T14:29:02.811Z] [1910/2430] EL51226 (W712/26) — Oil Filter
[2026-06-18T14:29:02.893Z]   FOUND — crossRefs:749 apps:391 specs:6
[2026-06-18T14:29:04.584Z] [1911/2430] EL57122 (W712/2N) — Oil Filter
[2026-06-18T14:29:04.670Z]   FOUND — crossRefs:749 apps:391 specs:6
[2026-06-18T14:29:06.358Z] [1912/2430] EL57123 (W712/3) — Oil Filter
[2026-06-18T14:29:06.434Z]   FOUND — crossRefs:749 apps:391 specs:6
[2026-06-18T14:29:08.106Z] [1913/2430] EL51234 (W712/34) — Oil Filter
[2026-06-18T14:29:08.178Z]   FOUND — crossRefs:749 apps:391 specs:6
[2026-06-18T14:29:09.841Z] [1914/2430] EL53410 (W712/34(10)) — Oil Filter
[2026-06-18T14:29:09.950Z]   FOUND — crossRefs:749 apps:391 specs:6
[2026-06-18T14:29:11.608Z] [1915/2430] EL51235 (W712/35) — Oil Filter
[2026-06-18T14:29:11.688Z]   FOUND — crossRefs:749 apps:391 specs:6
[2026-06-18T14:29:13.404Z] [1916/2430] EL51237 (W712/37) — Oil Filter
[2026-06-18T14:29:13.481Z]   FOUND — crossRefs:749 apps:391 specs:6
[2026-06-18T14:29:15.154Z] [1917/2430] EL51239 (W712/39) — Oil Filter
[2026-06-18T14:29:15.231Z]   FOUND — crossRefs:749 apps:391 specs:6
[2026-06-18T14:29:16.903Z] [1918/2430] EL54310 (W712/43(10)) — Oil Filter
[2026-06-18T14:29:16.994Z]   FOUND — crossRefs:749 apps:391 specs:6
[2026-06-18T14:29:18.673Z] [1919/2430] EL57125 (W712/5) — Oil Filter
[2026-06-18T14:29:18.750Z]   FOUND — crossRefs:749 apps:391 specs:6
[2026-06-18T14:29:20.423Z] [1920/2430] EL51253 (W712/53) — Oil Filter
[2026-06-18T14:29:20.503Z]   FOUND — crossRefs:749 apps:391 specs:6
[2026-06-18T14:29:22.213Z] [1921/2430] EL57125 (W712/5X) — Oil Filter
[2026-06-18T14:29:22.301Z]   FOUND — crossRefs:749 apps:391 specs:6
[2026-06-18T14:29:23.998Z] [1922/2430] EL51260 (W712/60) — Oil Filter
[2026-06-18T14:29:24.072Z]   FOUND — crossRefs:749 apps:391 specs:6
[2026-06-18T14:29:25.746Z] [1923/2430] EL51261 (W712/61) — Oil Filter
[2026-06-18T14:29:25.839Z]   FOUND — crossRefs:749 apps:391 specs:6
[2026-06-18T14:29:27.548Z] [1924/2430] EL57126 (W712/6N) — Oil Filter
[2026-06-18T14:29:27.623Z]   FOUND — crossRefs:749 apps:391 specs:6
[2026-06-18T14:29:29.282Z] [1925/2430] EL57127 (W712/7) — Oil Filter
[2026-06-18T14:29:29.365Z]   FOUND — crossRefs:749 apps:391 specs:6
[2026-06-18T14:29:31.150Z] [1926/2430] EL51273 (W712/73M) — Oil Filter
[2026-06-18T14:29:31.227Z]   FOUND — crossRefs:749 apps:391 specs:6
[2026-06-18T14:29:32.908Z] [1927/2430] EL51275 (W712/75M) — Oil Filter
[2026-06-18T14:29:32.992Z]   FOUND — crossRefs:749 apps:391 specs:6
[2026-06-18T14:29:34.681Z] [1928/2430] EL52810 (W712/8(10)) — Oil Filter
[2026-06-18T14:29:34.756Z]   FOUND — crossRefs:749 apps:391 specs:6
[2026-06-18T14:29:36.421Z] [1929/2430] EL51281 (W712/81) — Oil Filter
[2026-06-18T14:29:36.500Z]   FOUND — crossRefs:749 apps:391 specs:6
[2026-06-18T14:29:38.203Z] [1930/2430] EL51283 (W712/83M) — Oil Filter
[2026-06-18T14:29:38.293Z]   FOUND — crossRefs:749 apps:391 specs:6
[2026-06-18T14:29:40.008Z] [1931/2430] EL51290 (W712/90M) — Oil Filter
[2026-06-18T14:29:40.091Z]   FOUND — crossRefs:749 apps:391 specs:6
[2026-06-18T14:29:41.772Z] [1932/2430] EL59210 (W712/92(10)) — Oil Filter
[2026-06-18T14:29:41.858Z]   FOUND — crossRefs:749 apps:391 specs:6
[2026-06-18T14:29:43.544Z] [1933/2430] EL51292 (W712/92M) — Oil Filter
[2026-06-18T14:29:43.622Z]   FOUND — crossRefs:749 apps:391 specs:6
[2026-06-18T14:29:45.291Z] [1934/2430] EL51294 (W712/94M) — Oil Filter
[2026-06-18T14:29:45.372Z]   FOUND — crossRefs:749 apps:391 specs:6
[2026-06-18T14:29:47.045Z] [1935/2430] EL50712 (W712N) — Oil Filter
[2026-06-18T14:29:47.081Z]   FOUND — crossRefs:6 apps:0 specs:0
[2026-06-18T14:29:48.591Z] [1936/2430] EL50713 (W713) — Oil Filter
[2026-06-18T14:29:48.665Z]   FOUND — crossRefs:33 apps:0 specs:0
[2026-06-18T14:29:50.185Z] [1937/2430] EL57131 (W713/1) — Oil Filter
[2026-06-18T14:29:50.260Z]   FOUND — crossRefs:33 apps:0 specs:0
[2026-06-18T14:29:51.769Z] [1938/2430] EL51313 (W713/13) — Oil Filter
[2026-06-18T14:29:51.829Z]   FOUND — crossRefs:33 apps:0 specs:0
[2026-06-18T14:29:53.351Z] [1939/2430] EL51315 (W713/15) — Oil Filter
[2026-06-18T14:29:53.403Z]   FOUND — crossRefs:33 apps:0 specs:0
[2026-06-18T14:29:54.918Z] [1940/2430] EL51316 (W713/16X) — Oil Filter
[2026-06-18T14:29:54.973Z]   FOUND — crossRefs:33 apps:0 specs:0
[2026-06-18T14:29:56.488Z] [1941/2430] EL51322 (W713/22) — Oil Filter
[2026-06-18T14:29:56.547Z]   FOUND — crossRefs:33 apps:0 specs:0
[2026-06-18T14:29:58.070Z] [1942/2430] EL51323 (W713/23) — Oil Filter
[2026-06-18T14:29:58.134Z]   FOUND — crossRefs:33 apps:0 specs:0
[2026-06-18T14:29:59.656Z] [1943/2430] EL57134 (W713/4) — Oil Filter
[2026-06-18T14:29:59.739Z]   FOUND — crossRefs:33 apps:0 specs:0
[2026-06-18T14:30:01.260Z] [1944/2430] EL57134 (W713/4X) — Oil Filter
[2026-06-18T14:30:01.325Z]   FOUND — crossRefs:33 apps:0 specs:0
[2026-06-18T14:30:02.838Z] [1945/2430] EL57135 (W713/5) — Oil Filter
[2026-06-18T14:30:03.115Z]   FOUND — crossRefs:33 apps:0 specs:0
[2026-06-18T14:30:04.622Z] [1946/2430] EL57135 (W713/5X) — Oil Filter
[2026-06-18T14:30:12.379Z]   FOUND — crossRefs:33 apps:0 specs:0
[2026-06-18T14:30:13.887Z] [1947/2430] EL57136 (W713/6) — Oil Filter
[2026-06-18T14:30:13.937Z]   FOUND — crossRefs:33 apps:0 specs:0
[2026-06-18T14:30:15.453Z] [1948/2430] EL57138 (W7138) — Oil Filter
[2026-06-18T14:30:16.769Z]   NOT FOUND
[2026-06-18T14:30:18.285Z] [1949/2430] EL50717 (W717) — Oil Filter
[2026-06-18T14:30:18.411Z]   FOUND — crossRefs:28 apps:0 specs:0
[2026-06-18T14:30:19.920Z] [1950/2430] EL57171 (W717/1) — Oil Filter
[2026-06-18T14:30:19.973Z]   FOUND — crossRefs:28 apps:0 specs:0
[2026-06-18T14:30:21.490Z] [1951/2430] EL50717 (W717X) — Oil Filter
[2026-06-18T14:30:21.546Z]   FOUND — crossRefs:6 apps:0 specs:0
[2026-06-18T14:30:23.052Z] [1952/2430] EL57181 (W718/1) — Oil Filter
[2026-06-18T14:30:23.140Z]   FOUND — crossRefs:780 apps:0 specs:6
[2026-06-18T14:30:24.768Z] [1953/2430] EL50719 (W719) — Oil Filter
[2026-06-18T14:30:24.821Z]   FOUND — crossRefs:6 apps:0 specs:0
[2026-06-18T14:30:26.334Z] [1954/2430] EL51913 (W719/13X) — Oil Filter
[2026-06-18T14:30:26.390Z]   FOUND — crossRefs:6 apps:0 specs:0
[2026-06-18T14:30:27.901Z] [1955/2430] EL51510 (W719/15(10)) — Oil Filter
[2026-06-18T14:30:27.978Z]   FOUND — crossRefs:6 apps:0 specs:0
[2026-06-18T14:30:29.490Z] [1956/2430] EL51915 (W719/15X) — Oil Filter
[2026-06-18T14:30:29.545Z]   FOUND — crossRefs:6 apps:0 specs:0
[2026-06-18T14:30:31.060Z] [1957/2430] EL51916 (W719/16) — Oil Filter
[2026-06-18T14:30:31.118Z]   FOUND — crossRefs:6 apps:0 specs:0
[2026-06-18T14:30:32.621Z] [1958/2430] EL51919 (W719/19) — Oil Filter
[2026-06-18T14:30:32.707Z]   FOUND — crossRefs:6 apps:0 specs:0
[2026-06-18T14:30:34.222Z] [1959/2430] EL57191 (W719/1X) — Oil Filter
[2026-06-18T14:30:34.280Z]   FOUND — crossRefs:6 apps:0 specs:0
[2026-06-18T14:30:35.790Z] [1960/2430] EL51923 (W719/23) — Oil Filter
[2026-06-18T14:30:35.852Z]   FOUND — crossRefs:6 apps:0 specs:0
[2026-06-18T14:30:37.369Z] [1961/2430] EL51924 (W719/24) — Oil Filter
[2026-06-18T14:30:37.478Z]   FOUND — crossRefs:6 apps:0 specs:0
[2026-06-18T14:30:38.991Z] [1962/2430] EL51925 (W719/25) — Oil Filter
[2026-06-18T14:30:39.060Z]   FOUND — crossRefs:6 apps:0 specs:0
[2026-06-18T14:30:40.573Z] [1963/2430] EL51926 (W719/26) — Oil Filter
[2026-06-18T14:30:40.627Z]   FOUND — crossRefs:6 apps:0 specs:0
[2026-06-18T14:30:42.143Z] [1964/2430] EL51928 (W719/28) — Oil Filter
[2026-06-18T14:30:42.202Z]   FOUND — crossRefs:6 apps:0 specs:0
[2026-06-18T14:30:43.710Z] [1965/2430] EL53010 (W719/30(10)) — Oil Filter
[2026-06-18T14:30:43.765Z]   FOUND — crossRefs:6 apps:0 specs:0
[2026-06-18T14:30:45.275Z] [1966/2430] EL51932 (W719/32) — Oil Filter
[2026-06-18T14:30:45.343Z]   FOUND — crossRefs:6 apps:0 specs:0
[2026-06-18T14:30:46.858Z] [1967/2430] EL51938 (W719/38) — Oil Filter
[2026-06-18T14:30:46.933Z]   FOUND — crossRefs:6 apps:0 specs:0
[2026-06-18T14:30:48.457Z] [1968/2430] EL51940 (W719/40) — Oil Filter
[2026-06-18T14:30:48.511Z]   FOUND — crossRefs:6 apps:0 specs:0
[2026-06-18T14:30:50.025Z] [1969/2430] EL54510 (W719/45(10)) — Oil Filter
[2026-06-18T14:30:50.082Z]   FOUND — crossRefs:6 apps:0 specs:0
[2026-06-18T14:30:51.588Z] [1970/2430] EL51945 (W719/45M) — Oil Filter
[2026-06-18T14:30:51.644Z]   FOUND — crossRefs:6 apps:0 specs:0
[2026-06-18T14:30:53.156Z] [1971/2430] EL59510 (W719/5(10)) — Oil Filter
[2026-06-18T14:30:53.215Z]   FOUND — crossRefs:6 apps:0 specs:0
[2026-06-18T14:30:54.725Z] [1972/2430] EL51951 (W719/51) — Oil Filter
[2026-06-18T14:30:54.788Z]   FOUND — crossRefs:6 apps:0 specs:0
[2026-06-18T14:30:56.291Z] [1973/2430] EL57195 (W719/5N) — Oil Filter
[2026-06-18T14:30:56.349Z]   FOUND — crossRefs:6 apps:0 specs:0
[2026-06-18T14:30:57.857Z] [1974/2430] EL57196 (W719/6) — Oil Filter
[2026-06-18T14:30:57.927Z]   FOUND — crossRefs:6 apps:0 specs:0
[2026-06-18T14:30:59.431Z] [1975/2430] EL57199 (W719/9) — Oil Filter
[2026-06-18T14:30:59.488Z]   FOUND — crossRefs:6 apps:0 specs:0
[2026-06-18T14:31:00.994Z] [1976/2430] EL50723 (W723) — Oil Filter
[2026-06-18T14:31:02.168Z]   NOT FOUND
[2026-06-18T14:31:03.673Z] [1977/2430] EL57232 (W723/2) — Oil Filter
[2026-06-18T14:31:04.889Z]   NOT FOUND
[2026-06-18T14:31:06.396Z] [1978/2430] EL50724 (W724) — Oil Filter
[2026-06-18T14:31:06.525Z]   FOUND — crossRefs:16 apps:0 specs:0
[2026-06-18T14:31:08.087Z] [1979/2430] EL57241 (W724/1X) — Oil Filter
[2026-06-18T14:31:08.146Z]   FOUND — crossRefs:16 apps:0 specs:0
[2026-06-18T14:31:09.664Z] [1980/2430] EL57242 (W724/2) — Oil Filter
[2026-06-18T14:31:09.726Z]   FOUND — crossRefs:16 apps:0 specs:0
[2026-06-18T14:31:11.236Z] [1981/2430] EL57244 (W724/4) — Oil Filter
[2026-06-18T14:31:11.291Z]   FOUND — crossRefs:16 apps:0 specs:0
[2026-06-18T14:31:12.798Z] [1982/2430] EL57245 (W724/5) — Oil Filter
[2026-06-18T14:31:12.871Z]   FOUND — crossRefs:16 apps:0 specs:0
[2026-06-18T14:31:14.380Z] [1983/2430] EL50735 (W735) — Oil Filter
[2026-06-18T14:31:14.443Z]   FOUND — crossRefs:11 apps:0 specs:0
[2026-06-18T14:31:15.947Z] [1984/2430] EL50752 (W75/2) — Oil Filter
[2026-06-18T14:31:16.078Z]   FOUND — crossRefs:5 apps:0 specs:0
[2026-06-18T14:31:17.589Z] [1985/2430] EL50754 (W75/4) — Oil Filter
[2026-06-18T14:31:17.665Z]   FOUND — crossRefs:5 apps:0 specs:0
[2026-06-18T14:31:19.167Z] [1986/2430] EL57562 (W7562) — Oil Filter
[2026-06-18T14:31:20.355Z]   NOT FOUND
[2026-06-18T14:31:21.871Z] [1987/2430] EL50773 (W77/3) — Oil Filter
[2026-06-18T14:31:22.031Z]   FOUND — crossRefs:387 apps:63 specs:6
[2026-06-18T14:31:23.604Z] [1988/2430] EL50077 (W77N) — Oil Filter
[2026-06-18T14:31:23.665Z]   FOUND — crossRefs:5 apps:0 specs:0
[2026-06-18T14:31:25.169Z] [1989/2430] EL50078 (W78) — Oil Filter
[2026-06-18T14:31:25.231Z]   FOUND — crossRefs:10 apps:0 specs:0
[2026-06-18T14:31:26.753Z] [1990/2430] EL50793 (W79/3) — Oil Filter
[2026-06-18T14:31:26.817Z]   FOUND — crossRefs:158 apps:279 specs:6
[2026-06-18T14:31:28.412Z] [1991/2430] EL58004 (W8004) — Oil Filter
[2026-06-18T14:31:28.473Z]   FOUND — crossRefs:18 apps:0 specs:0
[2026-06-18T14:31:29.991Z] [1992/2430] EL58037 (W8037) — Oil Filter
[2026-06-18T14:31:31.093Z]   NOT FOUND
[2026-06-18T14:31:32.598Z] [1993/2430] EL58039 (W8039) — Oil Filter
[2026-06-18T14:31:33.731Z]   NOT FOUND
[2026-06-18T14:31:35.236Z] [1994/2430] EL50810 (W810) — Oil Filter
[2026-06-18T14:31:36.441Z]   NOT FOUND
[2026-06-18T14:31:37.953Z] [1995/2430] EL50811 (W811) — Oil Filter
[2026-06-18T14:31:38.089Z]   FOUND — crossRefs:10 apps:0 specs:6
[2026-06-18T14:31:39.608Z] [1996/2430] EL51180 (W811/80IBAOYANG) — Oil Filter
[2026-06-18T14:31:39.659Z]   FOUND — crossRefs:10 apps:0 specs:6
[2026-06-18T14:31:41.178Z] [1997/2430] EL51181 (W811/81X) — Oil Filter
[2026-06-18T14:31:41.232Z]   FOUND — crossRefs:10 apps:0 specs:6
[2026-06-18T14:31:42.745Z] [1998/2430] EL50813 (W813) — Oil Filter
[2026-06-18T14:31:42.805Z]   FOUND — crossRefs:21 apps:0 specs:0
[2026-06-18T14:31:44.314Z] [1999/2430] EL58131 (W813/1) — Oil Filter
[2026-06-18T14:31:44.383Z]   FOUND — crossRefs:21 apps:0 specs:0
[2026-06-18T14:31:45.896Z] [2000/2430] EL58136 (W813/6) — Oil Filter
[2026-06-18T14:31:45.955Z]   FOUND — crossRefs:21 apps:0 specs:0
[2026-06-18T14:31:47.466Z] [2001/2430] EL51480 (W814/80X) — Oil Filter
[2026-06-18T14:31:48.538Z]   NOT FOUND
[2026-06-18T14:31:50.039Z] [2002/2430] EL51481 (W814/81) — Oil Filter
[2026-06-18T14:31:51.271Z]   NOT FOUND
[2026-06-18T14:31:52.775Z] [2003/2430] EL51481 (W814/81X) — Oil Filter
[2026-06-18T14:31:53.969Z]   NOT FOUND
[2026-06-18T14:31:55.485Z] [2004/2430] EL58151 (W815/1) — Oil Filter
[2026-06-18T14:31:55.608Z]   FOUND — crossRefs:54 apps:0 specs:6
[2026-06-18T14:31:57.121Z] [2005/2430] EL58153 (W815/3X) — Oil Filter
[2026-06-18T14:31:57.187Z]   FOUND — crossRefs:54 apps:0 specs:6
[2026-06-18T14:31:58.704Z] [2006/2430] EL58154 (W815/4) — Oil Filter
[2026-06-18T14:31:58.761Z]   FOUND — crossRefs:54 apps:0 specs:6
[2026-06-18T14:32:00.275Z] [2007/2430] EL51580 (W815/80X) — Oil Filter
[2026-06-18T14:32:00.328Z]   FOUND — crossRefs:54 apps:0 specs:6
[2026-06-18T14:32:01.839Z] [2008/2430] EL50815 (W815X) — Oil Filter
[2026-06-18T14:32:01.895Z]   FOUND — crossRefs:12 apps:0 specs:0
[2026-06-18T14:32:03.406Z] [2009/2430] EL51780 (W817/80) — Oil Filter
[2026-06-18T14:32:03.467Z]   FOUND — crossRefs:7 apps:0 specs:0
[2026-06-18T14:32:04.983Z] [2010/2430] EL58183 (W818/3) — Oil Filter
[2026-06-18T14:32:06.127Z]   NOT FOUND
[2026-06-18T14:32:07.636Z] [2011/2430] EL58184 (W818/4) — Oil Filter
[2026-06-18T14:32:08.848Z]   NOT FOUND
[2026-06-18T14:32:10.353Z] [2012/2430] EL58185 (W818/5) — Oil Filter
[2026-06-18T14:32:11.566Z]   NOT FOUND
[2026-06-18T14:32:13.072Z] [2013/2430] EL51880 (W818/80) — Oil Filter
[2026-06-18T14:32:14.287Z]   NOT FOUND
[2026-06-18T14:32:15.790Z] [2014/2430] EL51882 (W818/82X) — Oil Filter
[2026-06-18T14:32:16.980Z]   NOT FOUND
[2026-06-18T14:32:18.502Z] [2015/2430] EL51883 (W818/83) — Oil Filter
[2026-06-18T14:32:19.713Z]   NOT FOUND
[2026-06-18T14:32:21.222Z] [2016/2430] EL50823 (W823) — Oil Filter
[2026-06-18T14:32:22.607Z]   NOT FOUND
[2026-06-18T14:32:24.121Z] [2017/2430] EL52580 (W825/80) — Oil Filter
[2026-06-18T14:32:25.347Z]   NOT FOUND
[2026-06-18T14:32:26.852Z] [2018/2430] EL50830 (W830) — Oil Filter
[2026-06-18T14:32:26.992Z]   FOUND — crossRefs:40 apps:0 specs:0
[2026-06-18T14:32:28.500Z] [2019/2430] EL50901 (W901) — Oil Filter
[2026-06-18T14:32:29.670Z]   NOT FOUND
[2026-06-18T14:32:31.173Z] [2020/2430] EL59018 (W9018) — Oil Filter
[2026-06-18T14:32:31.316Z]   FOUND — crossRefs:8 apps:0 specs:0
[2026-06-18T14:32:32.825Z] [2021/2430] EL59039 (W9039) — Oil Filter
[2026-06-18T14:32:33.928Z]   NOT FOUND
[2026-06-18T14:32:35.430Z] [2022/2430] EL59056 (W9056) — Oil Filter
[2026-06-18T14:32:36.648Z]   NOT FOUND
[2026-06-18T14:32:38.169Z] [2023/2430] EL59061 (W9061) — Oil Filter
[2026-06-18T14:32:39.372Z]   NOT FOUND
[2026-06-18T14:32:40.877Z] [2024/2430] EL59062 (W9062) — Oil Filter
[2026-06-18T14:32:42.014Z]   NOT FOUND
[2026-06-18T14:32:43.519Z] [2025/2430] EL59101 (W910/1) — Oil Filter
[2026-06-18T14:32:44.721Z]   NOT FOUND
[2026-06-18T14:32:46.228Z] [2026/2430] EL59103 (W910/3) — Oil Filter
[2026-06-18T14:32:47.431Z]   NOT FOUND
[2026-06-18T14:32:48.947Z] [2027/2430] EL59105 (W910/5) — Oil Filter
[2026-06-18T14:32:50.135Z]   NOT FOUND
[2026-06-18T14:32:51.637Z] [2028/2430] EL59115 (W9115) — Oil Filter
[2026-06-18T14:32:52.837Z]   NOT FOUND
[2026-06-18T14:32:54.339Z] [2029/2430] EL59117 (W9117) — Oil Filter
[2026-06-18T14:32:55.529Z]   NOT FOUND
[2026-06-18T14:32:57.044Z] [2030/2430] EL50912 (W912) — Oil Filter
[2026-06-18T14:32:57.313Z]   FOUND — crossRefs:3 apps:0 specs:0
[2026-06-18T14:32:58.829Z] [2031/2430] EL50913 (W913) — Oil Filter
[2026-06-18T14:32:58.912Z]   FOUND — crossRefs:20 apps:0 specs:0
[2026-06-18T14:33:00.423Z] [2032/2430] EL59136 (W913/6) — Oil Filter
[2026-06-18T14:33:00.505Z]   FOUND — crossRefs:20 apps:0 specs:0
[2026-06-18T14:33:02.013Z] [2033/2430] EL50914 (W914) — Oil Filter
[2026-06-18T14:33:02.080Z]   FOUND — crossRefs:14 apps:0 specs:0
[2026-06-18T14:33:03.588Z] [2034/2430] EL51411 (W914/11) — Oil Filter
[2026-06-18T14:33:03.645Z]   FOUND — crossRefs:14 apps:0 specs:0
[2026-06-18T14:33:05.161Z] [2035/2430] EL51412 (W914/12) — Oil Filter
[2026-06-18T14:33:05.220Z]   FOUND — crossRefs:14 apps:0 specs:0
[2026-06-18T14:33:06.737Z] [2036/2430] EL51413 (W914/13) — Oil Filter
[2026-06-18T14:33:07.570Z]   FOUND — crossRefs:14 apps:0 specs:0
[2026-06-18T14:33:09.077Z] [2037/2430] EL51414 (W914/14) — Oil Filter
[2026-06-18T14:33:09.589Z]   FOUND — crossRefs:14 apps:0 specs:0
[2026-06-18T14:33:11.105Z] [2038/2430] EL51415 (W914/15) — Oil Filter
[2026-06-18T14:33:11.569Z]   FOUND — crossRefs:14 apps:0 specs:0
[2026-06-18T14:33:13.080Z] [2039/2430] EL51417 (W914/17) — Oil Filter
[2026-06-18T14:33:13.462Z]   FOUND — crossRefs:14 apps:0 specs:0
[2026-06-18T14:33:14.975Z] [2040/2430] EL51419 (W914/19) — Oil Filter
[2026-06-18T14:33:15.035Z]   FOUND — crossRefs:14 apps:0 specs:0
[2026-06-18T14:33:16.549Z] [2041/2430] EL51420 (W914/20) — Oil Filter
[2026-06-18T14:33:16.609Z]   FOUND — crossRefs:14 apps:0 specs:0
[2026-06-18T14:33:18.114Z] [2042/2430] EL51424 (W914/24) — Oil Filter
[2026-06-18T14:33:18.173Z]   FOUND — crossRefs:14 apps:0 specs:0
[2026-06-18T14:33:19.683Z] [2043/2430] EL59142 (W914/2N) — Oil Filter
[2026-06-18T14:33:19.750Z]   FOUND — crossRefs:14 apps:0 specs:0
[2026-06-18T14:33:21.263Z] [2044/2430] EL59143 (W914/3) — Oil Filter
[2026-06-18T14:33:21.336Z]   FOUND — crossRefs:14 apps:0 specs:0
[2026-06-18T14:33:22.846Z] [2045/2430] EL59145 (W914/5) — Oil Filter
[2026-06-18T14:33:22.915Z]   FOUND — crossRefs:14 apps:0 specs:0
[2026-06-18T14:33:24.433Z] [2046/2430] EL59146 (W914/6) — Oil Filter
[2026-06-18T14:33:24.495Z]   FOUND — crossRefs:14 apps:0 specs:0
[2026-06-18T14:33:26.015Z] [2047/2430] EL59146 (W914/6X) — Oil Filter
[2026-06-18T14:33:26.086Z]   FOUND — crossRefs:14 apps:0 specs:0
[2026-06-18T14:33:27.597Z] [2048/2430] EL59147 (W914/7) — Oil Filter
[2026-06-18T14:33:27.658Z]   FOUND — crossRefs:14 apps:0 specs:0
[2026-06-18T14:33:29.170Z] [2049/2430] EL59147 (W914/7V) — Oil Filter
[2026-06-18T14:33:29.246Z]   FOUND — crossRefs:14 apps:0 specs:0
[2026-06-18T14:33:30.752Z] [2050/2430] EL59147 (W914/7X) — Oil Filter
[2026-06-18T14:33:30.822Z]   FOUND — crossRefs:14 apps:0 specs:0
[2026-06-18T14:33:32.338Z] [2051/2430] EL59148 (W914/8) — Oil Filter
[2026-06-18T14:33:32.399Z]   FOUND — crossRefs:14 apps:0 specs:0
[2026-06-18T14:33:33.909Z] [2052/2430] EL51480 (W914/80) — Oil Filter
[2026-06-18T14:33:33.972Z]   FOUND — crossRefs:14 apps:0 specs:0
[2026-06-18T14:33:35.476Z] [2053/2430] EL59148 (W914/8X) — Oil Filter
[2026-06-18T14:33:35.550Z]   FOUND — crossRefs:14 apps:0 specs:0
[2026-06-18T14:33:37.067Z] [2054/2430] EL59149 (W914/9) — Oil Filter
[2026-06-18T14:33:37.127Z]   FOUND — crossRefs:14 apps:0 specs:0
[2026-06-18T14:33:38.656Z] [2055/2430] EL59149 (W914/9X) — Oil Filter
[2026-06-18T14:33:38.716Z]   FOUND — crossRefs:14 apps:0 specs:0
[2026-06-18T14:33:40.224Z] [2056/2430] EL56110 (W916/1(10)) — Oil Filter
[2026-06-18T14:33:40.333Z]   FOUND — crossRefs:501 apps:0 specs:0
[2026-06-18T14:33:41.916Z] [2057/2430] EL59161 (W916/1X) — Oil Filter
[2026-06-18T14:33:42.023Z]   FOUND — crossRefs:501 apps:0 specs:0
[2026-06-18T14:33:43.608Z] [2058/2430] EL51710 (W917(10)) — Oil Filter
[2026-06-18T14:33:43.677Z]   FOUND — crossRefs:1 apps:0 specs:0
[2026-06-18T14:33:45.181Z] [2059/2430] EL59183 (W918/3) — Oil Filter
[2026-06-18T14:33:46.336Z]   NOT FOUND
[2026-06-18T14:33:47.851Z] [2060/2430] EL59201 (W920/1) — Oil Filter
[2026-06-18T14:33:48.023Z]   FOUND — crossRefs:475 apps:8 specs:6
[2026-06-18T14:33:49.608Z] [2061/2430] EL52012 (W920/12) — Oil Filter
[2026-06-18T14:33:49.685Z]   FOUND — crossRefs:475 apps:8 specs:6
[2026-06-18T14:33:51.264Z] [2062/2430] EL52013 (W920/13) — Oil Filter
[2026-06-18T14:33:51.352Z]   FOUND — crossRefs:475 apps:8 specs:6
[2026-06-18T14:33:52.945Z] [2063/2430] EL52015 (W920/15) — Oil Filter
[2026-06-18T14:33:53.040Z]   FOUND — crossRefs:475 apps:8 specs:6
[2026-06-18T14:33:54.630Z] [2064/2430] EL52016 (W920/16) — Oil Filter
[2026-06-18T14:33:54.697Z]   FOUND — crossRefs:475 apps:8 specs:6
[2026-06-18T14:33:56.279Z] [2065/2430] EL52018 (W920/18) — Oil Filter
[2026-06-18T14:33:56.344Z]   FOUND — crossRefs:475 apps:8 specs:6
[2026-06-18T14:33:57.931Z] [2066/2430] EL52019 (W920/19) — Oil Filter
[2026-06-18T14:33:57.993Z]   FOUND — crossRefs:475 apps:8 specs:6
[2026-06-18T14:33:59.580Z] [2067/2430] EL59202 (W920/2) — Oil Filter
[2026-06-18T14:33:59.646Z]   FOUND — crossRefs:475 apps:8 specs:6
[2026-06-18T14:34:01.224Z] [2068/2430] EL52021 (W920/21X) — Oil Filter
[2026-06-18T14:34:01.293Z]   FOUND — crossRefs:475 apps:8 specs:6
[2026-06-18T14:34:02.894Z] [2069/2430] EL52022 (W920/22) — Oil Filter
[2026-06-18T14:34:02.960Z]   FOUND — crossRefs:475 apps:8 specs:6
[2026-06-18T14:34:04.538Z] [2070/2430] EL52025 (W920/25) — Oil Filter
[2026-06-18T14:34:04.602Z]   FOUND — crossRefs:475 apps:8 specs:6
[2026-06-18T14:34:06.193Z] [2071/2430] EL52026 (W920/26) — Oil Filter
[2026-06-18T14:34:06.259Z]   FOUND — crossRefs:475 apps:8 specs:6
[2026-06-18T14:34:07.860Z] [2072/2430] EL59203 (W920/3) — Oil Filter
[2026-06-18T14:34:07.929Z]   FOUND — crossRefs:475 apps:8 specs:6
[2026-06-18T14:34:09.512Z] [2073/2430] EL52036 (W920/36) — Oil Filter
[2026-06-18T14:34:09.572Z]   FOUND — crossRefs:475 apps:8 specs:6
[2026-06-18T14:34:11.157Z] [2074/2430] EL59203 (W920/3X) — Oil Filter
[2026-06-18T14:34:11.220Z]   FOUND — crossRefs:475 apps:8 specs:6
[2026-06-18T14:34:12.806Z] [2075/2430] EL59204 (W920/4) — Oil Filter
[2026-06-18T14:34:12.877Z]   FOUND — crossRefs:475 apps:8 specs:6
[2026-06-18T14:34:14.472Z] [2076/2430] EL59205 (W920/5) — Oil Filter
[2026-06-18T14:34:14.539Z]   FOUND — crossRefs:475 apps:8 specs:6
[2026-06-18T14:34:16.128Z] [2077/2430] EL50610 (W920/6(10)) — Oil Filter
[2026-06-18T14:34:16.197Z]   FOUND — crossRefs:475 apps:8 specs:6
[2026-06-18T14:34:17.794Z] [2078/2430] EL52081 (W920/81) — Oil Filter
[2026-06-18T14:34:17.865Z]   FOUND — crossRefs:475 apps:8 specs:6
[2026-06-18T14:34:19.446Z] [2079/2430] EL59209 (W920/9) — Oil Filter
[2026-06-18T14:34:19.561Z]   FOUND — crossRefs:475 apps:8 specs:6
[2026-06-18T14:34:21.145Z] [2080/2430] EL52181 (W921/81) — Oil Filter
[2026-06-18T14:34:21.200Z]   FOUND — crossRefs:15 apps:0 specs:6
[2026-06-18T14:34:22.714Z] [2081/2430] EL50922 (W922) — Oil Filter
[2026-06-18T14:34:22.803Z]   FOUND — crossRefs:13 apps:0 specs:0
[2026-06-18T14:34:24.313Z] [2082/2430] EL59221 (W922/1) — Oil Filter
[2026-06-18T14:34:24.577Z]   FOUND — crossRefs:13 apps:0 specs:0
[2026-06-18T14:34:26.096Z] [2083/2430] EL50923 (W923) — Oil Filter
[2026-06-18T14:34:26.168Z]   FOUND — crossRefs:2 apps:0 specs:0
[2026-06-18T14:34:27.675Z] [2084/2430] EL59232 (W923/2) — Oil Filter
[2026-06-18T14:34:27.729Z]   FOUND — crossRefs:2 apps:0 specs:0
[2026-06-18T14:34:29.233Z] [2085/2430] EL59235 (W923/5) — Oil Filter
[2026-06-18T14:34:29.299Z]   FOUND — crossRefs:2 apps:0 specs:0
[2026-06-18T14:34:30.807Z] [2086/2430] EL59236 (W923/6) — Oil Filter
[2026-06-18T14:34:30.861Z]   FOUND — crossRefs:2 apps:0 specs:0
[2026-06-18T14:34:32.372Z] [2087/2430] EL50929 (W929) — Oil Filter
[2026-06-18T14:34:33.515Z]   NOT FOUND
[2026-06-18T14:34:35.028Z] [2088/2430] EL59301 (W930/1) — Oil Filter
[2026-06-18T14:34:35.184Z]   FOUND — crossRefs:440 apps:14 specs:6
[2026-06-18T14:34:36.758Z] [2089/2430] EL53014 (W930/14) — Oil Filter
[2026-06-18T14:34:36.843Z]   FOUND — crossRefs:440 apps:14 specs:6
[2026-06-18T14:34:38.423Z] [2090/2430] EL53019 (W930/19) — Oil Filter
[2026-06-18T14:34:38.497Z]   FOUND — crossRefs:440 apps:14 specs:6
[2026-06-18T14:34:40.075Z] [2091/2430] EL59302 (W930/2) — Oil Filter
[2026-06-18T14:34:40.153Z]   FOUND — crossRefs:440 apps:14 specs:6
[2026-06-18T14:34:41.725Z] [2092/2430] EL59304 (W930/4) — Oil Filter
[2026-06-18T14:34:41.818Z]   FOUND — crossRefs:440 apps:14 specs:6
[2026-06-18T14:34:43.399Z] [2093/2430] EL59308 (W930/8) — Oil Filter
[2026-06-18T14:34:43.464Z]   FOUND — crossRefs:440 apps:14 specs:6
[2026-06-18T14:34:45.056Z] [2094/2430] EL50931 (W931) — Oil Filter
[2026-06-18T14:34:45.114Z]   FOUND — crossRefs:6 apps:0 specs:0
[2026-06-18T14:34:46.618Z] [2095/2430] EL53280 (W932/80) — Oil Filter
[2026-06-18T14:34:46.676Z]   FOUND — crossRefs:82 apps:5 specs:6
[2026-06-18T14:34:48.294Z] [2096/2430] EL59333 (W933/3) — Oil Filter
[2026-06-18T14:34:49.455Z]   NOT FOUND
[2026-06-18T14:34:50.961Z] [2097/2430] EL50936 (W936) — Oil Filter
[2026-06-18T14:34:51.113Z]   FOUND — crossRefs:22 apps:0 specs:0
[2026-06-18T14:34:52.629Z] [2098/2430] EL59363 (W936/3) — Oil Filter
[2026-06-18T14:34:52.699Z]   FOUND — crossRefs:22 apps:0 specs:0
[2026-06-18T14:34:54.211Z] [2099/2430] EL50939 (W939) — Oil Filter
[2026-06-18T14:34:55.363Z]   NOT FOUND
[2026-06-18T14:34:56.867Z] [2100/2430] EL54010 (W940(10)) — Oil Filter
[2026-06-18T14:34:56.996Z]   FOUND — crossRefs:3 apps:0 specs:0
[2026-06-18T14:34:58.510Z] [2101/2430] EL54011 (W940/11) — Oil Filter
[2026-06-18T14:34:58.577Z]   FOUND — crossRefs:418 apps:65 specs:6
[2026-06-18T14:35:00.166Z] [2102/2430] EL54012 (W940/12) — Oil Filter
[2026-06-18T14:35:00.254Z]   FOUND — crossRefs:418 apps:65 specs:6
[2026-06-18T14:35:01.867Z] [2103/2430] EL54015 (W940/15) — Oil Filter
[2026-06-18T14:35:01.966Z]   FOUND — crossRefs:418 apps:65 specs:6
[2026-06-18T14:35:03.563Z] [2104/2430] EL54016 (W940/16) — Oil Filter
[2026-06-18T14:35:03.649Z]   FOUND — crossRefs:418 apps:65 specs:6
[2026-06-18T14:35:05.234Z] [2105/2430] EL54017 (W940/17) — Oil Filter
[2026-06-18T14:35:05.340Z]   FOUND — crossRefs:418 apps:65 specs:6
[2026-06-18T14:35:06.916Z] [2106/2430] EL54022 (W940/22) — Oil Filter
[2026-06-18T14:35:06.995Z]   FOUND — crossRefs:418 apps:65 specs:6
[2026-06-18T14:35:08.579Z] [2107/2430] EL54023 (W940/23) — Oil Filter
[2026-06-18T14:35:08.658Z]   FOUND — crossRefs:418 apps:65 specs:6
[2026-06-18T14:35:10.234Z] [2108/2430] EL52510 (W940/25(10)) — Oil Filter
[2026-06-18T14:35:10.312Z]   FOUND — crossRefs:418 apps:65 specs:6
[2026-06-18T14:35:11.893Z] [2109/2430] EL54025 (W940/25N) — Oil Filter
[2026-06-18T14:35:11.962Z]   FOUND — crossRefs:418 apps:65 specs:6
[2026-06-18T14:35:13.548Z] [2110/2430] EL54032 (W940/32) — Oil Filter
[2026-06-18T14:35:13.619Z]   FOUND — crossRefs:418 apps:65 specs:6
[2026-06-18T14:35:15.212Z] [2111/2430] EL54048 (W940/48) — Oil Filter
[2026-06-18T14:35:15.303Z]   FOUND — crossRefs:418 apps:65 specs:6
[2026-06-18T14:35:16.882Z] [2112/2430] EL50510 (W940/5(10)) — Oil Filter
[2026-06-18T14:35:16.945Z]   FOUND — crossRefs:418 apps:65 specs:6
[2026-06-18T14:35:18.516Z] [2113/2430] EL55110 (W940/51(10)) — Oil Filter
[2026-06-18T14:35:18.581Z]   FOUND — crossRefs:418 apps:65 specs:6
[2026-06-18T14:35:20.157Z] [2114/2430] EL59407 (W940/7) — Oil Filter
[2026-06-18T14:35:20.226Z]   FOUND — crossRefs:418 apps:65 specs:6
[2026-06-18T14:35:21.814Z] [2115/2430] EL54070 (W940/70) — Oil Filter
[2026-06-18T14:35:21.879Z]   FOUND — crossRefs:418 apps:65 specs:6
[2026-06-18T14:35:23.463Z] [2116/2430] EL59407 (W940/7X) — Oil Filter
[2026-06-18T14:35:23.529Z]   FOUND — crossRefs:418 apps:65 specs:6
[2026-06-18T14:35:25.112Z] [2117/2430] EL59409 (W940/9) — Oil Filter
[2026-06-18T14:35:25.177Z]   FOUND — crossRefs:418 apps:65 specs:6
[2026-06-18T14:35:26.766Z] [2118/2430] EL50944 (W944) — Oil Filter
[2026-06-18T14:35:28.000Z]   NOT FOUND
[2026-06-18T14:35:29.505Z] [2119/2430] EL55015 (W950/15) — Oil Filter
[2026-06-18T14:35:29.640Z]   FOUND — crossRefs:214 apps:61 specs:6
[2026-06-18T14:35:31.187Z] [2120/2430] EL55040 (W950/40) — Oil Filter
[2026-06-18T14:35:31.258Z]   FOUND — crossRefs:214 apps:61 specs:6
[2026-06-18T14:35:32.816Z] [2121/2430] EL55042 (W950/42) — Oil Filter
[2026-06-18T14:35:32.886Z]   FOUND — crossRefs:214 apps:61 specs:6
[2026-06-18T14:35:34.432Z] [2122/2430] EL59506 (W9506) — Oil Filter
[2026-06-18T14:35:35.538Z]   NOT FOUND
[2026-06-18T14:35:37.048Z] [2123/2430] EL59511 (W951/1) — Oil Filter
[2026-06-18T14:35:37.178Z]   FOUND — crossRefs:20 apps:0 specs:6
[2026-06-18T14:35:38.683Z] [2124/2430] EL50953 (W953) — Oil Filter
[2026-06-18T14:35:39.900Z]   NOT FOUND
[2026-06-18T14:35:41.416Z] [2125/2430] EL50954 (W954) — Oil Filter
[2026-06-18T14:35:41.548Z]   FOUND — crossRefs:17 apps:0 specs:6
[2026-06-18T14:35:43.064Z] [2126/2430] EL56213 (W962/13) — Oil Filter
[2026-06-18T14:35:43.137Z]   FOUND — crossRefs:564 apps:222 specs:6
[2026-06-18T14:35:44.785Z] [2127/2430] EL56232 (W962/32) — Oil Filter
[2026-06-18T14:35:44.864Z]   FOUND — crossRefs:564 apps:222 specs:6
[2026-06-18T14:35:46.482Z] [2128/2430] EL52610 (W962/6(10)) — Oil Filter
[2026-06-18T14:35:46.559Z]   FOUND — crossRefs:564 apps:222 specs:6
[2026-06-18T14:35:48.200Z] [2129/2430] EL59627 (W962/7) — Oil Filter
[2026-06-18T14:35:48.306Z]   FOUND — crossRefs:564 apps:222 specs:6
[2026-06-18T14:35:49.931Z] [2130/2430] EL56271 (W962/71) — Oil Filter
[2026-06-18T14:35:50.009Z]   FOUND — crossRefs:564 apps:222 specs:6
[2026-06-18T14:35:51.655Z] [2131/2430] EL52262 (WA12262) — Oil Filter
[2026-06-18T14:35:52.819Z]   NOT FOUND
[2026-06-18T14:35:54.321Z] [2132/2430] EL52299 (WA12299) — Oil Filter
[2026-06-18T14:35:55.525Z]   NOT FOUND
[2026-06-18T14:35:57.027Z] [2133/2430] EL50912 (WA912) — Oil Filter
[2026-06-18T14:35:58.230Z]   NOT FOUND
[2026-06-18T14:35:59.732Z] [2134/2430] EL59211 (WA921/1) — Oil Filter
[2026-06-18T14:36:00.939Z]   NOT FOUND
[2026-06-18T14:36:02.454Z] [2135/2430] EL59238 (WA923/8) — Oil Filter
[2026-06-18T14:36:02.590Z]   FOUND — crossRefs:2 apps:0 specs:0
[2026-06-18T14:36:04.103Z] [2136/2430] EL50926 (WA926) — Oil Filter
[2026-06-18T14:36:05.275Z]   NOT FOUND
[2026-06-18T14:36:06.777Z] [2137/2430] EL50940 (WA940) — Oil Filter
[2026-06-18T14:36:07.543Z]   FOUND — crossRefs:133 apps:0 specs:0
[2026-06-18T14:36:09.068Z] [2138/2430] EL54010 (WA940/10) — Oil Filter
[2026-06-18T14:36:09.749Z]   FOUND — crossRefs:133 apps:0 specs:0
[2026-06-18T14:36:11.279Z] [2139/2430] EL54022 (WA940/22) — Oil Filter
[2026-06-18T14:36:11.899Z]   FOUND — crossRefs:133 apps:0 specs:0
[2026-06-18T14:36:13.430Z] [2140/2430] EL54023 (WA940/23) — Oil Filter
[2026-06-18T14:36:14.109Z]   FOUND — crossRefs:133 apps:0 specs:0
[2026-06-18T14:36:15.638Z] [2141/2430] EL59403 (WA940/3) — Oil Filter
[2026-06-18T14:36:16.314Z]   FOUND — crossRefs:133 apps:0 specs:0
[2026-06-18T14:36:17.849Z] [2142/2430] EL59405 (WA940/5) — Oil Filter
[2026-06-18T14:36:18.537Z]   FOUND — crossRefs:133 apps:0 specs:0
[2026-06-18T14:36:20.077Z] [2143/2430] EL53002 (WD13002) — Oil Filter
[2026-06-18T14:36:21.230Z]   NOT FOUND
[2026-06-18T14:36:22.747Z] [2144/2430] EL53004 (WD13004) — Oil Filter
[2026-06-18T14:36:23.955Z]   NOT FOUND
[2026-06-18T14:36:25.465Z] [2145/2430] EL50102 (WD13010/2X) — Oil Filter
[2026-06-18T14:36:26.685Z]   NOT FOUND
[2026-06-18T14:36:28.194Z] [2146/2430] EL53125 (WD13125) — Oil Filter
[2026-06-18T14:36:28.336Z]   FOUND — crossRefs:353 apps:0 specs:0
[2026-06-18T14:36:29.901Z] [2147/2430] EL54510 (WD13145/10) — Oil Filter
[2026-06-18T14:36:29.964Z]   FOUND — crossRefs:215 apps:0 specs:6
[2026-06-18T14:36:31.516Z] [2148/2430] EL51456 (WD13145/6) — Oil Filter
[2026-06-18T14:36:31.606Z]   FOUND — crossRefs:215 apps:0 specs:6
[2026-06-18T14:36:33.167Z] [2149/2430] EL53747 (WD1374/7) — Oil Filter
[2026-06-18T14:36:33.225Z]   FOUND — crossRefs:22 apps:0 specs:6
[2026-06-18T14:36:34.734Z] [2150/2430] EL57242 (WD724/2) — Oil Filter
[2026-06-18T14:36:35.867Z]   NOT FOUND
[2026-06-18T14:36:37.384Z] [2151/2430] EL59202 (WD920/2) — Oil Filter
[2026-06-18T14:36:37.553Z]   FOUND — crossRefs:121 apps:0 specs:0
[2026-06-18T14:36:39.083Z] [2152/2430] EL59406 (WD940/6) — Oil Filter
[2026-06-18T14:36:39.149Z]   FOUND — crossRefs:39 apps:0 specs:6
[2026-06-18T14:36:40.680Z] [2153/2430] EL59501 (WD950/1) — Oil Filter
[2026-06-18T14:36:40.747Z]   FOUND — crossRefs:46 apps:0 specs:0
[2026-06-18T14:36:42.261Z] [2154/2430] EL56211 (WD962/11) — Oil Filter
[2026-06-18T14:36:42.337Z]   FOUND — crossRefs:117 apps:5 specs:6
[2026-06-18T14:36:43.872Z] [2155/2430] EL56212 (WD962/12) — Oil Filter
[2026-06-18T14:36:43.965Z]   FOUND — crossRefs:117 apps:5 specs:6
[2026-06-18T14:36:45.498Z] [2156/2430] EL56221 (WD962/21) — Oil Filter
[2026-06-18T14:36:45.559Z]   FOUND — crossRefs:117 apps:5 specs:6
[2026-06-18T14:36:47.102Z] [2157/2430] EL59624 (WD962/4) — Oil Filter
[2026-06-18T14:36:47.172Z]   FOUND — crossRefs:117 apps:5 specs:6
[2026-06-18T14:36:48.712Z] [2158/2430] EL59625 (WD962/5) — Oil Filter
[2026-06-18T14:36:48.767Z]   FOUND — crossRefs:117 apps:5 specs:6
[2026-06-18T14:36:50.307Z] [2159/2430] EL51102 (WDK11102) — Oil Filter
[2026-06-18T14:36:51.446Z]   NOT FOUND
[2026-06-18T14:36:52.954Z] [2160/2430] EL50214 (WDK11102/14) — Oil Filter
[2026-06-18T14:36:54.173Z]   NOT FOUND
[2026-06-18T14:36:55.680Z] [2161/2430] EL50242 (WDK11102/42) — Oil Filter
[2026-06-18T14:36:56.897Z]   NOT FOUND
[2026-06-18T14:36:58.405Z] [2162/2430] EL51026 (WDK11102/6) — Oil Filter
[2026-06-18T14:36:59.617Z]   NOT FOUND
[2026-06-18T14:37:01.134Z] [2163/2430] EL51027 (WDK11102/7) — Oil Filter
[2026-06-18T14:37:02.345Z]   NOT FOUND
[2026-06-18T14:37:03.848Z] [2164/2430] EL51028 (WDK11102/8) — Oil Filter
[2026-06-18T14:37:05.049Z]   NOT FOUND
[2026-06-18T14:37:06.566Z] [2165/2430] EL50289 (WDK11102/89) — Oil Filter
[2026-06-18T14:37:07.786Z]   NOT FOUND
[2026-06-18T14:37:09.291Z] [2166/2430] EL51451 (WDK13145/1) — Oil Filter
[2026-06-18T14:37:10.487Z]   NOT FOUND
[2026-06-18T14:37:12.001Z] [2167/2430] EL54598 (WDK13145/98) — Oil Filter
[2026-06-18T14:37:13.213Z]   NOT FOUND
[2026-06-18T14:37:14.718Z] [2168/2430] EL50724 (WDK724) — Oil Filter
[2026-06-18T14:37:15.914Z]   NOT FOUND
[2026-06-18T14:37:17.415Z] [2169/2430] EL59283 (WDK928/3) — Oil Filter
[2026-06-18T14:37:18.651Z]   NOT FOUND
[2026-06-18T14:37:20.165Z] [2170/2430] EL56210 (WDK962/10) — Oil Filter
[2026-06-18T14:37:21.368Z]   NOT FOUND
[2026-06-18T14:37:22.870Z] [2171/2430] EL51210 (WDK962/12(10)) — Oil Filter
[2026-06-18T14:37:24.104Z]   NOT FOUND
[2026-06-18T14:37:25.615Z] [2172/2430] EL56213 (WDK962/13) — Oil Filter
[2026-06-18T14:37:26.803Z]   NOT FOUND
[2026-06-18T14:37:28.308Z] [2173/2430] EL56215 (WDK962/15) — Oil Filter
[2026-06-18T14:37:29.503Z]   NOT FOUND
[2026-06-18T14:37:31.007Z] [2174/2430] EL56218 (WDK962/18) — Oil Filter
[2026-06-18T14:37:32.200Z]   NOT FOUND
[2026-06-18T14:37:33.703Z] [2175/2430] EL50999 (WDK999) — Oil Filter
[2026-06-18T14:37:34.901Z]   NOT FOUND
[2026-06-18T14:37:36.417Z] [2176/2430] EL59992 (WDK999/2) — Oil Filter
[2026-06-18T14:37:37.489Z]   NOT FOUND
[2026-06-18T14:37:39.000Z] [2177/2430] EL53145 (WDV13145) — Oil Filter
[2026-06-18T14:37:39.124Z]   FOUND — crossRefs:5 apps:0 specs:0
[2026-06-18T14:37:40.636Z] [2178/2430] EL50920 (WDV920) — Oil Filter
[2026-06-18T14:37:40.694Z]   FOUND — crossRefs:47 apps:0 specs:0
[2026-06-18T14:37:42.217Z] [2179/2430] EL50940 (WDV940) — Oil Filter
[2026-06-18T14:37:42.269Z]   FOUND — crossRefs:5 apps:0 specs:0
[2026-06-18T14:37:43.777Z] [2180/2430] EL59402 (WDV940/2) — Oil Filter
[2026-06-18T14:37:43.839Z]   FOUND — crossRefs:5 apps:0 specs:0
[2026-06-18T14:37:45.354Z] [2181/2430] EL59403 (WDV940/3) — Oil Filter
[2026-06-18T14:37:45.438Z]   FOUND — crossRefs:5 apps:0 specs:0
[2026-06-18T14:37:46.940Z] [2182/2430] EL50950 (WDV950) — Oil Filter
[2026-06-18T14:37:47.011Z]   FOUND — crossRefs:5 apps:0 specs:0
[2026-06-18T14:37:48.515Z] [2183/2430] EL59501 (WDV950/1) — Oil Filter
[2026-06-18T14:37:48.575Z]   FOUND — crossRefs:5 apps:0 specs:0
[2026-06-18T14:37:50.080Z] [2184/2430] EL50962 (WDV962) — Oil Filter
[2026-06-18T14:37:50.142Z]   FOUND — crossRefs:5 apps:0 specs:0
[2026-06-18T14:37:51.650Z] [2185/2430] EL50912 (WF912) — Oil Filter
[2026-06-18T14:37:52.810Z]   NOT FOUND
[2026-06-18T14:37:54.324Z] [2186/2430] EL50914 (WF914) — Oil Filter
[2026-06-18T14:37:54.494Z]   FOUND — crossRefs:501 apps:0 specs:0
[2026-06-18T14:37:56.095Z] [2187/2430] EL59142 (WF914/2) — Oil Filter
[2026-06-18T14:37:56.195Z]   FOUND — crossRefs:501 apps:0 specs:0
[2026-06-18T14:37:57.780Z] [2188/2430] EL59151 (WF915/1) — Oil Filter
[2026-06-18T14:37:58.927Z]   NOT FOUND
[2026-06-18T14:38:00.431Z] [2189/2430] EL59156 (WF915/6) — Oil Filter
[2026-06-18T14:38:01.665Z]   NOT FOUND
[2026-06-18T14:38:03.173Z] [2190/2430] EL50916 (WF916) — Oil Filter
[2026-06-18T14:38:03.336Z]   FOUND — crossRefs:16 apps:0 specs:0
[2026-06-18T14:38:04.842Z] [2191/2430] EL59161 (WF916/1) — Oil Filter
[2026-06-18T14:38:04.900Z]   FOUND — crossRefs:16 apps:0 specs:0
[2026-06-18T14:38:06.416Z] [2192/2430] EL50917 (WF917) — Oil Filter
[2026-06-18T14:38:06.527Z]   FOUND — crossRefs:10 apps:0 specs:0
[2026-06-18T14:38:08.032Z] [2193/2430] EL50920 (WF920) — Oil Filter
[2026-06-18T14:38:08.157Z]   FOUND — crossRefs:4 apps:0 specs:0
[2026-06-18T14:38:09.674Z] [2194/2430] EL59202 (WF920/2) — Oil Filter
[2026-06-18T14:38:09.744Z]   FOUND — crossRefs:4 apps:0 specs:0
[2026-06-18T14:38:11.252Z] [2195/2430] EL50930 (WF930) — Oil Filter
[2026-06-18T14:38:11.314Z]   FOUND — crossRefs:8 apps:0 specs:0
[2026-06-18T14:38:12.830Z] [2196/2430] EL59302 (WF930/2) — Oil Filter
[2026-06-18T14:38:12.891Z]   FOUND — crossRefs:8 apps:0 specs:0
[2026-06-18T14:38:14.401Z] [2197/2430] EL59303 (WF930/3) — Oil Filter
[2026-06-18T14:38:14.456Z]   FOUND — crossRefs:8 apps:0 specs:0
[2026-06-18T14:38:15.962Z] [2198/2430] EL59322 (WF932/2) — Oil Filter
[2026-06-18T14:38:17.161Z]   NOT FOUND
[2026-06-18T14:38:18.668Z] [2199/2430] EL50962 (WF962) — Oil Filter
[2026-06-18T14:38:19.869Z]   NOT FOUND
[2026-06-18T14:38:21.371Z] [2200/2430] EL59622 (WF962/2) — Oil Filter
[2026-06-18T14:38:22.575Z]   NOT FOUND
[2026-06-18T14:38:24.087Z] [2201/2430] EL59629 (WF962/9) — Oil Filter
[2026-06-18T14:38:25.308Z]   NOT FOUND
[2026-06-18T14:38:26.810Z] [2202/2430] EL50003 (WH10003) — Oil Filter
[2026-06-18T14:38:26.938Z]   FOUND — crossRefs:9 apps:0 specs:0
[2026-06-18T14:38:28.454Z] [2203/2430] EL59002 (WH9002) — Oil Filter
[2026-06-18T14:38:28.522Z]   FOUND — crossRefs:6 apps:8 specs:0
[2026-06-18T14:38:30.031Z] [2204/2430] EL58030 (WH980/30) — Oil Filter
[2026-06-18T14:38:30.112Z]   FOUND — crossRefs:32 apps:6 specs:0
[2026-06-18T14:38:31.621Z] [2205/2430] EF50040 (WK10040Z) — Fuel Filter
[2026-06-18T14:38:31.749Z]   FOUND — crossRefs:0 apps:0 specs:0
[2026-06-18T14:38:33.257Z] [2206/2430] EF50049 (WK10049) — Fuel Filter
[2026-06-18T14:38:33.298Z]   FOUND — crossRefs:0 apps:0 specs:0
[2026-06-18T14:38:34.809Z] [2207/2430] EF50053 (WK10053) — Fuel Filter
[2026-06-18T14:38:34.869Z]   FOUND — crossRefs:0 apps:0 specs:0
[2026-06-18T14:38:36.379Z] [2208/2430] EF56010 (WK1060/10X) — Fuel Filter
[2026-06-18T14:38:36.427Z]   FOUND — crossRefs:0 apps:0 specs:0
[2026-06-18T14:38:37.937Z] [2209/2430] EF50602 (WK1060/2) — Fuel Filter
[2026-06-18T14:38:38.000Z]   FOUND — crossRefs:7 apps:0 specs:0
[2026-06-18T14:38:39.515Z] [2210/2430] EF50701 (WK1070/1X) — Fuel Filter
[2026-06-18T14:38:39.575Z]   FOUND — crossRefs:0 apps:0 specs:0
[2026-06-18T14:38:41.089Z] [2211/2430] EF50702 (WK1070/2X) — Fuel Filter
[2026-06-18T14:38:41.147Z]   FOUND — crossRefs:0 apps:0 specs:0
[2026-06-18T14:38:42.655Z] [2212/2430] EF51090 (WK1090) — Fuel Filter
[2026-06-18T14:38:42.713Z]   FOUND — crossRefs:0 apps:0 specs:0
[2026-06-18T14:38:44.220Z] [2213/2430] EF51039 (WK11039Z) — Fuel Filter
[2026-06-18T14:38:44.270Z]   FOUND — crossRefs:0 apps:0 specs:0
[2026-06-18T14:38:45.774Z] [2214/2430] EF50502 (WK11050/2Z) — Fuel Filter
[2026-06-18T14:38:45.832Z]   FOUND — crossRefs:0 apps:0 specs:0
[2026-06-18T14:38:47.334Z] [2215/2430] EF51126 (WK1126) — Fuel Filter
[2026-06-18T14:38:47.415Z]   FOUND — crossRefs:0 apps:0 specs:0
[2026-06-18T14:38:48.925Z] [2216/2430] EF51145 (WK1145) — Fuel Filter
[2026-06-18T14:38:48.987Z]   FOUND — crossRefs:5 apps:0 specs:0
[2026-06-18T14:38:50.490Z] [2217/2430] EF51148 (WK1148) — Fuel Filter
[2026-06-18T14:38:50.541Z]   FOUND — crossRefs:0 apps:0 specs:0
[2026-06-18T14:38:52.044Z] [2218/2430] EF51157 (WK1157) — Fuel Filter
[2026-06-18T14:38:52.098Z]   FOUND — crossRefs:0 apps:0 specs:0
[2026-06-18T14:38:53.608Z] [2219/2430] EF51163 (WK1163) — Fuel Filter
[2026-06-18T14:38:53.675Z]   FOUND — crossRefs:0 apps:0 specs:0
[2026-06-18T14:38:55.177Z] [2220/2430] EF51164 (WK1164) — Fuel Filter
[2026-06-18T14:38:55.231Z]   FOUND — crossRefs:3 apps:0 specs:0
[2026-06-18T14:38:56.738Z] [2221/2430] EF51165 (WK1165) — Fuel Filter
[2026-06-18T14:38:56.792Z]   FOUND — crossRefs:0 apps:0 specs:0
[2026-06-18T14:38:58.298Z] [2222/2430] EF52007 (WK12007) — Fuel Filter
[2026-06-18T14:38:58.351Z]   FOUND — crossRefs:0 apps:0 specs:0
[2026-06-18T14:38:59.867Z] [2223/2430] EF52015 (WK12015X) — Fuel Filter
[2026-06-18T14:38:59.926Z]   FOUND — crossRefs:0 apps:0 specs:0
[2026-06-18T14:39:01.437Z] [2224/2430] EF51111 (WK12111/1) — Fuel Filter
[2026-06-18T14:39:01.489Z]   FOUND — crossRefs:0 apps:0 specs:0
[2026-06-18T14:39:02.996Z] [2225/2430] EF50211 (WK21/1) — Fuel Filter
[2026-06-18T14:39:03.048Z]   FOUND — crossRefs:0 apps:0 specs:0
[2026-06-18T14:39:04.558Z] [2226/2430] EF50212 (WK21/2) — Fuel Filter
[2026-06-18T14:39:04.611Z]   FOUND — crossRefs:2 apps:0 specs:0
[2026-06-18T14:39:06.126Z] [2227/2430] EF51210 (WK21/2(10)) — Fuel Filter
[2026-06-18T14:39:06.178Z]   FOUND — crossRefs:2 apps:0 specs:0
[2026-06-18T14:39:07.687Z] [2228/2430] EF53002 (WK3002) — Fuel Filter
[2026-06-18T14:39:07.742Z]   FOUND — crossRefs:7 apps:0 specs:0
[2026-06-18T14:39:09.247Z] [2229/2430] EF50031 (WK31) — Fuel Filter
[2026-06-18T14:39:09.310Z]   FOUND — crossRefs:38 apps:0 specs:0
[2026-06-18T14:39:10.826Z] [2230/2430] EF50311 (WK31/1) — Fuel Filter
[2026-06-18T14:39:10.879Z]   FOUND — crossRefs:3 apps:0 specs:0
[2026-06-18T14:39:12.384Z] [2231/2430] EF50313 (WK31/3) — Fuel Filter
[2026-06-18T14:39:12.437Z]   FOUND — crossRefs:4 apps:0 specs:0
[2026-06-18T14:39:13.941Z] [2232/2430] EF50316 (WK31/6) — Fuel Filter
[2026-06-18T14:39:13.998Z]   FOUND — crossRefs:3 apps:0 specs:0
[2026-06-18T14:39:15.510Z] [2233/2430] EF50317 (WK31/7) — Fuel Filter
[2026-06-18T14:39:15.566Z]   FOUND — crossRefs:4 apps:0 specs:0
[2026-06-18T14:39:17.075Z] [2234/2430] EF50318 (WK31/8) — Fuel Filter
[2026-06-18T14:39:17.127Z]   FOUND — crossRefs:4 apps:0 specs:0
[2026-06-18T14:39:18.635Z] [2235/2430] EF53180 (WK31/80) — Fuel Filter
[2026-06-18T14:39:18.694Z]   FOUND — crossRefs:0 apps:0 specs:0
[2026-06-18T14:39:20.208Z] [2236/2430] EF50319 (WK31/9) — Fuel Filter
[2026-06-18T14:39:20.264Z]   FOUND — crossRefs:3 apps:0 specs:0
[2026-06-18T14:39:21.778Z] [2237/2430] EF50321 (WK32/1) — Fuel Filter
[2026-06-18T14:39:21.835Z]   FOUND — crossRefs:3 apps:0 specs:0
[2026-06-18T14:39:23.349Z] [2238/2430] EF50322 (WK32/2) — Fuel Filter
[2026-06-18T14:39:23.402Z]   FOUND — crossRefs:3 apps:0 specs:0
[2026-06-18T14:39:24.906Z] [2239/2430] EF50408 (WK408) — Fuel Filter
[2026-06-18T14:39:24.957Z]   FOUND — crossRefs:0 apps:0 specs:0
[2026-06-18T14:39:26.458Z] [2240/2430] EF50041 (WK41) — Fuel Filter
[2026-06-18T14:39:26.512Z]   FOUND — crossRefs:0 apps:0 specs:0
[2026-06-18T14:39:28.013Z] [2241/2430] EF50042 (WK42) — Fuel Filter
[2026-06-18T14:39:28.069Z]   FOUND — crossRefs:21 apps:0 specs:0
[2026-06-18T14:39:29.582Z] [2242/2430] EF54213 (WK42/13) — Fuel Filter
[2026-06-18T14:39:29.639Z]   FOUND — crossRefs:46 apps:0 specs:0
[2026-06-18T14:39:31.153Z] [2243/2430] EF50429 (WK42/9) — Fuel Filter
[2026-06-18T14:39:31.208Z]   FOUND — crossRefs:0 apps:0 specs:0
[2026-06-18T14:39:32.712Z] [2244/2430] EF50043 (WK43) — Fuel Filter
[2026-06-18T14:39:32.764Z]   FOUND — crossRefs:7 apps:0 specs:0
[2026-06-18T14:39:34.281Z] [2245/2430] EF50431 (WK43/1) — Fuel Filter
[2026-06-18T14:39:34.346Z]   FOUND — crossRefs:8 apps:0 specs:0
[2026-06-18T14:39:35.853Z] [2246/2430] EF50435 (WK43/5) — Fuel Filter
[2026-06-18T14:39:35.909Z]   FOUND — crossRefs:0 apps:0 specs:0
[2026-06-18T14:39:37.425Z] [2247/2430] EF50451 (WK45/1) — Fuel Filter
[2026-06-18T14:39:37.494Z]   FOUND — crossRefs:3 apps:0 specs:0
[2026-06-18T14:39:39.001Z] [2248/2430] EF50478 (WK478) — Fuel Filter
[2026-06-18T14:39:39.053Z]   FOUND — crossRefs:0 apps:0 specs:0
[2026-06-18T14:39:40.562Z] [2249/2430] EF55005 (WK5005Z) — Fuel Filter
[2026-06-18T14:39:40.614Z]   FOUND — crossRefs:16 apps:0 specs:0
[2026-06-18T14:39:42.131Z] [2250/2430] EF55008 (WK5008) — Fuel Filter
[2026-06-18T14:39:42.585Z]   FOUND — crossRefs:17 apps:0 specs:0
[2026-06-18T14:39:44.093Z] [2251/2430] EF55009 (WK5009) — Fuel Filter
[2026-06-18T14:39:44.151Z]   FOUND — crossRefs:0 apps:0 specs:0
[2026-06-18T14:39:45.654Z] [2252/2430] EF55013 (WK5013) — Fuel Filter
[2026-06-18T14:39:45.707Z]   FOUND — crossRefs:0 apps:0 specs:0
[2026-06-18T14:39:47.214Z] [2253/2430] EF55014 (WK5014) — Fuel Filter
[2026-06-18T14:39:47.266Z]   FOUND — crossRefs:0 apps:0 specs:0
[2026-06-18T14:39:48.781Z] [2254/2430] EF55018 (WK5018) — Fuel Filter
[2026-06-18T14:39:48.830Z]   FOUND — crossRefs:0 apps:0 specs:0
[2026-06-18T14:39:50.339Z] [2255/2430] EF55019 (WK5019) — Fuel Filter
[2026-06-18T14:39:50.389Z]   FOUND — crossRefs:0 apps:0 specs:0
[2026-06-18T14:39:51.900Z] [2256/2430] EF55022 (WK5022) — Fuel Filter
[2026-06-18T14:39:51.961Z]   FOUND — crossRefs:0 apps:0 specs:0
[2026-06-18T14:39:53.469Z] [2257/2430] EF55026 (WK5026) — Fuel Filter
[2026-06-18T14:39:53.524Z]   FOUND — crossRefs:0 apps:0 specs:0
[2026-06-18T14:39:55.024Z] [2258/2430] EF55029 (WK5029) — Fuel Filter
[2026-06-18T14:39:55.085Z]   FOUND — crossRefs:0 apps:0 specs:0
[2026-06-18T14:39:56.586Z] [2259/2430] EF55036 (WK5036) — Fuel Filter
[2026-06-18T14:39:56.647Z]   FOUND — crossRefs:0 apps:0 specs:0
[2026-06-18T14:39:58.161Z] [2260/2430] EF50509 (WK509) — Fuel Filter
[2026-06-18T14:39:58.221Z]   FOUND — crossRefs:0 apps:0 specs:0
[2026-06-18T14:39:59.728Z] [2261/2430] EF50519 (WK519) — Fuel Filter
[2026-06-18T14:39:59.784Z]   FOUND — crossRefs:33 apps:0 specs:0
[2026-06-18T14:40:01.291Z] [2262/2430] EF50521 (WK521) — Fuel Filter
[2026-06-18T14:40:01.346Z]   FOUND — crossRefs:35 apps:11 specs:0
[2026-06-18T14:40:02.867Z] [2263/2430] EF55211 (WK521/1) — Fuel Filter
[2026-06-18T14:40:02.931Z]   FOUND — crossRefs:0 apps:0 specs:0
[2026-06-18T14:40:04.445Z] [2264/2430] EF50523 (WK523) — Fuel Filter
[2026-06-18T14:40:04.506Z]   FOUND — crossRefs:18 apps:0 specs:0
[2026-06-18T14:40:06.018Z] [2265/2430] EF50554 (WK55/4) — Fuel Filter
[2026-06-18T14:40:06.070Z]   FOUND — crossRefs:0 apps:0 specs:0
[2026-06-18T14:40:07.577Z] [2266/2430] EF50582 (WK58/2) — Fuel Filter
[2026-06-18T14:40:07.633Z]   FOUND — crossRefs:0 apps:0 specs:0
[2026-06-18T14:40:09.135Z] [2267/2430] EF50584 (WK58/4) — Fuel Filter
[2026-06-18T14:40:09.196Z]   FOUND — crossRefs:0 apps:0 specs:0
[2026-06-18T14:40:10.710Z] [2268/2430] EF56006 (WK6006) — Fuel Filter
[2026-06-18T14:40:10.775Z]   FOUND — crossRefs:13 apps:0 specs:0
[2026-06-18T14:40:12.279Z] [2269/2430] EF56031 (WK6031M) — Fuel Filter
[2026-06-18T14:40:12.371Z]   FOUND — crossRefs:110 apps:0 specs:0
[2026-06-18T14:40:13.894Z] [2270/2430] EF56040 (WK6040) — Fuel Filter
[2026-06-18T14:40:13.947Z]   FOUND — crossRefs:0 apps:0 specs:0
[2026-06-18T14:40:15.457Z] [2271/2430] EF56043 (WK6043) — Fuel Filter
[2026-06-18T14:40:15.512Z]   FOUND — crossRefs:0 apps:0 specs:0
[2026-06-18T14:40:17.025Z] [2272/2430] EF56047 (WK6047) — Fuel Filter
[2026-06-18T14:40:17.080Z]   FOUND — crossRefs:0 apps:0 specs:0
[2026-06-18T14:40:18.588Z] [2273/2430] EF56056 (WK6056) — Fuel Filter
[2026-06-18T14:40:18.691Z]   FOUND — crossRefs:0 apps:0 specs:0
[2026-06-18T14:40:20.202Z] [2274/2430] EF56133 (WK613/3) — Fuel Filter
[2026-06-18T14:40:20.255Z]   FOUND — crossRefs:12 apps:0 specs:0
[2026-06-18T14:40:21.766Z] [2275/2430] EF51418 (WK614/18) — Fuel Filter
[2026-06-18T14:40:21.815Z]   FOUND — crossRefs:2 apps:0 specs:0
[2026-06-18T14:40:23.325Z] [2276/2430] EF56142 (WK614/2) — Fuel Filter
[2026-06-18T14:40:23.381Z]   FOUND — crossRefs:4 apps:0 specs:0
[2026-06-18T14:40:24.889Z] [2277/2430] EF51426 (WK614/26) — Fuel Filter
[2026-06-18T14:40:24.943Z]   FOUND — crossRefs:53 apps:0 specs:0
[2026-06-18T14:40:26.457Z] [2278/2430] EF51432 (WK614/32) — Fuel Filter
[2026-06-18T14:40:26.511Z]   FOUND — crossRefs:42 apps:0 specs:0
[2026-06-18T14:40:28.024Z] [2279/2430] EF51436 (WK614/36) — Fuel Filter
[2026-06-18T14:40:28.091Z]   FOUND — crossRefs:54 apps:0 specs:0
[2026-06-18T14:40:29.602Z] [2280/2430] EF51437 (WK614/37) — Fuel Filter
[2026-06-18T14:40:29.655Z]   FOUND — crossRefs:5 apps:0 specs:0
[2026-06-18T14:40:31.172Z] [2281/2430] EF56184 (WK618/4) — Fuel Filter
[2026-06-18T14:40:31.225Z]   FOUND — crossRefs:2 apps:0 specs:0
[2026-06-18T14:40:32.735Z] [2282/2430] EF50068 (WK68) — Fuel Filter
[2026-06-18T14:40:32.791Z]   FOUND — crossRefs:75 apps:0 specs:0
[2026-06-18T14:40:34.316Z] [2283/2430] EF50685 (WK68/5) — Fuel Filter
[2026-06-18T14:40:34.364Z]   FOUND — crossRefs:0 apps:0 specs:0
[2026-06-18T14:40:35.870Z] [2284/2430] EF50686 (WK68/6) — Fuel Filter
[2026-06-18T14:40:35.920Z]   FOUND — crossRefs:0 apps:0 specs:0
[2026-06-18T14:40:37.428Z] [2285/2430] EF56881 (WK68/81) — Fuel Filter
[2026-06-18T14:40:37.492Z]   FOUND — crossRefs:2 apps:0 specs:0
[2026-06-18T14:40:38.999Z] [2286/2430] EF50701 (WK701) — Fuel Filter
[2026-06-18T14:40:39.057Z]   FOUND — crossRefs:0 apps:0 specs:0
[2026-06-18T14:40:40.558Z] [2287/2430] EF50702 (WK702) — Fuel Filter
[2026-06-18T14:40:40.608Z]   FOUND — crossRefs:0 apps:0 specs:0
[2026-06-18T14:40:42.114Z] [2288/2430] EF57102 (WK710/2) — Fuel Filter
[2026-06-18T14:40:42.165Z]   FOUND — crossRefs:0 apps:0 specs:0
[2026-06-18T14:40:43.674Z] [2289/2430] EF57105 (WK710/5) — Fuel Filter
[2026-06-18T14:40:43.730Z]   FOUND — crossRefs:2 apps:0 specs:0
[2026-06-18T14:40:45.234Z] [2290/2430] EF57112 (WK711/2) — Fuel Filter
[2026-06-18T14:40:45.287Z]   FOUND — crossRefs:0 apps:0 specs:0
[2026-06-18T14:40:46.790Z] [2291/2430] EF57126 (WK712/6) — Fuel Filter
[2026-06-18T14:40:46.842Z]   FOUND — crossRefs:1 apps:0 specs:0
[2026-06-18T14:40:48.354Z] [2292/2430] EF57172 (WK717/2) — Fuel Filter
[2026-06-18T14:40:48.407Z]   FOUND — crossRefs:0 apps:0 specs:0
[2026-06-18T14:40:49.922Z] [2293/2430] EF57174 (WK717/4) — Fuel Filter
[2026-06-18T14:40:49.972Z]   FOUND — crossRefs:0 apps:0 specs:0
[2026-06-18T14:40:51.482Z] [2294/2430] EF50719 (WK719) — Fuel Filter
[2026-06-18T14:40:51.538Z]   FOUND — crossRefs:17 apps:0 specs:0
[2026-06-18T14:40:53.047Z] [2295/2430] EF57193 (WK719/3) — Fuel Filter
[2026-06-18T14:40:53.113Z]   FOUND — crossRefs:0 apps:0 specs:0
[2026-06-18T14:40:54.624Z] [2296/2430] EF57232 (WK723/2) — Fuel Filter
[2026-06-18T14:40:54.680Z]   FOUND — crossRefs:0 apps:0 specs:0
[2026-06-18T14:40:56.188Z] [2297/2430] EF57264 (WK726/4) — Fuel Filter
[2026-06-18T14:40:56.238Z]   FOUND — crossRefs:0 apps:0 specs:0
[2026-06-18T14:40:57.742Z] [2298/2430] EF53110 (WK731(10)) — Fuel Filter
[2026-06-18T14:40:57.825Z]   FOUND — crossRefs:0 apps:0 specs:0
[2026-06-18T14:40:59.335Z] [2299/2430] EF57313 (WK731/3) — Fuel Filter
[2026-06-18T14:40:59.384Z]   FOUND — crossRefs:0 apps:0 specs:0
[2026-06-18T14:41:00.900Z] [2300/2430] EF50761 (WK76/1) — Fuel Filter
[2026-06-18T14:41:00.958Z]   FOUND — crossRefs:92 apps:0 specs:0
[2026-06-18T14:41:02.481Z] [2301/2430] EF50764 (WK76/4) — Fuel Filter
[2026-06-18T14:41:02.560Z]   FOUND — crossRefs:23 apps:0 specs:0
[2026-06-18T14:41:04.078Z] [2302/2430] EF50021 (WK8002/1) — Fuel Filter
[2026-06-18T14:41:04.129Z]   FOUND — crossRefs:0 apps:0 specs:0
[2026-06-18T14:41:05.639Z] [2303/2430] EF58009 (WK8009) — Fuel Filter
[2026-06-18T14:41:05.689Z]   FOUND — crossRefs:5 apps:0 specs:0
[2026-06-18T14:41:07.202Z] [2304/2430] EF58023 (WK8023) — Fuel Filter
[2026-06-18T14:41:07.258Z]   FOUND — crossRefs:0 apps:0 specs:0
[2026-06-18T14:41:08.758Z] [2305/2430] EF58026 (WK8026) — Fuel Filter
[2026-06-18T14:41:08.870Z]   FOUND — crossRefs:0 apps:0 specs:0
[2026-06-18T14:41:10.375Z] [2306/2430] EF58040 (WK8040) — Fuel Filter
[2026-06-18T14:41:10.419Z]   FOUND — crossRefs:0 apps:0 specs:0
[2026-06-18T14:41:11.929Z] [2307/2430] EF58047 (WK8047) — Fuel Filter
[2026-06-18T14:41:11.972Z]   FOUND — crossRefs:0 apps:0 specs:0
[2026-06-18T14:41:13.487Z] [2308/2430] EF58048 (WK8048) — Fuel Filter
[2026-06-18T14:41:13.899Z]   FOUND — crossRefs:0 apps:0 specs:0
[2026-06-18T14:41:15.413Z] [2309/2430] EF58066 (WK8066) — Fuel Filter
[2026-06-18T14:41:15.467Z]   FOUND — crossRefs:0 apps:0 specs:0
[2026-06-18T14:41:16.969Z] [2310/2430] EF58079 (WK8079Z) — Fuel Filter
[2026-06-18T14:41:17.021Z]   FOUND — crossRefs:0 apps:0 specs:0
[2026-06-18T14:41:18.533Z] [2311/2430] EF58080 (WK8080) — Fuel Filter
[2026-06-18T14:41:18.585Z]   FOUND — crossRefs:0 apps:0 specs:0
[2026-06-18T14:41:20.087Z] [2312/2430] EF58082 (WK8082) — Fuel Filter
[2026-06-18T14:41:20.126Z]   FOUND — crossRefs:0 apps:0 specs:0
[2026-06-18T14:41:21.633Z] [2313/2430] EF58087 (WK8087) — Fuel Filter
[2026-06-18T14:41:21.681Z]   FOUND — crossRefs:0 apps:0 specs:0
[2026-06-18T14:41:23.183Z] [2314/2430] EF58088 (WK8088X) — Fuel Filter
[2026-06-18T14:41:23.229Z]   FOUND — crossRefs:0 apps:0 specs:0
[2026-06-18T14:41:24.733Z] [2315/2430] EF58091 (WK809/1) — Fuel Filter
[2026-06-18T14:41:24.843Z]   FOUND — crossRefs:0 apps:0 specs:0
[2026-06-18T14:41:26.352Z] [2316/2430] EF58096 (WK8096) — Fuel Filter
[2026-06-18T14:41:26.403Z]   FOUND — crossRefs:0 apps:0 specs:0
[2026-06-18T14:41:27.906Z] [2317/2430] EF58097 (WK8097) — Fuel Filter
[2026-06-18T14:41:27.961Z]   FOUND — crossRefs:0 apps:0 specs:0
[2026-06-18T14:41:29.469Z] [2318/2430] EF50810 (WK810) — Fuel Filter
[2026-06-18T14:41:29.522Z]   FOUND — crossRefs:0 apps:0 specs:0
[2026-06-18T14:41:31.035Z] [2319/2430] EF50811 (WK811) — Fuel Filter
[2026-06-18T14:41:31.088Z]   FOUND — crossRefs:0 apps:0 specs:0
[2026-06-18T14:41:32.597Z] [2320/2430] EF50813 (WK813) — Fuel Filter
[2026-06-18T14:41:32.650Z]   FOUND — crossRefs:0 apps:0 specs:0
[2026-06-18T14:41:34.167Z] [2321/2430] EF50814 (WK814) — Fuel Filter
[2026-06-18T14:41:34.223Z]   FOUND — crossRefs:28 apps:0 specs:0
[2026-06-18T14:41:35.743Z] [2322/2430] EF58141 (WK814/1) — Fuel Filter
[2026-06-18T14:41:35.798Z]   FOUND — crossRefs:9 apps:0 specs:0
[2026-06-18T14:41:37.315Z] [2323/2430] EF58152 (WK815/2X) — Fuel Filter
[2026-06-18T14:41:37.423Z]   FOUND — crossRefs:0 apps:0 specs:0
[2026-06-18T14:41:38.934Z] [2324/2430] EF50817 (WK817) — Fuel Filter
[2026-06-18T14:41:38.988Z]   FOUND — crossRefs:32 apps:0 specs:0
[2026-06-18T14:41:40.504Z] [2325/2430] EF58173 (WK817/3XM) — Fuel Filter
[2026-06-18T14:41:40.564Z]   FOUND — crossRefs:0 apps:0 specs:0
[2026-06-18T14:41:42.076Z] [2326/2430] EF50817 (WK817X) — Fuel Filter
[2026-06-18T14:41:42.131Z]   FOUND — crossRefs:33 apps:0 specs:0
[2026-06-18T14:41:43.650Z] [2327/2430] EF50819 (WK819) — Fuel Filter
[2026-06-18T14:41:43.703Z]   FOUND — crossRefs:0 apps:0 specs:0
[2026-06-18T14:41:45.214Z] [2328/2430] EF58193 (WK819/3X) — Fuel Filter
[2026-06-18T14:41:45.298Z]   FOUND — crossRefs:4 apps:0 specs:0
[2026-06-18T14:41:46.808Z] [2329/2430] EF58192 (WK8192) — Fuel Filter
[2026-06-18T14:41:46.861Z]   FOUND — crossRefs:7 apps:0 specs:0
[2026-06-18T14:41:48.367Z] [2330/2430] EF58203 (WK820/3) — Fuel Filter
[2026-06-18T14:41:48.424Z]   FOUND — crossRefs:0 apps:0 specs:0
[2026-06-18T14:41:49.940Z] [2331/2430] EF58205 (WK820/5) — Fuel Filter
[2026-06-18T14:41:49.990Z]   FOUND — crossRefs:1 apps:0 specs:0
[2026-06-18T14:41:51.496Z] [2332/2430] EF58206 (WK820/6) — Fuel Filter
[2026-06-18T14:41:51.551Z]   FOUND — crossRefs:0 apps:0 specs:0
[2026-06-18T14:41:53.053Z] [2333/2430] EF58208 (WK820/8) — Fuel Filter
[2026-06-18T14:41:53.098Z]   FOUND — crossRefs:2 apps:0 specs:0
[2026-06-18T14:41:54.606Z] [2334/2430] EF58217 (WK8217) — Fuel Filter
[2026-06-18T14:41:54.658Z]   FOUND — crossRefs:0 apps:0 specs:0
[2026-06-18T14:41:56.161Z] [2335/2430] EF58233 (WK823/3) — Fuel Filter
[2026-06-18T14:41:56.215Z]   FOUND — crossRefs:25 apps:0 specs:0
[2026-06-18T14:41:57.731Z] [2336/2430] EF50825 (WK825) — Fuel Filter
[2026-06-18T14:41:57.781Z]   FOUND — crossRefs:0 apps:0 specs:0
[2026-06-18T14:41:59.290Z] [2337/2430] EF58301 (WK830/1) — Fuel Filter
[2026-06-18T14:41:59.375Z]   FOUND — crossRefs:2 apps:0 specs:0
[2026-06-18T14:42:00.878Z] [2338/2430] EF53010 (WK830/10) — Fuel Filter
[2026-06-18T14:42:00.935Z]   FOUND — crossRefs:2 apps:0 specs:0
[2026-06-18T14:42:02.442Z] [2339/2430] EF58302 (WK830/2) — Fuel Filter
[2026-06-18T14:42:02.504Z]   FOUND — crossRefs:41 apps:0 specs:0
[2026-06-18T14:42:04.013Z] [2340/2430] EF58303 (WK830/3X) — Fuel Filter
[2026-06-18T14:42:04.070Z]   FOUND — crossRefs:0 apps:0 specs:0
[2026-06-18T14:42:05.573Z] [2341/2430] EF58304 (WK830/4) — Fuel Filter
[2026-06-18T14:42:05.627Z]   FOUND — crossRefs:2 apps:0 specs:0
[2026-06-18T14:42:07.135Z] [2342/2430] EF58309 (WK830/9) — Fuel Filter
[2026-06-18T14:42:07.188Z]   FOUND — crossRefs:37 apps:0 specs:0
[2026-06-18T14:42:08.700Z] [2343/2430] EF50834 (WK834) — Fuel Filter
[2026-06-18T14:42:08.755Z]   FOUND — crossRefs:37 apps:0 specs:0
[2026-06-18T14:42:10.273Z] [2344/2430] EF52210 (WK842/2(10)) — Fuel Filter
[2026-06-18T14:42:10.324Z]   FOUND — crossRefs:1 apps:0 specs:0
[2026-06-18T14:42:11.834Z] [2345/2430] EF54229 (WK842/29) — Fuel Filter
[2026-06-18T14:42:11.888Z]   FOUND — crossRefs:0 apps:0 specs:0
[2026-06-18T14:42:13.394Z] [2346/2430] EF58425 (WK842/5) — Fuel Filter
[2026-06-18T14:42:13.446Z]   FOUND — crossRefs:8 apps:0 specs:0
[2026-06-18T14:42:14.954Z] [2347/2430] EF58427 (WK842/7) — Fuel Filter
[2026-06-18T14:42:15.007Z]   FOUND — crossRefs:3 apps:0 specs:0
[2026-06-18T14:42:16.511Z] [2348/2430] EF58533 (WK853/3) — Fuel Filter
[2026-06-18T14:42:16.571Z]   FOUND — crossRefs:80 apps:0 specs:0
[2026-06-18T14:42:18.091Z] [2349/2430] EF58535 (WK853/5) — Fuel Filter
[2026-06-18T14:42:18.146Z]   FOUND — crossRefs:3 apps:0 specs:0
[2026-06-18T14:42:19.660Z] [2350/2430] EF58536 (WK853/6) — Fuel Filter
[2026-06-18T14:42:19.713Z]   FOUND — crossRefs:0 apps:0 specs:0
[2026-06-18T14:42:21.216Z] [2351/2430] EF50854 (WK854) — Fuel Filter
[2026-06-18T14:42:21.271Z]   FOUND — crossRefs:24 apps:0 specs:0
[2026-06-18T14:42:22.789Z] [2352/2430] EF58602 (WK8602) — Fuel Filter
[2026-06-18T14:42:22.839Z]   FOUND — crossRefs:0 apps:0 specs:0
[2026-06-18T14:42:24.345Z] [2353/2430] EF50868 (WK868) — Fuel Filter
[2026-06-18T14:42:24.412Z]   FOUND — crossRefs:0 apps:0 specs:0
[2026-06-18T14:42:25.927Z] [2354/2430] EF58704 (WK8704) — Fuel Filter
[2026-06-18T14:42:25.978Z]   FOUND — crossRefs:0 apps:0 specs:0
[2026-06-18T14:42:27.484Z] [2355/2430] EF59021 (WK9021) — Fuel Filter
[2026-06-18T14:42:27.537Z]   FOUND — crossRefs:0 apps:0 specs:0
[2026-06-18T14:42:29.042Z] [2356/2430] EF59042 (WK9042) — Fuel Filter
[2026-06-18T14:42:29.095Z]   FOUND — crossRefs:1 apps:0 specs:0
[2026-06-18T14:42:30.599Z] [2357/2430] EF59087 (WK9087) — Fuel Filter
[2026-06-18T14:42:30.649Z]   FOUND — crossRefs:0 apps:0 specs:0
[2026-06-18T14:42:32.157Z] [2358/2430] EF59093 (WK9093) — Fuel Filter
[2026-06-18T14:42:32.210Z]   FOUND — crossRefs:0 apps:0 specs:0
[2026-06-18T14:42:33.710Z] [2359/2430] EF51003 (WK91003) — Fuel Filter
[2026-06-18T14:42:33.764Z]   FOUND — crossRefs:2 apps:0 specs:0
[2026-06-18T14:42:35.265Z] [2360/2430] EF51651 (WK9165/1X) — Fuel Filter
[2026-06-18T14:42:35.315Z]   FOUND — crossRefs:0 apps:0 specs:0
[2026-06-18T14:42:36.821Z] [2361/2430] EF50917 (WK917) — Fuel Filter
[2026-06-18T14:42:36.879Z]   FOUND — crossRefs:14 apps:0 specs:0
[2026-06-18T14:42:38.389Z] [2362/2430] EF50918 (WK918) — Fuel Filter
[2026-06-18T14:42:38.443Z]   FOUND — crossRefs:52 apps:0 specs:0
[2026-06-18T14:42:39.964Z] [2363/2430] EF50919 (WK919) — Fuel Filter
[2026-06-18T14:42:40.018Z]   FOUND — crossRefs:0 apps:0 specs:0
[2026-06-18T14:42:41.523Z] [2364/2430] EF59211 (WK921/1) — Fuel Filter
[2026-06-18T14:42:41.577Z]   FOUND — crossRefs:3 apps:0 specs:0
[2026-06-18T14:42:43.082Z] [2365/2430] EF59252 (WK925/2) — Fuel Filter
[2026-06-18T14:42:43.142Z]   FOUND — crossRefs:13 apps:0 specs:0
[2026-06-18T14:42:44.657Z] [2366/2430] EF50927 (WK927) — Fuel Filter
[2026-06-18T14:42:44.708Z]   FOUND — crossRefs:0 apps:0 specs:0
[2026-06-18T14:42:46.210Z] [2367/2430] EF50930 (WK930X) — Fuel Filter
[2026-06-18T14:42:46.268Z]   FOUND — crossRefs:0 apps:0 specs:0
[2026-06-18T14:42:47.772Z] [2368/2430] EF50931 (WK931X) — Fuel Filter
[2026-06-18T14:42:47.822Z]   FOUND — crossRefs:0 apps:0 specs:0
[2026-06-18T14:42:49.323Z] [2369/2430] EF59323 (WK932/3) — Fuel Filter
[2026-06-18T14:42:49.374Z]   FOUND — crossRefs:0 apps:0 specs:0
[2026-06-18T14:42:50.878Z] [2370/2430] EF53280 (WK932/80) — Fuel Filter
[2026-06-18T14:42:50.933Z]   FOUND — crossRefs:5 apps:0 specs:0
[2026-06-18T14:42:52.440Z] [2371/2430] EF50935 (WK935) — Fuel Filter
[2026-06-18T14:42:52.492Z]   FOUND — crossRefs:0 apps:0 specs:0
[2026-06-18T14:42:53.993Z] [2372/2430] EF50936 (WK936) — Fuel Filter
[2026-06-18T14:42:54.048Z]   FOUND — crossRefs:6 apps:0 specs:0
[2026-06-18T14:42:55.566Z] [2373/2430] EF50937 (WK937) — Fuel Filter
[2026-06-18T14:42:55.619Z]   FOUND — crossRefs:0 apps:0 specs:0
[2026-06-18T14:42:57.122Z] [2374/2430] EF53916 (WK939/16) — Fuel Filter
[2026-06-18T14:42:57.173Z]   FOUND — crossRefs:0 apps:0 specs:0
[2026-06-18T14:42:58.678Z] [2375/2430] EF54018 (WK940/18) — Fuel Filter
[2026-06-18T14:42:58.731Z]   FOUND — crossRefs:2 apps:0 specs:0
[2026-06-18T14:43:00.238Z] [2376/2430] EF59403 (WK940/3) — Fuel Filter
[2026-06-18T14:43:00.290Z]   FOUND — crossRefs:0 apps:0 specs:0
[2026-06-18T14:43:01.792Z] [2377/2430] EF54032 (WK940/32X) — Fuel Filter
[2026-06-18T14:43:01.848Z]   FOUND — crossRefs:2 apps:0 specs:0
[2026-06-18T14:43:03.363Z] [2378/2430] EF59404 (WK940/4) — Fuel Filter
[2026-06-18T14:43:03.418Z]   FOUND — crossRefs:0 apps:0 specs:0
[2026-06-18T14:43:04.931Z] [2379/2430] EF59409 (WK940/9) — Fuel Filter
[2026-06-18T14:43:04.983Z]   FOUND — crossRefs:0 apps:0 specs:0
[2026-06-18T14:43:06.488Z] [2380/2430] EF55024 (WK950/24X) — Fuel Filter
[2026-06-18T14:43:06.538Z]   FOUND — crossRefs:0 apps:0 specs:0
[2026-06-18T14:43:08.039Z] [2381/2430] EF55025 (WK950/25) — Fuel Filter
[2026-06-18T14:43:08.091Z]   FOUND — crossRefs:0 apps:0 specs:0
[2026-06-18T14:43:09.600Z] [2382/2430] EF59504 (WK950/4) — Fuel Filter
[2026-06-18T14:43:09.661Z]   FOUND — crossRefs:136 apps:0 specs:0
[2026-06-18T14:43:11.197Z] [2383/2430] EF50953 (WK953) — Fuel Filter
[2026-06-18T14:43:11.252Z]   FOUND — crossRefs:34 apps:0 specs:0
[2026-06-18T14:43:12.769Z] [2384/2430] EF50954 (WK954) — Fuel Filter
[2026-06-18T14:43:12.825Z]   FOUND — crossRefs:0 apps:0 specs:0
[2026-06-18T14:43:14.335Z] [2385/2430] EF50956 (WK956) — Fuel Filter
[2026-06-18T14:43:14.390Z]   FOUND — crossRefs:0 apps:0 specs:0
[2026-06-18T14:43:15.904Z] [2386/2430] EF55610 (WK956(10)) — Fuel Filter
[2026-06-18T14:43:15.956Z]   FOUND — crossRefs:0 apps:0 specs:0
[2026-06-18T14:43:17.461Z] [2387/2430] EF50957 (WK957) — Fuel Filter
[2026-06-18T14:43:17.512Z]   FOUND — crossRefs:0 apps:0 specs:0
[2026-06-18T14:43:19.020Z] [2388/2430] EF56210 (WK962/10) — Fuel Filter
[2026-06-18T14:43:19.073Z]   FOUND — crossRefs:0 apps:0 specs:0
[2026-06-18T14:43:20.585Z] [2389/2430] EF59623 (WK962/3) — Fuel Filter
[2026-06-18T14:43:20.635Z]   FOUND — crossRefs:0 apps:0 specs:0
[2026-06-18T14:43:22.141Z] [2390/2430] EF59702 (WK9702) — Fuel Filter
[2026-06-18T14:43:22.198Z]   FOUND — crossRefs:9 apps:0 specs:0
[2026-06-18T14:43:23.715Z] [2391/2430] EL51021 (WP11102/1) — Oil Filter
[2026-06-18T14:43:24.111Z]   FOUND — crossRefs:116 apps:0 specs:6
[2026-06-18T14:43:25.646Z] [2392/2430] EL50212 (WP11102/1/2) — Oil Filter
[2026-06-18T14:43:25.713Z]   FOUND — crossRefs:116 apps:0 specs:6
[2026-06-18T14:43:27.236Z] [2393/2430] EL51022 (WP11102/2) — Oil Filter
[2026-06-18T14:43:27.289Z]   FOUND — crossRefs:116 apps:0 specs:6
[2026-06-18T14:43:28.815Z] [2394/2430] EL51152 (WP1152) — Oil Filter
[2026-06-18T14:43:28.869Z]   FOUND — crossRefs:3 apps:0 specs:6
[2026-06-18T14:43:30.382Z] [2395/2430] EL51168 (WP1168) — Oil Filter
[2026-06-18T14:43:30.441Z]   FOUND — crossRefs:40 apps:0 specs:0
[2026-06-18T14:43:31.953Z] [2396/2430] EL53001 (WP12300/1) — Oil Filter
[2026-06-18T14:43:32.028Z]   FOUND — crossRefs:187 apps:20 specs:6
[2026-06-18T14:43:33.576Z] [2397/2430] EL52309 (WP12309) — Oil Filter
[2026-06-18T14:43:33.644Z]   FOUND — crossRefs:3 apps:0 specs:0
[2026-06-18T14:43:35.155Z] [2398/2430] EL53001 (WP13001) — Oil Filter
[2026-06-18T14:43:35.211Z]   FOUND — crossRefs:56 apps:0 specs:0
[2026-06-18T14:43:36.738Z] [2399/2430] EL50727 (WP727) — Oil Filter
[2026-06-18T14:43:37.923Z]   NOT FOUND
[2026-06-18T14:43:39.435Z] [2400/2430] EL50811 (WP811) — Oil Filter
[2026-06-18T14:43:39.575Z]   FOUND — crossRefs:8 apps:0 specs:0
[2026-06-18T14:43:41.084Z] [2401/2430] EL58133 (WP813/3) — Oil Filter
[2026-06-18T14:43:42.236Z]   NOT FOUND
[2026-06-18T14:43:43.750Z] [2402/2430] EL50823 (WP823) — Oil Filter
[2026-06-18T14:43:44.948Z]   NOT FOUND
[2026-06-18T14:43:46.461Z] [2403/2430] EL59131 (WP913/1) — Oil Filter
[2026-06-18T14:43:47.678Z]   NOT FOUND
[2026-06-18T14:43:49.191Z] [2404/2430] EL59161 (WP916/1) — Oil Filter
[2026-06-18T14:43:50.396Z]   NOT FOUND
[2026-06-18T14:43:51.911Z] [2405/2430] EL50919 (WP919) — Oil Filter
[2026-06-18T14:43:52.046Z]   FOUND — crossRefs:3 apps:0 specs:0
[2026-06-18T14:43:53.561Z] [2406/2430] EL59203 (WP920/3) — Oil Filter
[2026-06-18T14:43:54.727Z]   NOT FOUND
[2026-06-18T14:43:56.232Z] [2407/2430] EL59211 (WP921/1) — Oil Filter
[2026-06-18T14:43:57.435Z]   NOT FOUND
[2026-06-18T14:43:58.941Z] [2408/2430] EL59361 (WP936/1) — Oil Filter
[2026-06-18T14:44:00.156Z]   NOT FOUND
[2026-06-18T14:44:01.664Z] [2409/2430] EL59362 (WP936/2) — Oil Filter
[2026-06-18T14:44:02.860Z]   NOT FOUND
[2026-06-18T14:44:04.372Z] [2410/2430] EL50940 (WP940) — Oil Filter
[2026-06-18T14:44:04.499Z]   FOUND — crossRefs:4 apps:0 specs:0
[2026-06-18T14:44:06.011Z] [2411/2430] EL50958 (WP958) — Oil Filter
[2026-06-18T14:44:08.757Z]   NOT FOUND
[2026-06-18T14:44:10.259Z] [2412/2430] EL50962 (WP962) — Oil Filter
[2026-06-18T14:44:11.351Z]   NOT FOUND
[2026-06-18T14:44:12.860Z] [2413/2430] EL59623 (WP962/3) — Oil Filter
[2026-06-18T14:44:14.077Z]   NOT FOUND
[2026-06-18T14:44:15.584Z] [2414/2430] EL59633 (WP963/3) — Oil Filter
[2026-06-18T14:44:16.780Z]   NOT FOUND
[2026-06-18T14:44:18.290Z] [2415/2430] EL59506 (WS950/6) — Oil Filter
[2026-06-18T14:44:19.507Z]   NOT FOUND
[2026-06-18T14:44:21.014Z] [2416/2430] EL57131 (WU713/1) — Oil Filter
[2026-06-18T14:44:22.229Z]   NOT FOUND
[2026-06-18T14:44:23.739Z] [2417/2430] EL57132 (WU713/2) — Oil Filter
[2026-06-18T14:44:24.952Z]   NOT FOUND
[2026-06-18T14:44:26.461Z] [2418/2430] EL57133 (WU713/3) — Oil Filter
[2026-06-18T14:44:27.676Z]   NOT FOUND
[2026-06-18T14:44:29.185Z] [2419/2430] EL57134 (WU713/4) — Oil Filter
[2026-06-18T14:44:30.383Z]   NOT FOUND
[2026-06-18T14:44:31.893Z] [2420/2430] EL57135 (WU713/5) — Oil Filter
[2026-06-18T14:44:33.091Z]   NOT FOUND
[2026-06-18T14:44:34.604Z] [2421/2430] EL57136 (WU713/6) — Oil Filter
[2026-06-18T14:44:35.801Z]   NOT FOUND
[2026-06-18T14:44:37.307Z] [2422/2430] EL57181 (WU718/1) — Oil Filter
[2026-06-18T14:44:38.566Z]   NOT FOUND
[2026-06-18T14:44:40.079Z] [2423/2430] EL57182 (WU718/2) — Oil Filter
[2026-06-18T14:44:41.275Z]   NOT FOUND
[2026-06-18T14:44:42.785Z] [2424/2430] EL59321 (WU932/1) — Oil Filter
[2026-06-18T14:44:44.017Z]   NOT FOUND
[2026-06-18T14:44:45.527Z] [2425/2430] EL51102 (WV11102) — Oil Filter
[2026-06-18T14:44:45.665Z]   FOUND — crossRefs:6 apps:0 specs:0
[2026-06-18T14:44:47.177Z] [2426/2430] EL57193 (WV719/3) — Oil Filter
[2026-06-18T14:44:48.258Z]   NOT FOUND
[2026-06-18T14:44:49.770Z] [2427/2430] EL57194 (WV719/4) — Oil Filter
[2026-06-18T14:44:50.861Z]   NOT FOUND
[2026-06-18T14:44:52.371Z] [2428/2430] EL50930 (WV930) — Oil Filter
[2026-06-18T14:44:52.510Z]   FOUND — crossRefs:9 apps:0 specs:0
[2026-06-18T14:44:54.023Z] [2429/2430] EL50940 (WV940) — Oil Filter
[2026-06-18T14:44:54.086Z]   FOUND — crossRefs:6 apps:0 specs:0
[2026-06-18T14:44:55.594Z] [2430/2430] EL50962 (WV962) — Oil Filter
[2026-06-18T14:44:55.672Z]   FOUND — crossRefs:7 apps:0 specs:0
[2026-06-18T14:44:57.197Z] === DONE ===
[2026-06-18T14:44:57.198Z] {
  "run_timestamp": "2026-06-18T14:44:57.194Z",
  "tier_e_total": 2430,
  "skus_processed": 2430,
  "skus_found": 2211,
  "skus_not_found": 219,
  "total_cross_refs": 72876,
  "total_vehicle_apps": 18898,
  "total_specs": 1179,
  "recovery_rate_pct": "90.99"
}
