"elimfilters_sku","source_sku","segment","WIX","FRAM","MAHLE","KNECHT","HENGST","UFI","FILTRON","FLEETGUARD","DONALDSON","BOSCH","CHAMPION","ALCO","FEBI","BLUE-PRINT","AC-DELCO","PURFLUX","COMLINE","SOFIMA","DENCKERMANN","COOPERS-FIAAM"
"EA51113","C1113","Air Filter","","","","","","2771000","","","","","","","","","","","","","",""
"EA51454","C1145/4","Air Filter","WA6501","","","","","","","","","","","","","","","A369","","","",""
"EA51455","C1145/5","Air Filter","W48910BR","","","","","","","","","F026400011","","","","","","A369","","","",""
"EA51149","C1149","Air Filter","","","","","E69L","","","","","","","","","","","","","","",""
"EA51151","C1151","Air Filter","WA6486","CA5331","LX502","","E349L","2723400","AR314","","","1457433229","V433","MD5034","","","","A224","","S7234A","",""
"EA51154","C1154","Air Filter","","","","","","","","","","","","","","","","","","","",""
"EA51185","C1185","Air Filter","93053E","","","","E1840L","27A2700","","","","","","","","","","","","S7A27A","",""
"EA52014","C12014","Air Filter","","","","","","","","","","","","","","","","","","","",""
"EA51219","C1219","Air Filter","","","","","","2776300","","","","","","","","","","","","","",""
"EA51230","C1230","Air Filter","","","LX186","LX186","","","","","","","","","","","","","","","",""
"EA51236","C1236","Air Filter","","CA2616","AG37","","","","","","","","","","","","","A427","","","",""
"EA51243","C1243","Air Filter","","","LX100","LX100","","","","","","","","MD386","","","","A863","","","",""
"EA51257","C1257","Air Filter","","","","","","2776100","","","","","","","","","","","","","",""
"EA53010","C13010","Air Filter","","","","","","","","","","","","","","","","","","","",""
"EA51143","C13114/3","Air Filter","WA6084","","LX200","","","","","","","","","","","","","","","","",""
"EA53135","C13135","Air Filter","WA6086","","LX49","LX49","","2799300","AM415","","","","","","","","","","","S9070A","",""
"EA53137","C13137","Air Filter","WA6472","","","","","2708500","AR296","","","","","MD5054","","","","","","S9160A","A140321",""
"EA51338","C1338","Air Filter","","","LX186","LX186","","2772200","","","","","","","","","","","","","",""
"EA51349","C1349","Air Filter","","","LX136","LX136","","","","","","","","","","","","","","","",""
"EA51355","C1355","Air Filter","","","","","E128L","","","","","","","","","","","","","","",""
"EA51357","C1357","Air Filter","","CA2663A","LX130","LX130","","2773100","","","","","","","","","","A197","","S0680A","",""
"EA51358","C1358","Air Filter","","CA2663A","LX130","LX130","","2773100","","","","","","","","","","A197","","S0680A","",""
"EA53621","C1362/1","Air Filter","WA6419","","","","","","","","","","","","","","","A197","","","",""
"EA51376","C1376","Air Filter","WA6450","CA4982","LX150","","","2708900","AR269","","","1457433012","","MD5056","","","PC2031E","A845","EAF330","S4410A","",""
"EA53991","C1399/1","Air Filter","WA6434","","","","","","","","","","","","","","","","","","",""
"EA54117","C14117","Air Filter","WA6132","CA5174","LX880","LX880","","","AM451","","","","V428","MD9800","","","PC2044E","","","","A140244",""
"EA51415","C1415","Air Filter","","","","","E1487L","","","","P606951","","","","","","","","","","",""
"EA51591","C14159/1","Air Filter","WA6117","CA4333","LX872","","","2713800","AM441","AF4992","","1457433678","W709%2F606","","","ADT32214","PC2056E","A1968","EAF243","S7138A","",""
"EA51424","C1424","Air Filter","","","","","","","","","","","","","","","","","","S1360A","",""
"EA51426","C1426","Air Filter","","","","","","","","AF4085","","","","MD082","","","","","","","",""
"EA51465","C1465","Air Filter","WA6432","","","","E433L","2756300","AR253","AF26204","","","","MD632","","","PC2061E","","","S7563A","",""
"EA54681","C1468/1","Air Filter","WA6033","","","","","","","","","","","","","","","A518","","","",""
"EA51470","C1470","Air Filter","WA6464","","LX706","LX706","","2718200","AR2861","","","","","","","","","","","S7182A","",""
"EA51476","C1476","Air Filter","","CA3174B","LX291","LX291","E348L","2784502","","","","","","","","","","A518","","S4580A","",""
"EA50149","C149","Air Filter","","","","","","","","","","","","","","","","","","","",""
"EA55010","C15010M","Air Filter","WA9732","CA11424","LX26072","","E1055L","27A5400","AR3716","","","0986AF3147","","MD5348","","","","A1549","EAF808","S7A54A","",""
"EA50151","C151","Air Filter","","","","","","","","","","","","","","","","","","","",""
"EA55105","C15105","Air Filter","WA6573","CA8934","LX823","LX823","E377L","2735300","AK362","","","","CAF100443C","","","","","A1052","EAF078","S5920A","A140706",""
"EA51202","C15120/2","Air Filter","WA6400","","LX228","","","","","","","","","","","","","","","","",""
"EA55124","C15124","Air Filter","","","","","","","","","","","","","","","","","","","",""
"EA51245","C15124/5","Air Filter","","","","","","","","","","","","","","","","","","","",""
"EA55143","C15143","Air Filter","WA6574","CA8985","LX818","LX818","E376L","2738400","AK3621","","","","","MD9516","","","","A1078","EAF079","S9260A","",""
"EA55163","C15163","Air Filter","WA6118","CA5871","LX941","LX941","","","AM441%2F1","","","0986AF2634","CAF100470C","MD-5112","","ADT32248","PC2076E","A1105","CTY12040","","A140139",""
"EA51651","C15165/1","Air Filter","WA6069","CA3295","LX275","AG87","E113L","27.828.00","AM406%2F1","AF4135","P140186","1457429941","CAF100711R","MD-498","","","PC177","A801","EAF283","S4940A","",""
"EA51519","C1519","Air Filter","","","","","","2771600","","","","","","","","","","","","S2360A","",""
"EA51532","C1532","Air Filter","","","FPA3051","","","","","","","","","","","","","","","","",""
"EA55403","C15403","Air Filter","","","","","","","","AF25481","","","","","","","","","","","",""
"EA51595","C1595","Air Filter","WA6500","CA5612","LX914","LX914","E429L","2723600","AR3481","","","","","","","","","A340","","S3900A","",""
"EA56005","C16005M","Air Filter","49243","CA11070","70536040","","E1054L","27A4800","AR3717","","","F026400261","","MD5414","","","","","","S7A48A","",""
"EA51131","C16113/1","Air Filter","WA6610","","","","","","","","","","","","","","","","","","",""
"EA56122","C16122","Air Filter","","CA4965","","","","","","","P500078","","","MD526","","","PC2092E","A1022","CMZ12603","","A140831",""
"EA56130","C16130","Air Filter","","","","","","","","","","","","","","","","","","","",""
"EA56142","C16142","Air Filter","WA9704","CA11064","LX2685","LX2685","E1080L","","AR3723","","","","","MD5332","","","","A1399","EAF762","","",""
"EA56212","C16212","Air Filter","","","","","","","","","","","","","","","","","","","",""
"EA56214","C16214","Air Filter","","","","","","","","","","","","","","","","","","","",""
"EA51632","C1632","Air Filter","46172","","","","","","","","","","","","","","","","","","",""
"EA51642","C1642","Air Filter","","","","","","2773000","","","","","","","","","","","","S5060A","",""
"EA51648","C1648","Air Filter","","","","","","2784600","","","","","CAF100177R","","","","","","","S6510A","",""
"EA51672","C1672","Air Filter","","","","","","","","","","","","","","","","","","","",""
"EA57125","C17125","Air Filter","WP9132","CA212PL","","","","","","AF1645","","","","","","","A67C","","","","",""
"EA57161","C17161","Air Filter","","","","","","","","","","","","","","","","","","","",""
"EA57177","C17177","Air Filter","WA6094","","","","E120L","","AM422","","","","","","","","","","EAF218","","",""
"EA52012","C17201/2","Air Filter","","","","","","","","","","","","","","","","","","","",""
"EA52252","C17225/2","Air Filter","WA6085","","LX236","","","","","","","","","","","","","","","","",""
"EA51725","C1725","Air Filter","","","","","","2770300","","","","","","","","","","","","","",""
"EA57308","C17308","Air Filter","W42544","CA283A","LX910","","","","","AF25075","P619859","0986B03531","","","","","","","","","",""
"EA51750","C1750","Air Filter","","","","","","","","","","","","","","","PC2106E","","","","",""
"EA51752","C1752","Air Filter","WA6430","","LX774","LX774","E454L","2728400","AR2471","AF25382","P780621","0986626758","","MD144","","","","","","S7284A","",""
"EA51759","C1759","Air Filter","","","","","","2783400","","","","","","","","","","","","","",""
"EA58023","C18023","Air Filter","WA9787","CA11742","LX3536","","E1222L","3060300","","","","","CAF101301P","MD8688","","ADT322115","","A1613","","","",""
"EA58146","C18146","Air Filter","","","LX305","LX305","","","","","","","","MD9810","","","","","","","A140403",""
"EA51461","C18146/1","Air Filter","WA6604","","LX986","","","","","","","","","","","","","A378","","","",""
"EA51462","C18146/2","Air Filter","WA6604","","LX986","","","","","","","","","","","","","A378","","","",""
"EA51815","C1815","Air Filter","","","","","","2771100","","","","","","","","","","","","","",""
"EA58187","C18187","Air Filter","","","","","","","","","","","","","","","","","","","",""
"EA58202","C18202","Air Filter","93168E","","LXS223","LXS223","E454LS","2740400","AM4712","AF25439","P780623","","","","","","","","","S7404A","",""
"EA51829","C1829","Air Filter","","","","","E2923LI","","","","P783386","","","","","","","","","","",""
"EA58360","C18360","Air Filter","","","LX3190","","","","","","","","","","","","","","","","",""
"EA51839","C1839","Air Filter","","","","","","2770800","","AF1710","","","","","","","","","","","",""
"EA51842","C1842","Air Filter","WA6006","","","","","2774200","AE279","","","","CAF100178R","MD528","","","","","","","",""
"EA58581","C1858/1","Air Filter","W48900BR","","","","","","","","","","","","","","","A1231","","","",""
"EA58832","C1883/2","Air Filter","42165","CA2613","LX190","","E1300L","2779700","","","","1457429024","","MD140","","","PC162","A642","","","",""
"EA59171","C19171","Air Filter","","","LXS299","","","","","AF471","","","","","","","","","","","",""
"EA51963","C1963","Air Filter","","CA4306","","","","","","","","","CAF100182R","","","","","","","","",""
"EA51966","C1966","Air Filter","","","","","","","","","","","","MD126","","","","","","","",""
"EA50005","C20005","Air Filter","","","","","","","","","","0986AF2329","","","","","","","","","",""
"EA50161","C20161","Air Filter","","","","","","27B9600","","","P776837","","","","","","","","","","",""
"EA50280","C20280","Air Filter","42352E","","LX269","LX269","E280L","","AM429","AF981","","","","","","","","","","","",""
"EA50551","C2055/1","Air Filter","","CA3916","","","","","","","","","","","","","","","","","",""
"EA50855","C20855","Air Filter","93306E","","","","","","AM437","AF1752M","","","","MD7022","","","","","","","",""
"EA50905","C20905","Air Filter","","","","","","","","","","","","","","","","","","","",""
"EA51011","C21011","Air Filter","WA9828","","LX4418","","E1163L","3071300","","","","","","MD8870","","","","A1011","EAF940","","",""
"EA51104","C21104","Air Filter","WA9409","CA9622","LX1568","LX1568","E490L","","AP08010","","","1987429182","CAF100752P","MD8030","","","","A1159","EAF541","","A140299",""
"EA52120","C2120","Air Filter","W42135","CA2718","LX157","LX157","E194L","2772800","AR213","","","0986B02002","","MD044","","","","A452","","S8210A","A140311",""
"EA51201","C2120/1","Air Filter","WA6394","CA2671","LX101","AG23","E194L","27.728.00","AR213","AF25232","P500052","0986AF2313","CAF100107R","MD-044","","","01EFA003","A452","EAF269","S8210A","A140311",""
"EA51631","C2163/1","Air Filter","WA6218","CA4794","LX553","AG247","E201L","30.900.00","AP055","","","1457429829","CAF100512P","MD-9074","","","PC2161E","A690","EAF237","","",""
"EA52169","C2169","Air Filter","WA6181","","","","","3089502","AP018","AF1702","","","CAF100621P","MD9080","","","","","","S0530A","A140813",""
"EA52180","C2180","Air Filter","42414","","","","","","","","","73349","","","","","","","","","",""
"EA52019","C22019","Air Filter","WA9733","","","","E1214L","3063200","AP1225","","","F026400291","","","","","","","EAF807","S3632A","",""
"EA51171","C22117/1","Air Filter","WA6168","","LX220","","","","","","","","","","","","","A515","","","",""
"EA52227","C2227","Air Filter","","","LX161","LX161","","2779200","","","","","CAF100129R","MD206","","","","","","S0400A","",""
"EA52231","C2231","Air Filter","","","","","","","","","","","CAF100406R","MD422","","","","","","","",""
"EA52232","C2232","Air Filter","","","LX134","LX134","","","","","","","","","","","","","","","",""
"EA52234","C2234","Air Filter","","","LX134","LX134","","2790600","","","","","","","","","","","","S1550A","",""
"EA52242","C2242","Air Filter","","CA4285","LX48","LX48","","3087201","","","","","","","","","","A194","EAF111","S2440A","",""
"EA52561","C2256/1","Air Filter","WA6236","","","","","","","","","","","","","","","A254","","","",""
"EA52580","C22580","Air Filter","93309E","","LX2066","LX2066","E842L","","AM4479","AF25873","","F026400070","","","","","","","","","",""
"EA52631","C2263/1","Air Filter","42834","CA4745A","LX51","LX51","E1044L","3028000","","","","0986AF2083","CAF100199R","MD8130","","","PC366","A1235","","","",""
"EA52320","C2320","Air Filter","","","LX160","LX160","","","","","","","","","","","","","","","",""
"EA52323","C2323","Air Filter","WA6533","CA3124","","","","2773400","AR363","","","1457432186","","MD574","","","PC2188E","A924","","S2300A","",""
"EA53251","C23251","Air Filter","42260","CA230","","","","","","AF252","EDG110010","","","","","","A141C","","","","",""
"EA53259","C23259","Air Filter","","","","","","","","","","","","","","","","","","","",""
"EA53326","C23326","Air Filter","","","LX116","LX116","E584L","2792200","","AF344M","","","","","","","","","","S2350A","",""
"EA52351","C2351","Air Filter","","","","","","2770600","","","","","","","","","","","","S0760A","",""
"EA53795","C2379/5","Air Filter","WA6306","CA4778","LX570","LX570","","","AP125","AF4652","","0986AF2726","CAF100605P","MD-9080","","","A1112C","A839","CTY12150","","A140109",""
"EA54039","C24039","Air Filter","46701","CA9244","","","E740L","27A4200","","AF25589","P536457","","","","","","","","","S7A42A","",""
"EA54123","C24123","Air Filter","WA6734","CA10354","LX7422","LX7422","E415L","3019500","AP1352","","","1457433075","","MD8028","","","","A1265","EAF455","S3195A","A140627",""
"EA54137","C24137","Air Filter","WA9417","","LX1605","LX1605","E884L","","AP1654","","","","","","","","","","EAF561","","",""
"EA54310","C24310","Air Filter","93202E","","","","","","AM462","","","","","","","","","","","","",""
"EA54331","C2433/1","Air Filter","WA9563","","LX1983","","","","","","","","","","","","","A1317","","","",""
"EA52436","C2436","Air Filter","WA6412","CA3121","LX160","LX160","E195L","","AR230","","","1457432111","","MD244","","","","A455","EAF313","","",""
"EA52437","C2437","Air Filter","WA6395","CA660PL","LX158","LX158","","2771900","AR214","","","","","","","","","A454","EAF271","S0660A","",""
"EA54458","C24458","Air Filter","42119","","LX28","LX28","E570L","","AM428","","","","","","","","","","","","",""
"EA54745","C24745","Air Filter","93300E","","LX1807","LX1807","E713L","2762700","AM4555","AF26199","","","","","","","","","","S7627A","",""
"EA54760","C24760","Air Filter","","CA8193","LX2534","","","","","","","","","","","","","","","","",""
"EA52485","C2485","Air Filter","WA9469","CA9932","LX9333","LX9333","E769L","3031900","AP1347","","","1457433595","","","","","","A1184","EAF557","S0412A","",""
"EA55007","C25007","Air Filter","","","","","","","","","","","","","","","","","","","",""
"EA55117","C25117","Air Filter","WA6730","CA9340","LX1045","LX1045","E436L","","AP1302","","","1457433150","","","","","","A1112","EAF425","","A140520",""
"EA52517","C2517","Air Filter","WA6665","CA9295","LX1002","LX1002","E641L","3017600","AP1422","","","1457433972","","","","","","A1107","","S9102A","",""
"EA52520","C2520","Air Filter","WA9504","","LX18501","LX18501","E1031L2","","AP03442x","","","F026400215","","","","","","","","","",""
"EA52526","C2526","Air Filter","","","","","","2770500","","","","","","","","","","","","","",""
"EA55262","C2526/2","Air Filter","46242","CA5125","LX807","","E552L","3096800","AP147","AF4964","","1987429137","CAF100978P","MD9146","","ADD62216","A1189C","A1751","","S3968A","",""
"EA52545","C2545","Air Filter","","CA4354","","","","3087100","","","","","","MD306","","","","A575","","S2040A","",""
"EA55508","C25508","Air Filter","42410E","","","","E214L","","AM455","","","","","","","","","","","","",""
"EA55532","C2553/2","Air Filter","WA6469","CA4244","LX67","LX67MAZDA","","2774400","AR292","","","","W108","MD100","","","01EFA079","A485MAZDA","CMZ12404","","A140386",""
"EA52555","C2555","Air Filter","","","","","","2773200","","","","","","","","","","","","S3560A","",""
"EA55570","C25570","Air Filter","","","","","","","","","","","","","","","","","","","",""
"EA55660","C25660","Air Filter","93231E","","LX1072","LX1072","E633L","2762500","AM4552","AF25875","P782881","","","","","","","","","S7625A","",""
"EA56601","C25660/1","Air Filter","","","","","","","","","","F026400074","","","","","","","","","",""
"EA55754","C25754","Air Filter","93308E","","LX2021","LX2021","E1008L","2764000","AM471%2F3","AF25898","P782137","F026400268","","","","","","","","S2764A","",""
"EA58601","C25860/1","Air Filter","93232E","","LX259","LX1276","E595L","27.626.00","AM455%2F3","AF25876","","F026400075","","MD-7848","","","","A517","","S7626A","",""
"EA58603","C25860/3","Air Filter","","","","","","","","","","F026400075","","","","","","","","","",""
"EA52590","C2590","Air Filter","","CA3112","","","","3084400","","","","","","","","","","","","","",""
"EA55950","C25950","Air Filter","93122E","","LX1279","LX1279","E483L","","AM4474","AF25704","","","","","","","","","","","",""
"EA56110","C26110","Air Filter","WA6190","","LX105","LX105","E41L","3091402","AP026","","","","","MD9086","","","","","","S1420A","",""
"EA56111","C26111","Air Filter","W46647","","LX906","LX63","","2782500","AP070","","","0986B02307","","","","","","","EAF303","","",""
"EA56118","C26118","Air Filter","WA6659","","LX434","LX434","","","AP0462","","","","","MD9520","","","","","","","",""
"EA52612","C2612","Air Filter","WA6664","CA8972","LX1001","LX1001","E638L","","AP1421","","","","","","","","","A1128","","","",""
"EA51381","C26138/1","Air Filter","W48175BR","CA5357","","","","","","","","0986B02319","","","","","","A295","","","",""
"EA51397","C261397","Air Filter","42966E","","","","","","AM426","","","","","","","","","","","","",""
"EA56140","C26140","Air Filter","WA9405","","LX622","LX622","E206L","","AP0631","","","","","","","","","","","","",""
"EA56144","C26144","Air Filter","WA6220","CA5108","LX448","LX448","E206L","3094400","AP056","","","1457429877","","MD9092","","","","A325","EAF082","S6230A","A140022",""
"EA56206","C26206","Air Filter","WA6536","CA8887","LX593%2F1","LX5931","E380L","3010900","AP1791","","","1457433772","","MD9472","","","","A1054","EAF344","S3109A","",""
"EA56315","C26315","Air Filter","","","","","","","","AF303","","","","","","","","","","","",""
"EA52659","C2659","Air Filter","WA6490","CA2610","LX127","AG8","E63L","2773200","AR322","AF1697","P500004","1457429051","W143","MD146","","","PC2304E","A198","","S3560A","A140402",""
"EA52672","C2672","Air Filter","","","","","E798L","","","","","","","","","","","","","","",""
"EA52673","C2673","Air Filter","","","","","","","","AF4612","","","","","","","","","","","",""
"EA52675","C2675","Air Filter","42067","CA2668","LX184","AG17","E188L","3081600","AR226","AF410","P524358","1457429063","CAF100118R","MD582","","","PC2310E","A458","EAF312","S5460A","A140872",""
"EA56848","C26848","Air Filter","","","","","","","","","","","","","","","","","","","",""
"EA52685","C2685","Air Filter","","CA4301","LX45","AG190","","","","","","1457429043","W167","","","","PC2314E","","","","",""
"EA52690","C2690","Air Filter","","CA3717","","","","","","AF4601","","","","","","","","","","","",""
"EA57008","C27008","Air Filter","46153","CA6479","","","","","","AF4949","P537376","","","","","","A1096C","","","","",""
"EA57024","C27024","Air Filter","","","","","","","","","","","","","","","","","","","",""
"EA57100","C27100","Air Filter","WA6621","CA8733","LX946","LX946","E247L","3004100","AP129","","","1457433618","","MD9296","","","","A1088","","S3041A","",""
"EA51704","C271170/4","Air Filter","93243","CA9867","LX1457","","E541L","","AM447%2F6","AF25975","P784525","","","","","","","","","","",""
"EA51250","C271250","Air Filter","93236E","","LX1024","LX1024","E428L","","AM4463","AF25894","P782936","","","","","","","","","","",""
"EA51320","C271320","Air Filter","93239E","CA9765","LX1894","LX1894","E743L","","AM455%2F4","AF26202","P784456","","","S252","","","","","","","",""
"EA51406","C271406","Air Filter","42393E","","LX658","LX658","E127L","2796600","AM4081","AF4641M","P777105","","","","","","","","","S2070A","",""
"EA57143","C27143","Air Filter","WA6621","CA8733","LX946","LX946","E466L","3004100","AP129","","","1457433571","","MD9316","","","","A1088","EAF381","S3041A","",""
"EA51520","C271520","Air Filter","42325E","","LX658","LX658","E127L","2796600","AM408","AF4641M","P777105","","","MD388","","","","","","S2070A","",""
"EA57192","C27192","Air Filter","WA6621","CA8733","LX946","LX946","E466L","","AP129","","","1457433571","CAF100588P","","","","","A1088","EAF381","","",""
"EA52720","C2720","Air Filter","WA9504","","LX18501","LX18501","E1031L2","2791600","AP03442x","","","F026400216","","","","","","","","","",""
"EA52731","C2731","Air Filter","","","","","","2771200","","","","1457433958","","","","","","","","S8580A","",""
"EA52737","C2737","Air Filter","","","","","","2771200","","","","","","MD092","","","","","","S8580A","",""
"EA52751","C2751","Air Filter","WA6433","","","","","3080300","AR255","","","1457429064","","MD042","","","","","EAF321","S9360A","",""
"EA52758","C2758","Air Filter","46042","CA4325","","","","","AR298","AF4952","P500005","","","","","","PC2335E","","CMB12326","","A140404",""
"EA57585","C27585","Air Filter","","","LX239","LX239","E210L","2799800","","AF1829","","1457432192","","MD7012","","","","","","S7998A","",""
"EA52769","C2769","Air Filter","","","","","E637L","","","","","","","","","","","","","","",""
"EA57742","C2774/2","Air Filter","WA6535","CA5929","LX798%2F1","","","","","","","","","","","","","","","","",""
"EA57902","C27902","Air Filter","W48865BR","","LX1070","","","","","AF4772","","1457432288","","","","","","","","","",""
"EA52797","C2797","Air Filter","","","","","","","","","","","","","","","","","","","",""
"EA58003","C28003","Air Filter","93329E","","","","E794L","","AM4771","AF27689","P786443","","","MD7690","","","","","","","",""
"EA58006","C28006","Air Filter","","CA10115","LX3018","","E882L","","","","","","","","","","","","","","",""
"EA58043","C28043M","Air Filter","WA9845","CA12615","LX4398","","E1535L","30A4500","AP1836","","","F026400624","","","","","","A1998","","S3A45A","",""
"EA58160","C28160","Air Filter","WA9595","CA10417","LX1497","LX1497","E1042L","3035100","AP0587","","","","","MD8456","","","","A1275","EAF700","S3351A","",""
"EA58214","C28214","Air Filter","WA6537","CA8194","LX469%2F1","LX4691","E381L","3010000","AP0042","","","","","MD9478","","","","A1087","EAF345","S3100A","",""
"EA58524","C2852/4","Air Filter","","","LX208","","","","","","","","","","","","","A460","","","",""
"EA52853","C2853","Air Filter","","","","","","","","","","1457429806","","","","","","","","","",""
"EA58612","C2861/2","Air Filter","WA9570","CA9689","LX1137%2FS","","E734L","30B4200","AP0343","","","","CAF100779P","","","","","","EAF739","","",""
"EA52873","C2873","Air Filter","","","LX568","LX568","E89L01","","","","","","","","","","","","","","",""
"EA52878","C2878","Air Filter","WA6277","","LX891","LX891","","3025600","AP101","","","","","MD9152","","","","","CHN12825","S3256A","A140598",""
"EA58940","C28940","Air Filter","","","","","","","","AF25354","P533930","","","","","","","","","","",""
"EA59021","C29021M","Air Filter","WA10360","CA12077","LX4233","","E1543L","30C0100","AP1804","","","F026400567","","","","","","","","","",""
"EA59022","C29022","Air Filter","","","","","E1661L","","","","","","","","","","","","","","",""
"EA50321","C291032/1","Air Filter","93157","CA9388","LX776","","E361L","27.383.00","AM465%2F3","AF25653","P781465","0986B03564","","MD-7528","","","","A577","","S7383A","",""
"EA59108","C29108","Air Filter","W46641","CA5156","LX2569","","","","","","","0986B02308","","","","","","","","","",""
"EA59122","C29122","Air Filter","WA6230","CA4568","LX443","LX443","E153L","","AP065","","","1457429987","","MD9588","","","","A855","EAF059","","",""
"EA59126","C29126","Air Filter","WA6172","CA5144","LX95","LX95","E30L02","3089300","AP010","","","","","","","","","A641","","S3120A","",""
"EA51366","C291366","Air Filter","93123E","","LX1025","LX1025","E366L","2737100","AM4472","AF25623","P781525","F026400084","","MD7578","","","","","","S7371A","",""
"EA59352","C29352","Air Filter","","","","","","","","AF304M","","","","","","","","","","","",""
"EA52938","C2938","Air Filter","WA6402","","LX280","LX280","","2794600","AR221","AF1618","","1987429117","CAF100169R","MD5024","","","","","EAF310","S2420A","A140876",""
"EA52956","C2956","Air Filter","","","","","","2713300","","AF482","","","","MD188","","","","","CTY12104","S4800A","",""
"EA59624","C29624","Air Filter","","CA226","LX1063","","E569L","","","AF335M","P181104","","","MD360","","","","","","","",""
"EA52982","C2982","Air Filter","WA6341","CA5658","LX692","LX692","E394L","3008700","AP156","","","1457433268","","MD9438","","","","A382","EAF052","S3087A","A140677",""
"EA52987","C2987","Air Filter","WA6703","CA10252","LX993","LX993","E774L","30.213.00","AP134%2F3","","","1457433296","U757","MD-9632","","","","A1066","EAF445","S3213A","A140626",""
"EA59920","C29920","Air Filter","42208E","","LX29","LX29","E129L","","AM404","AF424","P181046","","","","","","","","","","",""
"EA59985","C2998/5","Air Filter","WA6688","","","","","","","","","0986B02324","","","","","","A1131","","","",""
"EA50103","C30103","Air Filter","WA6399","","","","","","AR217","","","","","MD162","","","","","","","",""
"EA53012","C3012","Air Filter","","CA10495","LX3279","LX3279","E1115L","","","","","","","MD-8250","","","","A1379","CMZ12459","","",""
"EA51253","C30125/3","Air Filter","WA9402","","","","","","","","","","","","","","","A1228","","","",""
"EA51261","C30126/1","Air Filter","WA6778","","","","","","","","","","","","","","","","","","",""
"EA50153","C30153","Air Filter","WA6786","","LX1216","LX1216","E608L","","AP0322","","","","","","","","","A1888","EAF486","","",""
"EA53032","C3032","Air Filter","","","","","","2790100","","","","","","","","","","","","","",""
"EA50304","C304","Air Filter","","","","","","","","","","","","","","","","","","","",""
"EA50400","C30400","Air Filter","","","","","","","","","","","","","","","","","","","",""
"EA53051","C3051","Air Filter","WA6427","CA4291","LX38","AG182","","2789700","AR244","","","1457429925","W146","MD390","","","PC2003E","A445","EAF068","S2430A","",""
"EA53054","C3054","Air Filter","","","","","","","","","","","","MD9854","","","","","","","",""
"EA53087","C3087","Air Filter","WA6738","CA9572","LX1282","LX1282","E481L","3015300","AP1303","","","1457433076","","MD8486","","","","A1140","EAF444","S5702A","A140513",""
"EA50873","C30873","Air Filter","","","","","","","","","","","","","","","","","","","",""
"EA53088","C3088","Air Filter","WA9652","CA10652","LX2636","LX2636","E1194L","","AP1782","","","F026400140","","","","","","A1325","EAF714","","A140844",""
"EA50883","C30883","Air Filter","","","LX1100","","E585L","","","AF875M","","","","","","","","","","","",""
"EA51027","C311027","Air Filter","","","","","","2700400","","AF1736","","","","","","","","","","S7004A","",""
"EA51109","C31109","Air Filter","","","LX888","LX888","","","","","","","","","","","","","","","",""
"EA51093","C311093","Air Filter","46547E","","LX93","LX93","E291L","2795000","AM438","AF4720","P777152","","","MD704","","","","","","S0070A","",""
"EA50931","C311093/1","Air Filter","","","","","","","","","","","","","","","","","","","",""
"EA52261","C311226/1","Air Filter","","CA502","LX768","","E564L","","AM401%2F2","AF25249","P771521","1457433718","","","","","","A287","","","",""
"EA51132","C31132","Air Filter","WA6214","","","","E352L","","AP051","","","","","","","","","","","","",""
"EA51390","C311390","Air Filter","","","LX760","","","","","AF472","P181002","","","","","","","","","","",""
"EA51491","C31149/1","Air Filter","","","","","","","","","","","","","","","","","","","",""
"EA51152","C31152","Air Filter","WA6167","CA5301","LX296","LX296","E152L","3094600","AP005","","","1457429777","","MD9096","","","","A944","EAF056","S0946A","",""
"EA51902","C31190/2","Air Filter","WA6493","CA3725","LX284","AG153","E107L","","AR327","","","1457433051","W154","MD5058","","","PC1045","A1917","","","",""
"EA53141","C3141","Air Filter","WA6517","","LX698","LX698","","2708600","AE3474","","","","","MD530","","","","","EAF109","","",""
"EA53161","C3161","Air Filter","WA6389","","LX181","LX181","","3080900","AR207","","","","","MD078","","","","","","S8460A","A140341",""
"EA51753","C3175/3","Air Filter","WA6213","","","","","","","","","","","","","","","A245","","","",""
"EA51754","C3175/4","Air Filter","","","","","","","","","","","","","","","","A245","","","",""
"EA50322","C32/2","Air Filter","","","","","","","","","","","","","","","","","","","",""
"EA53244","C32/4(4)","Air Filter","","","","","","","","","","","","","","","","","","","",""
"EA52007","C32007","Air Filter","","CA11494","","","","","","","","","","","","","A3178C","","","","",""
"EA52021","C32021","Air Filter","","","","","","","","","","","","","","","","","","","",""
"EA52126","C32126","Air Filter","WA6027","","LX86","LX86","E800L01","","AE3451","","","","","","","","","","EAF275","","",""
"EA52140","C32140","Air Filter","WA6365","CA5829","LX979","LX979","E779L","3009100","AP178","","","","","MD9380","","","","A398","","S3091A","",""
"EA52222","C32222","Air Filter","","","LX511%2F1","LX5111","E240L","","","","","","","","","","","","","","A140008",""
"EA53255","C3255","Air Filter","","","","","","2783000","","","","","","","","","","","","","",""
"EA53257","C3257","Air Filter","","","","","","2774500","","AF485","","","","","","","","","","S8280A","",""
"EA52841","C3284/1","Air Filter","WA6374","","","","","","","","","","","","","","","A1004","","","",""
"EA53287","C3287","Air Filter","WA6307","","","","","3085900","AP126","","","","CAF100571P","MD9048","","","","","EAF082","S7120A","A140137",""
"EA53290","C3290","Air Filter","","CA5233","LX492","LX492","E259L","3095500","","","","","","MD9072","","","","A261","EAF008","S3955A","",""
"EA50334","C33(4)","Air Filter","","","","","","","","","","","","","","","","","","","",""
"EA53314","C33/1(4)","Air Filter","","","","","","","","","","","","","","","","","","","",""
"EA56001","C331600/1","Air Filter","93114E","","","LX626","E270L","2721200","","AF25235","","F026400077","","","","","","","","","",""
"EA53241","C33241","Air Filter","","","LX678","LX678","E311L","","","","","","","","","","","","","","",""
"EA53280","C33280","Air Filter","","","","","","","","","","","","","","","","","","","",""
"EA53381","C3338/1","Air Filter","WA6012","CA6308","","LX836","","","AE321","","","","W601","MD9148","","","PC565","","CHN12827","","A140238",""
"EA53540","C33540","Air Filter","","","","","","","","","","","","","","","","","","","",""
"EA53612","C3361/2","Air Filter","","","LX3594%2FS","","E1249L-2","","","","","F026400152","","","","","","A1957","","","",""
"EA53382","C3382","Air Filter","WA6437","","","","","2787000","AR259","","","","","MD168","","","","","","","",""
"EA53921","C33921","Air Filter","","","LX1255","LX1255","E119L74","2756200","","AF25062","P780006","","","","","","","","","S7562A","",""
"EA53962","C33962","Air Filter","","","","","","","","","","","","","","","","","","","",""
"EA51091","C34109/1","Air Filter","WA6166","","LX54","","","","","","","","","","","","","A781","","","",""
"EA54360","C34360","Air Filter","","","","","","","","AF27876","","","","","","","","","","","",""
"EA53437","C3437","Air Filter","","","LX218","LX218","E21L","","","","","","","","","","","","","","",""
"EA53468","C3468","Air Filter","WA6779","CA9313","LX1451","LX1451","E495L","3018500","AP1307","","","1457433158","","MD9780","","","","A1141","EAF498","S6702A","A140501",""
"EA53483","C3483","Air Filter","WA6195","","","","","3082200","AP030","","","","","MD9014","","","","","","","",""
"EA53485","C3485","Air Filter","WA6784","CA9314","LX1451","LX1451","E485L","3018600","AP1308","","","1457433325","","MD9772","","","","A1142","EAF499","S7702A","",""
"EA54851","C3485/1","Air Filter","W49145BR","","LX1287","","","","","","","","","","","","","A1143","","","",""
"EA55006","C35006","Air Filter","WA9731","CA11188","LX3465","LX3465","E1124L","","AP0782","","","F026400346","CAF100997P","MD8594","","","","A1455","EAF788","","",""
"EA51241","C35124/1","Air Filter","WA6367","","","","","","","","","","","","","","","A1076","","","",""
"EA55127","C35127","Air Filter","WA6332","CA5436","LX726","LX726","E351L","3000700","AP149","","","","","","","","","A373","EAF094","S3007A","",""
"EA55177","C35177M","Air Filter","49212","CA10498","LX15912","","E1000L","3034100","AP1656","","","F026400181","U860","MD8418","","ADF122204","","A1289","","S3341A","",""
"EA55178","C35178","Air Filter","WA6332","CA5436","LX726","LX726","E351L","3000700","AP149","","","","","","","","","A373","EAF094","S3007A","",""
"EA52602","C352260/2","Air Filter","","","","","","","","","","","","","","","","","","","",""
"EA53553","C3553","Air Filter","","","","","","2783100","","AF4124","","","","","","","","","","","",""
"EA56007","C36007","Air Filter","","","","","","","","","","","","","","","","","","","",""
"EA51008","C361008","Air Filter","","","","","","","","AF872","P181099","","","","","","","","","","",""
"EA53671","C3671","Air Filter","WA9452","CA10942","LX1634","LX1634","E1043L","30.262.00","AP058%2F2","","","1457433592","","MD-8174","","","","A1202","EAF554","S3262A","A140715",""
"EA53698","C3698","Air Filter","WA6587","CA87682","LX804%2FS","LX804S","E455L01","","AP11832x","","","","","MD9528","","","","A1207-2","EAF368","","",""
"EA57001","C37001","Air Filter","","","LX3355","","","","","","","","","","","","","","","","",""
"EA57006","C37006","Air Filter","","","","","","","","","","","","","","","","","","","",""
"EA53777","C3777","Air Filter","","","","","","3087800","","","","1457432148","","MD9062","","","","","","","",""
"EA58147","C38147","Air Filter","","CA5140","","","","","","","","","","","","","","A929","","","",""
"EA58163","C38163","Air Filter","WA6174","CA4580","LX96","LX96","E31L02","","AP011","","","","","","","","","A648","","","",""
"EA53842","C3842","Air Filter","WA6022","","LX308","LX308","","","AE336","","","1987429036","","MD178","","","","","CSB12911","","A140840",""
"EA53877","C3877","Air Filter","WA9528","CA10116","LX1920","LX1920","E704L","3026500","AP0927","","","","","","","","","A1227","EAF496","S3265A","",""
"EA53975","C3975","Air Filter","WA6001","","LX78","LX78","","","AE208","","","","","MD5028","","","","","EAF211","","",""
"EA53984","C3984","Air Filter","","CA3160","","","","3084500","","","","","","","","","PC371","","","","",""
"EA50010","C40010","Air Filter","WA6784","CA9314","LX1451","","E485L","3018600","AP1308","","","1457433325","","MD9772","","","PC2481E","A1142","EAF498","S7702A","",""
"EA54057","C4057","Air Filter","","","LX195","LX195","","3081900","","","","","","","","","","","","","",""
"EA54085","C4085","Air Filter","","CA2799","","","","3082700","","","","","","","","","PC261","","","","",""
"EA50410","C410","Air Filter","","","","","","","","","","","","","","","","","","","",""
"EA50411","C411","Air Filter","","","","","","","","","","","","","","","","","","","",""
"EA52192","C42192","Air Filter","WA9420","CA10114","LX1573","LX1573","E543L","3025700","AP1581","","","","","MD8164","","","","A1177","EAF560","S3257A","",""
"EA54280","C4280","Air Filter","WA10439","","LX1589","","","","","","","","","","","","","","","","",""
"EA54287","C4287","Air Filter","WA6373","CA5898","LX5711","LX5711","E322L","","AP183","","","1457433716","","MD9482","","","","A1045","","","",""
"EA50431","C43/1","Air Filter","","","","","","","","","","","","","","","","","","","",""
"EA54334","C43/3(4)","Air Filter","","","","","","","","","","","","","","","","","","","",""
"EA54369","C4369","Air Filter","WA9600","CA10788","LX1746","LX1746","","","AP0585","","","","","","","","","A1336","EAF628","","",""
"EA54464","C44/6(4)","Air Filter","","","","","","","","","","","","","","","","","","","",""
"EA54474","C44/7(4)","Air Filter","","","","","","","","","","","","","","","","","","","",""
"EA55336","C45336","Air Filter","","","LX207","","","","","","","","","","","","","","","","",""
"EA57160","C47160","Air Filter","","","LA66","LA66","E622L","","","","","","","","","","","","","","",""
"EA54824","C48/2(4)","Air Filter","","","","","","","","","","","","","","","","","","","",""
"EA50821","C5082/1","Air Filter","WA9596","CA622PL","LX2843","","","30.400.00","","","","","","","","","","","","S3400A","",""
"EA50554","C55(4)","Air Filter","","","","","","","","","","","","","","","","","","","",""
"EA55614","C56/1(4)","Air Filter","","","","","","","","","","","","","","","","","","","",""
"EA51895","C571895","Air Filter","","","","","","","","","","","","","","","","","","","",""
"EA52284","C572284","Air Filter","","","","","","","","","","","","","","","","","","","",""
"EA58185","C58185","Air Filter","WA6260","CA5564","LX4671","LX4671","E309L","3000300","AP089","","","1457429793","","MD9218","","","","A1362","EAF242","S3003A","",""
"EA51500","C641500","Air Filter","93159E","","LX747","LX747","E315L","3037300","AP191","AF27816","P781349","1457433727","","MD7650","","","","","","S3373A","",""
"EA50654","C65/4","Air Filter","","","","","","","","","","","","","","","","","","","",""
"EA50067","C67","Air Filter","","","","","","","","","","","","","","","","","","","",""
"EA50710","C710","Air Filter","","CA190","","","","","","AF250","P526413","","","","","","","","","","",""
"EA57181","C718/1","Air Filter","","","","","","","","","","","","","","","","","","","",""
"EA50079","C79","Air Filter","","","LX281","LX281","","","","","","","","","","","","","","","",""
"EA50792","C79/2","Air Filter","","","","","","","","","","","","","","","","","","","",""
"EA50814","C814","Air Filter","","CA622PL","AG114","","","2770900","","","","","","","","","","","","","",""
"EA58161","C816/1","Air Filter","WA6397","","","","","","","","","","","","","","","","","","",""
"EA50946","C946","Air Filter","46449","","LX2908","LX2908","","","","AF25538","P812440","","","MD-7542","","","","","","","",""
"EA50957","C957","Air Filter","","","","","","","","AF493","","","","MD7200","","","","","","","",""
"EC57001","CF07001","Cabin Filter","","","","","","","","","","","","","","","","","","","",""
"EC50010","CF10010","Cabin Filter","","","","","","","","","","","","","","","","","","","",""
"EC51010","CF11010","Cabin Filter","","","","","","","","","","","","","","","","","","","",""
"EC51111","CF1111","Cabin Filter","","","","","","","","AF25755","P777779","","","","","","","","","","",""
"EC51222","CF1222","Cabin Filter","","","","","E696LS","","","","","","","","","","","","","","",""
"EC54005","CF14005","Cabin Filter","46702","CA9244SY","","","E740LS","27A4100","","AF25624","P536492","","","","","","","","","S7A41A","",""
"EC51422","CF1422","Cabin Filter","42707","CA2517SY","","","","2714400","","AF1644","P116726","","","MD7226","","","","","","S7144A","",""
"EC51500","CF1500","Cabin Filter","","","","","","","","","","","","","","","","","","","",""
"EC56022","CF16022","Cabin Filter","","","","","E1661LS","","","","","","","","","","","","","","",""
"EC51811","CF1811","Cabin Filter","","","","","","","","AF26570","P641355","","","","","","","","","","",""
"EC59003","CF19003","Cabin Filter","WP9318","","","","E2977LI2","","K12272X","","","1987432437","","","","","","","","","",""
"EC54001","CF24001","Cabin Filter","","","","","","","","","","","","","","","","","","","",""
"EC54002","CF24002","Cabin Filter","","","","","","","","","","","","","","","","","","","",""
"EC56001","CF600/1","Cabin Filter","WA10496","","","","","","","","","0986B03403","","","","","","","","","",""
"EC50620","CF620","Cabin Filter","49592","","","","","","","AF25434","P775298","","","MD-7584S","","","","","","","",""
"EC50713","CF713","Cabin Filter","","","LXS61","LXS61","E277LS","","","","","","","","","","","","","","",""
"EC50813","CF813","Cabin Filter","","","","","E278LS","","","","","","","","","","","","","","",""
"EA51014","CL1014","Air Filter","","CA4545","","","","","","","","","","","","","","A437","","","",""
"EA51116","CL1116","Air Filter","","","","","E326L","","","","","","","","","","","","EAF277","","",""
"EA51118","CL1118","Air Filter","","","","","","","","","","","","","","","","","","","",""
"EA51121","CL1121","Air Filter","42466","CA4819","LX303","LX303","","","","","","1457433226","","","","","A1379C","A592","","","",""
"EA51130","CL1130","Air Filter","42466","CA4819","LX303","LX303","","","","","","1457433226","","","","","A1379C","A592","","","",""
"EA51220","CL1220","Air Filter","","","","","","","","","","","","","","","","A436","EAF214","","",""
"EA51225","CL1225","Air Filter","","","","","","","","","","","","","","","","","EAF280","","",""
"EA51227","CL1227","Air Filter","WA6032","","","","E349L","","AG281","","","","","","","","","A699","EAF279","","",""
"EA51321","CL1321","Air Filter","","CA2716","","","","2784100","","","","","","","","","","A435","","","",""
"EA51325","CL1325","Air Filter","","CA4524","","","","","","","","","","","","","","A588","","","",""
"EA51326","CL1326","Air Filter","","","","","","","","","","","","","","","","A591","EAF278","","",""
"EA51418","CL1418","Air Filter","","","","","","","","","","","","","","","","A407","","","",""
"EA51429","CL1429","Air Filter","WA6036","CA5102","","","","","AK280","","","","","","","","","A847","EAF280","","",""
"EA51608","CL1608","Air Filter","","","","","","","","","","","","","","","","","","","",""
"EA51723","CL1723","Air Filter","WA6040","","","","","","AK313","","","","","","","","","","","","",""
"EA51792","CL1792","Air Filter","","","","","","","","","","","","","","","","","","","",""
"EA51794","CL1794","Air Filter","WA6040","","","","","","AK313","","","","","","","","","","","","",""
"EA51817","CL1817","Air Filter","","","","","","","","","","","","","","","","A408","","","",""
"EA52719","CL2719","Air Filter","","","","","","","","","","","","","","","","","","","",""
"EA53688","CL3688","Air Filter","","","","","E348L","","","","","","","","","","","","","","",""
"EA53689","CL3689","Air Filter","","CA4534","","","","","","","","","","","","","","A578","EAF256","","",""
"EA53690","CL3690","Air Filter","WA6212","CA3372","LX254","LX285","E21L","3081700","AP049","","","1457429071","CAF100502P","","","","","A603","","","",""
"EA51248","CS1248","Air Filter","WA6028","CA2716","CD1278","","","2784100","AR240A","","","1457429006","W165","","","","","A435","","S0780A","",""
"EA57111","CS17111","Air Filter","WA6030","","","","","","AG248","","","","","","","","","","","","A140994",""
"EA51935","CS1935","Air Filter","","","","","E21L","","","","","","","","","","","","EAF349","","",""
"EA52313","CS2313","Air Filter","","","","","","","","","","","","","","","","","","","",""
"EA53029","CS3029","Air Filter","","","","","","2790100","","","","","","","","","","","","","",""
"EA50148","CS60148","Air Filter","","","","","E5980LC","","","","","","","","","","","","","","",""
"EC51313","CU1313","Cabin Filter","WP6852","","","","E2932LI","","K10263X","","","","","MS6008","","","","","","","",""
"EC51620","CU1620","Cabin Filter","","","","","E2943LI","","","","","","","","","","","","","","",""
"EC51721","CU1721","Cabin Filter","","","","","E3934LI2","","","","","","","","","","","","","","",""
"EC58112","CU1811/2","Cabin Filter","","CF10747","","","","5323900","","","","","","","","ADA102513","","","","S3239C","M110545K",""
"EC51828","CU1828M","Cabin Filter","24900","CF10139","LA109","","E2930LI","5305000","K1083","AF55771","","1987431084","","MS6188","","","","AH160","EKF126","S3050C","",""
"EC51853","CU1853","Cabin Filter","","","","","","","","","P783387","","","","","","","","","","",""
"EC51911","CU1911","Cabin Filter","","","LA679S","LA679S","E1960LI","","","","","","","MS6146","","","","AHC113","","","",""
"EC51916","CU1916","Cabin Filter","WP6908","","LA679S","LA679S","E1960LI","","K1063","","","","","MS6146","","","","AHC112","","","",""
"EC51931","CU1931","Cabin Filter","WP6880","","","","E916LI","","K10402X","","","","","","","","","","","","",""
"EC51938","CU1938","Cabin Filter","","","","","","","","","","","","","","","","","","","",""
"EC51012","CU21012","Cabin Filter","WP9204","","","","E2934LI","","K11342X","","","","","","","ADT32516","","","CTY12900","","",""
"EC51062","CU2106/2","Cabin Filter","","CF11282","LA366%2FS","LA366S","E1966LI","5327400","","","","","","","","ADC42242","","AH351","EKF3562","","M110777",""
"EC52126","CU2126","Cabin Filter","","","","","E2943LI","","","","","","","","","","","","","","",""
"EC52131","CU2131M","Cabin Filter","24875","CF9846","LA131","","E2915LI","5310300","","","","1987432085","","MS6240","","","","AH210","","","",""
"EC52133","CU2133","Cabin Filter","","","","","","","","","","","","","","","","","","","",""
"EC50022","CU22002/2","Cabin Filter","","","","","","","","","","0986BF0563","","","","","","","","","",""
"EC50092","CU22009/2","Cabin Filter","WP2048","CF116782","LA392%2FS","","","5339800","K13092X","","","1987435077","","MS6434","","ADG02539","","AH399-2","EKF3922","","",""
"EC52142","CU2214/2","Cabin Filter","WP9354","CF10210","LA444%2FS","","E2907LI","5325900","K12892X","","","","CCF0181","MS6451","","ADG02534","","AH404-2","EKF261","S3259C","",""
"EC52224","CU2224","Cabin Filter","","","","","E909LI","","","","","","","","","","","","","","",""
"EC53019","CU23019M","Cabin Filter","WP10265","CF12160","LA1505","","E4961LI","5338700","K1407","","","0986AF5587","","MS6526","","","","","","","",""
"EC52327","CU2327","Cabin Filter","WP9206","CF98192","","","E1906LI","","K11982x","","","1987432074","","MS6451","","","","AH220-2","","","M110013",""
"EC53272","CU2327/2","Cabin Filter","WP24817","","","","E1906LI","","","","","0986BF0536","","","","ADH22510","","","","","",""
"EC52368","CU2368","Cabin Filter","24877","C9363","06418099","06418081","E1951LI","5303500","K1017","","","0986AF5028","CAF1726","MS6153","","ADA102511","PU1008E","AH127","CHN12900","S3035C","M110062",""
"EC54182","CU2418/2","Cabin Filter","","CF10534-2","LA468%2FS","LA468S","","5316400","","","","","CCF0458","","","ADR162502","","AH273","","","",""
"EC52531","CU2531","Cabin Filter","WP6842","CF5847","LA10","LA10","","5308500","K1021","","","1987431023","CCF0066","MS6111","","","CAF14","AH118","","S3085C","M110343",""
"EC55422","CU2542/2","Cabin Filter","WP9392","CF10846","LA896%2FS","","","5312100","K12802X","","","","","MS6424","","ADG02519","","","EKF303","S3121C","M110526",""
"EC52745","CU2745","Cabin Filter","WP6934","CF59722","LA47%2FS","LA47S","E942LI","","K10532X","","","0986BF0517","","","","","","AH137-2","EAF167","","",""
"EC52862","CU2862","Cabin Filter","","CFA8869","","","","","","","","","","MS6109","","","","AHC178","","","M110769",""
"EC58971","CU2897/1","Cabin Filter","WP6832","CF8877","LA37%2F1","LAK38","E914LB","3427000","K1016A","","","0986628511","CCF0201C","MS6106","","ADA102502","PUK1035E","AHC138","EAF162","","",""
"EC52949","CU2949","Cabin Filter","WP6942","","LA51%2FS","LA51S","E1933LC","","K10692X","","","1987432367","","MS6115","","","","","EKF236","","M110040",""
"EC53042","CU3042","Cabin Filter","","","LAK64","LAK64","E976LI","5302500","","","","","CCF0341","MS6140","","","","AH111","","S3025C","",""
"EC53146","CU3146","Cabin Filter","","","","","","","","","","","","","","","","AH288","","","",""
"EC53162","CU3162","Cabin Filter","WP10293","","","","","","","","","0986BF0540","","","","","","","","","",""
"EC53241","CU3241","Cabin Filter","","","","","","","","","","","","","","","","","","","",""
"EC53553","CU3553","Cabin Filter","","CF5817","LA77","LA77","E908LI","5301200","","","","","","","","","","AH122","EKF114","S3012C","M110081",""
"EC53973","CU3973","Cabin Filter","WP6808","CF5662","LA45","LA45","E905LI","5301300","K1004","","","","","","","","","AH119","EKF125","S3013C","",""
"EC53979","CU3979","Cabin Filter","WP6808","CF5662","LA45","LA45","E905LI","5301300","K1004","","","1987432017","","MS6118","","","","AH119","EKF125","S3013C","M110764",""
"EC54260","CU4260","Cabin Filter","WP6838","CF5845","LA26","LA26","","","K1019","","","0986BF0530","N140","MS6199","","","CAF27","AH115","","","M110166",""
"EC54192","CU54192","Cabin Filter","46700","","","","","","","AF26181","P527595","","","","","","","","","","",""
"EC52000","CUK22000","Cabin Filter","","","","","E2973LC2","","","","","","","","","","","","","","",""
"EC52022","CUK22022M","Cabin Filter","WP2115","CFA11662","","","","5424500","","","","","","","","","","AHC396","","","",""
"EC52639","CUK2639","Cabin Filter","WP2037","CFA10657","","","E2974LC","5421700","K1300A","","","1987432327","","MS6403C","","","","AHC281","EKF297A","S4217CA","M110750K",""
"EC57232","CUK2723/2","Cabin Filter","WP9307","CFA10474-2","LA426%2FS","","E4920LC-2","3417300","K1235A-2x","","","1987432500","","MS6414C","","","","AHC264-2","","S4173CA","",""
"EC52725","CUK2725","Cabin Filter","","","","","E914LC01","","","","","","","","","","","","","","",""
"EC52744","CUK2744","Cabin Filter","","","","","","","","","","","","","","","","","","","",""
"EC59154","CUK29154","Cabin Filter","","","","","","","","","","","","","","","","","","","",""
"EC53023","CUK3023","Cabin Filter","WP9189","CFA102092","LAK239","LAK239","E1944LC","","K1162A2X","","","","","","","","","AHC247-2","","","M110378",""
"EL51077","HU1077X","Oil Filter","","","OX562D","OX562D","E123H01D194","","","LF17486","P953329","F026407100","","","","","","","","","",""
"EL52005","HU12005","Oil Filter","","","","","","","","","","","","","","","","","","","",""
"EL52105","HU12105","Oil Filter","","","","","","","","","","","","","","","","","","","",""
"EL51291","HU1291Z","Oil Filter","","","OX1028D","OX1028D","E831HD275","","","LF17529","","","","MD777","","","","","","","",""
"EL53120","HU13120","Oil Filter","WL7615","","","","E502H02D121","","","","","","","","","","","","","","",""
"EL51381","HU1381","Oil Filter","92026E","","","","E13HD47","","OE6461","","","","","","","","","","","","",""
"EL56002","HU6002ZM","Oil Filter","WL10024","CH11498ECO","OX1217D","","E358HD246","25.153.00","OE6882","","","","","MD745","","","","L980","","S5153PE","",""
"EL56006","HU6006ZM","Oil Filter","57064","CH10358","OX416D1","","E210HD226","2508600","OE6852","","","0986AF1155","COF100587E","MD581","","ADD62109","","L419","CDH11632","S5086PE","",""
"EL50152","HU6015/2ZKIT","Oil Filter","","","","","","","","","","","","","","","","","","","",""
"EL50031","HU7003/1X","Oil Filter","","CH11461ECO","OX825D","OX825D","","","","","","","","","","","","L972","","","","FA6093ECO"
"EL57004","HU7004X","Oil Filter","WL7463","CH10751ECO","OX559","OX559D","E124H","25.055.00","OE6821","","","F026407087","COF101608E","","","","","L417","EOF238","S5055PE","","FA5972ECO"
"EL57052","HU7052Z","Oil Filter","","","","","E1026HD710","","","","","","","","","","","","","","",""
"EL51151","HU711/51XM","Oil Filter","57203","CH8814ECO","OX203D","","E20H01D293","2505600","OE665","LF16423","","1457429242","","MD431","","","AC6192E","L340","","S5056PE","",""
"EL57115","HU711/5X","Oil Filter","57203","CH8814ECO","OX203D","","E20H01D293","2505600","OE665","LF16423","","1457429242","","MD431","","","AC6192E","L340","","S5056PE","",""
"EL50712","HU712X","Oil Filter","WL7232","CH5958ECO","OX173/1D-ECO","OX1731D","E600HD38","2501200","OE648","","","F026407015","","MD349","","","","L290","EOF022","S5012PE","","FA5410ECO"
"EL50721","HU721","Oil Filter","","","HX77","HX77","E28H","","","HF35361","","","","","","","","","","","",""
"EL57217","HU721/7","Oil Filter","","","HX77","HX77","E28H","","","HF35361","","","","","","","","","","","",""
"EL58231","HU823/1X","Oil Filter","557175","CH10530","OX636DECO","OX636DECO","E203H03D67","","","","","","","","","","","","","","",""
"EF50007","PU10007","Fuel Filter","","","","","","","","","","","","","","","","","","","",""
"EF50015","PU10015X","Fuel Filter","","","","","","","","","","","","","","","","","","","",""
"EF51046","PU1046X","Fuel Filter","95021E","C8826","KX67%2F2DECO","KX672D","E52KPD36","2601700","PE9351","FF5380","P550632","0986BF0201","","MD447","","","","","","S6017NE","",""
"EF55002","PU5002Z","Fuel Filter","","","","","","","","","","","","","","","","","","","",""
"EF58019","PU8019","Fuel Filter","","","","","","","","","","","","","","","","","","","",""
"EF50835","PU835X","Fuel Filter","","","KX268D","","","","","","","","","","","","","","","","",""
"EF59002","PU9002X","Fuel Filter","WF8464","C10635ECO","KX340D","KX340D","E423KPD206","2607200","PE8783","FF271","","F026402099","","MD681","","","","C513","EFF243","S6072NE","A120422",""
"EF59004","PU9004","Fuel Filter","","","","","","","","","","","","","","","","","","","",""
"EF50932","PU932X","Fuel Filter","WF8476","C10586ECO","KX393D","KX393D","E100KP01D182","2602000","PE9812","","","F026402078","","MD647","","","","C523","EFF189","S6020NE","A120325",""
"EF59661","PU966/1","Fuel Filter","","","KX262","","E82KPD36","26.024.00","","FF5695","P550863","","","","","","","","","09.26.024","",""
"EF50966","PU966X","Fuel Filter","95040E","C10105","KX261D","KX261D","E70KPD98","","PE9751","FF5635","","","","MD527","","","","","","","",""
"EF50999","PU999X","Fuel Filter","95022E","","KX80D","KX80D","E500KP02D36","2600100","PE935","FF5405","","","","MD383","","","","","","S6001NE","",""
"EL50211","W11102/11","Oil Filter","51800","","OC370","OC40","H200W","23.144.01","","LF3658","P551102","0451403001","","SP1014","","","","LS783","","S9030R","","FT4879"
"EL50214","W11102/14","Oil Filter","51800","","OC370","OC40","H200W","23.144.01","","LF3658","P551102","0451403001","","SP1014","","","","LS783","","S9030R","","FT4879"
"EL51022","W11102/2","Oil Filter","51800","P3555A","OC370","OC40","H200W","23.144.01","OP631","LF3658","P551102","0451403001","","SP1014","","","P940","LS783","","S9030R","","FT4879"
"EL50220","W11102/20","Oil Filter","51800","","OC370","OC40","H200W","23.144.01","","LF3658","P551102","0451403001","","SP1014","","","","LS783","","S9030R","","FT4879"
"EL50224","W11102/24","Oil Filter","51800","","OC370","OC40","H200W","23.144.01","","LF3658","P551102","0451403001","","SP1014","","","","LS783","","S9030R","","FT4879"
"EL50243","W11102/43","Oil Filter","51800","","OC370","OC40","H200W","23.144.01","","LF3658","P551102","0451403001","","SP1014","","","","LS783","","S9030R","","FT4879"
"EL50248","W11102/48","Oil Filter","51800","","OC370","OC40","H200W","23.144.01","","LF3658","P551102","0451403001","","SP1014","","","","LS783","","S9030R","","FT4879"
"EL51120","W1120","Oil Filter","57249","","","","","","","","","","","","","","","","","","",""
"EL51261","W1126/1","Oil Filter","51189","CH2853","OC133","AW103","H40W","23.124.00","OP569","LF580","P550580","0451203006","C102","MD-089","","ADG02104","PF2194","LS194","EOF052","S4600R","A210034","FT4627"
"EL51262","W1126/2","Oil Filter","51189","CH2853","OC133","AW103","H40W","23.124.00","OP569","LF580","P550580","0451203006","C102","MD-089","","","PF2194","LS194","EOF052","S4600R","","FT4627"
"EL51265","W1126/5","Oil Filter","51189","CH2853","OC133","AW103","H40W","23.124.00","OP569","LF580","P550580","0451203006","C102","MD-089","","","PF2194","LS194","EOF052","S4600R","","FT4627"
"EL51127","W1127","Oil Filter","51725","PH2953A","","","","","","LF3602","P502060","","","SP823","","","PF1796","","","","",""
"EL54022","W1140/22","Oil Filter","51411","P4529","OC15","AW28","H208W01","22.031.00","OP563","LF3449","P553411","0451203090","OF424","SP855","","","PF1032","LS186","EOF029","S0108R","A210123","FT4669"
"EL54053","W1140/5/3","Oil Filter","51411","P4529","OC15","AW28","H208W01","22.031.00","","LF3449","P553411","0451203090","","SP855","","","PF1032","LS186","","S0108R","A210123","FT4669"
"EL51408","W1140/8","Oil Filter","51411","P4529","OC15","AW28","H208W01","22.031.00","","LF3449","P553411","0451203090","","SP855","","","PF1032","LS186","","S0108R","A210123","FT4669"
"EL51603","W1160/3","Oil Filter","92019","PH5353","OC206","AW165","H210W01","23.292.00","OP626","LF3506","P550945","0451301207","","SP1018","","","","","","S3292R","A210323","FT5220"
"EL51604","W1160/4","Oil Filter","92019","PH5353","OC206","AW165","H210W01","23.292.00","OP626","LF3506","P550945","0451301207","","SP1018","","","","","","S3292R","A210323","FT5220"
"EL51701","W1170/1","Oil Filter","51747","PH2883","OC35","AW91","H220W","2312000","OP5923","LF3346","LFP553871","0451301088","","SP1013","","","PF1118","LS712","","S0230R","","FT4804"
"EL51702","W1170/2","Oil Filter","51747","PH2883","OC35","AW91","H220W","2312000","OP5923","LF3346","LFP553871","0451301088","","SP1013","","","PF1118","LS712","","S0230R","","FT4804"
"EL51184","W1184","Oil Filter","","","","","H240W","2340900","","LF670","P551670","","","","","","","","","S3409R","",""
"EL52106","W12106","Oil Filter","","","","","H240W","","","LF670","P551670","","","","","","","","","","",""
"EL52052","W12205/2","Oil Filter","51649","","OC319","","H216W","","","LF734","P551381","0986AF0102","","","","","","","","","",""
"EL52371","W1237/1X","Oil Filter","51746","PH3567","OC22","","H217W","8004700","","HF29073","P163068","","","","","","","","","CA401CD1","",""
"EL52602","W12602","Oil Filter","557190","","","","H480W","23.782.00","","LF16110","P502364","","","","","","","","","","",""
"EL52941","W1294/1","Oil Filter","24542","PH3375","OC483","","H240W","23.409.00","","LF3325","ELF7670","","HO510","SP1047","","","PF67","LS845","","S3409R","","FT5098"
"EL51459","W13145/9","Oil Filter","","","OC484","OC484","H300WD01","","","HF35076","","","","","","","","","","","",""
"EL51372","W1372","Oil Filter","","","HC28","HC28","H309W","","","HF40015","P765728","","","","","","","","","","",""
"EL51374","W1374","Oil Filter","","","","","","","","","P550356","","","","","","","","","","",""
"EL53741","W1374/1","Oil Filter","","","","","","","","","P550356","","","","","","","","","","",""
"EL57410","W1374/10","Oil Filter","","","","","","","","","P550356","","","","","","","","","","",""
"EL51410","W1410","Oil Filter","","","HC61/1","","","80.028.00","","HF7952","P764260","","","","","","","","","S8028RH","",""
"EL50111","W6011/1","Oil Filter","WL7475","PH11016","OC607","OC607","H310W","2356500","OP575/1","","","0986AF1165","COF100219S","SP1335","","ADC42121","X4334E","LS948","EOF220","S3565R","","FT6042"
"EL50181","W6018/1","Oil Filter","WL7517","PH4998","OC1183","OC1183","H328W","","OP5951","","","F026407160","COF100129S","","","ADM52106","","LS892","EOF304","","","FT5406"
"EL56019","W6019M","Oil Filter","51365","PH2876","OC1177","","H345W","23.258.00","OP595","LF3692","P502067","0986452061","F305","SP1002","","","","","CHY11001","S3258R","",""
"EL51080","W610/80","Oil Filter","WL54140","","","","H97W05","2343800","","","","","","","","ADH22114","","","","S4030R","",""
"EL51081","W610/81","Oil Filter","WL54140","","","","H97W05","2343800","","","","","","","","ADH22114","","","","S4030R","",""
"EL51082","W610/82","Oil Filter","WL54140","","","","H97W05","2343800","","","","","","","","ADH22114","","","","S4030R","",""
"EL51083","W610/83","Oil Filter","WL54140","","","","H97W05","2343800","","","","","","","","ADH22114","","","","S4030R","",""
"EL56109","W610/9M","Oil Filter","WL54140","","","","H97W05","2343800","","","","","","","","ADH22114","","","","S4030R","",""
"EL56780","W67/80","Oil Filter","WL7134","PH5317","OC495","OC495","H97W11","23.479.00","OP575","","","0451103372","","SP1001","","ADM52107","","LS287","CMZ11414","S3479R","A210594","FT5407"
"EL56781","W67/81","Oil Filter","WL7134","PH5317","OC495","OC495","H97W11","23.479.00","OP575","","","0451103372","","SP1001","","ADM52107","","LS287","CMZ11414","S3479R","A210594","FT5407"
"EL57023","W7023M","Oil Filter","","PH-6017A","OC1052","OC1052","H97W06","","OP595","LF3692","P502062","0101","COF100679S","SP-1005","","ADG02109","PF1237","","CHY11001","","A210027","FT5368"
"EL50711","W711","Oil Filter","WL7098","PH966B","OC21","OC21","","","OP551","LF4014","","","","","","","","LS205","EOF022","","","FT4531/A"
"EL51210","W712(10)","Oil Filter","","PH966B","","","","","","","","","","","","","","LS205","","","","FT4531/A"
"EL57121","W712/1","Oil Filter","51339","PH2870A","OC21","AW29","H90W","23.103.00","OP551","LF3310","P502107","0451102001","C103","SP828","","ADG02104","93156323","LS115","EOF022","S4500R","A210034","FP4531"
"EL51211","W712/11X","Oil Filter","51339","PH2870A","OC21","AW29","H90W","23.103.00","OP551","LF3310","P502107","0451102001","C103","SP828","","ADG02104","93156323","LS115","EOF022","S4500R","A210034","FP4531"
"EL51212","W712/12","Oil Filter","51339","PH2870A","OC21","AW29","H90W","23.103.00","OP551","LF3310","P502107","0451102001","C103","SP828","","ADG02104","93156323","LS115","EOF022","S4500R","A210034","FP4531"
"EL51214","W712/14","Oil Filter","51339","PH2870A","OC21","AW29","H90W","23.103.00","OP551","LF3310","P502107","0451102001","C103","SP828","","ADG02104","93156323","LS115","EOF022","S4500R","A210034","FP4531"
"EL51218","W712/18","Oil Filter","51339","PH2870A","OC21","AW29","H90W","23.103.00","OP551","LF3310","P502107","0451102001","C103","SP828","","ADG02104","93156323","LS115","EOF022","S4500R","A210034","FP4531"
"EL51219","W712/19","Oil Filter","51339","PH2870A","OC21","AW29","H90W","23.103.00","OP551","LF3310","P502107","0451102001","C103","SP828","","ADG02104","93156323","LS115","EOF022","S4500R","A210034","FP4531"
"EL57122","W712/2","Oil Filter","51339","PH2870A","OC21","AW29","H90W","23.103.00","OP551","LF3310","P502107","0451102001","C103","SP828","","ADG02104","93156323","LS115","EOF022","S4500R","A210034","FP4531"
"EL51222","W712/22X","Oil Filter","51339","PH2870A","OC21","AW29","H90W","23.103.00","OP551","LF3310","P502107","0451102001","C103","SP828","","ADG02104","93156323","LS115","EOF022","S4500R","A210034","FP4531"
"EL51223","W712/23","Oil Filter","51339","PH2870A","OC21","AW29","H90W","23.103.00","OP551","LF3310","P502107","0451102001","C103","SP828","","ADG02104","93156323","LS115","EOF022","S4500R","A210034","FP4531"
"EL51224","W712/24","Oil Filter","51339","PH2870A","OC21","AW29","H90W","23.103.00","OP551","LF3310","P502107","0451102001","C103","SP828","","ADG02104","93156323","LS115","EOF022","S4500R","A210034","FP4531"
"EL51226","W712/26","Oil Filter","51339","PH2870A","OC21","AW29","H90W","23.103.00","OP551","LF3310","P502107","0451102001","C103","SP828","","ADG02104","93156323","LS115","EOF022","S4500R","A210034","FP4531"
"EL57123","W712/3","Oil Filter","51339","PH2870A","OC21","AW29","H90W","23.103.00","OP551","LF3310","P502107","0451102001","C103","SP828","","ADG02104","93156323","LS115","EOF022","S4500R","A210034","FP4531"
"EL51234","W712/34","Oil Filter","51339","PH2870A","OC21","AW29","H90W","23.103.00","OP551","LF3310","P502107","0451102001","C103","SP828","","ADG02104","93156323","LS115","EOF022","S4500R","A210034","FP4531"
"EL53410","W712/34(10)","Oil Filter","51339","PH2870A","OC21","AW29","H90W","23.103.00","OP551","LF3310","P502107","0451102001","C103","SP828","","ADG02104","93156323","LS115","EOF022","S4500R","A210034","FP4531"
"EL51235","W712/35","Oil Filter","51339","PH2870A","OC21","AW29","H90W","23.103.00","OP551","LF3310","P502107","0451102001","C103","SP828","","ADG02104","93156323","LS115","EOF022","S4500R","A210034","FP4531"
"EL51237","W712/37","Oil Filter","51339","PH2870A","OC21","AW29","H90W","23.103.00","OP551","LF3310","P502107","0451102001","C103","SP828","","ADG02104","93156323","LS115","EOF022","S4500R","A210034","FP4531"
"EL51239","W712/39","Oil Filter","51339","PH2870A","OC21","AW29","H90W","23.103.00","OP551","LF3310","P502107","0451102001","C103","SP828","","ADG02104","93156323","LS115","EOF022","S4500R","A210034","FP4531"
"EL54310","W712/43(10)","Oil Filter","51339","PH2870A","OC21","AW29","H90W","23.103.00","OP551","LF3310","P502107","0451102001","C103","SP828","","ADG02104","93156323","LS115","EOF022","S4500R","A210034","FP4531"
"EL57125","W712/5","Oil Filter","51339","PH2870A","OC21","AW29","H90W","23.103.00","OP551","LF3310","P502107","0451102001","C103","SP828","","ADG02104","93156323","LS115","EOF022","S4500R","A210034","FP4531"
"EL51253","W712/53","Oil Filter","51339","PH2870A","OC21","AW29","H90W","23.103.00","OP551","LF3310","P502107","0451102001","C103","SP828","","ADG02104","93156323","LS115","EOF022","S4500R","A210034","FP4531"
"EL51260","W712/60","Oil Filter","51339","PH2870A","OC21","AW29","H90W","23.103.00","OP551","LF3310","P502107","0451102001","C103","SP828","","ADG02104","93156323","LS115","EOF022","S4500R","A210034","FP4531"
"EL57126","W712/6N","Oil Filter","51339","PH2870A","OC21","AW29","H90W","23.103.00","OP551","LF3310","P502107","0451102001","C103","SP828","","ADG02104","93156323","LS115","EOF022","S4500R","A210034","FP4531"
"EL57127","W712/7","Oil Filter","51339","PH2870A","OC21","AW29","H90W","23.103.00","OP551","LF3310","P502107","0451102001","C103","SP828","","ADG02104","93156323","LS115","EOF022","S4500R","A210034","FP4531"
"EL51273","W712/73M","Oil Filter","51339","PH2870A","OC21","AW29","H90W","23.103.00","OP551","LF3310","P502107","0451102001","C103","SP828","","ADG02104","93156323","LS115","EOF022","S4500R","A210034","FP4531"
"EL51275","W712/75M","Oil Filter","51339","PH2870A","OC21","AW29","H90W","23.103.00","OP551","LF3310","P502107","0451102001","C103","SP828","","ADG02104","93156323","LS115","EOF022","S4500R","A210034","FP4531"
"EL52810","W712/8(10)","Oil Filter","51339","PH2870A","OC21","AW29","H90W","23.103.00","OP551","LF3310","P502107","0451102001","C103","SP828","","ADG02104","93156323","LS115","EOF022","S4500R","A210034","FP4531"
"EL51281","W712/81","Oil Filter","51339","PH2870A","OC21","AW29","H90W","23.103.00","OP551","LF3310","P502107","0451102001","C103","SP828","","ADG02104","93156323","LS115","EOF022","S4500R","A210034","FP4531"
"EL51283","W712/83M","Oil Filter","51339","PH2870A","OC21","AW29","H90W","23.103.00","OP551","LF3310","P502107","0451102001","C103","SP828","","ADG02104","93156323","LS115","EOF022","S4500R","A210034","FP4531"
"EL51290","W712/90M","Oil Filter","51339","PH2870A","OC21","AW29","H90W","23.103.00","OP551","LF3310","P502107","0451102001","C103","SP828","","ADG02104","93156323","LS115","EOF022","S4500R","A210034","FP4531"
"EL59210","W712/92(10)","Oil Filter","51339","PH2870A","OC21","AW29","H90W","23.103.00","OP551","LF3310","P502107","0451102001","C103","SP828","","ADG02104","93156323","LS115","EOF022","S4500R","A210034","FP4531"
"EL51292","W712/92M","Oil Filter","51339","PH2870A","OC21","AW29","H90W","23.103.00","OP551","LF3310","P502107","0451102001","C103","SP828","","ADG02104","93156323","LS115","EOF022","S4500R","A210034","FP4531"
"EL51294","W712/94M","Oil Filter","51339","PH2870A","OC21","AW29","H90W","23.103.00","OP551","LF3310","P502107","0451102001","C103","SP828","","ADG02104","93156323","LS115","EOF022","S4500R","A210034","FP4531"
"EL50713","W713","Oil Filter","WL7098","PH966B","OC21","OC21","","","OP551","","P551251","","","","","","","LS205","EOF022","","","FT4531/A"
"EL57131","W713/1","Oil Filter","WL7098","PH966B","OC21","OC21","","","OP551","","P551251","","","","","","","LS205","EOF022","","","FT4531/A"
"EL51313","W713/13","Oil Filter","WL7098","PH966B","OC21","OC21","","","OP551","","P551251","","","","","","","LS205","EOF022","","","FT4531/A"
"EL51315","W713/15","Oil Filter","WL7098","PH966B","OC21","OC21","","","OP551","","P551251","","","","","","","LS205","EOF022","","","FT4531/A"
"EL51316","W713/16X","Oil Filter","WL7098","PH966B","OC21","OC21","","","OP551","","P551251","","","","","","","LS205","EOF022","","","FT4531/A"
"EL51322","W713/22","Oil Filter","WL7098","PH966B","OC21","OC21","","","OP551","","P551251","","","","","","","LS205","EOF022","","","FT4531/A"
"EL51323","W713/23","Oil Filter","WL7098","PH966B","OC21","OC21","","","OP551","","P551251","","","","","","","LS205","EOF022","","","FT4531/A"
"EL57134","W713/4","Oil Filter","WL7098","PH966B","OC21","OC21","","","OP551","","P551251","","","","","","","LS205","EOF022","","","FT4531/A"
"EL57135","W713/5","Oil Filter","WL7098","PH966B","OC21","OC21","","","OP551","","P551251","","","","","","","LS205","EOF022","","","FT4531/A"
"EL57136","W713/6","Oil Filter","WL7098","PH966B","OC21","OC21","","","OP551","","P551251","","","","","","","LS205","EOF022","","","FT4531/A"
"EL50717","W717","Oil Filter","WL7087","PH2934","OC93","OC93","","2318700","OP541","","","","","","","","","","EOF035","S9130R","",""
"EL57171","W717/1","Oil Filter","WL7087","PH2934","OC93","OC93","","2318700","OP541","","","","","","","","","","EOF035","S9130R","",""
"EL57181","W718/1","Oil Filter","51034","PH2825","OC55","AW29","H11W","23.117.00","OP663","LF3310","P502107","0451102001","OF09","SP864","","","93156323","LS115","","S1170R","","FT4747"
"EL50719","W719","Oil Filter","","","OC55","OC55","H14W10","","","","","","","","","","","","","","",""
"EL51913","W719/13X","Oil Filter","","","OC55","OC55","H14W10","","","","","","","","","","","","","","",""
"EL51510","W719/15(10)","Oil Filter","","","OC55","OC55","H14W10","","","","","","","","","","","","","","",""
"EL51915","W719/15X","Oil Filter","","","OC55","OC55","H14W10","","","","","","","","","","","","","","",""
"EL51916","W719/16","Oil Filter","","","OC55","OC55","H14W10","","","","","","","","","","","","","","",""
"EL51919","W719/19","Oil Filter","","","OC55","OC55","H14W10","","","","","","","","","","","","","","",""
"EL57191","W719/1X","Oil Filter","","","OC55","OC55","H14W10","","","","","","","","","","","","","","",""
"EL51923","W719/23","Oil Filter","","","OC55","OC55","H14W10","","","","","","","","","","","","","","",""
"EL51924","W719/24","Oil Filter","","","OC55","OC55","H14W10","","","","","","","","","","","","","","",""
"EL51925","W719/25","Oil Filter","","","OC55","OC55","H14W10","","","","","","","","","","","","","","",""
"EL51926","W719/26","Oil Filter","","","OC55","OC55","H14W10","","","","","","","","","","","","","","",""
"EL51928","W719/28","Oil Filter","","","OC55","OC55","H14W10","","","","","","","","","","","","","","",""
"EL53010","W719/30(10)","Oil Filter","","","OC55","OC55","H14W10","","","","","","","","","","","","","","",""
"EL51932","W719/32","Oil Filter","","","OC55","OC55","H14W10","","","","","","","","","","","","","","",""
"EL51938","W719/38","Oil Filter","","","OC55","OC55","H14W10","","","","","","","","","","","","","","",""
"EL51940","W719/40","Oil Filter","","","OC55","OC55","H14W10","","","","","","","","","","","","","","",""
"EL54510","W719/45(10)","Oil Filter","51792","PH3335","OC55","OC55","H14W10","23.412.00","","HF35076","ELF7405","0451403210","HO508","SP1028","","","PF2101","LS846","","S3412R","","FT4940"
"EL51945","W719/45M","Oil Filter","","","OC55","OC55","H14W10","","","","","","","","","","","","","","",""
"EL59510","W719/5(10)","Oil Filter","","","OC55","OC55","H14W10","","","","","","","","","","","","","","",""
"EL51951","W719/51","Oil Filter","","","OC55","OC55","H14W10","","","","","","","","","","","","","","",""
"EL57195","W719/5N","Oil Filter","","","OC55","OC55","H14W10","","","","","","","","","","","","","","",""
"EL57196","W719/6","Oil Filter","","","OC55","OC55","H14W10","","","","","","","","","","","","","","",""
"EL57199","W719/9","Oil Filter","","","OC55","OC55","H14W10","","","","","","","","","","","","","","",""
"EL50724","W724","Oil Filter","","PH5831","OC142","OC142","H14W25","","","","","","","","","","","LS880A","","","","FT5350"
"EL57241","W724/1X","Oil Filter","","PH5831","OC142","OC142","H14W25","","","","","","","","","","","LS880A","","","","FT5350"
"EL57242","W724/2","Oil Filter","","PH5831","OC142","OC142","H14W25","","","","","","","","","","","LS880A","","","","FT5350"
"EL57244","W724/4","Oil Filter","","PH5831","OC142","OC142","H14W25","","","","","","","","","","","LS880A","","","","FT5350"
"EL57245","W724/5","Oil Filter","","PH5831","OC142","OC142","H14W25","","","","","","","","","","","LS880A","","","","FT5350"
"EL50735","W735","Oil Filter","WL7230","","OC281","OC281","","","OP5264","","","","","","","","","","EOF119","","",""
"EL50752","W75/2","Oil Filter","","PH5796","","","","","","","","","","","","","","LS932","","","","FT5902"
"EL50754","W75/4","Oil Filter","","PH5796","","","","","","","","","","","","","","LS932","","","","FT5902"
"EL50773","W77/3","Oil Filter","51056","PH2830","OC11","AW1","H11W01","23.118.00","OM518","LF16108","P502051","0451001001","C108","SP813","","","PF2210","LS169","EOF104","S0100R","A210249","FT4739"
"EL50077","W77N","Oil Filter","WL7064","","","","","","OP518","","","","","","","","","","EOF104","","",""
"EL50078","W78","Oil Filter","WL7101","","OC5","OC5","","","OP554","","","","","","","","","","EOF096","","",""
"EL50793","W79/3","Oil Filter","WL7427","PH12479","OC471","OC471","H221W","23.481.00","643/4n","","","F026407022","COF100136S","SP1321","","ADC42115","X4285E","LS1079","EOF216","S3820R","A210582","FT5688"
"EL58004","W8004","Oil Filter","","PH2881","OC37","OC37","H17W06","","","LF701","P554403","0451203194","","","","","","","","","","FT4790"
"EL50811","W811","Oil Filter","","","OC5","OC5","","","","LF689","P552518","","","SP846","","","","LS131","","","",""
"EL51180","W811/80IBAOYANG","Oil Filter","","","OC5","OC5","","","","","","","","","","","","LS131","","","",""
"EL51181","W811/81X","Oil Filter","","","OC5","OC5","","","","","","","","","","","","LS131","","","",""
"EL50813","W813","Oil Filter","WL7168","","OC384","OC384","H12W01","","OP5201","","","","","","","","","","EOF100","","",""
"EL58131","W813/1","Oil Filter","WL7168","","OC384","OC384","H12W01","","OP5201","","","","","","","","","","EOF100","","",""
"EL58136","W813/6","Oil Filter","WL7168","","OC384","OC384","H12W01","","OP5201","","","","","","","","","","EOF100","","",""
"EL58151","W815/1","Oil Filter","WL7086","PH5566A","OC100","OC100","H90W13","2319100","OP5401","LF3624","P550173","","","SP918","","","","LS867B","EOF005","S0130R","","FT5266"
"EL58153","W815/3X","Oil Filter","WL7086","PH5566A","OC100","OC100","H90W13","2319100","OP5401","LF3624","P550173","","","SP918","","","","LS867B","EOF005","S0130R","","FT5266"
"EL58154","W815/4","Oil Filter","WL7086","PH5566A","OC100","OC100","H90W13","2319100","OP5401","LF3624","P550173","","","SP918","","","","LS867B","EOF005","S0130R","","FT5266"
"EL51580","W815/80X","Oil Filter","WL7086","PH5566A","OC100","OC100","H90W13","2319100","OP5401","LF3624","P550173","","","SP918","","","","LS867B","EOF005","S0130R","","FT5266"
"EL50815","W815X","Oil Filter","WL7086","","","","H90W13","","OP5401","","","","","","","","","","EOF005","","",""
"EL51780","W817/80","Oil Filter","","","","","","","","","","","","","","","","","","","",""
"EL50830","W830","Oil Filter","WL7217","PH5833","OC262","OC262","H20W06","2341700","OP5253","","","","","SP1078","","","","LS214","EOF066","S3417R","","FT5347"
"EL59018","W9018","Oil Filter","","","","","","","","HF28881","P552483","","","","","","","","","","",""
"EL50912","W912","Oil Filter","","PH16","","","","","","","","","","","","","","","","","",""
"EL50913","W913","Oil Filter","WL7078","PH16","OC23","OC23","H10W01","","OP533","","","","","","","","","","EOF009","","",""
"EL59136","W913/6","Oil Filter","WL7078","PH16","OC23","OC23","H10W01","","OP533","","","","","","","","","","EOF009","","",""
"EL50914","W914","Oil Filter","WL7135","","OC63","OC63","H10W03","","OP576","","LFP552518","0-451-103-001","C166","SP816","","","PF1093","","EOF137","","",""
"EL51411","W914/11","Oil Filter","WL7135","","OC63","OC63","H10W03","","OP576","","","","","","","","","","EOF137","","",""
"EL51412","W914/12","Oil Filter","WL7135","","OC63","OC63","H10W03","","OP576","","","","","","","","","","EOF137","","",""
"EL51413","W914/13","Oil Filter","WL7135","","OC63","OC63","H10W03","","OP576","","","","","","","","","","EOF137","","",""
"EL51414","W914/14","Oil Filter","WL7135","","OC63","OC63","H10W03","","OP576","","","","","","","","","","EOF137","","",""
"EL51415","W914/15","Oil Filter","WL7135","","OC63","OC63","H10W03","","OP576","","","","","","","","","","EOF137","","",""
"EL51417","W914/17","Oil Filter","WL7135","","OC63","OC63","H10W03","","OP576","","","","","","","","","","EOF137","","",""
"EL51419","W914/19","Oil Filter","WL7135","","OC63","OC63","H10W03","","OP576","","","","","","","","","","EOF137","","",""
"EL51420","W914/20","Oil Filter","WL7135","","OC63","OC63","H10W03","","OP576","","","","","","","","","","EOF137","","",""
"EL51424","W914/24","Oil Filter","WL7135","","OC63","OC63","H10W03","","OP576","","","","","","","","","","EOF137","","",""
"EL59142","W914/2N","Oil Filter","WL7135","","OC63","OC63","H10W03","","OP576","","LFP552518","0-451-103-001","C166","SP816","","","PF1093","","EOF137","","",""
"EL59143","W914/3","Oil Filter","WL7135","","OC63","OC63","H10W03","","OP576","","","","","","","","","","EOF137","","",""
"EL59145","W914/5","Oil Filter","WL7135","","OC63","OC63","H10W03","","OP576","","","","","","","","","","EOF137","","",""
"EL59146","W914/6","Oil Filter","WL7135","","OC63","OC63","H10W03","","OP576","","","","","","","","","","EOF137","","",""
"EL59147","W914/7","Oil Filter","WL7135","","OC63","OC63","H10W03","","OP576","","","","","","","","","","EOF137","","",""
"EL59148","W914/8","Oil Filter","WL7135","","OC63","OC63","H10W03","","OP576","","","","","","","","","","EOF137","","",""
"EL51480","W914/80","Oil Filter","WL7135","","OC63","OC63","H10W03","","OP576","","","","","","","","","","EOF137","","",""
"EL59149","W914/9","Oil Filter","WL7135","","OC63","OC63","H10W03","","OP576","","","","","","","","","","EOF137","","",""
"EL56110","W916/1(10)","Oil Filter","","","","","","","","","LFP552518","0-451-103-001","C166","SP816","","","PF1093","","","","",""
"EL59161","W916/1X","Oil Filter","","","OC23","OC23","H10W01","","","LF689","LFP552518","0-451-103-001","C166","SP816","","","PF1093","","","","",""
"EL51710","W917(10)","Oil Filter","","","","","","","","","","","","","","","","","","","",""
"EL59201","W920/1","Oil Filter","51068","PH2809","OC63","AW2","H10/1W","23.127.00","OP576","LF16210","P551201","0451103008","C102","SP1056","","","PF1093","LS149","EOF137","S2704R","","FT4776"
"EL52012","W920/12","Oil Filter","51068","PH2809","OC63","AW2","H10/1W","23.127.00","OP576","LF16210","P551201","0451103008","C102","SP1056","","","PF1093","LS149","EOF137","S2704R","","FT4776"
"EL52013","W920/13","Oil Filter","51068","PH2809","OC63","AW2","H10/1W","23.127.00","OP576","LF16210","P551201","0451103008","C102","SP1056","","","PF1093","LS149","EOF137","S2704R","","FT4776"
"EL52015","W920/15","Oil Filter","51068","PH2809","OC63","AW2","H10/1W","23.127.00","OP576","LF16210","P551201","0451103008","C102","SP1056","","","PF1093","LS149","EOF137","S2704R","","FT4776"
"EL52016","W920/16","Oil Filter","51068","PH2809","OC63","AW2","H10/1W","23.127.00","OP576","LF16210","P551201","0451103008","C102","SP1056","","","PF1093","LS149","EOF137","S2704R","","FT4776"
"EL52018","W920/18","Oil Filter","51068","PH2809","OC63","AW2","H10/1W","23.127.00","OP576","LF16210","P551201","0451103008","C102","SP1056","","","PF1093","LS149","EOF137","S2704R","","FT4776"
"EL52019","W920/19","Oil Filter","51068","PH2809","OC63","AW2","H10/1W","23.127.00","OP576","LF16210","P551201","0451103008","C102","SP1056","","","PF1093","LS149","EOF137","S2704R","","FT4776"
"EL59202","W920/2","Oil Filter","51068","PH2809","OC63","AW2","H10/1W","23.127.00","OP576","LF16210","P551201","0451103008","C102","SP1056","","","PF1093","LS149","EOF137","S2704R","","FT4776"
"EL52021","W920/21X","Oil Filter","51068","PH2809","OC63","AW2","H10/1W","23.127.00","OP576","LF16210","P551201","0451103008","C102","SP1056","","","PF1093","LS149","EOF137","S2704R","","FT4776"
"EL52022","W920/22","Oil Filter","51068","PH2809","OC63","AW2","H10/1W","23.127.00","OP576","LF16210","P551201","0451103008","C102","SP1056","","","PF1093","LS149","EOF137","S2704R","","FT4776"
"EL52025","W920/25","Oil Filter","51068","PH2809","OC63","AW2","H10/1W","23.127.00","OP576","LF16210","P551201","0451103008","C102","SP1056","","","PF1093","LS149","EOF137","S2704R","","FT4776"
"EL52026","W920/26","Oil Filter","51068","PH2809","OC63","AW2","H10/1W","23.127.00","OP576","LF16210","P551201","0451103008","C102","SP1056","","","PF1093","LS149","EOF137","S2704R","","FT4776"
"EL59203","W920/3","Oil Filter","51068","PH2809","OC63","AW2","H10/1W","23.127.00","OP576","LF16210","P551201","0451103008","C102","SP1056","","","PF1093","LS149","EOF137","S2704R","","FT4776"
"EL52036","W920/36","Oil Filter","51068","PH2809","OC63","AW2","H10/1W","23.127.00","OP576","LF16210","P551201","0451103008","C102","SP1056","","","PF1093","LS149","EOF137","S2704R","","FT4776"
"EL59204","W920/4","Oil Filter","51068","PH2809","OC63","AW2","H10/1W","23.127.00","OP576","LF16210","P551201","0451103008","C102","SP1056","","","PF1093","LS149","EOF137","S2704R","","FT4776"
"EL59205","W920/5","Oil Filter","51068","PH2809","OC63","AW2","H10/1W","23.127.00","OP576","LF16210","P551201","0451103008","C102","SP1056","","","PF1093","LS149","EOF137","S2704R","","FT4776"
"EL50610","W920/6(10)","Oil Filter","51068","PH2809","OC63","AW2","H10/1W","23.127.00","OP576","LF16210","P551201","0451103008","C102","SP1056","","","PF1093","LS149","EOF137","S2704R","","FT4776"
"EL52081","W920/81","Oil Filter","51068","PH2809","OC63","AW2","H10/1W","23.127.00","OP576","LF16210","P551201","0451103008","C102","SP1056","","","PF1093","LS149","EOF137","S2704R","","FT4776"
"EL59209","W920/9","Oil Filter","51068","PH2809","OC63","AW2","H10/1W","23.127.00","OP576","LF16210","P551201","0451103008","C102","SP1056","","","PF1093","LS149","EOF137","S2704R","","FT4776"
"EL52181","W921/81","Oil Filter","","PH2842","","","","","","LF3417","P550710","0451203218","","","","","","LS939","","","","FT4653"
"EL50922","W922","Oil Filter","WL7124","","OC204","OC204","H10W06","","OP568","","","","","","","","","","EOF028","","",""
"EL59221","W922/1","Oil Filter","WL7124","","OC204","OC204","H10W06","","OP568","","","","","","","","","","EOF028","","",""
"EL50923","W923","Oil Filter","WL54205","","","","","","","","","","","","","","","","","","",""
"EL59232","W923/2","Oil Filter","WL54205","","","","","","","","","","","","","","","","","","",""
"EL59235","W923/5","Oil Filter","WL54205","","","","","","","","","","","","","","","","","","",""
"EL59236","W923/6","Oil Filter","WL54205","","","","","","","","","","","","","","","","","","",""
"EL59301","W930/1","Oil Filter","51068","PH2833","OC62","FO385","H24W01","23.127.00","OP550","LF16210","P551300","0451103028","C102","","","","PF1093","LS186","","S1920R","","FT4781"
"EL53014","W930/14","Oil Filter","51068","PH2833","OC62","FO385","H24W01","23.127.00","OP550","LF16210","P551300","0451103028","C102","","","","PF1093","LS186","","S1920R","","FT4781"
"EL53019","W930/19","Oil Filter","51068","PH2833","OC62","FO385","H24W01","23.127.00","OP550","LF16210","P551300","0451103028","C102","","","","PF1093","LS186","","S1920R","","FT4781"
"EL59302","W930/2","Oil Filter","51068","PH2833","OC62","FO385","H24W01","23.127.00","OP550","LF16210","P551300","0451103028","C102","","","","PF1093","LS186","","S1920R","","FT4781"
"EL59304","W930/4","Oil Filter","51068","PH2833","OC62","FO385","H24W01","23.127.00","OP550","LF16210","P551300","0451103028","C102","","","","PF1093","LS186","","S1920R","","FT4781"
"EL59308","W930/8","Oil Filter","51068","PH2833","OC62","FO385","H24W01","23.127.00","OP550","LF16210","P551300","0451103028","C102","","","","PF1093","LS186","","S1920R","","FT4781"
"EL50931","W931","Oil Filter","","","","","","","","LF607","P550050","","","","","","","","","","",""
"EL53280","W932/80","Oil Filter","WL7219","PH5375","OC199","OC199","H20W12","23.281.00","OP643/1","","","0451103240","COF100121S","SP985","","","X155","LS760","EOF098","S0090R","A210577","FT5230"
"EL50936","W936","Oil Filter","WL7114","PH8A","OC59","OC59","H17W01","","OP563","","P550008","","","","","","","","EOF029","","","FT4403"
"EL59363","W936/3","Oil Filter","WL7114","PH8A","OC59","OC59","H17W01","","OP563","","P550008","","","","","","","","EOF029","","","FT4403"
"EL54010","W940(10)","Oil Filter","24025","PR3392","","","H17W01","23.241.00","","WF2016","P172931","","34654","","","","","","","","",""
"EL54011","W940/11","Oil Filter","51333","PH1","OC381","FO-371/5","H17W","23.102.00","OP563","HF6351","P550006","0451103185","OF424","SP837","","","PF1032","LS186","EOF029","S3241R","","FT4781"
"EL54012","W940/12","Oil Filter","51333","PH1","OC381","FO-371/5","H17W","23.102.00","OP563","HF6351","P550006","0451103185","OF424","SP837","","","PF1032","LS186","EOF029","S3241R","","FT4781"
"EL54015","W940/15","Oil Filter","51333","PH1","OC381","FO-371/5","H17W","23.102.00","OP563","HF6351","P550006","0451103185","OF424","SP837","","","PF1032","LS186","EOF029","S3241R","","FT4781"
"EL54016","W940/16","Oil Filter","51333","PH1","OC381","FO-371/5","H17W","23.102.00","OP563","HF6351","P550006","0451103185","OF424","SP837","","","PF1032","LS186","EOF029","S3241R","","FT4781"
"EL54017","W940/17","Oil Filter","51333","PH1","OC381","FO-371/5","H17W","23.102.00","OP563","HF6351","P550006","0451103185","OF424","SP837","","","PF1032","LS186","EOF029","S3241R","","FT4781"
"EL54023","W940/23","Oil Filter","51333","PH1","OC381","FO-371/5","H17W","23.102.00","OP563","HF6351","P550006","0451103185","OF424","SP837","","","PF1032","LS186","EOF029","S3241R","","FT4781"
"EL52510","W940/25(10)","Oil Filter","51333","PH1","OC381","FO-371/5","H17W","23.102.00","OP563","HF6351","P550006","0451103185","OF424","SP837","","","PF1032","LS186","EOF029","S3241R","","FT4781"
"EL54025","W940/25N","Oil Filter","51333","PH1","OC381","FO-371/5","H17W","23.102.00","OP563","HF6351","P550006","0451103185","OF424","SP837","","","PF1032","LS186","EOF029","S3241R","","FT4781"
"EL54032","W940/32","Oil Filter","51333","PH1","OC381","FO-371/5","H17W","23.102.00","OP563","HF6351","P550006","0451103185","OF424","SP837","","","PF1032","LS186","EOF029","S3241R","","FT4781"
"EL54048","W940/48","Oil Filter","51333","PH1","OC381","FO-371/5","H17W","23.102.00","OP563","HF6351","P550006","0451103185","OF424","SP837","","","PF1032","LS186","EOF029","S3241R","","FT4781"
"EL50510","W940/5(10)","Oil Filter","51333","PH1","OC381","FO-371/5","H17W","23.102.00","OP563","HF6351","P550006","0451103185","OF424","SP837","","","PF1032","LS186","EOF029","S3241R","","FT4781"
"EL55110","W940/51(10)","Oil Filter","51333","PH1","OC381","FO-371/5","H17W","23.102.00","OP563","HF6351","P550006","0451103185","OF424","SP837","","","PF1032","LS186","EOF029","S3241R","","FT4781"
"EL59407","W940/7","Oil Filter","51333","PH1","OC381","FO-371/5","H17W","23.102.00","OP563","HF6351","P550006","0451103185","OF424","SP837","","","PF1032","LS186","EOF029","S3241R","","FT4781"
"EL54070","W940/70","Oil Filter","51333","PH1","OC381","FO-371/5","H17W","23.102.00","OP563","HF6351","P550006","0451103185","OF424","SP837","","","PF1032","LS186","EOF029","S3241R","","FT4781"
"EL59409","W940/9","Oil Filter","51333","PH1","OC381","FO-371/5","H17W","23.102.00","OP563","HF6351","P550006","0451103185","OF424","SP837","","","PF1032","LS186","EOF029","S3241R","","FT4781"
"EL55015","W950/15","Oil Filter","51053","PH2880","OC27","AW23","H19W01","23.152.00","OP626/4","LF3307","P550362","0451203220","","SP822","","","PF2048","LS426","","S5802R","","FT5218"
"EL55040","W950/40","Oil Filter","51053","PH2880","OC27","AW23","H19W01","23.152.00","OP626/4","LF3307","P550362","0451203220","","SP822","","","PF2048","LS426","","S5802R","","FT5218"
"EL55042","W950/42","Oil Filter","51053","PH2880","OC27","AW23","H19W01","23.152.00","OP626/4","LF3307","P550362","0451203220","","SP822","","","PF2048","LS426","","S5802R","","FT5218"
"EL59511","W951/1","Oil Filter","57182","","","","","","","LF3937","P550428","","","SP1352","","","","","","","",""
"EL50954","W954","Oil Filter","51807","","","","","","","LF694","P553712","","","","","","","","","","",""
"EL56213","W962/13","Oil Filter","51053","PH2801","OC171","FO384","H18/1W","23.106.00","OP592","HF35284","ELF7616","0451104015","","SP832","","","PF1229","LS414","","S3230R","A210138","FT4657"
"EL56232","W962/32","Oil Filter","51053","PH2801","OC171","FO384","H18/1W","23.106.00","OP592","HF35284","ELF7616","0451104015","","SP832","","","PF1229","LS414","","S3230R","A210138","FT4657"
"EL52610","W962/6(10)","Oil Filter","51053","PH2801","OC171","FO384","H18/1W","23.106.00","OP592","HF35284","ELF7616","0451104015","","SP832","","","PF1229","LS414","","S3230R","A210138","FT4657"
"EL59627","W962/7","Oil Filter","51053","PH2801","OC171","FO384","H18/1W","23.106.00","OP592","HF35284","ELF7616","0451104015","","SP832","","","PF1229","LS414","","S3230R","A210138","FT4657"
"EL56271","W962/71","Oil Filter","51053","PH2801","OC171","FO384","H18/1W","23.106.00","OP592","HF35284","ELF7616","0451104015","","SP832","","","PF1229","LS414","","S3230R","A210138","FT4657"
"EL59238","WA923/8","Oil Filter","","","","","","","","","","","","","","","","","","","",""
"EL50940","WA940","Oil Filter","24025","PR3392","HC8","HC8","H26WF","","","WF2016","P172931","","34654","","","","","","","","",""
"EL59403","WA940/3","Oil Filter","24025","PR3392","HC8","HC8","H26WF","","","WF2016","P172931","","34654","","","","","","","","",""
"EL59405","WA940/5","Oil Filter","24025","PR3392","","","H26WF","","","WF2016","P172931","","34654","","","","","","","","",""
"EL53125","WD13125","Oil Filter","51792","HPH3335","HC41","OC122","H300W04","23.412.00","","LF3374","P554005","0451403210","HO508","","","","PF2101","LS846","","","",""
"EL51456","WD13145/6","Oil Filter","51792","PH3335","HC34","OC484","H300W04","23.412.00","","HF35076","ELF7405","0451403210","HO508","SP1028","","","PF2101","LS846","","S3412R","","FT4940"
"EL53747","WD1374/7","Oil Filter","","","HC18","","H250WD","","","","P550605","","","","","","","","","","",""
"EL59406","WD940/6","Oil Filter","57266","","HC8","HC8","H17WD01","","","HF6315","","","","SP1206","","","","","","","",""
"EL59501","WD950/1","Oil Filter","","","HC5","AW107","H19WD01","","","HF7968","P550229","","","SP1202","","","","","","","",""
"EL56211","WD962/11","Oil Filter","51829","PH4550","HC2","AW57","H18W03","","","HF6122","P550230","1457434128","","SP1200","","","","","","","","FT4657HP"
"EL56212","WD962/12","Oil Filter","51829","PH4550","HC2","AW57","H18W03","","","HF6122","P550230","1457434128","","SP1200","","","","","","","","FT4657HP"
"EL56221","WD962/21","Oil Filter","51829","PH4550","HC2","AW57","H18W03","","","HF6122","P550230","1457434128","","SP1200","","","","","","","","FT4657HP"
"EL59624","WD962/4","Oil Filter","51829","PH4550","HC2","AW57","H18W03","","","HF6122","P550230","1457434128","","SP1200","","","","","","","","FT4657HP"
"EL59625","WD962/5","Oil Filter","51829","PH4550","HC2","AW57","H18W03","","","HF6122","P550230","1457434128","","SP1200","","","","","","","","FT4657HP"
"EL53145","WDV13145","Oil Filter","","","OC484","OC484","H300WD01","","","","","","","","","","","","","","",""
"EL50920","WDV920","Oil Filter","","P3761","AW162","AW162","H10WD01","","","HF6164","P550210","F026407138","","","","","","LS149","","","","FT4883"
"EL59402","WDV940/2","Oil Filter","","","HC8","HC8","H17WD01","","","","","","","","","","","","","","",""
"EL50950","WDV950","Oil Filter","","","HC5","HC5","H19WD01","","","","","","","","","","","","","","",""
"EL50962","WDV962","Oil Filter","","","OC41","OC41","H18WD01","","","","","","","","","","","","","","",""
"EL50916","WF916","Oil Filter","","","OC23","OC23","H10W01","","","LF689","P552518","","","","","","","","","","",""
"EL50917","WF917","Oil Filter","","","OC23","OC23","H10W01","","","","","","","","","","","","","","",""
"EL50930","WF930","Oil Filter","","","OC80","OC80","H24W01","","","","","","","","","","","","","","",""
"EL59303","WF930/3","Oil Filter","","","OC80","OC80","","","","","","","","","","","","","","","",""
"EL50003","WH10003","Oil Filter","","","","","","","","HF6518","P164378","","","","","","","","","","",""
"EL59002","WH9002","Oil Filter","","","","","","","","HF35339","P765352","","","","","","","","","","",""
"EL58030","WH980/30","Oil Filter","51495","P6871","","","H18W10","","","HF6555","P164384","","","","","","","","","","",""
"EF50602","WK1060/2","Fuel Filter","W36325BR","PS9915","","","","","","FS19551","","0986BF0221","","","","","","","","","",""
"EF51145","WK1145","Fuel Filter","","","","","","","","","","","","","","","","","","","",""
"EF51164","WK1164","Fuel Filter","","","","","","","","FF5039","P551605","","","","","","","","","","",""
"EF50212","WK21/2","Fuel Filter","","","","","","","","","","","","","","","","","","","",""
"EF51210","WK21/2(10)","Fuel Filter","","","","","","","","","","","","","","","","","","","",""
"EF53002","WK3002","Fuel Filter","","","KL260","","","","","","","","","","","","","","","","",""
"EF50031","WK31","Fuel Filter","WF8130","","KL13","KL13OF","H101WK","","PS842","FF149","P550012","","","","","","","","EFF012","","",""
"EF50311","WK31/1","Fuel Filter","WF8130","","KL13","","","","","","","","","","","","","","","","",""
"EF50313","WK31/3","Fuel Filter","WF8127","","KL15OF","","","","","","","","","","","","","EP103","","","",""
"EF50316","WK31/6","Fuel Filter","WF8127","","KL15OF","","","","","","","","","","","","","","","","",""
"EF50317","WK31/7","Fuel Filter","WF8127","","KL15OF","","","","","","","","","","","","","EP58","","","",""
"EF50318","WK31/8","Fuel Filter","WF8125","","KL33OF","","","","","","","","","","","","","CP100","","","",""
"EF50319","WK31/9","Fuel Filter","WF8127","","KL15OF","","","","","","","","","","","","","","","","",""
"EF50321","WK32/1","Fuel Filter","WF8127","","KL15OF","","","","","","","","","","","","","","","","",""
"EF50322","WK32/2","Fuel Filter","WF8127","","KL15OF","","","","","","","","","","","","","","","","",""
"EF50042","WK42","Fuel Filter","WF8127","G4378","KL63OF","KL63OF","H137WK","3101000","PS822","","","","","FF020","","","","EP58","EFF011","S1010B","",""
"EF54213","WK42/13","Fuel Filter","WF8142","G3703","KL206","KL206","","","PS886","","","","","FF019","","ADS72301","FS100","EP178","CMZ13010","","",""
"EF50043","WK43","Fuel Filter","","","KL13","KL13OF","","","","","","","","","","","","","","","",""
"EF50431","WK43/1","Fuel Filter","WF8140","","KL11OF","","","","","","","","","","","","","EP58","","","",""
"EF50451","WK45/1","Fuel Filter","","","KL24%2F1","","","","","","","","","","","","","EP139","","","",""
"EF55005","WK5005Z","Fuel Filter","WF8483","P11681","","","H351WK","","PP9764","","","","","","","","","FCS828","EFF260","","",""
"EF55008","WK5008","Fuel Filter","33099","G7428","KL302","","","","","","","","","","","","","","","","",""
"EF50519","WK519","Fuel Filter","WF8365","","KL579D","KL579D","H247WK","3185200","","","","0450906457","","SP1267","","","","","EFF160","S1852B","A110563",""
"EF50521","WK521","Fuel Filter","WF8314","P9677","KL1911","KL1911","H156WK","3182400","PP976","","","0450906450","","","","","","FCS716","EFF135","S1824B","",""
"EF50523","WK523","Fuel Filter","WF8365","","KL1694D","KL1694D","H247WK","","","","","0450906457","","SP1267","","","","","","","",""
"EF56006","WK6006","Fuel Filter","33311","G7315","KL692","","","3172600","","FF5503","","","","","","","GF578","","","","",""
"EF56031","WK6031M","Fuel Filter","WF8034","G10230","KL248","","H107WK","3171000","PP8311","FF5886","","0450902161","L236","SP2061","","ADN12324","FS9002E","EP144","","S1948B","",""
"EF56133","WK613/3","Fuel Filter","W36010BR","G3289","KL797","","","","","","","0986450144","","","","","","","","","",""
"EF51418","WK614/18","Fuel Filter","WF8221","","","","","","","","","","","","","","","","","","",""
"EF56142","WK614/2","Fuel Filter","WF8203","","","","","","","","","0986450151","","","","","","","","","",""
"EF51426","WK614/26","Fuel Filter","33287","G6859","KL560","","","31.558.00","PP926","","","0986450123","CFF100211","","","ADT32329","FS9160E","","","S1558B","",""
"EF51432","WK614/32","Fuel Filter","WF8093","G6345","","","","31.524.00","PP896","","","","","SP2052","","ADC42329","FS76","","","S1524B","A110045",""
"EF51436","WK614/36","Fuel Filter","33565","G7612","KL140","","H315WK","31.560.00","PP918%2F1","","","0986450115","L266","","","ADT32333","FS9171E","","","S1560B","",""
"EF51437","WK614/37","Fuel Filter","WF8108","","KL139","","","","","","","0986450110","CFF100576","","","","","","","","",""
"EF56184","WK618/4","Fuel Filter","WF8159","","","","","","","","","","","","","","","","","","",""
"EF50068","WK68","Fuel Filter","WF8103","G5561","KL146","KL146","H164WK","31.562.00","PP907","","","0450905904","L224","SP2061","","","FS9186E","EP111","","S1562B","A110184",""
"EF56881","WK68/81","Fuel Filter","","","KL140","","","","","","","","","","","","","","","","",""
"EF57105","WK710/5","Fuel Filter","","","","","","","","","","","","","","","","","","","",""
"EF57126","WK712/6","Fuel Filter","","","","","","","","","","","","","","","","","","","",""
"EF50719","WK719","Fuel Filter","33195","","KC20","KC20","H30WK01","2430400","","FF5040","P550345","","","","","","","","","S0300NR","",""
"EF50761","WK76/1","Fuel Filter","WF8074","G5402","KL183","KL183","","31.538.00","PP873","","","0450905909","CFF100222","SP-2108","","ADH22322","FS24","","EFF084","S1538B","",""
"EF50764","WK76/4","Fuel Filter","WF8158","G5659","KL561","","","31.698.00","PP870%2F1","","","0450905937","","","","ADH22323","FS9205E","","","S1698B","",""
"EF58009","WK8009","Fuel Filter","","","","","","","","","","","","","","ADG02375","","","","","",""
"EF50814","WK814","Fuel Filter","WF8047","P4159","KC22","KC22","H31WK01","","PP840","FF5112","","","","","","","","CS170","EFF106","","",""
"EF58141","WK814/1","Fuel Filter","W33149","","KC22","","","","","","","1457434153","","","","","","CS170","","","",""
"EF50817","WK817","Fuel Filter","WF8048","P4549A","KC63%2F1D","KC631D","H35WK02D87","","PP841","FF5373","P550473","","CFF100116","SP1038","","","","CS435A","EFF019","","",""
"EF58193","WK819/3X","Fuel Filter","WF8048","","KC63%2F1D","","","","","","","","","","","","","","","","",""
"EF58192","WK8192","Fuel Filter","","","","","","","","FS19991","P551432","","","","","","","","","","",""
"EF58205","WK820/5","Fuel Filter","","","","","","","","","","","","","","","","FCS829","","","",""
"EF58208","WK820/8","Fuel Filter","","","","","","","","","","","","","","","","FCS798","","","",""
"EF58233","WK823/3","Fuel Filter","WF8380","P10287","KL497","","H284WK","24.004.00","PP986%2F1","","","0450906426","","","","","","FCS737","","S4004NR","",""
"EF58301","WK830/1","Fuel Filter","WF8039","","KL19","","","","","","","","","","","","","","","","",""
"EF53010","WK830/10","Fuel Filter","WF8030","","KL21","","","","","","","","","","","","","","","","",""
"EF58302","WK830/2","Fuel Filter","33276","G2939","KL10","","H80WK02","3153100","PP828","","","0450905084","CFF100206","SP2006","","","","","","","A110416",""
"EF58304","WK830/4","Fuel Filter","WF8039","","KL19","","","","","","","","","","","","","","","","",""
"EF58309","WK830/9","Fuel Filter","WF8030","G3831","KL10","KL10","H127WK","31.531.00","PP828","","","","","SP2006","","","FS52","","EFF097","S1531B","A110416",""
"EF50834","WK834","Fuel Filter","WF8054","G3744","KL28","KL28","H84WK03","3150700","PP849","","","","","SP2020","","","","EP153","EFF059","S1507B","",""
"EF52210","WK842/2(10)","Fuel Filter","","","","","","","","","","0450133009","","","","","","","","","",""
"EF58425","WK842/5","Fuel Filter","WF8181","","","","","","","","","1457434154","","","","","","","","","",""
"EF58427","WK842/7","Fuel Filter","","","","","","","","","","","","","","","","","","","",""
"EF58533","WK853/3","Fuel Filter","WF8046","PS5896","KL147","","H125WK","24.391.00","PP839%2F1","","","0450906288","L142","","","","XD9060E","FCS463","","S4391NR","",""
"EF58535","WK853/5","Fuel Filter","WF8217","","","","","","","","","","","","","","","FCS711","","","",""
"EF50854","WK854","Fuel Filter","","PS8745","KC25","KC25","H70WK","2440800","","","","1457434293","","","","","","CS264","","S4408NR","",""
"EF59042","WK9042","Fuel Filter","","","","","","","","FS19953","","","","","","","","","","","",""
"EF51003","WK91003","Fuel Filter","33604","","","","","","","","","","","","","","","","","","",""
"EF50917","WK917","Fuel Filter","","","","","","","","","","","","","","","","","","","",""
"EF50918","WK918","Fuel Filter","WF8058","","KC56","KC56","","24.393.00","PP852","","","1457434302","L148","","","","XD9067E","","","S4393NR","",""
"EF59211","WK921/1","Fuel Filter","","","","","","","","","","1457434456","","","","","","CS458","","","",""
"EF59252","WK925/2","Fuel Filter","W33353","P3401","KC107","","","","","FF200","","0986450713","","","","","","","","","",""
"EF53280","WK932/80","Fuel Filter","","","","","","","","","","","","","","","","CS439","","","",""
"EF50936","WK936","Fuel Filter","33528","P8334","","","H172WK","","","","","","","","","","","","","","",""
"EF54018","WK940/18","Fuel Filter","","","","","","","","","","1457434421","","","","","","","","","",""
"EF54032","WK940/32X","Fuel Filter","WF10219","","","","","","PP971%2F3","","","","","","","","","","","","",""
"EF59504","WK950/4","Fuel Filter","33281","P4105","KC4","KC4","H19WK02","2430800","PP879","FF5039","P550679","1-457-423-204","","SP880","","","TP1252","CS445","","","",""
"EF50953","WK953","Fuel Filter","","P4139","","","H184WK","2425800","","FF5108","P502155","","","","","ADZ92306","","","","","",""
"EF59702","WK9702","Fuel Filter","33527","","","","","","","FF5322","P551312","","","SP1359","","","","","","","",""
"EL51021","WP11102/1","Oil Filter","51660","P3555A","OC282","","H200WN","23.446.00","OP631","LF3410","P550425","0451300003","","SP1011","","","P940","LS842","","S3410R","","FT5460"
"EL50212","WP11102/1/2","Oil Filter","51660","P3555A","OC282","","H200WN","23.446.00","OP631","LF3410","P550425","0451300003","","SP1011","","","P940","LS842","","S3410R","","FT5460"
"EL51152","WP1152","Oil Filter","","","","","","","","","","","","","","","","","","","",""
"EL51168","WP1168","Oil Filter","WL7160","PH4847A","OC248","OC248","H210WN","","OP594","LF3481","P550226","0451300007","","","","","","LS235","","","","FT5018A"
"EL53001","WP12300/1","Oil Filter","24540","HPH6349A","OC482","","H300W03","23.411.00","","LF3000","P553000","","","SP1234","","","PF1217","","","S3411R","",""
"EL52309","WP12309","Oil Filter","","","","","","","","","","","","","","","","","","","",""
"EL50919","WP919","Oil Filter","","","","","","","","","","","","","","","","","","","",""
"EL51102","WV11102","Oil Filter","","","OC40","OC40","H200W","","","","","","","","","","","","","","",""
