authority,family,status,proposedSku,finalSku,disposition,reason,file
"CA10014","AIR","SKU_COLLISION_EXISTING","EA30014","EA33928","CREATE_OVERFLOW","LEGACY_SLOT_PRESERVED_OVERFLOW","C:\Users\ELIMSERVER\world-catalogue\elimfilters-vault\91-private-evidence\fram-usa-ld-catalog\fram-usa-ld-full-20260911\products\CA10014.json"
"CA10015","AIR","SKU_COLLISION_EXISTING","EA30015","EA35578","CREATE_OVERFLOW","LEGACY_SLOT_PRESERVED_OVERFLOW","C:\Users\ELIMSERVER\world-catalogue\elimfilters-vault\91-private-evidence\fram-usa-ld-catalog\fram-usa-ld-full-20260911\products\CA10015.json"
"CA10022","AIR","SKU_COLLISION_EXISTING","EA30022","EA30022","REPLACE_EMPTY_PLACEHOLDER","SAFE_LEGACY_EMPTY_SLOT","C:\Users\ELIMSERVER\world-catalogue\elimfilters-vault\91-private-evidence\fram-usa-ld-catalog\fram-usa-ld-full-20260911\products\CA10022.json"
"CA10029","AIR","SKU_COLLISION_EXISTING","EA30029","EA36791","CREATE_OVERFLOW","LEGACY_SLOT_PRESERVED_OVERFLOW","C:\Users\ELIMSERVER\world-catalogue\elimfilters-vault\91-private-evidence\fram-usa-ld-catalog\fram-usa-ld-full-20260911\products\CA10029.json"
"CA10029SY","AIR","SKU_COLLISION_EXISTING","EA30029","EA36523","CREATE_OVERFLOW","LEGACY_SLOT_PRESERVED_OVERFLOW","C:\Users\ELIMSERVER\world-catalogue\elimfilters-vault\91-private-evidence\fram-usa-ld-catalog\fram-usa-ld-full-20260911\products\CA10029SY.json"
"CA10031","AIR","SKU_COLLISION_EXISTING","EA30031","EA30108","CREATE_OVERFLOW","LEGACY_SLOT_PRESERVED_OVERFLOW","C:\Users\ELIMSERVER\world-catalogue\elimfilters-vault\91-private-evidence\fram-usa-ld-catalog\fram-usa-ld-full-20260911\products\CA10031.json"
"CA10034","AIR","SKU_COLLISION_EXISTING","EA30034","EA30034","REPLACE_EMPTY_PLACEHOLDER","SAFE_LEGACY_EMPTY_SLOT","C:\Users\ELIMSERVER\world-catalogue\elimfilters-vault\91-private-evidence\fram-usa-ld-catalog\fram-usa-ld-full-20260911\products\CA10034.json"
"CA10065","AIR","SKU_COLLISION_EXISTING","EA30065","EA30065","REPLACE_EMPTY_PLACEHOLDER","SAFE_LEGACY_EMPTY_SLOT","C:\Users\ELIMSERVER\world-catalogue\elimfilters-vault\91-private-evidence\fram-usa-ld-catalog\fram-usa-ld-full-20260911\products\CA10065.json"
"CA10071","AIR","SKU_COLLISION_EXISTING","EA30071","EA39378","CREATE_OVERFLOW","LEGACY_SLOT_PRESERVED_OVERFLOW","C:\Users\ELIMSERVER\world-catalogue\elimfilters-vault\91-private-evidence\fram-usa-ld-catalog\fram-usa-ld-full-20260911\products\CA10071.json"
"CA10083","AIR","SKU_COLLISION_EXISTING","EA30083","EA30083","REPLACE_EMPTY_PLACEHOLDER","SAFE_LEGACY_EMPTY_SLOT","C:\Users\ELIMSERVER\world-catalogue\elimfilters-vault\91-private-evidence\fram-usa-ld-catalog\fram-usa-ld-full-20260911\products\CA10083.json"
"CA10084","AIR","SKU_COLLISION_EXISTING","EA30084","EA30084","REPLACE_EMPTY_PLACEHOLDER","SAFE_LEGACY_EMPTY_SLOT","C:\Users\ELIMSERVER\world-catalogue\elimfilters-vault\91-private-evidence\fram-usa-ld-catalog\fram-usa-ld-full-20260911\products\CA10084.json"
"CA10085","AIR","SKU_COLLISION_EXISTING","EA30085","EA30085","REPLACE_EMPTY_PLACEHOLDER","SAFE_LEGACY_EMPTY_SLOT","C:\Users\ELIMSERVER\world-catalogue\elimfilters-vault\91-private-evidence\fram-usa-ld-catalog\fram-usa-ld-full-20260911\products\CA10085.json"
"CA10088","AIR","SKU_COLLISION_EXISTING","EA30088","EA30552","CREATE_OVERFLOW","OCCUPIED_SLOT_OVERFLOW","C:\Users\ELIMSERVER\world-catalogue\elimfilters-vault\91-private-evidence\fram-usa-ld-catalog\fram-usa-ld-full-20260911\products\CA10088.json"
"CA10092","AIR","SKU_COLLISION_EXISTING","EA30092","EA30092","REPLACE_EMPTY_PLACEHOLDER","SAFE_LEGACY_EMPTY_SLOT","C:\Users\ELIMSERVER\world-catalogue\elimfilters-vault\91-private-evidence\fram-usa-ld-catalog\fram-usa-ld-full-20260911\products\CA10092.json"
"CA10093","AIR","SKU_COLLISION_EXISTING","EA30093","EA30093","REPLACE_EMPTY_PLACEHOLDER","SAFE_LEGACY_EMPTY_SLOT","C:\Users\ELIMSERVER\world-catalogue\elimfilters-vault\91-private-evidence\fram-usa-ld-catalog\fram-usa-ld-full-20260911\products\CA10093.json"
"CA101","AIR","SKU_COLLISION_EXISTING","EA30101","EA31742","CREATE_OVERFLOW","LEGACY_SLOT_PRESERVED_OVERFLOW","C:\Users\ELIMSERVER\world-catalogue\elimfilters-vault\91-private-evidence\fram-usa-ld-catalog\fram-usa-ld-full-20260911\products\CA101.json"
"CA10110","AIR","SKU_COLLISION_EXISTING","EA30110","EA30110","REPLACE_EMPTY_PLACEHOLDER","SAFE_LEGACY_EMPTY_SLOT","C:\Users\ELIMSERVER\world-catalogue\elimfilters-vault\91-private-evidence\fram-usa-ld-catalog\fram-usa-ld-full-20260911\products\CA10110.json"
"CA10118","AIR","SKU_COLLISION_EXISTING","EA30118","EA38249","CREATE_OVERFLOW","OCCUPIED_SLOT_OVERFLOW","C:\Users\ELIMSERVER\world-catalogue\elimfilters-vault\91-private-evidence\fram-usa-ld-catalog\fram-usa-ld-full-20260911\products\CA10118.json"
"CA10159","AIR","FRAM_SKU_COLLISION","EA30159","EA35504","CREATE_OVERFLOW","DISTINCT_GROUP_OVERFLOW","C:\Users\ELIMSERVER\world-catalogue\elimfilters-vault\91-private-evidence\fram-usa-ld-catalog\fram-usa-ld-full-20260911\products\CA10159.json"
"CA10161","AIR","SKU_COLLISION_EXISTING","EA30161","EA32280","CREATE_OVERFLOW","LEGACY_SLOT_PRESERVED_OVERFLOW","C:\Users\ELIMSERVER\world-catalogue\elimfilters-vault\91-private-evidence\fram-usa-ld-catalog\fram-usa-ld-full-20260911\products\CA10161.json"
"CA10162","AIR","FRAM_SKU_COLLISION","EA30162","","FINAL_QUARANTINE","FRAM_COLLISION_NOT_PROVEN_DISTINCT","C:\Users\ELIMSERVER\world-catalogue\elimfilters-vault\91-private-evidence\fram-usa-ld-catalog\fram-usa-ld-full-20260911\products\CA10162.json"
"CA10163","AIR","SKU_COLLISION_EXISTING","EA30163","EA30981","CREATE_OVERFLOW","LEGACY_SLOT_PRESERVED_OVERFLOW","C:\Users\ELIMSERVER\world-catalogue\elimfilters-vault\91-private-evidence\fram-usa-ld-catalog\fram-usa-ld-full-20260911\products\CA10163.json"
"CA10170","AIR","SKU_COLLISION_EXISTING","EA30170","EA37256","CREATE_OVERFLOW","LEGACY_SLOT_PRESERVED_OVERFLOW","C:\Users\ELIMSERVER\world-catalogue\elimfilters-vault\91-private-evidence\fram-usa-ld-catalog\fram-usa-ld-full-20260911\products\CA10170.json"
"CA10171","AIR","SKU_COLLISION_EXISTING","EA30171","EA30104","CREATE_OVERFLOW","LEGACY_SLOT_PRESERVED_OVERFLOW","C:\Users\ELIMSERVER\world-catalogue\elimfilters-vault\91-private-evidence\fram-usa-ld-catalog\fram-usa-ld-full-20260911\products\CA10171.json"
"CA10191","AIR","INSUFFICIENT_EXISTING","EA30191","","FINAL_QUARANTINE","INSUFFICIENT_EXISTING_EVIDENCE","C:\Users\ELIMSERVER\world-catalogue\elimfilters-vault\91-private-evidence\fram-usa-ld-catalog\fram-usa-ld-full-20260911\products\CA10191.json"
"CA10192","AIR","FRAM_SKU_COLLISION","EA30192","EA36650","CREATE_OVERFLOW","DISTINCT_GROUP_OVERFLOW","C:\Users\ELIMSERVER\world-catalogue\elimfilters-vault\91-private-evidence\fram-usa-ld-catalog\fram-usa-ld-full-20260911\products\CA10192.json"
"CA10193","AIR","SKU_COLLISION_EXISTING","EA30193","EA31514","CREATE_OVERFLOW","OCCUPIED_SLOT_OVERFLOW","C:\Users\ELIMSERVER\world-catalogue\elimfilters-vault\91-private-evidence\fram-usa-ld-catalog\fram-usa-ld-full-20260911\products\CA10193.json"
"CA102","AIR","SKU_COLLISION_EXISTING","EA30102","EA38415","CREATE_OVERFLOW","LEGACY_SLOT_PRESERVED_OVERFLOW","C:\Users\ELIMSERVER\world-catalogue\elimfilters-vault\91-private-evidence\fram-usa-ld-catalog\fram-usa-ld-full-20260911\products\CA102.json"
"CA10228","AIR","FRAM_SKU_COLLISION","EA30228","EA32406","CREATE_OVERFLOW","DISTINCT_GROUP_OVERFLOW","C:\Users\ELIMSERVER\world-catalogue\elimfilters-vault\91-private-evidence\fram-usa-ld-catalog\fram-usa-ld-full-20260911\products\CA10228.json"
"CA10242","AIR","SKU_COLLISION_EXISTING","EA30242","EA30242","REPLACE_EMPTY_PLACEHOLDER","SAFE_LEGACY_EMPTY_SLOT","C:\Users\ELIMSERVER\world-catalogue\elimfilters-vault\91-private-evidence\fram-usa-ld-catalog\fram-usa-ld-full-20260911\products\CA10242.json"
"CA10253","AIR","INSUFFICIENT_EXISTING","EA30253","","FINAL_QUARANTINE","INSUFFICIENT_EXISTING_EVIDENCE","C:\Users\ELIMSERVER\world-catalogue\elimfilters-vault\91-private-evidence\fram-usa-ld-catalog\fram-usa-ld-full-20260911\products\CA10253.json"
"CA10262","AIR","SKU_COLLISION_EXISTING","EA30262","EA30262","REPLACE_EMPTY_PLACEHOLDER","SAFE_LEGACY_EMPTY_SLOT","C:\Users\ELIMSERVER\world-catalogue\elimfilters-vault\91-private-evidence\fram-usa-ld-catalog\fram-usa-ld-full-20260911\products\CA10262.json"
"CA10271","AIR","SKU_COLLISION_EXISTING","EA30271","EA32457","CREATE_OVERFLOW","LEGACY_SLOT_PRESERVED_OVERFLOW","C:\Users\ELIMSERVER\world-catalogue\elimfilters-vault\91-private-evidence\fram-usa-ld-catalog\fram-usa-ld-full-20260911\products\CA10271.json"
"CA10281","AIR","FRAM_SKU_COLLISION","EA30281","","FINAL_QUARANTINE","FRAM_COLLISION_NOT_PROVEN_DISTINCT","C:\Users\ELIMSERVER\world-catalogue\elimfilters-vault\91-private-evidence\fram-usa-ld-catalog\fram-usa-ld-full-20260911\products\CA10281.json"
"CA10281SY","AIR","FRAM_SKU_COLLISION","EA30281","","FINAL_QUARANTINE","FRAM_COLLISION_NOT_PROVEN_DISTINCT","C:\Users\ELIMSERVER\world-catalogue\elimfilters-vault\91-private-evidence\fram-usa-ld-catalog\fram-usa-ld-full-20260911\products\CA10281SY.json"
"CA10283","AIR","FRAM_SKU_COLLISION","EA30283","","FINAL_QUARANTINE","FRAM_COLLISION_NOT_PROVEN_DISTINCT","C:\Users\ELIMSERVER\world-catalogue\elimfilters-vault\91-private-evidence\fram-usa-ld-catalog\fram-usa-ld-full-20260911\products\CA10283.json"
"CA10305","AIR","SKU_COLLISION_EXISTING","EA30305","EA31873","CREATE_OVERFLOW","LEGACY_SLOT_PRESERVED_OVERFLOW","C:\Users\ELIMSERVER\world-catalogue\elimfilters-vault\91-private-evidence\fram-usa-ld-catalog\fram-usa-ld-full-20260911\products\CA10305.json"
"CA10328","AIR","FRAM_SKU_COLLISION","EA30328","EA36277","CREATE_OVERFLOW","DISTINCT_GROUP_OVERFLOW","C:\Users\ELIMSERVER\world-catalogue\elimfilters-vault\91-private-evidence\fram-usa-ld-catalog\fram-usa-ld-full-20260911\products\CA10328.json"
"CA10346","AIR","FRAM_SKU_COLLISION","EA30346","EA32205","CREATE_OVERFLOW","DISTINCT_GROUP_OVERFLOW","C:\Users\ELIMSERVER\world-catalogue\elimfilters-vault\91-private-evidence\fram-usa-ld-catalog\fram-usa-ld-full-20260911\products\CA10346.json"
"CA10347","AIR","FRAM_SKU_COLLISION","EA30347","EA34891","CREATE_OVERFLOW","DISTINCT_GROUP_OVERFLOW","C:\Users\ELIMSERVER\world-catalogue\elimfilters-vault\91-private-evidence\fram-usa-ld-catalog\fram-usa-ld-full-20260911\products\CA10347.json"
"CA10432","AIR","SKU_COLLISION_EXISTING","EA30432","EA34032","CREATE_OVERFLOW","LEGACY_SLOT_PRESERVED_OVERFLOW","C:\Users\ELIMSERVER\world-catalogue\elimfilters-vault\91-private-evidence\fram-usa-ld-catalog\fram-usa-ld-full-20260911\products\CA10432.json"
"CA10500","AIR","SKU_COLLISION_EXISTING","EA30500","EA35423","CREATE_OVERFLOW","LEGACY_SLOT_PRESERVED_OVERFLOW","C:\Users\ELIMSERVER\world-catalogue\elimfilters-vault\91-private-evidence\fram-usa-ld-catalog\fram-usa-ld-full-20260911\products\CA10500.json"
"CA10522","AIR","SKU_COLLISION_EXISTING","EA30522","EA30522","REPLACE_EMPTY_PLACEHOLDER","SAFE_LEGACY_EMPTY_SLOT","C:\Users\ELIMSERVER\world-catalogue\elimfilters-vault\91-private-evidence\fram-usa-ld-catalog\fram-usa-ld-full-20260911\products\CA10522.json"
"CA10542","AIR","FRAM_SKU_COLLISION","EA30542","EA31384","CREATE_OVERFLOW","DISTINCT_GROUP_OVERFLOW","C:\Users\ELIMSERVER\world-catalogue\elimfilters-vault\91-private-evidence\fram-usa-ld-catalog\fram-usa-ld-full-20260911\products\CA10542.json"
"CA10551","AIR","SKU_COLLISION_EXISTING","EA30551","EA33104","CREATE_OVERFLOW","LEGACY_SLOT_PRESERVED_OVERFLOW","C:\Users\ELIMSERVER\world-catalogue\elimfilters-vault\91-private-evidence\fram-usa-ld-catalog\fram-usa-ld-full-20260911\products\CA10551.json"
"CA10573","AIR","FRAM_SKU_COLLISION","EA30573","EA31312","CREATE_OVERFLOW","DISTINCT_GROUP_OVERFLOW","C:\Users\ELIMSERVER\world-catalogue\elimfilters-vault\91-private-evidence\fram-usa-ld-catalog\fram-usa-ld-full-20260911\products\CA10573.json"
"CA10661","AIR","SKU_COLLISION_EXISTING","EA30661","EA31726","CREATE_OVERFLOW","LEGACY_SLOT_PRESERVED_OVERFLOW","C:\Users\ELIMSERVER\world-catalogue\elimfilters-vault\91-private-evidence\fram-usa-ld-catalog\fram-usa-ld-full-20260911\products\CA10661.json"
"CA10722","AIR","SKU_COLLISION_EXISTING","EA30722","EA30722","REPLACE_EMPTY_PLACEHOLDER","SAFE_LEGACY_EMPTY_SLOT","C:\Users\ELIMSERVER\world-catalogue\elimfilters-vault\91-private-evidence\fram-usa-ld-catalog\fram-usa-ld-full-20260911\products\CA10722.json"
"CA10755","AIR","INSUFFICIENT_EXISTING","EA30755","","FINAL_QUARANTINE","INSUFFICIENT_EXISTING_EVIDENCE","C:\Users\ELIMSERVER\world-catalogue\elimfilters-vault\91-private-evidence\fram-usa-ld-catalog\fram-usa-ld-full-20260911\products\CA10755.json"
"CA10762","AIR","SKU_COLLISION_EXISTING","EA30762","EA32032","CREATE_OVERFLOW","LEGACY_SLOT_PRESERVED_OVERFLOW","C:\Users\ELIMSERVER\world-catalogue\elimfilters-vault\91-private-evidence\fram-usa-ld-catalog\fram-usa-ld-full-20260911\products\CA10762.json"
"CA10781","AIR","SKU_COLLISION_EXISTING","EA30781","EA30781","REPLACE_EMPTY_PLACEHOLDER","SAFE_LEGACY_EMPTY_SLOT","C:\Users\ELIMSERVER\world-catalogue\elimfilters-vault\91-private-evidence\fram-usa-ld-catalog\fram-usa-ld-full-20260911\products\CA10781.json"
"CA10784","AIR","SKU_COLLISION_EXISTING","EA30784","EA30784","REPLACE_EMPTY_PLACEHOLDER","SAFE_LEGACY_EMPTY_SLOT","C:\Users\ELIMSERVER\world-catalogue\elimfilters-vault\91-private-evidence\fram-usa-ld-catalog\fram-usa-ld-full-20260911\products\CA10784.json"
"CA10785","AIR","SKU_COLLISION_EXISTING","EA30785","EA30785","REPLACE_EMPTY_PLACEHOLDER","SAFE_LEGACY_EMPTY_SLOT","C:\Users\ELIMSERVER\world-catalogue\elimfilters-vault\91-private-evidence\fram-usa-ld-catalog\fram-usa-ld-full-20260911\products\CA10785.json"
"CA10790","AIR","FRAM_SKU_COLLISION","EA30790","","FINAL_QUARANTINE","FRAM_COLLISION_NOT_PROVEN_DISTINCT","C:\Users\ELIMSERVER\world-catalogue\elimfilters-vault\91-private-evidence\fram-usa-ld-catalog\fram-usa-ld-full-20260911\products\CA10790.json"
"CA10790SY","AIR","FRAM_SKU_COLLISION","EA30790","","FINAL_QUARANTINE","FRAM_COLLISION_NOT_PROVEN_DISTINCT","C:\Users\ELIMSERVER\world-catalogue\elimfilters-vault\91-private-evidence\fram-usa-ld-catalog\fram-usa-ld-full-20260911\products\CA10790SY.json"
"CA10800","AIR","SKU_COLLISION_EXISTING","EA30800","EA30800","REPLACE_EMPTY_PLACEHOLDER","SAFE_LEGACY_EMPTY_SLOT","C:\Users\ELIMSERVER\world-catalogue\elimfilters-vault\91-private-evidence\fram-usa-ld-catalog\fram-usa-ld-full-20260911\products\CA10800.json"
"CA10881","AIR","SKU_COLLISION_EXISTING","EA30881","EA33180","CREATE_OVERFLOW","LEGACY_SLOT_PRESERVED_OVERFLOW","C:\Users\ELIMSERVER\world-catalogue\elimfilters-vault\91-private-evidence\fram-usa-ld-catalog\fram-usa-ld-full-20260911\products\CA10881.json"
"CA10901","AIR","SKU_COLLISION_EXISTING","EA30901","EA35644","CREATE_OVERFLOW","OCCUPIED_SLOT_OVERFLOW","C:\Users\ELIMSERVER\world-catalogue\elimfilters-vault\91-private-evidence\fram-usa-ld-catalog\fram-usa-ld-full-20260911\products\CA10901.json"
"CA10910","AIR","SKU_COLLISION_EXISTING","EA30910","EA36583","CREATE_OVERFLOW","LEGACY_SLOT_PRESERVED_OVERFLOW","C:\Users\ELIMSERVER\world-catalogue\elimfilters-vault\91-private-evidence\fram-usa-ld-catalog\fram-usa-ld-full-20260911\products\CA10910.json"
"CA10982","AIR","FRAM_SKU_COLLISION","EA30982","EA30982","CREATE_STANDARD","DISTINCT_GROUP_CANONICAL_STANDARD_SLOT","C:\Users\ELIMSERVER\world-catalogue\elimfilters-vault\91-private-evidence\fram-usa-ld-catalog\fram-usa-ld-full-20260911\products\CA10982.json"
"CA10982SY","AIR","FRAM_SKU_COLLISION","EA30982","EA32727","CREATE_OVERFLOW","DISTINCT_GROUP_OVERFLOW","C:\Users\ELIMSERVER\world-catalogue\elimfilters-vault\91-private-evidence\fram-usa-ld-catalog\fram-usa-ld-full-20260911\products\CA10982SY.json"
"CA10986","AIR","INSUFFICIENT_EXISTING","EA30986","","FINAL_QUARANTINE","INSUFFICIENT_EXISTING_EVIDENCE","C:\Users\ELIMSERVER\world-catalogue\elimfilters-vault\91-private-evidence\fram-usa-ld-catalog\fram-usa-ld-full-20260911\products\CA10986.json"
"CA10990","AIR","SKU_COLLISION_EXISTING","EA30990","EA30990","REPLACE_EMPTY_PLACEHOLDER","SAFE_LEGACY_EMPTY_SLOT","C:\Users\ELIMSERVER\world-catalogue\elimfilters-vault\91-private-evidence\fram-usa-ld-catalog\fram-usa-ld-full-20260911\products\CA10990.json"
"CA11001","AIR","SKU_COLLISION_EXISTING","EA31001","EA31594","CREATE_OVERFLOW","LEGACY_SLOT_PRESERVED_OVERFLOW","C:\Users\ELIMSERVER\world-catalogue\elimfilters-vault\91-private-evidence\fram-usa-ld-catalog\fram-usa-ld-full-20260911\products\CA11001.json"
"CA11002","AIR","SKU_COLLISION_EXISTING","EA31002","EA33134","CREATE_OVERFLOW","LEGACY_SLOT_PRESERVED_OVERFLOW","C:\Users\ELIMSERVER\world-catalogue\elimfilters-vault\91-private-evidence\fram-usa-ld-catalog\fram-usa-ld-full-20260911\products\CA11002.json"
"CA11003","AIR","INSUFFICIENT_EXISTING","EA31003","","FINAL_QUARANTINE","INSUFFICIENT_EXISTING_EVIDENCE","C:\Users\ELIMSERVER\world-catalogue\elimfilters-vault\91-private-evidence\fram-usa-ld-catalog\fram-usa-ld-full-20260911\products\CA11003.json"
"CA11004","AIR","SKU_COLLISION_EXISTING","EA31004","EA35817","CREATE_OVERFLOW","LEGACY_SLOT_PRESERVED_OVERFLOW","C:\Users\ELIMSERVER\world-catalogue\elimfilters-vault\91-private-evidence\fram-usa-ld-catalog\fram-usa-ld-full-20260911\products\CA11004.json"
"CA11005","AIR","SKU_COLLISION_EXISTING","EA31005","EA38573","CREATE_OVERFLOW","LEGACY_SLOT_PRESERVED_OVERFLOW","C:\Users\ELIMSERVER\world-catalogue\elimfilters-vault\91-private-evidence\fram-usa-ld-catalog\fram-usa-ld-full-20260911\products\CA11005.json"
"CA11006","AIR","SKU_COLLISION_EXISTING","EA31006","EA31006","REPLACE_EMPTY_PLACEHOLDER","SAFE_LEGACY_EMPTY_SLOT","C:\Users\ELIMSERVER\world-catalogue\elimfilters-vault\91-private-evidence\fram-usa-ld-catalog\fram-usa-ld-full-20260911\products\CA11006.json"
"CA11010","AIR","SKU_COLLISION_EXISTING","EA31010","EA31010","REPLACE_EMPTY_PLACEHOLDER","SAFE_LEGACY_EMPTY_SLOT","C:\Users\ELIMSERVER\world-catalogue\elimfilters-vault\91-private-evidence\fram-usa-ld-catalog\fram-usa-ld-full-20260911\products\CA11010.json"
"CA11011","AIR","SKU_COLLISION_EXISTING","EA31011","EA31590","CREATE_OVERFLOW","LEGACY_SLOT_PRESERVED_OVERFLOW","C:\Users\ELIMSERVER\world-catalogue\elimfilters-vault\91-private-evidence\fram-usa-ld-catalog\fram-usa-ld-full-20260911\products\CA11011.json"
"CA11013","AIR","SKU_COLLISION_EXISTING","EA31013","EA33591","CREATE_OVERFLOW","OCCUPIED_SLOT_OVERFLOW","C:\Users\ELIMSERVER\world-catalogue\elimfilters-vault\91-private-evidence\fram-usa-ld-catalog\fram-usa-ld-full-20260911\products\CA11013.json"
"CA11027","AIR","SKU_COLLISION_EXISTING","EA31027","EA35799","CREATE_OVERFLOW","LEGACY_SLOT_PRESERVED_OVERFLOW","C:\Users\ELIMSERVER\world-catalogue\elimfilters-vault\91-private-evidence\fram-usa-ld-catalog\fram-usa-ld-full-20260911\products\CA11027.json"
"CA11030","AIR","SKU_COLLISION_EXISTING","EA31030","EA36975","CREATE_OVERFLOW","LEGACY_SLOT_PRESERVED_OVERFLOW","C:\Users\ELIMSERVER\world-catalogue\elimfilters-vault\91-private-evidence\fram-usa-ld-catalog\fram-usa-ld-full-20260911\products\CA11030.json"
"CA11031","AIR","SKU_COLLISION_EXISTING","EA31031","EA39403","CREATE_OVERFLOW","LEGACY_SLOT_PRESERVED_OVERFLOW","C:\Users\ELIMSERVER\world-catalogue\elimfilters-vault\91-private-evidence\fram-usa-ld-catalog\fram-usa-ld-full-20260911\products\CA11031.json"
"CA11034","AIR","SKU_COLLISION_EXISTING","EA31034","EA33568","CREATE_OVERFLOW","LEGACY_SLOT_PRESERVED_OVERFLOW","C:\Users\ELIMSERVER\world-catalogue\elimfilters-vault\91-private-evidence\fram-usa-ld-catalog\fram-usa-ld-full-20260911\products\CA11034.json"
"CA11041","AIR","SKU_COLLISION_EXISTING","EA31041","EA33063","CREATE_OVERFLOW","LEGACY_SLOT_PRESERVED_OVERFLOW","C:\Users\ELIMSERVER\world-catalogue\elimfilters-vault\91-private-evidence\fram-usa-ld-catalog\fram-usa-ld-full-20260911\products\CA11041.json"
"CA11042","AIR","SKU_COLLISION_EXISTING","EA31042","EA37463","CREATE_OVERFLOW","OCCUPIED_SLOT_OVERFLOW","C:\Users\ELIMSERVER\world-catalogue\elimfilters-vault\91-private-evidence\fram-usa-ld-catalog\fram-usa-ld-full-20260911\products\CA11042.json"
"CA11049","AIR","SKU_COLLISION_EXISTING","EA31049","EA35546","CREATE_OVERFLOW","LEGACY_SLOT_PRESERVED_OVERFLOW","C:\Users\ELIMSERVER\world-catalogue\elimfilters-vault\91-private-evidence\fram-usa-ld-catalog\fram-usa-ld-full-20260911\products\CA11049.json"
"CA11050","AIR","SKU_COLLISION_EXISTING","EA31050","EA31703","CREATE_OVERFLOW","LEGACY_SLOT_PRESERVED_OVERFLOW","C:\Users\ELIMSERVER\world-catalogue\elimfilters-vault\91-private-evidence\fram-usa-ld-catalog\fram-usa-ld-full-20260911\products\CA11050.json"
"CA11053A","AIR","SKU_COLLISION_EXISTING","EA31053","EA31053","REPLACE_EMPTY_PLACEHOLDER","SAFE_LEGACY_EMPTY_SLOT","C:\Users\ELIMSERVER\world-catalogue\elimfilters-vault\91-private-evidence\fram-usa-ld-catalog\fram-usa-ld-full-20260911\products\CA11053A.json"
"CA11054","AIR","INSUFFICIENT_EXISTING","EA31054","","FINAL_QUARANTINE","INSUFFICIENT_EXISTING_EVIDENCE","C:\Users\ELIMSERVER\world-catalogue\elimfilters-vault\91-private-evidence\fram-usa-ld-catalog\fram-usa-ld-full-20260911\products\CA11054.json"
"CA11062","AIR","SKU_COLLISION_EXISTING","EA31062","EA31062","REPLACE_EMPTY_PLACEHOLDER","SAFE_LEGACY_EMPTY_SLOT","C:\Users\ELIMSERVER\world-catalogue\elimfilters-vault\91-private-evidence\fram-usa-ld-catalog\fram-usa-ld-full-20260911\products\CA11062.json"
"CA11109","AIR","SKU_COLLISION_EXISTING","EA31109","EA38056","CREATE_OVERFLOW","LEGACY_SLOT_PRESERVED_OVERFLOW","C:\Users\ELIMSERVER\world-catalogue\elimfilters-vault\91-private-evidence\fram-usa-ld-catalog\fram-usa-ld-full-20260911\products\CA11109.json"
"CA11113","AIR","SKU_COLLISION_EXISTING","EA31113","EA34576","CREATE_OVERFLOW","LEGACY_SLOT_PRESERVED_OVERFLOW","C:\Users\ELIMSERVER\world-catalogue\elimfilters-vault\91-private-evidence\fram-usa-ld-catalog\fram-usa-ld-full-20260911\products\CA11113.json"
"CA11116","AIR","SKU_COLLISION_EXISTING","EA31116","EA30828","CREATE_OVERFLOW","LEGACY_SLOT_PRESERVED_OVERFLOW","C:\Users\ELIMSERVER\world-catalogue\elimfilters-vault\91-private-evidence\fram-usa-ld-catalog\fram-usa-ld-full-20260911\products\CA11116.json"
"CA11118","AIR","SKU_COLLISION_EXISTING","EA31118","EA31118","REPLACE_EMPTY_PLACEHOLDER","SAFE_LEGACY_EMPTY_SLOT","C:\Users\ELIMSERVER\world-catalogue\elimfilters-vault\91-private-evidence\fram-usa-ld-catalog\fram-usa-ld-full-20260911\products\CA11118.json"
"CA11121","AIR","SKU_COLLISION_EXISTING","EA31121","EA39660","CREATE_OVERFLOW","OCCUPIED_SLOT_OVERFLOW","C:\Users\ELIMSERVER\world-catalogue\elimfilters-vault\91-private-evidence\fram-usa-ld-catalog\fram-usa-ld-full-20260911\products\CA11121.json"
"CA11154","AIR","SKU_COLLISION_EXISTING","EA31154","EA31736","CREATE_OVERFLOW","LEGACY_SLOT_PRESERVED_OVERFLOW","C:\Users\ELIMSERVER\world-catalogue\elimfilters-vault\91-private-evidence\fram-usa-ld-catalog\fram-usa-ld-full-20260911\products\CA11154.json"
"CA11170","AIR","SKU_COLLISION_EXISTING","EA31170","EA37315","CREATE_OVERFLOW","LEGACY_SLOT_PRESERVED_OVERFLOW","C:\Users\ELIMSERVER\world-catalogue\elimfilters-vault\91-private-evidence\fram-usa-ld-catalog\fram-usa-ld-full-20260911\products\CA11170.json"
"CA11215","AIR","SKU_COLLISION_EXISTING","EA31215","EA31518","CREATE_OVERFLOW","LEGACY_SLOT_PRESERVED_OVERFLOW","C:\Users\ELIMSERVER\world-catalogue\elimfilters-vault\91-private-evidence\fram-usa-ld-catalog\fram-usa-ld-full-20260911\products\CA11215.json"
"CA11222","AIR","SKU_COLLISION_EXISTING","EA31222","EA31222","REPLACE_EMPTY_PLACEHOLDER","SAFE_LEGACY_EMPTY_SLOT","C:\Users\ELIMSERVER\world-catalogue\elimfilters-vault\91-private-evidence\fram-usa-ld-catalog\fram-usa-ld-full-20260911\products\CA11222.json"
"CA11227","AIR","SKU_COLLISION_EXISTING","EA31227","EA37117","CREATE_OVERFLOW","LEGACY_SLOT_PRESERVED_OVERFLOW","C:\Users\ELIMSERVER\world-catalogue\elimfilters-vault\91-private-evidence\fram-usa-ld-catalog\fram-usa-ld-full-20260911\products\CA11227.json"
"CA11233","AIR","SKU_COLLISION_EXISTING","EA31233","EA39494","CREATE_OVERFLOW","LEGACY_SLOT_PRESERVED_OVERFLOW","C:\Users\ELIMSERVER\world-catalogue\elimfilters-vault\91-private-evidence\fram-usa-ld-catalog\fram-usa-ld-full-20260911\products\CA11233.json"
"CA11250","AIR","SKU_COLLISION_EXISTING","EA31250","EA37891","CREATE_OVERFLOW","LEGACY_SLOT_PRESERVED_OVERFLOW","C:\Users\ELIMSERVER\world-catalogue\elimfilters-vault\91-private-evidence\fram-usa-ld-catalog\fram-usa-ld-full-20260911\products\CA11250.json"
"CA11251","AIR","SKU_COLLISION_EXISTING","EA31251","EA34680","CREATE_OVERFLOW","LEGACY_SLOT_PRESERVED_OVERFLOW","C:\Users\ELIMSERVER\world-catalogue\elimfilters-vault\91-private-evidence\fram-usa-ld-catalog\fram-usa-ld-full-20260911\products\CA11251.json"
"CA11256","AIR","SKU_COLLISION_EXISTING","EA31256","EA38552","CREATE_OVERFLOW","LEGACY_SLOT_PRESERVED_OVERFLOW","C:\Users\ELIMSERVER\world-catalogue\elimfilters-vault\91-private-evidence\fram-usa-ld-catalog\fram-usa-ld-full-20260911\products\CA11256.json"
"CA11257","AIR","SKU_COLLISION_EXISTING","EA31257","EA36307","CREATE_OVERFLOW","LEGACY_SLOT_PRESERVED_OVERFLOW","C:\Users\ELIMSERVER\world-catalogue\elimfilters-vault\91-private-evidence\fram-usa-ld-catalog\fram-usa-ld-full-20260911\products\CA11257.json"
"CA11287","AIR","SKU_COLLISION_EXISTING","EA31287","EA30915","CREATE_OVERFLOW","LEGACY_SLOT_PRESERVED_OVERFLOW","C:\Users\ELIMSERVER\world-catalogue\elimfilters-vault\91-private-evidence\fram-usa-ld-catalog\fram-usa-ld-full-20260911\products\CA11287.json"
"CA11295","AIR","SKU_COLLISION_EXISTING","EA31295","EA31395","CREATE_OVERFLOW","LEGACY_SLOT_PRESERVED_OVERFLOW","C:\Users\ELIMSERVER\world-catalogue\elimfilters-vault\91-private-evidence\fram-usa-ld-catalog\fram-usa-ld-full-20260911\products\CA11295.json"
"CA11295SY","AIR","SKU_COLLISION_EXISTING","EA31295","EA35756","CREATE_OVERFLOW","LEGACY_SLOT_PRESERVED_OVERFLOW","C:\Users\ELIMSERVER\world-catalogue\elimfilters-vault\91-private-evidence\fram-usa-ld-catalog\fram-usa-ld-full-20260911\products\CA11295SY.json"
"CA11305","AIR","SKU_COLLISION_EXISTING","EA31305","EA33362","CREATE_OVERFLOW","OCCUPIED_SLOT_OVERFLOW","C:\Users\ELIMSERVER\world-catalogue\elimfilters-vault\91-private-evidence\fram-usa-ld-catalog\fram-usa-ld-full-20260911\products\CA11305.json"
"CA11345","AIR","SKU_COLLISION_EXISTING","EA31345","EA35714","CREATE_OVERFLOW","LEGACY_SLOT_PRESERVED_OVERFLOW","C:\Users\ELIMSERVER\world-catalogue\elimfilters-vault\91-private-evidence\fram-usa-ld-catalog\fram-usa-ld-full-20260911\products\CA11345.json"
"CA11345SY","AIR","SKU_COLLISION_EXISTING","EA31345","EA31074","CREATE_OVERFLOW","LEGACY_SLOT_PRESERVED_OVERFLOW","C:\Users\ELIMSERVER\world-catalogue\elimfilters-vault\91-private-evidence\fram-usa-ld-catalog\fram-usa-ld-full-20260911\products\CA11345SY.json"
"CA11413","AIR","SKU_COLLISION_EXISTING","EA31413","EA31413","REPLACE_EMPTY_PLACEHOLDER","SAFE_LEGACY_EMPTY_SLOT","C:\Users\ELIMSERVER\world-catalogue\elimfilters-vault\91-private-evidence\fram-usa-ld-catalog\fram-usa-ld-full-20260911\products\CA11413.json"
"CA11420","AIR","SKU_COLLISION_EXISTING","EA31420","EA36888","CREATE_OVERFLOW","LEGACY_SLOT_PRESERVED_OVERFLOW","C:\Users\ELIMSERVER\world-catalogue\elimfilters-vault\91-private-evidence\fram-usa-ld-catalog\fram-usa-ld-full-20260911\products\CA11420.json"
"CA11421","AIR","SKU_COLLISION_EXISTING","EA31421","EA31421","REPLACE_EMPTY_PLACEHOLDER","SAFE_LEGACY_EMPTY_SLOT","C:\Users\ELIMSERVER\world-catalogue\elimfilters-vault\91-private-evidence\fram-usa-ld-catalog\fram-usa-ld-full-20260911\products\CA11421.json"
"CA11422","AIR","SKU_COLLISION_EXISTING","EA31422","EA36026","CREATE_OVERFLOW","LEGACY_SLOT_PRESERVED_OVERFLOW","C:\Users\ELIMSERVER\world-catalogue\elimfilters-vault\91-private-evidence\fram-usa-ld-catalog\fram-usa-ld-full-20260911\products\CA11422.json"
"CA11426","AIR","INSUFFICIENT_EXISTING","EA31426","","FINAL_QUARANTINE","INSUFFICIENT_EXISTING_EVIDENCE","C:\Users\ELIMSERVER\world-catalogue\elimfilters-vault\91-private-evidence\fram-usa-ld-catalog\fram-usa-ld-full-20260911\products\CA11426.json"
"CA11431","AIR","SKU_COLLISION_EXISTING","EA31431","EA39458","CREATE_OVERFLOW","LEGACY_SLOT_PRESERVED_OVERFLOW","C:\Users\ELIMSERVER\world-catalogue\elimfilters-vault\91-private-evidence\fram-usa-ld-catalog\fram-usa-ld-full-20260911\products\CA11431.json"
"CA11450","AIR","SKU_COLLISION_EXISTING","EA31450","EA35819","CREATE_OVERFLOW","LEGACY_SLOT_PRESERVED_OVERFLOW","C:\Users\ELIMSERVER\world-catalogue\elimfilters-vault\91-private-evidence\fram-usa-ld-catalog\fram-usa-ld-full-20260911\products\CA11450.json"
"CA11456","AIR","SKU_COLLISION_EXISTING","EA31456","EA31828","CREATE_OVERFLOW","LEGACY_SLOT_PRESERVED_OVERFLOW","C:\Users\ELIMSERVER\world-catalogue\elimfilters-vault\91-private-evidence\fram-usa-ld-catalog\fram-usa-ld-full-20260911\products\CA11456.json"
"CA11476","AIR","SKU_COLLISION_EXISTING","EA31476","EA31504","CREATE_OVERFLOW","LEGACY_SLOT_PRESERVED_OVERFLOW","C:\Users\ELIMSERVER\world-catalogue\elimfilters-vault\91-private-evidence\fram-usa-ld-catalog\fram-usa-ld-full-20260911\products\CA11476.json"
"CA11480","AIR","SKU_COLLISION_EXISTING","EA31480","EA31479","CREATE_OVERFLOW","LEGACY_SLOT_PRESERVED_OVERFLOW","C:\Users\ELIMSERVER\world-catalogue\elimfilters-vault\91-private-evidence\fram-usa-ld-catalog\fram-usa-ld-full-20260911\products\CA11480.json"
"CA11500","AIR","SKU_COLLISION_EXISTING","EA31500","EA32118","CREATE_OVERFLOW","LEGACY_SLOT_PRESERVED_OVERFLOW","C:\Users\ELIMSERVER\world-catalogue\elimfilters-vault\91-private-evidence\fram-usa-ld-catalog\fram-usa-ld-full-20260911\products\CA11500.json"
"CA11519","AIR","SKU_COLLISION_EXISTING","EA31519","EA30660","CREATE_OVERFLOW","LEGACY_SLOT_PRESERVED_OVERFLOW","C:\Users\ELIMSERVER\world-catalogue\elimfilters-vault\91-private-evidence\fram-usa-ld-catalog\fram-usa-ld-full-20260911\products\CA11519.json"
"CA11541","AIR","SKU_COLLISION_EXISTING","EA31541","EA32426","CREATE_OVERFLOW","LEGACY_SLOT_PRESERVED_OVERFLOW","C:\Users\ELIMSERVER\world-catalogue\elimfilters-vault\91-private-evidence\fram-usa-ld-catalog\fram-usa-ld-full-20260911\products\CA11541.json"
"CA11565","AIR","FRAM_SKU_COLLISION","EA31565","EA39726","CREATE_OVERFLOW","DISTINCT_GROUP_OVERFLOW","C:\Users\ELIMSERVER\world-catalogue\elimfilters-vault\91-private-evidence\fram-usa-ld-catalog\fram-usa-ld-full-20260911\products\CA11565.json"
"CA11581SY","AIR","SKU_COLLISION_EXISTING","EA31581","EA38030","CREATE_OVERFLOW","LEGACY_SLOT_PRESERVED_OVERFLOW","C:\Users\ELIMSERVER\world-catalogue\elimfilters-vault\91-private-evidence\fram-usa-ld-catalog\fram-usa-ld-full-20260911\products\CA11581SY.json"
"CA11608","AIR","SKU_COLLISION_EXISTING","EA31608","EA31608","REPLACE_EMPTY_PLACEHOLDER","SAFE_LEGACY_EMPTY_SLOT","C:\Users\ELIMSERVER\world-catalogue\elimfilters-vault\91-private-evidence\fram-usa-ld-catalog\fram-usa-ld-full-20260911\products\CA11608.json"
"CA11759","AIR","SKU_COLLISION_EXISTING","EA31759","EA30815","CREATE_OVERFLOW","LEGACY_SLOT_PRESERVED_OVERFLOW","C:\Users\ELIMSERVER\world-catalogue\elimfilters-vault\91-private-evidence\fram-usa-ld-catalog\fram-usa-ld-full-20260911\products\CA11759.json"
"CA11861","AIR","SKU_COLLISION_EXISTING","EA31861","EA39888","CREATE_OVERFLOW","LEGACY_SLOT_PRESERVED_OVERFLOW","C:\Users\ELIMSERVER\world-catalogue\elimfilters-vault\91-private-evidence\fram-usa-ld-catalog\fram-usa-ld-full-20260911\products\CA11861.json"
"CA11877","AIR","SKU_COLLISION_EXISTING","EA31877","EA35741","CREATE_OVERFLOW","LEGACY_SLOT_PRESERVED_OVERFLOW","C:\Users\ELIMSERVER\world-catalogue\elimfilters-vault\91-private-evidence\fram-usa-ld-catalog\fram-usa-ld-full-20260911\products\CA11877.json"
"CA11895","AIR","SKU_COLLISION_EXISTING","EA31895","EA32271","CREATE_OVERFLOW","LEGACY_SLOT_PRESERVED_OVERFLOW","C:\Users\ELIMSERVER\world-catalogue\elimfilters-vault\91-private-evidence\fram-usa-ld-catalog\fram-usa-ld-full-20260911\products\CA11895.json"
"CA11940","AIR","SKU_COLLISION_EXISTING","EA31940","EA31940","REPLACE_EMPTY_PLACEHOLDER","SAFE_LEGACY_EMPTY_SLOT","C:\Users\ELIMSERVER\world-catalogue\elimfilters-vault\91-private-evidence\fram-usa-ld-catalog\fram-usa-ld-full-20260911\products\CA11940.json"
"CA11941","AIR","SKU_COLLISION_EXISTING","EA31941","EA31941","REPLACE_EMPTY_PLACEHOLDER","SAFE_LEGACY_EMPTY_SLOT","C:\Users\ELIMSERVER\world-catalogue\elimfilters-vault\91-private-evidence\fram-usa-ld-catalog\fram-usa-ld-full-20260911\products\CA11941.json"
"CA11942","AIR","SKU_COLLISION_EXISTING","EA31942","EA39946","CREATE_OVERFLOW","LEGACY_SLOT_PRESERVED_OVERFLOW","C:\Users\ELIMSERVER\world-catalogue\elimfilters-vault\91-private-evidence\fram-usa-ld-catalog\fram-usa-ld-full-20260911\products\CA11942.json"
"CA11945","AIR","SKU_COLLISION_EXISTING","EA31945","EA34936","CREATE_OVERFLOW","LEGACY_SLOT_PRESERVED_OVERFLOW","C:\Users\ELIMSERVER\world-catalogue\elimfilters-vault\91-private-evidence\fram-usa-ld-catalog\fram-usa-ld-full-20260911\products\CA11945.json"
"CA11952","AIR","SKU_COLLISION_EXISTING","EA31952","EA31615","CREATE_OVERFLOW","OCCUPIED_SLOT_OVERFLOW","C:\Users\ELIMSERVER\world-catalogue\elimfilters-vault\91-private-evidence\fram-usa-ld-catalog\fram-usa-ld-full-20260911\products\CA11952.json"
"CA12050","AIR","SKU_COLLISION_EXISTING","EA32050","EA31576","CREATE_OVERFLOW","LEGACY_SLOT_PRESERVED_OVERFLOW","C:\Users\ELIMSERVER\world-catalogue\elimfilters-vault\91-private-evidence\fram-usa-ld-catalog\fram-usa-ld-full-20260911\products\CA12050.json"
"CA12051","AIR","SKU_COLLISION_EXISTING","EA32051","EA32051","REPLACE_EMPTY_PLACEHOLDER","SAFE_LEGACY_EMPTY_SLOT","C:\Users\ELIMSERVER\world-catalogue\elimfilters-vault\91-private-evidence\fram-usa-ld-catalog\fram-usa-ld-full-20260911\products\CA12051.json"
"CA12052","AIR","SKU_COLLISION_EXISTING","EA32052","EA32052","REPLACE_EMPTY_PLACEHOLDER","SAFE_LEGACY_EMPTY_SLOT","C:\Users\ELIMSERVER\world-catalogue\elimfilters-vault\91-private-evidence\fram-usa-ld-catalog\fram-usa-ld-full-20260911\products\CA12052.json"
"CA12057","AIR","SKU_COLLISION_EXISTING","EA32057","EA37602","CREATE_OVERFLOW","LEGACY_SLOT_PRESERVED_OVERFLOW","C:\Users\ELIMSERVER\world-catalogue\elimfilters-vault\91-private-evidence\fram-usa-ld-catalog\fram-usa-ld-full-20260911\products\CA12057.json"
"CA12061","AIR","SKU_COLLISION_EXISTING","EA32061","EA39651","CREATE_OVERFLOW","OCCUPIED_SLOT_OVERFLOW","C:\Users\ELIMSERVER\world-catalogue\elimfilters-vault\91-private-evidence\fram-usa-ld-catalog\fram-usa-ld-full-20260911\products\CA12061.json"
"CA12062","AIR","SKU_COLLISION_EXISTING","EA32062","EA38764","CREATE_OVERFLOW","LEGACY_SLOT_PRESERVED_OVERFLOW","C:\Users\ELIMSERVER\world-catalogue\elimfilters-vault\91-private-evidence\fram-usa-ld-catalog\fram-usa-ld-full-20260911\products\CA12062.json"
"CA12064","AIR","SKU_COLLISION_EXISTING","EA32064","EA32064","REPLACE_EMPTY_PLACEHOLDER","SAFE_LEGACY_EMPTY_SLOT","C:\Users\ELIMSERVER\world-catalogue\elimfilters-vault\91-private-evidence\fram-usa-ld-catalog\fram-usa-ld-full-20260911\products\CA12064.json"
"CA12065","AIR","SKU_COLLISION_EXISTING","EA32065","EA32189","CREATE_OVERFLOW","LEGACY_SLOT_PRESERVED_OVERFLOW","C:\Users\ELIMSERVER\world-catalogue\elimfilters-vault\91-private-evidence\fram-usa-ld-catalog\fram-usa-ld-full-20260911\products\CA12065.json"
"CA12071","AIR","SKU_COLLISION_EXISTING","EA32071","EA35383","CREATE_OVERFLOW","LEGACY_SLOT_PRESERVED_OVERFLOW","C:\Users\ELIMSERVER\world-catalogue\elimfilters-vault\91-private-evidence\fram-usa-ld-catalog\fram-usa-ld-full-20260911\products\CA12071.json"
"CA12072","AIR","SKU_COLLISION_EXISTING","EA32072","EA32072","REPLACE_EMPTY_PLACEHOLDER","SAFE_LEGACY_EMPTY_SLOT","C:\Users\ELIMSERVER\world-catalogue\elimfilters-vault\91-private-evidence\fram-usa-ld-catalog\fram-usa-ld-full-20260911\products\CA12072.json"
"CA12085","AIR","SKU_COLLISION_EXISTING","EA32085","EA32085","REPLACE_EMPTY_PLACEHOLDER","SAFE_LEGACY_EMPTY_SLOT","C:\Users\ELIMSERVER\world-catalogue\elimfilters-vault\91-private-evidence\fram-usa-ld-catalog\fram-usa-ld-full-20260911\products\CA12085.json"
"CA12112","AIR","SKU_COLLISION_EXISTING","EA32112","EA30509","CREATE_OVERFLOW","OCCUPIED_SLOT_OVERFLOW","C:\Users\ELIMSERVER\world-catalogue\elimfilters-vault\91-private-evidence\fram-usa-ld-catalog\fram-usa-ld-full-20260911\products\CA12112.json"
"CA122","AIR","SKU_COLLISION_EXISTING","EA30122","EA36524","CREATE_OVERFLOW","OCCUPIED_SLOT_OVERFLOW","C:\Users\ELIMSERVER\world-catalogue\elimfilters-vault\91-private-evidence\fram-usa-ld-catalog\fram-usa-ld-full-20260911\products\CA122.json"
"CA12260","AIR","SKU_COLLISION_EXISTING","EA32260","EA37756","CREATE_OVERFLOW","LEGACY_SLOT_PRESERVED_OVERFLOW","C:\Users\ELIMSERVER\world-catalogue\elimfilters-vault\91-private-evidence\fram-usa-ld-catalog\fram-usa-ld-full-20260911\products\CA12260.json"
"CA12290","AIR","SKU_COLLISION_EXISTING","EA32290","EA39819","CREATE_OVERFLOW","OCCUPIED_SLOT_OVERFLOW","C:\Users\ELIMSERVER\world-catalogue\elimfilters-vault\91-private-evidence\fram-usa-ld-catalog\fram-usa-ld-full-20260911\products\CA12290.json"
"CA12293","AIR","SKU_COLLISION_EXISTING","EA32293","EA34552","CREATE_OVERFLOW","LEGACY_SLOT_PRESERVED_OVERFLOW","C:\Users\ELIMSERVER\world-catalogue\elimfilters-vault\91-private-evidence\fram-usa-ld-catalog\fram-usa-ld-full-20260911\products\CA12293.json"
"CA12295","AIR","SKU_COLLISION_EXISTING","EA32295","EA34119","CREATE_OVERFLOW","LEGACY_SLOT_PRESERVED_OVERFLOW","C:\Users\ELIMSERVER\world-catalogue\elimfilters-vault\91-private-evidence\fram-usa-ld-catalog\fram-usa-ld-full-20260911\products\CA12295.json"
"CA12315","AIR","SKU_COLLISION_EXISTING","EA32315","EA32315","REPLACE_EMPTY_PLACEHOLDER","SAFE_LEGACY_EMPTY_SLOT","C:\Users\ELIMSERVER\world-catalogue\elimfilters-vault\91-private-evidence\fram-usa-ld-catalog\fram-usa-ld-full-20260911\products\CA12315.json"
"CA12368","AIR","SKU_COLLISION_EXISTING","EA32368","EA37932","CREATE_OVERFLOW","LEGACY_SLOT_PRESERVED_OVERFLOW","C:\Users\ELIMSERVER\world-catalogue\elimfilters-vault\91-private-evidence\fram-usa-ld-catalog\fram-usa-ld-full-20260911\products\CA12368.json"
"CA12371","AIR","SKU_COLLISION_EXISTING","EA32371","EA39649","CREATE_OVERFLOW","OCCUPIED_SLOT_OVERFLOW","C:\Users\ELIMSERVER\world-catalogue\elimfilters-vault\91-private-evidence\fram-usa-ld-catalog\fram-usa-ld-full-20260911\products\CA12371.json"
"CA12372","AIR","SKU_COLLISION_EXISTING","EA32372","EA34753","CREATE_OVERFLOW","LEGACY_SLOT_PRESERVED_OVERFLOW","C:\Users\ELIMSERVER\world-catalogue\elimfilters-vault\91-private-evidence\fram-usa-ld-catalog\fram-usa-ld-full-20260911\products\CA12372.json"
"CA12376","AIR","SKU_COLLISION_EXISTING","EA32376","EA30289","CREATE_OVERFLOW","LEGACY_SLOT_PRESERVED_OVERFLOW","C:\Users\ELIMSERVER\world-catalogue\elimfilters-vault\91-private-evidence\fram-usa-ld-catalog\fram-usa-ld-full-20260911\products\CA12376.json"
"CA12404","AIR","SKU_COLLISION_EXISTING","EA32404","EA33262","CREATE_OVERFLOW","LEGACY_SLOT_PRESERVED_OVERFLOW","C:\Users\ELIMSERVER\world-catalogue\elimfilters-vault\91-private-evidence\fram-usa-ld-catalog\fram-usa-ld-full-20260911\products\CA12404.json"
"CA124A","AIR","SKU_COLLISION_EXISTING","EA30124","EA39390","CREATE_OVERFLOW","OCCUPIED_SLOT_OVERFLOW","C:\Users\ELIMSERVER\world-catalogue\elimfilters-vault\91-private-evidence\fram-usa-ld-catalog\fram-usa-ld-full-20260911\products\CA124A.json"
"CA12535","AIR","SKU_COLLISION_EXISTING","EA32535","EA30993","CREATE_OVERFLOW","LEGACY_SLOT_PRESERVED_OVERFLOW","C:\Users\ELIMSERVER\world-catalogue\elimfilters-vault\91-private-evidence\fram-usa-ld-catalog\fram-usa-ld-full-20260911\products\CA12535.json"
"CA12619","AIR","SKU_COLLISION_EXISTING","EA32619","EA30095","CREATE_OVERFLOW","LEGACY_SLOT_PRESERVED_OVERFLOW","C:\Users\ELIMSERVER\world-catalogue\elimfilters-vault\91-private-evidence\fram-usa-ld-catalog\fram-usa-ld-full-20260911\products\CA12619.json"
"CA12666","AIR","SKU_COLLISION_EXISTING","EA32666","EA32266","CREATE_OVERFLOW","LEGACY_SLOT_PRESERVED_OVERFLOW","C:\Users\ELIMSERVER\world-catalogue\elimfilters-vault\91-private-evidence\fram-usa-ld-catalog\fram-usa-ld-full-20260911\products\CA12666.json"
"CA12668","AIR","SKU_COLLISION_EXISTING","EA32668","EA33182","CREATE_OVERFLOW","OCCUPIED_SLOT_OVERFLOW","C:\Users\ELIMSERVER\world-catalogue\elimfilters-vault\91-private-evidence\fram-usa-ld-catalog\fram-usa-ld-full-20260911\products\CA12668.json"
"CA12841","AIR","SKU_COLLISION_EXISTING","EA32841","EA37058","CREATE_OVERFLOW","LEGACY_SLOT_PRESERVED_OVERFLOW","C:\Users\ELIMSERVER\world-catalogue\elimfilters-vault\91-private-evidence\fram-usa-ld-catalog\fram-usa-ld-full-20260911\products\CA12841.json"
"CA12863","AIR","SKU_COLLISION_EXISTING","EA32863","EA39351","CREATE_OVERFLOW","OCCUPIED_SLOT_OVERFLOW","C:\Users\ELIMSERVER\world-catalogue\elimfilters-vault\91-private-evidence\fram-usa-ld-catalog\fram-usa-ld-full-20260911\products\CA12863.json"
"CA12868","AIR","SKU_COLLISION_EXISTING","EA32868","EA33408","CREATE_OVERFLOW","LEGACY_SLOT_PRESERVED_OVERFLOW","C:\Users\ELIMSERVER\world-catalogue\elimfilters-vault\91-private-evidence\fram-usa-ld-catalog\fram-usa-ld-full-20260911\products\CA12868.json"
"CA12878","AIR","SKU_COLLISION_EXISTING","EA32878","EA39914","CREATE_OVERFLOW","LEGACY_SLOT_PRESERVED_OVERFLOW","C:\Users\ELIMSERVER\world-catalogue\elimfilters-vault\91-private-evidence\fram-usa-ld-catalog\fram-usa-ld-full-20260911\products\CA12878.json"
"CA12879","AIR","SKU_COLLISION_EXISTING","EA32879","EA30747","CREATE_OVERFLOW","LEGACY_SLOT_PRESERVED_OVERFLOW","C:\Users\ELIMSERVER\world-catalogue\elimfilters-vault\91-private-evidence\fram-usa-ld-catalog\fram-usa-ld-full-20260911\products\CA12879.json"
"CA12931","AIR","SKU_COLLISION_EXISTING","EA32931","EA37757","CREATE_OVERFLOW","LEGACY_SLOT_PRESERVED_OVERFLOW","C:\Users\ELIMSERVER\world-catalogue\elimfilters-vault\91-private-evidence\fram-usa-ld-catalog\fram-usa-ld-full-20260911\products\CA12931.json"
"CA12934","AIR","SKU_COLLISION_EXISTING","EA32934","EA39897","CREATE_OVERFLOW","LEGACY_SLOT_PRESERVED_OVERFLOW","C:\Users\ELIMSERVER\world-catalogue\elimfilters-vault\91-private-evidence\fram-usa-ld-catalog\fram-usa-ld-full-20260911\products\CA12934.json"
"CA12940","AIR","SKU_COLLISION_EXISTING","EA32940","EA39805","CREATE_OVERFLOW","LEGACY_SLOT_PRESERVED_OVERFLOW","C:\Users\ELIMSERVER\world-catalogue\elimfilters-vault\91-private-evidence\fram-usa-ld-catalog\fram-usa-ld-full-20260911\products\CA12940.json"
"CA12941","AIR","SKU_COLLISION_EXISTING","EA32941","EA33167","CREATE_OVERFLOW","LEGACY_SLOT_PRESERVED_OVERFLOW","C:\Users\ELIMSERVER\world-catalogue\elimfilters-vault\91-private-evidence\fram-usa-ld-catalog\fram-usa-ld-full-20260911\products\CA12941.json"
"CA12952","AIR","SKU_COLLISION_EXISTING","EA32952","EA37499","CREATE_OVERFLOW","LEGACY_SLOT_PRESERVED_OVERFLOW","C:\Users\ELIMSERVER\world-catalogue\elimfilters-vault\91-private-evidence\fram-usa-ld-catalog\fram-usa-ld-full-20260911\products\CA12952.json"
"CA12953","AIR","SKU_COLLISION_EXISTING","EA32953","EA36329","CREATE_OVERFLOW","OCCUPIED_SLOT_OVERFLOW","C:\Users\ELIMSERVER\world-catalogue\elimfilters-vault\91-private-evidence\fram-usa-ld-catalog\fram-usa-ld-full-20260911\products\CA12953.json"
"CA12954","AIR","SKU_COLLISION_EXISTING","EA32954","EA36034","CREATE_OVERFLOW","OCCUPIED_SLOT_OVERFLOW","C:\Users\ELIMSERVER\world-catalogue\elimfilters-vault\91-private-evidence\fram-usa-ld-catalog\fram-usa-ld-full-20260911\products\CA12954.json"
"CA12987","AIR","SKU_COLLISION_EXISTING","EA32987","EA31316","CREATE_OVERFLOW","LEGACY_SLOT_PRESERVED_OVERFLOW","C:\Users\ELIMSERVER\world-catalogue\elimfilters-vault\91-private-evidence\fram-usa-ld-catalog\fram-usa-ld-full-20260911\products\CA12987.json"
"CA136","AIR","SKU_COLLISION_EXISTING","EA30136","EA30136","REPLACE_EMPTY_PLACEHOLDER","SAFE_LEGACY_EMPTY_SLOT","C:\Users\ELIMSERVER\world-catalogue\elimfilters-vault\91-private-evidence\fram-usa-ld-catalog\fram-usa-ld-full-20260911\products\CA136.json"
"CA148","AIR","SKU_COLLISION_EXISTING","EA30148","EA35270","CREATE_OVERFLOW","LEGACY_SLOT_PRESERVED_OVERFLOW","C:\Users\ELIMSERVER\world-catalogue\elimfilters-vault\91-private-evidence\fram-usa-ld-catalog\fram-usa-ld-full-20260911\products\CA148.json"
"CA15","AIR","SKU_COLLISION_EXISTING","EA30015","EA31755","CREATE_OVERFLOW","LEGACY_SLOT_PRESERVED_OVERFLOW","C:\Users\ELIMSERVER\world-catalogue\elimfilters-vault\91-private-evidence\fram-usa-ld-catalog\fram-usa-ld-full-20260911\products\CA15.json"
"CA151","AIR","SKU_COLLISION_EXISTING","EA30151","EA36526","CREATE_OVERFLOW","LEGACY_SLOT_PRESERVED_OVERFLOW","C:\Users\ELIMSERVER\world-catalogue\elimfilters-vault\91-private-evidence\fram-usa-ld-catalog\fram-usa-ld-full-20260911\products\CA151.json"
"CA1514","AIR","FRAM_SKU_COLLISION","EA31514","","FINAL_QUARANTINE","FRAM_COLLISION_NOT_PROVEN_DISTINCT","C:\Users\ELIMSERVER\world-catalogue\elimfilters-vault\91-private-evidence\fram-usa-ld-catalog\fram-usa-ld-full-20260911\products\CA1514.json"
"CA1514SY","AIR","FRAM_SKU_COLLISION","EA31514","","FINAL_QUARANTINE","FRAM_COLLISION_NOT_PROVEN_DISTINCT","C:\Users\ELIMSERVER\world-catalogue\elimfilters-vault\91-private-evidence\fram-usa-ld-catalog\fram-usa-ld-full-20260911\products\CA1514SY.json"
"CA1519","AIR","SKU_COLLISION_EXISTING","EA31519","EA30506","CREATE_OVERFLOW","LEGACY_SLOT_PRESERVED_OVERFLOW","C:\Users\ELIMSERVER\world-catalogue\elimfilters-vault\91-private-evidence\fram-usa-ld-catalog\fram-usa-ld-full-20260911\products\CA1519.json"
"CA1531SY","AIR","SKU_COLLISION_EXISTING","EA31531","EA35579","CREATE_OVERFLOW","OCCUPIED_SLOT_OVERFLOW","C:\Users\ELIMSERVER\world-catalogue\elimfilters-vault\91-private-evidence\fram-usa-ld-catalog\fram-usa-ld-full-20260911\products\CA1531SY.json"
"CA1532SY","AIR","SKU_COLLISION_EXISTING","EA31532","EA36609","CREATE_OVERFLOW","LEGACY_SLOT_PRESERVED_OVERFLOW","C:\Users\ELIMSERVER\world-catalogue\elimfilters-vault\91-private-evidence\fram-usa-ld-catalog\fram-usa-ld-full-20260911\products\CA1532SY.json"
"CA1537","AIR","SKU_COLLISION_EXISTING","EA31537","EA32185","CREATE_OVERFLOW","OCCUPIED_SLOT_OVERFLOW","C:\Users\ELIMSERVER\world-catalogue\elimfilters-vault\91-private-evidence\fram-usa-ld-catalog\fram-usa-ld-full-20260911\products\CA1537.json"
"CA1543","AIR","FRAM_SKU_COLLISION","EA31543","EA31543","CREATE_STANDARD","DISTINCT_GROUP_CANONICAL_STANDARD_SLOT","C:\Users\ELIMSERVER\world-catalogue\elimfilters-vault\91-private-evidence\fram-usa-ld-catalog\fram-usa-ld-full-20260911\products\CA1543.json"
"CA1543SY","AIR","FRAM_SKU_COLLISION","EA31543","EA33648","CREATE_OVERFLOW","DISTINCT_GROUP_OVERFLOW","C:\Users\ELIMSERVER\world-catalogue\elimfilters-vault\91-private-evidence\fram-usa-ld-catalog\fram-usa-ld-full-20260911\products\CA1543SY.json"
"CA1550","AIR","SKU_COLLISION_EXISTING","EA31550","EA31550","REPLACE_EMPTY_PLACEHOLDER","SAFE_LEGACY_EMPTY_SLOT","C:\Users\ELIMSERVER\world-catalogue\elimfilters-vault\91-private-evidence\fram-usa-ld-catalog\fram-usa-ld-full-20260911\products\CA1550.json"
"CA1562","AIR","SKU_COLLISION_EXISTING","EA31562","EA39950","CREATE_OVERFLOW","LEGACY_SLOT_PRESERVED_OVERFLOW","C:\Users\ELIMSERVER\world-catalogue\elimfilters-vault\91-private-evidence\fram-usa-ld-catalog\fram-usa-ld-full-20260911\products\CA1562.json"
"CA1562SY","AIR","SKU_COLLISION_EXISTING","EA31562","EA35539","CREATE_OVERFLOW","LEGACY_SLOT_PRESERVED_OVERFLOW","C:\Users\ELIMSERVER\world-catalogue\elimfilters-vault\91-private-evidence\fram-usa-ld-catalog\fram-usa-ld-full-20260911\products\CA1562SY.json"
"CA1565","AIR","FRAM_SKU_COLLISION","EA31565","EA31565","CREATE_STANDARD","DISTINCT_GROUP_CANONICAL_STANDARD_SLOT","C:\Users\ELIMSERVER\world-catalogue\elimfilters-vault\91-private-evidence\fram-usa-ld-catalog\fram-usa-ld-full-20260911\products\CA1565.json"
"CA1574","AIR","SKU_COLLISION_EXISTING","EA31574","EA35305","CREATE_OVERFLOW","LEGACY_SLOT_PRESERVED_OVERFLOW","C:\Users\ELIMSERVER\world-catalogue\elimfilters-vault\91-private-evidence\fram-usa-ld-catalog\fram-usa-ld-full-20260911\products\CA1574.json"
"CA1580ASY","AIR","SKU_COLLISION_EXISTING","EA31580","EA30964","CREATE_OVERFLOW","LEGACY_SLOT_PRESERVED_OVERFLOW","C:\Users\ELIMSERVER\world-catalogue\elimfilters-vault\91-private-evidence\fram-usa-ld-catalog\fram-usa-ld-full-20260911\products\CA1580ASY.json"
"CA1581","AIR","SKU_COLLISION_EXISTING","EA31581","EA39809","CREATE_OVERFLOW","LEGACY_SLOT_PRESERVED_OVERFLOW","C:\Users\ELIMSERVER\world-catalogue\elimfilters-vault\91-private-evidence\fram-usa-ld-catalog\fram-usa-ld-full-20260911\products\CA1581.json"
"CA1588","AIR","SKU_COLLISION_EXISTING","EA31588","EA33036","CREATE_OVERFLOW","LEGACY_SLOT_PRESERVED_OVERFLOW","C:\Users\ELIMSERVER\world-catalogue\elimfilters-vault\91-private-evidence\fram-usa-ld-catalog\fram-usa-ld-full-20260911\products\CA1588.json"
"CA1588SY","AIR","SKU_COLLISION_EXISTING","EA31588","EA33247","CREATE_OVERFLOW","LEGACY_SLOT_PRESERVED_OVERFLOW","C:\Users\ELIMSERVER\world-catalogue\elimfilters-vault\91-private-evidence\fram-usa-ld-catalog\fram-usa-ld-full-20260911\products\CA1588SY.json"
"CA159","AIR","FRAM_SKU_COLLISION","EA30159","EA30159","CREATE_STANDARD","DISTINCT_GROUP_CANONICAL_STANDARD_SLOT","C:\Users\ELIMSERVER\world-catalogue\elimfilters-vault\91-private-evidence\fram-usa-ld-catalog\fram-usa-ld-full-20260911\products\CA159.json"
"CA1591","AIR","SKU_COLLISION_EXISTING","EA31591","EA33923","CREATE_OVERFLOW","LEGACY_SLOT_PRESERVED_OVERFLOW","C:\Users\ELIMSERVER\world-catalogue\elimfilters-vault\91-private-evidence\fram-usa-ld-catalog\fram-usa-ld-full-20260911\products\CA1591.json"
"CA1592","AIR","SKU_COLLISION_EXISTING","EA31592","EA34417","CREATE_OVERFLOW","LEGACY_SLOT_PRESERVED_OVERFLOW","C:\Users\ELIMSERVER\world-catalogue\elimfilters-vault\91-private-evidence\fram-usa-ld-catalog\fram-usa-ld-full-20260911\products\CA1592.json"
"CA1596","AIR","SKU_COLLISION_EXISTING","EA31596","EA39699","CREATE_OVERFLOW","OCCUPIED_SLOT_OVERFLOW","C:\Users\ELIMSERVER\world-catalogue\elimfilters-vault\91-private-evidence\fram-usa-ld-catalog\fram-usa-ld-full-20260911\products\CA1596.json"
"CA162","AIR","FRAM_SKU_COLLISION","EA30162","","FINAL_QUARANTINE","FRAM_COLLISION_NOT_PROVEN_DISTINCT","C:\Users\ELIMSERVER\world-catalogue\elimfilters-vault\91-private-evidence\fram-usa-ld-catalog\fram-usa-ld-full-20260911\products\CA162.json"
"CA187","AIR","SKU_COLLISION_EXISTING","EA30187","EA35179","CREATE_OVERFLOW","LEGACY_SLOT_PRESERVED_OVERFLOW","C:\Users\ELIMSERVER\world-catalogue\elimfilters-vault\91-private-evidence\fram-usa-ld-catalog\fram-usa-ld-full-20260911\products\CA187.json"
"CA189","AIR","SKU_COLLISION_EXISTING","EA30189","EA31026","CREATE_OVERFLOW","LEGACY_SLOT_PRESERVED_OVERFLOW","C:\Users\ELIMSERVER\world-catalogue\elimfilters-vault\91-private-evidence\fram-usa-ld-catalog\fram-usa-ld-full-20260911\products\CA189.json"
"CA192","AIR","FRAM_SKU_COLLISION","EA30192","EA30192","CREATE_STANDARD","DISTINCT_GROUP_CANONICAL_STANDARD_SLOT","C:\Users\ELIMSERVER\world-catalogue\elimfilters-vault\91-private-evidence\fram-usa-ld-catalog\fram-usa-ld-full-20260911\products\CA192.json"
"CA198","AIR","SKU_COLLISION_EXISTING","EA30198","EA38066","CREATE_OVERFLOW","LEGACY_SLOT_PRESERVED_OVERFLOW","C:\Users\ELIMSERVER\world-catalogue\elimfilters-vault\91-private-evidence\fram-usa-ld-catalog\fram-usa-ld-full-20260911\products\CA198.json"
"CA21","AIR","SKU_COLLISION_EXISTING","EA30021","EA31403","CREATE_OVERFLOW","LEGACY_SLOT_PRESERVED_OVERFLOW","C:\Users\ELIMSERVER\world-catalogue\elimfilters-vault\91-private-evidence\fram-usa-ld-catalog\fram-usa-ld-full-20260911\products\CA21.json"
"CA228","AIR","FRAM_SKU_COLLISION","EA30228","EA30228","CREATE_STANDARD","DISTINCT_GROUP_CANONICAL_STANDARD_SLOT","C:\Users\ELIMSERVER\world-catalogue\elimfilters-vault\91-private-evidence\fram-usa-ld-catalog\fram-usa-ld-full-20260911\products\CA228.json"
"CA232","AIR","SKU_COLLISION_EXISTING","EA30232","EA30232","REPLACE_EMPTY_PLACEHOLDER","SAFE_LEGACY_EMPTY_SLOT","C:\Users\ELIMSERVER\world-catalogue\elimfilters-vault\91-private-evidence\fram-usa-ld-catalog\fram-usa-ld-full-20260911\products\CA232.json"
"CA240","AIR","SKU_COLLISION_EXISTING","EA30240","EA35542","CREATE_OVERFLOW","LEGACY_SLOT_PRESERVED_OVERFLOW","C:\Users\ELIMSERVER\world-catalogue\elimfilters-vault\91-private-evidence\fram-usa-ld-catalog\fram-usa-ld-full-20260911\products\CA240.json"
"CA240PLHD","AIR","SKU_COLLISION_EXISTING","EA30240","EA38042","CREATE_OVERFLOW","LEGACY_SLOT_PRESERVED_OVERFLOW","C:\Users\ELIMSERVER\world-catalogue\elimfilters-vault\91-private-evidence\fram-usa-ld-catalog\fram-usa-ld-full-20260911\products\CA240PLHD.json"
"CA2512SY","AIR","SKU_COLLISION_EXISTING","EA32512","EA31193","CREATE_OVERFLOW","LEGACY_SLOT_PRESERVED_OVERFLOW","C:\Users\ELIMSERVER\world-catalogue\elimfilters-vault\91-private-evidence\fram-usa-ld-catalog\fram-usa-ld-full-20260911\products\CA2512SY.json"
"CA2517","AIR","SKU_COLLISION_EXISTING","EA32517","EA35080","CREATE_OVERFLOW","LEGACY_SLOT_PRESERVED_OVERFLOW","C:\Users\ELIMSERVER\world-catalogue\elimfilters-vault\91-private-evidence\fram-usa-ld-catalog\fram-usa-ld-full-20260911\products\CA2517.json"
"CA2519","AIR","SKU_COLLISION_EXISTING","EA32519","EA36903","CREATE_OVERFLOW","LEGACY_SLOT_PRESERVED_OVERFLOW","C:\Users\ELIMSERVER\world-catalogue\elimfilters-vault\91-private-evidence\fram-usa-ld-catalog\fram-usa-ld-full-20260911\products\CA2519.json"
"CA2519SY","AIR","SKU_COLLISION_EXISTING","EA32519","EA31346","CREATE_OVERFLOW","LEGACY_SLOT_PRESERVED_OVERFLOW","C:\Users\ELIMSERVER\world-catalogue\elimfilters-vault\91-private-evidence\fram-usa-ld-catalog\fram-usa-ld-full-20260911\products\CA2519SY.json"
"CA252","AIR","SKU_COLLISION_EXISTING","EA30252","EA30252","REPLACE_EMPTY_PLACEHOLDER","SAFE_LEGACY_EMPTY_SLOT","C:\Users\ELIMSERVER\world-catalogue\elimfilters-vault\91-private-evidence\fram-usa-ld-catalog\fram-usa-ld-full-20260911\products\CA252.json"
"CA2520","AIR","SKU_COLLISION_EXISTING","EA32520","EA39127","CREATE_OVERFLOW","LEGACY_SLOT_PRESERVED_OVERFLOW","C:\Users\ELIMSERVER\world-catalogue\elimfilters-vault\91-private-evidence\fram-usa-ld-catalog\fram-usa-ld-full-20260911\products\CA2520.json"
"CA2522","AIR","FRAM_SKU_COLLISION","EA32522","","FINAL_QUARANTINE","FRAM_COLLISION_NOT_PROVEN_DISTINCT","C:\Users\ELIMSERVER\world-catalogue\elimfilters-vault\91-private-evidence\fram-usa-ld-catalog\fram-usa-ld-full-20260911\products\CA2522.json"
"CA2522SY","AIR","FRAM_SKU_COLLISION","EA32522","","FINAL_QUARANTINE","FRAM_COLLISION_NOT_PROVEN_DISTINCT","C:\Users\ELIMSERVER\world-catalogue\elimfilters-vault\91-private-evidence\fram-usa-ld-catalog\fram-usa-ld-full-20260911\products\CA2522SY.json"
"CA2541","AIR","SKU_COLLISION_EXISTING","EA32541","EA32682","CREATE_OVERFLOW","LEGACY_SLOT_PRESERVED_OVERFLOW","C:\Users\ELIMSERVER\world-catalogue\elimfilters-vault\91-private-evidence\fram-usa-ld-catalog\fram-usa-ld-full-20260911\products\CA2541.json"
"CA2542","AIR","SKU_COLLISION_EXISTING","EA32542","EA34986","CREATE_OVERFLOW","LEGACY_SLOT_PRESERVED_OVERFLOW","C:\Users\ELIMSERVER\world-catalogue\elimfilters-vault\91-private-evidence\fram-usa-ld-catalog\fram-usa-ld-full-20260911\products\CA2542.json"
"CA2548","AIR","SKU_COLLISION_EXISTING","EA32548","EA30592","CREATE_OVERFLOW","LEGACY_SLOT_PRESERVED_OVERFLOW","C:\Users\ELIMSERVER\world-catalogue\elimfilters-vault\91-private-evidence\fram-usa-ld-catalog\fram-usa-ld-full-20260911\products\CA2548.json"
"CA2548SY","AIR","SKU_COLLISION_EXISTING","EA32548","EA39615","CREATE_OVERFLOW","LEGACY_SLOT_PRESERVED_OVERFLOW","C:\Users\ELIMSERVER\world-catalogue\elimfilters-vault\91-private-evidence\fram-usa-ld-catalog\fram-usa-ld-full-20260911\products\CA2548SY.json"
"CA2550","AIR","SKU_COLLISION_EXISTING","EA32550","EA32550","REPLACE_EMPTY_PLACEHOLDER","SAFE_LEGACY_EMPTY_SLOT","C:\Users\ELIMSERVER\world-catalogue\elimfilters-vault\91-private-evidence\fram-usa-ld-catalog\fram-usa-ld-full-20260911\products\CA2550.json"
"CA2555SY","AIR","SKU_COLLISION_EXISTING","EA32555","EA39716","CREATE_OVERFLOW","LEGACY_SLOT_PRESERVED_OVERFLOW","C:\Users\ELIMSERVER\world-catalogue\elimfilters-vault\91-private-evidence\fram-usa-ld-catalog\fram-usa-ld-full-20260911\products\CA2555SY.json"
"CA2557SY","AIR","SKU_COLLISION_EXISTING","EA32557","EA34382","CREATE_OVERFLOW","LEGACY_SLOT_PRESERVED_OVERFLOW","C:\Users\ELIMSERVER\world-catalogue\elimfilters-vault\91-private-evidence\fram-usa-ld-catalog\fram-usa-ld-full-20260911\products\CA2557SY.json"
"CA2561","AIR","SKU_COLLISION_EXISTING","EA32561","EA35698","CREATE_OVERFLOW","LEGACY_SLOT_PRESERVED_OVERFLOW","C:\Users\ELIMSERVER\world-catalogue\elimfilters-vault\91-private-evidence\fram-usa-ld-catalog\fram-usa-ld-full-20260911\products\CA2561.json"
"CA2565","AIR","SKU_COLLISION_EXISTING","EA32565","EA31125","CREATE_OVERFLOW","OCCUPIED_SLOT_OVERFLOW","C:\Users\ELIMSERVER\world-catalogue\elimfilters-vault\91-private-evidence\fram-usa-ld-catalog\fram-usa-ld-full-20260911\products\CA2565.json"
"CA2565SY","AIR","SKU_COLLISION_EXISTING","EA32565","EA33258","CREATE_OVERFLOW","OCCUPIED_SLOT_OVERFLOW","C:\Users\ELIMSERVER\world-catalogue\elimfilters-vault\91-private-evidence\fram-usa-ld-catalog\fram-usa-ld-full-20260911\products\CA2565SY.json"
"CA258","AIR","INSUFFICIENT_EXISTING","EA30258","","FINAL_QUARANTINE","INSUFFICIENT_EXISTING_EVIDENCE","C:\Users\ELIMSERVER\world-catalogue\elimfilters-vault\91-private-evidence\fram-usa-ld-catalog\fram-usa-ld-full-20260911\products\CA258.json"
"CA2580","AIR","SKU_COLLISION_EXISTING","EA32580","EA31920","CREATE_OVERFLOW","LEGACY_SLOT_PRESERVED_OVERFLOW","C:\Users\ELIMSERVER\world-catalogue\elimfilters-vault\91-private-evidence\fram-usa-ld-catalog\fram-usa-ld-full-20260911\products\CA2580.json"
"CA2580SY","AIR","SKU_COLLISION_EXISTING","EA32580","EA34555","CREATE_OVERFLOW","LEGACY_SLOT_PRESERVED_OVERFLOW","C:\Users\ELIMSERVER\world-catalogue\elimfilters-vault\91-private-evidence\fram-usa-ld-catalog\fram-usa-ld-full-20260911\products\CA2580SY.json"
"CA2709A","AIR","SKU_COLLISION_EXISTING","EA32709","EA32709","REPLACE_EMPTY_PLACEHOLDER","SAFE_LEGACY_EMPTY_SLOT","C:\Users\ELIMSERVER\world-catalogue\elimfilters-vault\91-private-evidence\fram-usa-ld-catalog\fram-usa-ld-full-20260911\products\CA2709A.json"
"CA2740","AIR","SKU_COLLISION_EXISTING","EA32740","EA38651","CREATE_OVERFLOW","LEGACY_SLOT_PRESERVED_OVERFLOW","C:\Users\ELIMSERVER\world-catalogue\elimfilters-vault\91-private-evidence\fram-usa-ld-catalog\fram-usa-ld-full-20260911\products\CA2740.json"
"CA283","AIR","FRAM_SKU_COLLISION","EA30283","","FINAL_QUARANTINE","FRAM_COLLISION_NOT_PROVEN_DISTINCT","C:\Users\ELIMSERVER\world-catalogue\elimfilters-vault\91-private-evidence\fram-usa-ld-catalog\fram-usa-ld-full-20260911\products\CA283.json"
"CA29","AIR","SKU_COLLISION_EXISTING","EA30029","EA31419","CREATE_OVERFLOW","LEGACY_SLOT_PRESERVED_OVERFLOW","C:\Users\ELIMSERVER\world-catalogue\elimfilters-vault\91-private-evidence\fram-usa-ld-catalog\fram-usa-ld-full-20260911\products\CA29.json"
"CA30","AIR","SKU_COLLISION_EXISTING","EA30030","EA33531","CREATE_OVERFLOW","LEGACY_SLOT_PRESERVED_OVERFLOW","C:\Users\ELIMSERVER\world-catalogue\elimfilters-vault\91-private-evidence\fram-usa-ld-catalog\fram-usa-ld-full-20260911\products\CA30.json"
"CA305","AIR","SKU_COLLISION_EXISTING","EA30305","EA38633","CREATE_OVERFLOW","LEGACY_SLOT_PRESERVED_OVERFLOW","C:\Users\ELIMSERVER\world-catalogue\elimfilters-vault\91-private-evidence\fram-usa-ld-catalog\fram-usa-ld-full-20260911\products\CA305.json"
"CA310","AIR","SKU_COLLISION_EXISTING","EA30310","EA30310","REPLACE_EMPTY_PLACEHOLDER","SAFE_LEGACY_EMPTY_SLOT","C:\Users\ELIMSERVER\world-catalogue\elimfilters-vault\91-private-evidence\fram-usa-ld-catalog\fram-usa-ld-full-20260911\products\CA310.json"
"CA311","AIR","SKU_COLLISION_EXISTING","EA30311","EA34224","CREATE_OVERFLOW","LEGACY_SLOT_PRESERVED_OVERFLOW","C:\Users\ELIMSERVER\world-catalogue\elimfilters-vault\91-private-evidence\fram-usa-ld-catalog\fram-usa-ld-full-20260911\products\CA311.json"
"CA313","AIR","SKU_COLLISION_EXISTING","EA30313","EA38414","CREATE_OVERFLOW","LEGACY_SLOT_PRESERVED_OVERFLOW","C:\Users\ELIMSERVER\world-catalogue\elimfilters-vault\91-private-evidence\fram-usa-ld-catalog\fram-usa-ld-full-20260911\products\CA313.json"
"CA314","AIR","SKU_COLLISION_EXISTING","EA30314","EA30243","CREATE_OVERFLOW","LEGACY_SLOT_PRESERVED_OVERFLOW","C:\Users\ELIMSERVER\world-catalogue\elimfilters-vault\91-private-evidence\fram-usa-ld-catalog\fram-usa-ld-full-20260911\products\CA314.json"
"CA3146","AIR","SKU_COLLISION_EXISTING","EA33146","EA36291","CREATE_OVERFLOW","LEGACY_SLOT_PRESERVED_OVERFLOW","C:\Users\ELIMSERVER\world-catalogue\elimfilters-vault\91-private-evidence\fram-usa-ld-catalog\fram-usa-ld-full-20260911\products\CA3146.json"
"CA324A","AIR","SKU_COLLISION_EXISTING","EA30324","EA35980","CREATE_OVERFLOW","LEGACY_SLOT_PRESERVED_OVERFLOW","C:\Users\ELIMSERVER\world-catalogue\elimfilters-vault\91-private-evidence\fram-usa-ld-catalog\fram-usa-ld-full-20260911\products\CA324A.json"
"CA325","AIR","SKU_COLLISION_EXISTING","EA30325","EA30273","CREATE_OVERFLOW","LEGACY_SLOT_PRESERVED_OVERFLOW","C:\Users\ELIMSERVER\world-catalogue\elimfilters-vault\91-private-evidence\fram-usa-ld-catalog\fram-usa-ld-full-20260911\products\CA325.json"
"CA326","AIR","SKU_COLLISION_EXISTING","EA30326","EA39820","CREATE_OVERFLOW","LEGACY_SLOT_PRESERVED_OVERFLOW","C:\Users\ELIMSERVER\world-catalogue\elimfilters-vault\91-private-evidence\fram-usa-ld-catalog\fram-usa-ld-full-20260911\products\CA326.json"
"CA327","AIR","SKU_COLLISION_EXISTING","EA30327","EA30327","REPLACE_EMPTY_PLACEHOLDER","SAFE_LEGACY_EMPTY_SLOT","C:\Users\ELIMSERVER\world-catalogue\elimfilters-vault\91-private-evidence\fram-usa-ld-catalog\fram-usa-ld-full-20260911\products\CA327.json"
"CA3273","AIR","SKU_COLLISION_EXISTING","EA33273","EA35861","CREATE_OVERFLOW","LEGACY_SLOT_PRESERVED_OVERFLOW","C:\Users\ELIMSERVER\world-catalogue\elimfilters-vault\91-private-evidence\fram-usa-ld-catalog\fram-usa-ld-full-20260911\products\CA3273.json"
"CA3273SY","AIR","SKU_COLLISION_EXISTING","EA33273","EA30134","CREATE_OVERFLOW","LEGACY_SLOT_PRESERVED_OVERFLOW","C:\Users\ELIMSERVER\world-catalogue\elimfilters-vault\91-private-evidence\fram-usa-ld-catalog\fram-usa-ld-full-20260911\products\CA3273SY.json"
"CA328","AIR","FRAM_SKU_COLLISION","EA30328","EA30328","CREATE_STANDARD","DISTINCT_GROUP_CANONICAL_STANDARD_SLOT","C:\Users\ELIMSERVER\world-catalogue\elimfilters-vault\91-private-evidence\fram-usa-ld-catalog\fram-usa-ld-full-20260911\products\CA328.json"
"CA3324","AIR","SKU_COLLISION_EXISTING","EA33324","EA39382","CREATE_OVERFLOW","LEGACY_SLOT_PRESERVED_OVERFLOW","C:\Users\ELIMSERVER\world-catalogue\elimfilters-vault\91-private-evidence\fram-usa-ld-catalog\fram-usa-ld-full-20260911\products\CA3324.json"
"CA3371","AIR","SKU_COLLISION_EXISTING","EA33371","EA33371","REPLACE_EMPTY_PLACEHOLDER","SAFE_LEGACY_EMPTY_SLOT","C:\Users\ELIMSERVER\world-catalogue\elimfilters-vault\91-private-evidence\fram-usa-ld-catalog\fram-usa-ld-full-20260911\products\CA3371.json"
"CA3373","AIR","INSUFFICIENT_EXISTING","EA33373","","FINAL_QUARANTINE","INSUFFICIENT_EXISTING_EVIDENCE","C:\Users\ELIMSERVER\world-catalogue\elimfilters-vault\91-private-evidence\fram-usa-ld-catalog\fram-usa-ld-full-20260911\products\CA3373.json"
"CA3399","AIR","INSUFFICIENT_EXISTING","EA33399","","FINAL_QUARANTINE","INSUFFICIENT_EXISTING_EVIDENCE","C:\Users\ELIMSERVER\world-catalogue\elimfilters-vault\91-private-evidence\fram-usa-ld-catalog\fram-usa-ld-full-20260911\products\CA3399.json"
"CA345","AIR","SKU_COLLISION_EXISTING","EA30345","EA31684","CREATE_OVERFLOW","OCCUPIED_SLOT_OVERFLOW","C:\Users\ELIMSERVER\world-catalogue\elimfilters-vault\91-private-evidence\fram-usa-ld-catalog\fram-usa-ld-full-20260911\products\CA345.json"
"CA346","AIR","FRAM_SKU_COLLISION","EA30346","EA30346","CREATE_STANDARD","DISTINCT_GROUP_CANONICAL_STANDARD_SLOT","C:\Users\ELIMSERVER\world-catalogue\elimfilters-vault\91-private-evidence\fram-usa-ld-catalog\fram-usa-ld-full-20260911\products\CA346.json"
"CA347","AIR","FRAM_SKU_COLLISION","EA30347","EA30347","CREATE_STANDARD","DISTINCT_GROUP_CANONICAL_STANDARD_SLOT","C:\Users\ELIMSERVER\world-catalogue\elimfilters-vault\91-private-evidence\fram-usa-ld-catalog\fram-usa-ld-full-20260911\products\CA347.json"
"CA3518","AIR","SKU_COLLISION_EXISTING","EA33518","EA33518","REPLACE_EMPTY_PLACEHOLDER","SAFE_LEGACY_EMPTY_SLOT","C:\Users\ELIMSERVER\world-catalogue\elimfilters-vault\91-private-evidence\fram-usa-ld-catalog\fram-usa-ld-full-20260911\products\CA3518.json"
"CA352","AIR","SKU_COLLISION_EXISTING","EA30352","EA30352","REPLACE_EMPTY_PLACEHOLDER","SAFE_LEGACY_EMPTY_SLOT","C:\Users\ELIMSERVER\world-catalogue\elimfilters-vault\91-private-evidence\fram-usa-ld-catalog\fram-usa-ld-full-20260911\products\CA352.json"
"CA3565","AIR","SKU_COLLISION_EXISTING","EA33565","EA33630","CREATE_OVERFLOW","OCCUPIED_SLOT_OVERFLOW","C:\Users\ELIMSERVER\world-catalogue\elimfilters-vault\91-private-evidence\fram-usa-ld-catalog\fram-usa-ld-full-20260911\products\CA3565.json"
"CA3566","AIR","SKU_COLLISION_EXISTING","EA33566","EA33222","CREATE_OVERFLOW","LEGACY_SLOT_PRESERVED_OVERFLOW","C:\Users\ELIMSERVER\world-catalogue\elimfilters-vault\91-private-evidence\fram-usa-ld-catalog\fram-usa-ld-full-20260911\products\CA3566.json"
"CA3588","AIR","SKU_COLLISION_EXISTING","EA33588","EA33588","REPLACE_EMPTY_PLACEHOLDER","SAFE_LEGACY_EMPTY_SLOT","C:\Users\ELIMSERVER\world-catalogue\elimfilters-vault\91-private-evidence\fram-usa-ld-catalog\fram-usa-ld-full-20260911\products\CA3588.json"
"CA3602","AIR","SKU_COLLISION_EXISTING","EA33602","EA33626","CREATE_OVERFLOW","LEGACY_SLOT_PRESERVED_OVERFLOW","C:\Users\ELIMSERVER\world-catalogue\elimfilters-vault\91-private-evidence\fram-usa-ld-catalog\fram-usa-ld-full-20260911\products\CA3602.json"
"CA3621","AIR","SKU_COLLISION_EXISTING","EA33621","EA38542","CREATE_OVERFLOW","LEGACY_SLOT_PRESERVED_OVERFLOW","C:\Users\ELIMSERVER\world-catalogue\elimfilters-vault\91-private-evidence\fram-usa-ld-catalog\fram-usa-ld-full-20260911\products\CA3621.json"
"CA3649","AIR","SKU_COLLISION_EXISTING","EA33649","EA33649","REPLACE_EMPTY_PLACEHOLDER","SAFE_LEGACY_EMPTY_SLOT","C:\Users\ELIMSERVER\world-catalogue\elimfilters-vault\91-private-evidence\fram-usa-ld-catalog\fram-usa-ld-full-20260911\products\CA3649.json"
"CA3660","AIR","INSUFFICIENT_EXISTING","EA33660","","FINAL_QUARANTINE","INSUFFICIENT_EXISTING_EVIDENCE","C:\Users\ELIMSERVER\world-catalogue\elimfilters-vault\91-private-evidence\fram-usa-ld-catalog\fram-usa-ld-full-20260911\products\CA3660.json"
"CA3688","AIR","SKU_COLLISION_EXISTING","EA33688","EA33688","REPLACE_EMPTY_PLACEHOLDER","SAFE_LEGACY_EMPTY_SLOT","C:\Users\ELIMSERVER\world-catalogue\elimfilters-vault\91-private-evidence\fram-usa-ld-catalog\fram-usa-ld-full-20260911\products\CA3688.json"
"CA376","AIR","INSUFFICIENT_EXISTING","EA30376","","FINAL_QUARANTINE","INSUFFICIENT_EXISTING_EVIDENCE","C:\Users\ELIMSERVER\world-catalogue\elimfilters-vault\91-private-evidence\fram-usa-ld-catalog\fram-usa-ld-full-20260911\products\CA376.json"
"CA3782SY","AIR","INSUFFICIENT_EXISTING","EA33782","","FINAL_QUARANTINE","INSUFFICIENT_EXISTING_EVIDENCE","C:\Users\ELIMSERVER\world-catalogue\elimfilters-vault\91-private-evidence\fram-usa-ld-catalog\fram-usa-ld-full-20260911\products\CA3782SY.json"
"CA381","AIR","SKU_COLLISION_EXISTING","EA30381","EA36135","CREATE_OVERFLOW","LEGACY_SLOT_PRESERVED_OVERFLOW","C:\Users\ELIMSERVER\world-catalogue\elimfilters-vault\91-private-evidence\fram-usa-ld-catalog\fram-usa-ld-full-20260911\products\CA381.json"
"CA3873","AIR","INSUFFICIENT_EXISTING","EA33873","","FINAL_QUARANTINE","INSUFFICIENT_EXISTING_EVIDENCE","C:\Users\ELIMSERVER\world-catalogue\elimfilters-vault\91-private-evidence\fram-usa-ld-catalog\fram-usa-ld-full-20260911\products\CA3873.json"
"CA3874","AIR","SKU_COLLISION_EXISTING","EA33874","EA35224","CREATE_OVERFLOW","LEGACY_SLOT_PRESERVED_OVERFLOW","C:\Users\ELIMSERVER\world-catalogue\elimfilters-vault\91-private-evidence\fram-usa-ld-catalog\fram-usa-ld-full-20260911\products\CA3874.json"
"CA4282","AIR","SKU_COLLISION_EXISTING","EA34282","EA37974","CREATE_OVERFLOW","OCCUPIED_SLOT_OVERFLOW","C:\Users\ELIMSERVER\world-catalogue\elimfilters-vault\91-private-evidence\fram-usa-ld-catalog\fram-usa-ld-full-20260911\products\CA4282.json"
"CA4369","AIR","SKU_COLLISION_EXISTING","EA34369","EA34472","CREATE_OVERFLOW","LEGACY_SLOT_PRESERVED_OVERFLOW","C:\Users\ELIMSERVER\world-catalogue\elimfilters-vault\91-private-evidence\fram-usa-ld-catalog\fram-usa-ld-full-20260911\products\CA4369.json"
"CA4576","AIR","INSUFFICIENT_EXISTING","EA34576","","FINAL_QUARANTINE","INSUFFICIENT_EXISTING_EVIDENCE","C:\Users\ELIMSERVER\world-catalogue\elimfilters-vault\91-private-evidence\fram-usa-ld-catalog\fram-usa-ld-full-20260911\products\CA4576.json"
"CA5021","AIR","SKU_COLLISION_EXISTING","EA35021","EA37043","CREATE_OVERFLOW","OCCUPIED_SLOT_OVERFLOW","C:\Users\ELIMSERVER\world-catalogue\elimfilters-vault\91-private-evidence\fram-usa-ld-catalog\fram-usa-ld-full-20260911\products\CA5021.json"
"CA5021SY","AIR","SKU_COLLISION_EXISTING","EA35021","EA35713","CREATE_OVERFLOW","OCCUPIED_SLOT_OVERFLOW","C:\Users\ELIMSERVER\world-catalogue\elimfilters-vault\91-private-evidence\fram-usa-ld-catalog\fram-usa-ld-full-20260911\products\CA5021SY.json"
"CA5030","AIR","SKU_COLLISION_EXISTING","EA35030","EA35030","REPLACE_EMPTY_PLACEHOLDER","SAFE_LEGACY_EMPTY_SLOT","C:\Users\ELIMSERVER\world-catalogue\elimfilters-vault\91-private-evidence\fram-usa-ld-catalog\fram-usa-ld-full-20260911\products\CA5030.json"
"CA5056","AIR","SKU_COLLISION_EXISTING","EA35056","EA35056","REPLACE_EMPTY_PLACEHOLDER","SAFE_LEGACY_EMPTY_SLOT","C:\Users\ELIMSERVER\world-catalogue\elimfilters-vault\91-private-evidence\fram-usa-ld-catalog\fram-usa-ld-full-20260911\products\CA5056.json"
"CA5057","AIR","SKU_COLLISION_EXISTING","EA35057","EA35057","REPLACE_EMPTY_PLACEHOLDER","SAFE_LEGACY_EMPTY_SLOT","C:\Users\ELIMSERVER\world-catalogue\elimfilters-vault\91-private-evidence\fram-usa-ld-catalog\fram-usa-ld-full-20260911\products\CA5057.json"
"CA5058","AIR","SKU_COLLISION_EXISTING","EA35058","EA35058","REPLACE_EMPTY_PLACEHOLDER","SAFE_LEGACY_EMPTY_SLOT","C:\Users\ELIMSERVER\world-catalogue\elimfilters-vault\91-private-evidence\fram-usa-ld-catalog\fram-usa-ld-full-20260911\products\CA5058.json"
"CA5067","AIR","SKU_COLLISION_EXISTING","EA35067","EA35515","CREATE_OVERFLOW","LEGACY_SLOT_PRESERVED_OVERFLOW","C:\Users\ELIMSERVER\world-catalogue\elimfilters-vault\91-private-evidence\fram-usa-ld-catalog\fram-usa-ld-full-20260911\products\CA5067.json"
"CA511A","AIR","SKU_COLLISION_EXISTING","EA30511","EA35113","CREATE_OVERFLOW","OCCUPIED_SLOT_OVERFLOW","C:\Users\ELIMSERVER\world-catalogue\elimfilters-vault\91-private-evidence\fram-usa-ld-catalog\fram-usa-ld-full-20260911\products\CA511A.json"
"CA536","AIR","SKU_COLLISION_EXISTING","EA30536","EA30536","REPLACE_EMPTY_PLACEHOLDER","SAFE_LEGACY_EMPTY_SLOT","C:\Users\ELIMSERVER\world-catalogue\elimfilters-vault\91-private-evidence\fram-usa-ld-catalog\fram-usa-ld-full-20260911\products\CA536.json"
"CA542","AIR","FRAM_SKU_COLLISION","EA30542","EA30542","CREATE_STANDARD","DISTINCT_GROUP_CANONICAL_STANDARD_SLOT","C:\Users\ELIMSERVER\world-catalogue\elimfilters-vault\91-private-evidence\fram-usa-ld-catalog\fram-usa-ld-full-20260911\products\CA542.json"
"CA551","AIR","SKU_COLLISION_EXISTING","EA30551","EA36062","CREATE_OVERFLOW","LEGACY_SLOT_PRESERVED_OVERFLOW","C:\Users\ELIMSERVER\world-catalogue\elimfilters-vault\91-private-evidence\fram-usa-ld-catalog\fram-usa-ld-full-20260911\products\CA551.json"
"CA5522","AIR","SKU_COLLISION_EXISTING","EA35522","EA36775","CREATE_OVERFLOW","LEGACY_SLOT_PRESERVED_OVERFLOW","C:\Users\ELIMSERVER\world-catalogue\elimfilters-vault\91-private-evidence\fram-usa-ld-catalog\fram-usa-ld-full-20260911\products\CA5522.json"
"CA563","AIR","FRAM_SKU_COLLISION","EA30563","EA30563","CREATE_STANDARD","DISTINCT_GROUP_CANONICAL_STANDARD_SLOT","C:\Users\ELIMSERVER\world-catalogue\elimfilters-vault\91-private-evidence\fram-usa-ld-catalog\fram-usa-ld-full-20260911\products\CA563.json"
"CA563SY","AIR","FRAM_SKU_COLLISION","EA30563","EA37820","CREATE_OVERFLOW","DISTINCT_GROUP_OVERFLOW","C:\Users\ELIMSERVER\world-catalogue\elimfilters-vault\91-private-evidence\fram-usa-ld-catalog\fram-usa-ld-full-20260911\products\CA563SY.json"
"CA572","AIR","FRAM_SKU_COLLISION","EA30572","","FINAL_QUARANTINE","FRAM_COLLISION_NOT_PROVEN_DISTINCT","C:\Users\ELIMSERVER\world-catalogue\elimfilters-vault\91-private-evidence\fram-usa-ld-catalog\fram-usa-ld-full-20260911\products\CA572.json"
"CA572SY","AIR","FRAM_SKU_COLLISION","EA30572","","FINAL_QUARANTINE","FRAM_COLLISION_NOT_PROVEN_DISTINCT","C:\Users\ELIMSERVER\world-catalogue\elimfilters-vault\91-private-evidence\fram-usa-ld-catalog\fram-usa-ld-full-20260911\products\CA572SY.json"
"CA573","AIR","FRAM_SKU_COLLISION","EA30573","EA30573","CREATE_STANDARD","DISTINCT_GROUP_CANONICAL_STANDARD_SLOT","C:\Users\ELIMSERVER\world-catalogue\elimfilters-vault\91-private-evidence\fram-usa-ld-catalog\fram-usa-ld-full-20260911\products\CA573.json"
"CA6304","AIR","SKU_COLLISION_EXISTING","EA36304","EA35848","CREATE_OVERFLOW","LEGACY_SLOT_PRESERVED_OVERFLOW","C:\Users\ELIMSERVER\world-catalogue\elimfilters-vault\91-private-evidence\fram-usa-ld-catalog\fram-usa-ld-full-20260911\products\CA6304.json"
"CA6319","AIR","FRAM_SKU_COLLISION","EA36319","EA36319","CREATE_STANDARD","DISTINCT_GROUP_CANONICAL_STANDARD_SLOT","C:\Users\ELIMSERVER\world-catalogue\elimfilters-vault\91-private-evidence\fram-usa-ld-catalog\fram-usa-ld-full-20260911\products\CA6319.json"
"CA6319SY","AIR","FRAM_SKU_COLLISION","EA36319","EA34935","CREATE_OVERFLOW","DISTINCT_GROUP_OVERFLOW","C:\Users\ELIMSERVER\world-catalogue\elimfilters-vault\91-private-evidence\fram-usa-ld-catalog\fram-usa-ld-full-20260911\products\CA6319SY.json"
"CA6324","AIR","INSUFFICIENT_EXISTING","EA36324","","FINAL_QUARANTINE","INSUFFICIENT_EXISTING_EVIDENCE","C:\Users\ELIMSERVER\world-catalogue\elimfilters-vault\91-private-evidence\fram-usa-ld-catalog\fram-usa-ld-full-20260911\products\CA6324.json"
"CA6327","AIR","FRAM_SKU_COLLISION","EA36327","EA36327","CREATE_STANDARD","DISTINCT_GROUP_CANONICAL_STANDARD_SLOT","C:\Users\ELIMSERVER\world-catalogue\elimfilters-vault\91-private-evidence\fram-usa-ld-catalog\fram-usa-ld-full-20260911\products\CA6327.json"
"CA6327SY","AIR","FRAM_SKU_COLLISION","EA36327","EA37603","CREATE_OVERFLOW","DISTINCT_GROUP_OVERFLOW","C:\Users\ELIMSERVER\world-catalogue\elimfilters-vault\91-private-evidence\fram-usa-ld-catalog\fram-usa-ld-full-20260911\products\CA6327SY.json"
"CA6328","AIR","SKU_COLLISION_EXISTING","EA36328","EA36328","REPLACE_EMPTY_PLACEHOLDER","SAFE_LEGACY_EMPTY_SLOT","C:\Users\ELIMSERVER\world-catalogue\elimfilters-vault\91-private-evidence\fram-usa-ld-catalog\fram-usa-ld-full-20260911\products\CA6328.json"
"CA6334","AIR","SKU_COLLISION_EXISTING","EA36334","EA30357","CREATE_OVERFLOW","LEGACY_SLOT_PRESERVED_OVERFLOW","C:\Users\ELIMSERVER\world-catalogue\elimfilters-vault\91-private-evidence\fram-usa-ld-catalog\fram-usa-ld-full-20260911\products\CA6334.json"
"CA6545","AIR","INSUFFICIENT_EXISTING","EA36545","","FINAL_QUARANTINE","INSUFFICIENT_EXISTING_EVIDENCE","C:\Users\ELIMSERVER\world-catalogue\elimfilters-vault\91-private-evidence\fram-usa-ld-catalog\fram-usa-ld-full-20260911\products\CA6545.json"
"CA6816","AIR","SKU_COLLISION_EXISTING","EA36816","EA33316","CREATE_OVERFLOW","LEGACY_SLOT_PRESERVED_OVERFLOW","C:\Users\ELIMSERVER\world-catalogue\elimfilters-vault\91-private-evidence\fram-usa-ld-catalog\fram-usa-ld-full-20260911\products\CA6816.json"
"CA6821","AIR","SKU_COLLISION_EXISTING","EA36821","EA39510","CREATE_OVERFLOW","LEGACY_SLOT_PRESERVED_OVERFLOW","C:\Users\ELIMSERVER\world-catalogue\elimfilters-vault\91-private-evidence\fram-usa-ld-catalog\fram-usa-ld-full-20260911\products\CA6821.json"
"CA7007","AIR","SKU_COLLISION_EXISTING","EA37007","EA32291","CREATE_OVERFLOW","LEGACY_SLOT_PRESERVED_OVERFLOW","C:\Users\ELIMSERVER\world-catalogue\elimfilters-vault\91-private-evidence\fram-usa-ld-catalog\fram-usa-ld-full-20260911\products\CA7007.json"
"CA7017","AIR","SKU_COLLISION_EXISTING","EA37017","EA32876","CREATE_OVERFLOW","LEGACY_SLOT_PRESERVED_OVERFLOW","C:\Users\ELIMSERVER\world-catalogue\elimfilters-vault\91-private-evidence\fram-usa-ld-catalog\fram-usa-ld-full-20260911\products\CA7017.json"
"CA7088","AIR","SKU_COLLISION_EXISTING","EA37088","EA37088","REPLACE_EMPTY_PLACEHOLDER","SAFE_LEGACY_EMPTY_SLOT","C:\Users\ELIMSERVER\world-catalogue\elimfilters-vault\91-private-evidence\fram-usa-ld-catalog\fram-usa-ld-full-20260911\products\CA7088.json"
"CA7094","AIR","INSUFFICIENT_EXISTING","EA37094","","FINAL_QUARANTINE","INSUFFICIENT_EXISTING_EVIDENCE","C:\Users\ELIMSERVER\world-catalogue\elimfilters-vault\91-private-evidence\fram-usa-ld-catalog\fram-usa-ld-full-20260911\products\CA7094.json"
"CA7110","AIR","SKU_COLLISION_EXISTING","EA37110","EA38416","CREATE_OVERFLOW","LEGACY_SLOT_PRESERVED_OVERFLOW","C:\Users\ELIMSERVER\world-catalogue\elimfilters-vault\91-private-evidence\fram-usa-ld-catalog\fram-usa-ld-full-20260911\products\CA7110.json"
"CA7110SY","AIR","SKU_COLLISION_EXISTING","EA37110","EA37504","CREATE_OVERFLOW","LEGACY_SLOT_PRESERVED_OVERFLOW","C:\Users\ELIMSERVER\world-catalogue\elimfilters-vault\91-private-evidence\fram-usa-ld-catalog\fram-usa-ld-full-20260911\products\CA7110SY.json"
"CA7111SY","AIR","SKU_COLLISION_EXISTING","EA37111","EA30953","CREATE_OVERFLOW","LEGACY_SLOT_PRESERVED_OVERFLOW","C:\Users\ELIMSERVER\world-catalogue\elimfilters-vault\91-private-evidence\fram-usa-ld-catalog\fram-usa-ld-full-20260911\products\CA7111SY.json"
"CA7113","AIR","SKU_COLLISION_EXISTING","EA37113","EA37113","REPLACE_EMPTY_PLACEHOLDER","SAFE_LEGACY_EMPTY_SLOT","C:\Users\ELIMSERVER\world-catalogue\elimfilters-vault\91-private-evidence\fram-usa-ld-catalog\fram-usa-ld-full-20260911\products\CA7113.json"
"CA7137SY","AIR","INSUFFICIENT_EXISTING","EA37137","","FINAL_QUARANTINE","INSUFFICIENT_EXISTING_EVIDENCE","C:\Users\ELIMSERVER\world-catalogue\elimfilters-vault\91-private-evidence\fram-usa-ld-catalog\fram-usa-ld-full-20260911\products\CA7137SY.json"
"CA7139","AIR","FRAM_SKU_COLLISION","EA37139","","FINAL_QUARANTINE","FRAM_COLLISION_NOT_PROVEN_DISTINCT","C:\Users\ELIMSERVER\world-catalogue\elimfilters-vault\91-private-evidence\fram-usa-ld-catalog\fram-usa-ld-full-20260911\products\CA7139.json"
"CA7139SY","AIR","FRAM_SKU_COLLISION","EA37139","","FINAL_QUARANTINE","FRAM_COLLISION_NOT_PROVEN_DISTINCT","C:\Users\ELIMSERVER\world-catalogue\elimfilters-vault\91-private-evidence\fram-usa-ld-catalog\fram-usa-ld-full-20260911\products\CA7139SY.json"
"CA7140","AIR","SKU_COLLISION_EXISTING","EA37140","EA33853","CREATE_OVERFLOW","LEGACY_SLOT_PRESERVED_OVERFLOW","C:\Users\ELIMSERVER\world-catalogue\elimfilters-vault\91-private-evidence\fram-usa-ld-catalog\fram-usa-ld-full-20260911\products\CA7140.json"
"CA7140SY","AIR","SKU_COLLISION_EXISTING","EA37140","EA36561","CREATE_OVERFLOW","LEGACY_SLOT_PRESERVED_OVERFLOW","C:\Users\ELIMSERVER\world-catalogue\elimfilters-vault\91-private-evidence\fram-usa-ld-catalog\fram-usa-ld-full-20260911\products\CA7140SY.json"
"CA7218","AIR","SKU_COLLISION_EXISTING","EA37218","EA37218","REPLACE_EMPTY_PLACEHOLDER","SAFE_LEGACY_EMPTY_SLOT","C:\Users\ELIMSERVER\world-catalogue\elimfilters-vault\91-private-evidence\fram-usa-ld-catalog\fram-usa-ld-full-20260911\products\CA7218.json"
"CA7230","AIR","SKU_COLLISION_EXISTING","EA37230","EA32479","CREATE_OVERFLOW","LEGACY_SLOT_PRESERVED_OVERFLOW","C:\Users\ELIMSERVER\world-catalogue\elimfilters-vault\91-private-evidence\fram-usa-ld-catalog\fram-usa-ld-full-20260911\products\CA7230.json"
"CA74","AIR","SKU_COLLISION_EXISTING","EA30074","EA38236","CREATE_OVERFLOW","LEGACY_SLOT_PRESERVED_OVERFLOW","C:\Users\ELIMSERVER\world-catalogue\elimfilters-vault\91-private-evidence\fram-usa-ld-catalog\fram-usa-ld-full-20260911\products\CA74.json"
"CA7458","AIR","FRAM_SKU_COLLISION","EA37458","","FINAL_QUARANTINE","FRAM_COLLISION_NOT_PROVEN_DISTINCT","C:\Users\ELIMSERVER\world-catalogue\elimfilters-vault\91-private-evidence\fram-usa-ld-catalog\fram-usa-ld-full-20260911\products\CA7458.json"
"CA7458SY","AIR","FRAM_SKU_COLLISION","EA37458","","FINAL_QUARANTINE","FRAM_COLLISION_NOT_PROVEN_DISTINCT","C:\Users\ELIMSERVER\world-catalogue\elimfilters-vault\91-private-evidence\fram-usa-ld-catalog\fram-usa-ld-full-20260911\products\CA7458SY.json"
"CA7478","AIR","FRAM_SKU_COLLISION","EA37478","EA37478","CREATE_STANDARD","DISTINCT_GROUP_CANONICAL_STANDARD_SLOT","C:\Users\ELIMSERVER\world-catalogue\elimfilters-vault\91-private-evidence\fram-usa-ld-catalog\fram-usa-ld-full-20260911\products\CA7478.json"
"CA7478SY","AIR","FRAM_SKU_COLLISION","EA37478","EA39664","CREATE_OVERFLOW","DISTINCT_GROUP_OVERFLOW","C:\Users\ELIMSERVER\world-catalogue\elimfilters-vault\91-private-evidence\fram-usa-ld-catalog\fram-usa-ld-full-20260911\products\CA7478SY.json"
"CA7484","AIR","FRAM_SKU_COLLISION","EA37484","","FINAL_QUARANTINE","FRAM_COLLISION_NOT_PROVEN_DISTINCT","C:\Users\ELIMSERVER\world-catalogue\elimfilters-vault\91-private-evidence\fram-usa-ld-catalog\fram-usa-ld-full-20260911\products\CA7484.json"
"CA7484SY","AIR","FRAM_SKU_COLLISION","EA37484","","FINAL_QUARANTINE","FRAM_COLLISION_NOT_PROVEN_DISTINCT","C:\Users\ELIMSERVER\world-catalogue\elimfilters-vault\91-private-evidence\fram-usa-ld-catalog\fram-usa-ld-full-20260911\products\CA7484SY.json"
"CA7486","AIR","FRAM_SKU_COLLISION","EA37486","EA37486","CREATE_STANDARD","DISTINCT_GROUP_CANONICAL_STANDARD_SLOT","C:\Users\ELIMSERVER\world-catalogue\elimfilters-vault\91-private-evidence\fram-usa-ld-catalog\fram-usa-ld-full-20260911\products\CA7486.json"
"CA7486SY","AIR","FRAM_SKU_COLLISION","EA37486","EA31954","CREATE_OVERFLOW","DISTINCT_GROUP_OVERFLOW","C:\Users\ELIMSERVER\world-catalogue\elimfilters-vault\91-private-evidence\fram-usa-ld-catalog\fram-usa-ld-full-20260911\products\CA7486SY.json"
"CA7495","AIR","FRAM_SKU_COLLISION","EA37495","EA37495","CREATE_STANDARD","DISTINCT_GROUP_CANONICAL_STANDARD_SLOT","C:\Users\ELIMSERVER\world-catalogue\elimfilters-vault\91-private-evidence\fram-usa-ld-catalog\fram-usa-ld-full-20260911\products\CA7495.json"
"CA7495SY","AIR","FRAM_SKU_COLLISION","EA37495","EA33771","CREATE_OVERFLOW","DISTINCT_GROUP_OVERFLOW","C:\Users\ELIMSERVER\world-catalogue\elimfilters-vault\91-private-evidence\fram-usa-ld-catalog\fram-usa-ld-full-20260911\products\CA7495SY.json"
"CA7614","AIR","INSUFFICIENT_EXISTING","EA37614","","FINAL_QUARANTINE","INSUFFICIENT_EXISTING_EVIDENCE","C:\Users\ELIMSERVER\world-catalogue\elimfilters-vault\91-private-evidence\fram-usa-ld-catalog\fram-usa-ld-full-20260911\products\CA7614.json"
"CA7710","AIR","FRAM_SKU_COLLISION","EA37710","","FINAL_QUARANTINE","FRAM_COLLISION_NOT_PROVEN_DISTINCT","C:\Users\ELIMSERVER\world-catalogue\elimfilters-vault\91-private-evidence\fram-usa-ld-catalog\fram-usa-ld-full-20260911\products\CA7710.json"
"CA7710SY","AIR","FRAM_SKU_COLLISION","EA37710","","FINAL_QUARANTINE","FRAM_COLLISION_NOT_PROVEN_DISTINCT","C:\Users\ELIMSERVER\world-catalogue\elimfilters-vault\91-private-evidence\fram-usa-ld-catalog\fram-usa-ld-full-20260911\products\CA7710SY.json"
"CA79","AIR","SKU_COLLISION_EXISTING","EA30079","EA37758","CREATE_OVERFLOW","LEGACY_SLOT_PRESERVED_OVERFLOW","C:\Users\ELIMSERVER\world-catalogue\elimfilters-vault\91-private-evidence\fram-usa-ld-catalog\fram-usa-ld-full-20260911\products\CA79.json"
"CA8003","AIR","SKU_COLLISION_EXISTING","EA38003","EA38399","CREATE_OVERFLOW","OCCUPIED_SLOT_OVERFLOW","C:\Users\ELIMSERVER\world-catalogue\elimfilters-vault\91-private-evidence\fram-usa-ld-catalog\fram-usa-ld-full-20260911\products\CA8003.json"
"CA8010","AIR","SKU_COLLISION_EXISTING","EA38010","EA35147","CREATE_OVERFLOW","LEGACY_SLOT_PRESERVED_OVERFLOW","C:\Users\ELIMSERVER\world-catalogue\elimfilters-vault\91-private-evidence\fram-usa-ld-catalog\fram-usa-ld-full-20260911\products\CA8010.json"
"CA8014","AIR","SKU_COLLISION_EXISTING","EA38014","EA38175","CREATE_OVERFLOW","LEGACY_SLOT_PRESERVED_OVERFLOW","C:\Users\ELIMSERVER\world-catalogue\elimfilters-vault\91-private-evidence\fram-usa-ld-catalog\fram-usa-ld-full-20260911\products\CA8014.json"
"CA8029","AIR","SKU_COLLISION_EXISTING","EA38029","EA31458","CREATE_OVERFLOW","LEGACY_SLOT_PRESERVED_OVERFLOW","C:\Users\ELIMSERVER\world-catalogue\elimfilters-vault\91-private-evidence\fram-usa-ld-catalog\fram-usa-ld-full-20260911\products\CA8029.json"
"CA8037","AIR","SKU_COLLISION_EXISTING","EA38037","EA30219","CREATE_OVERFLOW","LEGACY_SLOT_PRESERVED_OVERFLOW","C:\Users\ELIMSERVER\world-catalogue\elimfilters-vault\91-private-evidence\fram-usa-ld-catalog\fram-usa-ld-full-20260911\products\CA8037.json"
"CA8038","AIR","INSUFFICIENT_EXISTING","EA38038","","FINAL_QUARANTINE","INSUFFICIENT_EXISTING_EVIDENCE","C:\Users\ELIMSERVER\world-catalogue\elimfilters-vault\91-private-evidence\fram-usa-ld-catalog\fram-usa-ld-full-20260911\products\CA8038.json"
"CA8039","AIR","SKU_COLLISION_EXISTING","EA38039","EA38039","REPLACE_EMPTY_PLACEHOLDER","SAFE_LEGACY_EMPTY_SLOT","C:\Users\ELIMSERVER\world-catalogue\elimfilters-vault\91-private-evidence\fram-usa-ld-catalog\fram-usa-ld-full-20260911\products\CA8039.json"
"CA8040","AIR","INSUFFICIENT_EXISTING","EA38040","","FINAL_QUARANTINE","INSUFFICIENT_EXISTING_EVIDENCE","C:\Users\ELIMSERVER\world-catalogue\elimfilters-vault\91-private-evidence\fram-usa-ld-catalog\fram-usa-ld-full-20260911\products\CA8040.json"
"CA8094","AIR","INSUFFICIENT_EXISTING","EA38094","","FINAL_QUARANTINE","INSUFFICIENT_EXISTING_EVIDENCE","C:\Users\ELIMSERVER\world-catalogue\elimfilters-vault\91-private-evidence\fram-usa-ld-catalog\fram-usa-ld-full-20260911\products\CA8094.json"
"CA8097","AIR","SKU_COLLISION_EXISTING","EA38097","EA38097","REPLACE_EMPTY_PLACEHOLDER","SAFE_LEGACY_EMPTY_SLOT","C:\Users\ELIMSERVER\world-catalogue\elimfilters-vault\91-private-evidence\fram-usa-ld-catalog\fram-usa-ld-full-20260911\products\CA8097.json"
"CA8121","AIR","SKU_COLLISION_EXISTING","EA38121","EA37794","CREATE_OVERFLOW","OCCUPIED_SLOT_OVERFLOW","C:\Users\ELIMSERVER\world-catalogue\elimfilters-vault\91-private-evidence\fram-usa-ld-catalog\fram-usa-ld-full-20260911\products\CA8121.json"
"CA8130","AIR","SKU_COLLISION_EXISTING","EA38130","EA37455","CREATE_OVERFLOW","LEGACY_SLOT_PRESERVED_OVERFLOW","C:\Users\ELIMSERVER\world-catalogue\elimfilters-vault\91-private-evidence\fram-usa-ld-catalog\fram-usa-ld-full-20260911\products\CA8130.json"
"CA8133","AIR","SKU_COLLISION_EXISTING","EA38133","EA32047","CREATE_OVERFLOW","LEGACY_SLOT_PRESERVED_OVERFLOW","C:\Users\ELIMSERVER\world-catalogue\elimfilters-vault\91-private-evidence\fram-usa-ld-catalog\fram-usa-ld-full-20260911\products\CA8133.json"
"CA8162","AIR","SKU_COLLISION_EXISTING","EA38162","EA38123","CREATE_OVERFLOW","LEGACY_SLOT_PRESERVED_OVERFLOW","C:\Users\ELIMSERVER\world-catalogue\elimfilters-vault\91-private-evidence\fram-usa-ld-catalog\fram-usa-ld-full-20260911\products\CA8162.json"
"CA8180","AIR","SKU_COLLISION_EXISTING","EA38180","EA38180","REPLACE_EMPTY_PLACEHOLDER","SAFE_LEGACY_EMPTY_SLOT","C:\Users\ELIMSERVER\world-catalogue\elimfilters-vault\91-private-evidence\fram-usa-ld-catalog\fram-usa-ld-full-20260911\products\CA8180.json"
"CA8235","AIR","SKU_COLLISION_EXISTING","EA38235","EA38235","REPLACE_EMPTY_PLACEHOLDER","SAFE_LEGACY_EMPTY_SLOT","C:\Users\ELIMSERVER\world-catalogue\elimfilters-vault\91-private-evidence\fram-usa-ld-catalog\fram-usa-ld-full-20260911\products\CA8235.json"
"CA8269","AIR","SKU_COLLISION_EXISTING","EA38269","EA38269","REPLACE_EMPTY_PLACEHOLDER","SAFE_LEGACY_EMPTY_SLOT","C:\Users\ELIMSERVER\world-catalogue\elimfilters-vault\91-private-evidence\fram-usa-ld-catalog\fram-usa-ld-full-20260911\products\CA8269.json"
"CA8331","AIR","SKU_COLLISION_EXISTING","EA38331","EA34317","CREATE_OVERFLOW","LEGACY_SLOT_PRESERVED_OVERFLOW","C:\Users\ELIMSERVER\world-catalogue\elimfilters-vault\91-private-evidence\fram-usa-ld-catalog\fram-usa-ld-full-20260911\products\CA8331.json"
"CA8507","AIR","SKU_COLLISION_EXISTING","EA38507","EA35746","CREATE_OVERFLOW","LEGACY_SLOT_PRESERVED_OVERFLOW","C:\Users\ELIMSERVER\world-catalogue\elimfilters-vault\91-private-evidence\fram-usa-ld-catalog\fram-usa-ld-full-20260911\products\CA8507.json"
"CA8562","AIR","SKU_COLLISION_EXISTING","EA38562","EA38562","REPLACE_EMPTY_PLACEHOLDER","SAFE_LEGACY_EMPTY_SLOT","C:\Users\ELIMSERVER\world-catalogue\elimfilters-vault\91-private-evidence\fram-usa-ld-catalog\fram-usa-ld-full-20260911\products\CA8562.json"
"CA8596","AIR","FRAM_SKU_COLLISION","EA38596","","FINAL_QUARANTINE","FRAM_COLLISION_NOT_PROVEN_DISTINCT","C:\Users\ELIMSERVER\world-catalogue\elimfilters-vault\91-private-evidence\fram-usa-ld-catalog\fram-usa-ld-full-20260911\products\CA8596.json"
"CA8596SY","AIR","FRAM_SKU_COLLISION","EA38596","","FINAL_QUARANTINE","FRAM_COLLISION_NOT_PROVEN_DISTINCT","C:\Users\ELIMSERVER\world-catalogue\elimfilters-vault\91-private-evidence\fram-usa-ld-catalog\fram-usa-ld-full-20260911\products\CA8596SY.json"
"CA8601","AIR","SKU_COLLISION_EXISTING","EA38601","EA39928","CREATE_OVERFLOW","LEGACY_SLOT_PRESERVED_OVERFLOW","C:\Users\ELIMSERVER\world-catalogue\elimfilters-vault\91-private-evidence\fram-usa-ld-catalog\fram-usa-ld-full-20260911\products\CA8601.json"
"CA8602","AIR","SKU_COLLISION_EXISTING","EA38602","EA38508","CREATE_OVERFLOW","LEGACY_SLOT_PRESERVED_OVERFLOW","C:\Users\ELIMSERVER\world-catalogue\elimfilters-vault\91-private-evidence\fram-usa-ld-catalog\fram-usa-ld-full-20260911\products\CA8602.json"
"CA8606","AIR","SKU_COLLISION_EXISTING","EA38606","EA30793","CREATE_OVERFLOW","LEGACY_SLOT_PRESERVED_OVERFLOW","C:\Users\ELIMSERVER\world-catalogue\elimfilters-vault\91-private-evidence\fram-usa-ld-catalog\fram-usa-ld-full-20260911\products\CA8606.json"
"CA8621","AIR","FRAM_SKU_COLLISION","EA38621","","FINAL_QUARANTINE","FRAM_COLLISION_NOT_PROVEN_DISTINCT","C:\Users\ELIMSERVER\world-catalogue\elimfilters-vault\91-private-evidence\fram-usa-ld-catalog\fram-usa-ld-full-20260911\products\CA8621.json"
"CA8621SY","AIR","FRAM_SKU_COLLISION","EA38621","","FINAL_QUARANTINE","FRAM_COLLISION_NOT_PROVEN_DISTINCT","C:\Users\ELIMSERVER\world-catalogue\elimfilters-vault\91-private-evidence\fram-usa-ld-catalog\fram-usa-ld-full-20260911\products\CA8621SY.json"
"CA8720","AIR","INSUFFICIENT_EXISTING","EA38720","","FINAL_QUARANTINE","INSUFFICIENT_EXISTING_EVIDENCE","C:\Users\ELIMSERVER\world-catalogue\elimfilters-vault\91-private-evidence\fram-usa-ld-catalog\fram-usa-ld-full-20260911\products\CA8720.json"
"CA8731","AIR","SKU_COLLISION_EXISTING","EA38731","EA37243","CREATE_OVERFLOW","LEGACY_SLOT_PRESERVED_OVERFLOW","C:\Users\ELIMSERVER\world-catalogue\elimfilters-vault\91-private-evidence\fram-usa-ld-catalog\fram-usa-ld-full-20260911\products\CA8731.json"
"CA8754","AIR","INSUFFICIENT_EXISTING","EA38754","","FINAL_QUARANTINE","INSUFFICIENT_EXISTING_EVIDENCE","C:\Users\ELIMSERVER\world-catalogue\elimfilters-vault\91-private-evidence\fram-usa-ld-catalog\fram-usa-ld-full-20260911\products\CA8754.json"
"CA8768","AIR","INSUFFICIENT_EXISTING","EA38768","","FINAL_QUARANTINE","INSUFFICIENT_EXISTING_EVIDENCE","C:\Users\ELIMSERVER\world-catalogue\elimfilters-vault\91-private-evidence\fram-usa-ld-catalog\fram-usa-ld-full-20260911\products\CA8768.json"
"CA8960","AIR","SKU_COLLISION_EXISTING","EA38960","EA36314","CREATE_OVERFLOW","LEGACY_SLOT_PRESERVED_OVERFLOW","C:\Users\ELIMSERVER\world-catalogue\elimfilters-vault\91-private-evidence\fram-usa-ld-catalog\fram-usa-ld-full-20260911\products\CA8960.json"
"CA9002SY","AIR","SKU_COLLISION_EXISTING","EA39002","EA37677","CREATE_OVERFLOW","LEGACY_SLOT_PRESERVED_OVERFLOW","C:\Users\ELIMSERVER\world-catalogue\elimfilters-vault\91-private-evidence\fram-usa-ld-catalog\fram-usa-ld-full-20260911\products\CA9002SY.json"
"CA9003","AIR","SKU_COLLISION_EXISTING","EA39003","EA30524","CREATE_OVERFLOW","LEGACY_SLOT_PRESERVED_OVERFLOW","C:\Users\ELIMSERVER\world-catalogue\elimfilters-vault\91-private-evidence\fram-usa-ld-catalog\fram-usa-ld-full-20260911\products\CA9003.json"
"CA9003SY","AIR","SKU_COLLISION_EXISTING","EA39003","EA34619","CREATE_OVERFLOW","LEGACY_SLOT_PRESERVED_OVERFLOW","C:\Users\ELIMSERVER\world-catalogue\elimfilters-vault\91-private-evidence\fram-usa-ld-catalog\fram-usa-ld-full-20260911\products\CA9003SY.json"
"CA9054","AIR","SKU_COLLISION_EXISTING","EA39054","EA39054","REPLACE_EMPTY_PLACEHOLDER","SAFE_LEGACY_EMPTY_SLOT","C:\Users\ELIMSERVER\world-catalogue\elimfilters-vault\91-private-evidence\fram-usa-ld-catalog\fram-usa-ld-full-20260911\products\CA9054.json"
"CA9115","AIR","INSUFFICIENT_EXISTING","EA39115","","FINAL_QUARANTINE","INSUFFICIENT_EXISTING_EVIDENCE","C:\Users\ELIMSERVER\world-catalogue\elimfilters-vault\91-private-evidence\fram-usa-ld-catalog\fram-usa-ld-full-20260911\products\CA9115.json"
"CA9121","AIR","SKU_COLLISION_EXISTING","EA39121","EA33547","CREATE_OVERFLOW","LEGACY_SLOT_PRESERVED_OVERFLOW","C:\Users\ELIMSERVER\world-catalogue\elimfilters-vault\91-private-evidence\fram-usa-ld-catalog\fram-usa-ld-full-20260911\products\CA9121.json"
"CA9122","AIR","SKU_COLLISION_EXISTING","EA39122","EA35495","CREATE_OVERFLOW","LEGACY_SLOT_PRESERVED_OVERFLOW","C:\Users\ELIMSERVER\world-catalogue\elimfilters-vault\91-private-evidence\fram-usa-ld-catalog\fram-usa-ld-full-20260911\products\CA9122.json"
"CA9244SY","AIR","CROSS_FAMILY_DIRECT_CONFLICT","EA39244","","FINAL_QUARANTINE","CROSS_FAMILY_DIRECT_CONFLICT","C:\Users\ELIMSERVER\world-catalogue\elimfilters-vault\91-private-evidence\fram-usa-ld-catalog\fram-usa-ld-full-20260911\products\CA9244SY.json"
"CA9246SY","AIR","INSUFFICIENT_EXISTING","EA39246","","FINAL_QUARANTINE","INSUFFICIENT_EXISTING_EVIDENCE","C:\Users\ELIMSERVER\world-catalogue\elimfilters-vault\91-private-evidence\fram-usa-ld-catalog\fram-usa-ld-full-20260911\products\CA9246SY.json"
"CA9269","AIR","INSUFFICIENT_EXISTING","EA39269","","FINAL_QUARANTINE","INSUFFICIENT_EXISTING_EVIDENCE","C:\Users\ELIMSERVER\world-catalogue\elimfilters-vault\91-private-evidence\fram-usa-ld-catalog\fram-usa-ld-full-20260911\products\CA9269.json"
"CA9352SY","AIR","SKU_COLLISION_EXISTING","EA39352","EA37575","CREATE_OVERFLOW","LEGACY_SLOT_PRESERVED_OVERFLOW","C:\Users\ELIMSERVER\world-catalogue\elimfilters-vault\91-private-evidence\fram-usa-ld-catalog\fram-usa-ld-full-20260911\products\CA9352SY.json"
"CA9401","AIR","INSUFFICIENT_EXISTING","EA39401","","FINAL_QUARANTINE","INSUFFICIENT_EXISTING_EVIDENCE","C:\Users\ELIMSERVER\world-catalogue\elimfilters-vault\91-private-evidence\fram-usa-ld-catalog\fram-usa-ld-full-20260911\products\CA9401.json"
"CA9402","AIR","SKU_COLLISION_EXISTING","EA39402","EA39402","REPLACE_EMPTY_PLACEHOLDER","SAFE_LEGACY_EMPTY_SLOT","C:\Users\ELIMSERVER\world-catalogue\elimfilters-vault\91-private-evidence\fram-usa-ld-catalog\fram-usa-ld-full-20260911\products\CA9402.json"
"CA9492","AIR","SKU_COLLISION_EXISTING","EA39492","EA39492","REPLACE_EMPTY_PLACEHOLDER","SAFE_LEGACY_EMPTY_SLOT","C:\Users\ELIMSERVER\world-catalogue\elimfilters-vault\91-private-evidence\fram-usa-ld-catalog\fram-usa-ld-full-20260911\products\CA9492.json"
"CA9493","AIR","SKU_COLLISION_EXISTING","EA39493","EA39493","REPLACE_EMPTY_PLACEHOLDER","SAFE_LEGACY_EMPTY_SLOT","C:\Users\ELIMSERVER\world-catalogue\elimfilters-vault\91-private-evidence\fram-usa-ld-catalog\fram-usa-ld-full-20260911\products\CA9493.json"
"CA9501","AIR","SKU_COLLISION_EXISTING","EA39501","EA33878","CREATE_OVERFLOW","LEGACY_SLOT_PRESERVED_OVERFLOW","C:\Users\ELIMSERVER\world-catalogue\elimfilters-vault\91-private-evidence\fram-usa-ld-catalog\fram-usa-ld-full-20260911\products\CA9501.json"
"CA9550","AIR","SKU_COLLISION_EXISTING","EA39550","EA38230","CREATE_OVERFLOW","LEGACY_SLOT_PRESERVED_OVERFLOW","C:\Users\ELIMSERVER\world-catalogue\elimfilters-vault\91-private-evidence\fram-usa-ld-catalog\fram-usa-ld-full-20260911\products\CA9550.json"
"CA9550S","AIR","SKU_COLLISION_EXISTING","EA39550","EA37623","CREATE_OVERFLOW","LEGACY_SLOT_PRESERVED_OVERFLOW","C:\Users\ELIMSERVER\world-catalogue\elimfilters-vault\91-private-evidence\fram-usa-ld-catalog\fram-usa-ld-full-20260911\products\CA9550S.json"
"CA9634","AIR","INSUFFICIENT_EXISTING","EA39634","","FINAL_QUARANTINE","INSUFFICIENT_EXISTING_EVIDENCE","C:\Users\ELIMSERVER\world-catalogue\elimfilters-vault\91-private-evidence\fram-usa-ld-catalog\fram-usa-ld-full-20260911\products\CA9634.json"
"CA9736","AIR","FRAM_SKU_COLLISION","EA39736","","FINAL_QUARANTINE","FRAM_COLLISION_NOT_PROVEN_DISTINCT","C:\Users\ELIMSERVER\world-catalogue\elimfilters-vault\91-private-evidence\fram-usa-ld-catalog\fram-usa-ld-full-20260911\products\CA9736.json"
"CA9736SY","AIR","FRAM_SKU_COLLISION","EA39736","","FINAL_QUARANTINE","FRAM_COLLISION_NOT_PROVEN_DISTINCT","C:\Users\ELIMSERVER\world-catalogue\elimfilters-vault\91-private-evidence\fram-usa-ld-catalog\fram-usa-ld-full-20260911\products\CA9736SY.json"
"CA9872","AIR","FRAM_SKU_COLLISION","EA39872","EA39872","CREATE_STANDARD","DISTINCT_GROUP_CANONICAL_STANDARD_SLOT","C:\Users\ELIMSERVER\world-catalogue\elimfilters-vault\91-private-evidence\fram-usa-ld-catalog\fram-usa-ld-full-20260911\products\CA9872.json"
"CA9872SY","AIR","FRAM_SKU_COLLISION","EA39872","EA32736","CREATE_OVERFLOW","DISTINCT_GROUP_OVERFLOW","C:\Users\ELIMSERVER\world-catalogue\elimfilters-vault\91-private-evidence\fram-usa-ld-catalog\fram-usa-ld-full-20260911\products\CA9872SY.json"
"CA9873","AIR","FRAM_SKU_COLLISION","EA39873","","FINAL_QUARANTINE","FRAM_COLLISION_NOT_PROVEN_DISTINCT","C:\Users\ELIMSERVER\world-catalogue\elimfilters-vault\91-private-evidence\fram-usa-ld-catalog\fram-usa-ld-full-20260911\products\CA9873.json"
"CA9873SY","AIR","FRAM_SKU_COLLISION","EA39873","","FINAL_QUARANTINE","FRAM_COLLISION_NOT_PROVEN_DISTINCT","C:\Users\ELIMSERVER\world-catalogue\elimfilters-vault\91-private-evidence\fram-usa-ld-catalog\fram-usa-ld-full-20260911\products\CA9873SY.json"
"CA9901","AIR","SKU_COLLISION_EXISTING","EA39901","EA34183","CREATE_OVERFLOW","LEGACY_SLOT_PRESERVED_OVERFLOW","C:\Users\ELIMSERVER\world-catalogue\elimfilters-vault\91-private-evidence\fram-usa-ld-catalog\fram-usa-ld-full-20260911\products\CA9901.json"
"CA9901SY","AIR","SKU_COLLISION_EXISTING","EA39901","EA37204","CREATE_OVERFLOW","LEGACY_SLOT_PRESERVED_OVERFLOW","C:\Users\ELIMSERVER\world-catalogue\elimfilters-vault\91-private-evidence\fram-usa-ld-catalog\fram-usa-ld-full-20260911\products\CA9901SY.json"
"CA9902","AIR","SKU_COLLISION_EXISTING","EA39902","EA39902","REPLACE_EMPTY_PLACEHOLDER","SAFE_LEGACY_EMPTY_SLOT","C:\Users\ELIMSERVER\world-catalogue\elimfilters-vault\91-private-evidence\fram-usa-ld-catalog\fram-usa-ld-full-20260911\products\CA9902.json"
"CA9912","AIR","SKU_COLLISION_EXISTING","EA39912","EA36838","CREATE_OVERFLOW","LEGACY_SLOT_PRESERVED_OVERFLOW","C:\Users\ELIMSERVER\world-catalogue\elimfilters-vault\91-private-evidence\fram-usa-ld-catalog\fram-usa-ld-full-20260911\products\CA9912.json"
"CA9966","AIR","FRAM_SKU_COLLISION","EA39966","EA39966","CREATE_STANDARD","DISTINCT_GROUP_CANONICAL_STANDARD_SLOT","C:\Users\ELIMSERVER\world-catalogue\elimfilters-vault\91-private-evidence\fram-usa-ld-catalog\fram-usa-ld-full-20260911\products\CA9966.json"
"CA9966SY","AIR","FRAM_SKU_COLLISION","EA39966","EA39701","CREATE_OVERFLOW","DISTINCT_GROUP_OVERFLOW","C:\Users\ELIMSERVER\world-catalogue\elimfilters-vault\91-private-evidence\fram-usa-ld-catalog\fram-usa-ld-full-20260911\products\CA9966SY.json"
"CF10074","CABIN","INSUFFICIENT_EXISTING","EC30074","","FINAL_QUARANTINE","INSUFFICIENT_EXISTING_EVIDENCE","C:\Users\ELIMSERVER\world-catalogue\elimfilters-vault\91-private-evidence\fram-usa-ld-catalog\fram-usa-ld-full-20260911\products\CF10074.json"
"CF10133","CABIN","INSUFFICIENT_EXISTING","EC30133","","FINAL_QUARANTINE","INSUFFICIENT_EXISTING_EVIDENCE","C:\Users\ELIMSERVER\world-catalogue\elimfilters-vault\91-private-evidence\fram-usa-ld-catalog\fram-usa-ld-full-20260911\products\CF10133.json"
"CF10135","CABIN","INSUFFICIENT_EXISTING","EC30135","","FINAL_QUARANTINE","INSUFFICIENT_EXISTING_EVIDENCE","C:\Users\ELIMSERVER\world-catalogue\elimfilters-vault\91-private-evidence\fram-usa-ld-catalog\fram-usa-ld-full-20260911\products\CF10135.json"
"CF10138","CABIN","FRAM_SKU_COLLISION","EC30138","EC30138","CREATE_STANDARD","DISTINCT_GROUP_CANONICAL_STANDARD_SLOT","C:\Users\ELIMSERVER\world-catalogue\elimfilters-vault\91-private-evidence\fram-usa-ld-catalog\fram-usa-ld-full-20260911\products\CF10138.json"
"CF10208","CABIN","INSUFFICIENT_EXISTING","EC30208","","FINAL_QUARANTINE","INSUFFICIENT_EXISTING_EVIDENCE","C:\Users\ELIMSERVER\world-catalogue\elimfilters-vault\91-private-evidence\fram-usa-ld-catalog\fram-usa-ld-full-20260911\products\CF10208.json"
"CF10360","CABIN","FRAM_SKU_COLLISION","EC30360","EC30360","CREATE_STANDARD","DISTINCT_GROUP_CANONICAL_STANDARD_SLOT","C:\Users\ELIMSERVER\world-catalogue\elimfilters-vault\91-private-evidence\fram-usa-ld-catalog\fram-usa-ld-full-20260911\products\CF10360.json"
"CF10364","CABIN","FRAM_SKU_COLLISION","EC30364","EC30364","CREATE_STANDARD","DISTINCT_GROUP_CANONICAL_STANDARD_SLOT","C:\Users\ELIMSERVER\world-catalogue\elimfilters-vault\91-private-evidence\fram-usa-ld-catalog\fram-usa-ld-full-20260911\products\CF10364.json"
"CF10370","CABIN","FRAM_SKU_COLLISION","EC30370","EC30370","CREATE_STANDARD","DISTINCT_GROUP_CANONICAL_STANDARD_SLOT","C:\Users\ELIMSERVER\world-catalogue\elimfilters-vault\91-private-evidence\fram-usa-ld-catalog\fram-usa-ld-full-20260911\products\CF10370.json"
"CF10372","CABIN","SKU_COLLISION_EXISTING","EC30372","EC30372","REPLACE_EMPTY_PLACEHOLDER","SAFE_LEGACY_EMPTY_SLOT","C:\Users\ELIMSERVER\world-catalogue\elimfilters-vault\91-private-evidence\fram-usa-ld-catalog\fram-usa-ld-full-20260911\products\CF10372.json"
"CF10373","CABIN","FRAM_SKU_COLLISION","EC30373","EC30373","CREATE_STANDARD","DISTINCT_GROUP_CANONICAL_STANDARD_SLOT","C:\Users\ELIMSERVER\world-catalogue\elimfilters-vault\91-private-evidence\fram-usa-ld-catalog\fram-usa-ld-full-20260911\products\CF10373.json"
"CF10388","CABIN","FRAM_SKU_COLLISION","EC30388","EC30388","CREATE_STANDARD","DISTINCT_GROUP_CANONICAL_STANDARD_SLOT","C:\Users\ELIMSERVER\world-catalogue\elimfilters-vault\91-private-evidence\fram-usa-ld-catalog\fram-usa-ld-full-20260911\products\CF10388.json"
"CF10436","CABIN","FRAM_SKU_COLLISION","EC30436","EC30436","CREATE_STANDARD","DISTINCT_GROUP_CANONICAL_STANDARD_SLOT","C:\Users\ELIMSERVER\world-catalogue\elimfilters-vault\91-private-evidence\fram-usa-ld-catalog\fram-usa-ld-full-20260911\products\CF10436.json"
"CF10550","CABIN","FRAM_SKU_COLLISION","EC30550","EC30550","CREATE_STANDARD","DISTINCT_GROUP_CANONICAL_STANDARD_SLOT","C:\Users\ELIMSERVER\world-catalogue\elimfilters-vault\91-private-evidence\fram-usa-ld-catalog\fram-usa-ld-full-20260911\products\CF10550.json"
"CF10612","CABIN","SKU_COLLISION_EXISTING","EC30612","EC30612","REPLACE_EMPTY_PLACEHOLDER","SAFE_LEGACY_EMPTY_SLOT","C:\Users\ELIMSERVER\world-catalogue\elimfilters-vault\91-private-evidence\fram-usa-ld-catalog\fram-usa-ld-full-20260911\products\CF10612.json"
"CF10727","CABIN","FRAM_SKU_COLLISION","EC30727","EC30727","CREATE_STANDARD","DISTINCT_GROUP_CANONICAL_STANDARD_SLOT","C:\Users\ELIMSERVER\world-catalogue\elimfilters-vault\91-private-evidence\fram-usa-ld-catalog\fram-usa-ld-full-20260911\products\CF10727.json"
"CF10775","CABIN","FRAM_SKU_COLLISION","EC30775","EC30775","CREATE_STANDARD","DISTINCT_GROUP_CANONICAL_STANDARD_SLOT","C:\Users\ELIMSERVER\world-catalogue\elimfilters-vault\91-private-evidence\fram-usa-ld-catalog\fram-usa-ld-full-20260911\products\CF10775.json"
"CF11173","CABIN","INSUFFICIENT_EXISTING","EC31173","","FINAL_QUARANTINE","INSUFFICIENT_EXISTING_EVIDENCE","C:\Users\ELIMSERVER\world-catalogue\elimfilters-vault\91-private-evidence\fram-usa-ld-catalog\fram-usa-ld-full-20260911\products\CF11173.json"
"CF11183","CABIN","FRAM_SKU_COLLISION","EC31183","EC31183","CREATE_STANDARD","DISTINCT_GROUP_CANONICAL_STANDARD_SLOT","C:\Users\ELIMSERVER\world-catalogue\elimfilters-vault\91-private-evidence\fram-usa-ld-catalog\fram-usa-ld-full-20260911\products\CF11183.json"
"CF11643","CABIN","FRAM_SKU_COLLISION","EC31643","EC31643","CREATE_STANDARD","DISTINCT_GROUP_CANONICAL_STANDARD_SLOT","C:\Users\ELIMSERVER\world-catalogue\elimfilters-vault\91-private-evidence\fram-usa-ld-catalog\fram-usa-ld-full-20260911\products\CF11643.json"
"CF11663","CABIN","INSUFFICIENT_EXISTING","EC31663","","FINAL_QUARANTINE","INSUFFICIENT_EXISTING_EVIDENCE","C:\Users\ELIMSERVER\world-catalogue\elimfilters-vault\91-private-evidence\fram-usa-ld-catalog\fram-usa-ld-full-20260911\products\CF11663.json"
"CF11719","CABIN","FRAM_SKU_COLLISION","EC31719","EC31719","CREATE_STANDARD","DISTINCT_GROUP_CANONICAL_STANDARD_SLOT","C:\Users\ELIMSERVER\world-catalogue\elimfilters-vault\91-private-evidence\fram-usa-ld-catalog\fram-usa-ld-full-20260911\products\CF11719.json"
"CF11810","CABIN","SKU_COLLISION_EXISTING","EC31810","EC30819","CREATE_OVERFLOW","LEGACY_SLOT_PRESERVED_OVERFLOW","C:\Users\ELIMSERVER\world-catalogue\elimfilters-vault\91-private-evidence\fram-usa-ld-catalog\fram-usa-ld-full-20260911\products\CF11810.json"
"CF11919","CABIN","SKU_COLLISION_EXISTING","EC31919","EC31240","CREATE_OVERFLOW","LEGACY_SLOT_PRESERVED_OVERFLOW","C:\Users\ELIMSERVER\world-catalogue\elimfilters-vault\91-private-evidence\fram-usa-ld-catalog\fram-usa-ld-full-20260911\products\CF11919.json"
"CF11966","CABIN","FRAM_SKU_COLLISION","EC31966","EC31966","CREATE_STANDARD","DISTINCT_GROUP_CANONICAL_STANDARD_SLOT","C:\Users\ELIMSERVER\world-catalogue\elimfilters-vault\91-private-evidence\fram-usa-ld-catalog\fram-usa-ld-full-20260911\products\CF11966.json"
"CF12000","CABIN","SKU_COLLISION_EXISTING","EC32000","EC36108","CREATE_OVERFLOW","LEGACY_SLOT_PRESERVED_OVERFLOW","C:\Users\ELIMSERVER\world-catalogue\elimfilters-vault\91-private-evidence\fram-usa-ld-catalog\fram-usa-ld-full-20260911\products\CF12000.json"
"CF12002","CABIN","SKU_COLLISION_EXISTING","EC32002","EC39437","CREATE_OVERFLOW","LEGACY_SLOT_PRESERVED_OVERFLOW","C:\Users\ELIMSERVER\world-catalogue\elimfilters-vault\91-private-evidence\fram-usa-ld-catalog\fram-usa-ld-full-20260911\products\CF12002.json"
"CF12150","CABIN","FRAM_SKU_COLLISION","EC32150","EC32150","CREATE_STANDARD","DISTINCT_GROUP_CANONICAL_STANDARD_SLOT","C:\Users\ELIMSERVER\world-catalogue\elimfilters-vault\91-private-evidence\fram-usa-ld-catalog\fram-usa-ld-full-20260911\products\CF12150.json"
"CF12159","CABIN","FRAM_SKU_COLLISION","EC32159","EC32159","CREATE_STANDARD","DISTINCT_GROUP_CANONICAL_STANDARD_SLOT","C:\Users\ELIMSERVER\world-catalogue\elimfilters-vault\91-private-evidence\fram-usa-ld-catalog\fram-usa-ld-full-20260911\products\CF12159.json"
"CF12436","CABIN","SKU_COLLISION_EXISTING","EC32436","EC36399","CREATE_OVERFLOW","LEGACY_SLOT_PRESERVED_OVERFLOW","C:\Users\ELIMSERVER\world-catalogue\elimfilters-vault\91-private-evidence\fram-usa-ld-catalog\fram-usa-ld-full-20260911\products\CF12436.json"
"CF12450","CABIN","SKU_COLLISION_EXISTING","EC32450","EC33584","CREATE_OVERFLOW","LEGACY_SLOT_PRESERVED_OVERFLOW","C:\Users\ELIMSERVER\world-catalogue\elimfilters-vault\91-private-evidence\fram-usa-ld-catalog\fram-usa-ld-full-20260911\products\CF12450.json"
"CF5972A","CABIN","INSUFFICIENT_EXISTING","EC35972","","FINAL_QUARANTINE","INSUFFICIENT_EXISTING_EVIDENCE","C:\Users\ELIMSERVER\world-catalogue\elimfilters-vault\91-private-evidence\fram-usa-ld-catalog\fram-usa-ld-full-20260911\products\CF5972A.json"
"CF8392A","CABIN","FRAM_SKU_COLLISION","EC38392","EC38392","CREATE_STANDARD","DISTINCT_GROUP_CANONICAL_STANDARD_SLOT","C:\Users\ELIMSERVER\world-catalogue\elimfilters-vault\91-private-evidence\fram-usa-ld-catalog\fram-usa-ld-full-20260911\products\CF8392A.json"
"CF8770A","CABIN","INSUFFICIENT_EXISTING","EC38770","","FINAL_QUARANTINE","INSUFFICIENT_EXISTING_EVIDENCE","C:\Users\ELIMSERVER\world-catalogue\elimfilters-vault\91-private-evidence\fram-usa-ld-catalog\fram-usa-ld-full-20260911\products\CF8770A.json"
"CH10075","LUBE","SKU_COLLISION_EXISTING","EL30075","EL30075","REPLACE_EMPTY_PLACEHOLDER","SAFE_LEGACY_EMPTY_SLOT","C:\Users\ELIMSERVER\world-catalogue\elimfilters-vault\91-private-evidence\fram-usa-ld-catalog\fram-usa-ld-full-20260911\products\CH10075.json"
"CH10384","LUBE","SKU_COLLISION_EXISTING","EL30384","EL30384","REPLACE_EMPTY_PLACEHOLDER","SAFE_LEGACY_EMPTY_SLOT","C:\Users\ELIMSERVER\world-catalogue\elimfilters-vault\91-private-evidence\fram-usa-ld-catalog\fram-usa-ld-full-20260911\products\CH10384.json"
"CH10855","LUBE","FRAM_SKU_COLLISION","EL30855","EL30855","CREATE_STANDARD","DISTINCT_GROUP_CANONICAL_STANDARD_SLOT","C:\Users\ELIMSERVER\world-catalogue\elimfilters-vault\91-private-evidence\fram-usa-ld-catalog\fram-usa-ld-full-20260911\products\CH10855.json"
"CH10952","LUBE","SKU_COLLISION_EXISTING","EL30952","EL30952","REPLACE_EMPTY_PLACEHOLDER","SAFE_LEGACY_EMPTY_SLOT","C:\Users\ELIMSERVER\world-catalogue\elimfilters-vault\91-private-evidence\fram-usa-ld-catalog\fram-usa-ld-full-20260911\products\CH10952.json"
"CH11008","LUBE","SKU_COLLISION_EXISTING","EL31008","EL34563","CREATE_OVERFLOW","LEGACY_SLOT_PRESERVED_OVERFLOW","C:\Users\ELIMSERVER\world-catalogue\elimfilters-vault\91-private-evidence\fram-usa-ld-catalog\fram-usa-ld-full-20260911\products\CH11008.json"
"CH11038","LUBE","INSUFFICIENT_EXISTING","EL31038","","FINAL_QUARANTINE","INSUFFICIENT_EXISTING_EVIDENCE","C:\Users\ELIMSERVER\world-catalogue\elimfilters-vault\91-private-evidence\fram-usa-ld-catalog\fram-usa-ld-full-20260911\products\CH11038.json"
"CH11242","LUBE","SKU_COLLISION_EXISTING","EL31242","EL32432","CREATE_OVERFLOW","LEGACY_SLOT_PRESERVED_OVERFLOW","C:\Users\ELIMSERVER\world-catalogue\elimfilters-vault\91-private-evidence\fram-usa-ld-catalog\fram-usa-ld-full-20260911\products\CH11242.json"
"CH11665","LUBE","INSUFFICIENT_EXISTING","EL31665","","FINAL_QUARANTINE","INSUFFICIENT_EXISTING_EVIDENCE","C:\Users\ELIMSERVER\world-catalogue\elimfilters-vault\91-private-evidence\fram-usa-ld-catalog\fram-usa-ld-full-20260911\products\CH11665.json"
"CH11934","LUBE","FRAM_SKU_COLLISION","EL31934","EL31934","CREATE_STANDARD","DISTINCT_GROUP_CANONICAL_STANDARD_SLOT","C:\Users\ELIMSERVER\world-catalogue\elimfilters-vault\91-private-evidence\fram-usa-ld-catalog\fram-usa-ld-full-20260911\products\CH11934.json"
"CH14PL","LUBE","SKU_COLLISION_EXISTING","EL30014","EL33601","CREATE_OVERFLOW","LEGACY_SLOT_PRESERVED_OVERFLOW","C:\Users\ELIMSERVER\world-catalogue\elimfilters-vault\91-private-evidence\fram-usa-ld-catalog\fram-usa-ld-full-20260911\products\CH14PL.json"
"CH191APL","LUBE","SKU_COLLISION_EXISTING","EL30191","EL30191","REPLACE_EMPTY_PLACEHOLDER","SAFE_LEGACY_EMPTY_SLOT","C:\Users\ELIMSERVER\world-catalogue\elimfilters-vault\91-private-evidence\fram-usa-ld-catalog\fram-usa-ld-full-20260911\products\CH191APL.json"
"CH200PL","LUBE","SKU_COLLISION_EXISTING","EL30200","EL32077","CREATE_OVERFLOW","LEGACY_SLOT_PRESERVED_OVERFLOW","C:\Users\ELIMSERVER\world-catalogue\elimfilters-vault\91-private-evidence\fram-usa-ld-catalog\fram-usa-ld-full-20260911\products\CH200PL.json"
"CH211A","LUBE","SKU_COLLISION_EXISTING","EL30211","EL32116","CREATE_OVERFLOW","LEGACY_SLOT_PRESERVED_OVERFLOW","C:\Users\ELIMSERVER\world-catalogue\elimfilters-vault\91-private-evidence\fram-usa-ld-catalog\fram-usa-ld-full-20260911\products\CH211A.json"
"CH236APL","LUBE","SKU_COLLISION_EXISTING","EL30236","EL33857","CREATE_OVERFLOW","LEGACY_SLOT_PRESERVED_OVERFLOW","C:\Users\ELIMSERVER\world-catalogue\elimfilters-vault\91-private-evidence\fram-usa-ld-catalog\fram-usa-ld-full-20260911\products\CH236APL.json"
"CH6003","LUBE","SKU_COLLISION_EXISTING","EL36003","EL36003","REPLACE_EMPTY_PLACEHOLDER","SAFE_LEGACY_EMPTY_SLOT","C:\Users\ELIMSERVER\world-catalogue\elimfilters-vault\91-private-evidence\fram-usa-ld-catalog\fram-usa-ld-full-20260911\products\CH6003.json"
"CH6004","LUBE","SKU_COLLISION_EXISTING","EL36004","EL34870","CREATE_OVERFLOW","OCCUPIED_SLOT_OVERFLOW","C:\Users\ELIMSERVER\world-catalogue\elimfilters-vault\91-private-evidence\fram-usa-ld-catalog\fram-usa-ld-full-20260911\products\CH6004.json"
"CH6006","LUBE","INSUFFICIENT_EXISTING","EL36006","","FINAL_QUARANTINE","INSUFFICIENT_EXISTING_EVIDENCE","C:\Users\ELIMSERVER\world-catalogue\elimfilters-vault\91-private-evidence\fram-usa-ld-catalog\fram-usa-ld-full-20260911\products\CH6006.json"
"CH6007","LUBE","SKU_COLLISION_EXISTING","EL36007","EL39910","CREATE_OVERFLOW","LEGACY_SLOT_PRESERVED_OVERFLOW","C:\Users\ELIMSERVER\world-catalogue\elimfilters-vault\91-private-evidence\fram-usa-ld-catalog\fram-usa-ld-full-20260911\products\CH6007.json"
"CH6009","LUBE","SKU_COLLISION_EXISTING","EL36009","EL38900","CREATE_OVERFLOW","LEGACY_SLOT_PRESERVED_OVERFLOW","C:\Users\ELIMSERVER\world-catalogue\elimfilters-vault\91-private-evidence\fram-usa-ld-catalog\fram-usa-ld-full-20260911\products\CH6009.json"
"CH6012","LUBE","SKU_COLLISION_EXISTING","EL36012","EL33707","CREATE_OVERFLOW","OCCUPIED_SLOT_OVERFLOW","C:\Users\ELIMSERVER\world-catalogue\elimfilters-vault\91-private-evidence\fram-usa-ld-catalog\fram-usa-ld-full-20260911\products\CH6012.json"
"CH6014","LUBE","SKU_COLLISION_EXISTING","EL36014","EL33397","CREATE_OVERFLOW","OCCUPIED_SLOT_OVERFLOW","C:\Users\ELIMSERVER\world-catalogue\elimfilters-vault\91-private-evidence\fram-usa-ld-catalog\fram-usa-ld-full-20260911\products\CH6014.json"
"CH6015","LUBE","SKU_COLLISION_EXISTING","EL36015","EL33208","CREATE_OVERFLOW","OCCUPIED_SLOT_OVERFLOW","C:\Users\ELIMSERVER\world-catalogue\elimfilters-vault\91-private-evidence\fram-usa-ld-catalog\fram-usa-ld-full-20260911\products\CH6015.json"
"CH6103","LUBE","SKU_COLLISION_EXISTING","EL36103","EL34821","CREATE_OVERFLOW","LEGACY_SLOT_PRESERVED_OVERFLOW","C:\Users\ELIMSERVER\world-catalogue\elimfilters-vault\91-private-evidence\fram-usa-ld-catalog\fram-usa-ld-full-20260911\products\CH6103.json"
"CH820PL","LUBE","SKU_COLLISION_EXISTING","EL30820","EL30895","CREATE_OVERFLOW","LEGACY_SLOT_PRESERVED_OVERFLOW","C:\Users\ELIMSERVER\world-catalogue\elimfilters-vault\91-private-evidence\fram-usa-ld-catalog\fram-usa-ld-full-20260911\products\CH820PL.json"
"CH8481","LUBE","SKU_COLLISION_EXISTING","EL38481","EL36049","CREATE_OVERFLOW","OCCUPIED_SLOT_OVERFLOW","C:\Users\ELIMSERVER\world-catalogue\elimfilters-vault\91-private-evidence\fram-usa-ld-catalog\fram-usa-ld-full-20260911\products\CH8481.json"
"CH9301","LUBE","SKU_COLLISION_EXISTING","EL39301","EL30253","CREATE_OVERFLOW","LEGACY_SLOT_PRESERVED_OVERFLOW","C:\Users\ELIMSERVER\world-catalogue\elimfilters-vault\91-private-evidence\fram-usa-ld-catalog\fram-usa-ld-full-20260911\products\CH9301.json"
"CH962PL","LUBE","SKU_COLLISION_EXISTING","EL30962","EL30762","CREATE_OVERFLOW","LEGACY_SLOT_PRESERVED_OVERFLOW","C:\Users\ELIMSERVER\world-catalogue\elimfilters-vault\91-private-evidence\fram-usa-ld-catalog\fram-usa-ld-full-20260911\products\CH962PL.json"
"CH9641","LUBE","AMBIGUOUS_EXISTING","EL39641","","FINAL_QUARANTINE","AMBIGUOUS_EXISTING_EVIDENCE","C:\Users\ELIMSERVER\world-catalogue\elimfilters-vault\91-private-evidence\fram-usa-ld-catalog\fram-usa-ld-full-20260911\products\CH9641.json"
"CV10138","CABIN","FRAM_SKU_COLLISION","EC30138","EC31843","CREATE_OVERFLOW","DISTINCT_GROUP_OVERFLOW","C:\Users\ELIMSERVER\world-catalogue\elimfilters-vault\91-private-evidence\fram-usa-ld-catalog\fram-usa-ld-full-20260911\products\CV10138.json"
"CV8392A","CABIN","FRAM_SKU_COLLISION","EC38392","EC34900","CREATE_OVERFLOW","DISTINCT_GROUP_OVERFLOW","C:\Users\ELIMSERVER\world-catalogue\elimfilters-vault\91-private-evidence\fram-usa-ld-catalog\fram-usa-ld-full-20260911\products\CV8392A.json"
"FD5618","LUBE","INSUFFICIENT_EXISTING","EL35618","","FINAL_QUARANTINE","INSUFFICIENT_EXISTING_EVIDENCE","C:\Users\ELIMSERVER\world-catalogue\elimfilters-vault\91-private-evidence\fram-usa-ld-catalog\fram-usa-ld-full-20260911\products\FD5618.json"
"FDC10360C","CABIN","FRAM_SKU_COLLISION","EC30360","EC31092","CREATE_OVERFLOW","DISTINCT_GROUP_OVERFLOW","C:\Users\ELIMSERVER\world-catalogue\elimfilters-vault\91-private-evidence\fram-usa-ld-catalog\fram-usa-ld-full-20260911\products\FDC10360C.json"
"FDC10364C","CABIN","FRAM_SKU_COLLISION","EC30364","EC39500","CREATE_OVERFLOW","DISTINCT_GROUP_OVERFLOW","C:\Users\ELIMSERVER\world-catalogue\elimfilters-vault\91-private-evidence\fram-usa-ld-catalog\fram-usa-ld-full-20260911\products\FDC10364C.json"
"FDC10370C","CABIN","FRAM_SKU_COLLISION","EC30370","EC35474","CREATE_OVERFLOW","DISTINCT_GROUP_OVERFLOW","C:\Users\ELIMSERVER\world-catalogue\elimfilters-vault\91-private-evidence\fram-usa-ld-catalog\fram-usa-ld-full-20260911\products\FDC10370C.json"
"FDC10373C","CABIN","FRAM_SKU_COLLISION","EC30373","EC34455","CREATE_OVERFLOW","DISTINCT_GROUP_OVERFLOW","C:\Users\ELIMSERVER\world-catalogue\elimfilters-vault\91-private-evidence\fram-usa-ld-catalog\fram-usa-ld-full-20260911\products\FDC10373C.json"
"FDC10388C","CABIN","FRAM_SKU_COLLISION","EC30388","EC35684","CREATE_OVERFLOW","DISTINCT_GROUP_OVERFLOW","C:\Users\ELIMSERVER\world-catalogue\elimfilters-vault\91-private-evidence\fram-usa-ld-catalog\fram-usa-ld-full-20260911\products\FDC10388C.json"
"FDC10436C","CABIN","FRAM_SKU_COLLISION","EC30436","EC36220","CREATE_OVERFLOW","DISTINCT_GROUP_OVERFLOW","C:\Users\ELIMSERVER\world-catalogue\elimfilters-vault\91-private-evidence\fram-usa-ld-catalog\fram-usa-ld-full-20260911\products\FDC10436C.json"
"FDC10550C","CABIN","FRAM_SKU_COLLISION","EC30550","EC33194","CREATE_OVERFLOW","DISTINCT_GROUP_OVERFLOW","C:\Users\ELIMSERVER\world-catalogue\elimfilters-vault\91-private-evidence\fram-usa-ld-catalog\fram-usa-ld-full-20260911\products\FDC10550C.json"
"FDC10727C","CABIN","FRAM_SKU_COLLISION","EC30727","EC39585","CREATE_OVERFLOW","DISTINCT_GROUP_OVERFLOW","C:\Users\ELIMSERVER\world-catalogue\elimfilters-vault\91-private-evidence\fram-usa-ld-catalog\fram-usa-ld-full-20260911\products\FDC10727C.json"
"FDC10775C","CABIN","FRAM_SKU_COLLISION","EC30775","EC34730","CREATE_OVERFLOW","DISTINCT_GROUP_OVERFLOW","C:\Users\ELIMSERVER\world-catalogue\elimfilters-vault\91-private-evidence\fram-usa-ld-catalog\fram-usa-ld-full-20260911\products\FDC10775C.json"
"FDC11173C","CABIN","INSUFFICIENT_EXISTING","EC31173","","FINAL_QUARANTINE","INSUFFICIENT_EXISTING_EVIDENCE","C:\Users\ELIMSERVER\world-catalogue\elimfilters-vault\91-private-evidence\fram-usa-ld-catalog\fram-usa-ld-full-20260911\products\FDC11173C.json"
"FDC11183C","CABIN","FRAM_SKU_COLLISION","EC31183","EC34317","CREATE_OVERFLOW","DISTINCT_GROUP_OVERFLOW","C:\Users\ELIMSERVER\world-catalogue\elimfilters-vault\91-private-evidence\fram-usa-ld-catalog\fram-usa-ld-full-20260911\products\FDC11183C.json"
"FDC11643C","CABIN","FRAM_SKU_COLLISION","EC31643","EC37061","CREATE_OVERFLOW","DISTINCT_GROUP_OVERFLOW","C:\Users\ELIMSERVER\world-catalogue\elimfilters-vault\91-private-evidence\fram-usa-ld-catalog\fram-usa-ld-full-20260911\products\FDC11643C.json"
"FDC11663C","CABIN","INSUFFICIENT_EXISTING","EC31663","","FINAL_QUARANTINE","INSUFFICIENT_EXISTING_EVIDENCE","C:\Users\ELIMSERVER\world-catalogue\elimfilters-vault\91-private-evidence\fram-usa-ld-catalog\fram-usa-ld-full-20260911\products\FDC11663C.json"
"FDC11719C","CABIN","FRAM_SKU_COLLISION","EC31719","EC30347","CREATE_OVERFLOW","DISTINCT_GROUP_OVERFLOW","C:\Users\ELIMSERVER\world-catalogue\elimfilters-vault\91-private-evidence\fram-usa-ld-catalog\fram-usa-ld-full-20260911\products\FDC11719C.json"
"FDC11810C","CABIN","SKU_COLLISION_EXISTING","EC31810","EC30669","CREATE_OVERFLOW","LEGACY_SLOT_PRESERVED_OVERFLOW","C:\Users\ELIMSERVER\world-catalogue\elimfilters-vault\91-private-evidence\fram-usa-ld-catalog\fram-usa-ld-full-20260911\products\FDC11810C.json"
"FDC11966C","CABIN","FRAM_SKU_COLLISION","EC31966","EC38903","CREATE_OVERFLOW","DISTINCT_GROUP_OVERFLOW","C:\Users\ELIMSERVER\world-catalogue\elimfilters-vault\91-private-evidence\fram-usa-ld-catalog\fram-usa-ld-full-20260911\products\FDC11966C.json"
"FDC12150C","CABIN","FRAM_SKU_COLLISION","EC32150","EC38590","CREATE_OVERFLOW","DISTINCT_GROUP_OVERFLOW","C:\Users\ELIMSERVER\world-catalogue\elimfilters-vault\91-private-evidence\fram-usa-ld-catalog\fram-usa-ld-full-20260911\products\FDC12150C.json"
"FDC12159C","CABIN","FRAM_SKU_COLLISION","EC32159","EC33296","CREATE_OVERFLOW","DISTINCT_GROUP_OVERFLOW","C:\Users\ELIMSERVER\world-catalogue\elimfilters-vault\91-private-evidence\fram-usa-ld-catalog\fram-usa-ld-full-20260911\products\FDC12159C.json"
"FF10855","LUBE","FRAM_SKU_COLLISION","EL30855","EL37389","CREATE_OVERFLOW","DISTINCT_GROUP_OVERFLOW","C:\Users\ELIMSERVER\world-catalogue\elimfilters-vault\91-private-evidence\fram-usa-ld-catalog\fram-usa-ld-full-20260911\products\FF10855.json"
"FF11934","LUBE","FRAM_SKU_COLLISION","EL31934","EL31535","CREATE_OVERFLOW","DISTINCT_GROUP_OVERFLOW","C:\Users\ELIMSERVER\world-catalogue\elimfilters-vault\91-private-evidence\fram-usa-ld-catalog\fram-usa-ld-full-20260911\products\FF11934.json"
"FS10855","LUBE","FRAM_SKU_COLLISION","EL30855","EL35628","CREATE_OVERFLOW","DISTINCT_GROUP_OVERFLOW","C:\Users\ELIMSERVER\world-catalogue\elimfilters-vault\91-private-evidence\fram-usa-ld-catalog\fram-usa-ld-full-20260911\products\FS10855.json"
"FS11934","LUBE","FRAM_SKU_COLLISION","EL31934","EL32041","CREATE_OVERFLOW","DISTINCT_GROUP_OVERFLOW","C:\Users\ELIMSERVER\world-catalogue\elimfilters-vault\91-private-evidence\fram-usa-ld-catalog\fram-usa-ld-full-20260911\products\FS11934.json"
"FS8481","LUBE","SKU_COLLISION_EXISTING","EL38481","EL34229","CREATE_OVERFLOW","OCCUPIED_SLOT_OVERFLOW","C:\Users\ELIMSERVER\world-catalogue\elimfilters-vault\91-private-evidence\fram-usa-ld-catalog\fram-usa-ld-full-20260911\products\FS8481.json"
"G3802AFP","FUEL","INSUFFICIENT_EXISTING","EF33802","","FINAL_QUARANTINE","INSUFFICIENT_EXISTING_EVIDENCE","C:\Users\ELIMSERVER\world-catalogue\elimfilters-vault\91-private-evidence\fram-usa-ld-catalog\fram-usa-ld-full-20260911\products\G3802AFP.json"
"G3831","FUEL","INSUFFICIENT_EXISTING","EF33831","","FINAL_QUARANTINE","INSUFFICIENT_EXISTING_EVIDENCE","C:\Users\ELIMSERVER\world-catalogue\elimfilters-vault\91-private-evidence\fram-usa-ld-catalog\fram-usa-ld-full-20260911\products\G3831.json"
"G6462","FUEL","INSUFFICIENT_EXISTING","EF36462","","FINAL_QUARANTINE","INSUFFICIENT_EXISTING_EVIDENCE","C:\Users\ELIMSERVER\world-catalogue\elimfilters-vault\91-private-evidence\fram-usa-ld-catalog\fram-usa-ld-full-20260911\products\G6462.json"
"G7194","FUEL","INSUFFICIENT_EXISTING","EF37194","","FINAL_QUARANTINE","INSUFFICIENT_EXISTING_EVIDENCE","C:\Users\ELIMSERVER\world-catalogue\elimfilters-vault\91-private-evidence\fram-usa-ld-catalog\fram-usa-ld-full-20260911\products\G7194.json"
"G7196DP","FUEL","SKU_COLLISION_EXISTING","EF37196","EF32119","CREATE_OVERFLOW","LEGACY_SLOT_PRESERVED_OVERFLOW","C:\Users\ELIMSERVER\world-catalogue\elimfilters-vault\91-private-evidence\fram-usa-ld-catalog\fram-usa-ld-full-20260911\products\G7196DP.json"
"G7355","FUEL","INSUFFICIENT_EXISTING","EF37355","","FINAL_QUARANTINE","INSUFFICIENT_EXISTING_EVIDENCE","C:\Users\ELIMSERVER\world-catalogue\elimfilters-vault\91-private-evidence\fram-usa-ld-catalog\fram-usa-ld-full-20260911\products\G7355.json"
"G7766","FUEL","INSUFFICIENT_EXISTING","EF37766","","FINAL_QUARANTINE","INSUFFICIENT_EXISTING_EVIDENCE","C:\Users\ELIMSERVER\world-catalogue\elimfilters-vault\91-private-evidence\fram-usa-ld-catalog\fram-usa-ld-full-20260911\products\G7766.json"
"G8008","FUEL","SKU_COLLISION_EXISTING","EF38008","EF36005","CREATE_OVERFLOW","OCCUPIED_SLOT_OVERFLOW","C:\Users\ELIMSERVER\world-catalogue\elimfilters-vault\91-private-evidence\fram-usa-ld-catalog\fram-usa-ld-full-20260911\products\G8008.json"
"G8018DP","FUEL","SKU_COLLISION_EXISTING","EF38018","EF37580","CREATE_OVERFLOW","LEGACY_SLOT_PRESERVED_OVERFLOW","C:\Users\ELIMSERVER\world-catalogue\elimfilters-vault\91-private-evidence\fram-usa-ld-catalog\fram-usa-ld-full-20260911\products\G8018DP.json"
"G8086","FUEL","SKU_COLLISION_EXISTING","EF38086","EF32578","CREATE_OVERFLOW","OCCUPIED_SLOT_OVERFLOW","C:\Users\ELIMSERVER\world-catalogue\elimfilters-vault\91-private-evidence\fram-usa-ld-catalog\fram-usa-ld-full-20260911\products\G8086.json"
"G8116","FUEL","SKU_COLLISION_EXISTING","EF38116","EF38709","CREATE_OVERFLOW","LEGACY_SLOT_PRESERVED_OVERFLOW","C:\Users\ELIMSERVER\world-catalogue\elimfilters-vault\91-private-evidence\fram-usa-ld-catalog\fram-usa-ld-full-20260911\products\G8116.json"
"G8122","FUEL","SKU_COLLISION_EXISTING","EF38122","EF35113","CREATE_OVERFLOW","LEGACY_SLOT_PRESERVED_OVERFLOW","C:\Users\ELIMSERVER\world-catalogue\elimfilters-vault\91-private-evidence\fram-usa-ld-catalog\fram-usa-ld-full-20260911\products\G8122.json"
"G8219","FUEL","SKU_COLLISION_EXISTING","EF38219","EF38219","REPLACE_EMPTY_PLACEHOLDER","SAFE_LEGACY_EMPTY_SLOT","C:\Users\ELIMSERVER\world-catalogue\elimfilters-vault\91-private-evidence\fram-usa-ld-catalog\fram-usa-ld-full-20260911\products\G8219.json"
"G8228","FUEL","SKU_COLLISION_EXISTING","EF38228","EF37036","CREATE_OVERFLOW","LEGACY_SLOT_PRESERVED_OVERFLOW","C:\Users\ELIMSERVER\world-catalogue\elimfilters-vault\91-private-evidence\fram-usa-ld-catalog\fram-usa-ld-full-20260911\products\G8228.json"
"PH10027","LUBE","SKU_COLLISION_EXISTING","EL30027","EL39408","CREATE_OVERFLOW","LEGACY_SLOT_PRESERVED_OVERFLOW","C:\Users\ELIMSERVER\world-catalogue\elimfilters-vault\91-private-evidence\fram-usa-ld-catalog\fram-usa-ld-full-20260911\products\PH10027.json"
"PH10220","LUBE","SKU_COLLISION_EXISTING","EL30220","EL34375","CREATE_OVERFLOW","LEGACY_SLOT_PRESERVED_OVERFLOW","C:\Users\ELIMSERVER\world-catalogue\elimfilters-vault\91-private-evidence\fram-usa-ld-catalog\fram-usa-ld-full-20260911\products\PH10220.json"
"PH10792","LUBE","SKU_COLLISION_EXISTING","EL30792","EL35183","CREATE_OVERFLOW","LEGACY_SLOT_PRESERVED_OVERFLOW","C:\Users\ELIMSERVER\world-catalogue\elimfilters-vault\91-private-evidence\fram-usa-ld-catalog\fram-usa-ld-full-20260911\products\PH10792.json"
"PH10890","LUBE","INSUFFICIENT_EXISTING","EL30890","","FINAL_QUARANTINE","INSUFFICIENT_EXISTING_EVIDENCE","C:\Users\ELIMSERVER\world-catalogue\elimfilters-vault\91-private-evidence\fram-usa-ld-catalog\fram-usa-ld-full-20260911\products\PH10890.json"
"PH10950","LUBE","SKU_COLLISION_EXISTING","EL30950","EL34576","CREATE_OVERFLOW","LEGACY_SLOT_PRESERVED_OVERFLOW","C:\Users\ELIMSERVER\world-catalogue\elimfilters-vault\91-private-evidence\fram-usa-ld-catalog\fram-usa-ld-full-20260911\products\PH10950.json"
"PH10951","LUBE","SKU_COLLISION_EXISTING","EL30951","EL30399","CREATE_OVERFLOW","OCCUPIED_SLOT_OVERFLOW","C:\Users\ELIMSERVER\world-catalogue\elimfilters-vault\91-private-evidence\fram-usa-ld-catalog\fram-usa-ld-full-20260911\products\PH10951.json"
"PH11605","LUBE","SKU_COLLISION_EXISTING","EL31605","EL36817","CREATE_OVERFLOW","LEGACY_SLOT_PRESERVED_OVERFLOW","C:\Users\ELIMSERVER\world-catalogue\elimfilters-vault\91-private-evidence\fram-usa-ld-catalog\fram-usa-ld-full-20260911\products\PH11605.json"
"PH12747","LUBE","SKU_COLLISION_EXISTING","EL32747","EL32747","REPLACE_EMPTY_PLACEHOLDER","SAFE_LEGACY_EMPTY_SLOT","C:\Users\ELIMSERVER\world-catalogue\elimfilters-vault\91-private-evidence\fram-usa-ld-catalog\fram-usa-ld-full-20260911\products\PH12747.json"
"PH16","LUBE","AMBIGUOUS_EXISTING","EL30016","","FINAL_QUARANTINE","AMBIGUOUS_EXISTING_EVIDENCE","C:\Users\ELIMSERVER\world-catalogue\elimfilters-vault\91-private-evidence\fram-usa-ld-catalog\fram-usa-ld-full-20260911\products\PH16.json"
"PH21","LUBE","SKU_COLLISION_EXISTING","EL30021","EL38158","CREATE_OVERFLOW","LEGACY_SLOT_PRESERVED_OVERFLOW","C:\Users\ELIMSERVER\world-catalogue\elimfilters-vault\91-private-evidence\fram-usa-ld-catalog\fram-usa-ld-full-20260911\products\PH21.json"
"PH2815","LUBE","INSUFFICIENT_EXISTING","EL32815","","FINAL_QUARANTINE","INSUFFICIENT_EXISTING_EVIDENCE","C:\Users\ELIMSERVER\world-catalogue\elimfilters-vault\91-private-evidence\fram-usa-ld-catalog\fram-usa-ld-full-20260911\products\PH2815.json"
"PH2870A","LUBE","AMBIGUOUS_EXISTING","EL32870","","FINAL_QUARANTINE","AMBIGUOUS_EXISTING_EVIDENCE","C:\Users\ELIMSERVER\world-catalogue\elimfilters-vault\91-private-evidence\fram-usa-ld-catalog\fram-usa-ld-full-20260911\products\PH2870A.json"
"PH2883","LUBE","SKU_COLLISION_EXISTING","EL32883","EL38478","CREATE_OVERFLOW","LEGACY_SLOT_PRESERVED_OVERFLOW","C:\Users\ELIMSERVER\world-catalogue\elimfilters-vault\91-private-evidence\fram-usa-ld-catalog\fram-usa-ld-full-20260911\products\PH2883.json"
"PH3335","LUBE","AMBIGUOUS_EXISTING","EL33335","","FINAL_QUARANTINE","AMBIGUOUS_EXISTING_EVIDENCE","C:\Users\ELIMSERVER\world-catalogue\elimfilters-vault\91-private-evidence\fram-usa-ld-catalog\fram-usa-ld-full-20260911\products\PH3335.json"
"PH3506","LUBE","INSUFFICIENT_EXISTING","EL33506","","FINAL_QUARANTINE","INSUFFICIENT_EXISTING_EVIDENCE","C:\Users\ELIMSERVER\world-catalogue\elimfilters-vault\91-private-evidence\fram-usa-ld-catalog\fram-usa-ld-full-20260911\products\PH3506.json"
"PH3569","LUBE","INSUFFICIENT_EXISTING","EL33569","","FINAL_QUARANTINE","INSUFFICIENT_EXISTING_EVIDENCE","C:\Users\ELIMSERVER\world-catalogue\elimfilters-vault\91-private-evidence\fram-usa-ld-catalog\fram-usa-ld-full-20260911\products\PH3569.json"
"PH3616","LUBE","INSUFFICIENT_EXISTING","EL33616","","FINAL_QUARANTINE","INSUFFICIENT_EXISTING_EVIDENCE","C:\Users\ELIMSERVER\world-catalogue\elimfilters-vault\91-private-evidence\fram-usa-ld-catalog\fram-usa-ld-full-20260911\products\PH3616.json"
"PH3675","LUBE","INSUFFICIENT_EXISTING","EL33675","","FINAL_QUARANTINE","INSUFFICIENT_EXISTING_EVIDENCE","C:\Users\ELIMSERVER\world-catalogue\elimfilters-vault\91-private-evidence\fram-usa-ld-catalog\fram-usa-ld-full-20260911\products\PH3675.json"
"PH3690","LUBE","INSUFFICIENT_EXISTING","EL33690","","FINAL_QUARANTINE","INSUFFICIENT_EXISTING_EVIDENCE","C:\Users\ELIMSERVER\world-catalogue\elimfilters-vault\91-private-evidence\fram-usa-ld-catalog\fram-usa-ld-full-20260911\products\PH3690.json"
"PH42A","LUBE","AMBIGUOUS_EXISTING","EL30042","","FINAL_QUARANTINE","AMBIGUOUS_EXISTING_EVIDENCE","C:\Users\ELIMSERVER\world-catalogue\elimfilters-vault\91-private-evidence\fram-usa-ld-catalog\fram-usa-ld-full-20260911\products\PH42A.json"
"PH4386","LUBE","AMBIGUOUS_EXISTING","EL34386","","FINAL_QUARANTINE","AMBIGUOUS_EXISTING_EVIDENCE","C:\Users\ELIMSERVER\world-catalogue\elimfilters-vault\91-private-evidence\fram-usa-ld-catalog\fram-usa-ld-full-20260911\products\PH4386.json"
"PH46","LUBE","INSUFFICIENT_EXISTING","EL30046","","FINAL_QUARANTINE","INSUFFICIENT_EXISTING_EVIDENCE","C:\Users\ELIMSERVER\world-catalogue\elimfilters-vault\91-private-evidence\fram-usa-ld-catalog\fram-usa-ld-full-20260911\products\PH46.json"
"PH5343","LUBE","INSUFFICIENT_EXISTING","EL35343","","FINAL_QUARANTINE","INSUFFICIENT_EXISTING_EVIDENCE","C:\Users\ELIMSERVER\world-catalogue\elimfilters-vault\91-private-evidence\fram-usa-ld-catalog\fram-usa-ld-full-20260911\products\PH5343.json"
"PH5964","LUBE","AMBIGUOUS_EXISTING","EL35964","","FINAL_QUARANTINE","AMBIGUOUS_EXISTING_EVIDENCE","C:\Users\ELIMSERVER\world-catalogue\elimfilters-vault\91-private-evidence\fram-usa-ld-catalog\fram-usa-ld-full-20260911\products\PH5964.json"
"PH6019","LUBE","SKU_COLLISION_EXISTING","EL36019","EL32491","CREATE_OVERFLOW","LEGACY_SLOT_PRESERVED_OVERFLOW","C:\Users\ELIMSERVER\world-catalogue\elimfilters-vault\91-private-evidence\fram-usa-ld-catalog\fram-usa-ld-full-20260911\products\PH6019.json"
"PH7136","LUBE","INSUFFICIENT_EXISTING","EL37136","","FINAL_QUARANTINE","INSUFFICIENT_EXISTING_EVIDENCE","C:\Users\ELIMSERVER\world-catalogue\elimfilters-vault\91-private-evidence\fram-usa-ld-catalog\fram-usa-ld-full-20260911\products\PH7136.json"
"PH7138","LUBE","SKU_COLLISION_EXISTING","EL37138","EL37138","REPLACE_EMPTY_PLACEHOLDER","SAFE_LEGACY_EMPTY_SLOT","C:\Users\ELIMSERVER\world-catalogue\elimfilters-vault\91-private-evidence\fram-usa-ld-catalog\fram-usa-ld-full-20260911\products\PH7138.json"
"PH7317","LUBE","INSUFFICIENT_EXISTING","EL37317","","FINAL_QUARANTINE","INSUFFICIENT_EXISTING_EVIDENCE","C:\Users\ELIMSERVER\world-catalogue\elimfilters-vault\91-private-evidence\fram-usa-ld-catalog\fram-usa-ld-full-20260911\products\PH7317.json"
"PH8A","LUBE","AMBIGUOUS_EXISTING","EL30008","","FINAL_QUARANTINE","AMBIGUOUS_EXISTING_EVIDENCE","C:\Users\ELIMSERVER\world-catalogue\elimfilters-vault\91-private-evidence\fram-usa-ld-catalog\fram-usa-ld-full-20260911\products\PH8A.json"
"PH9100","LUBE","SKU_COLLISION_EXISTING","EL39100","EL38492","CREATE_OVERFLOW","LEGACY_SLOT_PRESERVED_OVERFLOW","C:\Users\ELIMSERVER\world-catalogue\elimfilters-vault\91-private-evidence\fram-usa-ld-catalog\fram-usa-ld-full-20260911\products\PH9100.json"
"PH9376","LUBE","INSUFFICIENT_EXISTING","EL39376","","FINAL_QUARANTINE","INSUFFICIENT_EXISTING_EVIDENCE","C:\Users\ELIMSERVER\world-catalogue\elimfilters-vault\91-private-evidence\fram-usa-ld-catalog\fram-usa-ld-full-20260911\products\PH9376.json"
"PH966B","LUBE","AMBIGUOUS_EXISTING","EL30966","","FINAL_QUARANTINE","AMBIGUOUS_EXISTING_EVIDENCE","C:\Users\ELIMSERVER\world-catalogue\elimfilters-vault\91-private-evidence\fram-usa-ld-catalog\fram-usa-ld-full-20260911\products\PH966B.json"
"PH977A","LUBE","INSUFFICIENT_EXISTING","EL30977","","FINAL_QUARANTINE","INSUFFICIENT_EXISTING_EVIDENCE","C:\Users\ELIMSERVER\world-catalogue\elimfilters-vault\91-private-evidence\fram-usa-ld-catalog\fram-usa-ld-full-20260911\products\PH977A.json"
"PH9837","LUBE","INSUFFICIENT_EXISTING","EL39837","","FINAL_QUARANTINE","INSUFFICIENT_EXISTING_EVIDENCE","C:\Users\ELIMSERVER\world-catalogue\elimfilters-vault\91-private-evidence\fram-usa-ld-catalog\fram-usa-ld-full-20260911\products\PH9837.json"