authority,family,status,proposedSku,action,reason,target_codigo_base,target_canonical_status,target_identity,cross_count,oem_count,app_count,spec_count,file
"CA10014","AIR","SKU_COLLISION_EXISTING","EA30014","REVIEW_LEGACY_PLACEHOLDER","LEGACY_UNVERIFIED_SLOT_WITH_DATA","0014","UNVERIFIED","","0","0","43","0","C:\Users\ELIMSERVER\world-catalogue\elimfilters-vault\91-private-evidence\fram-usa-ld-catalog\fram-usa-ld-full-20260911\products\CA10014.json"
"CA10015","AIR","SKU_COLLISION_EXISTING","EA30015","REVIEW_LEGACY_PLACEHOLDER","LEGACY_UNVERIFIED_SLOT_WITH_DATA","0015","UNVERIFIED","","0","0","65","0","C:\Users\ELIMSERVER\world-catalogue\elimfilters-vault\91-private-evidence\fram-usa-ld-catalog\fram-usa-ld-full-20260911\products\CA10015.json"
"CA10022","AIR","SKU_COLLISION_EXISTING","EA30022","REPLACE_EMPTY_PLACEHOLDER","LEGACY_EMPTY_UNVERIFIED_SLOT","0022","UNVERIFIED","","0","0","0","0","C:\Users\ELIMSERVER\world-catalogue\elimfilters-vault\91-private-evidence\fram-usa-ld-catalog\fram-usa-ld-full-20260911\products\CA10022.json"
"CA10029","AIR","SKU_COLLISION_EXISTING","EA30029","REVIEW_LEGACY_PLACEHOLDER","LEGACY_UNVERIFIED_SLOT_WITH_DATA","0029","UNVERIFIED","","0","0","2","0","C:\Users\ELIMSERVER\world-catalogue\elimfilters-vault\91-private-evidence\fram-usa-ld-catalog\fram-usa-ld-full-20260911\products\CA10029.json"
"CA10029SY","AIR","SKU_COLLISION_EXISTING","EA30029","REVIEW_LEGACY_PLACEHOLDER","LEGACY_UNVERIFIED_SLOT_WITH_DATA","0029","UNVERIFIED","","0","0","2","0","C:\Users\ELIMSERVER\world-catalogue\elimfilters-vault\91-private-evidence\fram-usa-ld-catalog\fram-usa-ld-full-20260911\products\CA10029SY.json"
"CA10031","AIR","SKU_COLLISION_EXISTING","EA30031","REVIEW_LEGACY_PLACEHOLDER","LEGACY_UNVERIFIED_SLOT_WITH_DATA","0031","UNVERIFIED","","0","0","68","0","C:\Users\ELIMSERVER\world-catalogue\elimfilters-vault\91-private-evidence\fram-usa-ld-catalog\fram-usa-ld-full-20260911\products\CA10031.json"
"CA10034","AIR","SKU_COLLISION_EXISTING","EA30034","REPLACE_EMPTY_PLACEHOLDER","LEGACY_EMPTY_UNVERIFIED_SLOT","0034","UNVERIFIED","","0","0","0","0","C:\Users\ELIMSERVER\world-catalogue\elimfilters-vault\91-private-evidence\fram-usa-ld-catalog\fram-usa-ld-full-20260911\products\CA10034.json"
"CA10065","AIR","SKU_COLLISION_EXISTING","EA30065","REPLACE_EMPTY_PLACEHOLDER","LEGACY_EMPTY_UNVERIFIED_SLOT","0065","UNVERIFIED","","0","0","0","0","C:\Users\ELIMSERVER\world-catalogue\elimfilters-vault\91-private-evidence\fram-usa-ld-catalog\fram-usa-ld-full-20260911\products\CA10065.json"
"CA10071","AIR","SKU_COLLISION_EXISTING","EA30071","REVIEW_LEGACY_PLACEHOLDER","LEGACY_UNVERIFIED_SLOT_WITH_DATA","0071","UNVERIFIED","","0","0","1078","0","C:\Users\ELIMSERVER\world-catalogue\elimfilters-vault\91-private-evidence\fram-usa-ld-catalog\fram-usa-ld-full-20260911\products\CA10071.json"
"CA10083","AIR","SKU_COLLISION_EXISTING","EA30083","REPLACE_EMPTY_PLACEHOLDER","LEGACY_EMPTY_UNVERIFIED_SLOT","0083","UNVERIFIED","","0","0","0","0","C:\Users\ELIMSERVER\world-catalogue\elimfilters-vault\91-private-evidence\fram-usa-ld-catalog\fram-usa-ld-full-20260911\products\CA10083.json"
"CA10084","AIR","SKU_COLLISION_EXISTING","EA30084","REPLACE_EMPTY_PLACEHOLDER","LEGACY_EMPTY_UNVERIFIED_SLOT","0084","UNVERIFIED","","0","0","0","0","C:\Users\ELIMSERVER\world-catalogue\elimfilters-vault\91-private-evidence\fram-usa-ld-catalog\fram-usa-ld-full-20260911\products\CA10084.json"
"CA10085","AIR","SKU_COLLISION_EXISTING","EA30085","REPLACE_EMPTY_PLACEHOLDER","LEGACY_EMPTY_UNVERIFIED_SLOT","0085","UNVERIFIED","","0","0","0","0","C:\Users\ELIMSERVER\world-catalogue\elimfilters-vault\91-private-evidence\fram-usa-ld-catalog\fram-usa-ld-full-20260911\products\CA10085.json"
"CA10088","AIR","SKU_COLLISION_EXISTING","EA30088","DISTINCT_COLLISION","CANONICAL_SLOT_OCCUPIED","C88","UNVERIFIED","MANN-FILTER:C88","0","0","4","0","C:\Users\ELIMSERVER\world-catalogue\elimfilters-vault\91-private-evidence\fram-usa-ld-catalog\fram-usa-ld-full-20260911\products\CA10088.json"
"CA10092","AIR","SKU_COLLISION_EXISTING","EA30092","REPLACE_EMPTY_PLACEHOLDER","LEGACY_EMPTY_UNVERIFIED_SLOT","0092","UNVERIFIED","","0","0","0","0","C:\Users\ELIMSERVER\world-catalogue\elimfilters-vault\91-private-evidence\fram-usa-ld-catalog\fram-usa-ld-full-20260911\products\CA10092.json"
"CA10093","AIR","SKU_COLLISION_EXISTING","EA30093","REPLACE_EMPTY_PLACEHOLDER","LEGACY_EMPTY_UNVERIFIED_SLOT","0093","UNVERIFIED","","0","0","0","0","C:\Users\ELIMSERVER\world-catalogue\elimfilters-vault\91-private-evidence\fram-usa-ld-catalog\fram-usa-ld-full-20260911\products\CA10093.json"
"CA101","AIR","SKU_COLLISION_EXISTING","EA30101","REVIEW_LEGACY_PLACEHOLDER","LEGACY_UNVERIFIED_SLOT_WITH_DATA","0101","UNVERIFIED","","0","0","17","0","C:\Users\ELIMSERVER\world-catalogue\elimfilters-vault\91-private-evidence\fram-usa-ld-catalog\fram-usa-ld-full-20260911\products\CA101.json"
"CA10110","AIR","SKU_COLLISION_EXISTING","EA30110","REPLACE_EMPTY_PLACEHOLDER","LEGACY_EMPTY_UNVERIFIED_SLOT","0110","UNVERIFIED","","0","0","0","0","C:\Users\ELIMSERVER\world-catalogue\elimfilters-vault\91-private-evidence\fram-usa-ld-catalog\fram-usa-ld-full-20260911\products\CA10110.json"
"CA10118","AIR","SKU_COLLISION_EXISTING","EA30118","DISTINCT_COLLISION","CANONICAL_SLOT_OCCUPIED","C118","UNVERIFIED","MANN-FILTER:C118","0","0","70","0","C:\Users\ELIMSERVER\world-catalogue\elimfilters-vault\91-private-evidence\fram-usa-ld-catalog\fram-usa-ld-full-20260911\products\CA10118.json"
"CA10159","AIR","FRAM_SKU_COLLISION","EA30159","DISTINCT_COLLISION","MULTIPLE_FRAM_AUTHORITIES_SAME_LAST4","","","","0","0","0","0","C:\Users\ELIMSERVER\world-catalogue\elimfilters-vault\91-private-evidence\fram-usa-ld-catalog\fram-usa-ld-full-20260911\products\CA10159.json"
"CA10161","AIR","SKU_COLLISION_EXISTING","EA30161","REVIEW_LEGACY_PLACEHOLDER","LEGACY_UNVERIFIED_SLOT_WITH_DATA","0161","UNVERIFIED","","14","0","40","3","C:\Users\ELIMSERVER\world-catalogue\elimfilters-vault\91-private-evidence\fram-usa-ld-catalog\fram-usa-ld-full-20260911\products\CA10161.json"
"CA10162","AIR","FRAM_SKU_COLLISION","EA30162","DISTINCT_COLLISION","MULTIPLE_FRAM_AUTHORITIES_SAME_LAST4","","","","0","0","0","0","C:\Users\ELIMSERVER\world-catalogue\elimfilters-vault\91-private-evidence\fram-usa-ld-catalog\fram-usa-ld-full-20260911\products\CA10162.json"
"CA10163","AIR","SKU_COLLISION_EXISTING","EA30163","REVIEW_LEGACY_PLACEHOLDER","LEGACY_UNVERIFIED_SLOT_WITH_DATA","0163","UNVERIFIED","","0","0","25","0","C:\Users\ELIMSERVER\world-catalogue\elimfilters-vault\91-private-evidence\fram-usa-ld-catalog\fram-usa-ld-full-20260911\products\CA10163.json"
"CA10170","AIR","SKU_COLLISION_EXISTING","EA30170","REVIEW_LEGACY_PLACEHOLDER","LEGACY_UNVERIFIED_SLOT_WITH_DATA","0170","UNVERIFIED","","0","0","39","0","C:\Users\ELIMSERVER\world-catalogue\elimfilters-vault\91-private-evidence\fram-usa-ld-catalog\fram-usa-ld-full-20260911\products\CA10170.json"
"CA10171","AIR","SKU_COLLISION_EXISTING","EA30171","REVIEW_LEGACY_PLACEHOLDER","LEGACY_UNVERIFIED_SLOT_WITH_DATA","0171","UNVERIFIED","","0","0","24","0","C:\Users\ELIMSERVER\world-catalogue\elimfilters-vault\91-private-evidence\fram-usa-ld-catalog\fram-usa-ld-full-20260911\products\CA10171.json"
"CA10191","AIR","INSUFFICIENT_EXISTING","EA30191","TRUE_QUARANTINE","SINGLE_WEAK_EXISTING_MATCH","0191","UNVERIFIED","","0","0","0","0","C:\Users\ELIMSERVER\world-catalogue\elimfilters-vault\91-private-evidence\fram-usa-ld-catalog\fram-usa-ld-full-20260911\products\CA10191.json"
"CA10192","AIR","FRAM_SKU_COLLISION","EA30192","DISTINCT_COLLISION","MULTIPLE_FRAM_AUTHORITIES_SAME_LAST4","","","","0","0","0","0","C:\Users\ELIMSERVER\world-catalogue\elimfilters-vault\91-private-evidence\fram-usa-ld-catalog\fram-usa-ld-full-20260911\products\CA10192.json"
"CA10193","AIR","SKU_COLLISION_EXISTING","EA30193","DISTINCT_COLLISION","CANONICAL_SLOT_OCCUPIED","C40193","UNVERIFIED","MANN-FILTER:C40193","0","0","8","0","C:\Users\ELIMSERVER\world-catalogue\elimfilters-vault\91-private-evidence\fram-usa-ld-catalog\fram-usa-ld-full-20260911\products\CA10193.json"
"CA102","AIR","SKU_COLLISION_EXISTING","EA30102","REVIEW_LEGACY_PLACEHOLDER","LEGACY_UNVERIFIED_SLOT_WITH_DATA","0102","UNVERIFIED","","0","0","10","0","C:\Users\ELIMSERVER\world-catalogue\elimfilters-vault\91-private-evidence\fram-usa-ld-catalog\fram-usa-ld-full-20260911\products\CA102.json"
"CA10228","AIR","FRAM_SKU_COLLISION","EA30228","DISTINCT_COLLISION","MULTIPLE_FRAM_AUTHORITIES_SAME_LAST4","","","","0","0","0","0","C:\Users\ELIMSERVER\world-catalogue\elimfilters-vault\91-private-evidence\fram-usa-ld-catalog\fram-usa-ld-full-20260911\products\CA10228.json"
"CA10242","AIR","SKU_COLLISION_EXISTING","EA30242","REPLACE_EMPTY_PLACEHOLDER","LEGACY_EMPTY_UNVERIFIED_SLOT","0242","UNVERIFIED","","0","0","0","0","C:\Users\ELIMSERVER\world-catalogue\elimfilters-vault\91-private-evidence\fram-usa-ld-catalog\fram-usa-ld-full-20260911\products\CA10242.json"
"CA10253","AIR","INSUFFICIENT_EXISTING","EA30253","TRUE_QUARANTINE","SINGLE_WEAK_EXISTING_MATCH","CA253SY","VERIFIED","FRAM:CA253SY","1","0","0","1","C:\Users\ELIMSERVER\world-catalogue\elimfilters-vault\91-private-evidence\fram-usa-ld-catalog\fram-usa-ld-full-20260911\products\CA10253.json"
"CA10262","AIR","SKU_COLLISION_EXISTING","EA30262","REPLACE_EMPTY_PLACEHOLDER","LEGACY_EMPTY_UNVERIFIED_SLOT","0262","UNVERIFIED","","0","0","0","0","C:\Users\ELIMSERVER\world-catalogue\elimfilters-vault\91-private-evidence\fram-usa-ld-catalog\fram-usa-ld-full-20260911\products\CA10262.json"
"CA10271","AIR","SKU_COLLISION_EXISTING","EA30271","REVIEW_LEGACY_PLACEHOLDER","LEGACY_UNVERIFIED_SLOT_WITH_DATA","0271","UNVERIFIED","","0","0","8","0","C:\Users\ELIMSERVER\world-catalogue\elimfilters-vault\91-private-evidence\fram-usa-ld-catalog\fram-usa-ld-full-20260911\products\CA10271.json"
"CA10281","AIR","FRAM_SKU_COLLISION","EA30281","DISTINCT_COLLISION","MULTIPLE_FRAM_AUTHORITIES_SAME_LAST4","","","","0","0","0","0","C:\Users\ELIMSERVER\world-catalogue\elimfilters-vault\91-private-evidence\fram-usa-ld-catalog\fram-usa-ld-full-20260911\products\CA10281.json"
"CA10281SY","AIR","FRAM_SKU_COLLISION","EA30281","DISTINCT_COLLISION","MULTIPLE_FRAM_AUTHORITIES_SAME_LAST4","","","","0","0","0","0","C:\Users\ELIMSERVER\world-catalogue\elimfilters-vault\91-private-evidence\fram-usa-ld-catalog\fram-usa-ld-full-20260911\products\CA10281SY.json"
"CA10283","AIR","FRAM_SKU_COLLISION","EA30283","DISTINCT_COLLISION","MULTIPLE_FRAM_AUTHORITIES_SAME_LAST4","","","","0","0","0","0","C:\Users\ELIMSERVER\world-catalogue\elimfilters-vault\91-private-evidence\fram-usa-ld-catalog\fram-usa-ld-full-20260911\products\CA10283.json"
"CA10305","AIR","SKU_COLLISION_EXISTING","EA30305","REVIEW_LEGACY_PLACEHOLDER","LEGACY_UNVERIFIED_SLOT_WITH_DATA","0305","UNVERIFIED","","0","0","4","0","C:\Users\ELIMSERVER\world-catalogue\elimfilters-vault\91-private-evidence\fram-usa-ld-catalog\fram-usa-ld-full-20260911\products\CA10305.json"
"CA10328","AIR","FRAM_SKU_COLLISION","EA30328","DISTINCT_COLLISION","MULTIPLE_FRAM_AUTHORITIES_SAME_LAST4","","","","0","0","0","0","C:\Users\ELIMSERVER\world-catalogue\elimfilters-vault\91-private-evidence\fram-usa-ld-catalog\fram-usa-ld-full-20260911\products\CA10328.json"
"CA10346","AIR","FRAM_SKU_COLLISION","EA30346","DISTINCT_COLLISION","MULTIPLE_FRAM_AUTHORITIES_SAME_LAST4","","","","0","0","0","0","C:\Users\ELIMSERVER\world-catalogue\elimfilters-vault\91-private-evidence\fram-usa-ld-catalog\fram-usa-ld-full-20260911\products\CA10346.json"
"CA10347","AIR","FRAM_SKU_COLLISION","EA30347","DISTINCT_COLLISION","MULTIPLE_FRAM_AUTHORITIES_SAME_LAST4","","","","0","0","0","0","C:\Users\ELIMSERVER\world-catalogue\elimfilters-vault\91-private-evidence\fram-usa-ld-catalog\fram-usa-ld-full-20260911\products\CA10347.json"
"CA10432","AIR","SKU_COLLISION_EXISTING","EA30432","REVIEW_LEGACY_PLACEHOLDER","LEGACY_UNVERIFIED_SLOT_WITH_DATA","0432","UNVERIFIED","","0","0","1","0","C:\Users\ELIMSERVER\world-catalogue\elimfilters-vault\91-private-evidence\fram-usa-ld-catalog\fram-usa-ld-full-20260911\products\CA10432.json"
"CA10500","AIR","SKU_COLLISION_EXISTING","EA30500","REVIEW_LEGACY_PLACEHOLDER","LEGACY_UNVERIFIED_SLOT_WITH_DATA","0500","UNVERIFIED","","5","3","135","4","C:\Users\ELIMSERVER\world-catalogue\elimfilters-vault\91-private-evidence\fram-usa-ld-catalog\fram-usa-ld-full-20260911\products\CA10500.json"
"CA10522","AIR","SKU_COLLISION_EXISTING","EA30522","REPLACE_EMPTY_PLACEHOLDER","LEGACY_EMPTY_UNVERIFIED_SLOT","0522","UNVERIFIED","","0","0","0","0","C:\Users\ELIMSERVER\world-catalogue\elimfilters-vault\91-private-evidence\fram-usa-ld-catalog\fram-usa-ld-full-20260911\products\CA10522.json"
"CA10542","AIR","FRAM_SKU_COLLISION","EA30542","DISTINCT_COLLISION","MULTIPLE_FRAM_AUTHORITIES_SAME_LAST4","","","","0","0","0","0","C:\Users\ELIMSERVER\world-catalogue\elimfilters-vault\91-private-evidence\fram-usa-ld-catalog\fram-usa-ld-full-20260911\products\CA10542.json"
"CA10551","AIR","SKU_COLLISION_EXISTING","EA30551","REVIEW_LEGACY_PLACEHOLDER","LEGACY_UNVERIFIED_SLOT_WITH_DATA","0551","UNVERIFIED","","2","0","45","0","C:\Users\ELIMSERVER\world-catalogue\elimfilters-vault\91-private-evidence\fram-usa-ld-catalog\fram-usa-ld-full-20260911\products\CA10551.json"
"CA10573","AIR","FRAM_SKU_COLLISION","EA30573","DISTINCT_COLLISION","MULTIPLE_FRAM_AUTHORITIES_SAME_LAST4","","","","0","0","0","0","C:\Users\ELIMSERVER\world-catalogue\elimfilters-vault\91-private-evidence\fram-usa-ld-catalog\fram-usa-ld-full-20260911\products\CA10573.json"
"CA10661","AIR","SKU_COLLISION_EXISTING","EA30661","REVIEW_LEGACY_PLACEHOLDER","LEGACY_UNVERIFIED_SLOT_WITH_DATA","0661","UNVERIFIED","","0","0","10","0","C:\Users\ELIMSERVER\world-catalogue\elimfilters-vault\91-private-evidence\fram-usa-ld-catalog\fram-usa-ld-full-20260911\products\CA10661.json"
"CA10722","AIR","SKU_COLLISION_EXISTING","EA30722","REPLACE_EMPTY_PLACEHOLDER","LEGACY_EMPTY_UNVERIFIED_SLOT","0722","UNVERIFIED","","0","0","0","0","C:\Users\ELIMSERVER\world-catalogue\elimfilters-vault\91-private-evidence\fram-usa-ld-catalog\fram-usa-ld-full-20260911\products\CA10722.json"
"CA10755","AIR","INSUFFICIENT_EXISTING","EA30755","TRUE_QUARANTINE","SINGLE_WEAK_EXISTING_MATCH","17801-0P050","UNVERIFIED","","0","0","0","0","C:\Users\ELIMSERVER\world-catalogue\elimfilters-vault\91-private-evidence\fram-usa-ld-catalog\fram-usa-ld-full-20260911\products\CA10755.json"
"CA10762","AIR","SKU_COLLISION_EXISTING","EA30762","REVIEW_LEGACY_PLACEHOLDER","LEGACY_UNVERIFIED_SLOT_WITH_DATA","0762","UNVERIFIED","","0","0","3","0","C:\Users\ELIMSERVER\world-catalogue\elimfilters-vault\91-private-evidence\fram-usa-ld-catalog\fram-usa-ld-full-20260911\products\CA10762.json"
"CA10781","AIR","SKU_COLLISION_EXISTING","EA30781","REPLACE_EMPTY_PLACEHOLDER","LEGACY_EMPTY_UNVERIFIED_SLOT","0781","UNVERIFIED","","0","0","0","0","C:\Users\ELIMSERVER\world-catalogue\elimfilters-vault\91-private-evidence\fram-usa-ld-catalog\fram-usa-ld-full-20260911\products\CA10781.json"
"CA10784","AIR","SKU_COLLISION_EXISTING","EA30784","REPLACE_EMPTY_PLACEHOLDER","LEGACY_EMPTY_UNVERIFIED_SLOT","0784","UNVERIFIED","","0","0","0","0","C:\Users\ELIMSERVER\world-catalogue\elimfilters-vault\91-private-evidence\fram-usa-ld-catalog\fram-usa-ld-full-20260911\products\CA10784.json"
"CA10785","AIR","SKU_COLLISION_EXISTING","EA30785","REPLACE_EMPTY_PLACEHOLDER","LEGACY_EMPTY_UNVERIFIED_SLOT","0785","UNVERIFIED","","0","0","0","0","C:\Users\ELIMSERVER\world-catalogue\elimfilters-vault\91-private-evidence\fram-usa-ld-catalog\fram-usa-ld-full-20260911\products\CA10785.json"
"CA10790","AIR","FRAM_SKU_COLLISION","EA30790","DISTINCT_COLLISION","MULTIPLE_FRAM_AUTHORITIES_SAME_LAST4","","","","0","0","0","0","C:\Users\ELIMSERVER\world-catalogue\elimfilters-vault\91-private-evidence\fram-usa-ld-catalog\fram-usa-ld-full-20260911\products\CA10790.json"
"CA10790SY","AIR","FRAM_SKU_COLLISION","EA30790","DISTINCT_COLLISION","MULTIPLE_FRAM_AUTHORITIES_SAME_LAST4","","","","0","0","0","0","C:\Users\ELIMSERVER\world-catalogue\elimfilters-vault\91-private-evidence\fram-usa-ld-catalog\fram-usa-ld-full-20260911\products\CA10790SY.json"
"CA10800","AIR","SKU_COLLISION_EXISTING","EA30800","REPLACE_EMPTY_PLACEHOLDER","LEGACY_EMPTY_UNVERIFIED_SLOT","0800","UNVERIFIED","","0","0","0","0","C:\Users\ELIMSERVER\world-catalogue\elimfilters-vault\91-private-evidence\fram-usa-ld-catalog\fram-usa-ld-full-20260911\products\CA10800.json"
"CA10881","AIR","SKU_COLLISION_EXISTING","EA30881","REVIEW_LEGACY_PLACEHOLDER","LEGACY_UNVERIFIED_SLOT_WITH_DATA","0881","UNVERIFIED","","0","0","6","0","C:\Users\ELIMSERVER\world-catalogue\elimfilters-vault\91-private-evidence\fram-usa-ld-catalog\fram-usa-ld-full-20260911\products\CA10881.json"
"CA10901","AIR","SKU_COLLISION_EXISTING","EA30901","DISTINCT_COLLISION","CANONICAL_SLOT_OCCUPIED","C30901","UNVERIFIED","MANN-FILTER:C30901","0","0","5","0","C:\Users\ELIMSERVER\world-catalogue\elimfilters-vault\91-private-evidence\fram-usa-ld-catalog\fram-usa-ld-full-20260911\products\CA10901.json"
"CA10910","AIR","SKU_COLLISION_EXISTING","EA30910","REVIEW_LEGACY_PLACEHOLDER","LEGACY_UNVERIFIED_SLOT_WITH_DATA","0910","UNVERIFIED","","0","0","12","0","C:\Users\ELIMSERVER\world-catalogue\elimfilters-vault\91-private-evidence\fram-usa-ld-catalog\fram-usa-ld-full-20260911\products\CA10910.json"
"CA10982","AIR","FRAM_SKU_COLLISION","EA30982","DISTINCT_COLLISION","MULTIPLE_FRAM_AUTHORITIES_SAME_LAST4","","","","0","0","0","0","C:\Users\ELIMSERVER\world-catalogue\elimfilters-vault\91-private-evidence\fram-usa-ld-catalog\fram-usa-ld-full-20260911\products\CA10982.json"
"CA10982SY","AIR","FRAM_SKU_COLLISION","EA30982","DISTINCT_COLLISION","MULTIPLE_FRAM_AUTHORITIES_SAME_LAST4","","","","0","0","0","0","C:\Users\ELIMSERVER\world-catalogue\elimfilters-vault\91-private-evidence\fram-usa-ld-catalog\fram-usa-ld-full-20260911\products\CA10982SY.json"
"CA10986","AIR","INSUFFICIENT_EXISTING","EA30986","TRUE_QUARANTINE","SINGLE_WEAK_EXISTING_MATCH","","","","0","0","0","0","C:\Users\ELIMSERVER\world-catalogue\elimfilters-vault\91-private-evidence\fram-usa-ld-catalog\fram-usa-ld-full-20260911\products\CA10986.json"
"CA10990","AIR","SKU_COLLISION_EXISTING","EA30990","REPLACE_EMPTY_PLACEHOLDER","LEGACY_EMPTY_UNVERIFIED_SLOT","0990","UNVERIFIED","","0","0","0","0","C:\Users\ELIMSERVER\world-catalogue\elimfilters-vault\91-private-evidence\fram-usa-ld-catalog\fram-usa-ld-full-20260911\products\CA10990.json"
"CA11001","AIR","SKU_COLLISION_EXISTING","EA31001","REVIEW_LEGACY_PLACEHOLDER","LEGACY_UNVERIFIED_SLOT_WITH_DATA","1001","UNVERIFIED","","0","0","356","0","C:\Users\ELIMSERVER\world-catalogue\elimfilters-vault\91-private-evidence\fram-usa-ld-catalog\fram-usa-ld-full-20260911\products\CA11001.json"
"CA11002","AIR","SKU_COLLISION_EXISTING","EA31002","REVIEW_LEGACY_PLACEHOLDER","LEGACY_UNVERIFIED_SLOT_WITH_DATA","1002","UNVERIFIED","","0","0","82","0","C:\Users\ELIMSERVER\world-catalogue\elimfilters-vault\91-private-evidence\fram-usa-ld-catalog\fram-usa-ld-full-20260911\products\CA11002.json"
"CA11003","AIR","INSUFFICIENT_EXISTING","EA31003","TRUE_QUARANTINE","SINGLE_WEAK_EXISTING_MATCH","1003","UNVERIFIED","","0","0","470","0","C:\Users\ELIMSERVER\world-catalogue\elimfilters-vault\91-private-evidence\fram-usa-ld-catalog\fram-usa-ld-full-20260911\products\CA11003.json"
"CA11004","AIR","SKU_COLLISION_EXISTING","EA31004","REVIEW_LEGACY_PLACEHOLDER","LEGACY_UNVERIFIED_SLOT_WITH_DATA","1004","UNVERIFIED","","0","0","92","0","C:\Users\ELIMSERVER\world-catalogue\elimfilters-vault\91-private-evidence\fram-usa-ld-catalog\fram-usa-ld-full-20260911\products\CA11004.json"
"CA11005","AIR","SKU_COLLISION_EXISTING","EA31005","REVIEW_LEGACY_PLACEHOLDER","LEGACY_UNVERIFIED_SLOT_WITH_DATA","1005","UNVERIFIED","","0","0","603","0","C:\Users\ELIMSERVER\world-catalogue\elimfilters-vault\91-private-evidence\fram-usa-ld-catalog\fram-usa-ld-full-20260911\products\CA11005.json"
"CA11006","AIR","SKU_COLLISION_EXISTING","EA31006","REPLACE_EMPTY_PLACEHOLDER","LEGACY_EMPTY_UNVERIFIED_SLOT","1006","UNVERIFIED","","0","0","0","0","C:\Users\ELIMSERVER\world-catalogue\elimfilters-vault\91-private-evidence\fram-usa-ld-catalog\fram-usa-ld-full-20260911\products\CA11006.json"
"CA11010","AIR","SKU_COLLISION_EXISTING","EA31010","REPLACE_EMPTY_PLACEHOLDER","LEGACY_EMPTY_UNVERIFIED_SLOT","1010","UNVERIFIED","","0","0","0","0","C:\Users\ELIMSERVER\world-catalogue\elimfilters-vault\91-private-evidence\fram-usa-ld-catalog\fram-usa-ld-full-20260911\products\CA11010.json"
"CA11011","AIR","SKU_COLLISION_EXISTING","EA31011","REVIEW_LEGACY_PLACEHOLDER","LEGACY_UNVERIFIED_SLOT_WITH_DATA","1011","UNVERIFIED","","28","7","98","4","C:\Users\ELIMSERVER\world-catalogue\elimfilters-vault\91-private-evidence\fram-usa-ld-catalog\fram-usa-ld-full-20260911\products\CA11011.json"
"CA11013","AIR","SKU_COLLISION_EXISTING","EA31013","DISTINCT_COLLISION","CANONICAL_SLOT_OCCUPIED","C31013","UNVERIFIED","MANN-FILTER:C31013","0","0","15","0","C:\Users\ELIMSERVER\world-catalogue\elimfilters-vault\91-private-evidence\fram-usa-ld-catalog\fram-usa-ld-full-20260911\products\CA11013.json"
"CA11027","AIR","SKU_COLLISION_EXISTING","EA31027","REVIEW_LEGACY_PLACEHOLDER","LEGACY_UNVERIFIED_SLOT_WITH_DATA","1027","UNVERIFIED","","4","0","2","0","C:\Users\ELIMSERVER\world-catalogue\elimfilters-vault\91-private-evidence\fram-usa-ld-catalog\fram-usa-ld-full-20260911\products\CA11027.json"
"CA11030","AIR","SKU_COLLISION_EXISTING","EA31030","REVIEW_LEGACY_PLACEHOLDER","LEGACY_UNVERIFIED_SLOT_WITH_DATA","1030","UNVERIFIED","","0","0","2","0","C:\Users\ELIMSERVER\world-catalogue\elimfilters-vault\91-private-evidence\fram-usa-ld-catalog\fram-usa-ld-full-20260911\products\CA11030.json"
"CA11031","AIR","SKU_COLLISION_EXISTING","EA31031","REVIEW_LEGACY_PLACEHOLDER","LEGACY_UNVERIFIED_SLOT_WITH_DATA","1031","UNVERIFIED","","0","0","13","0","C:\Users\ELIMSERVER\world-catalogue\elimfilters-vault\91-private-evidence\fram-usa-ld-catalog\fram-usa-ld-full-20260911\products\CA11031.json"
"CA11034","AIR","SKU_COLLISION_EXISTING","EA31034","REVIEW_LEGACY_PLACEHOLDER","LEGACY_UNVERIFIED_SLOT_WITH_DATA","1034","UNVERIFIED","","0","0","1","0","C:\Users\ELIMSERVER\world-catalogue\elimfilters-vault\91-private-evidence\fram-usa-ld-catalog\fram-usa-ld-full-20260911\products\CA11034.json"
"CA11041","AIR","SKU_COLLISION_EXISTING","EA31041","REVIEW_LEGACY_PLACEHOLDER","LEGACY_UNVERIFIED_SLOT_WITH_DATA","1041","UNVERIFIED","","0","0","3","0","C:\Users\ELIMSERVER\world-catalogue\elimfilters-vault\91-private-evidence\fram-usa-ld-catalog\fram-usa-ld-full-20260911\products\CA11041.json"
"CA11042","AIR","SKU_COLLISION_EXISTING","EA31042","DISTINCT_COLLISION","CANONICAL_SLOT_OCCUPIED","C211042","UNVERIFIED","MANN-FILTER:C211042","0","0","12","0","C:\Users\ELIMSERVER\world-catalogue\elimfilters-vault\91-private-evidence\fram-usa-ld-catalog\fram-usa-ld-full-20260911\products\CA11042.json"
"CA11049","AIR","SKU_COLLISION_EXISTING","EA31049","REVIEW_LEGACY_PLACEHOLDER","LEGACY_UNVERIFIED_SLOT_WITH_DATA","1049","UNVERIFIED","","0","0","2","0","C:\Users\ELIMSERVER\world-catalogue\elimfilters-vault\91-private-evidence\fram-usa-ld-catalog\fram-usa-ld-full-20260911\products\CA11049.json"
"CA11050","AIR","SKU_COLLISION_EXISTING","EA31050","REVIEW_LEGACY_PLACEHOLDER","LEGACY_UNVERIFIED_SLOT_WITH_DATA","1050","UNVERIFIED","","0","0","19","0","C:\Users\ELIMSERVER\world-catalogue\elimfilters-vault\91-private-evidence\fram-usa-ld-catalog\fram-usa-ld-full-20260911\products\CA11050.json"
"CA11053A","AIR","SKU_COLLISION_EXISTING","EA31053","REPLACE_EMPTY_PLACEHOLDER","LEGACY_EMPTY_UNVERIFIED_SLOT","1053","UNVERIFIED","","0","0","0","0","C:\Users\ELIMSERVER\world-catalogue\elimfilters-vault\91-private-evidence\fram-usa-ld-catalog\fram-usa-ld-full-20260911\products\CA11053A.json"
"CA11054","AIR","INSUFFICIENT_EXISTING","EA31054","TRUE_QUARANTINE","SINGLE_WEAK_EXISTING_MATCH","1054","UNVERIFIED","","0","0","0","0","C:\Users\ELIMSERVER\world-catalogue\elimfilters-vault\91-private-evidence\fram-usa-ld-catalog\fram-usa-ld-full-20260911\products\CA11054.json"
"CA11062","AIR","SKU_COLLISION_EXISTING","EA31062","REPLACE_EMPTY_PLACEHOLDER","LEGACY_EMPTY_UNVERIFIED_SLOT","1062","UNVERIFIED","","0","0","0","0","C:\Users\ELIMSERVER\world-catalogue\elimfilters-vault\91-private-evidence\fram-usa-ld-catalog\fram-usa-ld-full-20260911\products\CA11062.json"
"CA11109","AIR","SKU_COLLISION_EXISTING","EA31109","REVIEW_LEGACY_PLACEHOLDER","LEGACY_UNVERIFIED_SLOT_WITH_DATA","1109","UNVERIFIED","","4","0","0","3","C:\Users\ELIMSERVER\world-catalogue\elimfilters-vault\91-private-evidence\fram-usa-ld-catalog\fram-usa-ld-full-20260911\products\CA11109.json"
"CA11113","AIR","SKU_COLLISION_EXISTING","EA31113","REVIEW_LEGACY_PLACEHOLDER","LEGACY_UNVERIFIED_SLOT_WITH_DATA","1113","UNVERIFIED","","3","0","0","0","C:\Users\ELIMSERVER\world-catalogue\elimfilters-vault\91-private-evidence\fram-usa-ld-catalog\fram-usa-ld-full-20260911\products\CA11113.json"
"CA11116","AIR","SKU_COLLISION_EXISTING","EA31116","REVIEW_LEGACY_PLACEHOLDER","LEGACY_UNVERIFIED_SLOT_WITH_DATA","1116","UNVERIFIED","","6","0","48","0","C:\Users\ELIMSERVER\world-catalogue\elimfilters-vault\91-private-evidence\fram-usa-ld-catalog\fram-usa-ld-full-20260911\products\CA11116.json"
"CA11118","AIR","SKU_COLLISION_EXISTING","EA31118","REPLACE_EMPTY_PLACEHOLDER","LEGACY_EMPTY_UNVERIFIED_SLOT","1118","UNVERIFIED","","0","0","0","0","C:\Users\ELIMSERVER\world-catalogue\elimfilters-vault\91-private-evidence\fram-usa-ld-catalog\fram-usa-ld-full-20260911\products\CA11118.json"
"CA11121","AIR","SKU_COLLISION_EXISTING","EA31121","DISTINCT_COLLISION","CANONICAL_SLOT_OCCUPIED","C1320","UNVERIFIED","MANN-FILTER:C1320","0","3","10","0","C:\Users\ELIMSERVER\world-catalogue\elimfilters-vault\91-private-evidence\fram-usa-ld-catalog\fram-usa-ld-full-20260911\products\CA11121.json"
"CA11154","AIR","SKU_COLLISION_EXISTING","EA31154","REVIEW_LEGACY_PLACEHOLDER","LEGACY_UNVERIFIED_SLOT_WITH_DATA","1154","UNVERIFIED","","2","0","0","0","C:\Users\ELIMSERVER\world-catalogue\elimfilters-vault\91-private-evidence\fram-usa-ld-catalog\fram-usa-ld-full-20260911\products\CA11154.json"
"CA11170","AIR","SKU_COLLISION_EXISTING","EA31170","REVIEW_LEGACY_PLACEHOLDER","LEGACY_UNVERIFIED_SLOT_WITH_DATA","1170","UNVERIFIED","","0","0","122","0","C:\Users\ELIMSERVER\world-catalogue\elimfilters-vault\91-private-evidence\fram-usa-ld-catalog\fram-usa-ld-full-20260911\products\CA11170.json"
"CA11215","AIR","SKU_COLLISION_EXISTING","EA31215","REVIEW_LEGACY_PLACEHOLDER","LEGACY_UNVERIFIED_SLOT_WITH_DATA","1215","UNVERIFIED","","0","0","3","0","C:\Users\ELIMSERVER\world-catalogue\elimfilters-vault\91-private-evidence\fram-usa-ld-catalog\fram-usa-ld-full-20260911\products\CA11215.json"
"CA11222","AIR","SKU_COLLISION_EXISTING","EA31222","REPLACE_EMPTY_PLACEHOLDER","LEGACY_EMPTY_UNVERIFIED_SLOT","1222","UNVERIFIED","","0","0","0","0","C:\Users\ELIMSERVER\world-catalogue\elimfilters-vault\91-private-evidence\fram-usa-ld-catalog\fram-usa-ld-full-20260911\products\CA11222.json"
"CA11227","AIR","SKU_COLLISION_EXISTING","EA31227","REVIEW_LEGACY_PLACEHOLDER","LEGACY_UNVERIFIED_SLOT_WITH_DATA","1227","UNVERIFIED","","8","0","0","0","C:\Users\ELIMSERVER\world-catalogue\elimfilters-vault\91-private-evidence\fram-usa-ld-catalog\fram-usa-ld-full-20260911\products\CA11227.json"
"CA11233","AIR","SKU_COLLISION_EXISTING","EA31233","REVIEW_LEGACY_PLACEHOLDER","LEGACY_UNVERIFIED_SLOT_WITH_DATA","1233","UNVERIFIED","","0","0","69","0","C:\Users\ELIMSERVER\world-catalogue\elimfilters-vault\91-private-evidence\fram-usa-ld-catalog\fram-usa-ld-full-20260911\products\CA11233.json"
"CA11250","AIR","SKU_COLLISION_EXISTING","EA31250","REVIEW_LEGACY_PLACEHOLDER","LEGACY_UNVERIFIED_SLOT_WITH_DATA","1250","UNVERIFIED","","13","0","30","0","C:\Users\ELIMSERVER\world-catalogue\elimfilters-vault\91-private-evidence\fram-usa-ld-catalog\fram-usa-ld-full-20260911\products\CA11250.json"
"CA11251","AIR","SKU_COLLISION_EXISTING","EA31251","REVIEW_LEGACY_PLACEHOLDER","LEGACY_UNVERIFIED_SLOT_WITH_DATA","1251","UNVERIFIED","","0","0","178","0","C:\Users\ELIMSERVER\world-catalogue\elimfilters-vault\91-private-evidence\fram-usa-ld-catalog\fram-usa-ld-full-20260911\products\CA11251.json"
"CA11256","AIR","SKU_COLLISION_EXISTING","EA31256","REVIEW_LEGACY_PLACEHOLDER","LEGACY_UNVERIFIED_SLOT_WITH_DATA","1256","UNVERIFIED","","0","0","34","0","C:\Users\ELIMSERVER\world-catalogue\elimfilters-vault\91-private-evidence\fram-usa-ld-catalog\fram-usa-ld-full-20260911\products\CA11256.json"
"CA11257","AIR","SKU_COLLISION_EXISTING","EA31257","REVIEW_LEGACY_PLACEHOLDER","LEGACY_UNVERIFIED_SLOT_WITH_DATA","1257","UNVERIFIED","","2","0","0","0","C:\Users\ELIMSERVER\world-catalogue\elimfilters-vault\91-private-evidence\fram-usa-ld-catalog\fram-usa-ld-full-20260911\products\CA11257.json"
"CA11287","AIR","SKU_COLLISION_EXISTING","EA31287","REVIEW_LEGACY_PLACEHOLDER","LEGACY_UNVERIFIED_SLOT_WITH_DATA","1287","UNVERIFIED","","0","0","6","0","C:\Users\ELIMSERVER\world-catalogue\elimfilters-vault\91-private-evidence\fram-usa-ld-catalog\fram-usa-ld-full-20260911\products\CA11287.json"
"CA11295","AIR","SKU_COLLISION_EXISTING","EA31295","REVIEW_LEGACY_PLACEHOLDER","LEGACY_UNVERIFIED_SLOT_WITH_DATA","1295","UNVERIFIED","","0","0","16","0","C:\Users\ELIMSERVER\world-catalogue\elimfilters-vault\91-private-evidence\fram-usa-ld-catalog\fram-usa-ld-full-20260911\products\CA11295.json"
"CA11295SY","AIR","SKU_COLLISION_EXISTING","EA31295","REVIEW_LEGACY_PLACEHOLDER","LEGACY_UNVERIFIED_SLOT_WITH_DATA","1295","UNVERIFIED","","0","0","16","0","C:\Users\ELIMSERVER\world-catalogue\elimfilters-vault\91-private-evidence\fram-usa-ld-catalog\fram-usa-ld-full-20260911\products\CA11295SY.json"
"CA11305","AIR","SKU_COLLISION_EXISTING","EA31305","DISTINCT_COLLISION","CANONICAL_SLOT_OCCUPIED","C331305","UNVERIFIED","MANN-FILTER:C331305","0","0","35","0","C:\Users\ELIMSERVER\world-catalogue\elimfilters-vault\91-private-evidence\fram-usa-ld-catalog\fram-usa-ld-full-20260911\products\CA11305.json"
"CA11345","AIR","SKU_COLLISION_EXISTING","EA31345","REVIEW_LEGACY_PLACEHOLDER","LEGACY_UNVERIFIED_SLOT_WITH_DATA","1345","UNVERIFIED","","0","0","55","0","C:\Users\ELIMSERVER\world-catalogue\elimfilters-vault\91-private-evidence\fram-usa-ld-catalog\fram-usa-ld-full-20260911\products\CA11345.json"
"CA11345SY","AIR","SKU_COLLISION_EXISTING","EA31345","REVIEW_LEGACY_PLACEHOLDER","LEGACY_UNVERIFIED_SLOT_WITH_DATA","1345","UNVERIFIED","","0","0","55","0","C:\Users\ELIMSERVER\world-catalogue\elimfilters-vault\91-private-evidence\fram-usa-ld-catalog\fram-usa-ld-full-20260911\products\CA11345SY.json"
"CA11413","AIR","SKU_COLLISION_EXISTING","EA31413","REPLACE_EMPTY_PLACEHOLDER","LEGACY_EMPTY_UNVERIFIED_SLOT","1413","UNVERIFIED","","0","0","0","0","C:\Users\ELIMSERVER\world-catalogue\elimfilters-vault\91-private-evidence\fram-usa-ld-catalog\fram-usa-ld-full-20260911\products\CA11413.json"
"CA11420","AIR","SKU_COLLISION_EXISTING","EA31420","REVIEW_LEGACY_PLACEHOLDER","LEGACY_UNVERIFIED_SLOT_WITH_DATA","1420","UNVERIFIED","","0","0","1","0","C:\Users\ELIMSERVER\world-catalogue\elimfilters-vault\91-private-evidence\fram-usa-ld-catalog\fram-usa-ld-full-20260911\products\CA11420.json"
"CA11421","AIR","SKU_COLLISION_EXISTING","EA31421","REPLACE_EMPTY_PLACEHOLDER","LEGACY_EMPTY_UNVERIFIED_SLOT","1421","UNVERIFIED","","0","0","0","0","C:\Users\ELIMSERVER\world-catalogue\elimfilters-vault\91-private-evidence\fram-usa-ld-catalog\fram-usa-ld-full-20260911\products\CA11421.json"
"CA11422","AIR","SKU_COLLISION_EXISTING","EA31422","REVIEW_LEGACY_PLACEHOLDER","LEGACY_UNVERIFIED_SLOT_WITH_DATA","1422","UNVERIFIED","","0","0","6","0","C:\Users\ELIMSERVER\world-catalogue\elimfilters-vault\91-private-evidence\fram-usa-ld-catalog\fram-usa-ld-full-20260911\products\CA11422.json"
"CA11426","AIR","INSUFFICIENT_EXISTING","EA31426","TRUE_QUARANTINE","SINGLE_WEAK_EXISTING_MATCH","1426","UNVERIFIED","","4","0","0","0","C:\Users\ELIMSERVER\world-catalogue\elimfilters-vault\91-private-evidence\fram-usa-ld-catalog\fram-usa-ld-full-20260911\products\CA11426.json"
"CA11431","AIR","SKU_COLLISION_EXISTING","EA31431","REVIEW_LEGACY_PLACEHOLDER","LEGACY_UNVERIFIED_SLOT_WITH_DATA","1431","UNVERIFIED","","0","0","153","0","C:\Users\ELIMSERVER\world-catalogue\elimfilters-vault\91-private-evidence\fram-usa-ld-catalog\fram-usa-ld-full-20260911\products\CA11431.json"
"CA11450","AIR","SKU_COLLISION_EXISTING","EA31450","REVIEW_LEGACY_PLACEHOLDER","LEGACY_UNVERIFIED_SLOT_WITH_DATA","1450","UNVERIFIED","","0","0","90","0","C:\Users\ELIMSERVER\world-catalogue\elimfilters-vault\91-private-evidence\fram-usa-ld-catalog\fram-usa-ld-full-20260911\products\CA11450.json"
"CA11456","AIR","SKU_COLLISION_EXISTING","EA31456","REVIEW_LEGACY_PLACEHOLDER","LEGACY_UNVERIFIED_SLOT_WITH_DATA","1456","UNVERIFIED","","0","0","11","0","C:\Users\ELIMSERVER\world-catalogue\elimfilters-vault\91-private-evidence\fram-usa-ld-catalog\fram-usa-ld-full-20260911\products\CA11456.json"
"CA11476","AIR","SKU_COLLISION_EXISTING","EA31476","REVIEW_LEGACY_PLACEHOLDER","LEGACY_UNVERIFIED_SLOT_WITH_DATA","1476","UNVERIFIED","","10","0","3","0","C:\Users\ELIMSERVER\world-catalogue\elimfilters-vault\91-private-evidence\fram-usa-ld-catalog\fram-usa-ld-full-20260911\products\CA11476.json"
"CA11480","AIR","SKU_COLLISION_EXISTING","EA31480","REVIEW_LEGACY_PLACEHOLDER","LEGACY_UNVERIFIED_SLOT_WITH_DATA","1480","UNVERIFIED","","0","0","13","0","C:\Users\ELIMSERVER\world-catalogue\elimfilters-vault\91-private-evidence\fram-usa-ld-catalog\fram-usa-ld-full-20260911\products\CA11480.json"
"CA11500","AIR","SKU_COLLISION_EXISTING","EA31500","REVIEW_LEGACY_PLACEHOLDER","LEGACY_UNVERIFIED_SLOT_WITH_DATA","1500","UNVERIFIED","","23","0","43","3","C:\Users\ELIMSERVER\world-catalogue\elimfilters-vault\91-private-evidence\fram-usa-ld-catalog\fram-usa-ld-full-20260911\products\CA11500.json"
"CA11519","AIR","SKU_COLLISION_EXISTING","EA31519","REVIEW_LEGACY_PLACEHOLDER","LEGACY_UNVERIFIED_SLOT_WITH_DATA","1519","UNVERIFIED","","3","0","0","0","C:\Users\ELIMSERVER\world-catalogue\elimfilters-vault\91-private-evidence\fram-usa-ld-catalog\fram-usa-ld-full-20260911\products\CA11519.json"
"CA11541","AIR","SKU_COLLISION_EXISTING","EA31541","REVIEW_LEGACY_PLACEHOLDER","LEGACY_UNVERIFIED_SLOT_WITH_DATA","1541","UNVERIFIED","","0","0","143","0","C:\Users\ELIMSERVER\world-catalogue\elimfilters-vault\91-private-evidence\fram-usa-ld-catalog\fram-usa-ld-full-20260911\products\CA11541.json"
"CA11565","AIR","FRAM_SKU_COLLISION","EA31565","DISTINCT_COLLISION","MULTIPLE_FRAM_AUTHORITIES_SAME_LAST4","","","","0","0","0","0","C:\Users\ELIMSERVER\world-catalogue\elimfilters-vault\91-private-evidence\fram-usa-ld-catalog\fram-usa-ld-full-20260911\products\CA11565.json"
"CA11581SY","AIR","SKU_COLLISION_EXISTING","EA31581","REVIEW_LEGACY_PLACEHOLDER","LEGACY_UNVERIFIED_SLOT_WITH_DATA","1581","UNVERIFIED","","0","0","6","0","C:\Users\ELIMSERVER\world-catalogue\elimfilters-vault\91-private-evidence\fram-usa-ld-catalog\fram-usa-ld-full-20260911\products\CA11581SY.json"
"CA11608","AIR","SKU_COLLISION_EXISTING","EA31608","REPLACE_EMPTY_PLACEHOLDER","LEGACY_EMPTY_UNVERIFIED_SLOT","1608","UNVERIFIED","","0","0","0","0","C:\Users\ELIMSERVER\world-catalogue\elimfilters-vault\91-private-evidence\fram-usa-ld-catalog\fram-usa-ld-full-20260911\products\CA11608.json"
"CA11759","AIR","SKU_COLLISION_EXISTING","EA31759","REVIEW_LEGACY_PLACEHOLDER","LEGACY_UNVERIFIED_SLOT_WITH_DATA","1759","UNVERIFIED","","3","0","0","0","C:\Users\ELIMSERVER\world-catalogue\elimfilters-vault\91-private-evidence\fram-usa-ld-catalog\fram-usa-ld-full-20260911\products\CA11759.json"
"CA11861","AIR","SKU_COLLISION_EXISTING","EA31861","REVIEW_LEGACY_PLACEHOLDER","LEGACY_UNVERIFIED_SLOT_WITH_DATA","1861","UNVERIFIED","","0","0","18","0","C:\Users\ELIMSERVER\world-catalogue\elimfilters-vault\91-private-evidence\fram-usa-ld-catalog\fram-usa-ld-full-20260911\products\CA11861.json"
"CA11877","AIR","SKU_COLLISION_EXISTING","EA31877","REVIEW_LEGACY_PLACEHOLDER","LEGACY_UNVERIFIED_SLOT_WITH_DATA","1877","UNVERIFIED","","0","0","2","0","C:\Users\ELIMSERVER\world-catalogue\elimfilters-vault\91-private-evidence\fram-usa-ld-catalog\fram-usa-ld-full-20260911\products\CA11877.json"
"CA11895","AIR","SKU_COLLISION_EXISTING","EA31895","REVIEW_LEGACY_PLACEHOLDER","LEGACY_UNVERIFIED_SLOT_WITH_DATA","1895","UNVERIFIED","","4","0","0","4","C:\Users\ELIMSERVER\world-catalogue\elimfilters-vault\91-private-evidence\fram-usa-ld-catalog\fram-usa-ld-full-20260911\products\CA11895.json"
"CA11940","AIR","SKU_COLLISION_EXISTING","EA31940","REPLACE_EMPTY_PLACEHOLDER","LEGACY_EMPTY_UNVERIFIED_SLOT","1940","UNVERIFIED","","0","0","0","0","C:\Users\ELIMSERVER\world-catalogue\elimfilters-vault\91-private-evidence\fram-usa-ld-catalog\fram-usa-ld-full-20260911\products\CA11940.json"
"CA11941","AIR","SKU_COLLISION_EXISTING","EA31941","REPLACE_EMPTY_PLACEHOLDER","LEGACY_EMPTY_UNVERIFIED_SLOT","1941","UNVERIFIED","","0","0","0","0","C:\Users\ELIMSERVER\world-catalogue\elimfilters-vault\91-private-evidence\fram-usa-ld-catalog\fram-usa-ld-full-20260911\products\CA11941.json"
"CA11942","AIR","SKU_COLLISION_EXISTING","EA31942","REVIEW_LEGACY_PLACEHOLDER","LEGACY_UNVERIFIED_SLOT_WITH_DATA","1942","UNVERIFIED","","0","0","6","0","C:\Users\ELIMSERVER\world-catalogue\elimfilters-vault\91-private-evidence\fram-usa-ld-catalog\fram-usa-ld-full-20260911\products\CA11942.json"
"CA11945","AIR","SKU_COLLISION_EXISTING","EA31945","REVIEW_LEGACY_PLACEHOLDER","LEGACY_UNVERIFIED_SLOT_WITH_DATA","1945","UNVERIFIED","","0","0","4","0","C:\Users\ELIMSERVER\world-catalogue\elimfilters-vault\91-private-evidence\fram-usa-ld-catalog\fram-usa-ld-full-20260911\products\CA11945.json"
"CA11952","AIR","SKU_COLLISION_EXISTING","EA31952","DISTINCT_COLLISION","CANONICAL_SLOT_OCCUPIED","C301952","UNVERIFIED","MANN-FILTER:C301952","0","0","50","0","C:\Users\ELIMSERVER\world-catalogue\elimfilters-vault\91-private-evidence\fram-usa-ld-catalog\fram-usa-ld-full-20260911\products\CA11952.json"
"CA12050","AIR","SKU_COLLISION_EXISTING","EA32050","REVIEW_LEGACY_PLACEHOLDER","LEGACY_UNVERIFIED_SLOT_WITH_DATA","2050","UNVERIFIED","","0","0","12","0","C:\Users\ELIMSERVER\world-catalogue\elimfilters-vault\91-private-evidence\fram-usa-ld-catalog\fram-usa-ld-full-20260911\products\CA12050.json"
"CA12051","AIR","SKU_COLLISION_EXISTING","EA32051","REPLACE_EMPTY_PLACEHOLDER","LEGACY_EMPTY_UNVERIFIED_SLOT","2051","UNVERIFIED","","0","0","0","0","C:\Users\ELIMSERVER\world-catalogue\elimfilters-vault\91-private-evidence\fram-usa-ld-catalog\fram-usa-ld-full-20260911\products\CA12051.json"
"CA12052","AIR","SKU_COLLISION_EXISTING","EA32052","REPLACE_EMPTY_PLACEHOLDER","LEGACY_EMPTY_UNVERIFIED_SLOT","2052","UNVERIFIED","","0","0","0","0","C:\Users\ELIMSERVER\world-catalogue\elimfilters-vault\91-private-evidence\fram-usa-ld-catalog\fram-usa-ld-full-20260911\products\CA12052.json"
"CA12057","AIR","SKU_COLLISION_EXISTING","EA32057","REVIEW_LEGACY_PLACEHOLDER","LEGACY_UNVERIFIED_SLOT_WITH_DATA","2057","UNVERIFIED","","0","0","33","0","C:\Users\ELIMSERVER\world-catalogue\elimfilters-vault\91-private-evidence\fram-usa-ld-catalog\fram-usa-ld-full-20260911\products\CA12057.json"
"CA12061","AIR","SKU_COLLISION_EXISTING","EA32061","DISTINCT_COLLISION","CANONICAL_SLOT_OCCUPIED","C262061","UNVERIFIED","MANN-FILTER:C262061","0","0","13","0","C:\Users\ELIMSERVER\world-catalogue\elimfilters-vault\91-private-evidence\fram-usa-ld-catalog\fram-usa-ld-full-20260911\products\CA12061.json"
"CA12062","AIR","SKU_COLLISION_EXISTING","EA32062","REVIEW_LEGACY_PLACEHOLDER","LEGACY_UNVERIFIED_SLOT_WITH_DATA","2062","UNVERIFIED","","0","0","279","0","C:\Users\ELIMSERVER\world-catalogue\elimfilters-vault\91-private-evidence\fram-usa-ld-catalog\fram-usa-ld-full-20260911\products\CA12062.json"
"CA12064","AIR","SKU_COLLISION_EXISTING","EA32064","REPLACE_EMPTY_PLACEHOLDER","LEGACY_EMPTY_UNVERIFIED_SLOT","2064","UNVERIFIED","","0","0","0","0","C:\Users\ELIMSERVER\world-catalogue\elimfilters-vault\91-private-evidence\fram-usa-ld-catalog\fram-usa-ld-full-20260911\products\CA12064.json"
"CA12065","AIR","SKU_COLLISION_EXISTING","EA32065","REVIEW_LEGACY_PLACEHOLDER","LEGACY_UNVERIFIED_SLOT_WITH_DATA","2065","UNVERIFIED","","0","0","2","0","C:\Users\ELIMSERVER\world-catalogue\elimfilters-vault\91-private-evidence\fram-usa-ld-catalog\fram-usa-ld-full-20260911\products\CA12065.json"
"CA12071","AIR","SKU_COLLISION_EXISTING","EA32071","REVIEW_LEGACY_PLACEHOLDER","LEGACY_UNVERIFIED_SLOT_WITH_DATA","2071","UNVERIFIED","","0","0","9","0","C:\Users\ELIMSERVER\world-catalogue\elimfilters-vault\91-private-evidence\fram-usa-ld-catalog\fram-usa-ld-full-20260911\products\CA12071.json"
"CA12072","AIR","SKU_COLLISION_EXISTING","EA32072","REPLACE_EMPTY_PLACEHOLDER","LEGACY_EMPTY_UNVERIFIED_SLOT","2072","UNVERIFIED","","0","0","0","0","C:\Users\ELIMSERVER\world-catalogue\elimfilters-vault\91-private-evidence\fram-usa-ld-catalog\fram-usa-ld-full-20260911\products\CA12072.json"
"CA12085","AIR","SKU_COLLISION_EXISTING","EA32085","REPLACE_EMPTY_PLACEHOLDER","LEGACY_EMPTY_UNVERIFIED_SLOT","2085","UNVERIFIED","","0","0","0","0","C:\Users\ELIMSERVER\world-catalogue\elimfilters-vault\91-private-evidence\fram-usa-ld-catalog\fram-usa-ld-full-20260911\products\CA12085.json"
"CA12112","AIR","SKU_COLLISION_EXISTING","EA32112","DISTINCT_COLLISION","CANONICAL_SLOT_OCCUPIED","C32112","UNVERIFIED","MANN-FILTER:C32112","0","0","4","0","C:\Users\ELIMSERVER\world-catalogue\elimfilters-vault\91-private-evidence\fram-usa-ld-catalog\fram-usa-ld-full-20260911\products\CA12112.json"
"CA122","AIR","SKU_COLLISION_EXISTING","EA30122","DISTINCT_COLLISION","CANONICAL_SLOT_OCCUPIED","C30122","UNVERIFIED","MANN-FILTER:C30122","0","0","19","0","C:\Users\ELIMSERVER\world-catalogue\elimfilters-vault\91-private-evidence\fram-usa-ld-catalog\fram-usa-ld-full-20260911\products\CA122.json"
"CA12260","AIR","SKU_COLLISION_EXISTING","EA32260","REVIEW_LEGACY_PLACEHOLDER","LEGACY_UNVERIFIED_SLOT_WITH_DATA","2260","UNVERIFIED","","0","0","17","0","C:\Users\ELIMSERVER\world-catalogue\elimfilters-vault\91-private-evidence\fram-usa-ld-catalog\fram-usa-ld-full-20260911\products\CA12260.json"
"CA12290","AIR","SKU_COLLISION_EXISTING","EA32290","DISTINCT_COLLISION","CANONICAL_SLOT_OCCUPIED","C2290","UNVERIFIED","MANN-FILTER:C2290","0","0","3","0","C:\Users\ELIMSERVER\world-catalogue\elimfilters-vault\91-private-evidence\fram-usa-ld-catalog\fram-usa-ld-full-20260911\products\CA12290.json"
"CA12293","AIR","SKU_COLLISION_EXISTING","EA32293","REVIEW_LEGACY_PLACEHOLDER","LEGACY_UNVERIFIED_SLOT_WITH_DATA","2293","UNVERIFIED","","0","0","47","0","C:\Users\ELIMSERVER\world-catalogue\elimfilters-vault\91-private-evidence\fram-usa-ld-catalog\fram-usa-ld-full-20260911\products\CA12293.json"
"CA12295","AIR","SKU_COLLISION_EXISTING","EA32295","REVIEW_LEGACY_PLACEHOLDER","LEGACY_UNVERIFIED_SLOT_WITH_DATA","2295","UNVERIFIED","","0","0","10","0","C:\Users\ELIMSERVER\world-catalogue\elimfilters-vault\91-private-evidence\fram-usa-ld-catalog\fram-usa-ld-full-20260911\products\CA12295.json"
"CA12315","AIR","SKU_COLLISION_EXISTING","EA32315","REPLACE_EMPTY_PLACEHOLDER","LEGACY_EMPTY_UNVERIFIED_SLOT","2315","UNVERIFIED","","0","0","0","0","C:\Users\ELIMSERVER\world-catalogue\elimfilters-vault\91-private-evidence\fram-usa-ld-catalog\fram-usa-ld-full-20260911\products\CA12315.json"
"CA12368","AIR","SKU_COLLISION_EXISTING","EA32368","REVIEW_LEGACY_PLACEHOLDER","LEGACY_UNVERIFIED_SLOT_WITH_DATA","2368","UNVERIFIED","","0","0","43","0","C:\Users\ELIMSERVER\world-catalogue\elimfilters-vault\91-private-evidence\fram-usa-ld-catalog\fram-usa-ld-full-20260911\products\CA12368.json"
"CA12371","AIR","SKU_COLLISION_EXISTING","EA32371","DISTINCT_COLLISION","CANONICAL_SLOT_OCCUPIED","C172371","UNVERIFIED","MANN-FILTER:C172371","0","0","53","0","C:\Users\ELIMSERVER\world-catalogue\elimfilters-vault\91-private-evidence\fram-usa-ld-catalog\fram-usa-ld-full-20260911\products\CA12371.json"
"CA12372","AIR","SKU_COLLISION_EXISTING","EA32372","REVIEW_LEGACY_PLACEHOLDER","LEGACY_UNVERIFIED_SLOT_WITH_DATA","2372","UNVERIFIED","","0","0","7","0","C:\Users\ELIMSERVER\world-catalogue\elimfilters-vault\91-private-evidence\fram-usa-ld-catalog\fram-usa-ld-full-20260911\products\CA12372.json"
"CA12376","AIR","SKU_COLLISION_EXISTING","EA32376","REVIEW_LEGACY_PLACEHOLDER","LEGACY_UNVERIFIED_SLOT_WITH_DATA","2376","UNVERIFIED","","0","0","3","0","C:\Users\ELIMSERVER\world-catalogue\elimfilters-vault\91-private-evidence\fram-usa-ld-catalog\fram-usa-ld-full-20260911\products\CA12376.json"
"CA12404","AIR","SKU_COLLISION_EXISTING","EA32404","REVIEW_LEGACY_PLACEHOLDER","LEGACY_UNVERIFIED_SLOT_WITH_DATA","2404","UNVERIFIED","","0","0","1","0","C:\Users\ELIMSERVER\world-catalogue\elimfilters-vault\91-private-evidence\fram-usa-ld-catalog\fram-usa-ld-full-20260911\products\CA12404.json"
"CA124A","AIR","SKU_COLLISION_EXISTING","EA30124","DISTINCT_COLLISION","CANONICAL_SLOT_OCCUPIED","C40124","UNVERIFIED","MANN-FILTER:C40124","0","0","2","0","C:\Users\ELIMSERVER\world-catalogue\elimfilters-vault\91-private-evidence\fram-usa-ld-catalog\fram-usa-ld-full-20260911\products\CA124A.json"
"CA12535","AIR","SKU_COLLISION_EXISTING","EA32535","REVIEW_LEGACY_PLACEHOLDER","LEGACY_UNVERIFIED_SLOT_WITH_DATA","2535","UNVERIFIED","","19","4","29","4","C:\Users\ELIMSERVER\world-catalogue\elimfilters-vault\91-private-evidence\fram-usa-ld-catalog\fram-usa-ld-full-20260911\products\CA12535.json"
"CA12619","AIR","SKU_COLLISION_EXISTING","EA32619","REVIEW_LEGACY_PLACEHOLDER","LEGACY_UNVERIFIED_SLOT_WITH_DATA","2619","UNVERIFIED","","0","0","4","0","C:\Users\ELIMSERVER\world-catalogue\elimfilters-vault\91-private-evidence\fram-usa-ld-catalog\fram-usa-ld-full-20260911\products\CA12619.json"
"CA12666","AIR","SKU_COLLISION_EXISTING","EA32666","REVIEW_LEGACY_PLACEHOLDER","LEGACY_UNVERIFIED_SLOT_WITH_DATA","2666","UNVERIFIED","","0","0","23","0","C:\Users\ELIMSERVER\world-catalogue\elimfilters-vault\91-private-evidence\fram-usa-ld-catalog\fram-usa-ld-full-20260911\products\CA12666.json"
"CA12668","AIR","SKU_COLLISION_EXISTING","EA32668","DISTINCT_COLLISION","CANONICAL_SLOT_OCCUPIED","C2668","UNVERIFIED","MANN-FILTER:C2668","0","0","18","0","C:\Users\ELIMSERVER\world-catalogue\elimfilters-vault\91-private-evidence\fram-usa-ld-catalog\fram-usa-ld-full-20260911\products\CA12668.json"
"CA12841","AIR","SKU_COLLISION_EXISTING","EA32841","REVIEW_LEGACY_PLACEHOLDER","LEGACY_UNVERIFIED_SLOT_WITH_DATA","2841","UNVERIFIED","","4","0","34","0","C:\Users\ELIMSERVER\world-catalogue\elimfilters-vault\91-private-evidence\fram-usa-ld-catalog\fram-usa-ld-full-20260911\products\CA12841.json"
"CA12863","AIR","SKU_COLLISION_EXISTING","EA32863","DISTINCT_COLLISION","CANONICAL_SLOT_OCCUPIED","C2863","UNVERIFIED","MANN-FILTER:C2863","0","0","10","0","C:\Users\ELIMSERVER\world-catalogue\elimfilters-vault\91-private-evidence\fram-usa-ld-catalog\fram-usa-ld-full-20260911\products\CA12863.json"
"CA12868","AIR","SKU_COLLISION_EXISTING","EA32868","REVIEW_LEGACY_PLACEHOLDER","LEGACY_UNVERIFIED_SLOT_WITH_DATA","2868","UNVERIFIED","","0","0","13","0","C:\Users\ELIMSERVER\world-catalogue\elimfilters-vault\91-private-evidence\fram-usa-ld-catalog\fram-usa-ld-full-20260911\products\CA12868.json"
"CA12878","AIR","SKU_COLLISION_EXISTING","EA32878","REVIEW_LEGACY_PLACEHOLDER","LEGACY_UNVERIFIED_SLOT_WITH_DATA","2878","UNVERIFIED","","20","0","0","0","C:\Users\ELIMSERVER\world-catalogue\elimfilters-vault\91-private-evidence\fram-usa-ld-catalog\fram-usa-ld-full-20260911\products\CA12878.json"
"CA12879","AIR","SKU_COLLISION_EXISTING","EA32879","REVIEW_LEGACY_PLACEHOLDER","LEGACY_UNVERIFIED_SLOT_WITH_DATA","2879","UNVERIFIED","","0","0","3","0","C:\Users\ELIMSERVER\world-catalogue\elimfilters-vault\91-private-evidence\fram-usa-ld-catalog\fram-usa-ld-full-20260911\products\CA12879.json"
"CA12931","AIR","SKU_COLLISION_EXISTING","EA32931","REVIEW_LEGACY_PLACEHOLDER","LEGACY_UNVERIFIED_SLOT_WITH_DATA","2931","UNVERIFIED","","0","0","2","0","C:\Users\ELIMSERVER\world-catalogue\elimfilters-vault\91-private-evidence\fram-usa-ld-catalog\fram-usa-ld-full-20260911\products\CA12931.json"
"CA12934","AIR","SKU_COLLISION_EXISTING","EA32934","REVIEW_LEGACY_PLACEHOLDER","LEGACY_UNVERIFIED_SLOT_WITH_DATA","2934","UNVERIFIED","","0","0","2","0","C:\Users\ELIMSERVER\world-catalogue\elimfilters-vault\91-private-evidence\fram-usa-ld-catalog\fram-usa-ld-full-20260911\products\CA12934.json"
"CA12940","AIR","SKU_COLLISION_EXISTING","EA32940","REVIEW_LEGACY_PLACEHOLDER","LEGACY_UNVERIFIED_SLOT_WITH_DATA","2940","UNVERIFIED","","0","0","227","0","C:\Users\ELIMSERVER\world-catalogue\elimfilters-vault\91-private-evidence\fram-usa-ld-catalog\fram-usa-ld-full-20260911\products\CA12940.json"
"CA12941","AIR","SKU_COLLISION_EXISTING","EA32941","REVIEW_LEGACY_PLACEHOLDER","LEGACY_UNVERIFIED_SLOT_WITH_DATA","2941","UNVERIFIED","","0","0","3","0","C:\Users\ELIMSERVER\world-catalogue\elimfilters-vault\91-private-evidence\fram-usa-ld-catalog\fram-usa-ld-full-20260911\products\CA12941.json"
"CA12952","AIR","SKU_COLLISION_EXISTING","EA32952","REVIEW_LEGACY_PLACEHOLDER","LEGACY_UNVERIFIED_SLOT_WITH_DATA","2952","UNVERIFIED","","0","0","250","0","C:\Users\ELIMSERVER\world-catalogue\elimfilters-vault\91-private-evidence\fram-usa-ld-catalog\fram-usa-ld-full-20260911\products\CA12952.json"
"CA12953","AIR","SKU_COLLISION_EXISTING","EA32953","DISTINCT_COLLISION","CANONICAL_SLOT_OCCUPIED","C22953","UNVERIFIED","MANN-FILTER:C22953","0","0","51","0","C:\Users\ELIMSERVER\world-catalogue\elimfilters-vault\91-private-evidence\fram-usa-ld-catalog\fram-usa-ld-full-20260911\products\CA12953.json"
"CA12954","AIR","SKU_COLLISION_EXISTING","EA32954","DISTINCT_COLLISION","CANONICAL_SLOT_OCCUPIED","C22954","UNVERIFIED","MANN-FILTER:C22954","0","0","38","0","C:\Users\ELIMSERVER\world-catalogue\elimfilters-vault\91-private-evidence\fram-usa-ld-catalog\fram-usa-ld-full-20260911\products\CA12954.json"
"CA12987","AIR","SKU_COLLISION_EXISTING","EA32987","REVIEW_LEGACY_PLACEHOLDER","LEGACY_UNVERIFIED_SLOT_WITH_DATA","2987","UNVERIFIED","","54","3","0","3","C:\Users\ELIMSERVER\world-catalogue\elimfilters-vault\91-private-evidence\fram-usa-ld-catalog\fram-usa-ld-full-20260911\products\CA12987.json"
"CA136","AIR","SKU_COLLISION_EXISTING","EA30136","REPLACE_EMPTY_PLACEHOLDER","LEGACY_EMPTY_UNVERIFIED_SLOT","0136","UNVERIFIED","","0","0","0","0","C:\Users\ELIMSERVER\world-catalogue\elimfilters-vault\91-private-evidence\fram-usa-ld-catalog\fram-usa-ld-full-20260911\products\CA136.json"
"CA148","AIR","SKU_COLLISION_EXISTING","EA30148","REVIEW_LEGACY_PLACEHOLDER","LEGACY_UNVERIFIED_SLOT_WITH_DATA","0148","UNVERIFIED","","13","0","20","0","C:\Users\ELIMSERVER\world-catalogue\elimfilters-vault\91-private-evidence\fram-usa-ld-catalog\fram-usa-ld-full-20260911\products\CA148.json"
"CA15","AIR","SKU_COLLISION_EXISTING","EA30015","REVIEW_LEGACY_PLACEHOLDER","LEGACY_UNVERIFIED_SLOT_WITH_DATA","0015","UNVERIFIED","","0","0","65","0","C:\Users\ELIMSERVER\world-catalogue\elimfilters-vault\91-private-evidence\fram-usa-ld-catalog\fram-usa-ld-full-20260911\products\CA15.json"
"CA151","AIR","SKU_COLLISION_EXISTING","EA30151","REVIEW_LEGACY_PLACEHOLDER","LEGACY_UNVERIFIED_SLOT_WITH_DATA","0151","UNVERIFIED","","1","0","0","0","C:\Users\ELIMSERVER\world-catalogue\elimfilters-vault\91-private-evidence\fram-usa-ld-catalog\fram-usa-ld-full-20260911\products\CA151.json"
"CA1514","AIR","FRAM_SKU_COLLISION","EA31514","DISTINCT_COLLISION","MULTIPLE_FRAM_AUTHORITIES_SAME_LAST4","","","","0","0","0","0","C:\Users\ELIMSERVER\world-catalogue\elimfilters-vault\91-private-evidence\fram-usa-ld-catalog\fram-usa-ld-full-20260911\products\CA1514.json"
"CA1514SY","AIR","FRAM_SKU_COLLISION","EA31514","DISTINCT_COLLISION","MULTIPLE_FRAM_AUTHORITIES_SAME_LAST4","","","","0","0","0","0","C:\Users\ELIMSERVER\world-catalogue\elimfilters-vault\91-private-evidence\fram-usa-ld-catalog\fram-usa-ld-full-20260911\products\CA1514SY.json"
"CA1519","AIR","SKU_COLLISION_EXISTING","EA31519","REVIEW_LEGACY_PLACEHOLDER","LEGACY_UNVERIFIED_SLOT_WITH_DATA","1519","UNVERIFIED","","3","0","0","0","C:\Users\ELIMSERVER\world-catalogue\elimfilters-vault\91-private-evidence\fram-usa-ld-catalog\fram-usa-ld-full-20260911\products\CA1519.json"
"CA1531SY","AIR","SKU_COLLISION_EXISTING","EA31531","DISTINCT_COLLISION","CANONICAL_SLOT_OCCUPIED","C301531","UNVERIFIED","MANN-FILTER:C301531","0","0","77","0","C:\Users\ELIMSERVER\world-catalogue\elimfilters-vault\91-private-evidence\fram-usa-ld-catalog\fram-usa-ld-full-20260911\products\CA1531SY.json"
"CA1532SY","AIR","SKU_COLLISION_EXISTING","EA31532","REVIEW_LEGACY_PLACEHOLDER","LEGACY_UNVERIFIED_SLOT_WITH_DATA","1532","UNVERIFIED","","12","0","4","0","C:\Users\ELIMSERVER\world-catalogue\elimfilters-vault\91-private-evidence\fram-usa-ld-catalog\fram-usa-ld-full-20260911\products\CA1532SY.json"
"CA1537","AIR","SKU_COLLISION_EXISTING","EA31537","DISTINCT_COLLISION","CANONICAL_SLOT_OCCUPIED","C1537","UNVERIFIED","MANN-FILTER:C1537","0","0","57","0","C:\Users\ELIMSERVER\world-catalogue\elimfilters-vault\91-private-evidence\fram-usa-ld-catalog\fram-usa-ld-full-20260911\products\CA1537.json"
"CA1543","AIR","FRAM_SKU_COLLISION","EA31543","DISTINCT_COLLISION","MULTIPLE_FRAM_AUTHORITIES_SAME_LAST4","","","","0","0","0","0","C:\Users\ELIMSERVER\world-catalogue\elimfilters-vault\91-private-evidence\fram-usa-ld-catalog\fram-usa-ld-full-20260911\products\CA1543.json"
"CA1543SY","AIR","FRAM_SKU_COLLISION","EA31543","DISTINCT_COLLISION","MULTIPLE_FRAM_AUTHORITIES_SAME_LAST4","","","","0","0","0","0","C:\Users\ELIMSERVER\world-catalogue\elimfilters-vault\91-private-evidence\fram-usa-ld-catalog\fram-usa-ld-full-20260911\products\CA1543SY.json"
"CA1550","AIR","SKU_COLLISION_EXISTING","EA31550","REPLACE_EMPTY_PLACEHOLDER","LEGACY_EMPTY_UNVERIFIED_SLOT","1550","UNVERIFIED","","0","0","0","0","C:\Users\ELIMSERVER\world-catalogue\elimfilters-vault\91-private-evidence\fram-usa-ld-catalog\fram-usa-ld-full-20260911\products\CA1550.json"
"CA1562","AIR","SKU_COLLISION_EXISTING","EA31562","REPLACE_EMPTY_PLACEHOLDER","LEGACY_EMPTY_UNVERIFIED_SLOT","1562","UNVERIFIED","","0","0","0","0","C:\Users\ELIMSERVER\world-catalogue\elimfilters-vault\91-private-evidence\fram-usa-ld-catalog\fram-usa-ld-full-20260911\products\CA1562.json"
"CA1562SY","AIR","SKU_COLLISION_EXISTING","EA31562","REPLACE_EMPTY_PLACEHOLDER","LEGACY_EMPTY_UNVERIFIED_SLOT","1562","UNVERIFIED","","0","0","0","0","C:\Users\ELIMSERVER\world-catalogue\elimfilters-vault\91-private-evidence\fram-usa-ld-catalog\fram-usa-ld-full-20260911\products\CA1562SY.json"
"CA1565","AIR","FRAM_SKU_COLLISION","EA31565","DISTINCT_COLLISION","MULTIPLE_FRAM_AUTHORITIES_SAME_LAST4","","","","0","0","0","0","C:\Users\ELIMSERVER\world-catalogue\elimfilters-vault\91-private-evidence\fram-usa-ld-catalog\fram-usa-ld-full-20260911\products\CA1565.json"
"CA1574","AIR","SKU_COLLISION_EXISTING","EA31574","REVIEW_LEGACY_PLACEHOLDER","LEGACY_UNVERIFIED_SLOT_WITH_DATA","1574","UNVERIFIED","","0","0","6","0","C:\Users\ELIMSERVER\world-catalogue\elimfilters-vault\91-private-evidence\fram-usa-ld-catalog\fram-usa-ld-full-20260911\products\CA1574.json"
"CA1580ASY","AIR","SKU_COLLISION_EXISTING","EA31580","REVIEW_LEGACY_PLACEHOLDER","LEGACY_UNVERIFIED_SLOT_WITH_DATA","1580","UNVERIFIED","","0","0","142","0","C:\Users\ELIMSERVER\world-catalogue\elimfilters-vault\91-private-evidence\fram-usa-ld-catalog\fram-usa-ld-full-20260911\products\CA1580ASY.json"
"CA1581","AIR","SKU_COLLISION_EXISTING","EA31581","REVIEW_LEGACY_PLACEHOLDER","LEGACY_UNVERIFIED_SLOT_WITH_DATA","1581","UNVERIFIED","","0","0","6","0","C:\Users\ELIMSERVER\world-catalogue\elimfilters-vault\91-private-evidence\fram-usa-ld-catalog\fram-usa-ld-full-20260911\products\CA1581.json"
"CA1588","AIR","SKU_COLLISION_EXISTING","EA31588","REVIEW_LEGACY_PLACEHOLDER","LEGACY_UNVERIFIED_SLOT_WITH_DATA","1588","UNVERIFIED","","0","0","22","0","C:\Users\ELIMSERVER\world-catalogue\elimfilters-vault\91-private-evidence\fram-usa-ld-catalog\fram-usa-ld-full-20260911\products\CA1588.json"
"CA1588SY","AIR","SKU_COLLISION_EXISTING","EA31588","REVIEW_LEGACY_PLACEHOLDER","LEGACY_UNVERIFIED_SLOT_WITH_DATA","1588","UNVERIFIED","","0","0","22","0","C:\Users\ELIMSERVER\world-catalogue\elimfilters-vault\91-private-evidence\fram-usa-ld-catalog\fram-usa-ld-full-20260911\products\CA1588SY.json"
"CA159","AIR","FRAM_SKU_COLLISION","EA30159","DISTINCT_COLLISION","MULTIPLE_FRAM_AUTHORITIES_SAME_LAST4","","","","0","0","0","0","C:\Users\ELIMSERVER\world-catalogue\elimfilters-vault\91-private-evidence\fram-usa-ld-catalog\fram-usa-ld-full-20260911\products\CA159.json"
"CA1591","AIR","SKU_COLLISION_EXISTING","EA31591","REVIEW_LEGACY_PLACEHOLDER","LEGACY_UNVERIFIED_SLOT_WITH_DATA","1591","UNVERIFIED","","51","1","0","0","C:\Users\ELIMSERVER\world-catalogue\elimfilters-vault\91-private-evidence\fram-usa-ld-catalog\fram-usa-ld-full-20260911\products\CA1591.json"
"CA1592","AIR","SKU_COLLISION_EXISTING","EA31592","REVIEW_LEGACY_PLACEHOLDER","LEGACY_UNVERIFIED_SLOT_WITH_DATA","1592","UNVERIFIED","","0","0","35","0","C:\Users\ELIMSERVER\world-catalogue\elimfilters-vault\91-private-evidence\fram-usa-ld-catalog\fram-usa-ld-full-20260911\products\CA1592.json"
"CA1596","AIR","SKU_COLLISION_EXISTING","EA31596","DISTINCT_COLLISION","CANONICAL_SLOT_OCCUPIED","C1596","UNVERIFIED","MANN-FILTER:C1596","0","0","4","0","C:\Users\ELIMSERVER\world-catalogue\elimfilters-vault\91-private-evidence\fram-usa-ld-catalog\fram-usa-ld-full-20260911\products\CA1596.json"
"CA162","AIR","FRAM_SKU_COLLISION","EA30162","DISTINCT_COLLISION","MULTIPLE_FRAM_AUTHORITIES_SAME_LAST4","","","","0","0","0","0","C:\Users\ELIMSERVER\world-catalogue\elimfilters-vault\91-private-evidence\fram-usa-ld-catalog\fram-usa-ld-full-20260911\products\CA162.json"
"CA187","AIR","SKU_COLLISION_EXISTING","EA30187","REVIEW_LEGACY_PLACEHOLDER","LEGACY_UNVERIFIED_SLOT_WITH_DATA","0187","UNVERIFIED","","0","0","68","0","C:\Users\ELIMSERVER\world-catalogue\elimfilters-vault\91-private-evidence\fram-usa-ld-catalog\fram-usa-ld-full-20260911\products\CA187.json"
"CA189","AIR","SKU_COLLISION_EXISTING","EA30189","REVIEW_LEGACY_PLACEHOLDER","LEGACY_UNVERIFIED_SLOT_WITH_DATA","0189","UNVERIFIED","","0","0","67","0","C:\Users\ELIMSERVER\world-catalogue\elimfilters-vault\91-private-evidence\fram-usa-ld-catalog\fram-usa-ld-full-20260911\products\CA189.json"
"CA192","AIR","FRAM_SKU_COLLISION","EA30192","DISTINCT_COLLISION","MULTIPLE_FRAM_AUTHORITIES_SAME_LAST4","","","","0","0","0","0","C:\Users\ELIMSERVER\world-catalogue\elimfilters-vault\91-private-evidence\fram-usa-ld-catalog\fram-usa-ld-full-20260911\products\CA192.json"
"CA198","AIR","SKU_COLLISION_EXISTING","EA30198","REVIEW_LEGACY_PLACEHOLDER","LEGACY_UNVERIFIED_SLOT_WITH_DATA","0198","UNVERIFIED","","0","0","8","0","C:\Users\ELIMSERVER\world-catalogue\elimfilters-vault\91-private-evidence\fram-usa-ld-catalog\fram-usa-ld-full-20260911\products\CA198.json"
"CA21","AIR","SKU_COLLISION_EXISTING","EA30021","REVIEW_LEGACY_PLACEHOLDER","LEGACY_UNVERIFIED_SLOT_WITH_DATA","0021","UNVERIFIED","","0","0","3","0","C:\Users\ELIMSERVER\world-catalogue\elimfilters-vault\91-private-evidence\fram-usa-ld-catalog\fram-usa-ld-full-20260911\products\CA21.json"
"CA228","AIR","FRAM_SKU_COLLISION","EA30228","DISTINCT_COLLISION","MULTIPLE_FRAM_AUTHORITIES_SAME_LAST4","","","","0","0","0","0","C:\Users\ELIMSERVER\world-catalogue\elimfilters-vault\91-private-evidence\fram-usa-ld-catalog\fram-usa-ld-full-20260911\products\CA228.json"
"CA232","AIR","SKU_COLLISION_EXISTING","EA30232","REPLACE_EMPTY_PLACEHOLDER","LEGACY_EMPTY_UNVERIFIED_SLOT","0232","UNVERIFIED","","0","0","0","0","C:\Users\ELIMSERVER\world-catalogue\elimfilters-vault\91-private-evidence\fram-usa-ld-catalog\fram-usa-ld-full-20260911\products\CA232.json"
"CA240","AIR","SKU_COLLISION_EXISTING","EA30240","REPLACE_EMPTY_PLACEHOLDER","LEGACY_EMPTY_UNVERIFIED_SLOT","0240","UNVERIFIED","","0","0","0","0","C:\Users\ELIMSERVER\world-catalogue\elimfilters-vault\91-private-evidence\fram-usa-ld-catalog\fram-usa-ld-full-20260911\products\CA240.json"
"CA240PLHD","AIR","SKU_COLLISION_EXISTING","EA30240","REPLACE_EMPTY_PLACEHOLDER","LEGACY_EMPTY_UNVERIFIED_SLOT","0240","UNVERIFIED","","0","0","0","0","C:\Users\ELIMSERVER\world-catalogue\elimfilters-vault\91-private-evidence\fram-usa-ld-catalog\fram-usa-ld-full-20260911\products\CA240PLHD.json"
"CA2512SY","AIR","SKU_COLLISION_EXISTING","EA32512","REVIEW_LEGACY_PLACEHOLDER","LEGACY_UNVERIFIED_SLOT_WITH_DATA","2512","UNVERIFIED","","0","0","19","0","C:\Users\ELIMSERVER\world-catalogue\elimfilters-vault\91-private-evidence\fram-usa-ld-catalog\fram-usa-ld-full-20260911\products\CA2512SY.json"
"CA2517","AIR","SKU_COLLISION_EXISTING","EA32517","REVIEW_LEGACY_PLACEHOLDER","LEGACY_UNVERIFIED_SLOT_WITH_DATA","2517","UNVERIFIED","","32","0","0","3","C:\Users\ELIMSERVER\world-catalogue\elimfilters-vault\91-private-evidence\fram-usa-ld-catalog\fram-usa-ld-full-20260911\products\CA2517.json"
"CA2519","AIR","SKU_COLLISION_EXISTING","EA32519","REVIEW_LEGACY_PLACEHOLDER","LEGACY_UNVERIFIED_SLOT_WITH_DATA","2519","UNVERIFIED","","0","0","3","0","C:\Users\ELIMSERVER\world-catalogue\elimfilters-vault\91-private-evidence\fram-usa-ld-catalog\fram-usa-ld-full-20260911\products\CA2519.json"
"CA2519SY","AIR","SKU_COLLISION_EXISTING","EA32519","REVIEW_LEGACY_PLACEHOLDER","LEGACY_UNVERIFIED_SLOT_WITH_DATA","2519","UNVERIFIED","","0","0","3","0","C:\Users\ELIMSERVER\world-catalogue\elimfilters-vault\91-private-evidence\fram-usa-ld-catalog\fram-usa-ld-full-20260911\products\CA2519SY.json"
"CA252","AIR","SKU_COLLISION_EXISTING","EA30252","REPLACE_EMPTY_PLACEHOLDER","LEGACY_EMPTY_UNVERIFIED_SLOT","0252","UNVERIFIED","","0","0","0","0","C:\Users\ELIMSERVER\world-catalogue\elimfilters-vault\91-private-evidence\fram-usa-ld-catalog\fram-usa-ld-full-20260911\products\CA252.json"
"CA2520","AIR","SKU_COLLISION_EXISTING","EA32520","REVIEW_LEGACY_PLACEHOLDER","LEGACY_UNVERIFIED_SLOT_WITH_DATA","2520","UNVERIFIED","","3","0","0","0","C:\Users\ELIMSERVER\world-catalogue\elimfilters-vault\91-private-evidence\fram-usa-ld-catalog\fram-usa-ld-full-20260911\products\CA2520.json"
"CA2522","AIR","FRAM_SKU_COLLISION","EA32522","DISTINCT_COLLISION","MULTIPLE_FRAM_AUTHORITIES_SAME_LAST4","","","","0","0","0","0","C:\Users\ELIMSERVER\world-catalogue\elimfilters-vault\91-private-evidence\fram-usa-ld-catalog\fram-usa-ld-full-20260911\products\CA2522.json"
"CA2522SY","AIR","FRAM_SKU_COLLISION","EA32522","DISTINCT_COLLISION","MULTIPLE_FRAM_AUTHORITIES_SAME_LAST4","","","","0","0","0","0","C:\Users\ELIMSERVER\world-catalogue\elimfilters-vault\91-private-evidence\fram-usa-ld-catalog\fram-usa-ld-full-20260911\products\CA2522SY.json"
"CA2541","AIR","SKU_COLLISION_EXISTING","EA32541","REVIEW_LEGACY_PLACEHOLDER","LEGACY_UNVERIFIED_SLOT_WITH_DATA","2541","UNVERIFIED","","0","0","10","0","C:\Users\ELIMSERVER\world-catalogue\elimfilters-vault\91-private-evidence\fram-usa-ld-catalog\fram-usa-ld-full-20260911\products\CA2541.json"
"CA2542","AIR","SKU_COLLISION_EXISTING","EA32542","REVIEW_LEGACY_PLACEHOLDER","LEGACY_UNVERIFIED_SLOT_WITH_DATA","2542","UNVERIFIED","","0","0","4","0","C:\Users\ELIMSERVER\world-catalogue\elimfilters-vault\91-private-evidence\fram-usa-ld-catalog\fram-usa-ld-full-20260911\products\CA2542.json"
"CA2548","AIR","SKU_COLLISION_EXISTING","EA32548","REVIEW_LEGACY_PLACEHOLDER","LEGACY_UNVERIFIED_SLOT_WITH_DATA","2548","UNVERIFIED","","0","0","3","0","C:\Users\ELIMSERVER\world-catalogue\elimfilters-vault\91-private-evidence\fram-usa-ld-catalog\fram-usa-ld-full-20260911\products\CA2548.json"
"CA2548SY","AIR","SKU_COLLISION_EXISTING","EA32548","REVIEW_LEGACY_PLACEHOLDER","LEGACY_UNVERIFIED_SLOT_WITH_DATA","2548","UNVERIFIED","","0","0","3","0","C:\Users\ELIMSERVER\world-catalogue\elimfilters-vault\91-private-evidence\fram-usa-ld-catalog\fram-usa-ld-full-20260911\products\CA2548SY.json"
"CA2550","AIR","SKU_COLLISION_EXISTING","EA32550","REPLACE_EMPTY_PLACEHOLDER","LEGACY_EMPTY_UNVERIFIED_SLOT","2550","UNVERIFIED","","0","0","0","0","C:\Users\ELIMSERVER\world-catalogue\elimfilters-vault\91-private-evidence\fram-usa-ld-catalog\fram-usa-ld-full-20260911\products\CA2550.json"
"CA2555SY","AIR","SKU_COLLISION_EXISTING","EA32555","REVIEW_LEGACY_PLACEHOLDER","LEGACY_UNVERIFIED_SLOT_WITH_DATA","2555","UNVERIFIED","","1","0","0","0","C:\Users\ELIMSERVER\world-catalogue\elimfilters-vault\91-private-evidence\fram-usa-ld-catalog\fram-usa-ld-full-20260911\products\CA2555SY.json"
"CA2557SY","AIR","SKU_COLLISION_EXISTING","EA32557","REVIEW_LEGACY_PLACEHOLDER","LEGACY_UNVERIFIED_SLOT_WITH_DATA","2557","UNVERIFIED","","0","0","3","0","C:\Users\ELIMSERVER\world-catalogue\elimfilters-vault\91-private-evidence\fram-usa-ld-catalog\fram-usa-ld-full-20260911\products\CA2557SY.json"
"CA2561","AIR","SKU_COLLISION_EXISTING","EA32561","REVIEW_LEGACY_PLACEHOLDER","LEGACY_UNVERIFIED_SLOT_WITH_DATA","2561","UNVERIFIED","","3","0","8","0","C:\Users\ELIMSERVER\world-catalogue\elimfilters-vault\91-private-evidence\fram-usa-ld-catalog\fram-usa-ld-full-20260911\products\CA2561.json"
"CA2565","AIR","SKU_COLLISION_EXISTING","EA32565","DISTINCT_COLLISION","CANONICAL_SLOT_OCCUPIED","C2565","UNVERIFIED","MANN-FILTER:C2565","0","0","8","0","C:\Users\ELIMSERVER\world-catalogue\elimfilters-vault\91-private-evidence\fram-usa-ld-catalog\fram-usa-ld-full-20260911\products\CA2565.json"
"CA2565SY","AIR","SKU_COLLISION_EXISTING","EA32565","DISTINCT_COLLISION","CANONICAL_SLOT_OCCUPIED","C2565","UNVERIFIED","MANN-FILTER:C2565","0","0","8","0","C:\Users\ELIMSERVER\world-catalogue\elimfilters-vault\91-private-evidence\fram-usa-ld-catalog\fram-usa-ld-full-20260911\products\CA2565SY.json"
"CA258","AIR","INSUFFICIENT_EXISTING","EA30258","TRUE_QUARANTINE","SINGLE_WEAK_EXISTING_MATCH","CA258SY","VERIFIED","FRAM:CA258SY","7","3","0","6","C:\Users\ELIMSERVER\world-catalogue\elimfilters-vault\91-private-evidence\fram-usa-ld-catalog\fram-usa-ld-full-20260911\products\CA258.json"
"CA2580","AIR","SKU_COLLISION_EXISTING","EA32580","REVIEW_LEGACY_PLACEHOLDER","LEGACY_UNVERIFIED_SLOT_WITH_DATA","2580","UNVERIFIED","","13","0","3","3","C:\Users\ELIMSERVER\world-catalogue\elimfilters-vault\91-private-evidence\fram-usa-ld-catalog\fram-usa-ld-full-20260911\products\CA2580.json"
"CA2580SY","AIR","SKU_COLLISION_EXISTING","EA32580","REVIEW_LEGACY_PLACEHOLDER","LEGACY_UNVERIFIED_SLOT_WITH_DATA","2580","UNVERIFIED","","13","0","3","3","C:\Users\ELIMSERVER\world-catalogue\elimfilters-vault\91-private-evidence\fram-usa-ld-catalog\fram-usa-ld-full-20260911\products\CA2580SY.json"
"CA2709A","AIR","SKU_COLLISION_EXISTING","EA32709","REPLACE_EMPTY_PLACEHOLDER","LEGACY_EMPTY_UNVERIFIED_SLOT","2709","UNVERIFIED","","0","0","0","0","C:\Users\ELIMSERVER\world-catalogue\elimfilters-vault\91-private-evidence\fram-usa-ld-catalog\fram-usa-ld-full-20260911\products\CA2709A.json"
"CA2740","AIR","SKU_COLLISION_EXISTING","EA32740","REVIEW_LEGACY_PLACEHOLDER","LEGACY_UNVERIFIED_SLOT_WITH_DATA","2740","UNVERIFIED","","0","0","1","0","C:\Users\ELIMSERVER\world-catalogue\elimfilters-vault\91-private-evidence\fram-usa-ld-catalog\fram-usa-ld-full-20260911\products\CA2740.json"
"CA283","AIR","FRAM_SKU_COLLISION","EA30283","DISTINCT_COLLISION","MULTIPLE_FRAM_AUTHORITIES_SAME_LAST4","","","","0","0","0","0","C:\Users\ELIMSERVER\world-catalogue\elimfilters-vault\91-private-evidence\fram-usa-ld-catalog\fram-usa-ld-full-20260911\products\CA283.json"
"CA29","AIR","SKU_COLLISION_EXISTING","EA30029","REVIEW_LEGACY_PLACEHOLDER","LEGACY_UNVERIFIED_SLOT_WITH_DATA","0029","UNVERIFIED","","0","0","2","0","C:\Users\ELIMSERVER\world-catalogue\elimfilters-vault\91-private-evidence\fram-usa-ld-catalog\fram-usa-ld-full-20260911\products\CA29.json"
"CA30","AIR","SKU_COLLISION_EXISTING","EA30030","REVIEW_LEGACY_PLACEHOLDER","LEGACY_UNVERIFIED_SLOT_WITH_DATA","0030","UNVERIFIED","","0","0","20","0","C:\Users\ELIMSERVER\world-catalogue\elimfilters-vault\91-private-evidence\fram-usa-ld-catalog\fram-usa-ld-full-20260911\products\CA30.json"
"CA305","AIR","SKU_COLLISION_EXISTING","EA30305","REVIEW_LEGACY_PLACEHOLDER","LEGACY_UNVERIFIED_SLOT_WITH_DATA","0305","UNVERIFIED","","0","0","4","0","C:\Users\ELIMSERVER\world-catalogue\elimfilters-vault\91-private-evidence\fram-usa-ld-catalog\fram-usa-ld-full-20260911\products\CA305.json"
"CA310","AIR","SKU_COLLISION_EXISTING","EA30310","REPLACE_EMPTY_PLACEHOLDER","LEGACY_EMPTY_UNVERIFIED_SLOT","0310","UNVERIFIED","","0","0","0","0","C:\Users\ELIMSERVER\world-catalogue\elimfilters-vault\91-private-evidence\fram-usa-ld-catalog\fram-usa-ld-full-20260911\products\CA310.json"
"CA311","AIR","SKU_COLLISION_EXISTING","EA30311","REVIEW_LEGACY_PLACEHOLDER","LEGACY_UNVERIFIED_SLOT_WITH_DATA","0311","UNVERIFIED","","0","0","11","0","C:\Users\ELIMSERVER\world-catalogue\elimfilters-vault\91-private-evidence\fram-usa-ld-catalog\fram-usa-ld-full-20260911\products\CA311.json"
"CA313","AIR","SKU_COLLISION_EXISTING","EA30313","REVIEW_LEGACY_PLACEHOLDER","LEGACY_UNVERIFIED_SLOT_WITH_DATA","0313","UNVERIFIED","","0","0","1","0","C:\Users\ELIMSERVER\world-catalogue\elimfilters-vault\91-private-evidence\fram-usa-ld-catalog\fram-usa-ld-full-20260911\products\CA313.json"
"CA314","AIR","SKU_COLLISION_EXISTING","EA30314","REVIEW_LEGACY_PLACEHOLDER","LEGACY_UNVERIFIED_SLOT_WITH_DATA","0314","UNVERIFIED","","0","0","5","0","C:\Users\ELIMSERVER\world-catalogue\elimfilters-vault\91-private-evidence\fram-usa-ld-catalog\fram-usa-ld-full-20260911\products\CA314.json"
"CA3146","AIR","SKU_COLLISION_EXISTING","EA33146","REVIEW_LEGACY_PLACEHOLDER","LEGACY_UNVERIFIED_SLOT_WITH_DATA","3146","UNVERIFIED","","0","0","11","0","C:\Users\ELIMSERVER\world-catalogue\elimfilters-vault\91-private-evidence\fram-usa-ld-catalog\fram-usa-ld-full-20260911\products\CA3146.json"
"CA324A","AIR","SKU_COLLISION_EXISTING","EA30324","REVIEW_LEGACY_PLACEHOLDER","LEGACY_UNVERIFIED_SLOT_WITH_DATA","0324","UNVERIFIED","","0","0","2","0","C:\Users\ELIMSERVER\world-catalogue\elimfilters-vault\91-private-evidence\fram-usa-ld-catalog\fram-usa-ld-full-20260911\products\CA324A.json"
"CA325","AIR","SKU_COLLISION_EXISTING","EA30325","REVIEW_LEGACY_PLACEHOLDER","LEGACY_UNVERIFIED_SLOT_WITH_DATA","0325","UNVERIFIED","","0","0","37","0","C:\Users\ELIMSERVER\world-catalogue\elimfilters-vault\91-private-evidence\fram-usa-ld-catalog\fram-usa-ld-full-20260911\products\CA325.json"
"CA326","AIR","SKU_COLLISION_EXISTING","EA30326","REVIEW_LEGACY_PLACEHOLDER","LEGACY_UNVERIFIED_SLOT_WITH_DATA","0326","UNVERIFIED","","0","0","9","0","C:\Users\ELIMSERVER\world-catalogue\elimfilters-vault\91-private-evidence\fram-usa-ld-catalog\fram-usa-ld-full-20260911\products\CA326.json"
"CA327","AIR","SKU_COLLISION_EXISTING","EA30327","REPLACE_EMPTY_PLACEHOLDER","LEGACY_EMPTY_UNVERIFIED_SLOT","0327","UNVERIFIED","","0","0","0","0","C:\Users\ELIMSERVER\world-catalogue\elimfilters-vault\91-private-evidence\fram-usa-ld-catalog\fram-usa-ld-full-20260911\products\CA327.json"
"CA3273","AIR","SKU_COLLISION_EXISTING","EA33273","REVIEW_LEGACY_PLACEHOLDER","LEGACY_UNVERIFIED_SLOT_WITH_DATA","3273","UNVERIFIED","","0","0","2","0","C:\Users\ELIMSERVER\world-catalogue\elimfilters-vault\91-private-evidence\fram-usa-ld-catalog\fram-usa-ld-full-20260911\products\CA3273.json"
"CA3273SY","AIR","SKU_COLLISION_EXISTING","EA33273","REVIEW_LEGACY_PLACEHOLDER","LEGACY_UNVERIFIED_SLOT_WITH_DATA","3273","UNVERIFIED","","0","0","2","0","C:\Users\ELIMSERVER\world-catalogue\elimfilters-vault\91-private-evidence\fram-usa-ld-catalog\fram-usa-ld-full-20260911\products\CA3273SY.json"
"CA328","AIR","FRAM_SKU_COLLISION","EA30328","DISTINCT_COLLISION","MULTIPLE_FRAM_AUTHORITIES_SAME_LAST4","","","","0","0","0","0","C:\Users\ELIMSERVER\world-catalogue\elimfilters-vault\91-private-evidence\fram-usa-ld-catalog\fram-usa-ld-full-20260911\products\CA328.json"
"CA3324","AIR","SKU_COLLISION_EXISTING","EA33324","REVIEW_LEGACY_PLACEHOLDER","LEGACY_UNVERIFIED_SLOT_WITH_DATA","3324","UNVERIFIED","","0","0","14","0","C:\Users\ELIMSERVER\world-catalogue\elimfilters-vault\91-private-evidence\fram-usa-ld-catalog\fram-usa-ld-full-20260911\products\CA3324.json"
"CA3371","AIR","SKU_COLLISION_EXISTING","EA33371","REPLACE_EMPTY_PLACEHOLDER","LEGACY_EMPTY_UNVERIFIED_SLOT","3371","UNVERIFIED","","0","0","0","0","C:\Users\ELIMSERVER\world-catalogue\elimfilters-vault\91-private-evidence\fram-usa-ld-catalog\fram-usa-ld-full-20260911\products\CA3371.json"
"CA3373","AIR","INSUFFICIENT_EXISTING","EA33373","TRUE_QUARANTINE","SINGLE_WEAK_EXISTING_MATCH","3373","UNVERIFIED","","0","0","0","0","C:\Users\ELIMSERVER\world-catalogue\elimfilters-vault\91-private-evidence\fram-usa-ld-catalog\fram-usa-ld-full-20260911\products\CA3373.json"
"CA3399","AIR","INSUFFICIENT_EXISTING","EA33399","TRUE_QUARANTINE","SINGLE_WEAK_EXISTING_MATCH","","","","0","0","0","0","C:\Users\ELIMSERVER\world-catalogue\elimfilters-vault\91-private-evidence\fram-usa-ld-catalog\fram-usa-ld-full-20260911\products\CA3399.json"
"CA345","AIR","SKU_COLLISION_EXISTING","EA30345","DISTINCT_COLLISION","CANONICAL_SLOT_OCCUPIED","C60345","UNVERIFIED","MANN-FILTER:C60345","0","0","40","0","C:\Users\ELIMSERVER\world-catalogue\elimfilters-vault\91-private-evidence\fram-usa-ld-catalog\fram-usa-ld-full-20260911\products\CA345.json"
"CA346","AIR","FRAM_SKU_COLLISION","EA30346","DISTINCT_COLLISION","MULTIPLE_FRAM_AUTHORITIES_SAME_LAST4","","","","0","0","0","0","C:\Users\ELIMSERVER\world-catalogue\elimfilters-vault\91-private-evidence\fram-usa-ld-catalog\fram-usa-ld-full-20260911\products\CA346.json"
"CA347","AIR","FRAM_SKU_COLLISION","EA30347","DISTINCT_COLLISION","MULTIPLE_FRAM_AUTHORITIES_SAME_LAST4","","","","0","0","0","0","C:\Users\ELIMSERVER\world-catalogue\elimfilters-vault\91-private-evidence\fram-usa-ld-catalog\fram-usa-ld-full-20260911\products\CA347.json"
"CA3518","AIR","SKU_COLLISION_EXISTING","EA33518","REPLACE_EMPTY_PLACEHOLDER","LEGACY_EMPTY_UNVERIFIED_SLOT","3518","UNVERIFIED","","0","0","0","0","C:\Users\ELIMSERVER\world-catalogue\elimfilters-vault\91-private-evidence\fram-usa-ld-catalog\fram-usa-ld-full-20260911\products\CA3518.json"
"CA352","AIR","SKU_COLLISION_EXISTING","EA30352","REPLACE_EMPTY_PLACEHOLDER","LEGACY_EMPTY_UNVERIFIED_SLOT","0352","UNVERIFIED","","0","0","0","0","C:\Users\ELIMSERVER\world-catalogue\elimfilters-vault\91-private-evidence\fram-usa-ld-catalog\fram-usa-ld-full-20260911\products\CA352.json"
"CA3565","AIR","SKU_COLLISION_EXISTING","EA33565","DISTINCT_COLLISION","CANONICAL_SLOT_OCCUPIED","C23565","UNVERIFIED","MANN-FILTER:C23565","0","0","10","0","C:\Users\ELIMSERVER\world-catalogue\elimfilters-vault\91-private-evidence\fram-usa-ld-catalog\fram-usa-ld-full-20260911\products\CA3565.json"
"CA3566","AIR","SKU_COLLISION_EXISTING","EA33566","REVIEW_LEGACY_PLACEHOLDER","LEGACY_UNVERIFIED_SLOT_WITH_DATA","3566","UNVERIFIED","","0","0","5","0","C:\Users\ELIMSERVER\world-catalogue\elimfilters-vault\91-private-evidence\fram-usa-ld-catalog\fram-usa-ld-full-20260911\products\CA3566.json"
"CA3588","AIR","SKU_COLLISION_EXISTING","EA33588","REPLACE_EMPTY_PLACEHOLDER","LEGACY_EMPTY_UNVERIFIED_SLOT","3588","UNVERIFIED","","0","0","0","0","C:\Users\ELIMSERVER\world-catalogue\elimfilters-vault\91-private-evidence\fram-usa-ld-catalog\fram-usa-ld-full-20260911\products\CA3588.json"
"CA3602","AIR","SKU_COLLISION_EXISTING","EA33602","REVIEW_LEGACY_PLACEHOLDER","LEGACY_UNVERIFIED_SLOT_WITH_DATA","3602","UNVERIFIED","","0","0","4","0","C:\Users\ELIMSERVER\world-catalogue\elimfilters-vault\91-private-evidence\fram-usa-ld-catalog\fram-usa-ld-full-20260911\products\CA3602.json"
"CA3621","AIR","SKU_COLLISION_EXISTING","EA33621","REVIEW_LEGACY_PLACEHOLDER","LEGACY_UNVERIFIED_SLOT_WITH_DATA","3621","UNVERIFIED","","1","0","0","0","C:\Users\ELIMSERVER\world-catalogue\elimfilters-vault\91-private-evidence\fram-usa-ld-catalog\fram-usa-ld-full-20260911\products\CA3621.json"
"CA3649","AIR","SKU_COLLISION_EXISTING","EA33649","REPLACE_EMPTY_PLACEHOLDER","LEGACY_EMPTY_UNVERIFIED_SLOT","3649","UNVERIFIED","","0","0","0","0","C:\Users\ELIMSERVER\world-catalogue\elimfilters-vault\91-private-evidence\fram-usa-ld-catalog\fram-usa-ld-full-20260911\products\CA3649.json"
"CA3660","AIR","INSUFFICIENT_EXISTING","EA33660","TRUE_QUARANTINE","SINGLE_WEAK_EXISTING_MATCH","","","","0","0","0","0","C:\Users\ELIMSERVER\world-catalogue\elimfilters-vault\91-private-evidence\fram-usa-ld-catalog\fram-usa-ld-full-20260911\products\CA3660.json"
"CA3688","AIR","SKU_COLLISION_EXISTING","EA33688","REPLACE_EMPTY_PLACEHOLDER","LEGACY_EMPTY_UNVERIFIED_SLOT","3688","UNVERIFIED","","0","0","0","0","C:\Users\ELIMSERVER\world-catalogue\elimfilters-vault\91-private-evidence\fram-usa-ld-catalog\fram-usa-ld-full-20260911\products\CA3688.json"
"CA376","AIR","INSUFFICIENT_EXISTING","EA30376","TRUE_QUARANTINE","SINGLE_WEAK_EXISTING_MATCH","","","","0","0","0","0","C:\Users\ELIMSERVER\world-catalogue\elimfilters-vault\91-private-evidence\fram-usa-ld-catalog\fram-usa-ld-full-20260911\products\CA376.json"
"CA3782SY","AIR","INSUFFICIENT_EXISTING","EA33782","TRUE_QUARANTINE","SINGLE_WEAK_EXISTING_MATCH","CA3782","VERIFIED","FRAM:CA3782","9","5","0","4","C:\Users\ELIMSERVER\world-catalogue\elimfilters-vault\91-private-evidence\fram-usa-ld-catalog\fram-usa-ld-full-20260911\products\CA3782SY.json"
"CA381","AIR","SKU_COLLISION_EXISTING","EA30381","REVIEW_LEGACY_PLACEHOLDER","LEGACY_UNVERIFIED_SLOT_WITH_DATA","0381","UNVERIFIED","","0","0","21","0","C:\Users\ELIMSERVER\world-catalogue\elimfilters-vault\91-private-evidence\fram-usa-ld-catalog\fram-usa-ld-full-20260911\products\CA381.json"
"CA3873","AIR","INSUFFICIENT_EXISTING","EA33873","TRUE_QUARANTINE","SINGLE_WEAK_EXISTING_MATCH","3873","UNVERIFIED","","0","0","1","0","C:\Users\ELIMSERVER\world-catalogue\elimfilters-vault\91-private-evidence\fram-usa-ld-catalog\fram-usa-ld-full-20260911\products\CA3873.json"
"CA3874","AIR","SKU_COLLISION_EXISTING","EA33874","REVIEW_LEGACY_PLACEHOLDER","LEGACY_UNVERIFIED_SLOT_WITH_DATA","3874","UNVERIFIED","","0","0","4","0","C:\Users\ELIMSERVER\world-catalogue\elimfilters-vault\91-private-evidence\fram-usa-ld-catalog\fram-usa-ld-full-20260911\products\CA3874.json"
"CA4282","AIR","SKU_COLLISION_EXISTING","EA34282","DISTINCT_COLLISION","CANONICAL_SLOT_OCCUPIED","C4282","UNVERIFIED","MANN-FILTER:C4282","0","0","2","0","C:\Users\ELIMSERVER\world-catalogue\elimfilters-vault\91-private-evidence\fram-usa-ld-catalog\fram-usa-ld-full-20260911\products\CA4282.json"
"CA4369","AIR","SKU_COLLISION_EXISTING","EA34369","REVIEW_LEGACY_PLACEHOLDER","LEGACY_UNVERIFIED_SLOT_WITH_DATA","4369","UNVERIFIED","","22","0","0","3","C:\Users\ELIMSERVER\world-catalogue\elimfilters-vault\91-private-evidence\fram-usa-ld-catalog\fram-usa-ld-full-20260911\products\CA4369.json"
"CA4576","AIR","INSUFFICIENT_EXISTING","EA34576","TRUE_QUARANTINE","SINGLE_WEAK_EXISTING_MATCH","","","","0","0","0","0","C:\Users\ELIMSERVER\world-catalogue\elimfilters-vault\91-private-evidence\fram-usa-ld-catalog\fram-usa-ld-full-20260911\products\CA4576.json"
"CA5021","AIR","SKU_COLLISION_EXISTING","EA35021","DISTINCT_COLLISION","CANONICAL_SLOT_OCCUPIED","C25021","UNVERIFIED","MANN-FILTER:C25021","0","0","26","0","C:\Users\ELIMSERVER\world-catalogue\elimfilters-vault\91-private-evidence\fram-usa-ld-catalog\fram-usa-ld-full-20260911\products\CA5021.json"
"CA5021SY","AIR","SKU_COLLISION_EXISTING","EA35021","DISTINCT_COLLISION","CANONICAL_SLOT_OCCUPIED","C25021","UNVERIFIED","MANN-FILTER:C25021","0","0","26","0","C:\Users\ELIMSERVER\world-catalogue\elimfilters-vault\91-private-evidence\fram-usa-ld-catalog\fram-usa-ld-full-20260911\products\CA5021SY.json"
"CA5030","AIR","SKU_COLLISION_EXISTING","EA35030","REPLACE_EMPTY_PLACEHOLDER","LEGACY_EMPTY_UNVERIFIED_SLOT","5030","UNVERIFIED","","0","0","0","0","C:\Users\ELIMSERVER\world-catalogue\elimfilters-vault\91-private-evidence\fram-usa-ld-catalog\fram-usa-ld-full-20260911\products\CA5030.json"
"CA5056","AIR","SKU_COLLISION_EXISTING","EA35056","REPLACE_EMPTY_PLACEHOLDER","LEGACY_EMPTY_UNVERIFIED_SLOT","5056","UNVERIFIED","","0","0","0","0","C:\Users\ELIMSERVER\world-catalogue\elimfilters-vault\91-private-evidence\fram-usa-ld-catalog\fram-usa-ld-full-20260911\products\CA5056.json"
"CA5057","AIR","SKU_COLLISION_EXISTING","EA35057","REPLACE_EMPTY_PLACEHOLDER","LEGACY_EMPTY_UNVERIFIED_SLOT","5057","UNVERIFIED","","0","0","0","0","C:\Users\ELIMSERVER\world-catalogue\elimfilters-vault\91-private-evidence\fram-usa-ld-catalog\fram-usa-ld-full-20260911\products\CA5057.json"
"CA5058","AIR","SKU_COLLISION_EXISTING","EA35058","REPLACE_EMPTY_PLACEHOLDER","LEGACY_EMPTY_UNVERIFIED_SLOT","5058","UNVERIFIED","","0","0","0","0","C:\Users\ELIMSERVER\world-catalogue\elimfilters-vault\91-private-evidence\fram-usa-ld-catalog\fram-usa-ld-full-20260911\products\CA5058.json"
"CA5067","AIR","SKU_COLLISION_EXISTING","EA35067","REVIEW_LEGACY_PLACEHOLDER","LEGACY_UNVERIFIED_SLOT_WITH_DATA","5067","UNVERIFIED","","0","0","99","0","C:\Users\ELIMSERVER\world-catalogue\elimfilters-vault\91-private-evidence\fram-usa-ld-catalog\fram-usa-ld-full-20260911\products\CA5067.json"
"CA511A","AIR","SKU_COLLISION_EXISTING","EA30511","DISTINCT_COLLISION","CANONICAL_SLOT_OCCUPIED","C240511","UNVERIFIED","MANN-FILTER:C240511","0","0","14","0","C:\Users\ELIMSERVER\world-catalogue\elimfilters-vault\91-private-evidence\fram-usa-ld-catalog\fram-usa-ld-full-20260911\products\CA511A.json"
"CA536","AIR","SKU_COLLISION_EXISTING","EA30536","REPLACE_EMPTY_PLACEHOLDER","LEGACY_EMPTY_UNVERIFIED_SLOT","0536","UNVERIFIED","","0","0","0","0","C:\Users\ELIMSERVER\world-catalogue\elimfilters-vault\91-private-evidence\fram-usa-ld-catalog\fram-usa-ld-full-20260911\products\CA536.json"
"CA542","AIR","FRAM_SKU_COLLISION","EA30542","DISTINCT_COLLISION","MULTIPLE_FRAM_AUTHORITIES_SAME_LAST4","","","","0","0","0","0","C:\Users\ELIMSERVER\world-catalogue\elimfilters-vault\91-private-evidence\fram-usa-ld-catalog\fram-usa-ld-full-20260911\products\CA542.json"
"CA551","AIR","SKU_COLLISION_EXISTING","EA30551","REVIEW_LEGACY_PLACEHOLDER","LEGACY_UNVERIFIED_SLOT_WITH_DATA","0551","UNVERIFIED","","2","0","45","0","C:\Users\ELIMSERVER\world-catalogue\elimfilters-vault\91-private-evidence\fram-usa-ld-catalog\fram-usa-ld-full-20260911\products\CA551.json"
"CA5522","AIR","SKU_COLLISION_EXISTING","EA35522","REVIEW_LEGACY_PLACEHOLDER","LEGACY_UNVERIFIED_SLOT_WITH_DATA","5522","UNVERIFIED","","0","0","17","0","C:\Users\ELIMSERVER\world-catalogue\elimfilters-vault\91-private-evidence\fram-usa-ld-catalog\fram-usa-ld-full-20260911\products\CA5522.json"
"CA563","AIR","FRAM_SKU_COLLISION","EA30563","DISTINCT_COLLISION","MULTIPLE_FRAM_AUTHORITIES_SAME_LAST4","","","","0","0","0","0","C:\Users\ELIMSERVER\world-catalogue\elimfilters-vault\91-private-evidence\fram-usa-ld-catalog\fram-usa-ld-full-20260911\products\CA563.json"
"CA563SY","AIR","FRAM_SKU_COLLISION","EA30563","DISTINCT_COLLISION","MULTIPLE_FRAM_AUTHORITIES_SAME_LAST4","","","","0","0","0","0","C:\Users\ELIMSERVER\world-catalogue\elimfilters-vault\91-private-evidence\fram-usa-ld-catalog\fram-usa-ld-full-20260911\products\CA563SY.json"
"CA572","AIR","FRAM_SKU_COLLISION","EA30572","DISTINCT_COLLISION","MULTIPLE_FRAM_AUTHORITIES_SAME_LAST4","","","","0","0","0","0","C:\Users\ELIMSERVER\world-catalogue\elimfilters-vault\91-private-evidence\fram-usa-ld-catalog\fram-usa-ld-full-20260911\products\CA572.json"
"CA572SY","AIR","FRAM_SKU_COLLISION","EA30572","DISTINCT_COLLISION","MULTIPLE_FRAM_AUTHORITIES_SAME_LAST4","","","","0","0","0","0","C:\Users\ELIMSERVER\world-catalogue\elimfilters-vault\91-private-evidence\fram-usa-ld-catalog\fram-usa-ld-full-20260911\products\CA572SY.json"
"CA573","AIR","FRAM_SKU_COLLISION","EA30573","DISTINCT_COLLISION","MULTIPLE_FRAM_AUTHORITIES_SAME_LAST4","","","","0","0","0","0","C:\Users\ELIMSERVER\world-catalogue\elimfilters-vault\91-private-evidence\fram-usa-ld-catalog\fram-usa-ld-full-20260911\products\CA573.json"
"CA6304","AIR","SKU_COLLISION_EXISTING","EA36304","REVIEW_LEGACY_PLACEHOLDER","LEGACY_UNVERIFIED_SLOT_WITH_DATA","6304","UNVERIFIED","","0","0","411","0","C:\Users\ELIMSERVER\world-catalogue\elimfilters-vault\91-private-evidence\fram-usa-ld-catalog\fram-usa-ld-full-20260911\products\CA6304.json"
"CA6319","AIR","FRAM_SKU_COLLISION","EA36319","DISTINCT_COLLISION","MULTIPLE_FRAM_AUTHORITIES_SAME_LAST4","","","","0","0","0","0","C:\Users\ELIMSERVER\world-catalogue\elimfilters-vault\91-private-evidence\fram-usa-ld-catalog\fram-usa-ld-full-20260911\products\CA6319.json"
"CA6319SY","AIR","FRAM_SKU_COLLISION","EA36319","DISTINCT_COLLISION","MULTIPLE_FRAM_AUTHORITIES_SAME_LAST4","","","","0","0","0","0","C:\Users\ELIMSERVER\world-catalogue\elimfilters-vault\91-private-evidence\fram-usa-ld-catalog\fram-usa-ld-full-20260911\products\CA6319SY.json"
"CA6324","AIR","INSUFFICIENT_EXISTING","EA36324","TRUE_QUARANTINE","SINGLE_WEAK_EXISTING_MATCH","6324","UNVERIFIED","","0","0","29","0","C:\Users\ELIMSERVER\world-catalogue\elimfilters-vault\91-private-evidence\fram-usa-ld-catalog\fram-usa-ld-full-20260911\products\CA6324.json"
"CA6327","AIR","FRAM_SKU_COLLISION","EA36327","DISTINCT_COLLISION","MULTIPLE_FRAM_AUTHORITIES_SAME_LAST4","","","","0","0","0","0","C:\Users\ELIMSERVER\world-catalogue\elimfilters-vault\91-private-evidence\fram-usa-ld-catalog\fram-usa-ld-full-20260911\products\CA6327.json"
"CA6327SY","AIR","FRAM_SKU_COLLISION","EA36327","DISTINCT_COLLISION","MULTIPLE_FRAM_AUTHORITIES_SAME_LAST4","","","","0","0","0","0","C:\Users\ELIMSERVER\world-catalogue\elimfilters-vault\91-private-evidence\fram-usa-ld-catalog\fram-usa-ld-full-20260911\products\CA6327SY.json"
"CA6328","AIR","SKU_COLLISION_EXISTING","EA36328","REPLACE_EMPTY_PLACEHOLDER","LEGACY_EMPTY_UNVERIFIED_SLOT","6328","UNVERIFIED","","0","0","0","0","C:\Users\ELIMSERVER\world-catalogue\elimfilters-vault\91-private-evidence\fram-usa-ld-catalog\fram-usa-ld-full-20260911\products\CA6328.json"
"CA6334","AIR","SKU_COLLISION_EXISTING","EA36334","REVIEW_LEGACY_PLACEHOLDER","LEGACY_UNVERIFIED_SLOT_WITH_DATA","6334","UNVERIFIED","","0","0","12","0","C:\Users\ELIMSERVER\world-catalogue\elimfilters-vault\91-private-evidence\fram-usa-ld-catalog\fram-usa-ld-full-20260911\products\CA6334.json"
"CA6545","AIR","INSUFFICIENT_EXISTING","EA36545","TRUE_QUARANTINE","SINGLE_WEAK_EXISTING_MATCH","","","","0","0","0","0","C:\Users\ELIMSERVER\world-catalogue\elimfilters-vault\91-private-evidence\fram-usa-ld-catalog\fram-usa-ld-full-20260911\products\CA6545.json"
"CA6816","AIR","SKU_COLLISION_EXISTING","EA36816","REVIEW_LEGACY_PLACEHOLDER","LEGACY_UNVERIFIED_SLOT_WITH_DATA","6816","UNVERIFIED","","0","0","44","0","C:\Users\ELIMSERVER\world-catalogue\elimfilters-vault\91-private-evidence\fram-usa-ld-catalog\fram-usa-ld-full-20260911\products\CA6816.json"
"CA6821","AIR","SKU_COLLISION_EXISTING","EA36821","REVIEW_LEGACY_PLACEHOLDER","LEGACY_UNVERIFIED_SLOT_WITH_DATA","6821","UNVERIFIED","","0","0","1","0","C:\Users\ELIMSERVER\world-catalogue\elimfilters-vault\91-private-evidence\fram-usa-ld-catalog\fram-usa-ld-full-20260911\products\CA6821.json"
"CA7007","AIR","SKU_COLLISION_EXISTING","EA37007","REVIEW_LEGACY_PLACEHOLDER","LEGACY_UNVERIFIED_SLOT_WITH_DATA","7007","UNVERIFIED","","0","0","1","0","C:\Users\ELIMSERVER\world-catalogue\elimfilters-vault\91-private-evidence\fram-usa-ld-catalog\fram-usa-ld-full-20260911\products\CA7007.json"
"CA7017","AIR","SKU_COLLISION_EXISTING","EA37017","REVIEW_LEGACY_PLACEHOLDER","LEGACY_UNVERIFIED_SLOT_WITH_DATA","7017","UNVERIFIED","","0","0","22","0","C:\Users\ELIMSERVER\world-catalogue\elimfilters-vault\91-private-evidence\fram-usa-ld-catalog\fram-usa-ld-full-20260911\products\CA7017.json"
"CA7088","AIR","SKU_COLLISION_EXISTING","EA37088","REPLACE_EMPTY_PLACEHOLDER","LEGACY_EMPTY_UNVERIFIED_SLOT","7088","UNVERIFIED","","0","0","0","0","C:\Users\ELIMSERVER\world-catalogue\elimfilters-vault\91-private-evidence\fram-usa-ld-catalog\fram-usa-ld-full-20260911\products\CA7088.json"
"CA7094","AIR","INSUFFICIENT_EXISTING","EA37094","TRUE_QUARANTINE","SINGLE_WEAK_EXISTING_MATCH","7094","UNVERIFIED","","0","0","0","0","C:\Users\ELIMSERVER\world-catalogue\elimfilters-vault\91-private-evidence\fram-usa-ld-catalog\fram-usa-ld-full-20260911\products\CA7094.json"
"CA7110","AIR","SKU_COLLISION_EXISTING","EA37110","REVIEW_LEGACY_PLACEHOLDER","LEGACY_UNVERIFIED_SLOT_WITH_DATA","7110","UNVERIFIED","","0","0","7","0","C:\Users\ELIMSERVER\world-catalogue\elimfilters-vault\91-private-evidence\fram-usa-ld-catalog\fram-usa-ld-full-20260911\products\CA7110.json"
"CA7110SY","AIR","SKU_COLLISION_EXISTING","EA37110","REVIEW_LEGACY_PLACEHOLDER","LEGACY_UNVERIFIED_SLOT_WITH_DATA","7110","UNVERIFIED","","0","0","7","0","C:\Users\ELIMSERVER\world-catalogue\elimfilters-vault\91-private-evidence\fram-usa-ld-catalog\fram-usa-ld-full-20260911\products\CA7110SY.json"
"CA7111SY","AIR","SKU_COLLISION_EXISTING","EA37111","REVIEW_LEGACY_PLACEHOLDER","LEGACY_UNVERIFIED_SLOT_WITH_DATA","7111","UNVERIFIED","","4","0","0","0","C:\Users\ELIMSERVER\world-catalogue\elimfilters-vault\91-private-evidence\fram-usa-ld-catalog\fram-usa-ld-full-20260911\products\CA7111SY.json"
"CA7113","AIR","SKU_COLLISION_EXISTING","EA37113","REPLACE_EMPTY_PLACEHOLDER","LEGACY_EMPTY_UNVERIFIED_SLOT","7113","UNVERIFIED","","0","0","0","0","C:\Users\ELIMSERVER\world-catalogue\elimfilters-vault\91-private-evidence\fram-usa-ld-catalog\fram-usa-ld-full-20260911\products\CA7113.json"
"CA7137SY","AIR","INSUFFICIENT_EXISTING","EA37137","TRUE_QUARANTINE","SINGLE_WEAK_EXISTING_MATCH","7137","UNVERIFIED","","0","0","14","0","C:\Users\ELIMSERVER\world-catalogue\elimfilters-vault\91-private-evidence\fram-usa-ld-catalog\fram-usa-ld-full-20260911\products\CA7137SY.json"
"CA7139","AIR","FRAM_SKU_COLLISION","EA37139","DISTINCT_COLLISION","MULTIPLE_FRAM_AUTHORITIES_SAME_LAST4","","","","0","0","0","0","C:\Users\ELIMSERVER\world-catalogue\elimfilters-vault\91-private-evidence\fram-usa-ld-catalog\fram-usa-ld-full-20260911\products\CA7139.json"
"CA7139SY","AIR","FRAM_SKU_COLLISION","EA37139","DISTINCT_COLLISION","MULTIPLE_FRAM_AUTHORITIES_SAME_LAST4","","","","0","0","0","0","C:\Users\ELIMSERVER\world-catalogue\elimfilters-vault\91-private-evidence\fram-usa-ld-catalog\fram-usa-ld-full-20260911\products\CA7139SY.json"
"CA7140","AIR","SKU_COLLISION_EXISTING","EA37140","REPLACE_EMPTY_PLACEHOLDER","LEGACY_EMPTY_UNVERIFIED_SLOT","7140","UNVERIFIED","","0","0","0","0","C:\Users\ELIMSERVER\world-catalogue\elimfilters-vault\91-private-evidence\fram-usa-ld-catalog\fram-usa-ld-full-20260911\products\CA7140.json"
"CA7140SY","AIR","SKU_COLLISION_EXISTING","EA37140","REPLACE_EMPTY_PLACEHOLDER","LEGACY_EMPTY_UNVERIFIED_SLOT","7140","UNVERIFIED","","0","0","0","0","C:\Users\ELIMSERVER\world-catalogue\elimfilters-vault\91-private-evidence\fram-usa-ld-catalog\fram-usa-ld-full-20260911\products\CA7140SY.json"
"CA7218","AIR","SKU_COLLISION_EXISTING","EA37218","REPLACE_EMPTY_PLACEHOLDER","LEGACY_EMPTY_UNVERIFIED_SLOT","7218","UNVERIFIED","","0","0","0","0","C:\Users\ELIMSERVER\world-catalogue\elimfilters-vault\91-private-evidence\fram-usa-ld-catalog\fram-usa-ld-full-20260911\products\CA7218.json"
"CA7230","AIR","SKU_COLLISION_EXISTING","EA37230","REVIEW_LEGACY_PLACEHOLDER","LEGACY_UNVERIFIED_SLOT_WITH_DATA","7230","UNVERIFIED","","0","0","63","0","C:\Users\ELIMSERVER\world-catalogue\elimfilters-vault\91-private-evidence\fram-usa-ld-catalog\fram-usa-ld-full-20260911\products\CA7230.json"
"CA74","AIR","SKU_COLLISION_EXISTING","EA30074","REVIEW_LEGACY_PLACEHOLDER","LEGACY_UNVERIFIED_SLOT_WITH_DATA","0074","UNVERIFIED","","0","0","4","0","C:\Users\ELIMSERVER\world-catalogue\elimfilters-vault\91-private-evidence\fram-usa-ld-catalog\fram-usa-ld-full-20260911\products\CA74.json"
"CA7458","AIR","FRAM_SKU_COLLISION","EA37458","DISTINCT_COLLISION","MULTIPLE_FRAM_AUTHORITIES_SAME_LAST4","","","","0","0","0","0","C:\Users\ELIMSERVER\world-catalogue\elimfilters-vault\91-private-evidence\fram-usa-ld-catalog\fram-usa-ld-full-20260911\products\CA7458.json"
"CA7458SY","AIR","FRAM_SKU_COLLISION","EA37458","DISTINCT_COLLISION","MULTIPLE_FRAM_AUTHORITIES_SAME_LAST4","","","","0","0","0","0","C:\Users\ELIMSERVER\world-catalogue\elimfilters-vault\91-private-evidence\fram-usa-ld-catalog\fram-usa-ld-full-20260911\products\CA7458SY.json"
"CA7478","AIR","FRAM_SKU_COLLISION","EA37478","DISTINCT_COLLISION","MULTIPLE_FRAM_AUTHORITIES_SAME_LAST4","","","","0","0","0","0","C:\Users\ELIMSERVER\world-catalogue\elimfilters-vault\91-private-evidence\fram-usa-ld-catalog\fram-usa-ld-full-20260911\products\CA7478.json"
"CA7478SY","AIR","FRAM_SKU_COLLISION","EA37478","DISTINCT_COLLISION","MULTIPLE_FRAM_AUTHORITIES_SAME_LAST4","","","","0","0","0","0","C:\Users\ELIMSERVER\world-catalogue\elimfilters-vault\91-private-evidence\fram-usa-ld-catalog\fram-usa-ld-full-20260911\products\CA7478SY.json"
"CA7484","AIR","FRAM_SKU_COLLISION","EA37484","DISTINCT_COLLISION","MULTIPLE_FRAM_AUTHORITIES_SAME_LAST4","","","","0","0","0","0","C:\Users\ELIMSERVER\world-catalogue\elimfilters-vault\91-private-evidence\fram-usa-ld-catalog\fram-usa-ld-full-20260911\products\CA7484.json"
"CA7484SY","AIR","FRAM_SKU_COLLISION","EA37484","DISTINCT_COLLISION","MULTIPLE_FRAM_AUTHORITIES_SAME_LAST4","","","","0","0","0","0","C:\Users\ELIMSERVER\world-catalogue\elimfilters-vault\91-private-evidence\fram-usa-ld-catalog\fram-usa-ld-full-20260911\products\CA7484SY.json"
"CA7486","AIR","FRAM_SKU_COLLISION","EA37486","DISTINCT_COLLISION","MULTIPLE_FRAM_AUTHORITIES_SAME_LAST4","","","","0","0","0","0","C:\Users\ELIMSERVER\world-catalogue\elimfilters-vault\91-private-evidence\fram-usa-ld-catalog\fram-usa-ld-full-20260911\products\CA7486.json"
"CA7486SY","AIR","FRAM_SKU_COLLISION","EA37486","DISTINCT_COLLISION","MULTIPLE_FRAM_AUTHORITIES_SAME_LAST4","","","","0","0","0","0","C:\Users\ELIMSERVER\world-catalogue\elimfilters-vault\91-private-evidence\fram-usa-ld-catalog\fram-usa-ld-full-20260911\products\CA7486SY.json"
"CA7495","AIR","FRAM_SKU_COLLISION","EA37495","DISTINCT_COLLISION","MULTIPLE_FRAM_AUTHORITIES_SAME_LAST4","","","","0","0","0","0","C:\Users\ELIMSERVER\world-catalogue\elimfilters-vault\91-private-evidence\fram-usa-ld-catalog\fram-usa-ld-full-20260911\products\CA7495.json"
"CA7495SY","AIR","FRAM_SKU_COLLISION","EA37495","DISTINCT_COLLISION","MULTIPLE_FRAM_AUTHORITIES_SAME_LAST4","","","","0","0","0","0","C:\Users\ELIMSERVER\world-catalogue\elimfilters-vault\91-private-evidence\fram-usa-ld-catalog\fram-usa-ld-full-20260911\products\CA7495SY.json"
"CA7614","AIR","INSUFFICIENT_EXISTING","EA37614","TRUE_QUARANTINE","SINGLE_WEAK_EXISTING_MATCH","","","","0","0","0","0","C:\Users\ELIMSERVER\world-catalogue\elimfilters-vault\91-private-evidence\fram-usa-ld-catalog\fram-usa-ld-full-20260911\products\CA7614.json"
"CA7710","AIR","FRAM_SKU_COLLISION","EA37710","DISTINCT_COLLISION","MULTIPLE_FRAM_AUTHORITIES_SAME_LAST4","","","","0","0","0","0","C:\Users\ELIMSERVER\world-catalogue\elimfilters-vault\91-private-evidence\fram-usa-ld-catalog\fram-usa-ld-full-20260911\products\CA7710.json"
"CA7710SY","AIR","FRAM_SKU_COLLISION","EA37710","DISTINCT_COLLISION","MULTIPLE_FRAM_AUTHORITIES_SAME_LAST4","","","","0","0","0","0","C:\Users\ELIMSERVER\world-catalogue\elimfilters-vault\91-private-evidence\fram-usa-ld-catalog\fram-usa-ld-full-20260911\products\CA7710SY.json"
"CA79","AIR","SKU_COLLISION_EXISTING","EA30079","REVIEW_LEGACY_PLACEHOLDER","LEGACY_UNVERIFIED_SLOT_WITH_DATA","0079","UNVERIFIED","","4","0","0","0","C:\Users\ELIMSERVER\world-catalogue\elimfilters-vault\91-private-evidence\fram-usa-ld-catalog\fram-usa-ld-full-20260911\products\CA79.json"
"CA8003","AIR","SKU_COLLISION_EXISTING","EA38003","DISTINCT_COLLISION","CANONICAL_SLOT_OCCUPIED","C18003","UNVERIFIED","MANN-FILTER:C18003","12","0","37","4","C:\Users\ELIMSERVER\world-catalogue\elimfilters-vault\91-private-evidence\fram-usa-ld-catalog\fram-usa-ld-full-20260911\products\CA8003.json"
"CA8010","AIR","SKU_COLLISION_EXISTING","EA38010","REVIEW_LEGACY_PLACEHOLDER","LEGACY_UNVERIFIED_SLOT_WITH_DATA","8010","UNVERIFIED","","0","0","115","0","C:\Users\ELIMSERVER\world-catalogue\elimfilters-vault\91-private-evidence\fram-usa-ld-catalog\fram-usa-ld-full-20260911\products\CA8010.json"
"CA8014","AIR","SKU_COLLISION_EXISTING","EA38014","REVIEW_LEGACY_PLACEHOLDER","LEGACY_UNVERIFIED_SLOT_WITH_DATA","8014","UNVERIFIED","","8","3","43","6","C:\Users\ELIMSERVER\world-catalogue\elimfilters-vault\91-private-evidence\fram-usa-ld-catalog\fram-usa-ld-full-20260911\products\CA8014.json"
"CA8029","AIR","SKU_COLLISION_EXISTING","EA38029","REVIEW_LEGACY_PLACEHOLDER","LEGACY_UNVERIFIED_SLOT_WITH_DATA","8029","UNVERIFIED","","0","0","19","0","C:\Users\ELIMSERVER\world-catalogue\elimfilters-vault\91-private-evidence\fram-usa-ld-catalog\fram-usa-ld-full-20260911\products\CA8029.json"
"CA8037","AIR","SKU_COLLISION_EXISTING","EA38037","REVIEW_LEGACY_PLACEHOLDER","LEGACY_UNVERIFIED_SLOT_WITH_DATA","8037","UNVERIFIED","","0","0","118","0","C:\Users\ELIMSERVER\world-catalogue\elimfilters-vault\91-private-evidence\fram-usa-ld-catalog\fram-usa-ld-full-20260911\products\CA8037.json"
"CA8038","AIR","INSUFFICIENT_EXISTING","EA38038","TRUE_QUARANTINE","SINGLE_WEAK_EXISTING_MATCH","C28038","UNVERIFIED","MANN-FILTER:C28038","0","0","75","0","C:\Users\ELIMSERVER\world-catalogue\elimfilters-vault\91-private-evidence\fram-usa-ld-catalog\fram-usa-ld-full-20260911\products\CA8038.json"
"CA8039","AIR","SKU_COLLISION_EXISTING","EA38039","REPLACE_EMPTY_PLACEHOLDER","LEGACY_EMPTY_UNVERIFIED_SLOT","8039","UNVERIFIED","","0","0","0","0","C:\Users\ELIMSERVER\world-catalogue\elimfilters-vault\91-private-evidence\fram-usa-ld-catalog\fram-usa-ld-full-20260911\products\CA8039.json"
"CA8040","AIR","INSUFFICIENT_EXISTING","EA38040","TRUE_QUARANTINE","SINGLE_WEAK_EXISTING_MATCH","8040","UNVERIFIED","","0","0","6","0","C:\Users\ELIMSERVER\world-catalogue\elimfilters-vault\91-private-evidence\fram-usa-ld-catalog\fram-usa-ld-full-20260911\products\CA8040.json"
"CA8094","AIR","INSUFFICIENT_EXISTING","EA38094","TRUE_QUARANTINE","SINGLE_WEAK_EXISTING_MATCH","8094","UNVERIFIED","","0","0","0","0","C:\Users\ELIMSERVER\world-catalogue\elimfilters-vault\91-private-evidence\fram-usa-ld-catalog\fram-usa-ld-full-20260911\products\CA8094.json"
"CA8097","AIR","SKU_COLLISION_EXISTING","EA38097","REPLACE_EMPTY_PLACEHOLDER","LEGACY_EMPTY_UNVERIFIED_SLOT","8097","UNVERIFIED","","0","0","0","0","C:\Users\ELIMSERVER\world-catalogue\elimfilters-vault\91-private-evidence\fram-usa-ld-catalog\fram-usa-ld-full-20260911\products\CA8097.json"
"CA8121","AIR","SKU_COLLISION_EXISTING","EA38121","DISTINCT_COLLISION","CANONICAL_SLOT_OCCUPIED","C18121","UNVERIFIED","MANN-FILTER:C18121","0","0","29","0","C:\Users\ELIMSERVER\world-catalogue\elimfilters-vault\91-private-evidence\fram-usa-ld-catalog\fram-usa-ld-full-20260911\products\CA8121.json"
"CA8130","AIR","SKU_COLLISION_EXISTING","EA38130","REVIEW_LEGACY_PLACEHOLDER","LEGACY_UNVERIFIED_SLOT_WITH_DATA","8130","UNVERIFIED","","0","0","1","0","C:\Users\ELIMSERVER\world-catalogue\elimfilters-vault\91-private-evidence\fram-usa-ld-catalog\fram-usa-ld-full-20260911\products\CA8130.json"
"CA8133","AIR","SKU_COLLISION_EXISTING","EA38133","REVIEW_LEGACY_PLACEHOLDER","LEGACY_UNVERIFIED_SLOT_WITH_DATA","8133","UNVERIFIED","","0","0","8","0","C:\Users\ELIMSERVER\world-catalogue\elimfilters-vault\91-private-evidence\fram-usa-ld-catalog\fram-usa-ld-full-20260911\products\CA8133.json"
"CA8162","AIR","SKU_COLLISION_EXISTING","EA38162","REVIEW_LEGACY_PLACEHOLDER","LEGACY_UNVERIFIED_SLOT_WITH_DATA","8162","UNVERIFIED","","0","0","12","0","C:\Users\ELIMSERVER\world-catalogue\elimfilters-vault\91-private-evidence\fram-usa-ld-catalog\fram-usa-ld-full-20260911\products\CA8162.json"
"CA8180","AIR","SKU_COLLISION_EXISTING","EA38180","REPLACE_EMPTY_PLACEHOLDER","LEGACY_EMPTY_UNVERIFIED_SLOT","8180","UNVERIFIED","","0","0","0","0","C:\Users\ELIMSERVER\world-catalogue\elimfilters-vault\91-private-evidence\fram-usa-ld-catalog\fram-usa-ld-full-20260911\products\CA8180.json"
"CA8235","AIR","SKU_COLLISION_EXISTING","EA38235","REPLACE_EMPTY_PLACEHOLDER","LEGACY_EMPTY_UNVERIFIED_SLOT","8235","UNVERIFIED","","0","0","0","0","C:\Users\ELIMSERVER\world-catalogue\elimfilters-vault\91-private-evidence\fram-usa-ld-catalog\fram-usa-ld-full-20260911\products\CA8235.json"
"CA8269","AIR","SKU_COLLISION_EXISTING","EA38269","REPLACE_EMPTY_PLACEHOLDER","LEGACY_EMPTY_UNVERIFIED_SLOT","8269","UNVERIFIED","","0","0","0","0","C:\Users\ELIMSERVER\world-catalogue\elimfilters-vault\91-private-evidence\fram-usa-ld-catalog\fram-usa-ld-full-20260911\products\CA8269.json"
"CA8331","AIR","SKU_COLLISION_EXISTING","EA38331","REVIEW_LEGACY_PLACEHOLDER","LEGACY_UNVERIFIED_SLOT_WITH_DATA","8331","UNVERIFIED","","0","0","22","0","C:\Users\ELIMSERVER\world-catalogue\elimfilters-vault\91-private-evidence\fram-usa-ld-catalog\fram-usa-ld-full-20260911\products\CA8331.json"
"CA8507","AIR","SKU_COLLISION_EXISTING","EA38507","REVIEW_LEGACY_PLACEHOLDER","LEGACY_UNVERIFIED_SLOT_WITH_DATA","8507","UNVERIFIED","","0","0","182","0","C:\Users\ELIMSERVER\world-catalogue\elimfilters-vault\91-private-evidence\fram-usa-ld-catalog\fram-usa-ld-full-20260911\products\CA8507.json"
"CA8562","AIR","SKU_COLLISION_EXISTING","EA38562","REPLACE_EMPTY_PLACEHOLDER","LEGACY_EMPTY_UNVERIFIED_SLOT","8562","UNVERIFIED","","0","0","0","0","C:\Users\ELIMSERVER\world-catalogue\elimfilters-vault\91-private-evidence\fram-usa-ld-catalog\fram-usa-ld-full-20260911\products\CA8562.json"
"CA8596","AIR","FRAM_SKU_COLLISION","EA38596","DISTINCT_COLLISION","MULTIPLE_FRAM_AUTHORITIES_SAME_LAST4","","","","0","0","0","0","C:\Users\ELIMSERVER\world-catalogue\elimfilters-vault\91-private-evidence\fram-usa-ld-catalog\fram-usa-ld-full-20260911\products\CA8596.json"
"CA8596SY","AIR","FRAM_SKU_COLLISION","EA38596","DISTINCT_COLLISION","MULTIPLE_FRAM_AUTHORITIES_SAME_LAST4","","","","0","0","0","0","C:\Users\ELIMSERVER\world-catalogue\elimfilters-vault\91-private-evidence\fram-usa-ld-catalog\fram-usa-ld-full-20260911\products\CA8596SY.json"
"CA8601","AIR","SKU_COLLISION_EXISTING","EA38601","REVIEW_LEGACY_PLACEHOLDER","LEGACY_UNVERIFIED_SLOT_WITH_DATA","8601","UNVERIFIED","","30","0","0","0","C:\Users\ELIMSERVER\world-catalogue\elimfilters-vault\91-private-evidence\fram-usa-ld-catalog\fram-usa-ld-full-20260911\products\CA8601.json"
"CA8602","AIR","SKU_COLLISION_EXISTING","EA38602","REVIEW_LEGACY_PLACEHOLDER","LEGACY_UNVERIFIED_SLOT_WITH_DATA","8602","UNVERIFIED","","0","0","36","0","C:\Users\ELIMSERVER\world-catalogue\elimfilters-vault\91-private-evidence\fram-usa-ld-catalog\fram-usa-ld-full-20260911\products\CA8602.json"
"CA8606","AIR","SKU_COLLISION_EXISTING","EA38606","REVIEW_LEGACY_PLACEHOLDER","LEGACY_UNVERIFIED_SLOT_WITH_DATA","8606","UNVERIFIED","","0","0","28","0","C:\Users\ELIMSERVER\world-catalogue\elimfilters-vault\91-private-evidence\fram-usa-ld-catalog\fram-usa-ld-full-20260911\products\CA8606.json"
"CA8621","AIR","FRAM_SKU_COLLISION","EA38621","DISTINCT_COLLISION","MULTIPLE_FRAM_AUTHORITIES_SAME_LAST4","","","","0","0","0","0","C:\Users\ELIMSERVER\world-catalogue\elimfilters-vault\91-private-evidence\fram-usa-ld-catalog\fram-usa-ld-full-20260911\products\CA8621.json"
"CA8621SY","AIR","FRAM_SKU_COLLISION","EA38621","DISTINCT_COLLISION","MULTIPLE_FRAM_AUTHORITIES_SAME_LAST4","","","","0","0","0","0","C:\Users\ELIMSERVER\world-catalogue\elimfilters-vault\91-private-evidence\fram-usa-ld-catalog\fram-usa-ld-full-20260911\products\CA8621SY.json"
"CA8720","AIR","INSUFFICIENT_EXISTING","EA38720","TRUE_QUARANTINE","SINGLE_WEAK_EXISTING_MATCH","","","","0","0","0","0","C:\Users\ELIMSERVER\world-catalogue\elimfilters-vault\91-private-evidence\fram-usa-ld-catalog\fram-usa-ld-full-20260911\products\CA8720.json"
"CA8731","AIR","SKU_COLLISION_EXISTING","EA38731","REVIEW_LEGACY_PLACEHOLDER","LEGACY_UNVERIFIED_SLOT_WITH_DATA","8731","UNVERIFIED","","0","0","44","0","C:\Users\ELIMSERVER\world-catalogue\elimfilters-vault\91-private-evidence\fram-usa-ld-catalog\fram-usa-ld-full-20260911\products\CA8731.json"
"CA8754","AIR","INSUFFICIENT_EXISTING","EA38754","TRUE_QUARANTINE","SINGLE_WEAK_EXISTING_MATCH","","","","0","0","0","0","C:\Users\ELIMSERVER\world-catalogue\elimfilters-vault\91-private-evidence\fram-usa-ld-catalog\fram-usa-ld-full-20260911\products\CA8754.json"
"CA8768","AIR","INSUFFICIENT_EXISTING","EA38768","TRUE_QUARANTINE","SINGLE_WEAK_EXISTING_MATCH","","","","0","0","0","0","C:\Users\ELIMSERVER\world-catalogue\elimfilters-vault\91-private-evidence\fram-usa-ld-catalog\fram-usa-ld-full-20260911\products\CA8768.json"
"CA8960","AIR","SKU_COLLISION_EXISTING","EA38960","REVIEW_LEGACY_PLACEHOLDER","LEGACY_UNVERIFIED_SLOT_WITH_DATA","8960","UNVERIFIED","","0","0","40","0","C:\Users\ELIMSERVER\world-catalogue\elimfilters-vault\91-private-evidence\fram-usa-ld-catalog\fram-usa-ld-full-20260911\products\CA8960.json"
"CA9002SY","AIR","SKU_COLLISION_EXISTING","EA39002","REVIEW_LEGACY_PLACEHOLDER","LEGACY_UNVERIFIED_SLOT_WITH_DATA","9002","UNVERIFIED","","0","0","876","0","C:\Users\ELIMSERVER\world-catalogue\elimfilters-vault\91-private-evidence\fram-usa-ld-catalog\fram-usa-ld-full-20260911\products\CA9002SY.json"
"CA9003","AIR","SKU_COLLISION_EXISTING","EA39003","REVIEW_LEGACY_PLACEHOLDER","LEGACY_UNVERIFIED_SLOT_WITH_DATA","9003","UNVERIFIED","","0","0","1","0","C:\Users\ELIMSERVER\world-catalogue\elimfilters-vault\91-private-evidence\fram-usa-ld-catalog\fram-usa-ld-full-20260911\products\CA9003.json"
"CA9003SY","AIR","SKU_COLLISION_EXISTING","EA39003","REVIEW_LEGACY_PLACEHOLDER","LEGACY_UNVERIFIED_SLOT_WITH_DATA","9003","UNVERIFIED","","0","0","1","0","C:\Users\ELIMSERVER\world-catalogue\elimfilters-vault\91-private-evidence\fram-usa-ld-catalog\fram-usa-ld-full-20260911\products\CA9003SY.json"
"CA9054","AIR","SKU_COLLISION_EXISTING","EA39054","REPLACE_EMPTY_PLACEHOLDER","LEGACY_EMPTY_UNVERIFIED_SLOT","9054","UNVERIFIED","","0","0","0","0","C:\Users\ELIMSERVER\world-catalogue\elimfilters-vault\91-private-evidence\fram-usa-ld-catalog\fram-usa-ld-full-20260911\products\CA9054.json"
"CA9115","AIR","INSUFFICIENT_EXISTING","EA39115","TRUE_QUARANTINE","SINGLE_WEAK_EXISTING_MATCH","","","","0","0","0","0","C:\Users\ELIMSERVER\world-catalogue\elimfilters-vault\91-private-evidence\fram-usa-ld-catalog\fram-usa-ld-full-20260911\products\CA9115.json"
"CA9121","AIR","SKU_COLLISION_EXISTING","EA39121","REVIEW_LEGACY_PLACEHOLDER","LEGACY_UNVERIFIED_SLOT_WITH_DATA","9121","UNVERIFIED","","0","0","3","0","C:\Users\ELIMSERVER\world-catalogue\elimfilters-vault\91-private-evidence\fram-usa-ld-catalog\fram-usa-ld-full-20260911\products\CA9121.json"
"CA9122","AIR","SKU_COLLISION_EXISTING","EA39122","REVIEW_LEGACY_PLACEHOLDER","LEGACY_UNVERIFIED_SLOT_WITH_DATA","9122","UNVERIFIED","","25","0","0","0","C:\Users\ELIMSERVER\world-catalogue\elimfilters-vault\91-private-evidence\fram-usa-ld-catalog\fram-usa-ld-full-20260911\products\CA9122.json"
"CA9244SY","AIR","CROSS_FAMILY_DIRECT_CONFLICT","EA39244","TRUE_QUARANTINE","CROSS_FAMILY_DIRECT_CONFLICT","","","","0","0","0","0","C:\Users\ELIMSERVER\world-catalogue\elimfilters-vault\91-private-evidence\fram-usa-ld-catalog\fram-usa-ld-full-20260911\products\CA9244SY.json"
"CA9246SY","AIR","INSUFFICIENT_EXISTING","EA39246","TRUE_QUARANTINE","SINGLE_WEAK_EXISTING_MATCH","CA9246","VERIFIED","FRAM:CA9246","8","6","0","4","C:\Users\ELIMSERVER\world-catalogue\elimfilters-vault\91-private-evidence\fram-usa-ld-catalog\fram-usa-ld-full-20260911\products\CA9246SY.json"
"CA9269","AIR","INSUFFICIENT_EXISTING","EA39269","TRUE_QUARANTINE","SINGLE_WEAK_EXISTING_MATCH","CA9269SY","VERIFIED","FRAM:CA9269SY","9","10","0","4","C:\Users\ELIMSERVER\world-catalogue\elimfilters-vault\91-private-evidence\fram-usa-ld-catalog\fram-usa-ld-full-20260911\products\CA9269.json"
"CA9352SY","AIR","SKU_COLLISION_EXISTING","EA39352","REVIEW_LEGACY_PLACEHOLDER","LEGACY_UNVERIFIED_SLOT_WITH_DATA","9352","UNVERIFIED","","2","0","0","0","C:\Users\ELIMSERVER\world-catalogue\elimfilters-vault\91-private-evidence\fram-usa-ld-catalog\fram-usa-ld-full-20260911\products\CA9352SY.json"
"CA9401","AIR","INSUFFICIENT_EXISTING","EA39401","TRUE_QUARANTINE","SINGLE_WEAK_EXISTING_MATCH","9401","UNVERIFIED","","0","0","0","0","C:\Users\ELIMSERVER\world-catalogue\elimfilters-vault\91-private-evidence\fram-usa-ld-catalog\fram-usa-ld-full-20260911\products\CA9401.json"
"CA9402","AIR","SKU_COLLISION_EXISTING","EA39402","REPLACE_EMPTY_PLACEHOLDER","LEGACY_EMPTY_UNVERIFIED_SLOT","9402","UNVERIFIED","","0","0","0","0","C:\Users\ELIMSERVER\world-catalogue\elimfilters-vault\91-private-evidence\fram-usa-ld-catalog\fram-usa-ld-full-20260911\products\CA9402.json"
"CA9492","AIR","SKU_COLLISION_EXISTING","EA39492","REPLACE_EMPTY_PLACEHOLDER","LEGACY_EMPTY_UNVERIFIED_SLOT","9492","UNVERIFIED","","0","0","0","0","C:\Users\ELIMSERVER\world-catalogue\elimfilters-vault\91-private-evidence\fram-usa-ld-catalog\fram-usa-ld-full-20260911\products\CA9492.json"
"CA9493","AIR","SKU_COLLISION_EXISTING","EA39493","REPLACE_EMPTY_PLACEHOLDER","LEGACY_EMPTY_UNVERIFIED_SLOT","9493","UNVERIFIED","","0","0","0","0","C:\Users\ELIMSERVER\world-catalogue\elimfilters-vault\91-private-evidence\fram-usa-ld-catalog\fram-usa-ld-full-20260911\products\CA9493.json"
"CA9501","AIR","SKU_COLLISION_EXISTING","EA39501","REVIEW_LEGACY_PLACEHOLDER","LEGACY_UNVERIFIED_SLOT_WITH_DATA","9501","UNVERIFIED","","0","0","6","0","C:\Users\ELIMSERVER\world-catalogue\elimfilters-vault\91-private-evidence\fram-usa-ld-catalog\fram-usa-ld-full-20260911\products\CA9501.json"
"CA9550","AIR","SKU_COLLISION_EXISTING","EA39550","REVIEW_LEGACY_PLACEHOLDER","LEGACY_UNVERIFIED_SLOT_WITH_DATA","9550","UNVERIFIED","","0","0","7","0","C:\Users\ELIMSERVER\world-catalogue\elimfilters-vault\91-private-evidence\fram-usa-ld-catalog\fram-usa-ld-full-20260911\products\CA9550.json"
"CA9550S","AIR","SKU_COLLISION_EXISTING","EA39550","REVIEW_LEGACY_PLACEHOLDER","LEGACY_UNVERIFIED_SLOT_WITH_DATA","9550","UNVERIFIED","","0","0","7","0","C:\Users\ELIMSERVER\world-catalogue\elimfilters-vault\91-private-evidence\fram-usa-ld-catalog\fram-usa-ld-full-20260911\products\CA9550S.json"
"CA9634","AIR","INSUFFICIENT_EXISTING","EA39634","TRUE_QUARANTINE","SINGLE_WEAK_EXISTING_MATCH","","","","0","0","0","0","C:\Users\ELIMSERVER\world-catalogue\elimfilters-vault\91-private-evidence\fram-usa-ld-catalog\fram-usa-ld-full-20260911\products\CA9634.json"
"CA9736","AIR","FRAM_SKU_COLLISION","EA39736","DISTINCT_COLLISION","MULTIPLE_FRAM_AUTHORITIES_SAME_LAST4","","","","0","0","0","0","C:\Users\ELIMSERVER\world-catalogue\elimfilters-vault\91-private-evidence\fram-usa-ld-catalog\fram-usa-ld-full-20260911\products\CA9736.json"
"CA9736SY","AIR","FRAM_SKU_COLLISION","EA39736","DISTINCT_COLLISION","MULTIPLE_FRAM_AUTHORITIES_SAME_LAST4","","","","0","0","0","0","C:\Users\ELIMSERVER\world-catalogue\elimfilters-vault\91-private-evidence\fram-usa-ld-catalog\fram-usa-ld-full-20260911\products\CA9736SY.json"
"CA9872","AIR","FRAM_SKU_COLLISION","EA39872","DISTINCT_COLLISION","MULTIPLE_FRAM_AUTHORITIES_SAME_LAST4","","","","0","0","0","0","C:\Users\ELIMSERVER\world-catalogue\elimfilters-vault\91-private-evidence\fram-usa-ld-catalog\fram-usa-ld-full-20260911\products\CA9872.json"
"CA9872SY","AIR","FRAM_SKU_COLLISION","EA39872","DISTINCT_COLLISION","MULTIPLE_FRAM_AUTHORITIES_SAME_LAST4","","","","0","0","0","0","C:\Users\ELIMSERVER\world-catalogue\elimfilters-vault\91-private-evidence\fram-usa-ld-catalog\fram-usa-ld-full-20260911\products\CA9872SY.json"
"CA9873","AIR","FRAM_SKU_COLLISION","EA39873","DISTINCT_COLLISION","MULTIPLE_FRAM_AUTHORITIES_SAME_LAST4","","","","0","0","0","0","C:\Users\ELIMSERVER\world-catalogue\elimfilters-vault\91-private-evidence\fram-usa-ld-catalog\fram-usa-ld-full-20260911\products\CA9873.json"
"CA9873SY","AIR","FRAM_SKU_COLLISION","EA39873","DISTINCT_COLLISION","MULTIPLE_FRAM_AUTHORITIES_SAME_LAST4","","","","0","0","0","0","C:\Users\ELIMSERVER\world-catalogue\elimfilters-vault\91-private-evidence\fram-usa-ld-catalog\fram-usa-ld-full-20260911\products\CA9873SY.json"
"CA9901","AIR","SKU_COLLISION_EXISTING","EA39901","REVIEW_LEGACY_PLACEHOLDER","LEGACY_UNVERIFIED_SLOT_WITH_DATA","9901","UNVERIFIED","","0","0","4","0","C:\Users\ELIMSERVER\world-catalogue\elimfilters-vault\91-private-evidence\fram-usa-ld-catalog\fram-usa-ld-full-20260911\products\CA9901.json"
"CA9901SY","AIR","SKU_COLLISION_EXISTING","EA39901","REVIEW_LEGACY_PLACEHOLDER","LEGACY_UNVERIFIED_SLOT_WITH_DATA","9901","UNVERIFIED","","0","0","4","0","C:\Users\ELIMSERVER\world-catalogue\elimfilters-vault\91-private-evidence\fram-usa-ld-catalog\fram-usa-ld-full-20260911\products\CA9901SY.json"
"CA9902","AIR","SKU_COLLISION_EXISTING","EA39902","REPLACE_EMPTY_PLACEHOLDER","LEGACY_EMPTY_UNVERIFIED_SLOT","9902","UNVERIFIED","","0","0","0","0","C:\Users\ELIMSERVER\world-catalogue\elimfilters-vault\91-private-evidence\fram-usa-ld-catalog\fram-usa-ld-full-20260911\products\CA9902.json"
"CA9912","AIR","SKU_COLLISION_EXISTING","EA39912","REVIEW_LEGACY_PLACEHOLDER","LEGACY_UNVERIFIED_SLOT_WITH_DATA","9912","UNVERIFIED","","0","0","29","0","C:\Users\ELIMSERVER\world-catalogue\elimfilters-vault\91-private-evidence\fram-usa-ld-catalog\fram-usa-ld-full-20260911\products\CA9912.json"
"CA9966","AIR","FRAM_SKU_COLLISION","EA39966","DISTINCT_COLLISION","MULTIPLE_FRAM_AUTHORITIES_SAME_LAST4","","","","0","0","0","0","C:\Users\ELIMSERVER\world-catalogue\elimfilters-vault\91-private-evidence\fram-usa-ld-catalog\fram-usa-ld-full-20260911\products\CA9966.json"
"CA9966SY","AIR","FRAM_SKU_COLLISION","EA39966","DISTINCT_COLLISION","MULTIPLE_FRAM_AUTHORITIES_SAME_LAST4","","","","0","0","0","0","C:\Users\ELIMSERVER\world-catalogue\elimfilters-vault\91-private-evidence\fram-usa-ld-catalog\fram-usa-ld-full-20260911\products\CA9966SY.json"
"CF10074","CABIN","INSUFFICIENT_EXISTING","EC30074","TRUE_QUARANTINE","SINGLE_WEAK_EXISTING_MATCH","","","","0","0","0","0","C:\Users\ELIMSERVER\world-catalogue\elimfilters-vault\91-private-evidence\fram-usa-ld-catalog\fram-usa-ld-full-20260911\products\CF10074.json"
"CF10133","CABIN","INSUFFICIENT_EXISTING","EC30133","TRUE_QUARANTINE","SINGLE_WEAK_EXISTING_MATCH","","","","0","0","0","0","C:\Users\ELIMSERVER\world-catalogue\elimfilters-vault\91-private-evidence\fram-usa-ld-catalog\fram-usa-ld-full-20260911\products\CF10133.json"
"CF10135","CABIN","INSUFFICIENT_EXISTING","EC30135","TRUE_QUARANTINE","SINGLE_WEAK_EXISTING_MATCH","","","","0","0","0","0","C:\Users\ELIMSERVER\world-catalogue\elimfilters-vault\91-private-evidence\fram-usa-ld-catalog\fram-usa-ld-full-20260911\products\CF10135.json"
"CF10138","CABIN","FRAM_SKU_COLLISION","EC30138","DISTINCT_COLLISION","MULTIPLE_FRAM_AUTHORITIES_SAME_LAST4","","","","0","0","0","0","C:\Users\ELIMSERVER\world-catalogue\elimfilters-vault\91-private-evidence\fram-usa-ld-catalog\fram-usa-ld-full-20260911\products\CF10138.json"
"CF10208","CABIN","INSUFFICIENT_EXISTING","EC30208","TRUE_QUARANTINE","SINGLE_WEAK_EXISTING_MATCH","","","","0","0","0","0","C:\Users\ELIMSERVER\world-catalogue\elimfilters-vault\91-private-evidence\fram-usa-ld-catalog\fram-usa-ld-full-20260911\products\CF10208.json"
"CF10360","CABIN","FRAM_SKU_COLLISION","EC30360","DISTINCT_COLLISION","MULTIPLE_FRAM_AUTHORITIES_SAME_LAST4","","","","0","0","1","0","C:\Users\ELIMSERVER\world-catalogue\elimfilters-vault\91-private-evidence\fram-usa-ld-catalog\fram-usa-ld-full-20260911\products\CF10360.json"
"CF10364","CABIN","FRAM_SKU_COLLISION","EC30364","DISTINCT_COLLISION","MULTIPLE_FRAM_AUTHORITIES_SAME_LAST4","","","","0","0","0","0","C:\Users\ELIMSERVER\world-catalogue\elimfilters-vault\91-private-evidence\fram-usa-ld-catalog\fram-usa-ld-full-20260911\products\CF10364.json"
"CF10370","CABIN","FRAM_SKU_COLLISION","EC30370","DISTINCT_COLLISION","MULTIPLE_FRAM_AUTHORITIES_SAME_LAST4","","","","0","0","0","0","C:\Users\ELIMSERVER\world-catalogue\elimfilters-vault\91-private-evidence\fram-usa-ld-catalog\fram-usa-ld-full-20260911\products\CF10370.json"
"CF10372","CABIN","SKU_COLLISION_EXISTING","EC30372","REPLACE_EMPTY_PLACEHOLDER","LEGACY_EMPTY_UNVERIFIED_SLOT","0372","UNVERIFIED","","0","0","0","0","C:\Users\ELIMSERVER\world-catalogue\elimfilters-vault\91-private-evidence\fram-usa-ld-catalog\fram-usa-ld-full-20260911\products\CF10372.json"
"CF10373","CABIN","FRAM_SKU_COLLISION","EC30373","DISTINCT_COLLISION","MULTIPLE_FRAM_AUTHORITIES_SAME_LAST4","","","","0","0","0","0","C:\Users\ELIMSERVER\world-catalogue\elimfilters-vault\91-private-evidence\fram-usa-ld-catalog\fram-usa-ld-full-20260911\products\CF10373.json"
"CF10388","CABIN","FRAM_SKU_COLLISION","EC30388","DISTINCT_COLLISION","MULTIPLE_FRAM_AUTHORITIES_SAME_LAST4","","","","0","0","0","0","C:\Users\ELIMSERVER\world-catalogue\elimfilters-vault\91-private-evidence\fram-usa-ld-catalog\fram-usa-ld-full-20260911\products\CF10388.json"
"CF10436","CABIN","FRAM_SKU_COLLISION","EC30436","DISTINCT_COLLISION","MULTIPLE_FRAM_AUTHORITIES_SAME_LAST4","","","","0","0","0","0","C:\Users\ELIMSERVER\world-catalogue\elimfilters-vault\91-private-evidence\fram-usa-ld-catalog\fram-usa-ld-full-20260911\products\CF10436.json"
"CF10550","CABIN","FRAM_SKU_COLLISION","EC30550","DISTINCT_COLLISION","MULTIPLE_FRAM_AUTHORITIES_SAME_LAST4","","","","0","0","0","0","C:\Users\ELIMSERVER\world-catalogue\elimfilters-vault\91-private-evidence\fram-usa-ld-catalog\fram-usa-ld-full-20260911\products\CF10550.json"
"CF10612","CABIN","SKU_COLLISION_EXISTING","EC30612","REPLACE_EMPTY_PLACEHOLDER","LEGACY_EMPTY_UNVERIFIED_SLOT","0612","UNVERIFIED","","0","0","0","0","C:\Users\ELIMSERVER\world-catalogue\elimfilters-vault\91-private-evidence\fram-usa-ld-catalog\fram-usa-ld-full-20260911\products\CF10612.json"
"CF10727","CABIN","FRAM_SKU_COLLISION","EC30727","DISTINCT_COLLISION","MULTIPLE_FRAM_AUTHORITIES_SAME_LAST4","","","","0","0","0","0","C:\Users\ELIMSERVER\world-catalogue\elimfilters-vault\91-private-evidence\fram-usa-ld-catalog\fram-usa-ld-full-20260911\products\CF10727.json"
"CF10775","CABIN","FRAM_SKU_COLLISION","EC30775","DISTINCT_COLLISION","MULTIPLE_FRAM_AUTHORITIES_SAME_LAST4","","","","0","0","0","0","C:\Users\ELIMSERVER\world-catalogue\elimfilters-vault\91-private-evidence\fram-usa-ld-catalog\fram-usa-ld-full-20260911\products\CF10775.json"
"CF11173","CABIN","INSUFFICIENT_EXISTING","EC31173","TRUE_QUARANTINE","SINGLE_WEAK_EXISTING_MATCH","","","","0","0","0","0","C:\Users\ELIMSERVER\world-catalogue\elimfilters-vault\91-private-evidence\fram-usa-ld-catalog\fram-usa-ld-full-20260911\products\CF11173.json"
"CF11183","CABIN","FRAM_SKU_COLLISION","EC31183","DISTINCT_COLLISION","MULTIPLE_FRAM_AUTHORITIES_SAME_LAST4","","","","0","0","0","0","C:\Users\ELIMSERVER\world-catalogue\elimfilters-vault\91-private-evidence\fram-usa-ld-catalog\fram-usa-ld-full-20260911\products\CF11183.json"
"CF11643","CABIN","FRAM_SKU_COLLISION","EC31643","DISTINCT_COLLISION","MULTIPLE_FRAM_AUTHORITIES_SAME_LAST4","","","","0","0","0","0","C:\Users\ELIMSERVER\world-catalogue\elimfilters-vault\91-private-evidence\fram-usa-ld-catalog\fram-usa-ld-full-20260911\products\CF11643.json"
"CF11663","CABIN","INSUFFICIENT_EXISTING","EC31663","TRUE_QUARANTINE","SINGLE_WEAK_EXISTING_MATCH","","","","0","0","0","0","C:\Users\ELIMSERVER\world-catalogue\elimfilters-vault\91-private-evidence\fram-usa-ld-catalog\fram-usa-ld-full-20260911\products\CF11663.json"
"CF11719","CABIN","FRAM_SKU_COLLISION","EC31719","DISTINCT_COLLISION","MULTIPLE_FRAM_AUTHORITIES_SAME_LAST4","","","","0","0","25","0","C:\Users\ELIMSERVER\world-catalogue\elimfilters-vault\91-private-evidence\fram-usa-ld-catalog\fram-usa-ld-full-20260911\products\CF11719.json"
"CF11810","CABIN","SKU_COLLISION_EXISTING","EC31810","REVIEW_LEGACY_PLACEHOLDER","LEGACY_UNVERIFIED_SLOT_WITH_DATA","1810","UNVERIFIED","","0","0","19","0","C:\Users\ELIMSERVER\world-catalogue\elimfilters-vault\91-private-evidence\fram-usa-ld-catalog\fram-usa-ld-full-20260911\products\CF11810.json"
"CF11919","CABIN","SKU_COLLISION_EXISTING","EC31919","REVIEW_LEGACY_PLACEHOLDER","LEGACY_UNVERIFIED_SLOT_WITH_DATA","1919","UNVERIFIED","","0","0","933","0","C:\Users\ELIMSERVER\world-catalogue\elimfilters-vault\91-private-evidence\fram-usa-ld-catalog\fram-usa-ld-full-20260911\products\CF11919.json"
"CF11966","CABIN","FRAM_SKU_COLLISION","EC31966","DISTINCT_COLLISION","MULTIPLE_FRAM_AUTHORITIES_SAME_LAST4","","","","0","0","0","0","C:\Users\ELIMSERVER\world-catalogue\elimfilters-vault\91-private-evidence\fram-usa-ld-catalog\fram-usa-ld-full-20260911\products\CF11966.json"
"CF12000","CABIN","SKU_COLLISION_EXISTING","EC32000","REVIEW_LEGACY_PLACEHOLDER","LEGACY_UNVERIFIED_SLOT_WITH_DATA","2000","UNVERIFIED","","8","0","0","3","C:\Users\ELIMSERVER\world-catalogue\elimfilters-vault\91-private-evidence\fram-usa-ld-catalog\fram-usa-ld-full-20260911\products\CF12000.json"
"CF12002","CABIN","SKU_COLLISION_EXISTING","EC32002","REVIEW_LEGACY_PLACEHOLDER","LEGACY_UNVERIFIED_SLOT_WITH_DATA","2002","UNVERIFIED","","0","0","401","0","C:\Users\ELIMSERVER\world-catalogue\elimfilters-vault\91-private-evidence\fram-usa-ld-catalog\fram-usa-ld-full-20260911\products\CF12002.json"
"CF12150","CABIN","FRAM_SKU_COLLISION","EC32150","DISTINCT_COLLISION","MULTIPLE_FRAM_AUTHORITIES_SAME_LAST4","","","","0","0","0","0","C:\Users\ELIMSERVER\world-catalogue\elimfilters-vault\91-private-evidence\fram-usa-ld-catalog\fram-usa-ld-full-20260911\products\CF12150.json"
"CF12159","CABIN","FRAM_SKU_COLLISION","EC32159","DISTINCT_COLLISION","MULTIPLE_FRAM_AUTHORITIES_SAME_LAST4","","","","0","0","0","0","C:\Users\ELIMSERVER\world-catalogue\elimfilters-vault\91-private-evidence\fram-usa-ld-catalog\fram-usa-ld-full-20260911\products\CF12159.json"
"CF12436","CABIN","SKU_COLLISION_EXISTING","EC32436","REVIEW_LEGACY_PLACEHOLDER","LEGACY_UNVERIFIED_SLOT_WITH_DATA","2436","UNVERIFIED","","0","0","106","0","C:\Users\ELIMSERVER\world-catalogue\elimfilters-vault\91-private-evidence\fram-usa-ld-catalog\fram-usa-ld-full-20260911\products\CF12436.json"
"CF12450","CABIN","SKU_COLLISION_EXISTING","EC32450","REVIEW_LEGACY_PLACEHOLDER","LEGACY_UNVERIFIED_SLOT_WITH_DATA","2450","UNVERIFIED","","0","0","137","0","C:\Users\ELIMSERVER\world-catalogue\elimfilters-vault\91-private-evidence\fram-usa-ld-catalog\fram-usa-ld-full-20260911\products\CF12450.json"
"CF5972A","CABIN","INSUFFICIENT_EXISTING","EC35972","TRUE_QUARANTINE","SINGLE_WEAK_EXISTING_MATCH","","","","0","0","0","0","C:\Users\ELIMSERVER\world-catalogue\elimfilters-vault\91-private-evidence\fram-usa-ld-catalog\fram-usa-ld-full-20260911\products\CF5972A.json"
"CF8392A","CABIN","FRAM_SKU_COLLISION","EC38392","DISTINCT_COLLISION","MULTIPLE_FRAM_AUTHORITIES_SAME_LAST4","","","","0","0","0","0","C:\Users\ELIMSERVER\world-catalogue\elimfilters-vault\91-private-evidence\fram-usa-ld-catalog\fram-usa-ld-full-20260911\products\CF8392A.json"
"CF8770A","CABIN","INSUFFICIENT_EXISTING","EC38770","TRUE_QUARANTINE","SINGLE_WEAK_EXISTING_MATCH","","","","0","0","0","0","C:\Users\ELIMSERVER\world-catalogue\elimfilters-vault\91-private-evidence\fram-usa-ld-catalog\fram-usa-ld-full-20260911\products\CF8770A.json"
"CH10075","LUBE","SKU_COLLISION_EXISTING","EL30075","REPLACE_EMPTY_PLACEHOLDER","LEGACY_EMPTY_UNVERIFIED_SLOT","0075","UNVERIFIED","","0","0","0","0","C:\Users\ELIMSERVER\world-catalogue\elimfilters-vault\91-private-evidence\fram-usa-ld-catalog\fram-usa-ld-full-20260911\products\CH10075.json"
"CH10384","LUBE","SKU_COLLISION_EXISTING","EL30384","REPLACE_EMPTY_PLACEHOLDER","LEGACY_EMPTY_UNVERIFIED_SLOT","0384","UNVERIFIED","","0","0","0","0","C:\Users\ELIMSERVER\world-catalogue\elimfilters-vault\91-private-evidence\fram-usa-ld-catalog\fram-usa-ld-full-20260911\products\CH10384.json"
"CH10855","LUBE","FRAM_SKU_COLLISION","EL30855","DISTINCT_COLLISION","MULTIPLE_FRAM_AUTHORITIES_SAME_LAST4","","","","0","0","0","0","C:\Users\ELIMSERVER\world-catalogue\elimfilters-vault\91-private-evidence\fram-usa-ld-catalog\fram-usa-ld-full-20260911\products\CH10855.json"
"CH10952","LUBE","SKU_COLLISION_EXISTING","EL30952","REPLACE_EMPTY_PLACEHOLDER","LEGACY_EMPTY_UNVERIFIED_SLOT","0952","UNVERIFIED","","0","0","0","0","C:\Users\ELIMSERVER\world-catalogue\elimfilters-vault\91-private-evidence\fram-usa-ld-catalog\fram-usa-ld-full-20260911\products\CH10952.json"
"CH11008","LUBE","SKU_COLLISION_EXISTING","EL31008","REVIEW_LEGACY_PLACEHOLDER","LEGACY_UNVERIFIED_SLOT_WITH_DATA","1008","UNVERIFIED","","0","0","133","0","C:\Users\ELIMSERVER\world-catalogue\elimfilters-vault\91-private-evidence\fram-usa-ld-catalog\fram-usa-ld-full-20260911\products\CH11008.json"
"CH11038","LUBE","INSUFFICIENT_EXISTING","EL31038","TRUE_QUARANTINE","SINGLE_WEAK_EXISTING_MATCH","","","","0","0","0","0","C:\Users\ELIMSERVER\world-catalogue\elimfilters-vault\91-private-evidence\fram-usa-ld-catalog\fram-usa-ld-full-20260911\products\CH11038.json"
"CH11242","LUBE","SKU_COLLISION_EXISTING","EL31242","REVIEW_LEGACY_PLACEHOLDER","LEGACY_UNVERIFIED_SLOT_WITH_DATA","1242","UNVERIFIED","","0","0","14","0","C:\Users\ELIMSERVER\world-catalogue\elimfilters-vault\91-private-evidence\fram-usa-ld-catalog\fram-usa-ld-full-20260911\products\CH11242.json"
"CH11665","LUBE","INSUFFICIENT_EXISTING","EL31665","TRUE_QUARANTINE","SINGLE_WEAK_EXISTING_MATCH","","","","0","0","0","0","C:\Users\ELIMSERVER\world-catalogue\elimfilters-vault\91-private-evidence\fram-usa-ld-catalog\fram-usa-ld-full-20260911\products\CH11665.json"
"CH11934","LUBE","FRAM_SKU_COLLISION","EL31934","DISTINCT_COLLISION","MULTIPLE_FRAM_AUTHORITIES_SAME_LAST4","","","","0","0","0","0","C:\Users\ELIMSERVER\world-catalogue\elimfilters-vault\91-private-evidence\fram-usa-ld-catalog\fram-usa-ld-full-20260911\products\CH11934.json"
"CH14PL","LUBE","SKU_COLLISION_EXISTING","EL30014","REVIEW_LEGACY_PLACEHOLDER","LEGACY_UNVERIFIED_SLOT_WITH_DATA","0014","UNVERIFIED","","0","0","43","0","C:\Users\ELIMSERVER\world-catalogue\elimfilters-vault\91-private-evidence\fram-usa-ld-catalog\fram-usa-ld-full-20260911\products\CH14PL.json"
"CH191APL","LUBE","SKU_COLLISION_EXISTING","EL30191","REPLACE_EMPTY_PLACEHOLDER","LEGACY_EMPTY_UNVERIFIED_SLOT","0191","UNVERIFIED","","0","0","0","0","C:\Users\ELIMSERVER\world-catalogue\elimfilters-vault\91-private-evidence\fram-usa-ld-catalog\fram-usa-ld-full-20260911\products\CH191APL.json"
"CH200PL","LUBE","SKU_COLLISION_EXISTING","EL30200","REVIEW_LEGACY_PLACEHOLDER","LEGACY_UNVERIFIED_SLOT_WITH_DATA","0200","UNVERIFIED","","0","0","7","0","C:\Users\ELIMSERVER\world-catalogue\elimfilters-vault\91-private-evidence\fram-usa-ld-catalog\fram-usa-ld-full-20260911\products\CH200PL.json"
"CH211A","LUBE","SKU_COLLISION_EXISTING","EL30211","REVIEW_LEGACY_PLACEHOLDER","LEGACY_UNVERIFIED_SLOT_WITH_DATA","0211","UNVERIFIED","","0","1","174","6","C:\Users\ELIMSERVER\world-catalogue\elimfilters-vault\91-private-evidence\fram-usa-ld-catalog\fram-usa-ld-full-20260911\products\CH211A.json"
"CH236APL","LUBE","SKU_COLLISION_EXISTING","EL30236","REVIEW_LEGACY_PLACEHOLDER","LEGACY_UNVERIFIED_SLOT_WITH_DATA","0236","UNVERIFIED","","0","0","311","0","C:\Users\ELIMSERVER\world-catalogue\elimfilters-vault\91-private-evidence\fram-usa-ld-catalog\fram-usa-ld-full-20260911\products\CH236APL.json"
"CH6003","LUBE","SKU_COLLISION_EXISTING","EL36003","REPLACE_EMPTY_PLACEHOLDER","LEGACY_EMPTY_UNVERIFIED_SLOT","6003","UNVERIFIED","","0","0","0","0","C:\Users\ELIMSERVER\world-catalogue\elimfilters-vault\91-private-evidence\fram-usa-ld-catalog\fram-usa-ld-full-20260911\products\CH6003.json"
"CH6004","LUBE","SKU_COLLISION_EXISTING","EL36004","DISTINCT_COLLISION","CANONICAL_SLOT_OCCUPIED","HU6004X","UNVERIFIED","MANN-FILTER:HU6004X","0","0","24","0","C:\Users\ELIMSERVER\world-catalogue\elimfilters-vault\91-private-evidence\fram-usa-ld-catalog\fram-usa-ld-full-20260911\products\CH6004.json"
"CH6006","LUBE","INSUFFICIENT_EXISTING","EL36006","TRUE_QUARANTINE","SINGLE_WEAK_EXISTING_MATCH","6006","UNVERIFIED","","60","7","19","0","C:\Users\ELIMSERVER\world-catalogue\elimfilters-vault\91-private-evidence\fram-usa-ld-catalog\fram-usa-ld-full-20260911\products\CH6006.json"
"CH6007","LUBE","SKU_COLLISION_EXISTING","EL36007","REVIEW_LEGACY_PLACEHOLDER","LEGACY_UNVERIFIED_SLOT_WITH_DATA","6007","UNVERIFIED","","0","0","22","0","C:\Users\ELIMSERVER\world-catalogue\elimfilters-vault\91-private-evidence\fram-usa-ld-catalog\fram-usa-ld-full-20260911\products\CH6007.json"
"CH6009","LUBE","SKU_COLLISION_EXISTING","EL36009","REVIEW_LEGACY_PLACEHOLDER","LEGACY_UNVERIFIED_SLOT_WITH_DATA","6009","UNVERIFIED","","22","0","66","6","C:\Users\ELIMSERVER\world-catalogue\elimfilters-vault\91-private-evidence\fram-usa-ld-catalog\fram-usa-ld-full-20260911\products\CH6009.json"
"CH6012","LUBE","SKU_COLLISION_EXISTING","EL36012","DISTINCT_COLLISION","CANONICAL_SLOT_OCCUPIED","HU6012ZKIT","UNVERIFIED","MANN-FILTER:HU6012ZKIT","0","0","64","0","C:\Users\ELIMSERVER\world-catalogue\elimfilters-vault\91-private-evidence\fram-usa-ld-catalog\fram-usa-ld-full-20260911\products\CH6012.json"
"CH6014","LUBE","SKU_COLLISION_EXISTING","EL36014","DISTINCT_COLLISION","CANONICAL_SLOT_OCCUPIED","HU6014Z","UNVERIFIED","MANN-FILTER:HU6014Z","0","0","119","0","C:\Users\ELIMSERVER\world-catalogue\elimfilters-vault\91-private-evidence\fram-usa-ld-catalog\fram-usa-ld-full-20260911\products\CH6014.json"
"CH6015","LUBE","SKU_COLLISION_EXISTING","EL36015","DISTINCT_COLLISION","CANONICAL_SLOT_OCCUPIED","HU6015ZKIT","UNVERIFIED","MANN-FILTER:HU6015ZKIT","0","0","39","0","C:\Users\ELIMSERVER\world-catalogue\elimfilters-vault\91-private-evidence\fram-usa-ld-catalog\fram-usa-ld-full-20260911\products\CH6015.json"
"CH6103","LUBE","SKU_COLLISION_EXISTING","EL36103","REVIEW_LEGACY_PLACEHOLDER","LEGACY_UNVERIFIED_SLOT_WITH_DATA","6103","UNVERIFIED","","0","0","115","0","C:\Users\ELIMSERVER\world-catalogue\elimfilters-vault\91-private-evidence\fram-usa-ld-catalog\fram-usa-ld-full-20260911\products\CH6103.json"
"CH820PL","LUBE","SKU_COLLISION_EXISTING","EL30820","REVIEW_LEGACY_PLACEHOLDER","LEGACY_UNVERIFIED_SLOT_WITH_DATA","0820","UNVERIFIED","","0","0","34","0","C:\Users\ELIMSERVER\world-catalogue\elimfilters-vault\91-private-evidence\fram-usa-ld-catalog\fram-usa-ld-full-20260911\products\CH820PL.json"
"CH8481","LUBE","SKU_COLLISION_EXISTING","EL38481","DISTINCT_COLLISION","CANONICAL_SLOT_OCCUPIED","HU8481X","UNVERIFIED","MANN-FILTER:HU8481X","0","0","10","0","C:\Users\ELIMSERVER\world-catalogue\elimfilters-vault\91-private-evidence\fram-usa-ld-catalog\fram-usa-ld-full-20260911\products\CH8481.json"
"CH9301","LUBE","SKU_COLLISION_EXISTING","EL39301","REVIEW_LEGACY_PLACEHOLDER","LEGACY_UNVERIFIED_SLOT_WITH_DATA","9301","UNVERIFIED","","0","29","13","6","C:\Users\ELIMSERVER\world-catalogue\elimfilters-vault\91-private-evidence\fram-usa-ld-catalog\fram-usa-ld-full-20260911\products\CH9301.json"
"CH962PL","LUBE","SKU_COLLISION_EXISTING","EL30962","REVIEW_LEGACY_PLACEHOLDER","LEGACY_UNVERIFIED_SLOT_WITH_DATA","0962","UNVERIFIED","","0","0","555","0","C:\Users\ELIMSERVER\world-catalogue\elimfilters-vault\91-private-evidence\fram-usa-ld-catalog\fram-usa-ld-full-20260911\products\CH962PL.json"
"CH9641","LUBE","AMBIGUOUS_EXISTING","EL39641","TRUE_QUARANTINE","MULTIPLE_EXISTING_MATCHES","","","","0","0","0","0","C:\Users\ELIMSERVER\world-catalogue\elimfilters-vault\91-private-evidence\fram-usa-ld-catalog\fram-usa-ld-full-20260911\products\CH9641.json"
"CV10138","CABIN","FRAM_SKU_COLLISION","EC30138","DISTINCT_COLLISION","MULTIPLE_FRAM_AUTHORITIES_SAME_LAST4","","","","0","0","0","0","C:\Users\ELIMSERVER\world-catalogue\elimfilters-vault\91-private-evidence\fram-usa-ld-catalog\fram-usa-ld-full-20260911\products\CV10138.json"
"CV8392A","CABIN","FRAM_SKU_COLLISION","EC38392","DISTINCT_COLLISION","MULTIPLE_FRAM_AUTHORITIES_SAME_LAST4","","","","0","0","0","0","C:\Users\ELIMSERVER\world-catalogue\elimfilters-vault\91-private-evidence\fram-usa-ld-catalog\fram-usa-ld-full-20260911\products\CV8392A.json"
"FD5618","LUBE","INSUFFICIENT_EXISTING","EL35618","TRUE_QUARANTINE","SINGLE_WEAK_EXISTING_MATCH","","","","0","0","0","0","C:\Users\ELIMSERVER\world-catalogue\elimfilters-vault\91-private-evidence\fram-usa-ld-catalog\fram-usa-ld-full-20260911\products\FD5618.json"
"FDC10360C","CABIN","FRAM_SKU_COLLISION","EC30360","DISTINCT_COLLISION","MULTIPLE_FRAM_AUTHORITIES_SAME_LAST4","","","","0","0","1","0","C:\Users\ELIMSERVER\world-catalogue\elimfilters-vault\91-private-evidence\fram-usa-ld-catalog\fram-usa-ld-full-20260911\products\FDC10360C.json"
"FDC10364C","CABIN","FRAM_SKU_COLLISION","EC30364","DISTINCT_COLLISION","MULTIPLE_FRAM_AUTHORITIES_SAME_LAST4","","","","0","0","0","0","C:\Users\ELIMSERVER\world-catalogue\elimfilters-vault\91-private-evidence\fram-usa-ld-catalog\fram-usa-ld-full-20260911\products\FDC10364C.json"
"FDC10370C","CABIN","FRAM_SKU_COLLISION","EC30370","DISTINCT_COLLISION","MULTIPLE_FRAM_AUTHORITIES_SAME_LAST4","","","","0","0","0","0","C:\Users\ELIMSERVER\world-catalogue\elimfilters-vault\91-private-evidence\fram-usa-ld-catalog\fram-usa-ld-full-20260911\products\FDC10370C.json"
"FDC10373C","CABIN","FRAM_SKU_COLLISION","EC30373","DISTINCT_COLLISION","MULTIPLE_FRAM_AUTHORITIES_SAME_LAST4","","","","0","0","0","0","C:\Users\ELIMSERVER\world-catalogue\elimfilters-vault\91-private-evidence\fram-usa-ld-catalog\fram-usa-ld-full-20260911\products\FDC10373C.json"
"FDC10388C","CABIN","FRAM_SKU_COLLISION","EC30388","DISTINCT_COLLISION","MULTIPLE_FRAM_AUTHORITIES_SAME_LAST4","","","","0","0","0","0","C:\Users\ELIMSERVER\world-catalogue\elimfilters-vault\91-private-evidence\fram-usa-ld-catalog\fram-usa-ld-full-20260911\products\FDC10388C.json"
"FDC10436C","CABIN","FRAM_SKU_COLLISION","EC30436","DISTINCT_COLLISION","MULTIPLE_FRAM_AUTHORITIES_SAME_LAST4","","","","0","0","0","0","C:\Users\ELIMSERVER\world-catalogue\elimfilters-vault\91-private-evidence\fram-usa-ld-catalog\fram-usa-ld-full-20260911\products\FDC10436C.json"
"FDC10550C","CABIN","FRAM_SKU_COLLISION","EC30550","DISTINCT_COLLISION","MULTIPLE_FRAM_AUTHORITIES_SAME_LAST4","","","","0","0","0","0","C:\Users\ELIMSERVER\world-catalogue\elimfilters-vault\91-private-evidence\fram-usa-ld-catalog\fram-usa-ld-full-20260911\products\FDC10550C.json"
"FDC10727C","CABIN","FRAM_SKU_COLLISION","EC30727","DISTINCT_COLLISION","MULTIPLE_FRAM_AUTHORITIES_SAME_LAST4","","","","0","0","0","0","C:\Users\ELIMSERVER\world-catalogue\elimfilters-vault\91-private-evidence\fram-usa-ld-catalog\fram-usa-ld-full-20260911\products\FDC10727C.json"
"FDC10775C","CABIN","FRAM_SKU_COLLISION","EC30775","DISTINCT_COLLISION","MULTIPLE_FRAM_AUTHORITIES_SAME_LAST4","","","","0","0","0","0","C:\Users\ELIMSERVER\world-catalogue\elimfilters-vault\91-private-evidence\fram-usa-ld-catalog\fram-usa-ld-full-20260911\products\FDC10775C.json"
"FDC11173C","CABIN","INSUFFICIENT_EXISTING","EC31173","TRUE_QUARANTINE","SINGLE_WEAK_EXISTING_MATCH","","","","0","0","0","0","C:\Users\ELIMSERVER\world-catalogue\elimfilters-vault\91-private-evidence\fram-usa-ld-catalog\fram-usa-ld-full-20260911\products\FDC11173C.json"
"FDC11183C","CABIN","FRAM_SKU_COLLISION","EC31183","DISTINCT_COLLISION","MULTIPLE_FRAM_AUTHORITIES_SAME_LAST4","","","","0","0","0","0","C:\Users\ELIMSERVER\world-catalogue\elimfilters-vault\91-private-evidence\fram-usa-ld-catalog\fram-usa-ld-full-20260911\products\FDC11183C.json"
"FDC11643C","CABIN","FRAM_SKU_COLLISION","EC31643","DISTINCT_COLLISION","MULTIPLE_FRAM_AUTHORITIES_SAME_LAST4","","","","0","0","0","0","C:\Users\ELIMSERVER\world-catalogue\elimfilters-vault\91-private-evidence\fram-usa-ld-catalog\fram-usa-ld-full-20260911\products\FDC11643C.json"
"FDC11663C","CABIN","INSUFFICIENT_EXISTING","EC31663","TRUE_QUARANTINE","SINGLE_WEAK_EXISTING_MATCH","","","","0","0","0","0","C:\Users\ELIMSERVER\world-catalogue\elimfilters-vault\91-private-evidence\fram-usa-ld-catalog\fram-usa-ld-full-20260911\products\FDC11663C.json"
"FDC11719C","CABIN","FRAM_SKU_COLLISION","EC31719","DISTINCT_COLLISION","MULTIPLE_FRAM_AUTHORITIES_SAME_LAST4","","","","0","0","25","0","C:\Users\ELIMSERVER\world-catalogue\elimfilters-vault\91-private-evidence\fram-usa-ld-catalog\fram-usa-ld-full-20260911\products\FDC11719C.json"
"FDC11810C","CABIN","SKU_COLLISION_EXISTING","EC31810","REVIEW_LEGACY_PLACEHOLDER","LEGACY_UNVERIFIED_SLOT_WITH_DATA","1810","UNVERIFIED","","0","0","19","0","C:\Users\ELIMSERVER\world-catalogue\elimfilters-vault\91-private-evidence\fram-usa-ld-catalog\fram-usa-ld-full-20260911\products\FDC11810C.json"
"FDC11966C","CABIN","FRAM_SKU_COLLISION","EC31966","DISTINCT_COLLISION","MULTIPLE_FRAM_AUTHORITIES_SAME_LAST4","","","","0","0","0","0","C:\Users\ELIMSERVER\world-catalogue\elimfilters-vault\91-private-evidence\fram-usa-ld-catalog\fram-usa-ld-full-20260911\products\FDC11966C.json"
"FDC12150C","CABIN","FRAM_SKU_COLLISION","EC32150","DISTINCT_COLLISION","MULTIPLE_FRAM_AUTHORITIES_SAME_LAST4","","","","0","0","0","0","C:\Users\ELIMSERVER\world-catalogue\elimfilters-vault\91-private-evidence\fram-usa-ld-catalog\fram-usa-ld-full-20260911\products\FDC12150C.json"
"FDC12159C","CABIN","FRAM_SKU_COLLISION","EC32159","DISTINCT_COLLISION","MULTIPLE_FRAM_AUTHORITIES_SAME_LAST4","","","","0","0","0","0","C:\Users\ELIMSERVER\world-catalogue\elimfilters-vault\91-private-evidence\fram-usa-ld-catalog\fram-usa-ld-full-20260911\products\FDC12159C.json"
"FF10855","LUBE","FRAM_SKU_COLLISION","EL30855","DISTINCT_COLLISION","MULTIPLE_FRAM_AUTHORITIES_SAME_LAST4","","","","0","0","0","0","C:\Users\ELIMSERVER\world-catalogue\elimfilters-vault\91-private-evidence\fram-usa-ld-catalog\fram-usa-ld-full-20260911\products\FF10855.json"
"FF11934","LUBE","FRAM_SKU_COLLISION","EL31934","DISTINCT_COLLISION","MULTIPLE_FRAM_AUTHORITIES_SAME_LAST4","","","","0","0","0","0","C:\Users\ELIMSERVER\world-catalogue\elimfilters-vault\91-private-evidence\fram-usa-ld-catalog\fram-usa-ld-full-20260911\products\FF11934.json"
"FS10855","LUBE","FRAM_SKU_COLLISION","EL30855","DISTINCT_COLLISION","MULTIPLE_FRAM_AUTHORITIES_SAME_LAST4","","","","0","0","0","0","C:\Users\ELIMSERVER\world-catalogue\elimfilters-vault\91-private-evidence\fram-usa-ld-catalog\fram-usa-ld-full-20260911\products\FS10855.json"
"FS11934","LUBE","FRAM_SKU_COLLISION","EL31934","DISTINCT_COLLISION","MULTIPLE_FRAM_AUTHORITIES_SAME_LAST4","","","","0","0","0","0","C:\Users\ELIMSERVER\world-catalogue\elimfilters-vault\91-private-evidence\fram-usa-ld-catalog\fram-usa-ld-full-20260911\products\FS11934.json"
"FS8481","LUBE","SKU_COLLISION_EXISTING","EL38481","DISTINCT_COLLISION","CANONICAL_SLOT_OCCUPIED","HU8481X","UNVERIFIED","MANN-FILTER:HU8481X","0","0","10","0","C:\Users\ELIMSERVER\world-catalogue\elimfilters-vault\91-private-evidence\fram-usa-ld-catalog\fram-usa-ld-full-20260911\products\FS8481.json"
"G3802AFP","FUEL","INSUFFICIENT_EXISTING","EF33802","TRUE_QUARANTINE","SINGLE_WEAK_EXISTING_MATCH","3802","UNVERIFIED","","40","31","559","6","C:\Users\ELIMSERVER\world-catalogue\elimfilters-vault\91-private-evidence\fram-usa-ld-catalog\fram-usa-ld-full-20260911\products\G3802AFP.json"
"G3831","FUEL","INSUFFICIENT_EXISTING","EF33831","TRUE_QUARANTINE","SINGLE_WEAK_EXISTING_MATCH","","","","0","0","0","0","C:\Users\ELIMSERVER\world-catalogue\elimfilters-vault\91-private-evidence\fram-usa-ld-catalog\fram-usa-ld-full-20260911\products\G3831.json"
"G6462","FUEL","INSUFFICIENT_EXISTING","EF36462","TRUE_QUARANTINE","SINGLE_WEAK_EXISTING_MATCH","","","","0","0","0","0","C:\Users\ELIMSERVER\world-catalogue\elimfilters-vault\91-private-evidence\fram-usa-ld-catalog\fram-usa-ld-full-20260911\products\G6462.json"
"G7194","FUEL","INSUFFICIENT_EXISTING","EF37194","TRUE_QUARANTINE","SINGLE_WEAK_EXISTING_MATCH","","","","0","0","0","0","C:\Users\ELIMSERVER\world-catalogue\elimfilters-vault\91-private-evidence\fram-usa-ld-catalog\fram-usa-ld-full-20260911\products\G7194.json"
"G7196DP","FUEL","SKU_COLLISION_EXISTING","EF37196","REVIEW_LEGACY_PLACEHOLDER","LEGACY_UNVERIFIED_SLOT_WITH_DATA","7196","UNVERIFIED","","0","0","40","0","C:\Users\ELIMSERVER\world-catalogue\elimfilters-vault\91-private-evidence\fram-usa-ld-catalog\fram-usa-ld-full-20260911\products\G7196DP.json"
"G7355","FUEL","INSUFFICIENT_EXISTING","EF37355","TRUE_QUARANTINE","SINGLE_WEAK_EXISTING_MATCH","","","","0","0","0","0","C:\Users\ELIMSERVER\world-catalogue\elimfilters-vault\91-private-evidence\fram-usa-ld-catalog\fram-usa-ld-full-20260911\products\G7355.json"
"G7766","FUEL","INSUFFICIENT_EXISTING","EF37766","TRUE_QUARANTINE","SINGLE_WEAK_EXISTING_MATCH","","","","0","0","0","0","C:\Users\ELIMSERVER\world-catalogue\elimfilters-vault\91-private-evidence\fram-usa-ld-catalog\fram-usa-ld-full-20260911\products\G7766.json"
"G8008","FUEL","SKU_COLLISION_EXISTING","EF38008","DISTINCT_COLLISION","CANONICAL_SLOT_OCCUPIED","PU8008","UNVERIFIED","MANN-FILTER:PU8008","0","0","1","0","C:\Users\ELIMSERVER\world-catalogue\elimfilters-vault\91-private-evidence\fram-usa-ld-catalog\fram-usa-ld-full-20260911\products\G8008.json"
"G8018DP","FUEL","SKU_COLLISION_EXISTING","EF38018","REVIEW_LEGACY_PLACEHOLDER","LEGACY_UNVERIFIED_SLOT_WITH_DATA","8018","UNVERIFIED","","0","0","40","0","C:\Users\ELIMSERVER\world-catalogue\elimfilters-vault\91-private-evidence\fram-usa-ld-catalog\fram-usa-ld-full-20260911\products\G8018DP.json"
"G8086","FUEL","SKU_COLLISION_EXISTING","EF38086","DISTINCT_COLLISION","CANONICAL_SLOT_OCCUPIED","WK8086","UNVERIFIED","MANN-FILTER:WK8086","0","0","5","0","C:\Users\ELIMSERVER\world-catalogue\elimfilters-vault\91-private-evidence\fram-usa-ld-catalog\fram-usa-ld-full-20260911\products\G8086.json"
"G8116","FUEL","SKU_COLLISION_EXISTING","EF38116","REVIEW_LEGACY_PLACEHOLDER","LEGACY_UNVERIFIED_SLOT_WITH_DATA","8116","UNVERIFIED","","0","0","5","0","C:\Users\ELIMSERVER\world-catalogue\elimfilters-vault\91-private-evidence\fram-usa-ld-catalog\fram-usa-ld-full-20260911\products\G8116.json"
"G8122","FUEL","SKU_COLLISION_EXISTING","EF38122","REVIEW_LEGACY_PLACEHOLDER","LEGACY_UNVERIFIED_SLOT_WITH_DATA","8122","UNVERIFIED","","0","0","53","0","C:\Users\ELIMSERVER\world-catalogue\elimfilters-vault\91-private-evidence\fram-usa-ld-catalog\fram-usa-ld-full-20260911\products\G8122.json"
"G8219","FUEL","SKU_COLLISION_EXISTING","EF38219","REPLACE_EMPTY_PLACEHOLDER","LEGACY_EMPTY_UNVERIFIED_SLOT","8219","UNVERIFIED","","0","0","0","0","C:\Users\ELIMSERVER\world-catalogue\elimfilters-vault\91-private-evidence\fram-usa-ld-catalog\fram-usa-ld-full-20260911\products\G8219.json"
"G8228","FUEL","SKU_COLLISION_EXISTING","EF38228","REVIEW_LEGACY_PLACEHOLDER","LEGACY_UNVERIFIED_SLOT_WITH_DATA","8228","UNVERIFIED","","0","0","307","0","C:\Users\ELIMSERVER\world-catalogue\elimfilters-vault\91-private-evidence\fram-usa-ld-catalog\fram-usa-ld-full-20260911\products\G8228.json"
"PH10027","LUBE","SKU_COLLISION_EXISTING","EL30027","REVIEW_LEGACY_PLACEHOLDER","LEGACY_UNVERIFIED_SLOT_WITH_DATA","0027","UNVERIFIED","","0","0","3","0","C:\Users\ELIMSERVER\world-catalogue\elimfilters-vault\91-private-evidence\fram-usa-ld-catalog\fram-usa-ld-full-20260911\products\PH10027.json"
"PH10220","LUBE","SKU_COLLISION_EXISTING","EL30220","REVIEW_LEGACY_PLACEHOLDER","LEGACY_UNVERIFIED_SLOT_WITH_DATA","0220","UNVERIFIED","","0","1","49","6","C:\Users\ELIMSERVER\world-catalogue\elimfilters-vault\91-private-evidence\fram-usa-ld-catalog\fram-usa-ld-full-20260911\products\PH10220.json"
"PH10792","LUBE","SKU_COLLISION_EXISTING","EL30792","REVIEW_LEGACY_PLACEHOLDER","LEGACY_UNVERIFIED_SLOT_WITH_DATA","0792","UNVERIFIED","","0","0","152","0","C:\Users\ELIMSERVER\world-catalogue\elimfilters-vault\91-private-evidence\fram-usa-ld-catalog\fram-usa-ld-full-20260911\products\PH10792.json"
"PH10890","LUBE","INSUFFICIENT_EXISTING","EL30890","TRUE_QUARANTINE","SINGLE_WEAK_EXISTING_MATCH","","","","0","0","0","0","C:\Users\ELIMSERVER\world-catalogue\elimfilters-vault\91-private-evidence\fram-usa-ld-catalog\fram-usa-ld-full-20260911\products\PH10890.json"
"PH10950","LUBE","SKU_COLLISION_EXISTING","EL30950","REVIEW_LEGACY_PLACEHOLDER","LEGACY_UNVERIFIED_SLOT_WITH_DATA","0950","UNVERIFIED","","0","0","114","0","C:\Users\ELIMSERVER\world-catalogue\elimfilters-vault\91-private-evidence\fram-usa-ld-catalog\fram-usa-ld-full-20260911\products\PH10950.json"
"PH10951","LUBE","SKU_COLLISION_EXISTING","EL30951","DISTINCT_COLLISION","CANONICAL_SLOT_OCCUPIED","HU951X","UNVERIFIED","MANN-FILTER:HU951X","19","0","126","15","C:\Users\ELIMSERVER\world-catalogue\elimfilters-vault\91-private-evidence\fram-usa-ld-catalog\fram-usa-ld-full-20260911\products\PH10951.json"
"PH11605","LUBE","SKU_COLLISION_EXISTING","EL31605","REVIEW_LEGACY_PLACEHOLDER","LEGACY_UNVERIFIED_SLOT_WITH_DATA","1605","UNVERIFIED","","0","0","2","0","C:\Users\ELIMSERVER\world-catalogue\elimfilters-vault\91-private-evidence\fram-usa-ld-catalog\fram-usa-ld-full-20260911\products\PH11605.json"
"PH12747","LUBE","SKU_COLLISION_EXISTING","EL32747","REPLACE_EMPTY_PLACEHOLDER","LEGACY_EMPTY_UNVERIFIED_SLOT","2747","UNVERIFIED","","0","0","0","0","C:\Users\ELIMSERVER\world-catalogue\elimfilters-vault\91-private-evidence\fram-usa-ld-catalog\fram-usa-ld-full-20260911\products\PH12747.json"
"PH16","LUBE","AMBIGUOUS_EXISTING","EL30016","TRUE_QUARANTINE","MULTIPLE_EXISTING_MATCHES","0016","UNVERIFIED","","0","0","135","0","C:\Users\ELIMSERVER\world-catalogue\elimfilters-vault\91-private-evidence\fram-usa-ld-catalog\fram-usa-ld-full-20260911\products\PH16.json"
"PH21","LUBE","SKU_COLLISION_EXISTING","EL30021","REVIEW_LEGACY_PLACEHOLDER","LEGACY_UNVERIFIED_SLOT_WITH_DATA","0021","UNVERIFIED","","0","0","9","0","C:\Users\ELIMSERVER\world-catalogue\elimfilters-vault\91-private-evidence\fram-usa-ld-catalog\fram-usa-ld-full-20260911\products\PH21.json"
"PH2815","LUBE","INSUFFICIENT_EXISTING","EL32815","TRUE_QUARANTINE","SINGLE_WEAK_EXISTING_MATCH","","","","0","0","0","0","C:\Users\ELIMSERVER\world-catalogue\elimfilters-vault\91-private-evidence\fram-usa-ld-catalog\fram-usa-ld-full-20260911\products\PH2815.json"
"PH2870A","LUBE","AMBIGUOUS_EXISTING","EL32870","TRUE_QUARANTINE","MULTIPLE_EXISTING_MATCHES","","","","0","0","0","0","C:\Users\ELIMSERVER\world-catalogue\elimfilters-vault\91-private-evidence\fram-usa-ld-catalog\fram-usa-ld-full-20260911\products\PH2870A.json"
"PH2883","LUBE","SKU_COLLISION_EXISTING","EL32883","REVIEW_LEGACY_PLACEHOLDER","LEGACY_UNVERIFIED_SLOT_WITH_DATA","2883","UNVERIFIED","","0","0","10","0","C:\Users\ELIMSERVER\world-catalogue\elimfilters-vault\91-private-evidence\fram-usa-ld-catalog\fram-usa-ld-full-20260911\products\PH2883.json"
"PH3335","LUBE","AMBIGUOUS_EXISTING","EL33335","TRUE_QUARANTINE","MULTIPLE_EXISTING_MATCHES","","","","0","0","0","0","C:\Users\ELIMSERVER\world-catalogue\elimfilters-vault\91-private-evidence\fram-usa-ld-catalog\fram-usa-ld-full-20260911\products\PH3335.json"
"PH3506","LUBE","INSUFFICIENT_EXISTING","EL33506","TRUE_QUARANTINE","SINGLE_WEAK_EXISTING_MATCH","","","","0","0","0","0","C:\Users\ELIMSERVER\world-catalogue\elimfilters-vault\91-private-evidence\fram-usa-ld-catalog\fram-usa-ld-full-20260911\products\PH3506.json"
"PH3569","LUBE","INSUFFICIENT_EXISTING","EL33569","TRUE_QUARANTINE","SINGLE_WEAK_EXISTING_MATCH","","","","0","0","0","0","C:\Users\ELIMSERVER\world-catalogue\elimfilters-vault\91-private-evidence\fram-usa-ld-catalog\fram-usa-ld-full-20260911\products\PH3569.json"
"PH3616","LUBE","INSUFFICIENT_EXISTING","EL33616","TRUE_QUARANTINE","SINGLE_WEAK_EXISTING_MATCH","","","","0","0","0","0","C:\Users\ELIMSERVER\world-catalogue\elimfilters-vault\91-private-evidence\fram-usa-ld-catalog\fram-usa-ld-full-20260911\products\PH3616.json"
"PH3675","LUBE","INSUFFICIENT_EXISTING","EL33675","TRUE_QUARANTINE","SINGLE_WEAK_EXISTING_MATCH","","","","0","0","0","0","C:\Users\ELIMSERVER\world-catalogue\elimfilters-vault\91-private-evidence\fram-usa-ld-catalog\fram-usa-ld-full-20260911\products\PH3675.json"
"PH3690","LUBE","INSUFFICIENT_EXISTING","EL33690","TRUE_QUARANTINE","SINGLE_WEAK_EXISTING_MATCH","","","","0","0","0","0","C:\Users\ELIMSERVER\world-catalogue\elimfilters-vault\91-private-evidence\fram-usa-ld-catalog\fram-usa-ld-full-20260911\products\PH3690.json"
"PH42A","LUBE","AMBIGUOUS_EXISTING","EL30042","TRUE_QUARANTINE","MULTIPLE_EXISTING_MATCHES","","","","0","0","0","0","C:\Users\ELIMSERVER\world-catalogue\elimfilters-vault\91-private-evidence\fram-usa-ld-catalog\fram-usa-ld-full-20260911\products\PH42A.json"
"PH4386","LUBE","AMBIGUOUS_EXISTING","EL34386","TRUE_QUARANTINE","MULTIPLE_EXISTING_MATCHES","","","","0","0","0","0","C:\Users\ELIMSERVER\world-catalogue\elimfilters-vault\91-private-evidence\fram-usa-ld-catalog\fram-usa-ld-full-20260911\products\PH4386.json"
"PH46","LUBE","INSUFFICIENT_EXISTING","EL30046","TRUE_QUARANTINE","SINGLE_WEAK_EXISTING_MATCH","","","","0","0","0","0","C:\Users\ELIMSERVER\world-catalogue\elimfilters-vault\91-private-evidence\fram-usa-ld-catalog\fram-usa-ld-full-20260911\products\PH46.json"
"PH5343","LUBE","INSUFFICIENT_EXISTING","EL35343","TRUE_QUARANTINE","SINGLE_WEAK_EXISTING_MATCH","","","","0","0","0","0","C:\Users\ELIMSERVER\world-catalogue\elimfilters-vault\91-private-evidence\fram-usa-ld-catalog\fram-usa-ld-full-20260911\products\PH5343.json"
"PH5964","LUBE","AMBIGUOUS_EXISTING","EL35964","TRUE_QUARANTINE","MULTIPLE_EXISTING_MATCHES","","","","0","0","0","0","C:\Users\ELIMSERVER\world-catalogue\elimfilters-vault\91-private-evidence\fram-usa-ld-catalog\fram-usa-ld-full-20260911\products\PH5964.json"
"PH6019","LUBE","SKU_COLLISION_EXISTING","EL36019","REVIEW_LEGACY_PLACEHOLDER","LEGACY_UNVERIFIED_SLOT_WITH_DATA","6019","UNVERIFIED","","184","41","40","0","C:\Users\ELIMSERVER\world-catalogue\elimfilters-vault\91-private-evidence\fram-usa-ld-catalog\fram-usa-ld-full-20260911\products\PH6019.json"
"PH7136","LUBE","INSUFFICIENT_EXISTING","EL37136","TRUE_QUARANTINE","SINGLE_WEAK_EXISTING_MATCH","7136","UNVERIFIED","","0","0","0","0","C:\Users\ELIMSERVER\world-catalogue\elimfilters-vault\91-private-evidence\fram-usa-ld-catalog\fram-usa-ld-full-20260911\products\PH7136.json"
"PH7138","LUBE","SKU_COLLISION_EXISTING","EL37138","REPLACE_EMPTY_PLACEHOLDER","LEGACY_EMPTY_UNVERIFIED_SLOT","7138","UNVERIFIED","","0","0","0","0","C:\Users\ELIMSERVER\world-catalogue\elimfilters-vault\91-private-evidence\fram-usa-ld-catalog\fram-usa-ld-full-20260911\products\PH7138.json"
"PH7317","LUBE","INSUFFICIENT_EXISTING","EL37317","TRUE_QUARANTINE","SINGLE_WEAK_EXISTING_MATCH","","","","0","0","0","0","C:\Users\ELIMSERVER\world-catalogue\elimfilters-vault\91-private-evidence\fram-usa-ld-catalog\fram-usa-ld-full-20260911\products\PH7317.json"
"PH8A","LUBE","AMBIGUOUS_EXISTING","EL30008","TRUE_QUARANTINE","MULTIPLE_EXISTING_MATCHES","0008","UNVERIFIED","","0","0","163","0","C:\Users\ELIMSERVER\world-catalogue\elimfilters-vault\91-private-evidence\fram-usa-ld-catalog\fram-usa-ld-full-20260911\products\PH8A.json"
"PH9100","LUBE","SKU_COLLISION_EXISTING","EL39100","REVIEW_LEGACY_PLACEHOLDER","LEGACY_UNVERIFIED_SLOT_WITH_DATA","9100","UNVERIFIED","","0","0","1","0","C:\Users\ELIMSERVER\world-catalogue\elimfilters-vault\91-private-evidence\fram-usa-ld-catalog\fram-usa-ld-full-20260911\products\PH9100.json"
"PH9376","LUBE","INSUFFICIENT_EXISTING","EL39376","TRUE_QUARANTINE","SINGLE_WEAK_EXISTING_MATCH","","","","0","0","0","0","C:\Users\ELIMSERVER\world-catalogue\elimfilters-vault\91-private-evidence\fram-usa-ld-catalog\fram-usa-ld-full-20260911\products\PH9376.json"
"PH966B","LUBE","AMBIGUOUS_EXISTING","EL30966","TRUE_QUARANTINE","MULTIPLE_EXISTING_MATCHES","","","","0","0","0","0","C:\Users\ELIMSERVER\world-catalogue\elimfilters-vault\91-private-evidence\fram-usa-ld-catalog\fram-usa-ld-full-20260911\products\PH966B.json"
"PH977A","LUBE","INSUFFICIENT_EXISTING","EL30977","TRUE_QUARANTINE","SINGLE_WEAK_EXISTING_MATCH","","","","0","0","0","0","C:\Users\ELIMSERVER\world-catalogue\elimfilters-vault\91-private-evidence\fram-usa-ld-catalog\fram-usa-ld-full-20260911\products\PH977A.json"
"PH9837","LUBE","INSUFFICIENT_EXISTING","EL39837","TRUE_QUARANTINE","SINGLE_WEAK_EXISTING_MATCH","","","","0","0","0","0","C:\Users\ELIMSERVER\world-catalogue\elimfilters-vault\91-private-evidence\fram-usa-ld-catalog\fram-usa-ld-full-20260911\products\PH9837.json"