"grupo","sku_produccion","referencia_produccion","fabricante","estado_produccion","tipo","explicacion","prueba","destino_historico","destino_confirmado_5441","candidato_no_aprobado","url_anterior","estado_http_anterior","location_301_real","301_correcto","url_destino","estado_http_destino","decision_operador"
"72","EA10016","AF26001","","UNVERIFIED","air","Ausencia sin traza directa; coincidencia de referencia no autoriza consolidación","SIN_TRAZA_DIRECTA","","","EA16001","https://elimfilters.com/products/ea10016/","404","","false","https://elimfilters.com/products/ea16001/","404",""
"72","EA10464","P124046","Donaldson","VERIFIED","air","Ausencia sin traza directa; coincidencia de referencia no autoriza consolidación","SIN_TRAZA_DIRECTA","","","EA11935","https://elimfilters.com/products/ea10464/","404","","false","https://elimfilters.com/products/ea11935/","404",""
"322","EA106488","P606488","DONALDSON","VERIFIED","air","Ausencia sin traza directa; coincidencia de referencia no autoriza consolidación","SIN_TRAZA_DIRECTA","","","EA14728","https://elimfilters.com/products/ea106488/","404","","false","https://elimfilters.com/products/ea14728/","404",""
"322","EA108665","P608665","DONALDSON","VERIFIED","air","Ausencia sin traza directa; coincidencia de referencia no autoriza consolidación","SIN_TRAZA_DIRECTA","","","EA14203","https://elimfilters.com/products/ea108665/","404","","false","https://elimfilters.com/products/ea14203/","404",""
"72","EA11012","P544950","Donaldson","VERIFIED","air","Ausencia sin traza directa; coincidencia de referencia no autoriza consolidación","SIN_TRAZA_DIRECTA","","","EA16417","https://elimfilters.com/products/ea11012/","404","","false","https://elimfilters.com/products/ea16417/","404",""
"72","EA11164","P526411","Donaldson","VERIFIED","air","Ausencia sin traza directa; coincidencia de referencia no autoriza consolidación","SIN_TRAZA_DIRECTA","","","EA14536","https://elimfilters.com/products/ea11164/","404","","false","https://elimfilters.com/products/ea14536/","404",""
"322","EA121575","P821575","DONALDSON","VERIFIED","air","Ausencia sin traza directa; coincidencia de referencia no autoriza consolidación","SIN_TRAZA_DIRECTA","","","EA15551","https://elimfilters.com/products/ea121575/","404","","false","https://elimfilters.com/products/ea15551/","404",""
"72","EA16735","AF25673KM","","UNVERIFIED","air","Ausencia sin traza directa; coincidencia de referencia no autoriza consolidación","SIN_TRAZA_DIRECTA","","","EA15673","https://elimfilters.com/products/ea16735/","404","","false","https://elimfilters.com/products/ea15673/","404",""
"72","EA18095","AF55809","","UNVERIFIED","air","Ausencia sin traza directa; coincidencia de referencia no autoriza consolidación","SIN_TRAZA_DIRECTA","","","EA15809","https://elimfilters.com/products/ea18095/","404","","false","https://elimfilters.com/products/ea15809/","404",""
"72","EA36724","FP6724","","UNVERIFIED","air","Ausencia sin traza directa; coincidencia de referencia no autoriza consolidación","SIN_TRAZA_DIRECTA","","","EC31934","https://elimfilters.com/products/ea36724/","404","","false","https://elimfilters.com/products/ec31934/","404",""
"72","EF30404","P550404","","UNVERIFIED","fuel","Reclasificación/renumeración de combustible documentada; conserva referencia","AUDITORIA_INGESTA_COMBUSTIBLE_20260917","EF90404","EF90404","","https://elimfilters.com/products/ef30404/","404","","false","https://elimfilters.com/products/ef90404/","404",""
"72","EF90011","ST1001","","UNVERIFIED","fuel","Ausencia sin traza directa; coincidencia de referencia no autoriza consolidación","SIN_TRAZA_DIRECTA","","","EF91001","https://elimfilters.com/products/ef90011/","404","","false","https://elimfilters.com/products/ef91001/","404",""
"322","EF90106","P550106","DONALDSON","VERIFIED","fuel","Reclasificación/renumeración de combustible documentada; conserva referencia","AUDITORIA_INGESTA_COMBUSTIBLE_20260917","ES90106","ES90106","","https://elimfilters.com/products/ef90106/","404","","false","https://elimfilters.com/products/es90106/","404",""
"322","EF90108","P550108","DONALDSON","VERIFIED","fuel","Reclasificación/renumeración de combustible documentada; conserva referencia","AUDITORIA_INGESTA_COMBUSTIBLE_20260917","ES90108","ES90108","","https://elimfilters.com/products/ef90108/","404","","false","https://elimfilters.com/products/es90108/","404",""
"322","EF90215","P550215","DONALDSON","VERIFIED","fuel","Reclasificación/renumeración de combustible documentada; conserva referencia","AUDITORIA_INGESTA_COMBUSTIBLE_20260917","ES90215","ES90215","","https://elimfilters.com/products/ef90215/","404","","false","https://elimfilters.com/products/es90215/","404",""
"322","EF90248","P550248","DONALDSON","VERIFIED","fuel","Reclasificación/renumeración de combustible documentada; conserva referencia","AUDITORIA_INGESTA_COMBUSTIBLE_20260917","ES90248","ES90248","","https://elimfilters.com/products/ef90248/","404","","false","https://elimfilters.com/products/es90248/","404",""
"322","EF90316","P550316","DONALDSON","VERIFIED","fuel","Reclasificación/renumeración de combustible documentada; conserva referencia","AUDITORIA_INGESTA_COMBUSTIBLE_20260917","ES90316","ES90316","","https://elimfilters.com/products/ef90316/","404","","false","https://elimfilters.com/products/es90316/","404",""
"72","EF90335","TF15033","","UNVERIFIED","fuel","Ausencia sin traza directa; coincidencia de referencia no autoriza consolidación","SIN_TRAZA_DIRECTA","","","EF95033","https://elimfilters.com/products/ef90335/","404","","false","https://elimfilters.com/products/ef95033/","404",""
"322","EF90348","P550348","DONALDSON","VERIFIED","fuel","Reclasificación/renumeración de combustible documentada; conserva referencia","AUDITORIA_INGESTA_COMBUSTIBLE_20260917","ES90348","ES90348","","https://elimfilters.com/products/ef90348/","404","","false","https://elimfilters.com/products/es90348/","404",""
"322","EF90352","P550352","DONALDSON","VERIFIED","fuel","Reclasificación/renumeración de combustible documentada; conserva referencia","AUDITORIA_INGESTA_COMBUSTIBLE_20260917","ES90352","ES90352","","https://elimfilters.com/products/ef90352/","404","","false","https://elimfilters.com/products/es90352/","404",""
"322","EF90365","P550365","DONALDSON","VERIFIED","fuel","Reclasificación/renumeración de combustible documentada; conserva referencia","AUDITORIA_INGESTA_COMBUSTIBLE_20260917","ES90365","ES90365","","https://elimfilters.com/products/ef90365/","404","","false","https://elimfilters.com/products/es90365/","404",""
"322","EF90368","P550368","DONALDSON","VERIFIED","fuel","Reclasificación/renumeración de combustible documentada; conserva referencia","AUDITORIA_INGESTA_COMBUSTIBLE_20260917","ES90368","ES90368","","https://elimfilters.com/products/ef90368/","404","","false","https://elimfilters.com/products/es90368/","404",""
"322","EF90385","P550385","DONALDSON","VERIFIED","fuel","Reclasificación/renumeración de combustible documentada; conserva referencia","AUDITORIA_INGESTA_COMBUSTIBLE_20260917","ES90385","ES90385","","https://elimfilters.com/products/ef90385/","404","","false","https://elimfilters.com/products/es90385/","404",""
"322","EF90390","P550390","DONALDSON","VERIFIED","fuel","Reclasificación/renumeración de combustible documentada; conserva referencia","AUDITORIA_INGESTA_COMBUSTIBLE_20260917","ES90390","ES90390","","https://elimfilters.com/products/ef90390/","404","","false","https://elimfilters.com/products/es90390/","404",""
"322","EF90391","P550391","DONALDSON","VERIFIED","fuel","Reclasificación/renumeración de combustible documentada; conserva referencia","AUDITORIA_INGESTA_COMBUSTIBLE_20260917","ES90391","ES90391","","https://elimfilters.com/products/ef90391/","404","","false","https://elimfilters.com/products/es90391/","404",""
"72","EF90415","TF15041","","UNVERIFIED","fuel","Ausencia sin traza directa; coincidencia de referencia no autoriza consolidación","SIN_TRAZA_DIRECTA","","","EF95041","https://elimfilters.com/products/ef90415/","404","","false","https://elimfilters.com/products/ef95041/","404",""
"322","EF90447","P550447","DONALDSON","VERIFIED","fuel","Reclasificación/renumeración de combustible documentada; conserva referencia","AUDITORIA_INGESTA_COMBUSTIBLE_20260917","ES90447","ES90447","","https://elimfilters.com/products/ef90447/","404","","false","https://elimfilters.com/products/es90447/","404",""
"322","EF90463","P550463","DONALDSON","VERIFIED","fuel","Reclasificación/renumeración de combustible documentada; conserva referencia","AUDITORIA_INGESTA_COMBUSTIBLE_20260917","ES90463","ES90463","","https://elimfilters.com/products/ef90463/","404","","false","https://elimfilters.com/products/es90463/","404",""
"322","EF90467","P550467","DONALDSON","VERIFIED","fuel","Reclasificación/renumeración de combustible documentada; conserva referencia","AUDITORIA_INGESTA_COMBUSTIBLE_20260917","ES90467","ES90467","","https://elimfilters.com/products/ef90467/","404","","false","https://elimfilters.com/products/es90467/","404",""
"322","EF90547","P550547","DONALDSON","VERIFIED","fuel","Reclasificación/renumeración de combustible documentada; conserva referencia","AUDITORIA_INGESTA_COMBUSTIBLE_20260917","ES90547","ES90547","","https://elimfilters.com/products/ef90547/","404","","false","https://elimfilters.com/products/es90547/","404",""
"322","EF90550","P550550","DONALDSON","VERIFIED","fuel","Reclasificación/renumeración de combustible documentada; conserva referencia","AUDITORIA_INGESTA_COMBUSTIBLE_20260917","ES90550","ES90550","","https://elimfilters.com/products/ef90550/","404","","false","https://elimfilters.com/products/es90550/","404",""
"322","EF90587","P550587","DONALDSON","VERIFIED","fuel","Reclasificación/renumeración de combustible documentada; conserva referencia","AUDITORIA_INGESTA_COMBUSTIBLE_20260917","ES90587","ES90587","","https://elimfilters.com/products/ef90587/","404","","false","https://elimfilters.com/products/es90587/","404",""
"322","EF90588","P550588","DONALDSON","VERIFIED","fuel","Reclasificación/renumeración de combustible documentada; conserva referencia","AUDITORIA_INGESTA_COMBUSTIBLE_20260917","ES90588","ES90588","","https://elimfilters.com/products/ef90588/","404","","false","https://elimfilters.com/products/es90588/","404",""
"322","EF90607","P550607","DONALDSON","VERIFIED","fuel","Reclasificación/renumeración de combustible documentada; conserva referencia","AUDITORIA_INGESTA_COMBUSTIBLE_20260917","ES90607","ES90607","","https://elimfilters.com/products/ef90607/","404","","false","https://elimfilters.com/products/es90607/","404",""
"72","EF90625","TF15062","","UNVERIFIED","fuel","Ausencia sin traza directa; coincidencia de referencia no autoriza consolidación","SIN_TRAZA_DIRECTA","","","EF95062","https://elimfilters.com/products/ef90625/","404","","false","https://elimfilters.com/products/ef95062/","404",""
"322","EF90657","P550657","DONALDSON","VERIFIED","fuel","Reclasificación/renumeración de combustible documentada; conserva referencia","AUDITORIA_INGESTA_COMBUSTIBLE_20260917","ES90657","ES90657","","https://elimfilters.com/products/ef90657/","404","","false","https://elimfilters.com/products/es90657/","404",""
"322","EF90665","P550665","DONALDSON","VERIFIED","fuel","Reclasificación/renumeración de combustible documentada; conserva referencia","AUDITORIA_INGESTA_COMBUSTIBLE_20260917","ES90665","ES90665","","https://elimfilters.com/products/ef90665/","404","","false","https://elimfilters.com/products/es90665/","404",""
"322","EF90674","P550674","DONALDSON","VERIFIED","fuel","Reclasificación/renumeración de combustible documentada; conserva referencia","AUDITORIA_INGESTA_COMBUSTIBLE_20260917","ES90674","ES90674","","https://elimfilters.com/products/ef90674/","404","","false","https://elimfilters.com/products/es90674/","404",""
"322","EF90683","P920683","DONALDSON","VERIFIED","fuel","Reclasificación/renumeración de combustible documentada; conserva referencia","AUDITORIA_INGESTA_COMBUSTIBLE_20260917","ES90683","ES90683","","https://elimfilters.com/products/ef90683/","404","","false","https://elimfilters.com/products/es90683/","404",""
"322","EF90685","P550685","DONALDSON","VERIFIED","fuel","Reclasificación/renumeración de combustible documentada; conserva referencia","AUDITORIA_INGESTA_COMBUSTIBLE_20260917","ES90685","ES90685","","https://elimfilters.com/products/ef90685/","404","","false","https://elimfilters.com/products/es90685/","404",""
"322","EF90686","P550686","DONALDSON","VERIFIED","fuel","Reclasificación/renumeración de combustible documentada; conserva referencia","AUDITORIA_INGESTA_COMBUSTIBLE_20260917","ES90686","ES90686","","https://elimfilters.com/products/ef90686/","404","","false","https://elimfilters.com/products/es90686/","404",""
"322","EF90688","P550688","DONALDSON","VERIFIED","fuel","Reclasificación/renumeración de combustible documentada; conserva referencia","AUDITORIA_INGESTA_COMBUSTIBLE_20260917","ES90688","ES90688","","https://elimfilters.com/products/ef90688/","404","","false","https://elimfilters.com/products/es90688/","404",""
"322","EF90690","P550690","DONALDSON","VERIFIED","fuel","Reclasificación/renumeración de combustible documentada; conserva referencia","AUDITORIA_INGESTA_COMBUSTIBLE_20260917","ES90690","ES90690","","https://elimfilters.com/products/ef90690/","404","","false","https://elimfilters.com/products/es90690/","404",""
"322","EF90691","P550691","DONALDSON","VERIFIED","fuel","Reclasificación/renumeración de combustible documentada; conserva referencia","AUDITORIA_INGESTA_COMBUSTIBLE_20260917","ES90691","ES90691","","https://elimfilters.com/products/ef90691/","404","","false","https://elimfilters.com/products/es90691/","404",""
"322","EF90710","DBF0710","DONALDSON","VERIFIED","fuel","Reclasificación/renumeración de combustible documentada; conserva referencia","AUDITORIA_INGESTA_COMBUSTIBLE_20260917","ES90710","ES90710","","https://elimfilters.com/products/ef90710/","404","","false","https://elimfilters.com/products/es90710/","404",""
"322","EF90711","P920711","DONALDSON","VERIFIED","fuel","Reclasificación/renumeración de combustible documentada; conserva referencia","AUDITORIA_INGESTA_COMBUSTIBLE_20260917","ES90711","ES90711","","https://elimfilters.com/products/ef90711/","404","","false","https://elimfilters.com/products/es90711/","404",""
"322","EF90729","P550729","DONALDSON","VERIFIED","fuel","Reclasificación/renumeración de combustible documentada; conserva referencia","AUDITORIA_INGESTA_COMBUSTIBLE_20260917","ES90729","ES90729","","https://elimfilters.com/products/ef90729/","404","","false","https://elimfilters.com/products/es90729/","404",""
"322","EF90736","P550736","DONALDSON","VERIFIED","fuel","Reclasificación/renumeración de combustible documentada; conserva referencia","AUDITORIA_INGESTA_COMBUSTIBLE_20260917","ES90736","ES90736","","https://elimfilters.com/products/ef90736/","404","","false","https://elimfilters.com/products/es90736/","404",""
"322","EF90737","P550737","DONALDSON","VERIFIED","fuel","Reclasificación/renumeración de combustible documentada; conserva referencia","AUDITORIA_INGESTA_COMBUSTIBLE_20260917","ES90737","ES90737","","https://elimfilters.com/products/ef90737/","404","","false","https://elimfilters.com/products/es90737/","404",""
"72","EF90745","FF5074","","UNVERIFIED","fuel","Ausencia sin traza directa; coincidencia de referencia no autoriza consolidación","SIN_TRAZA_DIRECTA","","","EF95074","https://elimfilters.com/products/ef90745/","404","","false","https://elimfilters.com/products/ef95074/","404",""
"322","EF90753","P550753","DONALDSON","VERIFIED","fuel","Reclasificación/renumeración de combustible documentada; conserva referencia","AUDITORIA_INGESTA_COMBUSTIBLE_20260917","ES90753","ES90753","","https://elimfilters.com/products/ef90753/","404","","false","https://elimfilters.com/products/es90753/","404",""
"72","EF90755","TF15075","","UNVERIFIED","fuel","Ausencia sin traza directa; coincidencia de referencia no autoriza consolidación","SIN_TRAZA_DIRECTA","","","EF95075","https://elimfilters.com/products/ef90755/","404","","false","https://elimfilters.com/products/ef95075/","404",""
"322","EF90785","P550785","DONALDSON","VERIFIED","fuel","Reclasificación/renumeración de combustible documentada; conserva referencia","AUDITORIA_INGESTA_COMBUSTIBLE_20260917","ES90785","ES90785","","https://elimfilters.com/products/ef90785/","404","","false","https://elimfilters.com/products/es90785/","404",""
"322","EF90800","P550800","DONALDSON","VERIFIED","fuel","Reclasificación/renumeración de combustible documentada; conserva referencia","AUDITORIA_INGESTA_COMBUSTIBLE_20260917","ES90800","ES90800","","https://elimfilters.com/products/ef90800/","404","","false","https://elimfilters.com/products/es90800/","404",""
"322","EF90824","P550824","DONALDSON","VERIFIED","fuel","Reclasificación/renumeración de combustible documentada; conserva referencia","AUDITORIA_INGESTA_COMBUSTIBLE_20260917","ES90824","ES90824","","https://elimfilters.com/products/ef90824/","404","","false","https://elimfilters.com/products/es90824/","404",""
"322","EF90828","P550828","DONALDSON","VERIFIED","fuel","Reclasificación/renumeración de combustible documentada; conserva referencia","AUDITORIA_INGESTA_COMBUSTIBLE_20260917","ES90828","ES90828","","https://elimfilters.com/products/ef90828/","404","","false","https://elimfilters.com/products/es90828/","404",""
"322","EF90833","P550833","DONALDSON","VERIFIED","fuel","Reclasificación/renumeración de combustible documentada; conserva referencia","AUDITORIA_INGESTA_COMBUSTIBLE_20260917","ES90833","ES90833","","https://elimfilters.com/products/ef90833/","404","","false","https://elimfilters.com/products/es90833/","404",""
"322","EF90834","P550834","DONALDSON","VERIFIED","fuel","Reclasificación/renumeración de combustible documentada; conserva referencia","AUDITORIA_INGESTA_COMBUSTIBLE_20260917","ES90834","ES90834","","https://elimfilters.com/products/ef90834/","404","","false","https://elimfilters.com/products/es90834/","404",""
"322","EF90849","P550849","DONALDSON","VERIFIED","fuel","Reclasificación/renumeración de combustible documentada; conserva referencia","AUDITORIA_INGESTA_COMBUSTIBLE_20260917","ES90849","ES90849","","https://elimfilters.com/products/ef90849/","404","","false","https://elimfilters.com/products/es90849/","404",""
"322","EF90851","P550851","DONALDSON","VERIFIED","fuel","Reclasificación/renumeración de combustible documentada; conserva referencia","AUDITORIA_INGESTA_COMBUSTIBLE_20260917","ES90851","ES90851","","https://elimfilters.com/products/ef90851/","404","","false","https://elimfilters.com/products/es90851/","404",""
"322","EF90853","P550853","DONALDSON","VERIFIED","fuel","Reclasificación/renumeración de combustible documentada; conserva referencia","AUDITORIA_INGESTA_COMBUSTIBLE_20260917","ES90853","ES90853","","https://elimfilters.com/products/ef90853/","404","","false","https://elimfilters.com/products/es90853/","404",""
"322","EF90868","P550868","DONALDSON","VERIFIED","fuel","Reclasificación/renumeración de combustible documentada; conserva referencia","AUDITORIA_INGESTA_COMBUSTIBLE_20260917","ES90868","ES90868","","https://elimfilters.com/products/ef90868/","404","","false","https://elimfilters.com/products/es90868/","404",""
"322","EF90899","P550899","DONALDSON","VERIFIED","fuel","Reclasificación/renumeración de combustible documentada; conserva referencia","AUDITORIA_INGESTA_COMBUSTIBLE_20260917","ES90899","ES90899","","https://elimfilters.com/products/ef90899/","404","","false","https://elimfilters.com/products/es90899/","404",""
"322","EF90900","P550900","DONALDSON","VERIFIED","fuel","Reclasificación/renumeración de combustible documentada; conserva referencia","AUDITORIA_INGESTA_COMBUSTIBLE_20260917","ES90900","ES90900","","https://elimfilters.com/products/ef90900/","404","","false","https://elimfilters.com/products/es90900/","404",""
"322","EF90901","P550901","DONALDSON","VERIFIED","fuel","Reclasificación/renumeración de combustible documentada; conserva referencia","AUDITORIA_INGESTA_COMBUSTIBLE_20260917","ES90901","ES90901","","https://elimfilters.com/products/ef90901/","404","","false","https://elimfilters.com/products/es90901/","404",""
"322","EF90904","P550904","DONALDSON","VERIFIED","fuel","Reclasificación/renumeración de combustible documentada; conserva referencia","AUDITORIA_INGESTA_COMBUSTIBLE_20260917","ES90904","ES90904","","https://elimfilters.com/products/ef90904/","404","","false","https://elimfilters.com/products/es90904/","404",""
"322","EF90907","P550907","DONALDSON","VERIFIED","fuel","Reclasificación/renumeración de combustible documentada; conserva referencia; destino histórico ausente, candidato actual pendiente de confirmar","AUDITORIA_INGESTA_COMBUSTIBLE_20260917","ES9907","","ES90907","https://elimfilters.com/products/ef90907/","404","","false","https://elimfilters.com/products/es90907/","404",""
"322","EF90908","P550908","DONALDSON","VERIFIED","fuel","Reclasificación/renumeración de combustible documentada; conserva referencia","AUDITORIA_INGESTA_COMBUSTIBLE_20260917","ES90908","ES90908","","https://elimfilters.com/products/ef90908/","404","","false","https://elimfilters.com/products/es90908/","404",""
"322","EF90914","P550914","DONALDSON","VERIFIED","fuel","Reclasificación/renumeración de combustible documentada; conserva referencia","AUDITORIA_INGESTA_COMBUSTIBLE_20260917","ES90914","ES90914","","https://elimfilters.com/products/ef90914/","404","","false","https://elimfilters.com/products/es90914/","404",""
"322","EF90929","P550929","DONALDSON","VERIFIED","fuel","Reclasificación/renumeración de combustible documentada; conserva referencia","AUDITORIA_INGESTA_COMBUSTIBLE_20260917","ES90929","ES90929","","https://elimfilters.com/products/ef90929/","404","","false","https://elimfilters.com/products/es90929/","404",""
"322","EF90930","P550930","DONALDSON","VERIFIED","fuel","Reclasificación/renumeración de combustible documentada; conserva referencia","AUDITORIA_INGESTA_COMBUSTIBLE_20260917","ES90930","ES90930","","https://elimfilters.com/products/ef90930/","404","","false","https://elimfilters.com/products/es90930/","404",""
"322","EF90931","P550931","DONALDSON","VERIFIED","fuel","Reclasificación/renumeración de combustible documentada; conserva referencia","AUDITORIA_INGESTA_COMBUSTIBLE_20260917","ES90931","ES90931","","https://elimfilters.com/products/ef90931/","404","","false","https://elimfilters.com/products/es90931/","404",""
"322","EF90937","P550937","DONALDSON","VERIFIED","fuel","Reclasificación/renumeración de combustible documentada; conserva referencia","AUDITORIA_INGESTA_COMBUSTIBLE_20260917","ES90937","ES90937","","https://elimfilters.com/products/ef90937/","404","","false","https://elimfilters.com/products/es90937/","404",""
"322","EF90944","P550944","DONALDSON","VERIFIED","fuel","Reclasificación/renumeración de combustible documentada; conserva referencia","AUDITORIA_INGESTA_COMBUSTIBLE_20260917","ES90944","ES90944","","https://elimfilters.com/products/ef90944/","404","","false","https://elimfilters.com/products/es90944/","404",""
"322","EF90966","P550966","DONALDSON","VERIFIED","fuel","Reclasificación/renumeración de combustible documentada; conserva referencia","AUDITORIA_INGESTA_COMBUSTIBLE_20260917","ES90966","ES90966","","https://elimfilters.com/products/ef90966/","404","","false","https://elimfilters.com/products/es90966/","404",""
"322","EF91010","P551010","DONALDSON","VERIFIED","fuel","Reclasificación/renumeración de combustible documentada; conserva referencia","AUDITORIA_INGESTA_COMBUSTIBLE_20260917","ES91010","ES91010","","https://elimfilters.com/products/ef91010/","404","","false","https://elimfilters.com/products/es91010/","404",""
"322","EF91011","P551011","DONALDSON","VERIFIED","fuel","Reclasificación/renumeración de combustible documentada; conserva referencia","AUDITORIA_INGESTA_COMBUSTIBLE_20260917","ES91011","ES91011","","https://elimfilters.com/products/ef91011/","404","","false","https://elimfilters.com/products/es91011/","404",""
"322","EF91028","P551028","DONALDSON","VERIFIED","fuel","Reclasificación/renumeración de combustible documentada; conserva referencia","AUDITORIA_INGESTA_COMBUSTIBLE_20260917","ES91028","ES91028","","https://elimfilters.com/products/ef91028/","404","","false","https://elimfilters.com/products/es91028/","404",""
"322","EF91033","P551033","DONALDSON","VERIFIED","fuel","Reclasificación/renumeración de combustible documentada; conserva referencia","AUDITORIA_INGESTA_COMBUSTIBLE_20260917","ES91033","ES91033","","https://elimfilters.com/products/ef91033/","404","","false","https://elimfilters.com/products/es91033/","404",""
"322","EF91034","P551034","DONALDSON","VERIFIED","fuel","Reclasificación/renumeración de combustible documentada; conserva referencia","AUDITORIA_INGESTA_COMBUSTIBLE_20260917","ES91034","ES91034","","https://elimfilters.com/products/ef91034/","404","","false","https://elimfilters.com/products/es91034/","404",""
"322","EF91039","P551039","DONALDSON","VERIFIED","fuel","Reclasificación/renumeración de combustible documentada; conserva referencia","AUDITORIA_INGESTA_COMBUSTIBLE_20260917","ES91039","ES91039","","https://elimfilters.com/products/ef91039/","404","","false","https://elimfilters.com/products/es91039/","404",""
"322","EF91048","P551048","DONALDSON","VERIFIED","fuel","Reclasificación/renumeración de combustible documentada; conserva referencia","AUDITORIA_INGESTA_COMBUSTIBLE_20260917","ES91048","ES91048","","https://elimfilters.com/products/ef91048/","404","","false","https://elimfilters.com/products/es91048/","404",""
"322","EF91052","P551052","DONALDSON","VERIFIED","fuel","Reclasificación/renumeración de combustible documentada; conserva referencia","AUDITORIA_INGESTA_COMBUSTIBLE_20260917","ES91052","ES91052","","https://elimfilters.com/products/ef91052/","404","","false","https://elimfilters.com/products/es91052/","404",""
"322","EF91057","P551057","DONALDSON","VERIFIED","fuel","Reclasificación/renumeración de combustible documentada; conserva referencia","AUDITORIA_INGESTA_COMBUSTIBLE_20260917","ES91057","ES91057","","https://elimfilters.com/products/ef91057/","404","","false","https://elimfilters.com/products/es91057/","404",""
"322","EF91065","P551065","DONALDSON","VERIFIED","fuel","Reclasificación/renumeración de combustible documentada; conserva referencia","AUDITORIA_INGESTA_COMBUSTIBLE_20260917","ES9551065","ES9551065","","https://elimfilters.com/products/ef91065/","404","","false","https://elimfilters.com/products/es9551065/","404",""
"322","EF91066","P551066","DONALDSON","VERIFIED","fuel","Reclasificación/renumeración de combustible documentada; conserva referencia","AUDITORIA_INGESTA_COMBUSTIBLE_20260917","ES91066","ES91066","","https://elimfilters.com/products/ef91066/","404","","false","https://elimfilters.com/products/es91066/","404",""
"322","EF91067","P551067","DONALDSON","VERIFIED","fuel","Reclasificación/renumeración de combustible documentada; conserva referencia","AUDITORIA_INGESTA_COMBUSTIBLE_20260917","ES91067","ES91067","","https://elimfilters.com/products/ef91067/","404","","false","https://elimfilters.com/products/es91067/","404",""
"322","EF91075","P551075","DONALDSON","VERIFIED","fuel","Reclasificación/renumeración de combustible documentada; conserva referencia","AUDITORIA_INGESTA_COMBUSTIBLE_20260917","ES91075","ES91075","","https://elimfilters.com/products/ef91075/","404","","false","https://elimfilters.com/products/es91075/","404",""
"322","EF91076","P551076","DONALDSON","VERIFIED","fuel","Reclasificación/renumeración de combustible documentada; conserva referencia","AUDITORIA_INGESTA_COMBUSTIBLE_20260917","ES91076","ES91076","","https://elimfilters.com/products/ef91076/","404","","false","https://elimfilters.com/products/es91076/","404",""
"322","EF91099","P551099","DONALDSON","VERIFIED","fuel","Reclasificación/renumeración de combustible documentada; conserva referencia","AUDITORIA_INGESTA_COMBUSTIBLE_20260917","ES91099","ES91099","","https://elimfilters.com/products/ef91099/","404","","false","https://elimfilters.com/products/es91099/","404",""
"322","EF91110","P551110","DONALDSON","VERIFIED","fuel","Reclasificación/renumeración de combustible documentada; conserva referencia","AUDITORIA_INGESTA_COMBUSTIBLE_20260917","ES91110","ES91110","","https://elimfilters.com/products/ef91110/","404","","false","https://elimfilters.com/products/es91110/","404",""
"322","EF91115","P551115","DONALDSON","VERIFIED","fuel","Reclasificación/renumeración de combustible documentada; conserva referencia","AUDITORIA_INGESTA_COMBUSTIBLE_20260917","ES91115","ES91115","","https://elimfilters.com/products/ef91115/","404","","false","https://elimfilters.com/products/es91115/","404",""
"322","EF91329","P551329","DONALDSON","VERIFIED","fuel","Reclasificación/renumeración de combustible documentada; conserva referencia","AUDITORIA_INGESTA_COMBUSTIBLE_20260917","ES91329","ES91329","","https://elimfilters.com/products/ef91329/","404","","false","https://elimfilters.com/products/es91329/","404",""
"322","EF91335","P551335","DONALDSON","VERIFIED","fuel","Reclasificación/renumeración de combustible documentada; conserva referencia","AUDITORIA_INGESTA_COMBUSTIBLE_20260917","ES91335","ES91335","","https://elimfilters.com/products/ef91335/","404","","false","https://elimfilters.com/products/es91335/","404",""
"322","EF91351","P551351","DONALDSON","VERIFIED","fuel","Reclasificación/renumeración de combustible documentada; conserva referencia","AUDITORIA_INGESTA_COMBUSTIBLE_20260917","ES91351","ES91351","","https://elimfilters.com/products/ef91351/","404","","false","https://elimfilters.com/products/es91351/","404",""
"322","EF91354","P551354","DONALDSON","VERIFIED","fuel","Reclasificación/renumeración de combustible documentada; conserva referencia","AUDITORIA_INGESTA_COMBUSTIBLE_20260917","ES91354","ES91354","","https://elimfilters.com/products/ef91354/","404","","false","https://elimfilters.com/products/es91354/","404",""
"322","EF91421","P551421","DONALDSON","VERIFIED","fuel","Reclasificación/renumeración de combustible documentada; conserva referencia","AUDITORIA_INGESTA_COMBUSTIBLE_20260917","ES91421","ES91421","","https://elimfilters.com/products/ef91421/","404","","false","https://elimfilters.com/products/es91421/","404",""
"322","EF91422","P551422","DONALDSON","VERIFIED","fuel","Reclasificación/renumeración de combustible documentada; conserva referencia","AUDITORIA_INGESTA_COMBUSTIBLE_20260917","ES91422","ES91422","","https://elimfilters.com/products/ef91422/","404","","false","https://elimfilters.com/products/es91422/","404",""
"322","EF91423","P551423","DONALDSON","VERIFIED","fuel","Reclasificación/renumeración de combustible documentada; conserva referencia","AUDITORIA_INGESTA_COMBUSTIBLE_20260917","ES91423","ES91423","","https://elimfilters.com/products/ef91423/","404","","false","https://elimfilters.com/products/es91423/","404",""
"322","EF91424","P551424","DONALDSON","VERIFIED","fuel","Reclasificación/renumeración de combustible documentada; conserva referencia","AUDITORIA_INGESTA_COMBUSTIBLE_20260917","ES91424","ES91424","","https://elimfilters.com/products/ef91424/","404","","false","https://elimfilters.com/products/es91424/","404",""
"322","EF91425","P551425","DONALDSON","VERIFIED","fuel","Reclasificación/renumeración de combustible documentada; conserva referencia","AUDITORIA_INGESTA_COMBUSTIBLE_20260917","ES91425","ES91425","","https://elimfilters.com/products/ef91425/","404","","false","https://elimfilters.com/products/es91425/","404",""
"322","EF91426","P551426","DONALDSON","VERIFIED","fuel","Reclasificación/renumeración de combustible documentada; conserva referencia","AUDITORIA_INGESTA_COMBUSTIBLE_20260917","ES91426","ES91426","","https://elimfilters.com/products/ef91426/","404","","false","https://elimfilters.com/products/es91426/","404",""
"322","EF91427","P551427","DONALDSON","VERIFIED","fuel","Reclasificación/renumeración de combustible documentada; conserva referencia","AUDITORIA_INGESTA_COMBUSTIBLE_20260917","ES91427","ES91427","","https://elimfilters.com/products/ef91427/","404","","false","https://elimfilters.com/products/es91427/","404",""
"322","EF91428","P551428","DONALDSON","VERIFIED","fuel","Reclasificación/renumeración de combustible documentada; conserva referencia","AUDITORIA_INGESTA_COMBUSTIBLE_20260917","ES91428","ES91428","","https://elimfilters.com/products/ef91428/","404","","false","https://elimfilters.com/products/es91428/","404",""
"322","EF91429","P551429","DONALDSON","VERIFIED","fuel","Reclasificación/renumeración de combustible documentada; conserva referencia","AUDITORIA_INGESTA_COMBUSTIBLE_20260917","ES91429","ES91429","","https://elimfilters.com/products/ef91429/","404","","false","https://elimfilters.com/products/es91429/","404",""
"322","EF91430","P551430","DONALDSON","VERIFIED","fuel","Reclasificación/renumeración de combustible documentada; conserva referencia","AUDITORIA_INGESTA_COMBUSTIBLE_20260917","ES91430","ES91430","","https://elimfilters.com/products/ef91430/","404","","false","https://elimfilters.com/products/es91430/","404",""
"322","EF91431","P551431","DONALDSON","VERIFIED","fuel","Reclasificación/renumeración de combustible documentada; conserva referencia","AUDITORIA_INGESTA_COMBUSTIBLE_20260917","ES91431","ES91431","","https://elimfilters.com/products/ef91431/","404","","false","https://elimfilters.com/products/es91431/","404",""
"322","EF91432","P551432","DONALDSON","VERIFIED","fuel","Reclasificación/renumeración de combustible documentada; conserva referencia","AUDITORIA_INGESTA_COMBUSTIBLE_20260917","ES91432","ES91432","","https://elimfilters.com/products/ef91432/","404","","false","https://elimfilters.com/products/es91432/","404",""
"322","EF91433","P551433","DONALDSON","VERIFIED","fuel","Reclasificación/renumeración de combustible documentada; conserva referencia","AUDITORIA_INGESTA_COMBUSTIBLE_20260917","ES91433","ES91433","","https://elimfilters.com/products/ef91433/","404","","false","https://elimfilters.com/products/es91433/","404",""
"322","EF91434","P551434","DONALDSON","VERIFIED","fuel","Reclasificación/renumeración de combustible documentada; conserva referencia","AUDITORIA_INGESTA_COMBUSTIBLE_20260917","ES91434","ES91434","","https://elimfilters.com/products/ef91434/","404","","false","https://elimfilters.com/products/es91434/","404",""
"322","EF91435","P551435","DONALDSON","VERIFIED","fuel","Reclasificación/renumeración de combustible documentada; conserva referencia","AUDITORIA_INGESTA_COMBUSTIBLE_20260917","ES91435","ES91435","","https://elimfilters.com/products/ef91435/","404","","false","https://elimfilters.com/products/es91435/","404",""
"322","EF91436","P551436","DONALDSON","VERIFIED","fuel","Reclasificación/renumeración de combustible documentada; conserva referencia","AUDITORIA_INGESTA_COMBUSTIBLE_20260917","ES91436","ES91436","","https://elimfilters.com/products/ef91436/","404","","false","https://elimfilters.com/products/es91436/","404",""
"322","EF91437","P551437","DONALDSON","VERIFIED","fuel","Reclasificación/renumeración de combustible documentada; conserva referencia","AUDITORIA_INGESTA_COMBUSTIBLE_20260917","ES91437","ES91437","","https://elimfilters.com/products/ef91437/","404","","false","https://elimfilters.com/products/es91437/","404",""
"322","EF91615","P551615","DONALDSON","VERIFIED","fuel","Reclasificación/renumeración de combustible documentada; conserva referencia","AUDITORIA_INGESTA_COMBUSTIBLE_20260917","ES91615","ES91615","","https://elimfilters.com/products/ef91615/","404","","false","https://elimfilters.com/products/es91615/","404",""
"322","EF91619","R011619","DONALDSON","VERIFIED","fuel","Reclasificación/renumeración de combustible documentada; conserva referencia","AUDITORIA_INGESTA_COMBUSTIBLE_20260917","ES91619","ES91619","","https://elimfilters.com/products/ef91619/","404","","false","https://elimfilters.com/products/es91619/","404",""
"322","EF91744","P551744","DONALDSON","VERIFIED","fuel","Reclasificación/renumeración de combustible documentada; conserva referencia","AUDITORIA_INGESTA_COMBUSTIBLE_20260917","ES91744","ES91744","","https://elimfilters.com/products/ef91744/","404","","false","https://elimfilters.com/products/es91744/","404",""
"322","EF91746","P551746","DONALDSON","VERIFIED","fuel","Reclasificación/renumeración de combustible documentada; conserva referencia","AUDITORIA_INGESTA_COMBUSTIBLE_20260917","ES91746","ES91746","","https://elimfilters.com/products/ef91746/","404","","false","https://elimfilters.com/products/es91746/","404",""
"322","EF91752","P551752","DONALDSON","VERIFIED","fuel","Reclasificación/renumeración de combustible documentada; conserva referencia","AUDITORIA_INGESTA_COMBUSTIBLE_20260917","ES91752","ES91752","","https://elimfilters.com/products/ef91752/","404","","false","https://elimfilters.com/products/es91752/","404",""
"322","EF91801","P551801","DONALDSON","VERIFIED","fuel","Reclasificación/renumeración de combustible documentada; conserva referencia","AUDITORIA_INGESTA_COMBUSTIBLE_20260917","ES91801","ES91801","","https://elimfilters.com/products/ef91801/","404","","false","https://elimfilters.com/products/es91801/","404",""
"322","EF91802","P551802","DONALDSON","VERIFIED","fuel","Reclasificación/renumeración de combustible documentada; conserva referencia","AUDITORIA_INGESTA_COMBUSTIBLE_20260917","ES91802","ES91802","","https://elimfilters.com/products/ef91802/","404","","false","https://elimfilters.com/products/es91802/","404",""
"322","EF91803","P551803","DONALDSON","VERIFIED","fuel","Reclasificación/renumeración de combustible documentada; conserva referencia","AUDITORIA_INGESTA_COMBUSTIBLE_20260917","ES91803","ES91803","","https://elimfilters.com/products/ef91803/","404","","false","https://elimfilters.com/products/es91803/","404",""
"322","EF91820","P551820","DONALDSON","VERIFIED","fuel","Reclasificación/renumeración de combustible documentada; conserva referencia","AUDITORIA_INGESTA_COMBUSTIBLE_20260917","ES91820","ES91820","","https://elimfilters.com/products/ef91820/","404","","false","https://elimfilters.com/products/es91820/","404",""
"322","EF91822","P551822","DONALDSON","VERIFIED","fuel","Reclasificación/renumeración de combustible documentada; conserva referencia","AUDITORIA_INGESTA_COMBUSTIBLE_20260917","ES91822","ES91822","","https://elimfilters.com/products/ef91822/","404","","false","https://elimfilters.com/products/es91822/","404",""
"322","EF91833","P551833","DONALDSON","VERIFIED","fuel","Reclasificación/renumeración de combustible documentada; conserva referencia","AUDITORIA_INGESTA_COMBUSTIBLE_20260917","ES91833","ES91833","","https://elimfilters.com/products/ef91833/","404","","false","https://elimfilters.com/products/es91833/","404",""
"322","EF91838","P551838","DONALDSON","VERIFIED","fuel","Reclasificación/renumeración de combustible documentada; conserva referencia","AUDITORIA_INGESTA_COMBUSTIBLE_20260917","ES91838","ES91838","","https://elimfilters.com/products/ef91838/","404","","false","https://elimfilters.com/products/es91838/","404",""
"322","EF91840","P551840","DONALDSON","VERIFIED","fuel","Reclasificación/renumeración de combustible documentada; conserva referencia","AUDITORIA_INGESTA_COMBUSTIBLE_20260917","ES91840","ES91840","","https://elimfilters.com/products/ef91840/","404","","false","https://elimfilters.com/products/es91840/","404",""
"322","EF91843","P551843","DONALDSON","VERIFIED","fuel","Reclasificación/renumeración de combustible documentada; conserva referencia","AUDITORIA_INGESTA_COMBUSTIBLE_20260917","ES91843","ES91843","","https://elimfilters.com/products/ef91843/","404","","false","https://elimfilters.com/products/es91843/","404",""
"322","EF91846","P551846","DONALDSON","VERIFIED","fuel","Reclasificación/renumeración de combustible documentada; conserva referencia","AUDITORIA_INGESTA_COMBUSTIBLE_20260917","ES91846","ES91846","","https://elimfilters.com/products/ef91846/","404","","false","https://elimfilters.com/products/es91846/","404",""
"322","EF91847","P551847","DONALDSON","VERIFIED","fuel","Reclasificación/renumeración de combustible documentada; conserva referencia","AUDITORIA_INGESTA_COMBUSTIBLE_20260917","ES91847","ES91847","","https://elimfilters.com/products/ef91847/","404","","false","https://elimfilters.com/products/es91847/","404",""
"322","EF91864","P551864","DONALDSON","VERIFIED","fuel","Reclasificación/renumeración de combustible documentada; conserva referencia","AUDITORIA_INGESTA_COMBUSTIBLE_20260917","ES91864","ES91864","","https://elimfilters.com/products/ef91864/","404","","false","https://elimfilters.com/products/es91864/","404",""
"322","EF92014","P552014","DONALDSON","VERIFIED","fuel","Reclasificación/renumeración de combustible documentada; conserva referencia","AUDITORIA_INGESTA_COMBUSTIBLE_20260917","ES92014","ES92014","","https://elimfilters.com/products/ef92014/","404","","false","https://elimfilters.com/products/es92014/","404",""
"322","EF92020","P552020","DONALDSON","VERIFIED","fuel","Reclasificación/renumeración de combustible documentada; conserva referencia","AUDITORIA_INGESTA_COMBUSTIBLE_20260917","ES92020","ES92020","","https://elimfilters.com/products/ef92020/","404","","false","https://elimfilters.com/products/es92020/","404",""
"322","EF92023","P552023","DONALDSON","VERIFIED","fuel","Reclasificación/renumeración de combustible documentada; conserva referencia","AUDITORIA_INGESTA_COMBUSTIBLE_20260917","ES92023","ES92023","","https://elimfilters.com/products/ef92023/","404","","false","https://elimfilters.com/products/es92023/","404",""
"322","EF92024","P552024","DONALDSON","VERIFIED","fuel","Reclasificación/renumeración de combustible documentada; conserva referencia","AUDITORIA_INGESTA_COMBUSTIBLE_20260917","ES92024","ES92024","","https://elimfilters.com/products/ef92024/","404","","false","https://elimfilters.com/products/es92024/","404",""
"322","EF920967","P920967","DONALDSON","VERIFIED","fuel","Reclasificación/renumeración de combustible documentada; conserva referencia","AUDITORIA_INGESTA_COMBUSTIBLE_20260917","ES90967","ES90967","","https://elimfilters.com/products/ef920967/","404","","false","https://elimfilters.com/products/es90967/","404",""
"322","EF92142","P502142","DONALDSON","VERIFIED","fuel","Reclasificación/renumeración de combustible documentada; conserva referencia","AUDITORIA_INGESTA_COMBUSTIBLE_20260917","ES92142","ES92142","","https://elimfilters.com/products/ef92142/","404","","false","https://elimfilters.com/products/es92142/","404",""
"322","EF92149","P502149","DONALDSON","VERIFIED","fuel","Reclasificación/renumeración de combustible documentada; conserva referencia","AUDITORIA_INGESTA_COMBUSTIBLE_20260917","ES92149","ES92149","","https://elimfilters.com/products/ef92149/","404","","false","https://elimfilters.com/products/es92149/","404",""
"322","EF92157","P502157","DONALDSON","VERIFIED","fuel","Reclasificación/renumeración de combustible documentada; conserva referencia","AUDITORIA_INGESTA_COMBUSTIBLE_20260917","ES92157","ES92157","","https://elimfilters.com/products/ef92157/","404","","false","https://elimfilters.com/products/es92157/","404",""
"322","EF92158","P502158","DONALDSON","VERIFIED","fuel","Reclasificación/renumeración de combustible documentada; conserva referencia","AUDITORIA_INGESTA_COMBUSTIBLE_20260917","ES92158","ES92158","","https://elimfilters.com/products/ef92158/","404","","false","https://elimfilters.com/products/es92158/","404",""
"322","EF92167","P502167","DONALDSON","VERIFIED","fuel","Reclasificación/renumeración de combustible documentada; conserva referencia","AUDITORIA_INGESTA_COMBUSTIBLE_20260917","ES92167","ES92167","","https://elimfilters.com/products/ef92167/","404","","false","https://elimfilters.com/products/es92167/","404",""
"322","EF92177","P502177","DONALDSON","VERIFIED","fuel","Reclasificación/renumeración de combustible documentada; conserva referencia","AUDITORIA_INGESTA_COMBUSTIBLE_20260917","ES92177","ES92177","","https://elimfilters.com/products/ef92177/","404","","false","https://elimfilters.com/products/es92177/","404",""
"322","EF92216","P552216","DONALDSON","VERIFIED","fuel","Reclasificación/renumeración de combustible documentada; conserva referencia","AUDITORIA_INGESTA_COMBUSTIBLE_20260917","ES92216","ES92216","","https://elimfilters.com/products/ef92216/","404","","false","https://elimfilters.com/products/es92216/","404",""
"322","EF92374","P552374","DONALDSON","VERIFIED","fuel","Reclasificación/renumeración de combustible documentada; conserva referencia","AUDITORIA_INGESTA_COMBUSTIBLE_20260917","ES92374","ES92374","","https://elimfilters.com/products/ef92374/","404","","false","https://elimfilters.com/products/es92374/","404",""
"322","EF92377","P582377","DONALDSON","VERIFIED","fuel","Reclasificación/renumeración de combustible documentada; conserva referencia","AUDITORIA_INGESTA_COMBUSTIBLE_20260917","ES92377","ES92377","","https://elimfilters.com/products/ef92377/","404","","false","https://elimfilters.com/products/es92377/","404",""
"322","EF92404","P502404","DONALDSON","VERIFIED","fuel","Reclasificación/renumeración de combustible documentada; conserva referencia","AUDITORIA_INGESTA_COMBUSTIBLE_20260917","ES92404","ES92404","","https://elimfilters.com/products/ef92404/","404","","false","https://elimfilters.com/products/es92404/","404",""
"322","EF92405","P552405","DONALDSON","VERIFIED","fuel","Reclasificación/renumeración de combustible documentada; conserva referencia","AUDITORIA_INGESTA_COMBUSTIBLE_20260917","ES92405","ES92405","","https://elimfilters.com/products/ef92405/","404","","false","https://elimfilters.com/products/es92405/","404",""
"322","EF92422","P502422","DONALDSON","VERIFIED","fuel","Reclasificación/renumeración de combustible documentada; conserva referencia","AUDITORIA_INGESTA_COMBUSTIBLE_20260917","ES92422","ES92422","","https://elimfilters.com/products/ef92422/","404","","false","https://elimfilters.com/products/es92422/","404",""
"322","EF92424","P502424","DONALDSON","VERIFIED","fuel","Reclasificación/renumeración de combustible documentada; conserva referencia","AUDITORIA_INGESTA_COMBUSTIBLE_20260917","ES92424","ES92424","","https://elimfilters.com/products/ef92424/","404","","false","https://elimfilters.com/products/es92424/","404",""
"322","EF92486","P502486","DONALDSON","VERIFIED","fuel","Reclasificación/renumeración de combustible documentada; conserva referencia","AUDITORIA_INGESTA_COMBUSTIBLE_20260917","ES92486","ES92486","","https://elimfilters.com/products/ef92486/","404","","false","https://elimfilters.com/products/es92486/","404",""
"322","EF92489","P502489","DONALDSON","VERIFIED","fuel","Reclasificación/renumeración de combustible documentada; conserva referencia","AUDITORIA_INGESTA_COMBUSTIBLE_20260917","ES92489","ES92489","","https://elimfilters.com/products/ef92489/","404","","false","https://elimfilters.com/products/es92489/","404",""
"322","EF92500","P582500","DONALDSON","VERIFIED","fuel","Reclasificación/renumeración de combustible documentada; conserva referencia","AUDITORIA_INGESTA_COMBUSTIBLE_20260917","ES92500","ES92500","","https://elimfilters.com/products/ef92500/","404","","false","https://elimfilters.com/products/es92500/","404",""
"322","EF92517","P502517","DONALDSON","VERIFIED","fuel","Reclasificación/renumeración de combustible documentada; conserva referencia","AUDITORIA_INGESTA_COMBUSTIBLE_20260917","ES92517","ES92517","","https://elimfilters.com/products/ef92517/","404","","false","https://elimfilters.com/products/es92517/","404",""
"322","EF92566","P502566","DONALDSON","VERIFIED","fuel","Reclasificación/renumeración de combustible documentada; conserva referencia","AUDITORIA_INGESTA_COMBUSTIBLE_20260917","ES92566","ES92566","","https://elimfilters.com/products/ef92566/","404","","false","https://elimfilters.com/products/es92566/","404",""
"322","EF92709","P552709","DONALDSON","VERIFIED","fuel","Reclasificación/renumeración de combustible documentada; conserva referencia","AUDITORIA_INGESTA_COMBUSTIBLE_20260917","ES92709","ES92709","","https://elimfilters.com/products/ef92709/","404","","false","https://elimfilters.com/products/es92709/","404",""
"322","EF92851","P552851","DONALDSON","VERIFIED","fuel","Reclasificación/renumeración de combustible documentada; conserva referencia","AUDITORIA_INGESTA_COMBUSTIBLE_20260917","ES92851","ES92851","","https://elimfilters.com/products/ef92851/","404","","false","https://elimfilters.com/products/es92851/","404",""
"322","EF92852","P552852","DONALDSON","VERIFIED","fuel","Reclasificación/renumeración de combustible documentada; conserva referencia","AUDITORIA_INGESTA_COMBUSTIBLE_20260917","ES92852","ES92852","","https://elimfilters.com/products/ef92852/","404","","false","https://elimfilters.com/products/es92852/","404",""
"322","EF92853","P552853","DONALDSON","VERIFIED","fuel","Reclasificación/renumeración de combustible documentada; conserva referencia","AUDITORIA_INGESTA_COMBUSTIBLE_20260917","ES92853","ES92853","","https://elimfilters.com/products/ef92853/","404","","false","https://elimfilters.com/products/es92853/","404",""
"322","EF92854","P552854","DONALDSON","VERIFIED","fuel","Reclasificación/renumeración de combustible documentada; conserva referencia","AUDITORIA_INGESTA_COMBUSTIBLE_20260917","ES92854","ES92854","","https://elimfilters.com/products/ef92854/","404","","false","https://elimfilters.com/products/es92854/","404",""
"322","EF92855","P552855","DONALDSON","VERIFIED","fuel","Reclasificación/renumeración de combustible documentada; conserva referencia","AUDITORIA_INGESTA_COMBUSTIBLE_20260917","ES92855","ES92855","","https://elimfilters.com/products/ef92855/","404","","false","https://elimfilters.com/products/es92855/","404",""
"322","EF92856","P552856","DONALDSON","VERIFIED","fuel","Reclasificación/renumeración de combustible documentada; conserva referencia","AUDITORIA_INGESTA_COMBUSTIBLE_20260917","ES92856","ES92856","","https://elimfilters.com/products/ef92856/","404","","false","https://elimfilters.com/products/es92856/","404",""
"322","EF92857","P552857","DONALDSON","VERIFIED","fuel","Reclasificación/renumeración de combustible documentada; conserva referencia","AUDITORIA_INGESTA_COMBUSTIBLE_20260917","ES92857","ES92857","","https://elimfilters.com/products/ef92857/","404","","false","https://elimfilters.com/products/es92857/","404",""
"322","EF92858","P552858","DONALDSON","VERIFIED","fuel","Reclasificación/renumeración de combustible documentada; conserva referencia","AUDITORIA_INGESTA_COMBUSTIBLE_20260917","ES92858","ES92858","","https://elimfilters.com/products/ef92858/","404","","false","https://elimfilters.com/products/es92858/","404",""
"322","EF92859","P552859","DONALDSON","VERIFIED","fuel","Reclasificación/renumeración de combustible documentada; conserva referencia","AUDITORIA_INGESTA_COMBUSTIBLE_20260917","ES92859","ES92859","","https://elimfilters.com/products/ef92859/","404","","false","https://elimfilters.com/products/es92859/","404",""
"322","EF92952","P552952","DONALDSON","VERIFIED","fuel","Reclasificación/renumeración de combustible documentada; conserva referencia","AUDITORIA_INGESTA_COMBUSTIBLE_20260917","ES92952","ES92952","","https://elimfilters.com/products/ef92952/","404","","false","https://elimfilters.com/products/es92952/","404",""
"322","EF93020","P553020","DONALDSON","VERIFIED","fuel","Reclasificación/renumeración de combustible documentada; conserva referencia","AUDITORIA_INGESTA_COMBUSTIBLE_20260917","ES93020","ES93020","","https://elimfilters.com/products/ef93020/","404","","false","https://elimfilters.com/products/es93020/","404",""
"322","EF93023","P553023","DONALDSON","VERIFIED","fuel","Reclasificación/renumeración de combustible documentada; conserva referencia","AUDITORIA_INGESTA_COMBUSTIBLE_20260917","ES93023","ES93023","","https://elimfilters.com/products/ef93023/","404","","false","https://elimfilters.com/products/es93023/","404",""
"322","EF93024","P553024","DONALDSON","VERIFIED","fuel","Reclasificación/renumeración de combustible documentada; conserva referencia","AUDITORIA_INGESTA_COMBUSTIBLE_20260917","ES93024","ES93024","","https://elimfilters.com/products/ef93024/","404","","false","https://elimfilters.com/products/es93024/","404",""
"322","EF93040","P553040","DONALDSON","VERIFIED","fuel","Reclasificación/renumeración de combustible documentada; conserva referencia","AUDITORIA_INGESTA_COMBUSTIBLE_20260917","ES93040","ES93040","","https://elimfilters.com/products/ef93040/","404","","false","https://elimfilters.com/products/es93040/","404",""
"322","EF93043","P553043","DONALDSON","VERIFIED","fuel","Reclasificación/renumeración de combustible documentada; conserva referencia","AUDITORIA_INGESTA_COMBUSTIBLE_20260917","ES93043","ES93043","","https://elimfilters.com/products/ef93043/","404","","false","https://elimfilters.com/products/es93043/","404",""
"322","EF93044","P553044","DONALDSON","VERIFIED","fuel","Reclasificación/renumeración de combustible documentada; conserva referencia","AUDITORIA_INGESTA_COMBUSTIBLE_20260917","ES93044","ES93044","","https://elimfilters.com/products/ef93044/","404","","false","https://elimfilters.com/products/es93044/","404",""
"322","EF93087","P583087","DONALDSON","VERIFIED","fuel","Reclasificación/renumeración de combustible documentada; conserva referencia","AUDITORIA_INGESTA_COMBUSTIBLE_20260917","ES93087","ES93087","","https://elimfilters.com/products/ef93087/","404","","false","https://elimfilters.com/products/es93087/","404",""
"322","EF93088","P583088","DONALDSON","VERIFIED","fuel","Reclasificación/renumeración de combustible documentada; conserva referencia","AUDITORIA_INGESTA_COMBUSTIBLE_20260917","ES93088","ES93088","","https://elimfilters.com/products/ef93088/","404","","false","https://elimfilters.com/products/es93088/","404",""
"322","EF93089","P583089","DONALDSON","VERIFIED","fuel","Reclasificación/renumeración de combustible documentada; conserva referencia","AUDITORIA_INGESTA_COMBUSTIBLE_20260917","ES93089","ES93089","","https://elimfilters.com/products/ef93089/","404","","false","https://elimfilters.com/products/es93089/","404",""
"322","EF93200","P553200","DONALDSON","VERIFIED","fuel","Reclasificación/renumeración de combustible documentada; conserva referencia","AUDITORIA_INGESTA_COMBUSTIBLE_20260917","ES93200","ES93200","","https://elimfilters.com/products/ef93200/","404","","false","https://elimfilters.com/products/es93200/","404",""
"322","EF93211","P553211","DONALDSON","VERIFIED","fuel","Reclasificación/renumeración de combustible documentada; conserva referencia","AUDITORIA_INGESTA_COMBUSTIBLE_20260917","ES93211","ES93211","","https://elimfilters.com/products/ef93211/","404","","false","https://elimfilters.com/products/es93211/","404",""
"322","EF93212","P553212","DONALDSON","VERIFIED","fuel","Reclasificación/renumeración de combustible documentada; conserva referencia","AUDITORIA_INGESTA_COMBUSTIBLE_20260917","ES93212","ES93212","","https://elimfilters.com/products/ef93212/","404","","false","https://elimfilters.com/products/es93212/","404",""
"322","EF93215","P553215","DONALDSON","VERIFIED","fuel","Reclasificación/renumeración de combustible documentada; conserva referencia","AUDITORIA_INGESTA_COMBUSTIBLE_20260917","ES93215","ES93215","","https://elimfilters.com/products/ef93215/","404","","false","https://elimfilters.com/products/es93215/","404",""
"322","EF93226","P553226","DONALDSON","VERIFIED","fuel","Reclasificación/renumeración de combustible documentada; conserva referencia","AUDITORIA_INGESTA_COMBUSTIBLE_20260917","ES93226","ES93226","","https://elimfilters.com/products/ef93226/","404","","false","https://elimfilters.com/products/es93226/","404",""
"322","EF93227","P553227","DONALDSON","VERIFIED","fuel","Reclasificación/renumeración de combustible documentada; conserva referencia","AUDITORIA_INGESTA_COMBUSTIBLE_20260917","ES93227","ES93227","","https://elimfilters.com/products/ef93227/","404","","false","https://elimfilters.com/products/es93227/","404",""
"322","EF93375","P553375","DONALDSON","VERIFIED","fuel","Reclasificación/renumeración de combustible documentada; conserva referencia","AUDITORIA_INGESTA_COMBUSTIBLE_20260917","ES93375","ES93375","","https://elimfilters.com/products/ef93375/","404","","false","https://elimfilters.com/products/es93375/","404",""
"322","EF93557","P583557","DONALDSON","VERIFIED","fuel","Reclasificación/renumeración de combustible documentada; conserva referencia","AUDITORIA_INGESTA_COMBUSTIBLE_20260917","ES93557","ES93557","","https://elimfilters.com/products/ef93557/","404","","false","https://elimfilters.com/products/es93557/","404",""
"322","EF93880","P553880","DONALDSON","VERIFIED","fuel","Reclasificación/renumeración de combustible documentada; conserva referencia","AUDITORIA_INGESTA_COMBUSTIBLE_20260917","ES93880","ES93880","","https://elimfilters.com/products/ef93880/","404","","false","https://elimfilters.com/products/es93880/","404",""
"322","EF93997","P583997","DONALDSON","VERIFIED","fuel","Reclasificación/renumeración de combustible documentada; conserva referencia","AUDITORIA_INGESTA_COMBUSTIBLE_20260917","ES93997","ES93997","","https://elimfilters.com/products/ef93997/","404","","false","https://elimfilters.com/products/es93997/","404",""
"322","EF93998","P583998","DONALDSON","VERIFIED","fuel","Reclasificación/renumeración de combustible documentada; conserva referencia","AUDITORIA_INGESTA_COMBUSTIBLE_20260917","ES93998","ES93998","","https://elimfilters.com/products/ef93998/","404","","false","https://elimfilters.com/products/es93998/","404",""
"322","EF94278","P564278","DONALDSON","VERIFIED","fuel","Reclasificación/renumeración de combustible documentada; conserva referencia","AUDITORIA_INGESTA_COMBUSTIBLE_20260917","ES94278","ES94278","","https://elimfilters.com/products/ef94278/","404","","false","https://elimfilters.com/products/es94278/","404",""
"322","EF94391","P564391","DONALDSON","VERIFIED","fuel","Reclasificación/renumeración de combustible documentada; conserva referencia","AUDITORIA_INGESTA_COMBUSTIBLE_20260917","ES94391","ES94391","","https://elimfilters.com/products/ef94391/","404","","false","https://elimfilters.com/products/es94391/","404",""
"322","EF94392","P564392","DONALDSON","VERIFIED","fuel","Reclasificación/renumeración de combustible documentada; conserva referencia","AUDITORIA_INGESTA_COMBUSTIBLE_20260917","ES94392","ES94392","","https://elimfilters.com/products/ef94392/","404","","false","https://elimfilters.com/products/es94392/","404",""
"322","EF94393","P564393","DONALDSON","VERIFIED","fuel","Reclasificación/renumeración de combustible documentada; conserva referencia","AUDITORIA_INGESTA_COMBUSTIBLE_20260917","ES94393","ES94393","","https://elimfilters.com/products/ef94393/","404","","false","https://elimfilters.com/products/es94393/","404",""
"322","EF94430","P564430","DONALDSON","VERIFIED","fuel","Reclasificación/renumeración de combustible documentada; conserva referencia","AUDITORIA_INGESTA_COMBUSTIBLE_20260917","ES94430","ES94430","","https://elimfilters.com/products/ef94430/","404","","false","https://elimfilters.com/products/es94430/","404",""
"322","EF94470","P554470","DONALDSON","VERIFIED","fuel","Reclasificación/renumeración de combustible documentada; conserva referencia","AUDITORIA_INGESTA_COMBUSTIBLE_20260917","ES94470","ES94470","","https://elimfilters.com/products/ef94470/","404","","false","https://elimfilters.com/products/es94470/","404",""
"322","EF94519","P584519","DONALDSON","VERIFIED","fuel","Reclasificación/renumeración de combustible documentada; conserva referencia","AUDITORIA_INGESTA_COMBUSTIBLE_20260917","ES94519","ES94519","","https://elimfilters.com/products/ef94519/","404","","false","https://elimfilters.com/products/es94519/","404",""
"322","EF94520","P584520","DONALDSON","VERIFIED","fuel","Reclasificación/renumeración de combustible documentada; conserva referencia","AUDITORIA_INGESTA_COMBUSTIBLE_20260917","ES94520","ES94520","","https://elimfilters.com/products/ef94520/","404","","false","https://elimfilters.com/products/es94520/","404",""
"322","EF94521","P584521","DONALDSON","VERIFIED","fuel","Reclasificación/renumeración de combustible documentada; conserva referencia","AUDITORIA_INGESTA_COMBUSTIBLE_20260917","ES94521","ES94521","","https://elimfilters.com/products/ef94521/","404","","false","https://elimfilters.com/products/es94521/","404",""
"322","EF94628","P584628","DONALDSON","VERIFIED","fuel","Reclasificación/renumeración de combustible documentada; conserva referencia","AUDITORIA_INGESTA_COMBUSTIBLE_20260917","ES94628","ES94628","","https://elimfilters.com/products/ef94628/","404","","false","https://elimfilters.com/products/es94628/","404",""
"322","EF94895","P954895","DONALDSON","VERIFIED","fuel","Reclasificación/renumeración de combustible documentada; conserva referencia","AUDITORIA_INGESTA_COMBUSTIBLE_20260917","ES94895","ES94895","","https://elimfilters.com/products/ef94895/","404","","false","https://elimfilters.com/products/es94895/","404",""
"322","EF94925","P954925","DONALDSON","VERIFIED","fuel","Reclasificación/renumeración de combustible documentada; conserva referencia","AUDITORIA_INGESTA_COMBUSTIBLE_20260917","ES94925","ES94925","","https://elimfilters.com/products/ef94925/","404","","false","https://elimfilters.com/products/es94925/","404",""
"322","EF94943","P584943","DONALDSON","VERIFIED","fuel","Reclasificación/renumeración de combustible documentada; conserva referencia","AUDITORIA_INGESTA_COMBUSTIBLE_20260917","ES94943","ES94943","","https://elimfilters.com/products/ef94943/","404","","false","https://elimfilters.com/products/es94943/","404",""
"322","EF95006","P555006","DONALDSON","VERIFIED","fuel","Reclasificación/renumeración de combustible documentada; conserva referencia","AUDITORIA_INGESTA_COMBUSTIBLE_20260917","ES95006","ES95006","","https://elimfilters.com/products/ef95006/","404","","false","https://elimfilters.com/products/es95006/","404",""
"322","EF95072","P585072","DONALDSON","VERIFIED","fuel","Reclasificación/renumeración de combustible documentada; conserva referencia","AUDITORIA_INGESTA_COMBUSTIBLE_20260917","ES95072","ES95072","","https://elimfilters.com/products/ef95072/","404","","false","https://elimfilters.com/products/es95072/","404",""
"322","EF952378","P552378","DONALDSON","VERIFIED","fuel","Reclasificación/renumeración de combustible documentada; conserva referencia","AUDITORIA_INGESTA_COMBUSTIBLE_20260917","EF9552378","EF9552378","","https://elimfilters.com/products/ef952378/","404","","false","https://elimfilters.com/products/ef9552378/","404",""
"322","EF952423","P552423","DONALDSON","VERIFIED","fuel","Reclasificación/renumeración de combustible documentada; conserva referencia; destino histórico ausente, candidato actual pendiente de confirmar","AUDITORIA_INGESTA_COMBUSTIBLE_20260917","EF9552423","","EF92423","https://elimfilters.com/products/ef952423/","404","","false","https://elimfilters.com/products/ef92423/","404",""
"322","EF95606","P955606","DONALDSON","VERIFIED","fuel","Reclasificación/renumeración de combustible documentada; conserva referencia","AUDITORIA_INGESTA_COMBUSTIBLE_20260917","ES95606","ES95606","","https://elimfilters.com/products/ef95606/","404","","false","https://elimfilters.com/products/es95606/","404",""
"322","EF95957","P505957","DONALDSON","VERIFIED","fuel","Reclasificación/renumeración de combustible documentada; conserva referencia","AUDITORIA_INGESTA_COMBUSTIBLE_20260917","ES95957","ES95957","","https://elimfilters.com/products/ef95957/","404","","false","https://elimfilters.com/products/es95957/","404",""
"322","EF96312","P566312","DONALDSON","VERIFIED","fuel","Reclasificación/renumeración de combustible documentada; conserva referencia","AUDITORIA_INGESTA_COMBUSTIBLE_20260917","ES96312","ES96312","","https://elimfilters.com/products/ef96312/","404","","false","https://elimfilters.com/products/es96312/","404",""
"322","EF963995","P763995","DONALDSON","VERIFIED","fuel","Reclasificación/renumeración de combustible documentada; conserva referencia","AUDITORIA_INGESTA_COMBUSTIBLE_20260917","EF9763995","EF9763995","","https://elimfilters.com/products/ef963995/","404","","false","https://elimfilters.com/products/ef9763995/","404",""
"322","EF96918","P576918","DONALDSON","VERIFIED","fuel","Reclasificación/renumeración de combustible documentada; conserva referencia","AUDITORIA_INGESTA_COMBUSTIBLE_20260917","ES96918","ES96918","","https://elimfilters.com/products/ef96918/","404","","false","https://elimfilters.com/products/es96918/","404",""
"322","EF97004","P557004","DONALDSON","VERIFIED","fuel","Reclasificación/renumeración de combustible documentada; conserva referencia","AUDITORIA_INGESTA_COMBUSTIBLE_20260917","ES97004","ES97004","","https://elimfilters.com/products/ef97004/","404","","false","https://elimfilters.com/products/es97004/","404",""
"322","EF97009","P557009","DONALDSON","VERIFIED","fuel","Reclasificación/renumeración de combustible documentada; conserva referencia","AUDITORIA_INGESTA_COMBUSTIBLE_20260917","ES97009","ES97009","","https://elimfilters.com/products/ef97009/","404","","false","https://elimfilters.com/products/es97009/","404",""
"322","EF97264","P557264","DONALDSON","VERIFIED","fuel","Reclasificación/renumeración de combustible documentada; conserva referencia","AUDITORIA_INGESTA_COMBUSTIBLE_20260917","ES97264","ES97264","","https://elimfilters.com/products/ef97264/","404","","false","https://elimfilters.com/products/es97264/","404",""
"322","EF98000","P558000","DONALDSON","VERIFIED","fuel","Reclasificación/renumeración de combustible documentada; conserva referencia","AUDITORIA_INGESTA_COMBUSTIBLE_20260917","ES98000","ES98000","","https://elimfilters.com/products/ef98000/","404","","false","https://elimfilters.com/products/es98000/","404",""
"322","EF98010","P558010","DONALDSON","VERIFIED","fuel","Reclasificación/renumeración de combustible documentada; conserva referencia","AUDITORIA_INGESTA_COMBUSTIBLE_20260917","ES98010","ES98010","","https://elimfilters.com/products/ef98010/","404","","false","https://elimfilters.com/products/es98010/","404",""
"322","EF980694","P580694","DONALDSON","VERIFIED","fuel","Reclasificación/renumeración de combustible documentada; conserva referencia","AUDITORIA_INGESTA_COMBUSTIBLE_20260917","ES9580694","ES9580694","","https://elimfilters.com/products/ef980694/","404","","false","https://elimfilters.com/products/es9580694/","404",""
"322","EF980710","P580710","DONALDSON","VERIFIED","fuel","Reclasificación/renumeración de combustible documentada; conserva referencia","AUDITORIA_INGESTA_COMBUSTIBLE_20260917","ES9580710","ES9580710","","https://elimfilters.com/products/ef980710/","404","","false","https://elimfilters.com/products/es9580710/","404",""
"322","EF984000","P584000","DONALDSON","VERIFIED","fuel","Reclasificación/renumeración de combustible documentada; conserva referencia","AUDITORIA_INGESTA_COMBUSTIBLE_20260917","ES94000","ES94000","","https://elimfilters.com/products/ef984000/","404","","false","https://elimfilters.com/products/es94000/","404",""
"72","EF984002","EF984002","","UNVERIFIED","fuel","Ausencia sin traza directa; coincidencia de referencia no autoriza consolidación","SIN_TRAZA_DIRECTA","","","EF94002","https://elimfilters.com/products/ef984002/","404","","false","https://elimfilters.com/products/ef94002/","404",""
"72","EF984003","EF984003","","UNVERIFIED","fuel","Ausencia sin traza directa; coincidencia de referencia no autoriza consolidación","SIN_TRAZA_DIRECTA","","","EF94003","https://elimfilters.com/products/ef984003/","404","","false","https://elimfilters.com/products/ef94003/","404",""
"72","EF984004","EF984004","","UNVERIFIED","fuel","Ausencia sin traza directa; coincidencia de referencia no autoriza consolidación","SIN_TRAZA_DIRECTA","","","EF94004","https://elimfilters.com/products/ef984004/","404","","false","https://elimfilters.com/products/ef94004/","404",""
"72","EF984005","EF984005","","UNVERIFIED","fuel","Ausencia sin traza directa; coincidencia de referencia no autoriza consolidación","SIN_TRAZA_DIRECTA","","","EF94005","https://elimfilters.com/products/ef984005/","404","","false","https://elimfilters.com/products/ef94005/","404",""
"72","EF984006","EF984006","","UNVERIFIED","fuel","Ausencia sin traza directa; coincidencia de referencia no autoriza consolidación","SIN_TRAZA_DIRECTA","","","EF94006","https://elimfilters.com/products/ef984006/","404","","false","https://elimfilters.com/products/ef94006/","404",""
"72","EF984007","EF984007","","UNVERIFIED","fuel","Ausencia sin traza directa; coincidencia de referencia no autoriza consolidación","SIN_TRAZA_DIRECTA","","","EF94007","https://elimfilters.com/products/ef984007/","404","","false","https://elimfilters.com/products/ef94007/","404",""
"72","EF984008","EF984008","","UNVERIFIED","fuel","Ausencia sin traza directa; coincidencia de referencia no autoriza consolidación","SIN_TRAZA_DIRECTA","","","EF94008","https://elimfilters.com/products/ef984008/","404","","false","https://elimfilters.com/products/ef94008/","404",""
"72","EF984009","EF984009","","UNVERIFIED","fuel","Ausencia sin traza directa; coincidencia de referencia no autoriza consolidación","SIN_TRAZA_DIRECTA","","","EF94009","https://elimfilters.com/products/ef984009/","404","","false","https://elimfilters.com/products/ef94009/","404",""
"72","EF984010","EF984010","","UNVERIFIED","fuel","Ausencia sin traza directa; coincidencia de referencia no autoriza consolidación","SIN_TRAZA_DIRECTA","","","EF94010","https://elimfilters.com/products/ef984010/","404","","false","https://elimfilters.com/products/ef94010/","404",""
"72","EF984011","EF984011","","UNVERIFIED","fuel","Ausencia sin traza directa; coincidencia de referencia no autoriza consolidación","SIN_TRAZA_DIRECTA","","","EF94011","https://elimfilters.com/products/ef984011/","404","","false","https://elimfilters.com/products/ef94011/","404",""
"72","EF984012","EF984012","","UNVERIFIED","fuel","Ausencia sin traza directa; coincidencia de referencia no autoriza consolidación","SIN_TRAZA_DIRECTA","","","EF94012","https://elimfilters.com/products/ef984012/","404","","false","https://elimfilters.com/products/ef94012/","404",""
"72","EF984013","EF984013","","UNVERIFIED","fuel","Ausencia sin traza directa; coincidencia de referencia no autoriza consolidación","SIN_TRAZA_DIRECTA","","","EF94013","https://elimfilters.com/products/ef984013/","404","","false","https://elimfilters.com/products/ef94013/","404",""
"72","EF984014","EF984014","","UNVERIFIED","fuel","Ausencia sin traza directa; coincidencia de referencia no autoriza consolidación","SIN_TRAZA_DIRECTA","","","EF94014","https://elimfilters.com/products/ef984014/","404","","false","https://elimfilters.com/products/ef94014/","404",""
"72","EF984016","EF984016","","UNVERIFIED","fuel","Ausencia sin traza directa; coincidencia de referencia no autoriza consolidación","SIN_TRAZA_DIRECTA","","","EF94016","https://elimfilters.com/products/ef984016/","404","","false","https://elimfilters.com/products/ef94016/","404",""
"72","EF984017","EF984017","","UNVERIFIED","fuel","Ausencia sin traza directa; coincidencia de referencia no autoriza consolidación","SIN_TRAZA_DIRECTA","","","EF94017","https://elimfilters.com/products/ef984017/","404","","false","https://elimfilters.com/products/ef94017/","404",""
"72","EF984018","EF984018","","UNVERIFIED","fuel","Ausencia sin traza directa; coincidencia de referencia no autoriza consolidación","SIN_TRAZA_DIRECTA","","","EF94018","https://elimfilters.com/products/ef984018/","404","","false","https://elimfilters.com/products/ef94018/","404",""
"72","EF984019","EF984019","","UNVERIFIED","fuel","Ausencia sin traza directa; coincidencia de referencia no autoriza consolidación","SIN_TRAZA_DIRECTA","","","EF94019","https://elimfilters.com/products/ef984019/","404","","false","https://elimfilters.com/products/ef94019/","404",""
"72","EF984020","EF984020","","UNVERIFIED","fuel","Ausencia sin traza directa; coincidencia de referencia no autoriza consolidación","SIN_TRAZA_DIRECTA","","","EF94020","https://elimfilters.com/products/ef984020/","404","","false","https://elimfilters.com/products/ef94020/","404",""
"72","EF984021","EF984021","","UNVERIFIED","fuel","Ausencia sin traza directa; coincidencia de referencia no autoriza consolidación","SIN_TRAZA_DIRECTA","","","EF94021","https://elimfilters.com/products/ef984021/","404","","false","https://elimfilters.com/products/ef94021/","404",""
"72","EF984022","EF984022","","UNVERIFIED","fuel","Ausencia sin traza directa; coincidencia de referencia no autoriza consolidación","SIN_TRAZA_DIRECTA","","","EF94022","https://elimfilters.com/products/ef984022/","404","","false","https://elimfilters.com/products/ef94022/","404",""
"72","EF984023","EF984023","","UNVERIFIED","fuel","Ausencia sin traza directa; coincidencia de referencia no autoriza consolidación","SIN_TRAZA_DIRECTA","","","EF94023","https://elimfilters.com/products/ef984023/","404","","false","https://elimfilters.com/products/ef94023/","404",""
"322","EF98712","P558712","DONALDSON","VERIFIED","fuel","Reclasificación/renumeración de combustible documentada; conserva referencia","AUDITORIA_INGESTA_COMBUSTIBLE_20260917","ES98712","ES98712","","https://elimfilters.com/products/ef98712/","404","","false","https://elimfilters.com/products/es98712/","404",""
"322","EF99143","P959143","DONALDSON","VERIFIED","fuel","Reclasificación/renumeración de combustible documentada; conserva referencia","AUDITORIA_INGESTA_COMBUSTIBLE_20260917","ES99143","ES99143","","https://elimfilters.com/products/ef99143/","404","","false","https://elimfilters.com/products/es99143/","404",""
"322","EF99163","P959163","DONALDSON","VERIFIED","fuel","Reclasificación/renumeración de combustible documentada; conserva referencia","AUDITORIA_INGESTA_COMBUSTIBLE_20260917","ES99163","ES99163","","https://elimfilters.com/products/ef99163/","404","","false","https://elimfilters.com/products/es99163/","404",""
"322","EF99292","P959292","DONALDSON","VERIFIED","fuel","Reclasificación/renumeración de combustible documentada; conserva referencia","AUDITORIA_INGESTA_COMBUSTIBLE_20260917","ES99292","ES99292","","https://elimfilters.com/products/ef99292/","404","","false","https://elimfilters.com/products/es99292/","404",""
"322","EF99622","P959622","DONALDSON","VERIFIED","fuel","Reclasificación/renumeración de combustible documentada; conserva referencia","AUDITORIA_INGESTA_COMBUSTIBLE_20260917","ES99622","ES99622","","https://elimfilters.com/products/ef99622/","404","","false","https://elimfilters.com/products/es99622/","404",""
"72","EH63700","HF30370","","UNVERIFIED","hydraulic","Ausencia sin traza directa; coincidencia de referencia no autoriza consolidación","SIN_TRAZA_DIRECTA","","","EH60370","https://elimfilters.com/products/eh63700/","404","","false","https://elimfilters.com/products/eh60370/","404",""
"322","EH650084","P550084","DONALDSON","VERIFIED","hydraulic","Renumeración hidráulica documentada; conserva referencia","AUDITORIA_REMAP_HIDRAULICO_20260917","EH61084","EH61084","","https://elimfilters.com/products/eh650084/","404","","false","https://elimfilters.com/products/eh61084/","404",""
"322","EH650308","P550308","DONALDSON","VERIFIED","hydraulic","Renumeración hidráulica documentada; conserva referencia","AUDITORIA_REMAP_HIDRAULICO_20260917","EH62308","EH62308","","https://elimfilters.com/products/eh650308/","404","","false","https://elimfilters.com/products/eh62308/","404",""
"322","EH650309","P550309","DONALDSON","VERIFIED","hydraulic","Renumeración hidráulica documentada; conserva referencia","AUDITORIA_REMAP_HIDRAULICO_20260917","EH61309","EH61309","","https://elimfilters.com/products/eh650309/","404","","false","https://elimfilters.com/products/eh61309/","404",""
"322","EH650590","P550590","DONALDSON","VERIFIED","hydraulic","Renumeración hidráulica documentada; conserva referencia","AUDITORIA_REMAP_HIDRAULICO_20260917","EH61590","EH61590","","https://elimfilters.com/products/eh650590/","404","","false","https://elimfilters.com/products/eh61590/","404",""
"322","EH650592","P550592","DONALDSON","VERIFIED","hydraulic","Renumeración hidráulica documentada; conserva referencia","AUDITORIA_REMAP_HIDRAULICO_20260917","EH61592","EH61592","","https://elimfilters.com/products/eh650592/","404","","false","https://elimfilters.com/products/eh61592/","404",""
"322","EH650700","P550700","DONALDSON","VERIFIED","hydraulic","Renumeración hidráulica documentada; conserva referencia","AUDITORIA_REMAP_HIDRAULICO_20260917","EH61700","EH61700","","https://elimfilters.com/products/eh650700/","404","","false","https://elimfilters.com/products/eh61700/","404",""
"322","EH651244","P551244","DONALDSON","VERIFIED","hydraulic","Renumeración hidráulica documentada; conserva referencia","AUDITORIA_REMAP_HIDRAULICO_20260917","EH62244","EH62244","","https://elimfilters.com/products/eh651244/","404","","false","https://elimfilters.com/products/eh62244/","404",""
"322","EH659527","P959527","DONALDSON","VERIFIED","hydraulic","Renumeración hidráulica documentada; conserva referencia","AUDITORIA_REMAP_HIDRAULICO_20260917","EH61527","EH61527","","https://elimfilters.com/products/eh659527/","404","","false","https://elimfilters.com/products/eh61527/","404",""
"322","EH660694","P560694","DONALDSON","VERIFIED","hydraulic","Renumeración hidráulica documentada; conserva referencia","AUDITORIA_REMAP_HIDRAULICO_20260917","EH61694","EH61694","","https://elimfilters.com/products/eh660694/","404","","false","https://elimfilters.com/products/eh61694/","404",""
"322","EH661222","P561222","DONALDSON","VERIFIED","hydraulic","Renumeración hidráulica documentada; conserva referencia","AUDITORIA_REMAP_HIDRAULICO_20260917","EH62222","EH62222","","https://elimfilters.com/products/eh661222/","404","","false","https://elimfilters.com/products/eh62222/","404",""
"322","EH661235","P561235","DONALDSON","VERIFIED","hydraulic","Renumeración hidráulica documentada; conserva referencia","AUDITORIA_REMAP_HIDRAULICO_20260917","EH62235","EH62235","","https://elimfilters.com/products/eh661235/","404","","false","https://elimfilters.com/products/eh62235/","404",""
"322","EH661323","P561323","DONALDSON","VERIFIED","hydraulic","Renumeración hidráulica documentada; conserva referencia","AUDITORIA_REMAP_HIDRAULICO_20260917","EH62323","EH62323","","https://elimfilters.com/products/eh661323/","404","","false","https://elimfilters.com/products/eh62323/","404",""
"322","EH661324","P561324","DONALDSON","VERIFIED","hydraulic","Renumeración hidráulica documentada; conserva referencia","AUDITORIA_REMAP_HIDRAULICO_20260917","EH62324","EH62324","","https://elimfilters.com/products/eh661324/","404","","false","https://elimfilters.com/products/eh62324/","404",""
"322","EH661327","P561327","DONALDSON","VERIFIED","hydraulic","Renumeración hidráulica documentada; conserva referencia","AUDITORIA_REMAP_HIDRAULICO_20260917","EH62327","EH62327","","https://elimfilters.com/products/eh661327/","404","","false","https://elimfilters.com/products/eh62327/","404",""
"322","EH661333","P561333","DONALDSON","VERIFIED","hydraulic","Renumeración hidráulica documentada; conserva referencia","AUDITORIA_REMAP_HIDRAULICO_20260917","EH62333","EH62333","","https://elimfilters.com/products/eh661333/","404","","false","https://elimfilters.com/products/eh62333/","404",""
"322","EH661348","P561348","DONALDSON","VERIFIED","hydraulic","Renumeración hidráulica documentada; conserva referencia","AUDITORIA_REMAP_HIDRAULICO_20260917","EH62348","EH62348","","https://elimfilters.com/products/eh661348/","404","","false","https://elimfilters.com/products/eh62348/","404",""
"322","EH661534","P561534","DONALDSON","VERIFIED","hydraulic","Renumeración hidráulica documentada; conserva referencia","AUDITORIA_REMAP_HIDRAULICO_20260917","EH62534","EH62534","","https://elimfilters.com/products/eh661534/","404","","false","https://elimfilters.com/products/eh62534/","404",""
"322","EH661560","P561560","DONALDSON","VERIFIED","hydraulic","Renumeración hidráulica documentada; conserva referencia","AUDITORIA_REMAP_HIDRAULICO_20260917","EH62560","EH62560","","https://elimfilters.com/products/eh661560/","404","","false","https://elimfilters.com/products/eh62560/","404",""
"322","EH662224","P562224","DONALDSON","VERIFIED","hydraulic","Renumeración hidráulica documentada; conserva referencia","AUDITORIA_REMAP_HIDRAULICO_20260917","EH61224","EH61224","","https://elimfilters.com/products/eh662224/","404","","false","https://elimfilters.com/products/eh61224/","404",""
"322","EH662233","P562233","DONALDSON","VERIFIED","hydraulic","Renumeración hidráulica documentada; conserva referencia","AUDITORIA_REMAP_HIDRAULICO_20260917","EH61233","EH61233","","https://elimfilters.com/products/eh662233/","404","","false","https://elimfilters.com/products/eh61233/","404",""
"322","EH662245","P562245","DONALDSON","VERIFIED","hydraulic","Renumeración hidráulica documentada; conserva referencia","AUDITORIA_REMAP_HIDRAULICO_20260917","EH61245","EH61245","","https://elimfilters.com/products/eh662245/","404","","false","https://elimfilters.com/products/eh61245/","404",""
"322","EH662270","P562270","DONALDSON","VERIFIED","hydraulic","Renumeración hidráulica documentada; conserva referencia","AUDITORIA_REMAP_HIDRAULICO_20260917","EH61270","EH61270","","https://elimfilters.com/products/eh662270/","404","","false","https://elimfilters.com/products/eh61270/","404",""
"322","EH662421","P762421","DONALDSON","VERIFIED","hydraulic","Renumeración hidráulica documentada; conserva referencia","AUDITORIA_REMAP_HIDRAULICO_20260917","EH61421","EH61421","","https://elimfilters.com/products/eh662421/","404","","false","https://elimfilters.com/products/eh61421/","404",""
"322","EH662921","P762921","DONALDSON","VERIFIED","hydraulic","Renumeración hidráulica documentada; conserva referencia","AUDITORIA_REMAP_HIDRAULICO_20260917","EH61921","EH61921","","https://elimfilters.com/products/eh662921/","404","","false","https://elimfilters.com/products/eh61921/","404",""
"322","EH663185","P763185","DONALDSON","VERIFIED","hydraulic","Renumeración hidráulica documentada; conserva referencia","AUDITORIA_REMAP_HIDRAULICO_20260917","EH62185","EH62185","","https://elimfilters.com/products/eh663185/","404","","false","https://elimfilters.com/products/eh62185/","404",""
"322","EH663529","P763529","DONALDSON","VERIFIED","hydraulic","Renumeración hidráulica documentada; conserva referencia","AUDITORIA_REMAP_HIDRAULICO_20260917","EH61529","EH61529","","https://elimfilters.com/products/eh663529/","404","","false","https://elimfilters.com/products/eh61529/","404",""
"322","EH663542","P163542","DONALDSON","VERIFIED","hydraulic","Renumeración hidráulica documentada; conserva referencia","AUDITORIA_REMAP_HIDRAULICO_20260917","EH63542","EH63542","","https://elimfilters.com/products/eh663542/","404","","false","https://elimfilters.com/products/eh63542/","404",""
"322","EH663558","P763558","DONALDSON","VERIFIED","hydraulic","Renumeración hidráulica documentada; conserva referencia","AUDITORIA_REMAP_HIDRAULICO_20260917","EH61558","EH61558","","https://elimfilters.com/products/eh663558/","404","","false","https://elimfilters.com/products/eh61558/","404",""
"322","EH664183","P764183","DONALDSON","VERIFIED","hydraulic","Renumeración hidráulica documentada; conserva referencia","AUDITORIA_REMAP_HIDRAULICO_20260917","EH61183","EH61183","","https://elimfilters.com/products/eh664183/","404","","false","https://elimfilters.com/products/eh61183/","404",""
"322","EH664225","P564225","DONALDSON","VERIFIED","hydraulic","Renumeración hidráulica documentada; conserva referencia","AUDITORIA_REMAP_HIDRAULICO_20260917","EH61225","EH61225","","https://elimfilters.com/products/eh664225/","404","","false","https://elimfilters.com/products/eh61225/","404",""
"322","EH664260","P764260","DONALDSON","VERIFIED","hydraulic","Renumeración hidráulica documentada; conserva referencia","AUDITORIA_REMAP_HIDRAULICO_20260917","EH61260","EH61260","","https://elimfilters.com/products/eh664260/","404","","false","https://elimfilters.com/products/eh61260/","404",""
"322","EH665142","P565142","DONALDSON","VERIFIED","hydraulic","Renumeración hidráulica documentada; conserva referencia","AUDITORIA_REMAP_HIDRAULICO_20260917","EH61142","EH61142","","https://elimfilters.com/products/eh665142/","404","","false","https://elimfilters.com/products/eh61142/","404",""
"322","EH665150","P565150","DONALDSON","VERIFIED","hydraulic","Renumeración hidráulica documentada; conserva referencia","AUDITORIA_REMAP_HIDRAULICO_20260917","EH61150","EH61150","","https://elimfilters.com/products/eh665150/","404","","false","https://elimfilters.com/products/eh61150/","404",""
"322","EH665875","P165875","DONALDSON","VERIFIED","hydraulic","Renumeración hidráulica documentada; conserva referencia","AUDITORIA_REMAP_HIDRAULICO_20260917","EH65875","EH65875","","https://elimfilters.com/products/eh665875/","404","","false","https://elimfilters.com/products/eh65875/","404",""
"322","EH666204","P566204","DONALDSON","VERIFIED","hydraulic","Renumeración hidráulica documentada; conserva referencia","AUDITORIA_REMAP_HIDRAULICO_20260917","EH61204","EH61204","","https://elimfilters.com/products/eh666204/","404","","false","https://elimfilters.com/products/eh61204/","404",""
"322","EH666205","P566205","DONALDSON","VERIFIED","hydraulic","Renumeración hidráulica documentada; conserva referencia","AUDITORIA_REMAP_HIDRAULICO_20260917","EH62205","EH62205","","https://elimfilters.com/products/eh666205/","404","","false","https://elimfilters.com/products/eh62205/","404",""
"322","EH666207","P566207","DONALDSON","VERIFIED","hydraulic","Renumeración hidráulica documentada; conserva referencia","AUDITORIA_REMAP_HIDRAULICO_20260917","EH62207","EH62207","","https://elimfilters.com/products/eh666207/","404","","false","https://elimfilters.com/products/eh62207/","404",""
"322","EH666208","P566208","DONALDSON","VERIFIED","hydraulic","Renumeración hidráulica documentada; conserva referencia","AUDITORIA_REMAP_HIDRAULICO_20260917","EH61208","EH61208","","https://elimfilters.com/products/eh666208/","404","","false","https://elimfilters.com/products/eh61208/","404",""
"322","EH666220","P566220","DONALDSON","VERIFIED","hydraulic","Renumeración hidráulica documentada; conserva referencia","AUDITORIA_REMAP_HIDRAULICO_20260917","EH61220","EH61220","","https://elimfilters.com/products/eh666220/","404","","false","https://elimfilters.com/products/eh61220/","404",""
"322","EH666221","P566221","DONALDSON","VERIFIED","hydraulic","Renumeración hidráulica documentada; conserva referencia","AUDITORIA_REMAP_HIDRAULICO_20260917","EH61221","EH61221","","https://elimfilters.com/products/eh666221/","404","","false","https://elimfilters.com/products/eh61221/","404",""
"322","EH666222","P566222","DONALDSON","VERIFIED","hydraulic","Renumeración hidráulica documentada; conserva referencia","AUDITORIA_REMAP_HIDRAULICO_20260917","EH63222","EH63222","","https://elimfilters.com/products/eh666222/","404","","false","https://elimfilters.com/products/eh63222/","404",""
"322","EH666246","P566246","DONALDSON","VERIFIED","hydraulic","Renumeración hidráulica documentada; conserva referencia","AUDITORIA_REMAP_HIDRAULICO_20260917","EH61246","EH61246","","https://elimfilters.com/products/eh666246/","404","","false","https://elimfilters.com/products/eh61246/","404",""
"322","EH666446","P566446","DONALDSON","VERIFIED","hydraulic","Renumeración hidráulica documentada; conserva referencia","AUDITORIA_REMAP_HIDRAULICO_20260917","EH61446","EH61446","","https://elimfilters.com/products/eh666446/","404","","false","https://elimfilters.com/products/eh61446/","404",""
"322","EH666461","P566461","DONALDSON","VERIFIED","hydraulic","Renumeración hidráulica documentada; conserva referencia","AUDITORIA_REMAP_HIDRAULICO_20260917","EH63461","EH63461","","https://elimfilters.com/products/eh666461/","404","","false","https://elimfilters.com/products/eh63461/","404",""
"322","EH666462","P566462","DONALDSON","VERIFIED","hydraulic","Renumeración hidráulica documentada; conserva referencia","AUDITORIA_REMAP_HIDRAULICO_20260917","EH61462","EH61462","","https://elimfilters.com/products/eh666462/","404","","false","https://elimfilters.com/products/eh61462/","404",""
"322","EH666700","P566700","DONALDSON","VERIFIED","hydraulic","Renumeración hidráulica documentada; conserva referencia","AUDITORIA_REMAP_HIDRAULICO_20260917","EH62700","EH62700","","https://elimfilters.com/products/eh666700/","404","","false","https://elimfilters.com/products/eh62700/","404",""
"322","EH666987","P766987","DONALDSON","VERIFIED","hydraulic","Renumeración hidráulica documentada; conserva referencia","AUDITORIA_REMAP_HIDRAULICO_20260917","EH61987","EH61987","","https://elimfilters.com/products/eh666987/","404","","false","https://elimfilters.com/products/eh61987/","404",""
"322","EH667010","P767010","DONALDSON","VERIFIED","hydraulic","Renumeración hidráulica documentada; conserva referencia","AUDITORIA_REMAP_HIDRAULICO_20260917","EH62010","EH62010","","https://elimfilters.com/products/eh667010/","404","","false","https://elimfilters.com/products/eh62010/","404",""
"322","EH667011","P767011","DONALDSON","VERIFIED","hydraulic","Renumeración hidráulica documentada; conserva referencia","AUDITORIA_REMAP_HIDRAULICO_20260917","EH62011","EH62011","","https://elimfilters.com/products/eh667011/","404","","false","https://elimfilters.com/products/eh62011/","404",""
"322","EH667012","P767012","DONALDSON","VERIFIED","hydraulic","Renumeración hidráulica documentada; conserva referencia","AUDITORIA_REMAP_HIDRAULICO_20260917","EH62012","EH62012","","https://elimfilters.com/products/eh667012/","404","","false","https://elimfilters.com/products/eh62012/","404",""
"322","EH667047","P567047","DONALDSON","VERIFIED","hydraulic","Renumeración hidráulica documentada; conserva referencia","AUDITORIA_REMAP_HIDRAULICO_20260917","EH61047","EH61047","","https://elimfilters.com/products/eh667047/","404","","false","https://elimfilters.com/products/eh61047/","404",""
"322","EH667084","P767084","DONALDSON","VERIFIED","hydraulic","Renumeración hidráulica documentada; conserva referencia","AUDITORIA_REMAP_HIDRAULICO_20260917","EH62084","EH62084","","https://elimfilters.com/products/eh667084/","404","","false","https://elimfilters.com/products/eh62084/","404",""
"322","EH667104","P767104","DONALDSON","VERIFIED","hydraulic","Renumeración hidráulica documentada; conserva referencia","AUDITORIA_REMAP_HIDRAULICO_20260917","EH61104","EH61104","","https://elimfilters.com/products/eh667104/","404","","false","https://elimfilters.com/products/eh61104/","404",""
"322","EH667414","P567414","DONALDSON","VERIFIED","hydraulic","Renumeración hidráulica documentada; conserva referencia","AUDITORIA_REMAP_HIDRAULICO_20260917","EH61414","EH61414","","https://elimfilters.com/products/eh667414/","404","","false","https://elimfilters.com/products/eh61414/","404",""
"322","EH669553","P569553","DONALDSON","VERIFIED","hydraulic","Renumeración hidráulica documentada; conserva referencia","AUDITORIA_REMAP_HIDRAULICO_20260917","EH61553","EH61553","","https://elimfilters.com/products/eh669553/","404","","false","https://elimfilters.com/products/eh61553/","404",""
"322","EH670312","P570312","DONALDSON","VERIFIED","hydraulic","Renumeración hidráulica documentada; conserva referencia","AUDITORIA_REMAP_HIDRAULICO_20260917","EH61312","EH61312","","https://elimfilters.com/products/eh670312/","404","","false","https://elimfilters.com/products/eh61312/","404",""
"322","EH670313","P570313","DONALDSON","VERIFIED","hydraulic","Renumeración hidráulica documentada; conserva referencia","AUDITORIA_REMAP_HIDRAULICO_20260917","EH62313","EH62313","","https://elimfilters.com/products/eh670313/","404","","false","https://elimfilters.com/products/eh62313/","404",""
"322","EH670949","P170949","DONALDSON","VERIFIED","hydraulic","Renumeración hidráulica documentada; conserva referencia","AUDITORIA_REMAP_HIDRAULICO_20260917","EH61949","EH61949","","https://elimfilters.com/products/eh670949/","404","","false","https://elimfilters.com/products/eh61949/","404",""
"322","EH671242","P571242","DONALDSON","VERIFIED","hydraulic","Renumeración hidráulica documentada; conserva referencia","AUDITORIA_REMAP_HIDRAULICO_20260917","EH62242","EH62242","","https://elimfilters.com/products/eh671242/","404","","false","https://elimfilters.com/products/eh62242/","404",""
"322","EH671363","P571363","DONALDSON","VERIFIED","hydraulic","Renumeración hidráulica documentada; conserva referencia","AUDITORIA_REMAP_HIDRAULICO_20260917","EH62363","EH62363","","https://elimfilters.com/products/eh671363/","404","","false","https://elimfilters.com/products/eh62363/","404",""
"322","EH671364","P571364","DONALDSON","VERIFIED","hydraulic","Renumeración hidráulica documentada; conserva referencia","AUDITORIA_REMAP_HIDRAULICO_20260917","EH62364","EH62364","","https://elimfilters.com/products/eh671364/","404","","false","https://elimfilters.com/products/eh62364/","404",""
"322","EH671365","P571365","DONALDSON","VERIFIED","hydraulic","Renumeración hidráulica documentada; conserva referencia","AUDITORIA_REMAP_HIDRAULICO_20260917","EH62365","EH62365","","https://elimfilters.com/products/eh671365/","404","","false","https://elimfilters.com/products/eh62365/","404",""
"322","EH671368","P571368","DONALDSON","VERIFIED","hydraulic","Renumeración hidráulica documentada; conserva referencia","AUDITORIA_REMAP_HIDRAULICO_20260917","EH62368","EH62368","","https://elimfilters.com/products/eh671368/","404","","false","https://elimfilters.com/products/eh62368/","404",""
"322","EH671369","P571369","DONALDSON","VERIFIED","hydraulic","Renumeración hidráulica documentada; conserva referencia","AUDITORIA_REMAP_HIDRAULICO_20260917","EH62369","EH62369","","https://elimfilters.com/products/eh671369/","404","","false","https://elimfilters.com/products/eh62369/","404",""
"322","EH671370","P571370","DONALDSON","VERIFIED","hydraulic","Renumeración hidráulica documentada; conserva referencia","AUDITORIA_REMAP_HIDRAULICO_20260917","EH62370","EH62370","","https://elimfilters.com/products/eh671370/","404","","false","https://elimfilters.com/products/eh62370/","404",""
"322","EH671375","P571375","DONALDSON","VERIFIED","hydraulic","Renumeración hidráulica documentada; conserva referencia","AUDITORIA_REMAP_HIDRAULICO_20260917","EH62375","EH62375","","https://elimfilters.com/products/eh671375/","404","","false","https://elimfilters.com/products/eh62375/","404",""
"322","EH671379","P571379","DONALDSON","VERIFIED","hydraulic","Renumeración hidráulica documentada; conserva referencia","AUDITORIA_REMAP_HIDRAULICO_20260917","EH62379","EH62379","","https://elimfilters.com/products/eh671379/","404","","false","https://elimfilters.com/products/eh62379/","404",""
"322","EH672229","P572229","DONALDSON","VERIFIED","hydraulic","Renumeración hidráulica documentada; conserva referencia","AUDITORIA_REMAP_HIDRAULICO_20260917","EH61229","EH61229","","https://elimfilters.com/products/eh672229/","404","","false","https://elimfilters.com/products/eh61229/","404",""
"322","EH673096","P573096","DONALDSON","VERIFIED","hydraulic","Renumeración hidráulica documentada; conserva referencia","AUDITORIA_REMAP_HIDRAULICO_20260917","EH61096","EH61096","","https://elimfilters.com/products/eh673096/","404","","false","https://elimfilters.com/products/eh61096/","404",""
"322","EH673097","P573097","DONALDSON","VERIFIED","hydraulic","Renumeración hidráulica documentada; conserva referencia","AUDITORIA_REMAP_HIDRAULICO_20260917","EH61097","EH61097","","https://elimfilters.com/products/eh673097/","404","","false","https://elimfilters.com/products/eh61097/","404",""
"322","EH673098","P573098","DONALDSON","VERIFIED","hydraulic","Renumeración hidráulica documentada; conserva referencia","AUDITORIA_REMAP_HIDRAULICO_20260917","EH61098","EH61098","","https://elimfilters.com/products/eh673098/","404","","false","https://elimfilters.com/products/eh61098/","404",""
"322","EH673115","P573115","DONALDSON","VERIFIED","hydraulic","Renumeración hidráulica documentada; conserva referencia","AUDITORIA_REMAP_HIDRAULICO_20260917","EH61115","EH61115","","https://elimfilters.com/products/eh673115/","404","","false","https://elimfilters.com/products/eh61115/","404",""
"322","EH673185","P573185","DONALDSON","VERIFIED","hydraulic","Renumeración hidráulica documentada; conserva referencia","AUDITORIA_REMAP_HIDRAULICO_20260917","EH61185","EH61185","","https://elimfilters.com/products/eh673185/","404","","false","https://elimfilters.com/products/eh61185/","404",""
"322","EH673481","P573481","DONALDSON","VERIFIED","hydraulic","Renumeración hidráulica documentada; conserva referencia","AUDITORIA_REMAP_HIDRAULICO_20260917","EH61481","EH61481","","https://elimfilters.com/products/eh673481/","404","","false","https://elimfilters.com/products/eh61481/","404",""
"322","EH673738","P573738","DONALDSON","VERIFIED","hydraulic","Renumeración hidráulica documentada; conserva referencia","AUDITORIA_REMAP_HIDRAULICO_20260917","EH61738","EH61738","","https://elimfilters.com/products/eh673738/","404","","false","https://elimfilters.com/products/eh61738/","404",""
"322","EH673739","P573739","DONALDSON","VERIFIED","hydraulic","Renumeración hidráulica documentada; conserva referencia","AUDITORIA_REMAP_HIDRAULICO_20260917","EH61739","EH61739","","https://elimfilters.com/products/eh673739/","404","","false","https://elimfilters.com/products/eh61739/","404",""
"322","EH673789","P573789","DONALDSON","VERIFIED","hydraulic","Renumeración hidráulica documentada; conserva referencia","AUDITORIA_REMAP_HIDRAULICO_20260917","EH61789","EH61789","","https://elimfilters.com/products/eh673789/","404","","false","https://elimfilters.com/products/eh61789/","404",""
"322","EH673910","P173910","DONALDSON","VERIFIED","hydraulic","Renumeración hidráulica documentada; conserva referencia","AUDITORIA_REMAP_HIDRAULICO_20260917","EH61910","EH61910","","https://elimfilters.com/products/eh673910/","404","","false","https://elimfilters.com/products/eh61910/","404",""
"322","EH674174","P574174","DONALDSON","VERIFIED","hydraulic","Renumeración hidráulica documentada; conserva referencia","AUDITORIA_REMAP_HIDRAULICO_20260917","EH61174","EH61174","","https://elimfilters.com/products/eh674174/","404","","false","https://elimfilters.com/products/eh61174/","404",""
"322","EH675628","P575628","DONALDSON","VERIFIED","hydraulic","Renumeración hidráulica documentada; conserva referencia","AUDITORIA_REMAP_HIDRAULICO_20260917","EH61628","EH61628","","https://elimfilters.com/products/eh675628/","404","","false","https://elimfilters.com/products/eh61628/","404",""
"322","EH676670","P576670","DONALDSON","VERIFIED","hydraulic","Renumeración hidráulica documentada; conserva referencia","AUDITORIA_REMAP_HIDRAULICO_20260917","EH61670","EH61670","","https://elimfilters.com/products/eh676670/","404","","false","https://elimfilters.com/products/eh61670/","404",""
"322","EH680592","P580592","DONALDSON","VERIFIED","hydraulic","Renumeración hidráulica documentada; conserva referencia","AUDITORIA_REMAP_HIDRAULICO_20260917","EH62592","EH62592","","https://elimfilters.com/products/eh680592/","404","","false","https://elimfilters.com/products/eh62592/","404",""
"322","EH680593","P580593","DONALDSON","VERIFIED","hydraulic","Renumeración hidráulica documentada; conserva referencia","AUDITORIA_REMAP_HIDRAULICO_20260917","EH61593","EH61593","","https://elimfilters.com/products/eh680593/","404","","false","https://elimfilters.com/products/eh61593/","404",""
"322","EH680596","P580596","DONALDSON","VERIFIED","hydraulic","Renumeración hidráulica documentada; conserva referencia","AUDITORIA_REMAP_HIDRAULICO_20260917","EH61596","EH61596","","https://elimfilters.com/products/eh680596/","404","","false","https://elimfilters.com/products/eh61596/","404",""
"322","EH680597","P580597","DONALDSON","VERIFIED","hydraulic","Renumeración hidráulica documentada; conserva referencia","AUDITORIA_REMAP_HIDRAULICO_20260917","EH61597","EH61597","","https://elimfilters.com/products/eh680597/","404","","false","https://elimfilters.com/products/eh61597/","404",""
"322","EH680599","P580599","DONALDSON","VERIFIED","hydraulic","Renumeración hidráulica documentada; conserva referencia","AUDITORIA_REMAP_HIDRAULICO_20260917","EH61599","EH61599","","https://elimfilters.com/products/eh680599/","404","","false","https://elimfilters.com/products/eh61599/","404",""
"322","EH680601","P580601","DONALDSON","VERIFIED","hydraulic","Renumeración hidráulica documentada; conserva referencia","AUDITORIA_REMAP_HIDRAULICO_20260917","EH61601","EH61601","","https://elimfilters.com/products/eh680601/","404","","false","https://elimfilters.com/products/eh61601/","404",""
"322","EH680605","P580605","DONALDSON","VERIFIED","hydraulic","Renumeración hidráulica documentada; conserva referencia","AUDITORIA_REMAP_HIDRAULICO_20260917","EH61605","EH61605","","https://elimfilters.com/products/eh680605/","404","","false","https://elimfilters.com/products/eh61605/","404",""
"322","EH680606","P580606","DONALDSON","VERIFIED","hydraulic","Renumeración hidráulica documentada; conserva referencia","AUDITORIA_REMAP_HIDRAULICO_20260917","EH61606","EH61606","","https://elimfilters.com/products/eh680606/","404","","false","https://elimfilters.com/products/eh61606/","404",""
"322","EH680615","P580615","DONALDSON","VERIFIED","hydraulic","Renumeración hidráulica documentada; conserva referencia","AUDITORIA_REMAP_HIDRAULICO_20260917","EH61615","EH61615","","https://elimfilters.com/products/eh680615/","404","","false","https://elimfilters.com/products/eh61615/","404",""
"322","EH680830","P580830","DONALDSON","VERIFIED","hydraulic","Renumeración hidráulica documentada; conserva referencia","AUDITORIA_REMAP_HIDRAULICO_20260917","EH61830","EH61830","","https://elimfilters.com/products/eh680830/","404","","false","https://elimfilters.com/products/eh61830/","404",""
"322","EH681461","P581461","DONALDSON","VERIFIED","hydraulic","Renumeración hidráulica documentada; conserva referencia","AUDITORIA_REMAP_HIDRAULICO_20260917","EH62461","EH62461","","https://elimfilters.com/products/eh681461/","404","","false","https://elimfilters.com/products/eh62461/","404",""
"322","EH681465","P581465","DONALDSON","VERIFIED","hydraulic","Renumeración hidráulica documentada; conserva referencia","AUDITORIA_REMAP_HIDRAULICO_20260917","EH62465","EH62465","","https://elimfilters.com/products/eh681465/","404","","false","https://elimfilters.com/products/eh62465/","404",""
"322","EH681758","P581758","DONALDSON","VERIFIED","hydraulic","Renumeración hidráulica documentada; conserva referencia","AUDITORIA_REMAP_HIDRAULICO_20260917","EH62758","EH62758","","https://elimfilters.com/products/eh681758/","404","","false","https://elimfilters.com/products/eh62758/","404",""
"322","EH681845","P581845","DONALDSON","VERIFIED","hydraulic","Renumeración hidráulica documentada; conserva referencia","AUDITORIA_REMAP_HIDRAULICO_20260917","EH62845","EH62845","","https://elimfilters.com/products/eh681845/","404","","false","https://elimfilters.com/products/eh62845/","404",""
"322","EH681846","P581846","DONALDSON","VERIFIED","hydraulic","Renumeración hidráulica documentada; conserva referencia","AUDITORIA_REMAP_HIDRAULICO_20260917","EH62846","EH62846","","https://elimfilters.com/products/eh681846/","404","","false","https://elimfilters.com/products/eh62846/","404",""
"322","EH682245","P582245","DONALDSON","VERIFIED","hydraulic","Renumeración hidráulica documentada; conserva referencia","AUDITORIA_REMAP_HIDRAULICO_20260917","EH63245","EH63245","","https://elimfilters.com/products/eh682245/","404","","false","https://elimfilters.com/products/eh63245/","404",""
"322","EH682303","P582303","DONALDSON","VERIFIED","hydraulic","Renumeración hidráulica documentada; conserva referencia","AUDITORIA_REMAP_HIDRAULICO_20260917","EH61303","EH61303","","https://elimfilters.com/products/eh682303/","404","","false","https://elimfilters.com/products/eh61303/","404",""
"322","EH682483","P582483","DONALDSON","VERIFIED","hydraulic","Renumeración hidráulica documentada; conserva referencia","AUDITORIA_REMAP_HIDRAULICO_20260917","EH61483","EH61483","","https://elimfilters.com/products/eh682483/","404","","false","https://elimfilters.com/products/eh61483/","404",""
"322","EH683567","P583567","DONALDSON","VERIFIED","hydraulic","Renumeración hidráulica documentada; conserva referencia","AUDITORIA_REMAP_HIDRAULICO_20260917","EH61567","EH61567","","https://elimfilters.com/products/eh683567/","404","","false","https://elimfilters.com/products/eh61567/","404",""
"322","EH683613","P583613","DONALDSON","VERIFIED","hydraulic","Renumeración hidráulica documentada; conserva referencia","AUDITORIA_REMAP_HIDRAULICO_20260917","EH61613","EH61613","","https://elimfilters.com/products/eh683613/","404","","false","https://elimfilters.com/products/eh61613/","404",""
"322","EH683617","P583617","DONALDSON","VERIFIED","hydraulic","Renumeración hidráulica documentada; conserva referencia","AUDITORIA_REMAP_HIDRAULICO_20260917","EH61617","EH61617","","https://elimfilters.com/products/eh683617/","404","","false","https://elimfilters.com/products/eh61617/","404",""
"322","EH683618","P583618","DONALDSON","VERIFIED","hydraulic","Renumeración hidráulica documentada; conserva referencia","AUDITORIA_REMAP_HIDRAULICO_20260917","EH61618","EH61618","","https://elimfilters.com/products/eh683618/","404","","false","https://elimfilters.com/products/eh61618/","404",""
"322","EH683786","P583786","DONALDSON","VERIFIED","hydraulic","Renumeración hidráulica documentada; conserva referencia","AUDITORIA_REMAP_HIDRAULICO_20260917","EH61786","EH61786","","https://elimfilters.com/products/eh683786/","404","","false","https://elimfilters.com/products/eh61786/","404",""
"322","EH684200","P584200","DONALDSON","VERIFIED","hydraulic","Renumeración hidráulica documentada; conserva referencia","AUDITORIA_REMAP_HIDRAULICO_20260917","EH61200","EH61200","","https://elimfilters.com/products/eh684200/","404","","false","https://elimfilters.com/products/eh61200/","404",""
"322","EH684203","P584203","DONALDSON","VERIFIED","hydraulic","Renumeración hidráulica documentada; conserva referencia","AUDITORIA_REMAP_HIDRAULICO_20260917","EH61203","EH61203","","https://elimfilters.com/products/eh684203/","404","","false","https://elimfilters.com/products/eh61203/","404",""
"322","EH684205","P584205","DONALDSON","VERIFIED","hydraulic","Renumeración hidráulica documentada; conserva referencia","AUDITORIA_REMAP_HIDRAULICO_20260917","EH61205","EH61205","","https://elimfilters.com/products/eh684205/","404","","false","https://elimfilters.com/products/eh61205/","404",""
"322","EH684249","P584249","DONALDSON","VERIFIED","hydraulic","Renumeración hidráulica documentada; conserva referencia","AUDITORIA_REMAP_HIDRAULICO_20260917","EH61249","EH61249","","https://elimfilters.com/products/eh684249/","404","","false","https://elimfilters.com/products/eh61249/","404",""
"322","EH684250","P584250","DONALDSON","VERIFIED","hydraulic","Renumeración hidráulica documentada; conserva referencia","AUDITORIA_REMAP_HIDRAULICO_20260917","EH61250","EH61250","","https://elimfilters.com/products/eh684250/","404","","false","https://elimfilters.com/products/eh61250/","404",""
"322","EH684375","P584375","DONALDSON","VERIFIED","hydraulic","Renumeración hidráulica documentada; conserva referencia","AUDITORIA_REMAP_HIDRAULICO_20260917","EH63375","EH63375","","https://elimfilters.com/products/eh684375/","404","","false","https://elimfilters.com/products/eh63375/","404",""
"322","EH684860","P584860","DONALDSON","VERIFIED","hydraulic","Renumeración hidráulica documentada; conserva referencia","AUDITORIA_REMAP_HIDRAULICO_20260917","EH61860","EH61860","","https://elimfilters.com/products/eh684860/","404","","false","https://elimfilters.com/products/eh61860/","404",""
"322","EH684864","P584864","DONALDSON","VERIFIED","hydraulic","Renumeración hidráulica documentada; conserva referencia","AUDITORIA_REMAP_HIDRAULICO_20260917","EH61864","EH61864","","https://elimfilters.com/products/eh684864/","404","","false","https://elimfilters.com/products/eh61864/","404",""
"322","EH684865","P584865","DONALDSON","VERIFIED","hydraulic","Renumeración hidráulica documentada; conserva referencia","AUDITORIA_REMAP_HIDRAULICO_20260917","EH61865","EH61865","","https://elimfilters.com/products/eh684865/","404","","false","https://elimfilters.com/products/eh61865/","404",""
"322","EH685189","P585189","DONALDSON","VERIFIED","hydraulic","Renumeración hidráulica documentada; conserva referencia","AUDITORIA_REMAP_HIDRAULICO_20260917","EH62189","EH62189","","https://elimfilters.com/products/eh685189/","404","","false","https://elimfilters.com/products/eh62189/","404",""
"72","EH685195","EH685195","","UNVERIFIED","hydraulic","Ausencia sin traza directa; coincidencia de referencia no autoriza consolidación","SIN_TRAZA_DIRECTA","","","EH65195","https://elimfilters.com/products/eh685195/","404","","false","https://elimfilters.com/products/eh65195/","404",""
"72","EH685196","EH685196","","UNVERIFIED","hydraulic","Ausencia sin traza directa; coincidencia de referencia no autoriza consolidación","SIN_TRAZA_DIRECTA","","","EH65196","https://elimfilters.com/products/eh685196/","404","","false","https://elimfilters.com/products/eh65196/","404",""
"72","EH685197","EH685197","","UNVERIFIED","hydraulic","Ausencia sin traza directa; coincidencia de referencia no autoriza consolidación","SIN_TRAZA_DIRECTA","","","EH65197","https://elimfilters.com/products/eh685197/","404","","false","https://elimfilters.com/products/eh65197/","404",""
"72","EH685198","EH685198","","UNVERIFIED","hydraulic","Ausencia sin traza directa; coincidencia de referencia no autoriza consolidación","SIN_TRAZA_DIRECTA","","","EH65198","https://elimfilters.com/products/eh685198/","404","","false","https://elimfilters.com/products/eh65198/","404",""
"72","EH685199","EH685199","","UNVERIFIED","hydraulic","Ausencia sin traza directa; coincidencia de referencia no autoriza consolidación","SIN_TRAZA_DIRECTA","","","EH65199","https://elimfilters.com/products/eh685199/","404","","false","https://elimfilters.com/products/eh65199/","404",""
"72","EH685200","EH685200","","UNVERIFIED","hydraulic","Ausencia sin traza directa; coincidencia de referencia no autoriza consolidación","SIN_TRAZA_DIRECTA","","","EH65200","https://elimfilters.com/products/eh685200/","404","","false","https://elimfilters.com/products/eh65200/","404",""
"72","EH685201","EH685201","","UNVERIFIED","hydraulic","Ausencia sin traza directa; coincidencia de referencia no autoriza consolidación","SIN_TRAZA_DIRECTA","","","EH65201","https://elimfilters.com/products/eh685201/","404","","false","https://elimfilters.com/products/eh65201/","404",""
"72","EH685202","EH685202","","UNVERIFIED","hydraulic","Ausencia sin traza directa; coincidencia de referencia no autoriza consolidación","SIN_TRAZA_DIRECTA","","","EH65202","https://elimfilters.com/products/eh685202/","404","","false","https://elimfilters.com/products/eh65202/","404",""
"72","EH685203","EH685203","","UNVERIFIED","hydraulic","Ausencia sin traza directa; coincidencia de referencia no autoriza consolidación","SIN_TRAZA_DIRECTA","","","EH65203","https://elimfilters.com/products/eh685203/","404","","false","https://elimfilters.com/products/eh65203/","404",""
"72","EL80094","LF4009","","UNVERIFIED","oil","Ausencia sin traza directa; coincidencia de referencia no autoriza consolidación","SIN_TRAZA_DIRECTA","","","EL84009","https://elimfilters.com/products/el80094/","404","","false","https://elimfilters.com/products/el84009/","404",""
"72","EL80352","P502352","","UNVERIFIED","oil","Ausencia sin traza directa; coincidencia de referencia no autoriza consolidación","SIN_TRAZA_DIRECTA","","","EL82352","https://elimfilters.com/products/el80352/","404","","false","https://elimfilters.com/products/el82352/","404",""
"322","EL83489","P173489","DONALDSON","VERIFIED","oil","Renumeración comprobada por mismo ID y referencia; motivo no documentado","MISMO_ID_ORIGEN_Y_SNAPSHOT_5441_SEP24","EH63489","EH63489","","https://elimfilters.com/products/el83489/","404","","false","https://elimfilters.com/products/eh63489/","404",""
"72","EL883714","EL883714","","UNVERIFIED","oil","Ausencia sin traza directa; coincidencia de referencia no autoriza consolidación","SIN_TRAZA_DIRECTA","","","EL83714","https://elimfilters.com/products/el883714/","404","","false","https://elimfilters.com/products/el83714/","404",""
"72","EL883715","EL883715","","UNVERIFIED","oil","Ausencia sin traza directa; coincidencia de referencia no autoriza consolidación","SIN_TRAZA_DIRECTA","","","EL83715","https://elimfilters.com/products/el883715/","404","","false","https://elimfilters.com/products/el83715/","404",""
"72","EL883716","EL883716","","UNVERIFIED","oil","Ausencia sin traza directa; coincidencia de referencia no autoriza consolidación","SIN_TRAZA_DIRECTA","","","EL83716","https://elimfilters.com/products/el883716/","404","","false","https://elimfilters.com/products/el83716/","404",""
"72","EL883717","EL883717","","UNVERIFIED","oil","Ausencia sin traza directa; coincidencia de referencia no autoriza consolidación","SIN_TRAZA_DIRECTA","","","EL83717","https://elimfilters.com/products/el883717/","404","","false","https://elimfilters.com/products/el83717/","404",""
"72","EL883718","EL883718","","UNVERIFIED","oil","Ausencia sin traza directa; coincidencia de referencia no autoriza consolidación","SIN_TRAZA_DIRECTA","","","EL83718","https://elimfilters.com/products/el883718/","404","","false","https://elimfilters.com/products/el83718/","404",""
"72","EL883719","EL883719","","UNVERIFIED","oil","Ausencia sin traza directa; coincidencia de referencia no autoriza consolidación","SIN_TRAZA_DIRECTA","","","EL83719","https://elimfilters.com/products/el883719/","404","","false","https://elimfilters.com/products/el83719/","404",""
"72","EL883720","EL883720","","UNVERIFIED","oil","Ausencia sin traza directa; coincidencia de referencia no autoriza consolidación","SIN_TRAZA_DIRECTA","","","EL83720","https://elimfilters.com/products/el883720/","404","","false","https://elimfilters.com/products/el83720/","404",""
"72","EL883721","EL883721","","UNVERIFIED","oil","Ausencia sin traza directa; coincidencia de referencia no autoriza consolidación","SIN_TRAZA_DIRECTA","","","EL83721","https://elimfilters.com/products/el883721/","404","","false","https://elimfilters.com/products/el83721/","404",""
"72","EL883722","EL883722","","UNVERIFIED","oil","Ausencia sin traza directa; coincidencia de referencia no autoriza consolidación","SIN_TRAZA_DIRECTA","","","EL83722","https://elimfilters.com/products/el883722/","404","","false","https://elimfilters.com/products/el83722/","404",""
"72","EL883728","EL883728","","UNVERIFIED","oil","Ausencia sin traza directa; coincidencia de referencia no autoriza consolidación","SIN_TRAZA_DIRECTA","","","EL83728","https://elimfilters.com/products/el883728/","404","","false","https://elimfilters.com/products/el83728/","404",""
"72","EL883729","EL883729","","UNVERIFIED","oil","Ausencia sin traza directa; coincidencia de referencia no autoriza consolidación","SIN_TRAZA_DIRECTA","","","EL83729","https://elimfilters.com/products/el883729/","404","","false","https://elimfilters.com/products/el83729/","404",""
"72","EL883730","EL883730","","UNVERIFIED","oil","Ausencia sin traza directa; coincidencia de referencia no autoriza consolidación","SIN_TRAZA_DIRECTA","","","EL83730","https://elimfilters.com/products/el883730/","404","","false","https://elimfilters.com/products/el83730/","404",""
"72","EL883732","EL883732","","UNVERIFIED","oil","Ausencia sin traza directa; coincidencia de referencia no autoriza consolidación","SIN_TRAZA_DIRECTA","","","EL83732","https://elimfilters.com/products/el883732/","404","","false","https://elimfilters.com/products/el83732/","404",""
"72","EL883733","EL883733","","UNVERIFIED","oil","Ausencia sin traza directa; coincidencia de referencia no autoriza consolidación","SIN_TRAZA_DIRECTA","","","EL83733","https://elimfilters.com/products/el883733/","404","","false","https://elimfilters.com/products/el83733/","404",""
"72","EL883734","EL883734","","UNVERIFIED","oil","Ausencia sin traza directa; coincidencia de referencia no autoriza consolidación","SIN_TRAZA_DIRECTA","","","EL83734","https://elimfilters.com/products/el883734/","404","","false","https://elimfilters.com/products/el83734/","404",""
"72","EL883735","EL883735","","UNVERIFIED","oil","Ausencia sin traza directa; coincidencia de referencia no autoriza consolidación","SIN_TRAZA_DIRECTA","","","EL83735","https://elimfilters.com/products/el883735/","404","","false","https://elimfilters.com/products/el83735/","404",""
"72","EL883737","EL883737","","UNVERIFIED","oil","Ausencia sin traza directa; coincidencia de referencia no autoriza consolidación","SIN_TRAZA_DIRECTA","","","EL83737","https://elimfilters.com/products/el883737/","404","","false","https://elimfilters.com/products/el83737/","404",""
"72","EL883738","EL883738","","UNVERIFIED","oil","Ausencia sin traza directa; coincidencia de referencia no autoriza consolidación","SIN_TRAZA_DIRECTA","","","EL83738","https://elimfilters.com/products/el883738/","404","","false","https://elimfilters.com/products/el83738/","404",""
"72","EL883739","EL883739","","UNVERIFIED","oil","Ausencia sin traza directa; coincidencia de referencia no autoriza consolidación","SIN_TRAZA_DIRECTA","","","EL83739","https://elimfilters.com/products/el883739/","404","","false","https://elimfilters.com/products/el83739/","404",""
"72","EL883740","EL883740","","UNVERIFIED","oil","Ausencia sin traza directa; coincidencia de referencia no autoriza consolidación","SIN_TRAZA_DIRECTA","","","EL83740","https://elimfilters.com/products/el883740/","404","","false","https://elimfilters.com/products/el83740/","404",""
"72","EL883741","EL883741","","UNVERIFIED","oil","Ausencia sin traza directa; coincidencia de referencia no autoriza consolidación","SIN_TRAZA_DIRECTA","","","EL83741","https://elimfilters.com/products/el883741/","404","","false","https://elimfilters.com/products/el83741/","404",""
"72","EL883742","EL883742","","UNVERIFIED","oil","Ausencia sin traza directa; coincidencia de referencia no autoriza consolidación","SIN_TRAZA_DIRECTA","","","EL83742","https://elimfilters.com/products/el883742/","404","","false","https://elimfilters.com/products/el83742/","404",""
"72","EL883743","EL883743","","UNVERIFIED","oil","Ausencia sin traza directa; coincidencia de referencia no autoriza consolidación","SIN_TRAZA_DIRECTA","","","EL83743","https://elimfilters.com/products/el883743/","404","","false","https://elimfilters.com/products/el83743/","404",""
"72","ES90990","P550990","","UNVERIFIED","oil","Renumeración comprobada por mismo ID y referencia; motivo no documentado","MISMO_ID_ORIGEN_Y_SNAPSHOT_5441_SEP24","EL80990","EL80990","","https://elimfilters.com/products/es90990/","404","","false","https://elimfilters.com/products/el80990/","404",""
"72","ET932002","P553202","","UNVERIFIED","fuel","Renumeración comprobada por mismo ID y referencia; motivo no documentado","MISMO_ID_ORIGEN_Y_SNAPSHOT_5441_SEP24","ET92002","ET92002","","https://elimfilters.com/products/et932002/","404","","false","https://elimfilters.com/products/et92002/","404",""
"322","ET93201P","P555010","DONALDSON","VERIFIED","fuel","Reclasificación/renumeración de combustible documentada; conserva referencia","AUDITORIA_INGESTA_COMBUSTIBLE_20260917","ES95010","ES95010","","https://elimfilters.com/products/et93201p/","404","","false","https://elimfilters.com/products/es95010/","404",""
"322","ET93208T","P553004","DONALDSON","VERIFIED","fuel","Reclasificación/renumeración de combustible documentada; conserva referencia","AUDITORIA_INGESTA_COMBUSTIBLE_20260917","EF9553004","EF9553004","","https://elimfilters.com/products/et93208t/","404","","false","https://elimfilters.com/products/ef9553004/","404",""