authority,family,proposed_sku,analyzer_status,final_disposition,candidate_count,candidates,final_reason
"CA10013","AIR","EA30013","EXISTING_DIRECT","RESOLVED","0","","Already covered by an existing ELIMFILTERS product under current FRAM evidence."
"CA10014","AIR","EA30014","SKU_COLLISION_EXISTING","QUARANTINE_FINAL","0","","Proposed ELIMFILTERS SKU is already occupied; no strong technical identity proof. Current policy forbids inventing a replacement number."
"CA10015","AIR","EA30015","SKU_COLLISION_EXISTING","QUARANTINE_FINAL","0","","Proposed ELIMFILTERS SKU is already occupied; no strong technical identity proof. Current policy forbids inventing a replacement number."
"CA10022","AIR","EA30022","SKU_COLLISION_EXISTING","QUARANTINE_FINAL","0","","Proposed ELIMFILTERS SKU is already occupied; no strong technical identity proof. Current policy forbids inventing a replacement number."
"CA10029","AIR","EA30029","SKU_COLLISION_EXISTING","QUARANTINE_FINAL","0","","Proposed ELIMFILTERS SKU is already occupied; no strong technical identity proof. Current policy forbids inventing a replacement number."
"CA10029SY","AIR","EA30029","SKU_COLLISION_EXISTING","QUARANTINE_FINAL","0","","Proposed ELIMFILTERS SKU is already occupied; no strong technical identity proof. Current policy forbids inventing a replacement number."
"CA10031","AIR","EA30031","SKU_COLLISION_EXISTING","QUARANTINE_FINAL","0","","Proposed ELIMFILTERS SKU is already occupied; no strong technical identity proof. Current policy forbids inventing a replacement number."
"CA10034","AIR","EA30034","SKU_COLLISION_EXISTING","QUARANTINE_FINAL","0","","Proposed ELIMFILTERS SKU is already occupied; no strong technical identity proof. Current policy forbids inventing a replacement number."
"CA10064","AIR","EA30064","EXISTING_DIRECT","RESOLVED","0","","Already covered by an existing ELIMFILTERS product under current FRAM evidence."
"CA10065","AIR","EA30065","SKU_COLLISION_EXISTING","QUARANTINE_FINAL","0","","Proposed ELIMFILTERS SKU is already occupied; no strong technical identity proof. Current policy forbids inventing a replacement number."
"CA10071","AIR","EA30071","SKU_COLLISION_EXISTING","QUARANTINE_FINAL","0","","Proposed ELIMFILTERS SKU is already occupied; no strong technical identity proof. Current policy forbids inventing a replacement number."
"CA10083","AIR","EA30083","SKU_COLLISION_EXISTING","QUARANTINE_FINAL","0","","Proposed ELIMFILTERS SKU is already occupied; no strong technical identity proof. Current policy forbids inventing a replacement number."
"CA10084","AIR","EA30084","SKU_COLLISION_EXISTING","QUARANTINE_FINAL","0","","Proposed ELIMFILTERS SKU is already occupied; no strong technical identity proof. Current policy forbids inventing a replacement number."
"CA10085","AIR","EA30085","SKU_COLLISION_EXISTING","QUARANTINE_FINAL","0","","Proposed ELIMFILTERS SKU is already occupied; no strong technical identity proof. Current policy forbids inventing a replacement number."
"CA10086","AIR","EA30086","EXISTING_DIRECT","RESOLVED","0","","Already covered by an existing ELIMFILTERS product under current FRAM evidence."
"CA10088","AIR","EA30088","SKU_COLLISION_EXISTING","QUARANTINE_FINAL","0","","Proposed ELIMFILTERS SKU is already occupied; no strong technical identity proof. Current policy forbids inventing a replacement number."
"CA10092","AIR","EA30092","SKU_COLLISION_EXISTING","QUARANTINE_FINAL","0","","Proposed ELIMFILTERS SKU is already occupied; no strong technical identity proof. Current policy forbids inventing a replacement number."
"CA10093","AIR","EA30093","SKU_COLLISION_EXISTING","QUARANTINE_FINAL","0","","Proposed ELIMFILTERS SKU is already occupied; no strong technical identity proof. Current policy forbids inventing a replacement number."
"CA10094","AIR","EA30094","EXISTING_DIRECT","RESOLVED","0","","Already covered by an existing ELIMFILTERS product under current FRAM evidence."
"CA101","AIR","EA30101","SKU_COLLISION_EXISTING","QUARANTINE_FINAL","0","","Proposed ELIMFILTERS SKU is already occupied; no strong technical identity proof. Current policy forbids inventing a replacement number."
"CA10110","AIR","EA30110","SKU_COLLISION_EXISTING","QUARANTINE_FINAL","0","","Proposed ELIMFILTERS SKU is already occupied; no strong technical identity proof. Current policy forbids inventing a replacement number."
"CA10115","AIR","EA30115","EXISTING_DIRECT","RESOLVED","0","","Already covered by an existing ELIMFILTERS product under current FRAM evidence."
"CA10118","AIR","EA30118","SKU_COLLISION_EXISTING","QUARANTINE_FINAL","0","","Proposed ELIMFILTERS SKU is already occupied; no strong technical identity proof. Current policy forbids inventing a replacement number."
"CA10120","AIR","EA30120","EXISTING_DIRECT","RESOLVED","0","","Already covered by an existing ELIMFILTERS product under current FRAM evidence."
"CA10159","AIR","EA30159","FRAM_SKU_COLLISION","QUARANTINE_FINAL","0","","Two or more distinct FRAM authorities collapse to the same 4-digit ELIMFILTERS namespace. Not safe to merge."
"CA10161","AIR","EA30161","SKU_COLLISION_EXISTING","QUARANTINE_FINAL","0","","Proposed ELIMFILTERS SKU is already occupied; no strong technical identity proof. Current policy forbids inventing a replacement number."
"CA10162","AIR","EA30162","FRAM_SKU_COLLISION","QUARANTINE_FINAL","0","","Two or more distinct FRAM authorities collapse to the same 4-digit ELIMFILTERS namespace. Not safe to merge."
"CA10163","AIR","EA30163","SKU_COLLISION_EXISTING","QUARANTINE_FINAL","0","","Proposed ELIMFILTERS SKU is already occupied; no strong technical identity proof. Current policy forbids inventing a replacement number."
"CA10165","AIR","EA30165","EXISTING_DIRECT","RESOLVED","0","","Already covered by an existing ELIMFILTERS product under current FRAM evidence."
"CA10169","AIR","EA30169","EXISTING_DIRECT","RESOLVED","0","","Already covered by an existing ELIMFILTERS product under current FRAM evidence."
"CA10170","AIR","EA30170","SKU_COLLISION_EXISTING","QUARANTINE_FINAL","0","","Proposed ELIMFILTERS SKU is already occupied; no strong technical identity proof. Current policy forbids inventing a replacement number."
"CA10171","AIR","EA30171","SKU_COLLISION_EXISTING","QUARANTINE_FINAL","0","","Proposed ELIMFILTERS SKU is already occupied; no strong technical identity proof. Current policy forbids inventing a replacement number."
"CA10173","AIR","EA30173","EXISTING_DIRECT","RESOLVED","0","","Already covered by an existing ELIMFILTERS product under current FRAM evidence."
"CA10190","AIR","EA30190","EXISTING_DIRECT","RESOLVED","0","","Already covered by an existing ELIMFILTERS product under current FRAM evidence."
"CA10191","AIR","EA30191","INSUFFICIENT_EXISTING","QUARANTINE_FINAL","1","EA38766","Existing-product evidence is insufficient to prove identity without ambiguity."
"CA10192","AIR","EA30192","FRAM_SKU_COLLISION","QUARANTINE_FINAL","0","","Two or more distinct FRAM authorities collapse to the same 4-digit ELIMFILTERS namespace. Not safe to merge."
"CA10193","AIR","EA30193","SKU_COLLISION_EXISTING","QUARANTINE_FINAL","0","","Proposed ELIMFILTERS SKU is already occupied; no strong technical identity proof. Current policy forbids inventing a replacement number."
"CA102","AIR","EA30102","SKU_COLLISION_EXISTING","QUARANTINE_FINAL","0","","Proposed ELIMFILTERS SKU is already occupied; no strong technical identity proof. Current policy forbids inventing a replacement number."
"CA10228","AIR","EA30228","FRAM_SKU_COLLISION","QUARANTINE_FINAL","0","","Two or more distinct FRAM authorities collapse to the same 4-digit ELIMFILTERS namespace. Not safe to merge."
"CA10233","AIR","EA30233","EXISTING_DIRECT","RESOLVED","0","","Already covered by an existing ELIMFILTERS product under current FRAM evidence."
"CA10234","AIR","EA30234","EXISTING_DIRECT","RESOLVED","0","","Already covered by an existing ELIMFILTERS product under current FRAM evidence."
"CA10236","AIR","EA30236","EXISTING_DIRECT","RESOLVED","0","","Already covered by an existing ELIMFILTERS product under current FRAM evidence."
"CA10238","AIR","EA30238","EXISTING_DIRECT","RESOLVED","0","","Already covered by an existing ELIMFILTERS product under current FRAM evidence."
"CA10242","AIR","EA30242","SKU_COLLISION_EXISTING","QUARANTINE_FINAL","0","","Proposed ELIMFILTERS SKU is already occupied; no strong technical identity proof. Current policy forbids inventing a replacement number."
"CA10253","AIR","EA30253","INSUFFICIENT_EXISTING","QUARANTINE_FINAL","1","EA34137","Existing-product evidence is insufficient to prove identity without ambiguity."
"CA10254","AIR","EA30254","EXISTING_DIRECT","RESOLVED","0","","Already covered by an existing ELIMFILTERS product under current FRAM evidence."
"CA10255","AIR","EA30255","EXISTING_DIRECT","RESOLVED","0","","Already covered by an existing ELIMFILTERS product under current FRAM evidence."
"CA10256","AIR","EA30256","EXISTING_DIRECT","RESOLVED","0","","Already covered by an existing ELIMFILTERS product under current FRAM evidence."
"CA10257","AIR","EA30257","EXISTING_DIRECT","RESOLVED","0","","Already covered by an existing ELIMFILTERS product under current FRAM evidence."
"CA10261","AIR","EA30261","EXISTING_DIRECT","RESOLVED","0","","Already covered by an existing ELIMFILTERS product under current FRAM evidence."
"CA10262","AIR","EA30262","SKU_COLLISION_EXISTING","QUARANTINE_FINAL","0","","Proposed ELIMFILTERS SKU is already occupied; no strong technical identity proof. Current policy forbids inventing a replacement number."
"CA10270","AIR","EA30270","EXISTING_DIRECT","RESOLVED","0","","Already covered by an existing ELIMFILTERS product under current FRAM evidence."
"CA10271","AIR","EA30271","SKU_COLLISION_EXISTING","QUARANTINE_FINAL","0","","Proposed ELIMFILTERS SKU is already occupied; no strong technical identity proof. Current policy forbids inventing a replacement number."
"CA10281","AIR","EA30281","FRAM_SKU_COLLISION","QUARANTINE_FINAL","0","","Two or more distinct FRAM authorities collapse to the same 4-digit ELIMFILTERS namespace. Not safe to merge."
"CA10281SY","AIR","EA30281","FRAM_SKU_COLLISION","QUARANTINE_FINAL","0","","Two or more distinct FRAM authorities collapse to the same 4-digit ELIMFILTERS namespace. Not safe to merge."
"CA10283","AIR","EA30283","FRAM_SKU_COLLISION","QUARANTINE_FINAL","0","","Two or more distinct FRAM authorities collapse to the same 4-digit ELIMFILTERS namespace. Not safe to merge."
"CA10286","AIR","EA30286","EXISTING_DIRECT","RESOLVED","0","","Already covered by an existing ELIMFILTERS product under current FRAM evidence."
"CA10305","AIR","EA30305","SKU_COLLISION_EXISTING","QUARANTINE_FINAL","0","","Proposed ELIMFILTERS SKU is already occupied; no strong technical identity proof. Current policy forbids inventing a replacement number."
"CA10328","AIR","EA30328","FRAM_SKU_COLLISION","QUARANTINE_FINAL","0","","Two or more distinct FRAM authorities collapse to the same 4-digit ELIMFILTERS namespace. Not safe to merge."
"CA10330","AIR","EA30330","EXISTING_DIRECT","RESOLVED","0","","Already covered by an existing ELIMFILTERS product under current FRAM evidence."
"CA10343","AIR","EA30343","EXISTING_DIRECT","RESOLVED","0","","Already covered by an existing ELIMFILTERS product under current FRAM evidence."
"CA10344","AIR","EA30344","EXISTING_DIRECT","RESOLVED","0","","Already covered by an existing ELIMFILTERS product under current FRAM evidence."
"CA10346","AIR","EA30346","FRAM_SKU_COLLISION","QUARANTINE_FINAL","0","","Two or more distinct FRAM authorities collapse to the same 4-digit ELIMFILTERS namespace. Not safe to merge."
"CA10347","AIR","EA30347","FRAM_SKU_COLLISION","QUARANTINE_FINAL","0","","Two or more distinct FRAM authorities collapse to the same 4-digit ELIMFILTERS namespace. Not safe to merge."
"CA10348","AIR","EA30348","EXISTING_DIRECT","RESOLVED","0","","Already covered by an existing ELIMFILTERS product under current FRAM evidence."
"CA10349","AIR","EA30349","EXISTING_DIRECT","RESOLVED","0","","Already covered by an existing ELIMFILTERS product under current FRAM evidence."
"CA10359","AIR","EA30359","EXISTING_DIRECT","RESOLVED","0","","Already covered by an existing ELIMFILTERS product under current FRAM evidence."
"CA10432","AIR","EA30432","SKU_COLLISION_EXISTING","QUARANTINE_FINAL","0","","Proposed ELIMFILTERS SKU is already occupied; no strong technical identity proof. Current policy forbids inventing a replacement number."
"CA10464","AIR","EA30464","EXISTING_DIRECT","RESOLVED","0","","Already covered by an existing ELIMFILTERS product under current FRAM evidence."
"CA10465","AIR","EA30465","EXISTING_DIRECT","RESOLVED","0","","Already covered by an existing ELIMFILTERS product under current FRAM evidence."
"CA10466","AIR","EA30466","EXISTING_DIRECT","RESOLVED","0","","Already covered by an existing ELIMFILTERS product under current FRAM evidence."
"CA10467","AIR","EA30467","EXISTING_DIRECT","RESOLVED","0","","Already covered by an existing ELIMFILTERS product under current FRAM evidence."
"CA10468","AIR","EA30468","EXISTING_DIRECT","RESOLVED","0","","Already covered by an existing ELIMFILTERS product under current FRAM evidence."
"CA10470","AIR","EA30470","EXISTING_DIRECT","RESOLVED","0","","Already covered by an existing ELIMFILTERS product under current FRAM evidence."
"CA10488","AIR","EA30488","EXISTING_DIRECT","RESOLVED","0","","Already covered by an existing ELIMFILTERS product under current FRAM evidence."
"CA10490","AIR","EA30490","EXISTING_DIRECT","RESOLVED","0","","Already covered by an existing ELIMFILTERS product under current FRAM evidence."
"CA10494","AIR","EA30494","EXISTING_DIRECT","RESOLVED","0","","Already covered by an existing ELIMFILTERS product under current FRAM evidence."
"CA10495","AIR","EA30495","EXISTING_DIRECT","RESOLVED","0","","Already covered by an existing ELIMFILTERS product under current FRAM evidence."
"CA10497","AIR","EA30497","EXISTING_DIRECT","RESOLVED","0","","Already covered by an existing ELIMFILTERS product under current FRAM evidence."
"CA10498","AIR","EA30498","EXISTING_DIRECT","RESOLVED","0","","Already covered by an existing ELIMFILTERS product under current FRAM evidence."
"CA10500","AIR","EA30500","SKU_COLLISION_EXISTING","QUARANTINE_FINAL","0","","Proposed ELIMFILTERS SKU is already occupied; no strong technical identity proof. Current policy forbids inventing a replacement number."
"CA10516","AIR","EA30516","EXISTING_DIRECT","RESOLVED","0","","Already covered by an existing ELIMFILTERS product under current FRAM evidence."
"CA10522","AIR","EA30522","SKU_COLLISION_EXISTING","QUARANTINE_FINAL","0","","Proposed ELIMFILTERS SKU is already occupied; no strong technical identity proof. Current policy forbids inventing a replacement number."
"CA10538","AIR","EA30538","EXISTING_DIRECT","RESOLVED","0","","Already covered by an existing ELIMFILTERS product under current FRAM evidence."
"CA10539","AIR","EA30539","EXISTING_DIRECT","RESOLVED","0","","Already covered by an existing ELIMFILTERS product under current FRAM evidence."
"CA10540","AIR","EA30540","EXISTING_DIRECT","RESOLVED","0","","Already covered by an existing ELIMFILTERS product under current FRAM evidence."
"CA10542","AIR","EA30542","FRAM_SKU_COLLISION","QUARANTINE_FINAL","0","","Two or more distinct FRAM authorities collapse to the same 4-digit ELIMFILTERS namespace. Not safe to merge."
"CA10544","AIR","EA30544","EXISTING_DIRECT","RESOLVED","0","","Already covered by an existing ELIMFILTERS product under current FRAM evidence."
"CA10551","AIR","EA30551","SKU_COLLISION_EXISTING","QUARANTINE_FINAL","0","","Proposed ELIMFILTERS SKU is already occupied; no strong technical identity proof. Current policy forbids inventing a replacement number."
"CA10573","AIR","EA30573","FRAM_SKU_COLLISION","QUARANTINE_FINAL","0","","Two or more distinct FRAM authorities collapse to the same 4-digit ELIMFILTERS namespace. Not safe to merge."
"CA10578","AIR","EA30578","EXISTING_DIRECT","RESOLVED","0","","Already covered by an existing ELIMFILTERS product under current FRAM evidence."
"CA10591","AIR","EA30591","EXISTING_DIRECT","RESOLVED","0","","Already covered by an existing ELIMFILTERS product under current FRAM evidence."
"CA10604","AIR","EA30604","EXISTING_DIRECT","RESOLVED","0","","Already covered by an existing ELIMFILTERS product under current FRAM evidence."
"CA10616","AIR","EA30616","EXISTING_DIRECT","RESOLVED","0","","Already covered by an existing ELIMFILTERS product under current FRAM evidence."
"CA10626","AIR","EA30626","EXISTING_DIRECT","RESOLVED","0","","Already covered by an existing ELIMFILTERS product under current FRAM evidence."
"CA10650","AIR","EA30650","EXISTING_DIRECT","RESOLVED","0","","Already covered by an existing ELIMFILTERS product under current FRAM evidence."
"CA10661","AIR","EA30661","SKU_COLLISION_EXISTING","QUARANTINE_FINAL","0","","Proposed ELIMFILTERS SKU is already occupied; no strong technical identity proof. Current policy forbids inventing a replacement number."
"CA10662","AIR","EA30662","EXISTING_DIRECT","RESOLVED","0","","Already covered by an existing ELIMFILTERS product under current FRAM evidence."
"CA10675","AIR","EA30675","EXISTING_DIRECT","RESOLVED","0","","Already covered by an existing ELIMFILTERS product under current FRAM evidence."
"CA10676","AIR","EA30676","EXISTING_DIRECT","RESOLVED","0","","Already covered by an existing ELIMFILTERS product under current FRAM evidence."
"CA10677","AIR","EA30677","EXISTING_DIRECT","RESOLVED","0","","Already covered by an existing ELIMFILTERS product under current FRAM evidence."
"CA10680","AIR","EA30680","EXISTING_DIRECT","RESOLVED","0","","Already covered by an existing ELIMFILTERS product under current FRAM evidence."
"CA10685","AIR","EA30685","EXISTING_DIRECT","RESOLVED","0","","Already covered by an existing ELIMFILTERS product under current FRAM evidence."
"CA10690","AIR","EA30690","EXISTING_DIRECT","RESOLVED","0","","Already covered by an existing ELIMFILTERS product under current FRAM evidence."
"CA10692","AIR","EA30692","EXISTING_DIRECT","RESOLVED","0","","Already covered by an existing ELIMFILTERS product under current FRAM evidence."
"CA10693","AIR","EA30693","EXISTING_DIRECT","RESOLVED","0","","Already covered by an existing ELIMFILTERS product under current FRAM evidence."
"CA10694","AIR","EA30694","EXISTING_DIRECT","RESOLVED","0","","Already covered by an existing ELIMFILTERS product under current FRAM evidence."
"CA10699","AIR","EA30699","EXISTING_DIRECT","RESOLVED","0","","Already covered by an existing ELIMFILTERS product under current FRAM evidence."
"CA10714","AIR","EA30714","EXISTING_DIRECT","RESOLVED","0","","Already covered by an existing ELIMFILTERS product under current FRAM evidence."
"CA10720","AIR","EA30720","EXISTING_DIRECT","RESOLVED","0","","Already covered by an existing ELIMFILTERS product under current FRAM evidence."
"CA10721","AIR","EA30721","EXISTING_DIRECT","RESOLVED","0","","Already covered by an existing ELIMFILTERS product under current FRAM evidence."
"CA10722","AIR","EA30722","SKU_COLLISION_EXISTING","QUARANTINE_FINAL","0","","Proposed ELIMFILTERS SKU is already occupied; no strong technical identity proof. Current policy forbids inventing a replacement number."
"CA10738","AIR","EA30738","EXISTING_DIRECT","RESOLVED","0","","Already covered by an existing ELIMFILTERS product under current FRAM evidence."
"CA10740","AIR","EA30740","EXISTING_DIRECT","RESOLVED","0","","Already covered by an existing ELIMFILTERS product under current FRAM evidence."
"CA10741","AIR","EA30741","EXISTING_DIRECT","RESOLVED","0","","Already covered by an existing ELIMFILTERS product under current FRAM evidence."
"CA10755","AIR","EA30755","INSUFFICIENT_EXISTING","QUARANTINE_FINAL","1","EA32377","Existing-product evidence is insufficient to prove identity without ambiguity."
"CA10762","AIR","EA30762","SKU_COLLISION_EXISTING","QUARANTINE_FINAL","0","","Proposed ELIMFILTERS SKU is already occupied; no strong technical identity proof. Current policy forbids inventing a replacement number."
"CA10781","AIR","EA30781","SKU_COLLISION_EXISTING","QUARANTINE_FINAL","0","","Proposed ELIMFILTERS SKU is already occupied; no strong technical identity proof. Current policy forbids inventing a replacement number."
"CA10783","AIR","EA30783","EXISTING_DIRECT","RESOLVED","0","","Already covered by an existing ELIMFILTERS product under current FRAM evidence."
"CA10784","AIR","EA30784","SKU_COLLISION_EXISTING","QUARANTINE_FINAL","0","","Proposed ELIMFILTERS SKU is already occupied; no strong technical identity proof. Current policy forbids inventing a replacement number."
"CA10785","AIR","EA30785","SKU_COLLISION_EXISTING","QUARANTINE_FINAL","0","","Proposed ELIMFILTERS SKU is already occupied; no strong technical identity proof. Current policy forbids inventing a replacement number."
"CA10787","AIR","EA30787","EXISTING_DIRECT","RESOLVED","0","","Already covered by an existing ELIMFILTERS product under current FRAM evidence."
"CA10790","AIR","EA30790","FRAM_SKU_COLLISION","QUARANTINE_FINAL","0","","Two or more distinct FRAM authorities collapse to the same 4-digit ELIMFILTERS namespace. Not safe to merge."
"CA10790SY","AIR","EA30790","FRAM_SKU_COLLISION","QUARANTINE_FINAL","0","","Two or more distinct FRAM authorities collapse to the same 4-digit ELIMFILTERS namespace. Not safe to merge."
"CA10798","AIR","EA30798","EXISTING_DIRECT","RESOLVED","0","","Already covered by an existing ELIMFILTERS product under current FRAM evidence."
"CA10800","AIR","EA30800","SKU_COLLISION_EXISTING","QUARANTINE_FINAL","0","","Proposed ELIMFILTERS SKU is already occupied; no strong technical identity proof. Current policy forbids inventing a replacement number."
"CA10802","AIR","EA30802","EXISTING_DIRECT","RESOLVED","0","","Already covered by an existing ELIMFILTERS product under current FRAM evidence."
"CA10834","AIR","EA30834","EXISTING_DIRECT","RESOLVED","0","","Already covered by an existing ELIMFILTERS product under current FRAM evidence."
"CA10835","AIR","EA30835","EXISTING_DIRECT","RESOLVED","0","","Already covered by an existing ELIMFILTERS product under current FRAM evidence."
"CA10839","AIR","EA30839","EXISTING_DIRECT","RESOLVED","0","","Already covered by an existing ELIMFILTERS product under current FRAM evidence."
"CA10867","AIR","EA30867","EXISTING_DIRECT","RESOLVED","0","","Already covered by an existing ELIMFILTERS product under current FRAM evidence."
"CA10868","AIR","EA30868","EXISTING_DIRECT","RESOLVED","0","","Already covered by an existing ELIMFILTERS product under current FRAM evidence."
"CA10869","AIR","EA30869","EXISTING_DIRECT","RESOLVED","0","","Already covered by an existing ELIMFILTERS product under current FRAM evidence."
"CA10870","AIR","EA30870","EXISTING_DIRECT","RESOLVED","0","","Already covered by an existing ELIMFILTERS product under current FRAM evidence."
"CA10881","AIR","EA30881","SKU_COLLISION_EXISTING","QUARANTINE_FINAL","0","","Proposed ELIMFILTERS SKU is already occupied; no strong technical identity proof. Current policy forbids inventing a replacement number."
"CA10882","AIR","EA30882","EXISTING_DIRECT","RESOLVED","0","","Already covered by an existing ELIMFILTERS product under current FRAM evidence."
"CA10885","AIR","EA30885","EXISTING_DIRECT","RESOLVED","0","","Already covered by an existing ELIMFILTERS product under current FRAM evidence."
"CA10886","AIR","EA30886","EXISTING_DIRECT","RESOLVED","0","","Already covered by an existing ELIMFILTERS product under current FRAM evidence."
"CA10888","AIR","EA30888","EXISTING_DIRECT","RESOLVED","0","","Already covered by an existing ELIMFILTERS product under current FRAM evidence."
"CA10901","AIR","EA30901","SKU_COLLISION_EXISTING","QUARANTINE_FINAL","0","","Proposed ELIMFILTERS SKU is already occupied; no strong technical identity proof. Current policy forbids inventing a replacement number."
"CA10910","AIR","EA30910","SKU_COLLISION_EXISTING","QUARANTINE_FINAL","0","","Proposed ELIMFILTERS SKU is already occupied; no strong technical identity proof. Current policy forbids inventing a replacement number."
"CA10982","AIR","EA30982","FRAM_SKU_COLLISION","QUARANTINE_FINAL","0","","Two or more distinct FRAM authorities collapse to the same 4-digit ELIMFILTERS namespace. Not safe to merge."
"CA10982SY","AIR","EA30982","FRAM_SKU_COLLISION","QUARANTINE_FINAL","0","","Two or more distinct FRAM authorities collapse to the same 4-digit ELIMFILTERS namespace. Not safe to merge."
"CA10983","AIR","EA30983","EXISTING_DIRECT","RESOLVED","0","","Already covered by an existing ELIMFILTERS product under current FRAM evidence."
"CA10984","AIR","EA30984","EXISTING_DIRECT","RESOLVED","0","","Already covered by an existing ELIMFILTERS product under current FRAM evidence."
"CA10986","AIR","EA30986","INSUFFICIENT_EXISTING","QUARANTINE_FINAL","1","EA31415","Existing-product evidence is insufficient to prove identity without ambiguity."
"CA10987","AIR","EA30987","EXISTING_DIRECT","RESOLVED","0","","Already covered by an existing ELIMFILTERS product under current FRAM evidence."
"CA10988","AIR","EA30988","EXISTING_DIRECT","RESOLVED","0","","Already covered by an existing ELIMFILTERS product under current FRAM evidence."
"CA10989","AIR","EA30989","EXISTING_DIRECT","RESOLVED","0","","Already covered by an existing ELIMFILTERS product under current FRAM evidence."
"CA10990","AIR","EA30990","SKU_COLLISION_EXISTING","QUARANTINE_FINAL","0","","Proposed ELIMFILTERS SKU is already occupied; no strong technical identity proof. Current policy forbids inventing a replacement number."
"CA10994","AIR","EA30994","EXISTING_DIRECT","RESOLVED","0","","Already covered by an existing ELIMFILTERS product under current FRAM evidence."
"CA10995","AIR","EA30995","EXISTING_DIRECT","RESOLVED","0","","Already covered by an existing ELIMFILTERS product under current FRAM evidence."
"CA10996","AIR","EA30996","EXISTING_DIRECT","RESOLVED","0","","Already covered by an existing ELIMFILTERS product under current FRAM evidence."
"CA10997","AIR","EA30997","EXISTING_DIRECT","RESOLVED","0","","Already covered by an existing ELIMFILTERS product under current FRAM evidence."
"CA10998","AIR","EA30998","EXISTING_DIRECT","RESOLVED","0","","Already covered by an existing ELIMFILTERS product under current FRAM evidence."
"CA10999","AIR","EA30999","EXISTING_DIRECT","RESOLVED","0","","Already covered by an existing ELIMFILTERS product under current FRAM evidence."
"CA11001","AIR","EA31001","SKU_COLLISION_EXISTING","QUARANTINE_FINAL","0","","Proposed ELIMFILTERS SKU is already occupied; no strong technical identity proof. Current policy forbids inventing a replacement number."
"CA11002","AIR","EA31002","SKU_COLLISION_EXISTING","QUARANTINE_FINAL","0","","Proposed ELIMFILTERS SKU is already occupied; no strong technical identity proof. Current policy forbids inventing a replacement number."
"CA11003","AIR","EA31003","INSUFFICIENT_EXISTING","QUARANTINE_FINAL","1","EA37597","Existing-product evidence is insufficient to prove identity without ambiguity."
"CA11004","AIR","EA31004","SKU_COLLISION_EXISTING","QUARANTINE_FINAL","0","","Proposed ELIMFILTERS SKU is already occupied; no strong technical identity proof. Current policy forbids inventing a replacement number."
"CA11005","AIR","EA31005","SKU_COLLISION_EXISTING","QUARANTINE_FINAL","0","","Proposed ELIMFILTERS SKU is already occupied; no strong technical identity proof. Current policy forbids inventing a replacement number."
"CA11006","AIR","EA31006","SKU_COLLISION_EXISTING","QUARANTINE_FINAL","0","","Proposed ELIMFILTERS SKU is already occupied; no strong technical identity proof. Current policy forbids inventing a replacement number."
"CA11010","AIR","EA31010","SKU_COLLISION_EXISTING","QUARANTINE_FINAL","0","","Proposed ELIMFILTERS SKU is already occupied; no strong technical identity proof. Current policy forbids inventing a replacement number."
"CA11011","AIR","EA31011","SKU_COLLISION_EXISTING","QUARANTINE_FINAL","0","","Proposed ELIMFILTERS SKU is already occupied; no strong technical identity proof. Current policy forbids inventing a replacement number."
"CA11013","AIR","EA31013","SKU_COLLISION_EXISTING","QUARANTINE_FINAL","0","","Proposed ELIMFILTERS SKU is already occupied; no strong technical identity proof. Current policy forbids inventing a replacement number."
"CA11027","AIR","EA31027","SKU_COLLISION_EXISTING","QUARANTINE_FINAL","0","","Proposed ELIMFILTERS SKU is already occupied; no strong technical identity proof. Current policy forbids inventing a replacement number."
"CA11029","AIR","EA31029","EXISTING_DIRECT","RESOLVED","0","","Already covered by an existing ELIMFILTERS product under current FRAM evidence."
"CA11030","AIR","EA31030","SKU_COLLISION_EXISTING","QUARANTINE_FINAL","0","","Proposed ELIMFILTERS SKU is already occupied; no strong technical identity proof. Current policy forbids inventing a replacement number."
"CA11031","AIR","EA31031","SKU_COLLISION_EXISTING","QUARANTINE_FINAL","0","","Proposed ELIMFILTERS SKU is already occupied; no strong technical identity proof. Current policy forbids inventing a replacement number."
"CA11033","AIR","EA31033","EXISTING_DIRECT","RESOLVED","0","","Already covered by an existing ELIMFILTERS product under current FRAM evidence."
"CA11034","AIR","EA31034","SKU_COLLISION_EXISTING","QUARANTINE_FINAL","0","","Proposed ELIMFILTERS SKU is already occupied; no strong technical identity proof. Current policy forbids inventing a replacement number."
"CA11041","AIR","EA31041","SKU_COLLISION_EXISTING","QUARANTINE_FINAL","0","","Proposed ELIMFILTERS SKU is already occupied; no strong technical identity proof. Current policy forbids inventing a replacement number."
"CA11042","AIR","EA31042","SKU_COLLISION_EXISTING","QUARANTINE_FINAL","0","","Proposed ELIMFILTERS SKU is already occupied; no strong technical identity proof. Current policy forbids inventing a replacement number."
"CA11048","AIR","EA31048","EXISTING_DIRECT","RESOLVED","0","","Already covered by an existing ELIMFILTERS product under current FRAM evidence."
"CA11049","AIR","EA31049","SKU_COLLISION_EXISTING","QUARANTINE_FINAL","0","","Proposed ELIMFILTERS SKU is already occupied; no strong technical identity proof. Current policy forbids inventing a replacement number."
"CA11050","AIR","EA31050","SKU_COLLISION_EXISTING","QUARANTINE_FINAL","0","","Proposed ELIMFILTERS SKU is already occupied; no strong technical identity proof. Current policy forbids inventing a replacement number."
"CA11053A","AIR","EA31053","SKU_COLLISION_EXISTING","QUARANTINE_FINAL","0","","Proposed ELIMFILTERS SKU is already occupied; no strong technical identity proof. Current policy forbids inventing a replacement number."
"CA11054","AIR","EA31054","INSUFFICIENT_EXISTING","QUARANTINE_FINAL","1","EA30626","Existing-product evidence is insufficient to prove identity without ambiguity."
"CA11062","AIR","EA31062","SKU_COLLISION_EXISTING","QUARANTINE_FINAL","0","","Proposed ELIMFILTERS SKU is already occupied; no strong technical identity proof. Current policy forbids inventing a replacement number."
"CA11063","AIR","EA31063","EXISTING_DIRECT","RESOLVED","0","","Already covered by an existing ELIMFILTERS product under current FRAM evidence."
"CA11094","AIR","EA31094","EXISTING_DIRECT","RESOLVED","0","","Already covered by an existing ELIMFILTERS product under current FRAM evidence."
"CA11109","AIR","EA31109","SKU_COLLISION_EXISTING","QUARANTINE_FINAL","0","","Proposed ELIMFILTERS SKU is already occupied; no strong technical identity proof. Current policy forbids inventing a replacement number."
"CA11113","AIR","EA31113","SKU_COLLISION_EXISTING","QUARANTINE_FINAL","0","","Proposed ELIMFILTERS SKU is already occupied; no strong technical identity proof. Current policy forbids inventing a replacement number."
"CA11114","AIR","EA31114","EXISTING_DIRECT","RESOLVED","0","","Already covered by an existing ELIMFILTERS product under current FRAM evidence."
"CA11115","AIR","EA31115","EXISTING_DIRECT","RESOLVED","0","","Already covered by an existing ELIMFILTERS product under current FRAM evidence."
"CA11116","AIR","EA31116","SKU_COLLISION_EXISTING","QUARANTINE_FINAL","0","","Proposed ELIMFILTERS SKU is already occupied; no strong technical identity proof. Current policy forbids inventing a replacement number."
"CA11118","AIR","EA31118","SKU_COLLISION_EXISTING","QUARANTINE_FINAL","0","","Proposed ELIMFILTERS SKU is already occupied; no strong technical identity proof. Current policy forbids inventing a replacement number."
"CA11121","AIR","EA31121","SKU_COLLISION_EXISTING","QUARANTINE_FINAL","0","","Proposed ELIMFILTERS SKU is already occupied; no strong technical identity proof. Current policy forbids inventing a replacement number."
"CA11124","AIR","EA31124","EXISTING_DIRECT","RESOLVED","0","","Already covered by an existing ELIMFILTERS product under current FRAM evidence."
"CA11124SY","AIR","EA31124","EXISTING_DIRECT","RESOLVED","0","","Already covered by an existing ELIMFILTERS product under current FRAM evidence."
"CA11154","AIR","EA31154","SKU_COLLISION_EXISTING","QUARANTINE_FINAL","0","","Proposed ELIMFILTERS SKU is already occupied; no strong technical identity proof. Current policy forbids inventing a replacement number."
"CA11170","AIR","EA31170","SKU_COLLISION_EXISTING","QUARANTINE_FINAL","0","","Proposed ELIMFILTERS SKU is already occupied; no strong technical identity proof. Current policy forbids inventing a replacement number."
"CA11206","AIR","EA31206","EXISTING_DIRECT","RESOLVED","0","","Already covered by an existing ELIMFILTERS product under current FRAM evidence."
"CA11215","AIR","EA31215","SKU_COLLISION_EXISTING","QUARANTINE_FINAL","0","","Proposed ELIMFILTERS SKU is already occupied; no strong technical identity proof. Current policy forbids inventing a replacement number."
"CA11222","AIR","EA31222","SKU_COLLISION_EXISTING","QUARANTINE_FINAL","0","","Proposed ELIMFILTERS SKU is already occupied; no strong technical identity proof. Current policy forbids inventing a replacement number."
"CA11227","AIR","EA31227","SKU_COLLISION_EXISTING","QUARANTINE_FINAL","0","","Proposed ELIMFILTERS SKU is already occupied; no strong technical identity proof. Current policy forbids inventing a replacement number."
"CA11229","AIR","EA31229","EXISTING_DIRECT","RESOLVED","0","","Already covered by an existing ELIMFILTERS product under current FRAM evidence."
"CA11233","AIR","EA31233","SKU_COLLISION_EXISTING","QUARANTINE_FINAL","0","","Proposed ELIMFILTERS SKU is already occupied; no strong technical identity proof. Current policy forbids inventing a replacement number."
"CA11249","AIR","EA31249","EXISTING_DIRECT","RESOLVED","0","","Already covered by an existing ELIMFILTERS product under current FRAM evidence."
"CA11250","AIR","EA31250","SKU_COLLISION_EXISTING","QUARANTINE_FINAL","0","","Proposed ELIMFILTERS SKU is already occupied; no strong technical identity proof. Current policy forbids inventing a replacement number."
"CA11251","AIR","EA31251","SKU_COLLISION_EXISTING","QUARANTINE_FINAL","0","","Proposed ELIMFILTERS SKU is already occupied; no strong technical identity proof. Current policy forbids inventing a replacement number."
"CA11256","AIR","EA31256","SKU_COLLISION_EXISTING","QUARANTINE_FINAL","0","","Proposed ELIMFILTERS SKU is already occupied; no strong technical identity proof. Current policy forbids inventing a replacement number."
"CA11257","AIR","EA31257","SKU_COLLISION_EXISTING","QUARANTINE_FINAL","0","","Proposed ELIMFILTERS SKU is already occupied; no strong technical identity proof. Current policy forbids inventing a replacement number."
"CA11258","AIR","EA31258","EXISTING_DIRECT","RESOLVED","0","","Already covered by an existing ELIMFILTERS product under current FRAM evidence."
"CA11259","AIR","EA31259","EXISTING_DIRECT","RESOLVED","0","","Already covered by an existing ELIMFILTERS product under current FRAM evidence."
"CA11287","AIR","EA31287","SKU_COLLISION_EXISTING","QUARANTINE_FINAL","0","","Proposed ELIMFILTERS SKU is already occupied; no strong technical identity proof. Current policy forbids inventing a replacement number."
"CA11292","AIR","EA31292","EXISTING_DIRECT","RESOLVED","0","","Already covered by an existing ELIMFILTERS product under current FRAM evidence."
"CA11295","AIR","EA31295","SKU_COLLISION_EXISTING","QUARANTINE_FINAL","0","","Proposed ELIMFILTERS SKU is already occupied; no strong technical identity proof. Current policy forbids inventing a replacement number."
"CA11295SY","AIR","EA31295","SKU_COLLISION_EXISTING","QUARANTINE_FINAL","0","","Proposed ELIMFILTERS SKU is already occupied; no strong technical identity proof. Current policy forbids inventing a replacement number."
"CA11305","AIR","EA31305","SKU_COLLISION_EXISTING","QUARANTINE_FINAL","0","","Proposed ELIMFILTERS SKU is already occupied; no strong technical identity proof. Current policy forbids inventing a replacement number."
"CA11345","AIR","EA31345","SKU_COLLISION_EXISTING","QUARANTINE_FINAL","0","","Proposed ELIMFILTERS SKU is already occupied; no strong technical identity proof. Current policy forbids inventing a replacement number."
"CA11345SY","AIR","EA31345","SKU_COLLISION_EXISTING","QUARANTINE_FINAL","0","","Proposed ELIMFILTERS SKU is already occupied; no strong technical identity proof. Current policy forbids inventing a replacement number."
"CA11399","AIR","EA31399","EXISTING_DIRECT","RESOLVED","0","","Already covered by an existing ELIMFILTERS product under current FRAM evidence."
"CA114","AIR","EA30114","EXISTING_DIRECT","RESOLVED","0","","Already covered by an existing ELIMFILTERS product under current FRAM evidence."
"CA11411","AIR","EA31411","EXISTING_DIRECT","RESOLVED","0","","Already covered by an existing ELIMFILTERS product under current FRAM evidence."
"CA11413","AIR","EA31413","SKU_COLLISION_EXISTING","QUARANTINE_FINAL","0","","Proposed ELIMFILTERS SKU is already occupied; no strong technical identity proof. Current policy forbids inventing a replacement number."
"CA11420","AIR","EA31420","SKU_COLLISION_EXISTING","QUARANTINE_FINAL","0","","Proposed ELIMFILTERS SKU is already occupied; no strong technical identity proof. Current policy forbids inventing a replacement number."
"CA11421","AIR","EA31421","SKU_COLLISION_EXISTING","QUARANTINE_FINAL","0","","Proposed ELIMFILTERS SKU is already occupied; no strong technical identity proof. Current policy forbids inventing a replacement number."
"CA11422","AIR","EA31422","SKU_COLLISION_EXISTING","QUARANTINE_FINAL","0","","Proposed ELIMFILTERS SKU is already occupied; no strong technical identity proof. Current policy forbids inventing a replacement number."
"CA11424","AIR","EA31424","EXISTING_DIRECT","RESOLVED","0","","Already covered by an existing ELIMFILTERS product under current FRAM evidence."
"CA11426","AIR","EA31426","INSUFFICIENT_EXISTING","QUARANTINE_FINAL","1","EA38023","Existing-product evidence is insufficient to prove identity without ambiguity."
"CA11431","AIR","EA31431","SKU_COLLISION_EXISTING","QUARANTINE_FINAL","0","","Proposed ELIMFILTERS SKU is already occupied; no strong technical identity proof. Current policy forbids inventing a replacement number."
"CA11439","AIR","EA31439","EXISTING_DIRECT","RESOLVED","0","","Already covered by an existing ELIMFILTERS product under current FRAM evidence."
"CA11450","AIR","EA31450","SKU_COLLISION_EXISTING","QUARANTINE_FINAL","0","","Proposed ELIMFILTERS SKU is already occupied; no strong technical identity proof. Current policy forbids inventing a replacement number."
"CA11453","AIR","EA31453","EXISTING_DIRECT","RESOLVED","0","","Already covered by an existing ELIMFILTERS product under current FRAM evidence."
"CA11456","AIR","EA31456","SKU_COLLISION_EXISTING","QUARANTINE_FINAL","0","","Proposed ELIMFILTERS SKU is already occupied; no strong technical identity proof. Current policy forbids inventing a replacement number."
"CA11476","AIR","EA31476","SKU_COLLISION_EXISTING","QUARANTINE_FINAL","0","","Proposed ELIMFILTERS SKU is already occupied; no strong technical identity proof. Current policy forbids inventing a replacement number."
"CA11477","AIR","EA31477","EXISTING_DIRECT","RESOLVED","0","","Already covered by an existing ELIMFILTERS product under current FRAM evidence."
"CA11480","AIR","EA31480","SKU_COLLISION_EXISTING","QUARANTINE_FINAL","0","","Proposed ELIMFILTERS SKU is already occupied; no strong technical identity proof. Current policy forbids inventing a replacement number."
"CA11482","AIR","EA31482","EXISTING_DIRECT","RESOLVED","0","","Already covered by an existing ELIMFILTERS product under current FRAM evidence."
"CA11485","AIR","EA31485","EXISTING_DIRECT","RESOLVED","0","","Already covered by an existing ELIMFILTERS product under current FRAM evidence."
"CA11489","AIR","EA31489","EXISTING_DIRECT","RESOLVED","0","","Already covered by an existing ELIMFILTERS product under current FRAM evidence."
"CA11494","AIR","EA31494","EXISTING_DIRECT","RESOLVED","0","","Already covered by an existing ELIMFILTERS product under current FRAM evidence."
"CA11500","AIR","EA31500","SKU_COLLISION_EXISTING","QUARANTINE_FINAL","0","","Proposed ELIMFILTERS SKU is already occupied; no strong technical identity proof. Current policy forbids inventing a replacement number."
"CA11501","AIR","EA31501","EXISTING_DIRECT","RESOLVED","0","","Already covered by an existing ELIMFILTERS product under current FRAM evidence."
"CA11503","AIR","EA31503","EXISTING_DIRECT","RESOLVED","0","","Already covered by an existing ELIMFILTERS product under current FRAM evidence."
"CA11508","AIR","EA31508","EXISTING_DIRECT","RESOLVED","0","","Already covered by an existing ELIMFILTERS product under current FRAM evidence."
"CA11509","AIR","EA31509","EXISTING_DIRECT","RESOLVED","0","","Already covered by an existing ELIMFILTERS product under current FRAM evidence."
"CA11515","AIR","EA31515","EXISTING_DIRECT","RESOLVED","0","","Already covered by an existing ELIMFILTERS product under current FRAM evidence."
"CA11516","AIR","EA31516","EXISTING_DIRECT","RESOLVED","0","","Already covered by an existing ELIMFILTERS product under current FRAM evidence."
"CA11519","AIR","EA31519","SKU_COLLISION_EXISTING","QUARANTINE_FINAL","0","","Proposed ELIMFILTERS SKU is already occupied; no strong technical identity proof. Current policy forbids inventing a replacement number."
"CA11525","AIR","EA31525","EXISTING_DIRECT","RESOLVED","0","","Already covered by an existing ELIMFILTERS product under current FRAM evidence."
"CA11539","AIR","EA31539","EXISTING_DIRECT","RESOLVED","0","","Already covered by an existing ELIMFILTERS product under current FRAM evidence."
"CA11541","AIR","EA31541","SKU_COLLISION_EXISTING","QUARANTINE_FINAL","0","","Proposed ELIMFILTERS SKU is already occupied; no strong technical identity proof. Current policy forbids inventing a replacement number."
"CA11542","AIR","EA31542","EXISTING_DIRECT","RESOLVED","0","","Already covered by an existing ELIMFILTERS product under current FRAM evidence."
"CA11565","AIR","EA31565","FRAM_SKU_COLLISION","QUARANTINE_FINAL","0","","Two or more distinct FRAM authorities collapse to the same 4-digit ELIMFILTERS namespace. Not safe to merge."
"CA11579","AIR","EA31579","EXISTING_DIRECT","RESOLVED","0","","Already covered by an existing ELIMFILTERS product under current FRAM evidence."
"CA11581SY","AIR","EA31581","SKU_COLLISION_EXISTING","QUARANTINE_FINAL","0","","Proposed ELIMFILTERS SKU is already occupied; no strong technical identity proof. Current policy forbids inventing a replacement number."
"CA11597","AIR","EA31597","EXISTING_DIRECT","RESOLVED","0","","Already covered by an existing ELIMFILTERS product under current FRAM evidence."
"CA11608","AIR","EA31608","SKU_COLLISION_EXISTING","QUARANTINE_FINAL","0","","Proposed ELIMFILTERS SKU is already occupied; no strong technical identity proof. Current policy forbids inventing a replacement number."
"CA11609","AIR","EA31609","EXISTING_DIRECT","RESOLVED","0","","Already covered by an existing ELIMFILTERS product under current FRAM evidence."
"CA11712","AIR","EA31712","EXISTING_DIRECT","RESOLVED","0","","Already covered by an existing ELIMFILTERS product under current FRAM evidence."
"CA11744","AIR","EA31744","EXISTING_DIRECT","RESOLVED","0","","Already covered by an existing ELIMFILTERS product under current FRAM evidence."
"CA11759","AIR","EA31759","SKU_COLLISION_EXISTING","QUARANTINE_FINAL","0","","Proposed ELIMFILTERS SKU is already occupied; no strong technical identity proof. Current policy forbids inventing a replacement number."
"CA11831","AIR","EA31831","EXISTING_DIRECT","RESOLVED","0","","Already covered by an existing ELIMFILTERS product under current FRAM evidence."
"CA11834","AIR","EA31834","EXISTING_DIRECT","RESOLVED","0","","Already covered by an existing ELIMFILTERS product under current FRAM evidence."
"CA11858","AIR","EA31858","EXISTING_DIRECT","RESOLVED","0","","Already covered by an existing ELIMFILTERS product under current FRAM evidence."
"CA11861","AIR","EA31861","SKU_COLLISION_EXISTING","QUARANTINE_FINAL","0","","Proposed ELIMFILTERS SKU is already occupied; no strong technical identity proof. Current policy forbids inventing a replacement number."
"CA11876","AIR","EA31876","EXISTING_DIRECT","RESOLVED","0","","Already covered by an existing ELIMFILTERS product under current FRAM evidence."
"CA11877","AIR","EA31877","SKU_COLLISION_EXISTING","QUARANTINE_FINAL","0","","Proposed ELIMFILTERS SKU is already occupied; no strong technical identity proof. Current policy forbids inventing a replacement number."
"CA11888","AIR","EA31888","EXISTING_DIRECT","RESOLVED","0","","Already covered by an existing ELIMFILTERS product under current FRAM evidence."
"CA11895","AIR","EA31895","SKU_COLLISION_EXISTING","QUARANTINE_FINAL","0","","Proposed ELIMFILTERS SKU is already occupied; no strong technical identity proof. Current policy forbids inventing a replacement number."
"CA11940","AIR","EA31940","SKU_COLLISION_EXISTING","QUARANTINE_FINAL","0","","Proposed ELIMFILTERS SKU is already occupied; no strong technical identity proof. Current policy forbids inventing a replacement number."
"CA11941","AIR","EA31941","SKU_COLLISION_EXISTING","QUARANTINE_FINAL","0","","Proposed ELIMFILTERS SKU is already occupied; no strong technical identity proof. Current policy forbids inventing a replacement number."
"CA11942","AIR","EA31942","SKU_COLLISION_EXISTING","QUARANTINE_FINAL","0","","Proposed ELIMFILTERS SKU is already occupied; no strong technical identity proof. Current policy forbids inventing a replacement number."
"CA11943","AIR","EA31943","EXISTING_DIRECT","RESOLVED","0","","Already covered by an existing ELIMFILTERS product under current FRAM evidence."
"CA11945","AIR","EA31945","SKU_COLLISION_EXISTING","QUARANTINE_FINAL","0","","Proposed ELIMFILTERS SKU is already occupied; no strong technical identity proof. Current policy forbids inventing a replacement number."
"CA11946","AIR","EA31946","EXISTING_DIRECT","RESOLVED","0","","Already covered by an existing ELIMFILTERS product under current FRAM evidence."
"CA11948","AIR","EA31948","EXISTING_DIRECT","RESOLVED","0","","Already covered by an existing ELIMFILTERS product under current FRAM evidence."
"CA11949","AIR","EA31949","EXISTING_DIRECT","RESOLVED","0","","Already covered by an existing ELIMFILTERS product under current FRAM evidence."
"CA11950","AIR","EA31950","EXISTING_DIRECT","RESOLVED","0","","Already covered by an existing ELIMFILTERS product under current FRAM evidence."
"CA11952","AIR","EA31952","SKU_COLLISION_EXISTING","QUARANTINE_FINAL","0","","Proposed ELIMFILTERS SKU is already occupied; no strong technical identity proof. Current policy forbids inventing a replacement number."
"CA11958","AIR","EA31958","EXISTING_DIRECT","RESOLVED","0","","Already covered by an existing ELIMFILTERS product under current FRAM evidence."
"CA11959","AIR","EA31959","EXISTING_DIRECT","RESOLVED","0","","Already covered by an existing ELIMFILTERS product under current FRAM evidence."
"CA11960","AIR","EA31960","EXISTING_DIRECT","RESOLVED","0","","Already covered by an existing ELIMFILTERS product under current FRAM evidence."
"CA11970","AIR","EA31970","EXISTING_DIRECT","RESOLVED","0","","Already covered by an existing ELIMFILTERS product under current FRAM evidence."
"CA12050","AIR","EA32050","SKU_COLLISION_EXISTING","QUARANTINE_FINAL","0","","Proposed ELIMFILTERS SKU is already occupied; no strong technical identity proof. Current policy forbids inventing a replacement number."
"CA12051","AIR","EA32051","SKU_COLLISION_EXISTING","QUARANTINE_FINAL","0","","Proposed ELIMFILTERS SKU is already occupied; no strong technical identity proof. Current policy forbids inventing a replacement number."
"CA12052","AIR","EA32052","SKU_COLLISION_EXISTING","QUARANTINE_FINAL","0","","Proposed ELIMFILTERS SKU is already occupied; no strong technical identity proof. Current policy forbids inventing a replacement number."
"CA12057","AIR","EA32057","SKU_COLLISION_EXISTING","QUARANTINE_FINAL","0","","Proposed ELIMFILTERS SKU is already occupied; no strong technical identity proof. Current policy forbids inventing a replacement number."
"CA12061","AIR","EA32061","SKU_COLLISION_EXISTING","QUARANTINE_FINAL","0","","Proposed ELIMFILTERS SKU is already occupied; no strong technical identity proof. Current policy forbids inventing a replacement number."
"CA12062","AIR","EA32062","SKU_COLLISION_EXISTING","QUARANTINE_FINAL","0","","Proposed ELIMFILTERS SKU is already occupied; no strong technical identity proof. Current policy forbids inventing a replacement number."
"CA12064","AIR","EA32064","SKU_COLLISION_EXISTING","QUARANTINE_FINAL","0","","Proposed ELIMFILTERS SKU is already occupied; no strong technical identity proof. Current policy forbids inventing a replacement number."
"CA12065","AIR","EA32065","SKU_COLLISION_EXISTING","QUARANTINE_FINAL","0","","Proposed ELIMFILTERS SKU is already occupied; no strong technical identity proof. Current policy forbids inventing a replacement number."
"CA12066","AIR","EA32066","EXISTING_DIRECT","RESOLVED","0","","Already covered by an existing ELIMFILTERS product under current FRAM evidence."
"CA12071","AIR","EA32071","SKU_COLLISION_EXISTING","QUARANTINE_FINAL","0","","Proposed ELIMFILTERS SKU is already occupied; no strong technical identity proof. Current policy forbids inventing a replacement number."
"CA12072","AIR","EA32072","SKU_COLLISION_EXISTING","QUARANTINE_FINAL","0","","Proposed ELIMFILTERS SKU is already occupied; no strong technical identity proof. Current policy forbids inventing a replacement number."
"CA12073","AIR","EA32073","EXISTING_DIRECT","RESOLVED","0","","Already covered by an existing ELIMFILTERS product under current FRAM evidence."
"CA12075","AIR","EA32075","EXISTING_DIRECT","RESOLVED","0","","Already covered by an existing ELIMFILTERS product under current FRAM evidence."
"CA12076","AIR","EA32076","EXISTING_DIRECT","RESOLVED","0","","Already covered by an existing ELIMFILTERS product under current FRAM evidence."
"CA12077","AIR","EA32077","EXISTING_DIRECT","RESOLVED","0","","Already covered by an existing ELIMFILTERS product under current FRAM evidence."
"CA12085","AIR","EA32085","SKU_COLLISION_EXISTING","QUARANTINE_FINAL","0","","Proposed ELIMFILTERS SKU is already occupied; no strong technical identity proof. Current policy forbids inventing a replacement number."
"CA12086","AIR","EA32086","EXISTING_DIRECT","RESOLVED","0","","Already covered by an existing ELIMFILTERS product under current FRAM evidence."
"CA12087","AIR","EA32087","EXISTING_DIRECT","RESOLVED","0","","Already covered by an existing ELIMFILTERS product under current FRAM evidence."
"CA12088","AIR","EA32088","EXISTING_DIRECT","RESOLVED","0","","Already covered by an existing ELIMFILTERS product under current FRAM evidence."
"CA12089","AIR","EA32089","EXISTING_DIRECT","RESOLVED","0","","Already covered by an existing ELIMFILTERS product under current FRAM evidence."
"CA12091","AIR","EA32091","EXISTING_DIRECT","RESOLVED","0","","Already covered by an existing ELIMFILTERS product under current FRAM evidence."
"CA12092","AIR","EA32092","EXISTING_DIRECT","RESOLVED","0","","Already covered by an existing ELIMFILTERS product under current FRAM evidence."
"CA12112","AIR","EA32112","SKU_COLLISION_EXISTING","QUARANTINE_FINAL","0","","Proposed ELIMFILTERS SKU is already occupied; no strong technical identity proof. Current policy forbids inventing a replacement number."
"CA12153","AIR","EA32153","EXISTING_DIRECT","RESOLVED","0","","Already covered by an existing ELIMFILTERS product under current FRAM evidence."
"CA12166","AIR","EA32166","EXISTING_DIRECT","RESOLVED","0","","Already covered by an existing ELIMFILTERS product under current FRAM evidence."
"CA12167","AIR","EA32167","EXISTING_DIRECT","RESOLVED","0","","Already covered by an existing ELIMFILTERS product under current FRAM evidence."
"CA12168","AIR","EA32168","EXISTING_DIRECT","RESOLVED","0","","Already covered by an existing ELIMFILTERS product under current FRAM evidence."
"CA12182","AIR","EA32182","EXISTING_DIRECT","RESOLVED","0","","Already covered by an existing ELIMFILTERS product under current FRAM evidence."
"CA12183","AIR","EA32183","EXISTING_DIRECT","RESOLVED","0","","Already covered by an existing ELIMFILTERS product under current FRAM evidence."
"CA122","AIR","EA30122","SKU_COLLISION_EXISTING","QUARANTINE_FINAL","0","","Proposed ELIMFILTERS SKU is already occupied; no strong technical identity proof. Current policy forbids inventing a replacement number."
"CA12258","AIR","EA32258","EXISTING_DIRECT","RESOLVED","0","","Already covered by an existing ELIMFILTERS product under current FRAM evidence."
"CA12259","AIR","EA32259","EXISTING_DIRECT","RESOLVED","0","","Already covered by an existing ELIMFILTERS product under current FRAM evidence."
"CA12260","AIR","EA32260","SKU_COLLISION_EXISTING","QUARANTINE_FINAL","0","","Proposed ELIMFILTERS SKU is already occupied; no strong technical identity proof. Current policy forbids inventing a replacement number."
"CA12268","AIR","EA32268","EXISTING_DIRECT","RESOLVED","0","","Already covered by an existing ELIMFILTERS product under current FRAM evidence."
"CA12289","AIR","EA32289","EXISTING_DIRECT","RESOLVED","0","","Already covered by an existing ELIMFILTERS product under current FRAM evidence."
"CA12290","AIR","EA32290","SKU_COLLISION_EXISTING","QUARANTINE_FINAL","0","","Proposed ELIMFILTERS SKU is already occupied; no strong technical identity proof. Current policy forbids inventing a replacement number."
"CA12292","AIR","EA32292","EXISTING_DIRECT","RESOLVED","0","","Already covered by an existing ELIMFILTERS product under current FRAM evidence."
"CA12293","AIR","EA32293","SKU_COLLISION_EXISTING","QUARANTINE_FINAL","0","","Proposed ELIMFILTERS SKU is already occupied; no strong technical identity proof. Current policy forbids inventing a replacement number."
"CA12295","AIR","EA32295","SKU_COLLISION_EXISTING","QUARANTINE_FINAL","0","","Proposed ELIMFILTERS SKU is already occupied; no strong technical identity proof. Current policy forbids inventing a replacement number."
"CA12296","AIR","EA32296","EXISTING_DIRECT","RESOLVED","0","","Already covered by an existing ELIMFILTERS product under current FRAM evidence."
"CA12297","AIR","EA32297","EXISTING_DIRECT","RESOLVED","0","","Already covered by an existing ELIMFILTERS product under current FRAM evidence."
"CA12315","AIR","EA32315","SKU_COLLISION_EXISTING","QUARANTINE_FINAL","0","","Proposed ELIMFILTERS SKU is already occupied; no strong technical identity proof. Current policy forbids inventing a replacement number."
"CA12368","AIR","EA32368","SKU_COLLISION_EXISTING","QUARANTINE_FINAL","0","","Proposed ELIMFILTERS SKU is already occupied; no strong technical identity proof. Current policy forbids inventing a replacement number."
"CA12369","AIR","EA32369","EXISTING_DIRECT","RESOLVED","0","","Already covered by an existing ELIMFILTERS product under current FRAM evidence."
"CA12371","AIR","EA32371","SKU_COLLISION_EXISTING","QUARANTINE_FINAL","0","","Proposed ELIMFILTERS SKU is already occupied; no strong technical identity proof. Current policy forbids inventing a replacement number."
"CA12372","AIR","EA32372","SKU_COLLISION_EXISTING","QUARANTINE_FINAL","0","","Proposed ELIMFILTERS SKU is already occupied; no strong technical identity proof. Current policy forbids inventing a replacement number."
"CA12373","AIR","EA32373","EXISTING_DIRECT","RESOLVED","0","","Already covered by an existing ELIMFILTERS product under current FRAM evidence."
"CA12375","AIR","EA32375","EXISTING_MULTI_CROSS","RESOLVED","0","","Already covered by an existing ELIMFILTERS product under current FRAM evidence."
"CA12376","AIR","EA32376","SKU_COLLISION_EXISTING","QUARANTINE_FINAL","0","","Proposed ELIMFILTERS SKU is already occupied; no strong technical identity proof. Current policy forbids inventing a replacement number."
"CA12377","AIR","EA32377","EXISTING_DIRECT","RESOLVED","0","","Already covered by an existing ELIMFILTERS product under current FRAM evidence."
"CA12378","AIR","EA32378","EXISTING_DIRECT","RESOLVED","0","","Already covered by an existing ELIMFILTERS product under current FRAM evidence."
"CA12404","AIR","EA32404","SKU_COLLISION_EXISTING","QUARANTINE_FINAL","0","","Proposed ELIMFILTERS SKU is already occupied; no strong technical identity proof. Current policy forbids inventing a replacement number."
"CA12405","AIR","EA32405","EXISTING_DIRECT","RESOLVED","0","","Already covered by an existing ELIMFILTERS product under current FRAM evidence."
"CA124A","AIR","EA30124","SKU_COLLISION_EXISTING","QUARANTINE_FINAL","0","","Proposed ELIMFILTERS SKU is already occupied; no strong technical identity proof. Current policy forbids inventing a replacement number."
"CA12535","AIR","EA32535","SKU_COLLISION_EXISTING","QUARANTINE_FINAL","0","","Proposed ELIMFILTERS SKU is already occupied; no strong technical identity proof. Current policy forbids inventing a replacement number."
"CA12551","AIR","EA32551","EXISTING_DIRECT","RESOLVED","0","","Already covered by an existing ELIMFILTERS product under current FRAM evidence."
"CA12575","AIR","EA32575","EXISTING_DIRECT","RESOLVED","0","","Already covered by an existing ELIMFILTERS product under current FRAM evidence."
"CA12605","AIR","EA32605","EXISTING_DIRECT","RESOLVED","0","","Already covered by an existing ELIMFILTERS product under current FRAM evidence."
"CA12616","AIR","EA32616","EXISTING_DIRECT","RESOLVED","0","","Already covered by an existing ELIMFILTERS product under current FRAM evidence."
"CA12619","AIR","EA32619","SKU_COLLISION_EXISTING","QUARANTINE_FINAL","0","","Proposed ELIMFILTERS SKU is already occupied; no strong technical identity proof. Current policy forbids inventing a replacement number."
"CA12654","AIR","EA32654","EXISTING_DIRECT","RESOLVED","0","","Already covered by an existing ELIMFILTERS product under current FRAM evidence."
"CA12663","AIR","EA32663","EXISTING_DIRECT","RESOLVED","0","","Already covered by an existing ELIMFILTERS product under current FRAM evidence."
"CA12665","AIR","EA32665","EXISTING_DIRECT","RESOLVED","0","","Already covered by an existing ELIMFILTERS product under current FRAM evidence."
"CA12666","AIR","EA32666","SKU_COLLISION_EXISTING","QUARANTINE_FINAL","0","","Proposed ELIMFILTERS SKU is already occupied; no strong technical identity proof. Current policy forbids inventing a replacement number."
"CA12667","AIR","EA32667","EXISTING_DIRECT","RESOLVED","0","","Already covered by an existing ELIMFILTERS product under current FRAM evidence."
"CA12668","AIR","EA32668","SKU_COLLISION_EXISTING","QUARANTINE_FINAL","0","","Proposed ELIMFILTERS SKU is already occupied; no strong technical identity proof. Current policy forbids inventing a replacement number."
"CA12777","AIR","EA32777","EXISTING_DIRECT","RESOLVED","0","","Already covered by an existing ELIMFILTERS product under current FRAM evidence."
"CA12778","AIR","EA32778","EXISTING_DIRECT","RESOLVED","0","","Already covered by an existing ELIMFILTERS product under current FRAM evidence."
"CA12779","AIR","EA32779","EXISTING_DIRECT","RESOLVED","0","","Already covered by an existing ELIMFILTERS product under current FRAM evidence."
"CA12800","AIR","EA32800","EXISTING_DIRECT","RESOLVED","0","","Already covered by an existing ELIMFILTERS product under current FRAM evidence."
"CA12813","AIR","EA32813","EXISTING_DIRECT","RESOLVED","0","","Already covered by an existing ELIMFILTERS product under current FRAM evidence."
"CA12814","AIR","EA32814","EXISTING_DIRECT","RESOLVED","0","","Already covered by an existing ELIMFILTERS product under current FRAM evidence."
"CA12815","AIR","EA32815","EXISTING_DIRECT","RESOLVED","0","","Already covered by an existing ELIMFILTERS product under current FRAM evidence."
"CA12816","AIR","EA32816","EXISTING_DIRECT","RESOLVED","0","","Already covered by an existing ELIMFILTERS product under current FRAM evidence."
"CA12817","AIR","EA32817","EXISTING_DIRECT","RESOLVED","0","","Already covered by an existing ELIMFILTERS product under current FRAM evidence."
"CA12818","AIR","EA32818","EXISTING_DIRECT","RESOLVED","0","","Already covered by an existing ELIMFILTERS product under current FRAM evidence."
"CA12841","AIR","EA32841","SKU_COLLISION_EXISTING","QUARANTINE_FINAL","0","","Proposed ELIMFILTERS SKU is already occupied; no strong technical identity proof. Current policy forbids inventing a replacement number."
"CA12863","AIR","EA32863","SKU_COLLISION_EXISTING","QUARANTINE_FINAL","0","","Proposed ELIMFILTERS SKU is already occupied; no strong technical identity proof. Current policy forbids inventing a replacement number."
"CA12868","AIR","EA32868","SKU_COLLISION_EXISTING","QUARANTINE_FINAL","0","","Proposed ELIMFILTERS SKU is already occupied; no strong technical identity proof. Current policy forbids inventing a replacement number."
"CA12878","AIR","EA32878","SKU_COLLISION_EXISTING","QUARANTINE_FINAL","0","","Proposed ELIMFILTERS SKU is already occupied; no strong technical identity proof. Current policy forbids inventing a replacement number."
"CA12879","AIR","EA32879","SKU_COLLISION_EXISTING","QUARANTINE_FINAL","0","","Proposed ELIMFILTERS SKU is already occupied; no strong technical identity proof. Current policy forbids inventing a replacement number."
"CA12931","AIR","EA32931","SKU_COLLISION_EXISTING","QUARANTINE_FINAL","0","","Proposed ELIMFILTERS SKU is already occupied; no strong technical identity proof. Current policy forbids inventing a replacement number."
"CA12932","AIR","EA32932","EXISTING_DIRECT","RESOLVED","0","","Already covered by an existing ELIMFILTERS product under current FRAM evidence."
"CA12933","AIR","EA32933","EXISTING_DIRECT","RESOLVED","0","","Already covered by an existing ELIMFILTERS product under current FRAM evidence."
"CA12934","AIR","EA32934","SKU_COLLISION_EXISTING","QUARANTINE_FINAL","0","","Proposed ELIMFILTERS SKU is already occupied; no strong technical identity proof. Current policy forbids inventing a replacement number."
"CA12937","AIR","EA32937","EXISTING_DIRECT","RESOLVED","0","","Already covered by an existing ELIMFILTERS product under current FRAM evidence."
"CA12940","AIR","EA32940","SKU_COLLISION_EXISTING","QUARANTINE_FINAL","0","","Proposed ELIMFILTERS SKU is already occupied; no strong technical identity proof. Current policy forbids inventing a replacement number."
"CA12941","AIR","EA32941","SKU_COLLISION_EXISTING","QUARANTINE_FINAL","0","","Proposed ELIMFILTERS SKU is already occupied; no strong technical identity proof. Current policy forbids inventing a replacement number."
"CA12952","AIR","EA32952","SKU_COLLISION_EXISTING","QUARANTINE_FINAL","0","","Proposed ELIMFILTERS SKU is already occupied; no strong technical identity proof. Current policy forbids inventing a replacement number."
"CA12953","AIR","EA32953","SKU_COLLISION_EXISTING","QUARANTINE_FINAL","0","","Proposed ELIMFILTERS SKU is already occupied; no strong technical identity proof. Current policy forbids inventing a replacement number."
"CA12954","AIR","EA32954","SKU_COLLISION_EXISTING","QUARANTINE_FINAL","0","","Proposed ELIMFILTERS SKU is already occupied; no strong technical identity proof. Current policy forbids inventing a replacement number."
"CA12961","AIR","EA32961","EXISTING_DIRECT","RESOLVED","0","","Already covered by an existing ELIMFILTERS product under current FRAM evidence."
"CA12963","AIR","EA32963","EXISTING_DIRECT","RESOLVED","0","","Already covered by an existing ELIMFILTERS product under current FRAM evidence."
"CA12967","AIR","EA32967","EXISTING_DIRECT","RESOLVED","0","","Already covered by an existing ELIMFILTERS product under current FRAM evidence."
"CA12987","AIR","EA32987","SKU_COLLISION_EXISTING","QUARANTINE_FINAL","0","","Proposed ELIMFILTERS SKU is already occupied; no strong technical identity proof. Current policy forbids inventing a replacement number."
"CA12988","AIR","EA32988","EXISTING_DIRECT","RESOLVED","0","","Already covered by an existing ELIMFILTERS product under current FRAM evidence."
"CA12990","AIR","EA32990","EXISTING_DIRECT","RESOLVED","0","","Already covered by an existing ELIMFILTERS product under current FRAM evidence."
"CA12995","AIR","EA32995","EXISTING_DIRECT","RESOLVED","0","","Already covered by an existing ELIMFILTERS product under current FRAM evidence."
"CA12996","AIR","EA32996","EXISTING_DIRECT","RESOLVED","0","","Already covered by an existing ELIMFILTERS product under current FRAM evidence."
"CA12997","AIR","EA32997","EXISTING_DIRECT","RESOLVED","0","","Already covered by an existing ELIMFILTERS product under current FRAM evidence."
"CA13150","AIR","EA33150","EXISTING_DIRECT","RESOLVED","0","","Already covered by an existing ELIMFILTERS product under current FRAM evidence."
"CA133","AIR","EA30133","EXISTING_DIRECT","RESOLVED","0","","Already covered by an existing ELIMFILTERS product under current FRAM evidence."
"CA136","AIR","EA30136","SKU_COLLISION_EXISTING","QUARANTINE_FINAL","0","","Proposed ELIMFILTERS SKU is already occupied; no strong technical identity proof. Current policy forbids inventing a replacement number."
"CA140","AIR","EA30140","EXISTING_DIRECT","RESOLVED","0","","Already covered by an existing ELIMFILTERS product under current FRAM evidence."
"CA146","AIR","EA30146","EXISTING_DIRECT","RESOLVED","0","","Already covered by an existing ELIMFILTERS product under current FRAM evidence."
"CA148","AIR","EA30148","SKU_COLLISION_EXISTING","QUARANTINE_FINAL","0","","Proposed ELIMFILTERS SKU is already occupied; no strong technical identity proof. Current policy forbids inventing a replacement number."
"CA15","AIR","EA30015","SKU_COLLISION_EXISTING","QUARANTINE_FINAL","0","","Proposed ELIMFILTERS SKU is already occupied; no strong technical identity proof. Current policy forbids inventing a replacement number."
"CA1505","AIR","EA31505","EXISTING_DIRECT","RESOLVED","0","","Already covered by an existing ELIMFILTERS product under current FRAM evidence."
"CA151","AIR","EA30151","SKU_COLLISION_EXISTING","QUARANTINE_FINAL","0","","Proposed ELIMFILTERS SKU is already occupied; no strong technical identity proof. Current policy forbids inventing a replacement number."
"CA1514","AIR","EA31514","FRAM_SKU_COLLISION","QUARANTINE_FINAL","0","","Two or more distinct FRAM authorities collapse to the same 4-digit ELIMFILTERS namespace. Not safe to merge."
"CA1514SY","AIR","EA31514","FRAM_SKU_COLLISION","QUARANTINE_FINAL","0","","Two or more distinct FRAM authorities collapse to the same 4-digit ELIMFILTERS namespace. Not safe to merge."
"CA1519","AIR","EA31519","SKU_COLLISION_EXISTING","QUARANTINE_FINAL","0","","Proposed ELIMFILTERS SKU is already occupied; no strong technical identity proof. Current policy forbids inventing a replacement number."
"CA1524","AIR","EA31524","EXISTING_DIRECT","RESOLVED","0","","Already covered by an existing ELIMFILTERS product under current FRAM evidence."
"CA1531SY","AIR","EA31531","SKU_COLLISION_EXISTING","QUARANTINE_FINAL","0","","Proposed ELIMFILTERS SKU is already occupied; no strong technical identity proof. Current policy forbids inventing a replacement number."
"CA1532SY","AIR","EA31532","SKU_COLLISION_EXISTING","QUARANTINE_FINAL","0","","Proposed ELIMFILTERS SKU is already occupied; no strong technical identity proof. Current policy forbids inventing a replacement number."
"CA1533SY","AIR","EA31533","EXISTING_DIRECT","RESOLVED","0","","Already covered by an existing ELIMFILTERS product under current FRAM evidence."
"CA1534","AIR","EA31534","EXISTING_DIRECT","RESOLVED","0","","Already covered by an existing ELIMFILTERS product under current FRAM evidence."
"CA1537","AIR","EA31537","SKU_COLLISION_EXISTING","QUARANTINE_FINAL","0","","Proposed ELIMFILTERS SKU is already occupied; no strong technical identity proof. Current policy forbids inventing a replacement number."
"CA1543","AIR","EA31543","FRAM_SKU_COLLISION","QUARANTINE_FINAL","0","","Two or more distinct FRAM authorities collapse to the same 4-digit ELIMFILTERS namespace. Not safe to merge."
"CA1543SY","AIR","EA31543","FRAM_SKU_COLLISION","QUARANTINE_FINAL","0","","Two or more distinct FRAM authorities collapse to the same 4-digit ELIMFILTERS namespace. Not safe to merge."
"CA1544SY","AIR","EA31544","EXISTING_DIRECT","RESOLVED","0","","Already covered by an existing ELIMFILTERS product under current FRAM evidence."
"CA1546","AIR","EA31546","EXISTING_DIRECT","RESOLVED","0","","Already covered by an existing ELIMFILTERS product under current FRAM evidence."
"CA1548","AIR","EA31548","EXISTING_DIRECT","RESOLVED","0","","Already covered by an existing ELIMFILTERS product under current FRAM evidence."
"CA1548SY","AIR","EA31548","EXISTING_DIRECT","RESOLVED","0","","Already covered by an existing ELIMFILTERS product under current FRAM evidence."
"CA1550","AIR","EA31550","SKU_COLLISION_EXISTING","QUARANTINE_FINAL","0","","Proposed ELIMFILTERS SKU is already occupied; no strong technical identity proof. Current policy forbids inventing a replacement number."
"CA1553SY","AIR","EA31553","EXISTING_DIRECT","RESOLVED","0","","Already covered by an existing ELIMFILTERS product under current FRAM evidence."
"CA1562","AIR","EA31562","SKU_COLLISION_EXISTING","QUARANTINE_FINAL","0","","Proposed ELIMFILTERS SKU is already occupied; no strong technical identity proof. Current policy forbids inventing a replacement number."
"CA1562SY","AIR","EA31562","SKU_COLLISION_EXISTING","QUARANTINE_FINAL","0","","Proposed ELIMFILTERS SKU is already occupied; no strong technical identity proof. Current policy forbids inventing a replacement number."
"CA1565","AIR","EA31565","FRAM_SKU_COLLISION","QUARANTINE_FINAL","0","","Two or more distinct FRAM authorities collapse to the same 4-digit ELIMFILTERS namespace. Not safe to merge."
"CA157","AIR","EA30157","EXISTING_DIRECT","RESOLVED","0","","Already covered by an existing ELIMFILTERS product under current FRAM evidence."
"CA1574","AIR","EA31574","SKU_COLLISION_EXISTING","QUARANTINE_FINAL","0","","Proposed ELIMFILTERS SKU is already occupied; no strong technical identity proof. Current policy forbids inventing a replacement number."
"CA1575SY","AIR","EA31575","EXISTING_DIRECT","RESOLVED","0","","Already covered by an existing ELIMFILTERS product under current FRAM evidence."
"CA1580ASY","AIR","EA31580","SKU_COLLISION_EXISTING","QUARANTINE_FINAL","0","","Proposed ELIMFILTERS SKU is already occupied; no strong technical identity proof. Current policy forbids inventing a replacement number."
"CA1581","AIR","EA31581","SKU_COLLISION_EXISTING","QUARANTINE_FINAL","0","","Proposed ELIMFILTERS SKU is already occupied; no strong technical identity proof. Current policy forbids inventing a replacement number."
"CA1587SY","AIR","EA31587","EXISTING_DIRECT","RESOLVED","0","","Already covered by an existing ELIMFILTERS product under current FRAM evidence."
"CA1588","AIR","EA31588","SKU_COLLISION_EXISTING","QUARANTINE_FINAL","0","","Proposed ELIMFILTERS SKU is already occupied; no strong technical identity proof. Current policy forbids inventing a replacement number."
"CA1588SY","AIR","EA31588","SKU_COLLISION_EXISTING","QUARANTINE_FINAL","0","","Proposed ELIMFILTERS SKU is already occupied; no strong technical identity proof. Current policy forbids inventing a replacement number."
"CA159","AIR","EA30159","FRAM_SKU_COLLISION","QUARANTINE_FINAL","0","","Two or more distinct FRAM authorities collapse to the same 4-digit ELIMFILTERS namespace. Not safe to merge."
"CA1591","AIR","EA31591","SKU_COLLISION_EXISTING","QUARANTINE_FINAL","0","","Proposed ELIMFILTERS SKU is already occupied; no strong technical identity proof. Current policy forbids inventing a replacement number."
"CA1592","AIR","EA31592","SKU_COLLISION_EXISTING","QUARANTINE_FINAL","0","","Proposed ELIMFILTERS SKU is already occupied; no strong technical identity proof. Current policy forbids inventing a replacement number."
"CA1596","AIR","EA31596","SKU_COLLISION_EXISTING","QUARANTINE_FINAL","0","","Proposed ELIMFILTERS SKU is already occupied; no strong technical identity proof. Current policy forbids inventing a replacement number."
"CA1599","AIR","EA31599","EXISTING_DIRECT","RESOLVED","0","","Already covered by an existing ELIMFILTERS product under current FRAM evidence."
"CA160","AIR","EA30160","EXISTING_DIRECT","RESOLVED","0","","Already covered by an existing ELIMFILTERS product under current FRAM evidence."
"CA162","AIR","EA30162","FRAM_SKU_COLLISION","QUARANTINE_FINAL","0","","Two or more distinct FRAM authorities collapse to the same 4-digit ELIMFILTERS namespace. Not safe to merge."
"CA169","AIR","EA30169","EXISTING_DIRECT","RESOLVED","0","","Already covered by an existing ELIMFILTERS product under current FRAM evidence."
"CA176","AIR","EA30176","EXISTING_DIRECT","RESOLVED","0","","Already covered by an existing ELIMFILTERS product under current FRAM evidence."
"CA184","AIR","EA30184","EXISTING_DIRECT","RESOLVED","0","","Already covered by an existing ELIMFILTERS product under current FRAM evidence."
"CA187","AIR","EA30187","SKU_COLLISION_EXISTING","QUARANTINE_FINAL","0","","Proposed ELIMFILTERS SKU is already occupied; no strong technical identity proof. Current policy forbids inventing a replacement number."
"CA189","AIR","EA30189","SKU_COLLISION_EXISTING","QUARANTINE_FINAL","0","","Proposed ELIMFILTERS SKU is already occupied; no strong technical identity proof. Current policy forbids inventing a replacement number."
"CA192","AIR","EA30192","FRAM_SKU_COLLISION","QUARANTINE_FINAL","0","","Two or more distinct FRAM authorities collapse to the same 4-digit ELIMFILTERS namespace. Not safe to merge."
"CA198","AIR","EA30198","SKU_COLLISION_EXISTING","QUARANTINE_FINAL","0","","Proposed ELIMFILTERS SKU is already occupied; no strong technical identity proof. Current policy forbids inventing a replacement number."
"CA21","AIR","EA30021","SKU_COLLISION_EXISTING","QUARANTINE_FINAL","0","","Proposed ELIMFILTERS SKU is already occupied; no strong technical identity proof. Current policy forbids inventing a replacement number."
"CA214","AIR","EA30214","EXISTING_DIRECT","RESOLVED","0","","Already covered by an existing ELIMFILTERS product under current FRAM evidence."
"CA216","AIR","EA30216","EXISTING_DIRECT","RESOLVED","0","","Already covered by an existing ELIMFILTERS product under current FRAM evidence."
"CA218","AIR","EA30218","EXISTING_DIRECT","RESOLVED","0","","Already covered by an existing ELIMFILTERS product under current FRAM evidence."
"CA223","AIR","EA30223","EXISTING_DIRECT","RESOLVED","0","","Already covered by an existing ELIMFILTERS product under current FRAM evidence."
"CA224","AIR","EA30224","EXISTING_DIRECT","RESOLVED","0","","Already covered by an existing ELIMFILTERS product under current FRAM evidence."
"CA224SY","AIR","EA30224","EXISTING_DIRECT","RESOLVED","0","","Already covered by an existing ELIMFILTERS product under current FRAM evidence."
"CA225","AIR","EA30225","EXISTING_DIRECT","RESOLVED","0","","Already covered by an existing ELIMFILTERS product under current FRAM evidence."
"CA226","AIR","EA30226","EXISTING_DIRECT","RESOLVED","0","","Already covered by an existing ELIMFILTERS product under current FRAM evidence."
"CA226SY","AIR","EA30226","EXISTING_DIRECT","RESOLVED","0","","Already covered by an existing ELIMFILTERS product under current FRAM evidence."
"CA228","AIR","EA30228","FRAM_SKU_COLLISION","QUARANTINE_FINAL","0","","Two or more distinct FRAM authorities collapse to the same 4-digit ELIMFILTERS namespace. Not safe to merge."
"CA229","AIR","EA30229","EXISTING_DIRECT","RESOLVED","0","","Already covered by an existing ELIMFILTERS product under current FRAM evidence."
"CA232","AIR","EA30232","SKU_COLLISION_EXISTING","QUARANTINE_FINAL","0","","Proposed ELIMFILTERS SKU is already occupied; no strong technical identity proof. Current policy forbids inventing a replacement number."
"CA236","AIR","EA30236","EXISTING_DIRECT","RESOLVED","0","","Already covered by an existing ELIMFILTERS product under current FRAM evidence."
"CA237","AIR","EA30237","EXISTING_DIRECT","RESOLVED","0","","Already covered by an existing ELIMFILTERS product under current FRAM evidence."
"CA239","AIR","EA30239","EXISTING_DIRECT","RESOLVED","0","","Already covered by an existing ELIMFILTERS product under current FRAM evidence."
"CA240","AIR","EA30240","SKU_COLLISION_EXISTING","QUARANTINE_FINAL","0","","Proposed ELIMFILTERS SKU is already occupied; no strong technical identity proof. Current policy forbids inventing a replacement number."
"CA240PLHD","AIR","EA30240","SKU_COLLISION_EXISTING","QUARANTINE_FINAL","0","","Proposed ELIMFILTERS SKU is already occupied; no strong technical identity proof. Current policy forbids inventing a replacement number."
"CA244","AIR","EA30244","EXISTING_DIRECT","RESOLVED","0","","Already covered by an existing ELIMFILTERS product under current FRAM evidence."
"CA250PLHD","AIR","EA30250","EXISTING_DIRECT","RESOLVED","0","","Already covered by an existing ELIMFILTERS product under current FRAM evidence."
"CA2512SY","AIR","EA32512","SKU_COLLISION_EXISTING","QUARANTINE_FINAL","0","","Proposed ELIMFILTERS SKU is already occupied; no strong technical identity proof. Current policy forbids inventing a replacement number."
"CA2517","AIR","EA32517","SKU_COLLISION_EXISTING","QUARANTINE_FINAL","0","","Proposed ELIMFILTERS SKU is already occupied; no strong technical identity proof. Current policy forbids inventing a replacement number."
"CA2519","AIR","EA32519","SKU_COLLISION_EXISTING","QUARANTINE_FINAL","0","","Proposed ELIMFILTERS SKU is already occupied; no strong technical identity proof. Current policy forbids inventing a replacement number."
"CA2519SY","AIR","EA32519","SKU_COLLISION_EXISTING","QUARANTINE_FINAL","0","","Proposed ELIMFILTERS SKU is already occupied; no strong technical identity proof. Current policy forbids inventing a replacement number."
"CA252","AIR","EA30252","SKU_COLLISION_EXISTING","QUARANTINE_FINAL","0","","Proposed ELIMFILTERS SKU is already occupied; no strong technical identity proof. Current policy forbids inventing a replacement number."
"CA2520","AIR","EA32520","SKU_COLLISION_EXISTING","QUARANTINE_FINAL","0","","Proposed ELIMFILTERS SKU is already occupied; no strong technical identity proof. Current policy forbids inventing a replacement number."
"CA2521SY","AIR","EA32521","EXISTING_DIRECT","RESOLVED","0","","Already covered by an existing ELIMFILTERS product under current FRAM evidence."
"CA2522","AIR","EA32522","FRAM_SKU_COLLISION","QUARANTINE_FINAL","0","","Two or more distinct FRAM authorities collapse to the same 4-digit ELIMFILTERS namespace. Not safe to merge."
"CA2522SY","AIR","EA32522","FRAM_SKU_COLLISION","QUARANTINE_FINAL","0","","Two or more distinct FRAM authorities collapse to the same 4-digit ELIMFILTERS namespace. Not safe to merge."
"CA2523SY","AIR","EA32523","EXISTING_DIRECT","RESOLVED","0","","Already covered by an existing ELIMFILTERS product under current FRAM evidence."
"CA253SY","AIR","EA30253","EXISTING_DIRECT","RESOLVED","0","","Already covered by an existing ELIMFILTERS product under current FRAM evidence."
"CA2541","AIR","EA32541","SKU_COLLISION_EXISTING","QUARANTINE_FINAL","0","","Proposed ELIMFILTERS SKU is already occupied; no strong technical identity proof. Current policy forbids inventing a replacement number."
"CA2542","AIR","EA32542","SKU_COLLISION_EXISTING","QUARANTINE_FINAL","0","","Proposed ELIMFILTERS SKU is already occupied; no strong technical identity proof. Current policy forbids inventing a replacement number."
"CA2543","AIR","EA32543","EXISTING_DIRECT","RESOLVED","0","","Already covered by an existing ELIMFILTERS product under current FRAM evidence."
"CA2546","AIR","EA32546","EXISTING_DIRECT","RESOLVED","0","","Already covered by an existing ELIMFILTERS product under current FRAM evidence."
"CA2548","AIR","EA32548","SKU_COLLISION_EXISTING","QUARANTINE_FINAL","0","","Proposed ELIMFILTERS SKU is already occupied; no strong technical identity proof. Current policy forbids inventing a replacement number."
"CA2548SY","AIR","EA32548","SKU_COLLISION_EXISTING","QUARANTINE_FINAL","0","","Proposed ELIMFILTERS SKU is already occupied; no strong technical identity proof. Current policy forbids inventing a replacement number."
"CA2550","AIR","EA32550","SKU_COLLISION_EXISTING","QUARANTINE_FINAL","0","","Proposed ELIMFILTERS SKU is already occupied; no strong technical identity proof. Current policy forbids inventing a replacement number."
"CA2555SY","AIR","EA32555","SKU_COLLISION_EXISTING","QUARANTINE_FINAL","0","","Proposed ELIMFILTERS SKU is already occupied; no strong technical identity proof. Current policy forbids inventing a replacement number."
"CA2557SY","AIR","EA32557","SKU_COLLISION_EXISTING","QUARANTINE_FINAL","0","","Proposed ELIMFILTERS SKU is already occupied; no strong technical identity proof. Current policy forbids inventing a replacement number."
"CA2561","AIR","EA32561","SKU_COLLISION_EXISTING","QUARANTINE_FINAL","0","","Proposed ELIMFILTERS SKU is already occupied; no strong technical identity proof. Current policy forbids inventing a replacement number."
"CA2565","AIR","EA32565","SKU_COLLISION_EXISTING","QUARANTINE_FINAL","0","","Proposed ELIMFILTERS SKU is already occupied; no strong technical identity proof. Current policy forbids inventing a replacement number."
"CA2565SY","AIR","EA32565","SKU_COLLISION_EXISTING","QUARANTINE_FINAL","0","","Proposed ELIMFILTERS SKU is already occupied; no strong technical identity proof. Current policy forbids inventing a replacement number."
"CA2570","AIR","EA32570","EXISTING_DIRECT","RESOLVED","0","","Already covered by an existing ELIMFILTERS product under current FRAM evidence."
"CA2574","AIR","EA32574","EXISTING_DIRECT","RESOLVED","0","","Already covered by an existing ELIMFILTERS product under current FRAM evidence."
"CA258","AIR","EA30258","INSUFFICIENT_EXISTING","QUARANTINE_FINAL","1","EA38009","Existing-product evidence is insufficient to prove identity without ambiguity."
"CA2580","AIR","EA32580","SKU_COLLISION_EXISTING","QUARANTINE_FINAL","0","","Proposed ELIMFILTERS SKU is already occupied; no strong technical identity proof. Current policy forbids inventing a replacement number."
"CA2580SY","AIR","EA32580","SKU_COLLISION_EXISTING","QUARANTINE_FINAL","0","","Proposed ELIMFILTERS SKU is already occupied; no strong technical identity proof. Current policy forbids inventing a replacement number."
"CA2587","AIR","EA32587","EXISTING_DIRECT","RESOLVED","0","","Already covered by an existing ELIMFILTERS product under current FRAM evidence."
"CA258SY","AIR","EA30258","EXISTING_DIRECT","RESOLVED","0","","Already covered by an existing ELIMFILTERS product under current FRAM evidence."
"CA2592","AIR","EA32592","EXISTING_DIRECT","RESOLVED","0","","Already covered by an existing ELIMFILTERS product under current FRAM evidence."
"CA2595","AIR","EA32595","EXISTING_DIRECT","RESOLVED","0","","Already covered by an existing ELIMFILTERS product under current FRAM evidence."
"CA2595SY","AIR","EA32595","EXISTING_DIRECT","RESOLVED","0","","Already covered by an existing ELIMFILTERS product under current FRAM evidence."
"CA260","AIR","EA30260","EXISTING_DIRECT","RESOLVED","0","","Already covered by an existing ELIMFILTERS product under current FRAM evidence."
"CA2611","AIR","EA32611","EXISTING_DIRECT","RESOLVED","0","","Already covered by an existing ELIMFILTERS product under current FRAM evidence."
"CA2621","AIR","EA32621","EXISTING_DIRECT","RESOLVED","0","","Already covered by an existing ELIMFILTERS product under current FRAM evidence."
"CA264","AIR","EA30264","EXISTING_DIRECT","RESOLVED","0","","Already covered by an existing ELIMFILTERS product under current FRAM evidence."
"CA268","AIR","EA30268","EXISTING_DIRECT","RESOLVED","0","","Already covered by an existing ELIMFILTERS product under current FRAM evidence."
"CA2709A","AIR","EA32709","SKU_COLLISION_EXISTING","QUARANTINE_FINAL","0","","Proposed ELIMFILTERS SKU is already occupied; no strong technical identity proof. Current policy forbids inventing a replacement number."
"CA2719B","AIR","EA32719","EXISTING_DIRECT","RESOLVED","0","","Already covered by an existing ELIMFILTERS product under current FRAM evidence."
"CA272","AIR","EA30272","EXISTING_DIRECT","RESOLVED","0","","Already covered by an existing ELIMFILTERS product under current FRAM evidence."
"CA2740","AIR","EA32740","SKU_COLLISION_EXISTING","QUARANTINE_FINAL","0","","Proposed ELIMFILTERS SKU is already occupied; no strong technical identity proof. Current policy forbids inventing a replacement number."
"CA279","AIR","EA30279","EXISTING_DIRECT","RESOLVED","0","","Already covered by an existing ELIMFILTERS product under current FRAM evidence."
"CA283","AIR","EA30283","FRAM_SKU_COLLISION","QUARANTINE_FINAL","0","","Two or more distinct FRAM authorities collapse to the same 4-digit ELIMFILTERS namespace. Not safe to merge."
"CA288","AIR","EA30288","EXISTING_DIRECT","RESOLVED","0","","Already covered by an existing ELIMFILTERS product under current FRAM evidence."
"CA29","AIR","EA30029","SKU_COLLISION_EXISTING","QUARANTINE_FINAL","0","","Proposed ELIMFILTERS SKU is already occupied; no strong technical identity proof. Current policy forbids inventing a replacement number."
"CA30","AIR","EA30030","SKU_COLLISION_EXISTING","QUARANTINE_FINAL","0","","Proposed ELIMFILTERS SKU is already occupied; no strong technical identity proof. Current policy forbids inventing a replacement number."
"CA303","AIR","EA30303","EXISTING_DIRECT","RESOLVED","0","","Already covered by an existing ELIMFILTERS product under current FRAM evidence."
"CA305","AIR","EA30305","SKU_COLLISION_EXISTING","QUARANTINE_FINAL","0","","Proposed ELIMFILTERS SKU is already occupied; no strong technical identity proof. Current policy forbids inventing a replacement number."
"CA307","AIR","EA30307","EXISTING_DIRECT","RESOLVED","0","","Already covered by an existing ELIMFILTERS product under current FRAM evidence."
"CA309","AIR","EA30309","EXISTING_DIRECT","RESOLVED","0","","Already covered by an existing ELIMFILTERS product under current FRAM evidence."
"CA310","AIR","EA30310","SKU_COLLISION_EXISTING","QUARANTINE_FINAL","0","","Proposed ELIMFILTERS SKU is already occupied; no strong technical identity proof. Current policy forbids inventing a replacement number."
"CA311","AIR","EA30311","SKU_COLLISION_EXISTING","QUARANTINE_FINAL","0","","Proposed ELIMFILTERS SKU is already occupied; no strong technical identity proof. Current policy forbids inventing a replacement number."
"CA312","AIR","EA30312","EXISTING_DIRECT","RESOLVED","0","","Already covered by an existing ELIMFILTERS product under current FRAM evidence."
"CA313","AIR","EA30313","SKU_COLLISION_EXISTING","QUARANTINE_FINAL","0","","Proposed ELIMFILTERS SKU is already occupied; no strong technical identity proof. Current policy forbids inventing a replacement number."
"CA314","AIR","EA30314","SKU_COLLISION_EXISTING","QUARANTINE_FINAL","0","","Proposed ELIMFILTERS SKU is already occupied; no strong technical identity proof. Current policy forbids inventing a replacement number."
"CA3146","AIR","EA33146","SKU_COLLISION_EXISTING","QUARANTINE_FINAL","0","","Proposed ELIMFILTERS SKU is already occupied; no strong technical identity proof. Current policy forbids inventing a replacement number."
"CA3159","AIR","EA33159","EXISTING_DIRECT","RESOLVED","0","","Already covered by an existing ELIMFILTERS product under current FRAM evidence."
"CA317","AIR","EA30317","EXISTING_DIRECT","RESOLVED","0","","Already covered by an existing ELIMFILTERS product under current FRAM evidence."
"CA3187","AIR","EA33187","EXISTING_DIRECT","RESOLVED","0","","Already covered by an existing ELIMFILTERS product under current FRAM evidence."
"CA320","AIR","EA30320","EXISTING_DIRECT","RESOLVED","0","","Already covered by an existing ELIMFILTERS product under current FRAM evidence."
"CA3245","AIR","EA33245","EXISTING_DIRECT","RESOLVED","0","","Already covered by an existing ELIMFILTERS product under current FRAM evidence."
"CA324A","AIR","EA30324","SKU_COLLISION_EXISTING","QUARANTINE_FINAL","0","","Proposed ELIMFILTERS SKU is already occupied; no strong technical identity proof. Current policy forbids inventing a replacement number."
"CA325","AIR","EA30325","SKU_COLLISION_EXISTING","QUARANTINE_FINAL","0","","Proposed ELIMFILTERS SKU is already occupied; no strong technical identity proof. Current policy forbids inventing a replacement number."
"CA326","AIR","EA30326","SKU_COLLISION_EXISTING","QUARANTINE_FINAL","0","","Proposed ELIMFILTERS SKU is already occupied; no strong technical identity proof. Current policy forbids inventing a replacement number."
"CA327","AIR","EA30327","SKU_COLLISION_EXISTING","QUARANTINE_FINAL","0","","Proposed ELIMFILTERS SKU is already occupied; no strong technical identity proof. Current policy forbids inventing a replacement number."
"CA3273","AIR","EA33273","SKU_COLLISION_EXISTING","QUARANTINE_FINAL","0","","Proposed ELIMFILTERS SKU is already occupied; no strong technical identity proof. Current policy forbids inventing a replacement number."
"CA3273SY","AIR","EA33273","SKU_COLLISION_EXISTING","QUARANTINE_FINAL","0","","Proposed ELIMFILTERS SKU is already occupied; no strong technical identity proof. Current policy forbids inventing a replacement number."
"CA328","AIR","EA30328","FRAM_SKU_COLLISION","QUARANTINE_FINAL","0","","Two or more distinct FRAM authorities collapse to the same 4-digit ELIMFILTERS namespace. Not safe to merge."
"CA329","AIR","EA30329","EXISTING_DIRECT","RESOLVED","0","","Already covered by an existing ELIMFILTERS product under current FRAM evidence."
"CA3300","AIR","EA33300","EXISTING_MULTI_CROSS","RESOLVED","0","","Already covered by an existing ELIMFILTERS product under current FRAM evidence."
"CA3324","AIR","EA33324","SKU_COLLISION_EXISTING","QUARANTINE_FINAL","0","","Proposed ELIMFILTERS SKU is already occupied; no strong technical identity proof. Current policy forbids inventing a replacement number."
"CA3325","AIR","EA33325","EXISTING_DIRECT","RESOLVED","0","","Already covered by an existing ELIMFILTERS product under current FRAM evidence."
"CA3371","AIR","EA33371","SKU_COLLISION_EXISTING","QUARANTINE_FINAL","0","","Proposed ELIMFILTERS SKU is already occupied; no strong technical identity proof. Current policy forbids inventing a replacement number."
"CA3373","AIR","EA33373","INSUFFICIENT_EXISTING","QUARANTINE_FINAL","2","EA33690;EA33437","Existing-product evidence is insufficient to prove identity without ambiguity."
"CA3399","AIR","EA33399","INSUFFICIENT_EXISTING","QUARANTINE_FINAL","1","EA31171","Existing-product evidence is insufficient to prove identity without ambiguity."
"CA340A","AIR","EA30340","EXISTING_DIRECT","RESOLVED","0","","Already covered by an existing ELIMFILTERS product under current FRAM evidence."
"CA342","AIR","EA30342","EXISTING_DIRECT","RESOLVED","0","","Already covered by an existing ELIMFILTERS product under current FRAM evidence."
"CA3424","AIR","EA33424","EXISTING_DIRECT","RESOLVED","0","","Already covered by an existing ELIMFILTERS product under current FRAM evidence."
"CA3425","AIR","EA33425","EXISTING_DIRECT","RESOLVED","0","","Already covered by an existing ELIMFILTERS product under current FRAM evidence."
"CA345","AIR","EA30345","SKU_COLLISION_EXISTING","QUARANTINE_FINAL","0","","Proposed ELIMFILTERS SKU is already occupied; no strong technical identity proof. Current policy forbids inventing a replacement number."
"CA346","AIR","EA30346","FRAM_SKU_COLLISION","QUARANTINE_FINAL","0","","Two or more distinct FRAM authorities collapse to the same 4-digit ELIMFILTERS namespace. Not safe to merge."
"CA347","AIR","EA30347","FRAM_SKU_COLLISION","QUARANTINE_FINAL","0","","Two or more distinct FRAM authorities collapse to the same 4-digit ELIMFILTERS namespace. Not safe to merge."
"CA3490","AIR","EA33490","EXISTING_DIRECT","RESOLVED","0","","Already covered by an existing ELIMFILTERS product under current FRAM evidence."
"CA3492","AIR","EA33492","EXISTING_DIRECT","RESOLVED","0","","Already covered by an existing ELIMFILTERS product under current FRAM evidence."
"CA3497","AIR","EA33497","EXISTING_DIRECT","RESOLVED","0","","Already covered by an existing ELIMFILTERS product under current FRAM evidence."
"CA3501","AIR","EA33501","EXISTING_DIRECT","RESOLVED","0","","Already covered by an existing ELIMFILTERS product under current FRAM evidence."
"CA351","AIR","EA30351","EXISTING_DIRECT","RESOLVED","0","","Already covered by an existing ELIMFILTERS product under current FRAM evidence."
"CA3517A","AIR","EA33517","EXISTING_DIRECT","RESOLVED","0","","Already covered by an existing ELIMFILTERS product under current FRAM evidence."
"CA3518","AIR","EA33518","SKU_COLLISION_EXISTING","QUARANTINE_FINAL","0","","Proposed ELIMFILTERS SKU is already occupied; no strong technical identity proof. Current policy forbids inventing a replacement number."
"CA352","AIR","EA30352","SKU_COLLISION_EXISTING","QUARANTINE_FINAL","0","","Proposed ELIMFILTERS SKU is already occupied; no strong technical identity proof. Current policy forbids inventing a replacement number."
"CA3523","AIR","EA33523","EXISTING_DIRECT","RESOLVED","0","","Already covered by an existing ELIMFILTERS product under current FRAM evidence."
"CA353","AIR","EA30353","EXISTING_DIRECT","RESOLVED","0","","Already covered by an existing ELIMFILTERS product under current FRAM evidence."
"CA3536","AIR","EA33536","EXISTING_DIRECT","RESOLVED","0","","Already covered by an existing ELIMFILTERS product under current FRAM evidence."
"CA3549","AIR","EA33549","EXISTING_DIRECT","RESOLVED","0","","Already covered by an existing ELIMFILTERS product under current FRAM evidence."
"CA3559","AIR","EA33559","EXISTING_DIRECT","RESOLVED","0","","Already covered by an existing ELIMFILTERS product under current FRAM evidence."
"CA3565","AIR","EA33565","SKU_COLLISION_EXISTING","QUARANTINE_FINAL","0","","Proposed ELIMFILTERS SKU is already occupied; no strong technical identity proof. Current policy forbids inventing a replacement number."
"CA3566","AIR","EA33566","SKU_COLLISION_EXISTING","QUARANTINE_FINAL","0","","Proposed ELIMFILTERS SKU is already occupied; no strong technical identity proof. Current policy forbids inventing a replacement number."
"CA3588","AIR","EA33588","SKU_COLLISION_EXISTING","QUARANTINE_FINAL","0","","Proposed ELIMFILTERS SKU is already occupied; no strong technical identity proof. Current policy forbids inventing a replacement number."
"CA3602","AIR","EA33602","SKU_COLLISION_EXISTING","QUARANTINE_FINAL","0","","Proposed ELIMFILTERS SKU is already occupied; no strong technical identity proof. Current policy forbids inventing a replacement number."
"CA3621","AIR","EA33621","SKU_COLLISION_EXISTING","QUARANTINE_FINAL","0","","Proposed ELIMFILTERS SKU is already occupied; no strong technical identity proof. Current policy forbids inventing a replacement number."
"CA3622","AIR","EA33622","EXISTING_DIRECT","RESOLVED","0","","Already covered by an existing ELIMFILTERS product under current FRAM evidence."
"CA3637","AIR","EA33637","EXISTING_DIRECT","RESOLVED","0","","Already covered by an existing ELIMFILTERS product under current FRAM evidence."
"CA3647","AIR","EA33647","EXISTING_DIRECT","RESOLVED","0","","Already covered by an existing ELIMFILTERS product under current FRAM evidence."
"CA3649","AIR","EA33649","SKU_COLLISION_EXISTING","QUARANTINE_FINAL","0","","Proposed ELIMFILTERS SKU is already occupied; no strong technical identity proof. Current policy forbids inventing a replacement number."
"CA3660","AIR","EA33660","INSUFFICIENT_EXISTING","QUARANTINE_FINAL","1","EA38601","Existing-product evidence is insufficient to prove identity without ambiguity."
"CA3681","AIR","EA33681","EXISTING_DIRECT","RESOLVED","0","","Already covered by an existing ELIMFILTERS product under current FRAM evidence."
"CA3686","AIR","EA33686","EXISTING_DIRECT","RESOLVED","0","","Already covered by an existing ELIMFILTERS product under current FRAM evidence."
"CA3688","AIR","EA33688","SKU_COLLISION_EXISTING","QUARANTINE_FINAL","0","","Proposed ELIMFILTERS SKU is already occupied; no strong technical identity proof. Current policy forbids inventing a replacement number."
"CA370","AIR","EA30370","EXISTING_DIRECT","RESOLVED","0","","Already covered by an existing ELIMFILTERS product under current FRAM evidence."
"CA371","AIR","EA30371","EXISTING_DIRECT","RESOLVED","0","","Already covered by an existing ELIMFILTERS product under current FRAM evidence."
"CA3717","AIR","EA33717","EXISTING_DIRECT","RESOLVED","0","","Already covered by an existing ELIMFILTERS product under current FRAM evidence."
"CA372","AIR","EA30372","EXISTING_DIRECT","RESOLVED","0","","Already covered by an existing ELIMFILTERS product under current FRAM evidence."
"CA376","AIR","EA30376","INSUFFICIENT_EXISTING","QUARANTINE_FINAL","1","EA32262","Existing-product evidence is insufficient to prove identity without ambiguity."
"CA3770","AIR","EA33770","EXISTING_DIRECT","RESOLVED","0","","Already covered by an existing ELIMFILTERS product under current FRAM evidence."
"CA3782","AIR","EA33782","EXISTING_DIRECT","RESOLVED","0","","Already covered by an existing ELIMFILTERS product under current FRAM evidence."
"CA3782SY","AIR","EA33782","INSUFFICIENT_EXISTING","QUARANTINE_FINAL","1","EA30272","Existing-product evidence is insufficient to prove identity without ambiguity."
"CA3785","AIR","EA33785","EXISTING_DIRECT","RESOLVED","0","","Already covered by an existing ELIMFILTERS product under current FRAM evidence."
"CA3792","AIR","EA33792","EXISTING_DIRECT","RESOLVED","0","","Already covered by an existing ELIMFILTERS product under current FRAM evidence."
"CA381","AIR","EA30381","SKU_COLLISION_EXISTING","QUARANTINE_FINAL","0","","Proposed ELIMFILTERS SKU is already occupied; no strong technical identity proof. Current policy forbids inventing a replacement number."
"CA3814","AIR","EA33814","EXISTING_DIRECT","RESOLVED","0","","Already covered by an existing ELIMFILTERS product under current FRAM evidence."
"CA3818","AIR","EA33818","EXISTING_DIRECT","RESOLVED","0","","Already covered by an existing ELIMFILTERS product under current FRAM evidence."
"CA3873","AIR","EA33873","INSUFFICIENT_EXISTING","QUARANTINE_FINAL","1","EA31091","Existing-product evidence is insufficient to prove identity without ambiguity."
"CA3874","AIR","EA33874","SKU_COLLISION_EXISTING","QUARANTINE_FINAL","0","","Proposed ELIMFILTERS SKU is already occupied; no strong technical identity proof. Current policy forbids inventing a replacement number."
"CA3901","AIR","EA33901","EXISTING_DIRECT","RESOLVED","0","","Already covered by an existing ELIMFILTERS product under current FRAM evidence."
"CA3902","AIR","EA33902","EXISTING_DIRECT","RESOLVED","0","","Already covered by an existing ELIMFILTERS product under current FRAM evidence."
"CA3914","AIR","EA33914","EXISTING_DIRECT","RESOLVED","0","","Already covered by an existing ELIMFILTERS product under current FRAM evidence."
"CA3915","AIR","EA33915","EXISTING_DIRECT","RESOLVED","0","","Already covered by an existing ELIMFILTERS product under current FRAM evidence."
"CA3916","AIR","EA33916","EXISTING_DIRECT","RESOLVED","0","","Already covered by an existing ELIMFILTERS product under current FRAM evidence."
"CA3924","AIR","EA33924","EXISTING_DIRECT","RESOLVED","0","","Already covered by an existing ELIMFILTERS product under current FRAM evidence."
"CA3930","AIR","EA33930","EXISTING_DIRECT","RESOLVED","0","","Already covered by an existing ELIMFILTERS product under current FRAM evidence."
"CA3989","AIR","EA33989","EXISTING_DIRECT","RESOLVED","0","","Already covered by an existing ELIMFILTERS product under current FRAM evidence."
"CA3990","AIR","EA33990","EXISTING_DIRECT","RESOLVED","0","","Already covered by an existing ELIMFILTERS product under current FRAM evidence."
"CA3998","AIR","EA33998","EXISTING_DIRECT","RESOLVED","0","","Already covered by an existing ELIMFILTERS product under current FRAM evidence."
"CA4223","AIR","EA34223","EXISTING_DIRECT","RESOLVED","0","","Already covered by an existing ELIMFILTERS product under current FRAM evidence."
"CA4235","AIR","EA34235","EXISTING_DIRECT","RESOLVED","0","","Already covered by an existing ELIMFILTERS product under current FRAM evidence."
"CA4237","AIR","EA34237","EXISTING_DIRECT","RESOLVED","0","","Already covered by an existing ELIMFILTERS product under current FRAM evidence."
"CA4262SY","AIR","EA34262","EXISTING_DIRECT","RESOLVED","0","","Already covered by an existing ELIMFILTERS product under current FRAM evidence."
"CA4282","AIR","EA34282","SKU_COLLISION_EXISTING","QUARANTINE_FINAL","0","","Proposed ELIMFILTERS SKU is already occupied; no strong technical identity proof. Current policy forbids inventing a replacement number."
"CA4296","AIR","EA34296","EXISTING_DIRECT","RESOLVED","0","","Already covered by an existing ELIMFILTERS product under current FRAM evidence."
"CA4304","AIR","EA34304","EXISTING_DIRECT","RESOLVED","0","","Already covered by an existing ELIMFILTERS product under current FRAM evidence."
"CA4309","AIR","EA34309","EXISTING_DIRECT","RESOLVED","0","","Already covered by an existing ELIMFILTERS product under current FRAM evidence."
"CA4318","AIR","EA34318","EXISTING_DIRECT","RESOLVED","0","","Already covered by an existing ELIMFILTERS product under current FRAM evidence."
"CA4320","AIR","EA34320","EXISTING_DIRECT","RESOLVED","0","","Already covered by an existing ELIMFILTERS product under current FRAM evidence."
"CA4325","AIR","EA34325","EXISTING_DIRECT","RESOLVED","0","","Already covered by an existing ELIMFILTERS product under current FRAM evidence."
"CA4335","AIR","EA34335","EXISTING_DIRECT","RESOLVED","0","","Already covered by an existing ELIMFILTERS product under current FRAM evidence."
"CA4341","AIR","EA34341","EXISTING_DIRECT","RESOLVED","0","","Already covered by an existing ELIMFILTERS product under current FRAM evidence."
"CA4346","AIR","EA34346","EXISTING_DIRECT","RESOLVED","0","","Already covered by an existing ELIMFILTERS product under current FRAM evidence."
"CA4365","AIR","EA34365","EXISTING_DIRECT","RESOLVED","0","","Already covered by an existing ELIMFILTERS product under current FRAM evidence."
"CA4369","AIR","EA34369","SKU_COLLISION_EXISTING","QUARANTINE_FINAL","0","","Proposed ELIMFILTERS SKU is already occupied; no strong technical identity proof. Current policy forbids inventing a replacement number."
"CA4568","AIR","EA34568","EXISTING_DIRECT","RESOLVED","0","","Already covered by an existing ELIMFILTERS product under current FRAM evidence."
"CA4576","AIR","EA34576","INSUFFICIENT_EXISTING","QUARANTINE_FINAL","1","EA36110","Existing-product evidence is insufficient to prove identity without ambiguity."
"CA4778","AIR","EA34778","EXISTING_DIRECT","RESOLVED","0","","Already covered by an existing ELIMFILTERS product under current FRAM evidence."
"CA4830","AIR","EA34830","EXISTING_DIRECT","RESOLVED","0","","Already covered by an existing ELIMFILTERS product under current FRAM evidence."
"CA4939","AIR","EA34939","EXISTING_DIRECT","RESOLVED","0","","Already covered by an existing ELIMFILTERS product under current FRAM evidence."
"CA4964","AIR","EA34964","EXISTING_DIRECT","RESOLVED","0","","Already covered by an existing ELIMFILTERS product under current FRAM evidence."
"CA5021","AIR","EA35021","SKU_COLLISION_EXISTING","QUARANTINE_FINAL","0","","Proposed ELIMFILTERS SKU is already occupied; no strong technical identity proof. Current policy forbids inventing a replacement number."
"CA5021SY","AIR","EA35021","SKU_COLLISION_EXISTING","QUARANTINE_FINAL","0","","Proposed ELIMFILTERS SKU is already occupied; no strong technical identity proof. Current policy forbids inventing a replacement number."
"CA502SY","AIR","EA30502","EXISTING_DIRECT","RESOLVED","0","","Already covered by an existing ELIMFILTERS product under current FRAM evidence."
"CA5030","AIR","EA35030","SKU_COLLISION_EXISTING","QUARANTINE_FINAL","0","","Proposed ELIMFILTERS SKU is already occupied; no strong technical identity proof. Current policy forbids inventing a replacement number."
"CA5036","AIR","EA35036","EXISTING_DIRECT","RESOLVED","0","","Already covered by an existing ELIMFILTERS product under current FRAM evidence."
"CA5042","AIR","EA35042","EXISTING_DIRECT","RESOLVED","0","","Already covered by an existing ELIMFILTERS product under current FRAM evidence."
"CA5056","AIR","EA35056","SKU_COLLISION_EXISTING","QUARANTINE_FINAL","0","","Proposed ELIMFILTERS SKU is already occupied; no strong technical identity proof. Current policy forbids inventing a replacement number."
"CA5057","AIR","EA35057","SKU_COLLISION_EXISTING","QUARANTINE_FINAL","0","","Proposed ELIMFILTERS SKU is already occupied; no strong technical identity proof. Current policy forbids inventing a replacement number."
"CA5058","AIR","EA35058","SKU_COLLISION_EXISTING","QUARANTINE_FINAL","0","","Proposed ELIMFILTERS SKU is already occupied; no strong technical identity proof. Current policy forbids inventing a replacement number."
"CA5067","AIR","EA35067","SKU_COLLISION_EXISTING","QUARANTINE_FINAL","0","","Proposed ELIMFILTERS SKU is already occupied; no strong technical identity proof. Current policy forbids inventing a replacement number."
"CA507","AIR","EA30507","EXISTING_DIRECT","RESOLVED","0","","Already covered by an existing ELIMFILTERS product under current FRAM evidence."
"CA507SY","AIR","EA30507","EXISTING_DIRECT","RESOLVED","0","","Already covered by an existing ELIMFILTERS product under current FRAM evidence."
"CA508SY","AIR","EA30508","EXISTING_DIRECT","RESOLVED","0","","Already covered by an existing ELIMFILTERS product under current FRAM evidence."
"CA511A","AIR","EA30511","SKU_COLLISION_EXISTING","QUARANTINE_FINAL","0","","Proposed ELIMFILTERS SKU is already occupied; no strong technical identity proof. Current policy forbids inventing a replacement number."
"CA5125","AIR","EA35125","EXISTING_DIRECT","RESOLVED","0","","Already covered by an existing ELIMFILTERS product under current FRAM evidence."
"CA523","AIR","EA30523","EXISTING_DIRECT","RESOLVED","0","","Already covered by an existing ELIMFILTERS product under current FRAM evidence."
"CA534A","AIR","EA30534","EXISTING_DIRECT","RESOLVED","0","","Already covered by an existing ELIMFILTERS product under current FRAM evidence."
"CA5350","AIR","EA35350","EXISTING_DIRECT","RESOLVED","0","","Already covered by an existing ELIMFILTERS product under current FRAM evidence."
"CA536","AIR","EA30536","SKU_COLLISION_EXISTING","QUARANTINE_FINAL","0","","Proposed ELIMFILTERS SKU is already occupied; no strong technical identity proof. Current policy forbids inventing a replacement number."
"CA536SY","AIR","EA30536","EXISTING_DIRECT","RESOLVED","0","","Already covered by an existing ELIMFILTERS product under current FRAM evidence."
"CA542","AIR","EA30542","FRAM_SKU_COLLISION","QUARANTINE_FINAL","0","","Two or more distinct FRAM authorities collapse to the same 4-digit ELIMFILTERS namespace. Not safe to merge."
"CA5436","AIR","EA35436","EXISTING_DIRECT","RESOLVED","0","","Already covered by an existing ELIMFILTERS product under current FRAM evidence."
"CA546","AIR","EA30546","EXISTING_DIRECT","RESOLVED","0","","Already covered by an existing ELIMFILTERS product under current FRAM evidence."
"CA5466","AIR","EA35466","EXISTING_DIRECT","RESOLVED","0","","Already covered by an existing ELIMFILTERS product under current FRAM evidence."
"CA546SY","AIR","EA30546","EXISTING_DIRECT","RESOLVED","0","","Already covered by an existing ELIMFILTERS product under current FRAM evidence."
"CA549","AIR","EA30549","EXISTING_DIRECT","RESOLVED","0","","Already covered by an existing ELIMFILTERS product under current FRAM evidence."
"CA551","AIR","EA30551","SKU_COLLISION_EXISTING","QUARANTINE_FINAL","0","","Proposed ELIMFILTERS SKU is already occupied; no strong technical identity proof. Current policy forbids inventing a replacement number."
"CA5522","AIR","EA35522","SKU_COLLISION_EXISTING","QUARANTINE_FINAL","0","","Proposed ELIMFILTERS SKU is already occupied; no strong technical identity proof. Current policy forbids inventing a replacement number."
"CA553SY","AIR","EA30553","EXISTING_DIRECT","RESOLVED","0","","Already covered by an existing ELIMFILTERS product under current FRAM evidence."
"CA5595","AIR","EA35595","EXISTING_DIRECT","RESOLVED","0","","Already covered by an existing ELIMFILTERS product under current FRAM evidence."
"CA562","AIR","EA30562","EXISTING_DIRECT","RESOLVED","0","","Already covered by an existing ELIMFILTERS product under current FRAM evidence."
"CA563","AIR","EA30563","FRAM_SKU_COLLISION","QUARANTINE_FINAL","0","","Two or more distinct FRAM authorities collapse to the same 4-digit ELIMFILTERS namespace. Not safe to merge."
"CA563SY","AIR","EA30563","FRAM_SKU_COLLISION","QUARANTINE_FINAL","0","","Two or more distinct FRAM authorities collapse to the same 4-digit ELIMFILTERS namespace. Not safe to merge."
"CA566","AIR","EA30566","EXISTING_DIRECT","RESOLVED","0","","Already covered by an existing ELIMFILTERS product under current FRAM evidence."
"CA568","AIR","EA30568","EXISTING_DIRECT","RESOLVED","0","","Already covered by an existing ELIMFILTERS product under current FRAM evidence."
"CA572","AIR","EA30572","FRAM_SKU_COLLISION","QUARANTINE_FINAL","0","","Two or more distinct FRAM authorities collapse to the same 4-digit ELIMFILTERS namespace. Not safe to merge."
"CA572SY","AIR","EA30572","FRAM_SKU_COLLISION","QUARANTINE_FINAL","0","","Two or more distinct FRAM authorities collapse to the same 4-digit ELIMFILTERS namespace. Not safe to merge."
"CA573","AIR","EA30573","FRAM_SKU_COLLISION","QUARANTINE_FINAL","0","","Two or more distinct FRAM authorities collapse to the same 4-digit ELIMFILTERS namespace. Not safe to merge."
"CA5777","AIR","EA35777","EXISTING_MULTI_CROSS","RESOLVED","0","","Already covered by an existing ELIMFILTERS product under current FRAM evidence."
"CA584SY","AIR","EA30584","EXISTING_DIRECT","RESOLVED","0","","Already covered by an existing ELIMFILTERS product under current FRAM evidence."
"CA5876","AIR","EA35876","EXISTING_DIRECT","RESOLVED","0","","Already covered by an existing ELIMFILTERS product under current FRAM evidence."
"CA592","AIR","EA30592","EXISTING_MULTI_CROSS","RESOLVED","0","","Already covered by an existing ELIMFILTERS product under current FRAM evidence."
"CA595","AIR","EA30595","EXISTING_DIRECT","RESOLVED","0","","Already covered by an existing ELIMFILTERS product under current FRAM evidence."
"CA596","AIR","EA30596","EXISTING_DIRECT","RESOLVED","0","","Already covered by an existing ELIMFILTERS product under current FRAM evidence."
"CA598SY","AIR","EA30598","EXISTING_DIRECT","RESOLVED","0","","Already covered by an existing ELIMFILTERS product under current FRAM evidence."
"CA6304","AIR","EA36304","SKU_COLLISION_EXISTING","QUARANTINE_FINAL","0","","Proposed ELIMFILTERS SKU is already occupied; no strong technical identity proof. Current policy forbids inventing a replacement number."
"CA6305","AIR","EA36305","EXISTING_DIRECT","RESOLVED","0","","Already covered by an existing ELIMFILTERS product under current FRAM evidence."
"CA6306","AIR","EA36306","EXISTING_DIRECT","RESOLVED","0","","Already covered by an existing ELIMFILTERS product under current FRAM evidence."
"CA6308","AIR","EA36308","EXISTING_DIRECT","RESOLVED","0","","Already covered by an existing ELIMFILTERS product under current FRAM evidence."
"CA6319","AIR","EA36319","FRAM_SKU_COLLISION","QUARANTINE_FINAL","0","","Two or more distinct FRAM authorities collapse to the same 4-digit ELIMFILTERS namespace. Not safe to merge."
"CA6319SY","AIR","EA36319","FRAM_SKU_COLLISION","QUARANTINE_FINAL","0","","Two or more distinct FRAM authorities collapse to the same 4-digit ELIMFILTERS namespace. Not safe to merge."
"CA6324","AIR","EA36324","INSUFFICIENT_EXISTING","QUARANTINE_FINAL","1","EA33989","Existing-product evidence is insufficient to prove identity without ambiguity."
"CA6325","AIR","EA36325","EXISTING_DIRECT","RESOLVED","0","","Already covered by an existing ELIMFILTERS product under current FRAM evidence."
"CA6326","AIR","EA36326","EXISTING_DIRECT","RESOLVED","0","","Already covered by an existing ELIMFILTERS product under current FRAM evidence."
"CA6327","AIR","EA36327","FRAM_SKU_COLLISION","QUARANTINE_FINAL","0","","Two or more distinct FRAM authorities collapse to the same 4-digit ELIMFILTERS namespace. Not safe to merge."
"CA6327SY","AIR","EA36327","FRAM_SKU_COLLISION","QUARANTINE_FINAL","0","","Two or more distinct FRAM authorities collapse to the same 4-digit ELIMFILTERS namespace. Not safe to merge."
"CA6328","AIR","EA36328","SKU_COLLISION_EXISTING","QUARANTINE_FINAL","0","","Proposed ELIMFILTERS SKU is already occupied; no strong technical identity proof. Current policy forbids inventing a replacement number."
"CA6333","AIR","EA36333","EXISTING_DIRECT","RESOLVED","0","","Already covered by an existing ELIMFILTERS product under current FRAM evidence."
"CA6334","AIR","EA36334","SKU_COLLISION_EXISTING","QUARANTINE_FINAL","0","","Proposed ELIMFILTERS SKU is already occupied; no strong technical identity proof. Current policy forbids inventing a replacement number."
"CA6362","AIR","EA36362","EXISTING_DIRECT","RESOLVED","0","","Already covered by an existing ELIMFILTERS product under current FRAM evidence."
"CA6363","AIR","EA36363","EXISTING_DIRECT","RESOLVED","0","","Already covered by an existing ELIMFILTERS product under current FRAM evidence."
"CA6366","AIR","EA36366","EXISTING_DIRECT","RESOLVED","0","","Already covered by an existing ELIMFILTERS product under current FRAM evidence."
"CA6367","AIR","EA36367","EXISTING_DIRECT","RESOLVED","0","","Already covered by an existing ELIMFILTERS product under current FRAM evidence."
"CA6369","AIR","EA36369","EXISTING_DIRECT","RESOLVED","0","","Already covered by an existing ELIMFILTERS product under current FRAM evidence."
"CA6375","AIR","EA36375","EXISTING_DIRECT","RESOLVED","0","","Already covered by an existing ELIMFILTERS product under current FRAM evidence."
"CA6376","AIR","EA36376","EXISTING_DIRECT","RESOLVED","0","","Already covered by an existing ELIMFILTERS product under current FRAM evidence."
"CA6377","AIR","EA36377","EXISTING_DIRECT","RESOLVED","0","","Already covered by an existing ELIMFILTERS product under current FRAM evidence."
"CA6384","AIR","EA36384","EXISTING_DIRECT","RESOLVED","0","","Already covered by an existing ELIMFILTERS product under current FRAM evidence."
"CA6387","AIR","EA36387","EXISTING_DIRECT","RESOLVED","0","","Already covered by an existing ELIMFILTERS product under current FRAM evidence."
"CA6388","AIR","EA36388","EXISTING_DIRECT","RESOLVED","0","","Already covered by an existing ELIMFILTERS product under current FRAM evidence."
"CA6389","AIR","EA36389","EXISTING_DIRECT","RESOLVED","0","","Already covered by an existing ELIMFILTERS product under current FRAM evidence."
"CA6391","AIR","EA36391","EXISTING_DIRECT","RESOLVED","0","","Already covered by an existing ELIMFILTERS product under current FRAM evidence."
"CA6395","AIR","EA36395","EXISTING_DIRECT","RESOLVED","0","","Already covered by an existing ELIMFILTERS product under current FRAM evidence."
"CA6479","AIR","EA36479","EXISTING_DIRECT","RESOLVED","0","","Already covered by an existing ELIMFILTERS product under current FRAM evidence."
"CA6491","AIR","EA36491","EXISTING_DIRECT","RESOLVED","0","","Already covered by an existing ELIMFILTERS product under current FRAM evidence."
"CA6511","AIR","EA36511","EXISTING_DIRECT","RESOLVED","0","","Already covered by an existing ELIMFILTERS product under current FRAM evidence."
"CA6512","AIR","EA36512","EXISTING_DIRECT","RESOLVED","0","","Already covered by an existing ELIMFILTERS product under current FRAM evidence."
"CA6517","CABIN","EC36517","EXISTING_DIRECT","RESOLVED","0","","Already covered by an existing ELIMFILTERS product under current FRAM evidence."
"CA6525","AIR","EA36525","EXISTING_DIRECT","RESOLVED","0","","Already covered by an existing ELIMFILTERS product under current FRAM evidence."
"CA6541","AIR","EA36541","EXISTING_DIRECT","RESOLVED","0","","Already covered by an existing ELIMFILTERS product under current FRAM evidence."
"CA6543","AIR","EA36543","EXISTING_DIRECT","RESOLVED","0","","Already covered by an existing ELIMFILTERS product under current FRAM evidence."
"CA6544","AIR","EA36544","EXISTING_DIRECT","RESOLVED","0","","Already covered by an existing ELIMFILTERS product under current FRAM evidence."
"CA6545","AIR","EA36545","INSUFFICIENT_EXISTING","QUARANTINE_FINAL","1","EA31152","Existing-product evidence is insufficient to prove identity without ambiguity."
"CA6549","AIR","EA36549","EXISTING_DIRECT","RESOLVED","0","","Already covered by an existing ELIMFILTERS product under current FRAM evidence."
"CA6555","AIR","EA36555","EXISTING_DIRECT","RESOLVED","0","","Already covered by an existing ELIMFILTERS product under current FRAM evidence."
"CA6558","AIR","EA36558","EXISTING_DIRECT","RESOLVED","0","","Already covered by an existing ELIMFILTERS product under current FRAM evidence."
"CA6576","AIR","EA36576","EXISTING_DIRECT","RESOLVED","0","","Already covered by an existing ELIMFILTERS product under current FRAM evidence."
"CA6604SY","AIR","EA36604","EXISTING_DIRECT","RESOLVED","0","","Already covered by an existing ELIMFILTERS product under current FRAM evidence."
"CA6605","AIR","EA36605","EXISTING_DIRECT","RESOLVED","0","","Already covered by an existing ELIMFILTERS product under current FRAM evidence."
"CA6622","AIR","EA36622","EXISTING_DIRECT","RESOLVED","0","","Already covered by an existing ELIMFILTERS product under current FRAM evidence."
"CA6624","AIR","EA36624","EXISTING_DIRECT","RESOLVED","0","","Already covered by an existing ELIMFILTERS product under current FRAM evidence."
"CA6625","AIR","EA36625","EXISTING_DIRECT","RESOLVED","0","","Already covered by an existing ELIMFILTERS product under current FRAM evidence."
"CA6626","AIR","EA36626","EXISTING_DIRECT","RESOLVED","0","","Already covered by an existing ELIMFILTERS product under current FRAM evidence."
"CA6629","AIR","EA36629","EXISTING_DIRECT","RESOLVED","0","","Already covered by an existing ELIMFILTERS product under current FRAM evidence."
"CA6631","AIR","EA36631","EXISTING_DIRECT","RESOLVED","0","","Already covered by an existing ELIMFILTERS product under current FRAM evidence."
"CA6633","AIR","EA36633","EXISTING_DIRECT","RESOLVED","0","","Already covered by an existing ELIMFILTERS product under current FRAM evidence."
"CA6664","AIR","EA36664","EXISTING_DIRECT","RESOLVED","0","","Already covered by an existing ELIMFILTERS product under current FRAM evidence."
"CA6667","AIR","EA36667","EXISTING_DIRECT","RESOLVED","0","","Already covered by an existing ELIMFILTERS product under current FRAM evidence."
"CA6672SY","AIR","EA36672","EXISTING_DIRECT","RESOLVED","0","","Already covered by an existing ELIMFILTERS product under current FRAM evidence."
"CA6688SY","AIR","EA36688","EXISTING_DIRECT","RESOLVED","0","","Already covered by an existing ELIMFILTERS product under current FRAM evidence."
"CA6690","AIR","EA36690","EXISTING_DIRECT","RESOLVED","0","","Already covered by an existing ELIMFILTERS product under current FRAM evidence."
"CA6696","AIR","EA36696","EXISTING_DIRECT","RESOLVED","0","","Already covered by an existing ELIMFILTERS product under current FRAM evidence."
"CA6807","AIR","EA36807","EXISTING_DIRECT","RESOLVED","0","","Already covered by an existing ELIMFILTERS product under current FRAM evidence."
"CA6815","AIR","EA36815","EXISTING_DIRECT","RESOLVED","0","","Already covered by an existing ELIMFILTERS product under current FRAM evidence."
"CA6816","AIR","EA36816","SKU_COLLISION_EXISTING","QUARANTINE_FINAL","0","","Proposed ELIMFILTERS SKU is already occupied; no strong technical identity proof. Current policy forbids inventing a replacement number."
"CA6818","AIR","EA36818","EXISTING_DIRECT","RESOLVED","0","","Already covered by an existing ELIMFILTERS product under current FRAM evidence."
"CA6821","AIR","EA36821","SKU_COLLISION_EXISTING","QUARANTINE_FINAL","0","","Proposed ELIMFILTERS SKU is already occupied; no strong technical identity proof. Current policy forbids inventing a replacement number."
"CA6828","AIR","EA36828","EXISTING_DIRECT","RESOLVED","0","","Already covered by an existing ELIMFILTERS product under current FRAM evidence."
"CA6849","AIR","EA36849","EXISTING_DIRECT","RESOLVED","0","","Already covered by an existing ELIMFILTERS product under current FRAM evidence."
"CA6850","AIR","EA36850","EXISTING_DIRECT","RESOLVED","0","","Already covered by an existing ELIMFILTERS product under current FRAM evidence."
"CA6853","AIR","EA36853","EXISTING_DIRECT","RESOLVED","0","","Already covered by an existing ELIMFILTERS product under current FRAM evidence."
"CA6855","AIR","EA36855","EXISTING_DIRECT","RESOLVED","0","","Already covered by an existing ELIMFILTERS product under current FRAM evidence."
"CA6856","AIR","EA36856","EXISTING_DIRECT","RESOLVED","0","","Already covered by an existing ELIMFILTERS product under current FRAM evidence."
"CA6857","AIR","EA36857","EXISTING_DIRECT","RESOLVED","0","","Already covered by an existing ELIMFILTERS product under current FRAM evidence."
"CA6858","AIR","EA36858","EXISTING_DIRECT","RESOLVED","0","","Already covered by an existing ELIMFILTERS product under current FRAM evidence."
"CA6867","AIR","EA36867","EXISTING_DIRECT","RESOLVED","0","","Already covered by an existing ELIMFILTERS product under current FRAM evidence."
"CA6870","AIR","EA36870","EXISTING_DIRECT","RESOLVED","0","","Already covered by an existing ELIMFILTERS product under current FRAM evidence."
"CA6900","AIR","EA36900","EXISTING_DIRECT","RESOLVED","0","","Already covered by an existing ELIMFILTERS product under current FRAM evidence."
"CA6925SY","AIR","EA36925","EXISTING_DIRECT","RESOLVED","0","","Already covered by an existing ELIMFILTERS product under current FRAM evidence."
"CA6926","AIR","EA36926","EXISTING_DIRECT","RESOLVED","0","","Already covered by an existing ELIMFILTERS product under current FRAM evidence."
"CA6929SY","AIR","EA36929","EXISTING_DIRECT","RESOLVED","0","","Already covered by an existing ELIMFILTERS product under current FRAM evidence."
"CA6937","AIR","EA36937","EXISTING_DIRECT","RESOLVED","0","","Already covered by an existing ELIMFILTERS product under current FRAM evidence."
"CA70","AIR","EA30070","EXISTING_DIRECT","RESOLVED","0","","Already covered by an existing ELIMFILTERS product under current FRAM evidence."
"CA7007","AIR","EA37007","SKU_COLLISION_EXISTING","QUARANTINE_FINAL","0","","Proposed ELIMFILTERS SKU is already occupied; no strong technical identity proof. Current policy forbids inventing a replacement number."
"CA7017","AIR","EA37017","SKU_COLLISION_EXISTING","QUARANTINE_FINAL","0","","Proposed ELIMFILTERS SKU is already occupied; no strong technical identity proof. Current policy forbids inventing a replacement number."
"CA7088","AIR","EA37088","SKU_COLLISION_EXISTING","QUARANTINE_FINAL","0","","Proposed ELIMFILTERS SKU is already occupied; no strong technical identity proof. Current policy forbids inventing a replacement number."
"CA7094","AIR","EA37094","INSUFFICIENT_EXISTING","QUARANTINE_FINAL","1","EA37688","Existing-product evidence is insufficient to prove identity without ambiguity."
"CA7096","AIR","EA37096","EXISTING_DIRECT","RESOLVED","0","","Already covered by an existing ELIMFILTERS product under current FRAM evidence."
"CA7098","AIR","EA37098","EXISTING_DIRECT","RESOLVED","0","","Already covered by an existing ELIMFILTERS product under current FRAM evidence."
"CA7110","AIR","EA37110","SKU_COLLISION_EXISTING","QUARANTINE_FINAL","0","","Proposed ELIMFILTERS SKU is already occupied; no strong technical identity proof. Current policy forbids inventing a replacement number."
"CA7110SY","AIR","EA37110","SKU_COLLISION_EXISTING","QUARANTINE_FINAL","0","","Proposed ELIMFILTERS SKU is already occupied; no strong technical identity proof. Current policy forbids inventing a replacement number."
"CA7111","AIR","EA37111","EXISTING_DIRECT","RESOLVED","0","","Already covered by an existing ELIMFILTERS product under current FRAM evidence."
"CA7111SY","AIR","EA37111","SKU_COLLISION_EXISTING","QUARANTINE_FINAL","0","","Proposed ELIMFILTERS SKU is already occupied; no strong technical identity proof. Current policy forbids inventing a replacement number."
"CA7113","AIR","EA37113","SKU_COLLISION_EXISTING","QUARANTINE_FINAL","0","","Proposed ELIMFILTERS SKU is already occupied; no strong technical identity proof. Current policy forbids inventing a replacement number."
"CA7137SY","AIR","EA37137","INSUFFICIENT_EXISTING","QUARANTINE_FINAL","1","EA31553","Existing-product evidence is insufficient to prove identity without ambiguity."
"CA7139","AIR","EA37139","FRAM_SKU_COLLISION","QUARANTINE_FINAL","0","","Two or more distinct FRAM authorities collapse to the same 4-digit ELIMFILTERS namespace. Not safe to merge."
"CA7139SY","AIR","EA37139","FRAM_SKU_COLLISION","QUARANTINE_FINAL","0","","Two or more distinct FRAM authorities collapse to the same 4-digit ELIMFILTERS namespace. Not safe to merge."
"CA7140","AIR","EA37140","SKU_COLLISION_EXISTING","QUARANTINE_FINAL","0","","Proposed ELIMFILTERS SKU is already occupied; no strong technical identity proof. Current policy forbids inventing a replacement number."
"CA7140SY","AIR","EA37140","SKU_COLLISION_EXISTING","QUARANTINE_FINAL","0","","Proposed ELIMFILTERS SKU is already occupied; no strong technical identity proof. Current policy forbids inventing a replacement number."
"CA7142","AIR","EA37142","EXISTING_DIRECT","RESOLVED","0","","Already covered by an existing ELIMFILTERS product under current FRAM evidence."
"CA7167","AIR","EA37167","EXISTING_DIRECT","RESOLVED","0","","Already covered by an existing ELIMFILTERS product under current FRAM evidence."
"CA7174","AIR","EA37174","EXISTING_DIRECT","RESOLVED","0","","Already covered by an existing ELIMFILTERS product under current FRAM evidence."
"CA7203SY","AIR","EA37203","EXISTING_DIRECT","RESOLVED","0","","Already covered by an existing ELIMFILTERS product under current FRAM evidence."
"CA7218","AIR","EA37218","SKU_COLLISION_EXISTING","QUARANTINE_FINAL","0","","Proposed ELIMFILTERS SKU is already occupied; no strong technical identity proof. Current policy forbids inventing a replacement number."
"CA7224","AIR","EA37224","EXISTING_DIRECT","RESOLVED","0","","Already covered by an existing ELIMFILTERS product under current FRAM evidence."
"CA7229","AIR","EA37229","EXISTING_DIRECT","RESOLVED","0","","Already covered by an existing ELIMFILTERS product under current FRAM evidence."
"CA7230","AIR","EA37230","SKU_COLLISION_EXISTING","QUARANTINE_FINAL","0","","Proposed ELIMFILTERS SKU is already occupied; no strong technical identity proof. Current policy forbids inventing a replacement number."
"CA7284","AIR","EA37284","EXISTING_DIRECT","RESOLVED","0","","Already covered by an existing ELIMFILTERS product under current FRAM evidence."
"CA73","AIR","EA30073","EXISTING_DIRECT","RESOLVED","0","","Already covered by an existing ELIMFILTERS product under current FRAM evidence."
"CA7336","AIR","EA37336","EXISTING_DIRECT","RESOLVED","0","","Already covered by an existing ELIMFILTERS product under current FRAM evidence."
"CA7344","AIR","EA37344","EXISTING_DIRECT","RESOLVED","0","","Already covered by an existing ELIMFILTERS product under current FRAM evidence."
"CA7351","AIR","EA37351","EXISTING_DIRECT","RESOLVED","0","","Already covered by an existing ELIMFILTERS product under current FRAM evidence."
"CA7365","AIR","EA37365","EXISTING_DIRECT","RESOLVED","0","","Already covered by an existing ELIMFILTERS product under current FRAM evidence."
"CA7368","AIR","EA37368","EXISTING_DIRECT","RESOLVED","0","","Already covered by an existing ELIMFILTERS product under current FRAM evidence."
"CA7369","AIR","EA37369","EXISTING_DIRECT","RESOLVED","0","","Already covered by an existing ELIMFILTERS product under current FRAM evidence."
"CA74","AIR","EA30074","SKU_COLLISION_EXISTING","QUARANTINE_FINAL","0","","Proposed ELIMFILTERS SKU is already occupied; no strong technical identity proof. Current policy forbids inventing a replacement number."
"CA7403","AIR","EA37403","EXISTING_DIRECT","RESOLVED","0","","Already covered by an existing ELIMFILTERS product under current FRAM evidence."
"CA7414","AIR","EA37414","EXISTING_DIRECT","RESOLVED","0","","Already covered by an existing ELIMFILTERS product under current FRAM evidence."
"CA7417","AIR","EA37417","EXISTING_DIRECT","RESOLVED","0","","Already covered by an existing ELIMFILTERS product under current FRAM evidence."
"CA7420","AIR","EA37420","EXISTING_DIRECT","RESOLVED","0","","Already covered by an existing ELIMFILTERS product under current FRAM evidence."
"CA7421","AIR","EA37421","EXISTING_DIRECT","RESOLVED","0","","Already covered by an existing ELIMFILTERS product under current FRAM evidence."
"CA7422SY","AIR","EA37422","EXISTING_DIRECT","RESOLVED","0","","Already covered by an existing ELIMFILTERS product under current FRAM evidence."
"CA7426","AIR","EA37426","EXISTING_DIRECT","RESOLVED","0","","Already covered by an existing ELIMFILTERS product under current FRAM evidence."
"CA7431","AIR","EA37431","EXISTING_DIRECT","RESOLVED","0","","Already covered by an existing ELIMFILTERS product under current FRAM evidence."
"CA7432","AIR","EA37432","EXISTING_DIRECT","RESOLVED","0","","Already covered by an existing ELIMFILTERS product under current FRAM evidence."
"CA7438","AIR","EA37438","EXISTING_DIRECT","RESOLVED","0","","Already covered by an existing ELIMFILTERS product under current FRAM evidence."
"CA7440","AIR","EA37440","EXISTING_DIRECT","RESOLVED","0","","Already covered by an existing ELIMFILTERS product under current FRAM evidence."
"CA7444","AIR","EA37444","EXISTING_DIRECT","RESOLVED","0","","Already covered by an existing ELIMFILTERS product under current FRAM evidence."
"CA7447","AIR","EA37447","EXISTING_DIRECT","RESOLVED","0","","Already covered by an existing ELIMFILTERS product under current FRAM evidence."
"CA7454","AIR","EA37454","EXISTING_DIRECT","RESOLVED","0","","Already covered by an existing ELIMFILTERS product under current FRAM evidence."
"CA7457","AIR","EA37457","EXISTING_DIRECT","RESOLVED","0","","Already covered by an existing ELIMFILTERS product under current FRAM evidence."
"CA7458","AIR","EA37458","FRAM_SKU_COLLISION","QUARANTINE_FINAL","0","","Two or more distinct FRAM authorities collapse to the same 4-digit ELIMFILTERS namespace. Not safe to merge."
"CA7458SY","AIR","EA37458","FRAM_SKU_COLLISION","QUARANTINE_FINAL","0","","Two or more distinct FRAM authorities collapse to the same 4-digit ELIMFILTERS namespace. Not safe to merge."
"CA7459","AIR","EA37459","EXISTING_DIRECT","RESOLVED","0","","Already covered by an existing ELIMFILTERS product under current FRAM evidence."
"CA7460","AIR","EA37460","EXISTING_DIRECT","RESOLVED","0","","Already covered by an existing ELIMFILTERS product under current FRAM evidence."
"CA7466","AIR","EA37466","EXISTING_DIRECT","RESOLVED","0","","Already covered by an existing ELIMFILTERS product under current FRAM evidence."
"CA7470SY","AIR","EA37470","EXISTING_DIRECT","RESOLVED","0","","Already covered by an existing ELIMFILTERS product under current FRAM evidence."
"CA7476","AIR","EA37476","EXISTING_DIRECT","RESOLVED","0","","Already covered by an existing ELIMFILTERS product under current FRAM evidence."
"CA7476SY","AIR","EA37476","EXISTING_DIRECT","RESOLVED","0","","Already covered by an existing ELIMFILTERS product under current FRAM evidence."
"CA7478","AIR","EA37478","FRAM_SKU_COLLISION","QUARANTINE_FINAL","0","","Two or more distinct FRAM authorities collapse to the same 4-digit ELIMFILTERS namespace. Not safe to merge."
"CA7478SY","AIR","EA37478","FRAM_SKU_COLLISION","QUARANTINE_FINAL","0","","Two or more distinct FRAM authorities collapse to the same 4-digit ELIMFILTERS namespace. Not safe to merge."
"CA7480","AIR","EA37480","EXISTING_DIRECT","RESOLVED","0","","Already covered by an existing ELIMFILTERS product under current FRAM evidence."
"CA7480SY","AIR","EA37480","EXISTING_DIRECT","RESOLVED","0","","Already covered by an existing ELIMFILTERS product under current FRAM evidence."
"CA7482","AIR","EA37482","EXISTING_DIRECT","RESOLVED","0","","Already covered by an existing ELIMFILTERS product under current FRAM evidence."
"CA7482SY","AIR","EA37482","EXISTING_DIRECT","RESOLVED","0","","Already covered by an existing ELIMFILTERS product under current FRAM evidence."
"CA7484","AIR","EA37484","FRAM_SKU_COLLISION","QUARANTINE_FINAL","0","","Two or more distinct FRAM authorities collapse to the same 4-digit ELIMFILTERS namespace. Not safe to merge."
"CA7484SY","AIR","EA37484","FRAM_SKU_COLLISION","QUARANTINE_FINAL","0","","Two or more distinct FRAM authorities collapse to the same 4-digit ELIMFILTERS namespace. Not safe to merge."
"CA7486","AIR","EA37486","FRAM_SKU_COLLISION","QUARANTINE_FINAL","0","","Two or more distinct FRAM authorities collapse to the same 4-digit ELIMFILTERS namespace. Not safe to merge."
"CA7486SY","AIR","EA37486","FRAM_SKU_COLLISION","QUARANTINE_FINAL","0","","Two or more distinct FRAM authorities collapse to the same 4-digit ELIMFILTERS namespace. Not safe to merge."
"CA7487SY","AIR","EA37487","EXISTING_DIRECT","RESOLVED","0","","Already covered by an existing ELIMFILTERS product under current FRAM evidence."
"CA7490SY","AIR","EA37490","EXISTING_DIRECT","RESOLVED","0","","Already covered by an existing ELIMFILTERS product under current FRAM evidence."
"CA7491","AIR","EA37491","EXISTING_DIRECT","RESOLVED","0","","Already covered by an existing ELIMFILTERS product under current FRAM evidence."
"CA7495","AIR","EA37495","FRAM_SKU_COLLISION","QUARANTINE_FINAL","0","","Two or more distinct FRAM authorities collapse to the same 4-digit ELIMFILTERS namespace. Not safe to merge."
"CA7495SY","AIR","EA37495","FRAM_SKU_COLLISION","QUARANTINE_FINAL","0","","Two or more distinct FRAM authorities collapse to the same 4-digit ELIMFILTERS namespace. Not safe to merge."
"CA7597","AIR","EA37597","EXISTING_DIRECT","RESOLVED","0","","Already covered by an existing ELIMFILTERS product under current FRAM evidence."
"CA7598","AIR","EA37598","EXISTING_DIRECT","RESOLVED","0","","Already covered by an existing ELIMFILTERS product under current FRAM evidence."
"CA76","AIR","EA30076","EXISTING_DIRECT","RESOLVED","0","","Already covered by an existing ELIMFILTERS product under current FRAM evidence."
"CA7605","AIR","EA37605","EXISTING_DIRECT","RESOLVED","0","","Already covered by an existing ELIMFILTERS product under current FRAM evidence."
"CA7608","AIR","EA37608","EXISTING_DIRECT","RESOLVED","0","","Already covered by an existing ELIMFILTERS product under current FRAM evidence."
"CA7614","AIR","EA37614","INSUFFICIENT_EXISTING","QUARANTINE_FINAL","1","EA39108","Existing-product evidence is insufficient to prove identity without ambiguity."
"CA7617","AIR","EA37617","EXISTING_DIRECT","RESOLVED","0","","Already covered by an existing ELIMFILTERS product under current FRAM evidence."
"CA7620","AIR","EA37620","EXISTING_DIRECT","RESOLVED","0","","Already covered by an existing ELIMFILTERS product under current FRAM evidence."
"CA7626","AIR","EA37626","EXISTING_DIRECT","RESOLVED","0","","Already covered by an existing ELIMFILTERS product under current FRAM evidence."
"CA7628","AIR","EA37628","EXISTING_DIRECT","RESOLVED","0","","Already covered by an existing ELIMFILTERS product under current FRAM evidence."
"CA7630","AIR","EA37630","EXISTING_DIRECT","RESOLVED","0","","Already covered by an existing ELIMFILTERS product under current FRAM evidence."
"CA7640","AIR","EA37640","EXISTING_DIRECT","RESOLVED","0","","Already covered by an existing ELIMFILTERS product under current FRAM evidence."
"CA7648","AIR","EA37648","EXISTING_DIRECT","RESOLVED","0","","Already covered by an existing ELIMFILTERS product under current FRAM evidence."
"CA7651","AIR","EA37651","EXISTING_DIRECT","RESOLVED","0","","Already covered by an existing ELIMFILTERS product under current FRAM evidence."
"CA7666","AIR","EA37666","EXISTING_DIRECT","RESOLVED","0","","Already covered by an existing ELIMFILTERS product under current FRAM evidence."
"CA7669","AIR","EA37669","EXISTING_DIRECT","RESOLVED","0","","Already covered by an existing ELIMFILTERS product under current FRAM evidence."
"CA7670SY","AIR","EA37670","EXISTING_DIRECT","RESOLVED","0","","Already covered by an existing ELIMFILTERS product under current FRAM evidence."
"CA7680","AIR","EA37680","EXISTING_DIRECT","RESOLVED","0","","Already covered by an existing ELIMFILTERS product under current FRAM evidence."
"CA7687SY","AIR","EA37687","EXISTING_DIRECT","RESOLVED","0","","Already covered by an existing ELIMFILTERS product under current FRAM evidence."
"CA7688","AIR","EA37688","EXISTING_DIRECT","RESOLVED","0","","Already covered by an existing ELIMFILTERS product under current FRAM evidence."
"CA7689","AIR","EA37689","EXISTING_DIRECT","RESOLVED","0","","Already covered by an existing ELIMFILTERS product under current FRAM evidence."
"CA7691","AIR","EA37691","EXISTING_DIRECT","RESOLVED","0","","Already covered by an existing ELIMFILTERS product under current FRAM evidence."
"CA7694","AIR","EA37694","EXISTING_DIRECT","RESOLVED","0","","Already covered by an existing ELIMFILTERS product under current FRAM evidence."
"CA7697","AIR","EA37697","EXISTING_DIRECT","RESOLVED","0","","Already covered by an existing ELIMFILTERS product under current FRAM evidence."
"CA7698","AIR","EA37698","EXISTING_DIRECT","RESOLVED","0","","Already covered by an existing ELIMFILTERS product under current FRAM evidence."
"CA7699SY","AIR","EA37699","EXISTING_DIRECT","RESOLVED","0","","Already covered by an existing ELIMFILTERS product under current FRAM evidence."
"CA77","AIR","EA30077","EXISTING_DIRECT","RESOLVED","0","","Already covered by an existing ELIMFILTERS product under current FRAM evidence."
"CA7710","AIR","EA37710","FRAM_SKU_COLLISION","QUARANTINE_FINAL","0","","Two or more distinct FRAM authorities collapse to the same 4-digit ELIMFILTERS namespace. Not safe to merge."
"CA7710SY","AIR","EA37710","FRAM_SKU_COLLISION","QUARANTINE_FINAL","0","","Two or more distinct FRAM authorities collapse to the same 4-digit ELIMFILTERS namespace. Not safe to merge."
"CA7726","AIR","EA37726","EXISTING_DIRECT","RESOLVED","0","","Already covered by an existing ELIMFILTERS product under current FRAM evidence."
"CA7730","AIR","EA37730","EXISTING_DIRECT","RESOLVED","0","","Already covered by an existing ELIMFILTERS product under current FRAM evidence."
"CA7737","AIR","EA37737","EXISTING_DIRECT","RESOLVED","0","","Already covered by an existing ELIMFILTERS product under current FRAM evidence."
"CA7755","AIR","EA37755","EXISTING_DIRECT","RESOLVED","0","","Already covered by an existing ELIMFILTERS product under current FRAM evidence."
"CA7764","AIR","EA37764","EXISTING_DIRECT","RESOLVED","0","","Already covered by an existing ELIMFILTERS product under current FRAM evidence."
"CA7774","AIR","EA37774","EXISTING_DIRECT","RESOLVED","0","","Already covered by an existing ELIMFILTERS product under current FRAM evidence."
"CA79","AIR","EA30079","SKU_COLLISION_EXISTING","QUARANTINE_FINAL","0","","Proposed ELIMFILTERS SKU is already occupied; no strong technical identity proof. Current policy forbids inventing a replacement number."
"CA8003","AIR","EA38003","SKU_COLLISION_EXISTING","QUARANTINE_FINAL","0","","Proposed ELIMFILTERS SKU is already occupied; no strong technical identity proof. Current policy forbids inventing a replacement number."
"CA8010","AIR","EA38010","SKU_COLLISION_EXISTING","QUARANTINE_FINAL","0","","Proposed ELIMFILTERS SKU is already occupied; no strong technical identity proof. Current policy forbids inventing a replacement number."
"CA8014","AIR","EA38014","SKU_COLLISION_EXISTING","QUARANTINE_FINAL","0","","Proposed ELIMFILTERS SKU is already occupied; no strong technical identity proof. Current policy forbids inventing a replacement number."
"CA8029","AIR","EA38029","SKU_COLLISION_EXISTING","QUARANTINE_FINAL","0","","Proposed ELIMFILTERS SKU is already occupied; no strong technical identity proof. Current policy forbids inventing a replacement number."
"CA8029SY","AIR","EA38029","EXISTING_DIRECT","RESOLVED","0","","Already covered by an existing ELIMFILTERS product under current FRAM evidence."
"CA8033","AIR","EA38033","EXISTING_DIRECT","RESOLVED","0","","Already covered by an existing ELIMFILTERS product under current FRAM evidence."
"CA8037","AIR","EA38037","SKU_COLLISION_EXISTING","QUARANTINE_FINAL","0","","Proposed ELIMFILTERS SKU is already occupied; no strong technical identity proof. Current policy forbids inventing a replacement number."
"CA8038","AIR","EA38038","INSUFFICIENT_EXISTING","QUARANTINE_FINAL","1","EA33902","Existing-product evidence is insufficient to prove identity without ambiguity."
"CA8039","AIR","EA38039","SKU_COLLISION_EXISTING","QUARANTINE_FINAL","0","","Proposed ELIMFILTERS SKU is already occupied; no strong technical identity proof. Current policy forbids inventing a replacement number."
"CA8040","AIR","EA38040","INSUFFICIENT_EXISTING","QUARANTINE_FINAL","1","EA32329","Existing-product evidence is insufficient to prove identity without ambiguity."
"CA8052","AIR","EA38052","EXISTING_DIRECT","RESOLVED","0","","Already covered by an existing ELIMFILTERS product under current FRAM evidence."
"CA8067","AIR","EA38067","EXISTING_DIRECT","RESOLVED","0","","Already covered by an existing ELIMFILTERS product under current FRAM evidence."
"CA8069","AIR","EA38069","EXISTING_DIRECT","RESOLVED","0","","Already covered by an existing ELIMFILTERS product under current FRAM evidence."
"CA8071","AIR","EA38071","EXISTING_DIRECT","RESOLVED","0","","Already covered by an existing ELIMFILTERS product under current FRAM evidence."
"CA8080","AIR","EA38080","EXISTING_MULTI_CROSS","RESOLVED","0","","Already covered by an existing ELIMFILTERS product under current FRAM evidence."
"CA8094","AIR","EA38094","INSUFFICIENT_EXISTING","QUARANTINE_FINAL","1","EA38613","Existing-product evidence is insufficient to prove identity without ambiguity."
"CA8095","AIR","EA38095","EXISTING_DIRECT","RESOLVED","0","","Already covered by an existing ELIMFILTERS product under current FRAM evidence."
"CA8097","AIR","EA38097","SKU_COLLISION_EXISTING","QUARANTINE_FINAL","0","","Proposed ELIMFILTERS SKU is already occupied; no strong technical identity proof. Current policy forbids inventing a replacement number."
"CA8098","AIR","EA38098","EXISTING_DIRECT","RESOLVED","0","","Already covered by an existing ELIMFILTERS product under current FRAM evidence."
"CA8099","AIR","EA38099","EXISTING_DIRECT","RESOLVED","0","","Already covered by an existing ELIMFILTERS product under current FRAM evidence."
"CA8121","AIR","EA38121","SKU_COLLISION_EXISTING","QUARANTINE_FINAL","0","","Proposed ELIMFILTERS SKU is already occupied; no strong technical identity proof. Current policy forbids inventing a replacement number."
"CA8127","AIR","EA38127","EXISTING_DIRECT","RESOLVED","0","","Already covered by an existing ELIMFILTERS product under current FRAM evidence."
"CA8129","AIR","EA38129","EXISTING_DIRECT","RESOLVED","0","","Already covered by an existing ELIMFILTERS product under current FRAM evidence."
"CA8130","AIR","EA38130","SKU_COLLISION_EXISTING","QUARANTINE_FINAL","0","","Proposed ELIMFILTERS SKU is already occupied; no strong technical identity proof. Current policy forbids inventing a replacement number."
"CA8131","AIR","EA38131","EXISTING_DIRECT","RESOLVED","0","","Already covered by an existing ELIMFILTERS product under current FRAM evidence."
"CA8133","AIR","EA38133","SKU_COLLISION_EXISTING","QUARANTINE_FINAL","0","","Proposed ELIMFILTERS SKU is already occupied; no strong technical identity proof. Current policy forbids inventing a replacement number."
"CA8141","AIR","EA38141","EXISTING_DIRECT","RESOLVED","0","","Already covered by an existing ELIMFILTERS product under current FRAM evidence."
"CA8142","AIR","EA38142","EXISTING_DIRECT","RESOLVED","0","","Already covered by an existing ELIMFILTERS product under current FRAM evidence."
"CA8162","AIR","EA38162","SKU_COLLISION_EXISTING","QUARANTINE_FINAL","0","","Proposed ELIMFILTERS SKU is already occupied; no strong technical identity proof. Current policy forbids inventing a replacement number."
"CA8169","AIR","EA38169","EXISTING_DIRECT","RESOLVED","0","","Already covered by an existing ELIMFILTERS product under current FRAM evidence."
"CA8177","AIR","EA38177","EXISTING_DIRECT","RESOLVED","0","","Already covered by an existing ELIMFILTERS product under current FRAM evidence."
"CA8180","AIR","EA38180","SKU_COLLISION_EXISTING","QUARANTINE_FINAL","0","","Proposed ELIMFILTERS SKU is already occupied; no strong technical identity proof. Current policy forbids inventing a replacement number."
"CA8188","AIR","EA38188","EXISTING_DIRECT","RESOLVED","0","","Already covered by an existing ELIMFILTERS product under current FRAM evidence."
"CA8193","AIR","EA38193","EXISTING_DIRECT","RESOLVED","0","","Already covered by an existing ELIMFILTERS product under current FRAM evidence."
"CA8205","AIR","EA38205","EXISTING_DIRECT","RESOLVED","0","","Already covered by an existing ELIMFILTERS product under current FRAM evidence."
"CA8208","AIR","EA38208","EXISTING_DIRECT","RESOLVED","0","","Already covered by an existing ELIMFILTERS product under current FRAM evidence."
"CA8209","AIR","EA38209","EXISTING_DIRECT","RESOLVED","0","","Already covered by an existing ELIMFILTERS product under current FRAM evidence."
"CA8220","AIR","EA38220","EXISTING_DIRECT","RESOLVED","0","","Already covered by an existing ELIMFILTERS product under current FRAM evidence."
"CA8221","AIR","EA38221","EXISTING_DIRECT","RESOLVED","0","","Already covered by an existing ELIMFILTERS product under current FRAM evidence."
"CA8229","AIR","EA38229","EXISTING_DIRECT","RESOLVED","0","","Already covered by an existing ELIMFILTERS product under current FRAM evidence."
"CA8231","AIR","EA38231","EXISTING_DIRECT","RESOLVED","0","","Already covered by an existing ELIMFILTERS product under current FRAM evidence."
"CA8235","AIR","EA38235","SKU_COLLISION_EXISTING","QUARANTINE_FINAL","0","","Proposed ELIMFILTERS SKU is already occupied; no strong technical identity proof. Current policy forbids inventing a replacement number."
"CA8243","AIR","EA38243","EXISTING_DIRECT","RESOLVED","0","","Already covered by an existing ELIMFILTERS product under current FRAM evidence."
"CA8245","AIR","EA38245","EXISTING_DIRECT","RESOLVED","0","","Already covered by an existing ELIMFILTERS product under current FRAM evidence."
"CA8248","AIR","EA38248","EXISTING_DIRECT","RESOLVED","0","","Already covered by an existing ELIMFILTERS product under current FRAM evidence."
"CA8269","AIR","EA38269","SKU_COLLISION_EXISTING","QUARANTINE_FINAL","0","","Proposed ELIMFILTERS SKU is already occupied; no strong technical identity proof. Current policy forbids inventing a replacement number."
"CA8295","AIR","EA38295","EXISTING_DIRECT","RESOLVED","0","","Already covered by an existing ELIMFILTERS product under current FRAM evidence."
"CA8297SY","AIR","EA38297","EXISTING_DIRECT","RESOLVED","0","","Already covered by an existing ELIMFILTERS product under current FRAM evidence."
"CA8331","AIR","EA38331","SKU_COLLISION_EXISTING","QUARANTINE_FINAL","0","","Proposed ELIMFILTERS SKU is already occupied; no strong technical identity proof. Current policy forbids inventing a replacement number."
"CA8455SY","AIR","EA38455","EXISTING_DIRECT","RESOLVED","0","","Already covered by an existing ELIMFILTERS product under current FRAM evidence."
"CA8466","AIR","EA38466","EXISTING_DIRECT","RESOLVED","0","","Already covered by an existing ELIMFILTERS product under current FRAM evidence."
"CA8475","AIR","EA38475","EXISTING_DIRECT","RESOLVED","0","","Already covered by an existing ELIMFILTERS product under current FRAM evidence."
"CA8492","AIR","EA38492","EXISTING_DIRECT","RESOLVED","0","","Already covered by an existing ELIMFILTERS product under current FRAM evidence."
"CA8493SY","AIR","EA38493","EXISTING_DIRECT","RESOLVED","0","","Already covered by an existing ELIMFILTERS product under current FRAM evidence."
"CA8507","AIR","EA38507","SKU_COLLISION_EXISTING","QUARANTINE_FINAL","0","","Proposed ELIMFILTERS SKU is already occupied; no strong technical identity proof. Current policy forbids inventing a replacement number."
"CA8511SY","AIR","EA38511","EXISTING_DIRECT","RESOLVED","0","","Already covered by an existing ELIMFILTERS product under current FRAM evidence."
"CA8535","AIR","EA38535","EXISTING_DIRECT","RESOLVED","0","","Already covered by an existing ELIMFILTERS product under current FRAM evidence."
"CA8536SY","AIR","EA38536","EXISTING_DIRECT","RESOLVED","0","","Already covered by an existing ELIMFILTERS product under current FRAM evidence."
"CA8541","AIR","EA38541","EXISTING_DIRECT","RESOLVED","0","","Already covered by an existing ELIMFILTERS product under current FRAM evidence."
"CA8547","AIR","EA38547","EXISTING_DIRECT","RESOLVED","0","","Already covered by an existing ELIMFILTERS product under current FRAM evidence."
"CA8548","AIR","EA38548","EXISTING_DIRECT","RESOLVED","0","","Already covered by an existing ELIMFILTERS product under current FRAM evidence."
"CA8562","AIR","EA38562","SKU_COLLISION_EXISTING","QUARANTINE_FINAL","0","","Proposed ELIMFILTERS SKU is already occupied; no strong technical identity proof. Current policy forbids inventing a replacement number."
"CA8563","AIR","EA38563","EXISTING_DIRECT","RESOLVED","0","","Already covered by an existing ELIMFILTERS product under current FRAM evidence."
"CA8575","AIR","EA38575","EXISTING_DIRECT","RESOLVED","0","","Already covered by an existing ELIMFILTERS product under current FRAM evidence."
"CA8594","AIR","EA38594","EXISTING_DIRECT","RESOLVED","0","","Already covered by an existing ELIMFILTERS product under current FRAM evidence."
"CA8596","AIR","EA38596","FRAM_SKU_COLLISION","QUARANTINE_FINAL","0","","Two or more distinct FRAM authorities collapse to the same 4-digit ELIMFILTERS namespace. Not safe to merge."
"CA8596SY","AIR","EA38596","FRAM_SKU_COLLISION","QUARANTINE_FINAL","0","","Two or more distinct FRAM authorities collapse to the same 4-digit ELIMFILTERS namespace. Not safe to merge."
"CA8601","AIR","EA38601","SKU_COLLISION_EXISTING","QUARANTINE_FINAL","0","","Proposed ELIMFILTERS SKU is already occupied; no strong technical identity proof. Current policy forbids inventing a replacement number."
"CA8602","AIR","EA38602","SKU_COLLISION_EXISTING","QUARANTINE_FINAL","0","","Proposed ELIMFILTERS SKU is already occupied; no strong technical identity proof. Current policy forbids inventing a replacement number."
"CA8606","AIR","EA38606","SKU_COLLISION_EXISTING","QUARANTINE_FINAL","0","","Proposed ELIMFILTERS SKU is already occupied; no strong technical identity proof. Current policy forbids inventing a replacement number."
"CA8609","AIR","EA38609","EXISTING_MULTI_CROSS","RESOLVED","0","","Already covered by an existing ELIMFILTERS product under current FRAM evidence."
"CA8613","AIR","EA38613","EXISTING_DIRECT","RESOLVED","0","","Already covered by an existing ELIMFILTERS product under current FRAM evidence."
"CA8621","AIR","EA38621","FRAM_SKU_COLLISION","QUARANTINE_FINAL","0","","Two or more distinct FRAM authorities collapse to the same 4-digit ELIMFILTERS namespace. Not safe to merge."
"CA8621SY","AIR","EA38621","FRAM_SKU_COLLISION","QUARANTINE_FINAL","0","","Two or more distinct FRAM authorities collapse to the same 4-digit ELIMFILTERS namespace. Not safe to merge."
"CA8659","AIR","EA38659","EXISTING_DIRECT","RESOLVED","0","","Already covered by an existing ELIMFILTERS product under current FRAM evidence."
"CA8660SY","AIR","EA38660","EXISTING_DIRECT","RESOLVED","0","","Already covered by an existing ELIMFILTERS product under current FRAM evidence."
"CA8713","AIR","EA38713","EXISTING_DIRECT","RESOLVED","0","","Already covered by an existing ELIMFILTERS product under current FRAM evidence."
"CA8715","AIR","EA38715","EXISTING_MULTI_CROSS","RESOLVED","0","","Already covered by an existing ELIMFILTERS product under current FRAM evidence."
"CA8720","AIR","EA38720","INSUFFICIENT_EXISTING","QUARANTINE_FINAL","1","EA31109","Existing-product evidence is insufficient to prove identity without ambiguity."
"CA8729","AIR","EA38729","EXISTING_DIRECT","RESOLVED","0","","Already covered by an existing ELIMFILTERS product under current FRAM evidence."
"CA8730","AIR","EA38730","EXISTING_DIRECT","RESOLVED","0","","Already covered by an existing ELIMFILTERS product under current FRAM evidence."
"CA8731","AIR","EA38731","SKU_COLLISION_EXISTING","QUARANTINE_FINAL","0","","Proposed ELIMFILTERS SKU is already occupied; no strong technical identity proof. Current policy forbids inventing a replacement number."
"CA8737","CABIN","EC38737","EXISTING_DIRECT","RESOLVED","0","","Already covered by an existing ELIMFILTERS product under current FRAM evidence."
"CA8737SY","AIR","EA38737","EXISTING_DIRECT","RESOLVED","0","","Already covered by an existing ELIMFILTERS product under current FRAM evidence."
"CA8747","AIR","EA38747","EXISTING_DIRECT","RESOLVED","0","","Already covered by an existing ELIMFILTERS product under current FRAM evidence."
"CA8754","AIR","EA38754","INSUFFICIENT_EXISTING","QUARANTINE_FINAL","1","EA37008","Existing-product evidence is insufficient to prove identity without ambiguity."
"CA8755A","AIR","EA38755","EXISTING_DIRECT","RESOLVED","0","","Already covered by an existing ELIMFILTERS product under current FRAM evidence."
"CA8756","AIR","EA38756","EXISTING_DIRECT","RESOLVED","0","","Already covered by an existing ELIMFILTERS product under current FRAM evidence."
"CA8760","AIR","EA38760","EXISTING_DIRECT","RESOLVED","0","","Already covered by an existing ELIMFILTERS product under current FRAM evidence."
"CA8766","AIR","EA38766","EXISTING_DIRECT","RESOLVED","0","","Already covered by an existing ELIMFILTERS product under current FRAM evidence."
"CA8767","AIR","EA38767","EXISTING_DIRECT","RESOLVED","0","","Already covered by an existing ELIMFILTERS product under current FRAM evidence."
"CA8768","AIR","EA38768","INSUFFICIENT_EXISTING","QUARANTINE_FINAL","1","EA33698","Existing-product evidence is insufficient to prove identity without ambiguity."
"CA8805","AIR","EA38805","EXISTING_DIRECT","RESOLVED","0","","Already covered by an existing ELIMFILTERS product under current FRAM evidence."
"CA8817","AIR","EA38817","EXISTING_DIRECT","RESOLVED","0","","Already covered by an existing ELIMFILTERS product under current FRAM evidence."
"CA8859SY","AIR","EA38859","EXISTING_DIRECT","RESOLVED","0","","Already covered by an existing ELIMFILTERS product under current FRAM evidence."
"CA8911","AIR","EA38911","EXISTING_DIRECT","RESOLVED","0","","Already covered by an existing ELIMFILTERS product under current FRAM evidence."
"CA8918","AIR","EA38918","EXISTING_DIRECT","RESOLVED","0","","Already covered by an existing ELIMFILTERS product under current FRAM evidence."
"CA8922","AIR","EA38922","EXISTING_DIRECT","RESOLVED","0","","Already covered by an existing ELIMFILTERS product under current FRAM evidence."
"CA8925","AIR","EA38925","EXISTING_DIRECT","RESOLVED","0","","Already covered by an existing ELIMFILTERS product under current FRAM evidence."
"CA8932","AIR","EA38932","EXISTING_DIRECT","RESOLVED","0","","Already covered by an existing ELIMFILTERS product under current FRAM evidence."
"CA8956","AIR","EA38956","EXISTING_DIRECT","RESOLVED","0","","Already covered by an existing ELIMFILTERS product under current FRAM evidence."
"CA8958","AIR","EA38958","EXISTING_DIRECT","RESOLVED","0","","Already covered by an existing ELIMFILTERS product under current FRAM evidence."
"CA8960","AIR","EA38960","SKU_COLLISION_EXISTING","QUARANTINE_FINAL","0","","Proposed ELIMFILTERS SKU is already occupied; no strong technical identity proof. Current policy forbids inventing a replacement number."
"CA8966","AIR","EA38966","EXISTING_DIRECT","RESOLVED","0","","Already covered by an existing ELIMFILTERS product under current FRAM evidence."
"CA8969","AIR","EA38969","EXISTING_DIRECT","RESOLVED","0","","Already covered by an existing ELIMFILTERS product under current FRAM evidence."
"CA8970","AIR","EA38970","EXISTING_DIRECT","RESOLVED","0","","Already covered by an existing ELIMFILTERS product under current FRAM evidence."
"CA8997","AIR","EA38997","EXISTING_DIRECT","RESOLVED","0","","Already covered by an existing ELIMFILTERS product under current FRAM evidence."
"CA9002","AIR","EA39002","EXISTING_DIRECT","RESOLVED","0","","Already covered by an existing ELIMFILTERS product under current FRAM evidence."
"CA9002SY","AIR","EA39002","SKU_COLLISION_EXISTING","QUARANTINE_FINAL","0","","Proposed ELIMFILTERS SKU is already occupied; no strong technical identity proof. Current policy forbids inventing a replacement number."
"CA9003","AIR","EA39003","SKU_COLLISION_EXISTING","QUARANTINE_FINAL","0","","Proposed ELIMFILTERS SKU is already occupied; no strong technical identity proof. Current policy forbids inventing a replacement number."
"CA9003SY","AIR","EA39003","SKU_COLLISION_EXISTING","QUARANTINE_FINAL","0","","Proposed ELIMFILTERS SKU is already occupied; no strong technical identity proof. Current policy forbids inventing a replacement number."
"CA9007","AIR","EA39007","EXISTING_MULTI_CROSS","RESOLVED","0","","Already covered by an existing ELIMFILTERS product under current FRAM evidence."
"CA9053","AIR","EA39053","EXISTING_DIRECT","RESOLVED","0","","Already covered by an existing ELIMFILTERS product under current FRAM evidence."
"CA9054","AIR","EA39054","SKU_COLLISION_EXISTING","QUARANTINE_FINAL","0","","Proposed ELIMFILTERS SKU is already occupied; no strong technical identity proof. Current policy forbids inventing a replacement number."
"CA9055","AIR","EA39055","EXISTING_DIRECT","RESOLVED","0","","Already covered by an existing ELIMFILTERS product under current FRAM evidence."
"CA9073","AIR","EA39073","EXISTING_DIRECT","RESOLVED","0","","Already covered by an existing ELIMFILTERS product under current FRAM evidence."
"CA9113","AIR","EA39113","EXISTING_DIRECT","RESOLVED","0","","Already covered by an existing ELIMFILTERS product under current FRAM evidence."
"CA9115","AIR","EA39115","INSUFFICIENT_EXISTING","QUARANTINE_FINAL","1","EA32517","Existing-product evidence is insufficient to prove identity without ambiguity."
"CA9121","AIR","EA39121","SKU_COLLISION_EXISTING","QUARANTINE_FINAL","0","","Proposed ELIMFILTERS SKU is already occupied; no strong technical identity proof. Current policy forbids inventing a replacement number."
"CA9122","AIR","EA39122","SKU_COLLISION_EXISTING","QUARANTINE_FINAL","0","","Proposed ELIMFILTERS SKU is already occupied; no strong technical identity proof. Current policy forbids inventing a replacement number."
"CA9125","AIR","EA39125","EXISTING_DIRECT","RESOLVED","0","","Already covered by an existing ELIMFILTERS product under current FRAM evidence."
"CA9242","AIR","EA39242","EXISTING_DIRECT","RESOLVED","0","","Already covered by an existing ELIMFILTERS product under current FRAM evidence."
"CA9244","AIR","EA39244","EXISTING_DIRECT","RESOLVED","0","","Already covered by an existing ELIMFILTERS product under current FRAM evidence."
"CA9244SY","AIR","EA39244","CROSS_FAMILY_DIRECT_CONFLICT","QUARANTINE_FINAL","0","","Direct reference conflicts across filter families; automatic resolution prohibited."
"CA9245","AIR","EA39245","EXISTING_DIRECT","RESOLVED","0","","Already covered by an existing ELIMFILTERS product under current FRAM evidence."
"CA9246","AIR","EA39246","EXISTING_DIRECT","RESOLVED","0","","Already covered by an existing ELIMFILTERS product under current FRAM evidence."
"CA9246SY","AIR","EA39246","INSUFFICIENT_EXISTING","QUARANTINE_FINAL","1","EA39269","Existing-product evidence is insufficient to prove identity without ambiguity."
"CA9247","AIR","EA39247","EXISTING_DIRECT","RESOLVED","0","","Already covered by an existing ELIMFILTERS product under current FRAM evidence."
"CA9248","AIR","EA39248","EXISTING_MULTI_CROSS","RESOLVED","0","","Already covered by an existing ELIMFILTERS product under current FRAM evidence."
"CA9248SY","AIR","EA39248","EXISTING_DIRECT","RESOLVED","0","","Already covered by an existing ELIMFILTERS product under current FRAM evidence."
"CA9250","AIR","EA39250","EXISTING_DIRECT","RESOLVED","0","","Already covered by an existing ELIMFILTERS product under current FRAM evidence."
"CA9261","AIR","EA39261","EXISTING_DIRECT","RESOLVED","0","","Already covered by an existing ELIMFILTERS product under current FRAM evidence."
"CA9269","AIR","EA39269","INSUFFICIENT_EXISTING","QUARANTINE_FINAL","1","EA31831","Existing-product evidence is insufficient to prove identity without ambiguity."
"CA9269SY","AIR","EA39269","EXISTING_DIRECT","RESOLVED","0","","Already covered by an existing ELIMFILTERS product under current FRAM evidence."
"CA9277","AIR","EA39277","EXISTING_DIRECT","RESOLVED","0","","Already covered by an existing ELIMFILTERS product under current FRAM evidence."
"CA9288","AIR","EA39288","EXISTING_DIRECT","RESOLVED","0","","Already covered by an existing ELIMFILTERS product under current FRAM evidence."
"CA9309","AIR","EA39309","EXISTING_DIRECT","RESOLVED","0","","Already covered by an existing ELIMFILTERS product under current FRAM evidence."
"CA9332","AIR","EA39332","EXISTING_DIRECT","RESOLVED","0","","Already covered by an existing ELIMFILTERS product under current FRAM evidence."
"CA9345","AIR","EA39345","EXISTING_DIRECT","RESOLVED","0","","Already covered by an existing ELIMFILTERS product under current FRAM evidence."
"CA9346","AIR","EA39346","EXISTING_DIRECT","RESOLVED","0","","Already covered by an existing ELIMFILTERS product under current FRAM evidence."
"CA9352","AIR","EA39352","EXISTING_DIRECT","RESOLVED","0","","Already covered by an existing ELIMFILTERS product under current FRAM evidence."
"CA9352SY","AIR","EA39352","SKU_COLLISION_EXISTING","QUARANTINE_FINAL","0","","Proposed ELIMFILTERS SKU is already occupied; no strong technical identity proof. Current policy forbids inventing a replacement number."
"CA9359","AIR","EA39359","EXISTING_DIRECT","RESOLVED","0","","Already covered by an existing ELIMFILTERS product under current FRAM evidence."
"CA9360","AIR","EA39360","EXISTING_DIRECT","RESOLVED","0","","Already covered by an existing ELIMFILTERS product under current FRAM evidence."
"CA9361","AIR","EA39361","EXISTING_DIRECT","RESOLVED","0","","Already covered by an existing ELIMFILTERS product under current FRAM evidence."
"CA9367","AIR","EA39367","EXISTING_DIRECT","RESOLVED","0","","Already covered by an existing ELIMFILTERS product under current FRAM evidence."
"CA9379","AIR","EA39379","EXISTING_DIRECT","RESOLVED","0","","Already covered by an existing ELIMFILTERS product under current FRAM evidence."
"CA9392","AIR","EA39392","EXISTING_DIRECT","RESOLVED","0","","Already covered by an existing ELIMFILTERS product under current FRAM evidence."
"CA9400","AIR","EA39400","EXISTING_DIRECT","RESOLVED","0","","Already covered by an existing ELIMFILTERS product under current FRAM evidence."
"CA9401","AIR","EA39401","INSUFFICIENT_EXISTING","QUARANTINE_FINAL","1","EA31960","Existing-product evidence is insufficient to prove identity without ambiguity."
"CA9402","AIR","EA39402","SKU_COLLISION_EXISTING","QUARANTINE_FINAL","0","","Proposed ELIMFILTERS SKU is already occupied; no strong technical identity proof. Current policy forbids inventing a replacement number."
"CA9409","AIR","EA39409","EXISTING_DIRECT","RESOLVED","0","","Already covered by an existing ELIMFILTERS product under current FRAM evidence."
"CA9429","AIR","EA39429","EXISTING_DIRECT","RESOLVED","0","","Already covered by an existing ELIMFILTERS product under current FRAM evidence."
"CA9435","AIR","EA39435","EXISTING_DIRECT","RESOLVED","0","","Already covered by an existing ELIMFILTERS product under current FRAM evidence."
"CA9441","AIR","EA39441","EXISTING_DIRECT","RESOLVED","0","","Already covered by an existing ELIMFILTERS product under current FRAM evidence."
"CA9459","AIR","EA39459","EXISTING_DIRECT","RESOLVED","0","","Already covered by an existing ELIMFILTERS product under current FRAM evidence."
"CA9471","AIR","EA39471","EXISTING_DIRECT","RESOLVED","0","","Already covered by an existing ELIMFILTERS product under current FRAM evidence."
"CA9481","AIR","EA39481","EXISTING_DIRECT","RESOLVED","0","","Already covered by an existing ELIMFILTERS product under current FRAM evidence."
"CA9482","AIR","EA39482","EXISTING_DIRECT","RESOLVED","0","","Already covered by an existing ELIMFILTERS product under current FRAM evidence."
"CA9492","AIR","EA39492","SKU_COLLISION_EXISTING","QUARANTINE_FINAL","0","","Proposed ELIMFILTERS SKU is already occupied; no strong technical identity proof. Current policy forbids inventing a replacement number."
"CA9493","AIR","EA39493","SKU_COLLISION_EXISTING","QUARANTINE_FINAL","0","","Proposed ELIMFILTERS SKU is already occupied; no strong technical identity proof. Current policy forbids inventing a replacement number."
"CA9499","AIR","EA39499","EXISTING_DIRECT","RESOLVED","0","","Already covered by an existing ELIMFILTERS product under current FRAM evidence."
"CA9501","AIR","EA39501","SKU_COLLISION_EXISTING","QUARANTINE_FINAL","0","","Proposed ELIMFILTERS SKU is already occupied; no strong technical identity proof. Current policy forbids inventing a replacement number."
"CA9504SY","AIR","EA39504","EXISTING_DIRECT","RESOLVED","0","","Already covered by an existing ELIMFILTERS product under current FRAM evidence."
"CA9513","AIR","EA39513","EXISTING_DIRECT","RESOLVED","0","","Already covered by an existing ELIMFILTERS product under current FRAM evidence."
"CA9516","AIR","EA39516","EXISTING_DIRECT","RESOLVED","0","","Already covered by an existing ELIMFILTERS product under current FRAM evidence."
"CA9525","AIR","EA39525","EXISTING_DIRECT","RESOLVED","0","","Already covered by an existing ELIMFILTERS product under current FRAM evidence."
"CA9544","AIR","EA39544","EXISTING_DIRECT","RESOLVED","0","","Already covered by an existing ELIMFILTERS product under current FRAM evidence."
"CA9550","AIR","EA39550","SKU_COLLISION_EXISTING","QUARANTINE_FINAL","0","","Proposed ELIMFILTERS SKU is already occupied; no strong technical identity proof. Current policy forbids inventing a replacement number."
"CA9550S","AIR","EA39550","SKU_COLLISION_EXISTING","QUARANTINE_FINAL","0","","Proposed ELIMFILTERS SKU is already occupied; no strong technical identity proof. Current policy forbids inventing a replacement number."
"CA9555","AIR","EA39555","EXISTING_DIRECT","RESOLVED","0","","Already covered by an existing ELIMFILTERS product under current FRAM evidence."
"CA9563","AIR","EA39563","EXISTING_DIRECT","RESOLVED","0","","Already covered by an existing ELIMFILTERS product under current FRAM evidence."
"CA9564","AIR","EA39564","EXISTING_DIRECT","RESOLVED","0","","Already covered by an existing ELIMFILTERS product under current FRAM evidence."
"CA9565","AIR","EA39565","EXISTING_DIRECT","RESOLVED","0","","Already covered by an existing ELIMFILTERS product under current FRAM evidence."
"CA9588","AIR","EA39588","EXISTING_DIRECT","RESOLVED","0","","Already covered by an existing ELIMFILTERS product under current FRAM evidence."
"CA9589","AIR","EA39589","EXISTING_DIRECT","RESOLVED","0","","Already covered by an existing ELIMFILTERS product under current FRAM evidence."
"CA9593","AIR","EA39593","EXISTING_DIRECT","RESOLVED","0","","Already covered by an existing ELIMFILTERS product under current FRAM evidence."
"CA9600","AIR","EA39600","EXISTING_DIRECT","RESOLVED","0","","Already covered by an existing ELIMFILTERS product under current FRAM evidence."
"CA9603","AIR","EA39603","EXISTING_DIRECT","RESOLVED","0","","Already covered by an existing ELIMFILTERS product under current FRAM evidence."
"CA9634","AIR","EA39634","INSUFFICIENT_EXISTING","QUARANTINE_FINAL","1","EA30153","Existing-product evidence is insufficient to prove identity without ambiguity."
"CA9636","AIR","EA39636","EXISTING_DIRECT","RESOLVED","0","","Already covered by an existing ELIMFILTERS product under current FRAM evidence."
"CA9646","AIR","EA39646","EXISTING_DIRECT","RESOLVED","0","","Already covered by an existing ELIMFILTERS product under current FRAM evidence."
"CA9662","AIR","EA39662","EXISTING_DIRECT","RESOLVED","0","","Already covered by an existing ELIMFILTERS product under current FRAM evidence."
"CA9663","AIR","EA39663","EXISTING_DIRECT","RESOLVED","0","","Already covered by an existing ELIMFILTERS product under current FRAM evidence."
"CA9669","AIR","EA39669","EXISTING_DIRECT","RESOLVED","0","","Already covered by an existing ELIMFILTERS product under current FRAM evidence."
"CA9676","AIR","EA39676","EXISTING_DIRECT","RESOLVED","0","","Already covered by an existing ELIMFILTERS product under current FRAM evidence."
"CA9681","AIR","EA39681","EXISTING_DIRECT","RESOLVED","0","","Already covered by an existing ELIMFILTERS product under current FRAM evidence."
"CA9683","AIR","EA39683","EXISTING_DIRECT","RESOLVED","0","","Already covered by an existing ELIMFILTERS product under current FRAM evidence."
"CA9687","AIR","EA39687","EXISTING_DIRECT","RESOLVED","0","","Already covered by an existing ELIMFILTERS product under current FRAM evidence."
"CA9708","AIR","EA39708","EXISTING_DIRECT","RESOLVED","0","","Already covered by an existing ELIMFILTERS product under current FRAM evidence."
"CA9711","AIR","EA39711","EXISTING_DIRECT","RESOLVED","0","","Already covered by an existing ELIMFILTERS product under current FRAM evidence."
"CA9736","AIR","EA39736","FRAM_SKU_COLLISION","QUARANTINE_FINAL","0","","Two or more distinct FRAM authorities collapse to the same 4-digit ELIMFILTERS namespace. Not safe to merge."
"CA9736SY","AIR","EA39736","FRAM_SKU_COLLISION","QUARANTINE_FINAL","0","","Two or more distinct FRAM authorities collapse to the same 4-digit ELIMFILTERS namespace. Not safe to merge."
"CA9741","AIR","EA39741","EXISTING_DIRECT","RESOLVED","0","","Already covered by an existing ELIMFILTERS product under current FRAM evidence."
"CA9762","AIR","EA39762","EXISTING_DIRECT","RESOLVED","0","","Already covered by an existing ELIMFILTERS product under current FRAM evidence."
"CA9778","AIR","EA39778","EXISTING_DIRECT","RESOLVED","0","","Already covered by an existing ELIMFILTERS product under current FRAM evidence."
"CA9798","AIR","EA39798","EXISTING_DIRECT","RESOLVED","0","","Already covered by an existing ELIMFILTERS product under current FRAM evidence."
"CA9800","AIR","EA39800","EXISTING_DIRECT","RESOLVED","0","","Already covered by an existing ELIMFILTERS product under current FRAM evidence."
"CA9806","AIR","EA39806","EXISTING_DIRECT","RESOLVED","0","","Already covered by an existing ELIMFILTERS product under current FRAM evidence."
"CA9838","AIR","EA39838","EXISTING_DIRECT","RESOLVED","0","","Already covered by an existing ELIMFILTERS product under current FRAM evidence."
"CA9856","AIR","EA39856","EXISTING_DIRECT","RESOLVED","0","","Already covered by an existing ELIMFILTERS product under current FRAM evidence."
"CA9869","AIR","EA39869","EXISTING_DIRECT","RESOLVED","0","","Already covered by an existing ELIMFILTERS product under current FRAM evidence."
"CA9870","AIR","EA39870","EXISTING_DIRECT","RESOLVED","0","","Already covered by an existing ELIMFILTERS product under current FRAM evidence."
"CA9872","AIR","EA39872","FRAM_SKU_COLLISION","QUARANTINE_FINAL","0","","Two or more distinct FRAM authorities collapse to the same 4-digit ELIMFILTERS namespace. Not safe to merge."
"CA9872SY","AIR","EA39872","FRAM_SKU_COLLISION","QUARANTINE_FINAL","0","","Two or more distinct FRAM authorities collapse to the same 4-digit ELIMFILTERS namespace. Not safe to merge."
"CA9873","AIR","EA39873","FRAM_SKU_COLLISION","QUARANTINE_FINAL","0","","Two or more distinct FRAM authorities collapse to the same 4-digit ELIMFILTERS namespace. Not safe to merge."
"CA9873SY","AIR","EA39873","FRAM_SKU_COLLISION","QUARANTINE_FINAL","0","","Two or more distinct FRAM authorities collapse to the same 4-digit ELIMFILTERS namespace. Not safe to merge."
"CA9874","AIR","EA39874","EXISTING_DIRECT","RESOLVED","0","","Already covered by an existing ELIMFILTERS product under current FRAM evidence."
"CA9875","AIR","EA39875","EXISTING_DIRECT","RESOLVED","0","","Already covered by an existing ELIMFILTERS product under current FRAM evidence."
"CA9894","AIR","EA39894","EXISTING_DIRECT","RESOLVED","0","","Already covered by an existing ELIMFILTERS product under current FRAM evidence."
"CA9895","AIR","EA39895","EXISTING_DIRECT","RESOLVED","0","","Already covered by an existing ELIMFILTERS product under current FRAM evidence."
"CA9898","AIR","EA39898","EXISTING_DIRECT","RESOLVED","0","","Already covered by an existing ELIMFILTERS product under current FRAM evidence."
"CA9900","AIR","EA39900","EXISTING_DIRECT","RESOLVED","0","","Already covered by an existing ELIMFILTERS product under current FRAM evidence."
"CA9901","AIR","EA39901","SKU_COLLISION_EXISTING","QUARANTINE_FINAL","0","","Proposed ELIMFILTERS SKU is already occupied; no strong technical identity proof. Current policy forbids inventing a replacement number."
"CA9901SY","AIR","EA39901","SKU_COLLISION_EXISTING","QUARANTINE_FINAL","0","","Proposed ELIMFILTERS SKU is already occupied; no strong technical identity proof. Current policy forbids inventing a replacement number."
"CA9902","AIR","EA39902","SKU_COLLISION_EXISTING","QUARANTINE_FINAL","0","","Proposed ELIMFILTERS SKU is already occupied; no strong technical identity proof. Current policy forbids inventing a replacement number."
"CA9912","AIR","EA39912","SKU_COLLISION_EXISTING","QUARANTINE_FINAL","0","","Proposed ELIMFILTERS SKU is already occupied; no strong technical identity proof. Current policy forbids inventing a replacement number."
"CA9944","AIR","EA39944","EXISTING_DIRECT","RESOLVED","0","","Already covered by an existing ELIMFILTERS product under current FRAM evidence."
"CA9948","AIR","EA39948","EXISTING_DIRECT","RESOLVED","0","","Already covered by an existing ELIMFILTERS product under current FRAM evidence."
"CA9953","AIR","EA39953","EXISTING_DIRECT","RESOLVED","0","","Already covered by an existing ELIMFILTERS product under current FRAM evidence."
"CA9966","AIR","EA39966","FRAM_SKU_COLLISION","QUARANTINE_FINAL","0","","Two or more distinct FRAM authorities collapse to the same 4-digit ELIMFILTERS namespace. Not safe to merge."
"CA9966SY","AIR","EA39966","FRAM_SKU_COLLISION","QUARANTINE_FINAL","0","","Two or more distinct FRAM authorities collapse to the same 4-digit ELIMFILTERS namespace. Not safe to merge."
"CA9969","AIR","EA39969","EXISTING_DIRECT","RESOLVED","0","","Already covered by an existing ELIMFILTERS product under current FRAM evidence."
"CA9997","AIR","EA39997","EXISTING_DIRECT","RESOLVED","0","","Already covered by an existing ELIMFILTERS product under current FRAM evidence."
"CF10074","CABIN","EC30074","INSUFFICIENT_EXISTING","QUARANTINE_FINAL","1","EC32368","Existing-product evidence is insufficient to prove identity without ambiguity."
"CF10103","CABIN","EC30103","EXISTING_DIRECT","RESOLVED","0","","Already covered by an existing ELIMFILTERS product under current FRAM evidence."
"CF10132","CABIN","EC30132","EXISTING_DIRECT","RESOLVED","0","","Already covered by an existing ELIMFILTERS product under current FRAM evidence."
"CF10133","CABIN","EC30133","INSUFFICIENT_EXISTING","QUARANTINE_FINAL","1","EC32131","Existing-product evidence is insufficient to prove identity without ambiguity."
"CF10134","CABIN","EC30134","EXISTING_DIRECT","RESOLVED","0","","Already covered by an existing ELIMFILTERS product under current FRAM evidence."
"CF10135","CABIN","EC30135","INSUFFICIENT_EXISTING","QUARANTINE_FINAL","1","EC33272","Existing-product evidence is insufficient to prove identity without ambiguity."
"CF10136","CABIN","EC30136","EXISTING_DIRECT","RESOLVED","0","","Already covered by an existing ELIMFILTERS product under current FRAM evidence."
"CF10137","CABIN","EC30137","EXISTING_DIRECT","RESOLVED","0","","Already covered by an existing ELIMFILTERS product under current FRAM evidence."
"CF10138","CABIN","EC30138","FRAM_SKU_COLLISION","QUARANTINE_FINAL","0","","Two or more distinct FRAM authorities collapse to the same 4-digit ELIMFILTERS namespace. Not safe to merge."
"CF10139","CABIN","EC30139","EXISTING_DIRECT","RESOLVED","0","","Already covered by an existing ELIMFILTERS product under current FRAM evidence."
"CF10140","CABIN","EC30140","EXISTING_DIRECT","RESOLVED","0","","Already covered by an existing ELIMFILTERS product under current FRAM evidence."
"CF10141","CABIN","EC30141","EXISTING_DIRECT","RESOLVED","0","","Already covered by an existing ELIMFILTERS product under current FRAM evidence."
"CF10157","CABIN","EC30157","EXISTING_DIRECT","RESOLVED","0","","Already covered by an existing ELIMFILTERS product under current FRAM evidence."
"CF10208","CABIN","EC30208","INSUFFICIENT_EXISTING","QUARANTINE_FINAL","1","EC33023","Existing-product evidence is insufficient to prove identity without ambiguity."
"CF10218","CABIN","EC30218","EXISTING_DIRECT","RESOLVED","0","","Already covered by an existing ELIMFILTERS product under current FRAM evidence."
"CF10259","CABIN","EC30259","EXISTING_DIRECT","RESOLVED","0","","Already covered by an existing ELIMFILTERS product under current FRAM evidence."
"CF10285","CABIN","EC30285","EXISTING_MULTI_CROSS","RESOLVED","0","","Already covered by an existing ELIMFILTERS product under current FRAM evidence."
"CF10329","CABIN","EC30329","EXISTING_DIRECT","RESOLVED","0","","Already covered by an existing ELIMFILTERS product under current FRAM evidence."
"CF10360","CABIN","EC30360","FRAM_SKU_COLLISION","QUARANTINE_FINAL","0","","Two or more distinct FRAM authorities collapse to the same 4-digit ELIMFILTERS namespace. Not safe to merge."
"CF10361","CABIN","EC30361","EXISTING_DIRECT","RESOLVED","0","","Already covered by an existing ELIMFILTERS product under current FRAM evidence."
"CF10362","CABIN","EC30362","EXISTING_DIRECT","RESOLVED","0","","Already covered by an existing ELIMFILTERS product under current FRAM evidence."
"CF10363","CABIN","EC30363","EXISTING_DIRECT","RESOLVED","0","","Already covered by an existing ELIMFILTERS product under current FRAM evidence."
"CF10364","CABIN","EC30364","FRAM_SKU_COLLISION","QUARANTINE_FINAL","0","","Two or more distinct FRAM authorities collapse to the same 4-digit ELIMFILTERS namespace. Not safe to merge."
"CF10368","CABIN","EC30368","EXISTING_DIRECT","RESOLVED","0","","Already covered by an existing ELIMFILTERS product under current FRAM evidence."
"CF10369","CABIN","EC30369","EXISTING_DIRECT","RESOLVED","0","","Already covered by an existing ELIMFILTERS product under current FRAM evidence."
"CF10370","CABIN","EC30370","FRAM_SKU_COLLISION","QUARANTINE_FINAL","0","","Two or more distinct FRAM authorities collapse to the same 4-digit ELIMFILTERS namespace. Not safe to merge."
"CF10371","CABIN","EC30371","EXISTING_DIRECT","RESOLVED","0","","Already covered by an existing ELIMFILTERS product under current FRAM evidence."
"CF10372","CABIN","EC30372","SKU_COLLISION_EXISTING","QUARANTINE_FINAL","0","","Proposed ELIMFILTERS SKU is already occupied; no strong technical identity proof. Current policy forbids inventing a replacement number."
"CF10373","CABIN","EC30373","FRAM_SKU_COLLISION","QUARANTINE_FINAL","0","","Two or more distinct FRAM authorities collapse to the same 4-digit ELIMFILTERS namespace. Not safe to merge."
"CF10374","CABIN","EC30374","EXISTING_DIRECT","RESOLVED","0","","Already covered by an existing ELIMFILTERS product under current FRAM evidence."
"CF10375","CABIN","EC30375","EXISTING_DIRECT","RESOLVED","0","","Already covered by an existing ELIMFILTERS product under current FRAM evidence."
"CF10377","CABIN","EC30377","EXISTING_DIRECT","RESOLVED","0","","Already covered by an existing ELIMFILTERS product under current FRAM evidence."
"CF10381","CABIN","EC30381","EXISTING_DIRECT","RESOLVED","0","","Already covered by an existing ELIMFILTERS product under current FRAM evidence."
"CF10382","CABIN","EC30382","EXISTING_DIRECT","RESOLVED","0","","Already covered by an existing ELIMFILTERS product under current FRAM evidence."
"CF10383","CABIN","EC30383","EXISTING_DIRECT","RESOLVED","0","","Already covered by an existing ELIMFILTERS product under current FRAM evidence."
"CF10388","CABIN","EC30388","FRAM_SKU_COLLISION","QUARANTINE_FINAL","0","","Two or more distinct FRAM authorities collapse to the same 4-digit ELIMFILTERS namespace. Not safe to merge."
"CF10413","CABIN","EC30413","EXISTING_DIRECT","RESOLVED","0","","Already covered by an existing ELIMFILTERS product under current FRAM evidence."
"CF10435","CABIN","EC30435","EXISTING_DIRECT","RESOLVED","0","","Already covered by an existing ELIMFILTERS product under current FRAM evidence."
"CF10436","CABIN","EC30436","FRAM_SKU_COLLISION","QUARANTINE_FINAL","0","","Two or more distinct FRAM authorities collapse to the same 4-digit ELIMFILTERS namespace. Not safe to merge."
"CF10545","CABIN","EC30545","EXISTING_DIRECT","RESOLVED","0","","Already covered by an existing ELIMFILTERS product under current FRAM evidence."
"CF10546","CABIN","EC30546","EXISTING_DIRECT","RESOLVED","0","","Already covered by an existing ELIMFILTERS product under current FRAM evidence."
"CF10547","CABIN","EC30547","EXISTING_DIRECT","RESOLVED","0","","Already covered by an existing ELIMFILTERS product under current FRAM evidence."
"CF10548","CABIN","EC30548","EXISTING_DIRECT","RESOLVED","0","","Already covered by an existing ELIMFILTERS product under current FRAM evidence."
"CF10549","CABIN","EC30549","EXISTING_DIRECT","RESOLVED","0","","Already covered by an existing ELIMFILTERS product under current FRAM evidence."
"CF10550","CABIN","EC30550","FRAM_SKU_COLLISION","QUARANTINE_FINAL","0","","Two or more distinct FRAM authorities collapse to the same 4-digit ELIMFILTERS namespace. Not safe to merge."
"CF10553","CABIN","EC30553","EXISTING_DIRECT","RESOLVED","0","","Already covered by an existing ELIMFILTERS product under current FRAM evidence."
"CF10554","CABIN","EC30554","EXISTING_DIRECT","RESOLVED","0","","Already covered by an existing ELIMFILTERS product under current FRAM evidence."
"CF10555","CABIN","EC30555","EXISTING_DIRECT","RESOLVED","0","","Already covered by an existing ELIMFILTERS product under current FRAM evidence."
"CF10557","CABIN","EC30557","EXISTING_DIRECT","RESOLVED","0","","Already covered by an existing ELIMFILTERS product under current FRAM evidence."
"CF10558","CABIN","EC30558","EXISTING_DIRECT","RESOLVED","0","","Already covered by an existing ELIMFILTERS product under current FRAM evidence."
"CF10559","CABIN","EC30559","EXISTING_DIRECT","RESOLVED","0","","Already covered by an existing ELIMFILTERS product under current FRAM evidence."
"CF10560","CABIN","EC30560","EXISTING_DIRECT","RESOLVED","0","","Already covered by an existing ELIMFILTERS product under current FRAM evidence."
"CF10561","CABIN","EC30561","EXISTING_DIRECT","RESOLVED","0","","Already covered by an existing ELIMFILTERS product under current FRAM evidence."
"CF10562","CABIN","EC30562","EXISTING_DIRECT","RESOLVED","0","","Already covered by an existing ELIMFILTERS product under current FRAM evidence."
"CF10563","CABIN","EC30563","EXISTING_DIRECT","RESOLVED","0","","Already covered by an existing ELIMFILTERS product under current FRAM evidence."
"CF10612","CABIN","EC30612","SKU_COLLISION_EXISTING","QUARANTINE_FINAL","0","","Proposed ELIMFILTERS SKU is already occupied; no strong technical identity proof. Current policy forbids inventing a replacement number."
"CF10709","CABIN","EC30709","EXISTING_DIRECT","RESOLVED","0","","Already covered by an existing ELIMFILTERS product under current FRAM evidence."
"CF10719","CABIN","EC30719","EXISTING_DIRECT","RESOLVED","0","","Already covered by an existing ELIMFILTERS product under current FRAM evidence."
"CF10727","CABIN","EC30727","FRAM_SKU_COLLISION","QUARANTINE_FINAL","0","","Two or more distinct FRAM authorities collapse to the same 4-digit ELIMFILTERS namespace. Not safe to merge."
"CF10728","CABIN","EC30728","EXISTING_DIRECT","RESOLVED","0","","Already covered by an existing ELIMFILTERS product under current FRAM evidence."
"CF10729","CABIN","EC30729","EXISTING_DIRECT","RESOLVED","0","","Already covered by an existing ELIMFILTERS product under current FRAM evidence."
"CF10730","CABIN","EC30730","EXISTING_DIRECT","RESOLVED","0","","Already covered by an existing ELIMFILTERS product under current FRAM evidence."
"CF10731","CABIN","EC30731","EXISTING_DIRECT","RESOLVED","0","","Already covered by an existing ELIMFILTERS product under current FRAM evidence."
"CF10732","CABIN","EC30732","EXISTING_DIRECT","RESOLVED","0","","Already covered by an existing ELIMFILTERS product under current FRAM evidence."
"CF10733","CABIN","EC30733","EXISTING_DIRECT","RESOLVED","0","","Already covered by an existing ELIMFILTERS product under current FRAM evidence."
"CF10734","CABIN","EC30734","EXISTING_DIRECT","RESOLVED","0","","Already covered by an existing ELIMFILTERS product under current FRAM evidence."
"CF10735","CABIN","EC30735","EXISTING_DIRECT","RESOLVED","0","","Already covered by an existing ELIMFILTERS product under current FRAM evidence."
"CF10744","CABIN","EC30744","EXISTING_DIRECT","RESOLVED","0","","Already covered by an existing ELIMFILTERS product under current FRAM evidence."
"CF10745","CABIN","EC30745","EXISTING_DIRECT","RESOLVED","0","","Already covered by an existing ELIMFILTERS product under current FRAM evidence."
"CF10746","CABIN","EC30746","EXISTING_DIRECT","RESOLVED","0","","Already covered by an existing ELIMFILTERS product under current FRAM evidence."
"CF10747","CABIN","EC30747","EXISTING_DIRECT","RESOLVED","0","","Already covered by an existing ELIMFILTERS product under current FRAM evidence."
"CF10775","CABIN","EC30775","FRAM_SKU_COLLISION","QUARANTINE_FINAL","0","","Two or more distinct FRAM authorities collapse to the same 4-digit ELIMFILTERS namespace. Not safe to merge."
"CF10776","CABIN","EC30776","EXISTING_DIRECT","RESOLVED","0","","Already covered by an existing ELIMFILTERS product under current FRAM evidence."
"CF10828","CABIN","EC30828","EXISTING_DIRECT","RESOLVED","0","","Already covered by an existing ELIMFILTERS product under current FRAM evidence."
"CF10830","CABIN","EC30830","EXISTING_DIRECT","RESOLVED","0","","Already covered by an existing ELIMFILTERS product under current FRAM evidence."
"CF10896","CABIN","EC30896","EXISTING_DIRECT","RESOLVED","0","","Already covered by an existing ELIMFILTERS product under current FRAM evidence."
"CF10900","CABIN","EC30900","EXISTING_DIRECT","RESOLVED","0","","Already covered by an existing ELIMFILTERS product under current FRAM evidence."
"CF10916","CABIN","EC30916","EXISTING_DIRECT","RESOLVED","0","","Already covered by an existing ELIMFILTERS product under current FRAM evidence."
"CF10930","CABIN","EC30930","EXISTING_DIRECT","RESOLVED","0","","Already covered by an existing ELIMFILTERS product under current FRAM evidence."
"CF10934","CABIN","EC30934","EXISTING_DIRECT","RESOLVED","0","","Already covered by an existing ELIMFILTERS product under current FRAM evidence."
"CF10935","CABIN","EC30935","EXISTING_DIRECT","RESOLVED","0","","Already covered by an existing ELIMFILTERS product under current FRAM evidence."
"CF10936","CABIN","EC30936","EXISTING_DIRECT","RESOLVED","0","","Already covered by an existing ELIMFILTERS product under current FRAM evidence."
"CF10937","CABIN","EC30937","EXISTING_DIRECT","RESOLVED","0","","Already covered by an existing ELIMFILTERS product under current FRAM evidence."
"CF11171","CABIN","EC31171","EXISTING_DIRECT","RESOLVED","0","","Already covered by an existing ELIMFILTERS product under current FRAM evidence."
"CF11172","CABIN","EC31172","EXISTING_DIRECT","RESOLVED","0","","Already covered by an existing ELIMFILTERS product under current FRAM evidence."
"CF11173","CABIN","EC31173","INSUFFICIENT_EXISTING","QUARANTINE_FINAL","1","EC30555","Existing-product evidence is insufficient to prove identity without ambiguity."
"CF11174","CABIN","EC31174","EXISTING_DIRECT","RESOLVED","0","","Already covered by an existing ELIMFILTERS product under current FRAM evidence."
"CF11175","CABIN","EC31175","EXISTING_DIRECT","RESOLVED","0","","Already covered by an existing ELIMFILTERS product under current FRAM evidence."
"CF11176","CABIN","EC31176","EXISTING_DIRECT","RESOLVED","0","","Already covered by an existing ELIMFILTERS product under current FRAM evidence."
"CF11177","CABIN","EC31177","EXISTING_DIRECT","RESOLVED","0","","Already covered by an existing ELIMFILTERS product under current FRAM evidence."
"CF11179","CABIN","EC31179","EXISTING_DIRECT","RESOLVED","0","","Already covered by an existing ELIMFILTERS product under current FRAM evidence."
"CF11180","CABIN","EC31180","EXISTING_DIRECT","RESOLVED","0","","Already covered by an existing ELIMFILTERS product under current FRAM evidence."
"CF11181","CABIN","EC31181","EXISTING_DIRECT","RESOLVED","0","","Already covered by an existing ELIMFILTERS product under current FRAM evidence."
"CF11182","CABIN","EC31182","EXISTING_DIRECT","RESOLVED","0","","Already covered by an existing ELIMFILTERS product under current FRAM evidence."
"CF11183","CABIN","EC31183","FRAM_SKU_COLLISION","QUARANTINE_FINAL","0","","Two or more distinct FRAM authorities collapse to the same 4-digit ELIMFILTERS namespace. Not safe to merge."
"CF11184","CABIN","EC31184","EXISTING_DIRECT","RESOLVED","0","","Already covered by an existing ELIMFILTERS product under current FRAM evidence."
"CF11220","CABIN","EC31220","EXISTING_DIRECT","RESOLVED","0","","Already covered by an existing ELIMFILTERS product under current FRAM evidence."
"CF11279","CABIN","EC31279","EXISTING_DIRECT","RESOLVED","0","","Already covered by an existing ELIMFILTERS product under current FRAM evidence."
"CF11430","CABIN","EC31430","EXISTING_DIRECT","RESOLVED","0","","Already covered by an existing ELIMFILTERS product under current FRAM evidence."
"CF11436","CABIN","EC31436","EXISTING_DIRECT","RESOLVED","0","","Already covered by an existing ELIMFILTERS product under current FRAM evidence."
"CF11472","CABIN","EC31472","EXISTING_DIRECT","RESOLVED","0","","Already covered by an existing ELIMFILTERS product under current FRAM evidence."
"CF11639","CABIN","EC31639","EXISTING_DIRECT","RESOLVED","0","","Already covered by an existing ELIMFILTERS product under current FRAM evidence."
"CF11643","CABIN","EC31643","FRAM_SKU_COLLISION","QUARANTINE_FINAL","0","","Two or more distinct FRAM authorities collapse to the same 4-digit ELIMFILTERS namespace. Not safe to merge."
"CF11663","CABIN","EC31663","INSUFFICIENT_EXISTING","QUARANTINE_FINAL","1","EC31776","Existing-product evidence is insufficient to prove identity without ambiguity."
"CF11664","CABIN","EC31664","EXISTING_DIRECT","RESOLVED","0","","Already covered by an existing ELIMFILTERS product under current FRAM evidence."
"CF11666","CABIN","EC31666","EXISTING_DIRECT","RESOLVED","0","","Already covered by an existing ELIMFILTERS product under current FRAM evidence."
"CF11667","CABIN","EC31667","EXISTING_DIRECT","RESOLVED","0","","Already covered by an existing ELIMFILTERS product under current FRAM evidence."
"CF11668","CABIN","EC31668","EXISTING_DIRECT","RESOLVED","0","","Already covered by an existing ELIMFILTERS product under current FRAM evidence."
"CF11669","CABIN","EC31669","EXISTING_DIRECT","RESOLVED","0","","Already covered by an existing ELIMFILTERS product under current FRAM evidence."
"CF11670","CABIN","EC31670","EXISTING_DIRECT","RESOLVED","0","","Already covered by an existing ELIMFILTERS product under current FRAM evidence."
"CF11671","CABIN","EC31671","EXISTING_DIRECT","RESOLVED","0","","Already covered by an existing ELIMFILTERS product under current FRAM evidence."
"CF11672","CABIN","EC31672","EXISTING_DIRECT","RESOLVED","0","","Already covered by an existing ELIMFILTERS product under current FRAM evidence."
"CF11719","CABIN","EC31719","FRAM_SKU_COLLISION","QUARANTINE_FINAL","0","","Two or more distinct FRAM authorities collapse to the same 4-digit ELIMFILTERS namespace. Not safe to merge."
"CF11766","CABIN","EC31766","EXISTING_DIRECT","RESOLVED","0","","Already covered by an existing ELIMFILTERS product under current FRAM evidence."
"CF11775","CABIN","EC31775","EXISTING_DIRECT","RESOLVED","0","","Already covered by an existing ELIMFILTERS product under current FRAM evidence."
"CF11776","CABIN","EC31776","EXISTING_DIRECT","RESOLVED","0","","Already covered by an existing ELIMFILTERS product under current FRAM evidence."
"CF11777","CABIN","EC31777","EXISTING_DIRECT","RESOLVED","0","","Already covered by an existing ELIMFILTERS product under current FRAM evidence."
"CF11809","CABIN","EC31809","EXISTING_DIRECT","RESOLVED","0","","Already covered by an existing ELIMFILTERS product under current FRAM evidence."
"CF11810","CABIN","EC31810","SKU_COLLISION_EXISTING","QUARANTINE_FINAL","0","","Proposed ELIMFILTERS SKU is already occupied; no strong technical identity proof. Current policy forbids inventing a replacement number."
"CF11811","CABIN","EC31811","EXISTING_DIRECT","RESOLVED","0","","Already covered by an existing ELIMFILTERS product under current FRAM evidence."
"CF11815","CABIN","EC31815","EXISTING_DIRECT","RESOLVED","0","","Already covered by an existing ELIMFILTERS product under current FRAM evidence."
"CF11819","CABIN","EC31819","EXISTING_DIRECT","RESOLVED","0","","Already covered by an existing ELIMFILTERS product under current FRAM evidence."
"CF11854","CABIN","EC31854","EXISTING_DIRECT","RESOLVED","0","","Already covered by an existing ELIMFILTERS product under current FRAM evidence."
"CF11855","CABIN","EC31855","EXISTING_DIRECT","RESOLVED","0","","Already covered by an existing ELIMFILTERS product under current FRAM evidence."
"CF11875","CABIN","EC31875","EXISTING_DIRECT","RESOLVED","0","","Already covered by an existing ELIMFILTERS product under current FRAM evidence."
"CF11902","CABIN","EC31902","EXISTING_DIRECT","RESOLVED","0","","Already covered by an existing ELIMFILTERS product under current FRAM evidence."
"CF11919","CABIN","EC31919","SKU_COLLISION_EXISTING","QUARANTINE_FINAL","0","","Proposed ELIMFILTERS SKU is already occupied; no strong technical identity proof. Current policy forbids inventing a replacement number."
"CF11920","CABIN","EC31920","EXISTING_DIRECT","RESOLVED","0","","Already covered by an existing ELIMFILTERS product under current FRAM evidence."
"CF11921","CABIN","EC31921","EXISTING_DIRECT","RESOLVED","0","","Already covered by an existing ELIMFILTERS product under current FRAM evidence."
"CF11923","CABIN","EC31923","EXISTING_DIRECT","RESOLVED","0","","Already covered by an existing ELIMFILTERS product under current FRAM evidence."
"CF11924","CABIN","EC31924","EXISTING_DIRECT","RESOLVED","0","","Already covered by an existing ELIMFILTERS product under current FRAM evidence."
"CF11925","CABIN","EC31925","EXISTING_DIRECT","RESOLVED","0","","Already covered by an existing ELIMFILTERS product under current FRAM evidence."
"CF11966","CABIN","EC31966","FRAM_SKU_COLLISION","QUARANTINE_FINAL","0","","Two or more distinct FRAM authorities collapse to the same 4-digit ELIMFILTERS namespace. Not safe to merge."
"CF12000","CABIN","EC32000","SKU_COLLISION_EXISTING","QUARANTINE_FINAL","0","","Proposed ELIMFILTERS SKU is already occupied; no strong technical identity proof. Current policy forbids inventing a replacement number."
"CF12001","CABIN","EC32001","EXISTING_DIRECT","RESOLVED","0","","Already covered by an existing ELIMFILTERS product under current FRAM evidence."
"CF12002","CABIN","EC32002","SKU_COLLISION_EXISTING","QUARANTINE_FINAL","0","","Proposed ELIMFILTERS SKU is already occupied; no strong technical identity proof. Current policy forbids inventing a replacement number."
"CF12058","CABIN","EC32058","EXISTING_DIRECT","RESOLVED","0","","Already covered by an existing ELIMFILTERS product under current FRAM evidence."
"CF12140","CABIN","EC32140","EXISTING_DIRECT","RESOLVED","0","","Already covered by an existing ELIMFILTERS product under current FRAM evidence."
"CF12150","CABIN","EC32150","FRAM_SKU_COLLISION","QUARANTINE_FINAL","0","","Two or more distinct FRAM authorities collapse to the same 4-digit ELIMFILTERS namespace. Not safe to merge."
"CF12151","CABIN","EC32151","EXISTING_DIRECT","RESOLVED","0","","Already covered by an existing ELIMFILTERS product under current FRAM evidence."
"CF12152","CABIN","EC32152","EXISTING_DIRECT","RESOLVED","0","","Already covered by an existing ELIMFILTERS product under current FRAM evidence."
"CF12155","CABIN","EC32155","EXISTING_DIRECT","RESOLVED","0","","Already covered by an existing ELIMFILTERS product under current FRAM evidence."
"CF12156","CABIN","EC32156","EXISTING_DIRECT","RESOLVED","0","","Already covered by an existing ELIMFILTERS product under current FRAM evidence."
"CF12157","CABIN","EC32157","EXISTING_DIRECT","RESOLVED","0","","Already covered by an existing ELIMFILTERS product under current FRAM evidence."
"CF12158","CABIN","EC32158","EXISTING_DIRECT","RESOLVED","0","","Already covered by an existing ELIMFILTERS product under current FRAM evidence."
"CF12159","CABIN","EC32159","FRAM_SKU_COLLISION","QUARANTINE_FINAL","0","","Two or more distinct FRAM authorities collapse to the same 4-digit ELIMFILTERS namespace. Not safe to merge."
"CF12160","CABIN","EC32160","EXISTING_DIRECT","RESOLVED","0","","Already covered by an existing ELIMFILTERS product under current FRAM evidence."
"CF12161","CABIN","EC32161","EXISTING_DIRECT","RESOLVED","0","","Already covered by an existing ELIMFILTERS product under current FRAM evidence."
"CF12211","CABIN","EC32211","EXISTING_DIRECT","RESOLVED","0","","Already covered by an existing ELIMFILTERS product under current FRAM evidence."
"CF12214","CABIN","EC32214","EXISTING_DIRECT","RESOLVED","0","","Already covered by an existing ELIMFILTERS product under current FRAM evidence."
"CF12237","CABIN","EC32237","EXISTING_DIRECT","RESOLVED","0","","Already covered by an existing ELIMFILTERS product under current FRAM evidence."
"CF12303","CABIN","EC32303","EXISTING_DIRECT","RESOLVED","0","","Already covered by an existing ELIMFILTERS product under current FRAM evidence."
"CF12304","CABIN","EC32304","EXISTING_DIRECT","RESOLVED","0","","Already covered by an existing ELIMFILTERS product under current FRAM evidence."
"CF12307","CABIN","EC32307","EXISTING_DIRECT","RESOLVED","0","","Already covered by an existing ELIMFILTERS product under current FRAM evidence."
"CF12312","CABIN","EC32312","EXISTING_DIRECT","RESOLVED","0","","Already covered by an existing ELIMFILTERS product under current FRAM evidence."
"CF12436","CABIN","EC32436","SKU_COLLISION_EXISTING","QUARANTINE_FINAL","0","","Proposed ELIMFILTERS SKU is already occupied; no strong technical identity proof. Current policy forbids inventing a replacement number."
"CF12450","CABIN","EC32450","SKU_COLLISION_EXISTING","QUARANTINE_FINAL","0","","Proposed ELIMFILTERS SKU is already occupied; no strong technical identity proof. Current policy forbids inventing a replacement number."
"CF12501","CABIN","EC32501","EXISTING_DIRECT","RESOLVED","0","","Already covered by an existing ELIMFILTERS product under current FRAM evidence."
"CF12503","CABIN","EC32503","EXISTING_DIRECT","RESOLVED","0","","Already covered by an existing ELIMFILTERS product under current FRAM evidence."
"CF12508","CABIN","EC32508","EXISTING_DIRECT","RESOLVED","0","","Already covered by an existing ELIMFILTERS product under current FRAM evidence."
"CF12527","CABIN","EC32527","EXISTING_DIRECT","RESOLVED","0","","Already covered by an existing ELIMFILTERS product under current FRAM evidence."
"CF12528","CABIN","EC32528","EXISTING_DIRECT","RESOLVED","0","","Already covered by an existing ELIMFILTERS product under current FRAM evidence."
"CF12552","CABIN","EC32552","EXISTING_DIRECT","RESOLVED","0","","Already covered by an existing ELIMFILTERS product under current FRAM evidence."
"CF12553","CABIN","EC32553","EXISTING_DIRECT","RESOLVED","0","","Already covered by an existing ELIMFILTERS product under current FRAM evidence."
"CF12554","CABIN","EC32554","EXISTING_DIRECT","RESOLVED","0","","Already covered by an existing ELIMFILTERS product under current FRAM evidence."
"CF12555","CABIN","EC32555","EXISTING_DIRECT","RESOLVED","0","","Already covered by an existing ELIMFILTERS product under current FRAM evidence."
"CF12573","CABIN","EC32573","EXISTING_DIRECT","RESOLVED","0","","Already covered by an existing ELIMFILTERS product under current FRAM evidence."
"CF12772","CABIN","EC32772","EXISTING_DIRECT","RESOLVED","0","","Already covered by an existing ELIMFILTERS product under current FRAM evidence."
"CF12773","CABIN","EC32773","EXISTING_DIRECT","RESOLVED","0","","Already covered by an existing ELIMFILTERS product under current FRAM evidence."
"CF12774","CABIN","EC32774","EXISTING_DIRECT","RESOLVED","0","","Already covered by an existing ELIMFILTERS product under current FRAM evidence."
"CF12775","CABIN","EC32775","EXISTING_DIRECT","RESOLVED","0","","Already covered by an existing ELIMFILTERS product under current FRAM evidence."
"CF12776","CABIN","EC32776","EXISTING_DIRECT","RESOLVED","0","","Already covered by an existing ELIMFILTERS product under current FRAM evidence."
"CF12819","CABIN","EC32819","EXISTING_DIRECT","RESOLVED","0","","Already covered by an existing ELIMFILTERS product under current FRAM evidence."
"CF12820","CABIN","EC32820","EXISTING_DIRECT","RESOLVED","0","","Already covered by an existing ELIMFILTERS product under current FRAM evidence."
"CF12888","CABIN","EC32888","EXISTING_DIRECT","RESOLVED","0","","Already covered by an existing ELIMFILTERS product under current FRAM evidence."
"CF12935","CABIN","EC32935","EXISTING_DIRECT","RESOLVED","0","","Already covered by an existing ELIMFILTERS product under current FRAM evidence."
"CF12936","CABIN","EC32936","EXISTING_DIRECT","RESOLVED","0","","Already covered by an existing ELIMFILTERS product under current FRAM evidence."
"CF12956","CABIN","EC32956","EXISTING_DIRECT","RESOLVED","0","","Already covered by an existing ELIMFILTERS product under current FRAM evidence."
"CF12964","CABIN","EC32964","EXISTING_DIRECT","RESOLVED","0","","Already covered by an existing ELIMFILTERS product under current FRAM evidence."
"CF12968","CABIN","EC32968","EXISTING_DIRECT","RESOLVED","0","","Already covered by an existing ELIMFILTERS product under current FRAM evidence."
"CF5972A","CABIN","EC35972","INSUFFICIENT_EXISTING","QUARANTINE_FINAL","1","EC32745","Existing-product evidence is insufficient to prove identity without ambiguity."
"CF8045A","CABIN","EC38045","EXISTING_DIRECT","RESOLVED","0","","Already covered by an existing ELIMFILTERS product under current FRAM evidence."
"CF8109A","CABIN","EC38109","EXISTING_DIRECT","RESOLVED","0","","Already covered by an existing ELIMFILTERS product under current FRAM evidence."
"CF8110A","CABIN","EC38110","EXISTING_DIRECT","RESOLVED","0","","Already covered by an existing ELIMFILTERS product under current FRAM evidence."
"CF8327A","CABIN","EC38327","EXISTING_DIRECT","RESOLVED","0","","Already covered by an existing ELIMFILTERS product under current FRAM evidence."
"CF8391A","CABIN","EC38391","EXISTING_DIRECT","RESOLVED","0","","Already covered by an existing ELIMFILTERS product under current FRAM evidence."
"CF8392A","CABIN","EC38392","FRAM_SKU_COLLISION","QUARANTINE_FINAL","0","","Two or more distinct FRAM authorities collapse to the same 4-digit ELIMFILTERS namespace. Not safe to merge."
"CF8603A","CABIN","EC38603","EXISTING_DIRECT","RESOLVED","0","","Already covered by an existing ELIMFILTERS product under current FRAM evidence."
"CF8631A","CABIN","EC38631","EXISTING_DIRECT","RESOLVED","0","","Already covered by an existing ELIMFILTERS product under current FRAM evidence."
"CF8644A","CABIN","EC38644","EXISTING_DIRECT","RESOLVED","0","","Already covered by an existing ELIMFILTERS product under current FRAM evidence."
"CF8714A","CABIN","EC38714","EXISTING_DIRECT","RESOLVED","0","","Already covered by an existing ELIMFILTERS product under current FRAM evidence."
"CF8717A","CABIN","EC38717","EXISTING_DIRECT","RESOLVED","0","","Already covered by an existing ELIMFILTERS product under current FRAM evidence."
"CF8718A","CABIN","EC38718","EXISTING_DIRECT","RESOLVED","0","","Already covered by an existing ELIMFILTERS product under current FRAM evidence."
"CF8726A","CABIN","EC38726","EXISTING_DIRECT","RESOLVED","0","","Already covered by an existing ELIMFILTERS product under current FRAM evidence."
"CF8762A","CABIN","EC38762","EXISTING_DIRECT","RESOLVED","0","","Already covered by an existing ELIMFILTERS product under current FRAM evidence."
"CF8769A","CABIN","EC38769","EXISTING_DIRECT","RESOLVED","0","","Already covered by an existing ELIMFILTERS product under current FRAM evidence."
"CF8770A","CABIN","EC38770","INSUFFICIENT_EXISTING","QUARANTINE_FINAL","1","EC38971","Existing-product evidence is insufficient to prove identity without ambiguity."
"CF8778","CABIN","EC38778","EXISTING_DIRECT","RESOLVED","0","","Already covered by an existing ELIMFILTERS product under current FRAM evidence."
"CF8791A","CABIN","EC38791","EXISTING_DIRECT","RESOLVED","0","","Already covered by an existing ELIMFILTERS product under current FRAM evidence."
"CF8804A","CABIN","EC38804","EXISTING_DIRECT","RESOLVED","0","","Already covered by an existing ELIMFILTERS product under current FRAM evidence."
"CF8813A","CABIN","EC38813","EXISTING_DIRECT","RESOLVED","0","","Already covered by an existing ELIMFILTERS product under current FRAM evidence."
"CF8921A","CABIN","EC38921","EXISTING_DIRECT","RESOLVED","0","","Already covered by an existing ELIMFILTERS product under current FRAM evidence."
"CF9118A","CABIN","EC39118","EXISTING_DIRECT","RESOLVED","0","","Already covered by an existing ELIMFILTERS product under current FRAM evidence."
"CF9119A","CABIN","EC39119","EXISTING_DIRECT","RESOLVED","0","","Already covered by an existing ELIMFILTERS product under current FRAM evidence."
"CF9465A","CABIN","EC39465","EXISTING_DIRECT","RESOLVED","0","","Already covered by an existing ELIMFILTERS product under current FRAM evidence."
"CF9594A","CABIN","EC39594","EXISTING_DIRECT","RESOLVED","0","","Already covered by an existing ELIMFILTERS product under current FRAM evidence."
"CF9597A","CABIN","EC39597","EXISTING_DIRECT","RESOLVED","0","","Already covered by an existing ELIMFILTERS product under current FRAM evidence."
"CF9785","CABIN","EC39785","EXISTING_DIRECT","RESOLVED","0","","Already covered by an existing ELIMFILTERS product under current FRAM evidence."
"CF9846A","CABIN","EC39846","EXISTING_DIRECT","RESOLVED","0","","Already covered by an existing ELIMFILTERS product under current FRAM evidence."
"CF9905","CABIN","EC39905","EXISTING_DIRECT","RESOLVED","0","","Already covered by an existing ELIMFILTERS product under current FRAM evidence."
"CH10066","LUBE","EL30066","EXISTING_DIRECT","RESOLVED","0","","Already covered by an existing ELIMFILTERS product under current FRAM evidence."
"CH10075","LUBE","EL30075","SKU_COLLISION_EXISTING","QUARANTINE_FINAL","0","","Proposed ELIMFILTERS SKU is already occupied; no strong technical identity proof. Current policy forbids inventing a replacement number."
"CH10158","LUBE","EL30158","EXISTING_DIRECT","RESOLVED","0","","Already covered by an existing ELIMFILTERS product under current FRAM evidence."
"CH10160","LUBE","EL30160","EXISTING_DIRECT","RESOLVED","0","","Already covered by an existing ELIMFILTERS product under current FRAM evidence."
"CH10246","LUBE","EL30246","EXISTING_DIRECT","RESOLVED","0","","Already covered by an existing ELIMFILTERS product under current FRAM evidence."
"CH10295","LUBE","EL30295","EXISTING_DIRECT","RESOLVED","0","","Already covered by an existing ELIMFILTERS product under current FRAM evidence."
"CH10323","LUBE","EL30323","EXISTING_DIRECT","RESOLVED","0","","Already covered by an existing ELIMFILTERS product under current FRAM evidence."
"CH10358","LUBE","EL30358","EXISTING_DIRECT","RESOLVED","0","","Already covered by an existing ELIMFILTERS product under current FRAM evidence."
"CH10384","LUBE","EL30384","SKU_COLLISION_EXISTING","QUARANTINE_FINAL","0","","Proposed ELIMFILTERS SKU is already occupied; no strong technical identity proof. Current policy forbids inventing a replacement number."
"CH10415","LUBE","EL30415","EXISTING_DIRECT","RESOLVED","0","","Already covered by an existing ELIMFILTERS product under current FRAM evidence."
"CH10515","LUBE","EL30515","EXISTING_DIRECT","RESOLVED","0","","Already covered by an existing ELIMFILTERS product under current FRAM evidence."
"CH10530","LUBE","EL30530","EXISTING_DIRECT","RESOLVED","0","","Already covered by an existing ELIMFILTERS product under current FRAM evidence."
"CH10632","LUBE","EL30632","EXISTING_DIRECT","RESOLVED","0","","Already covered by an existing ELIMFILTERS product under current FRAM evidence."
"CH10636","LUBE","EL30636","EXISTING_DIRECT","RESOLVED","0","","Already covered by an existing ELIMFILTERS product under current FRAM evidence."
"CH10649","LUBE","EL30649","EXISTING_DIRECT","RESOLVED","0","","Already covered by an existing ELIMFILTERS product under current FRAM evidence."
"CH106PL","LUBE","EL30106","EXISTING_DIRECT","RESOLVED","0","","Already covered by an existing ELIMFILTERS product under current FRAM evidence."
"CH10759","LUBE","EL30759","EXISTING_DIRECT","RESOLVED","0","","Already covered by an existing ELIMFILTERS product under current FRAM evidence."
"CH10797","LUBE","EL30797","EXISTING_DIRECT","RESOLVED","0","","Already covered by an existing ELIMFILTERS product under current FRAM evidence."
"CH10855","LUBE","EL30855","FRAM_SKU_COLLISION","QUARANTINE_FINAL","0","","Two or more distinct FRAM authorities collapse to the same 4-digit ELIMFILTERS namespace. Not safe to merge."
"CH10857","LUBE","EL30857","EXISTING_DIRECT","RESOLVED","0","","Already covered by an existing ELIMFILTERS product under current FRAM evidence."
"CH10949","LUBE","EL30949","EXISTING_DIRECT","RESOLVED","0","","Already covered by an existing ELIMFILTERS product under current FRAM evidence."
"CH10952","LUBE","EL30952","SKU_COLLISION_EXISTING","QUARANTINE_FINAL","0","","Proposed ELIMFILTERS SKU is already occupied; no strong technical identity proof. Current policy forbids inventing a replacement number."
"CH10955","LUBE","EL30955","EXISTING_DIRECT","RESOLVED","0","","Already covered by an existing ELIMFILTERS product under current FRAM evidence."
"CH10992","LUBE","EL30992","EXISTING_DIRECT","RESOLVED","0","","Already covered by an existing ELIMFILTERS product under current FRAM evidence."
"CH11007","LUBE","EL31007","EXISTING_DIRECT","RESOLVED","0","","Already covered by an existing ELIMFILTERS product under current FRAM evidence."
"CH11008","LUBE","EL31008","SKU_COLLISION_EXISTING","QUARANTINE_FINAL","0","","Proposed ELIMFILTERS SKU is already occupied; no strong technical identity proof. Current policy forbids inventing a replacement number."
"CH11018","LUBE","EL31018","EXISTING_DIRECT","RESOLVED","0","","Already covered by an existing ELIMFILTERS product under current FRAM evidence."
"CH11038","LUBE","EL31038","INSUFFICIENT_EXISTING","QUARANTINE_FINAL","1","EL36122","Existing-product evidence is insufficient to prove identity without ambiguity."
"CH11051","LUBE","EL31051","EXISTING_DIRECT","RESOLVED","0","","Already covered by an existing ELIMFILTERS product under current FRAM evidence."
"CH11060","LUBE","EL31060","EXISTING_DIRECT","RESOLVED","0","","Already covered by an existing ELIMFILTERS product under current FRAM evidence."
"CH11217","LUBE","EL31217","EXISTING_DIRECT","RESOLVED","0","","Already covered by an existing ELIMFILTERS product under current FRAM evidence."
"CH11242","LUBE","EL31242","SKU_COLLISION_EXISTING","QUARANTINE_FINAL","0","","Proposed ELIMFILTERS SKU is already occupied; no strong technical identity proof. Current policy forbids inventing a replacement number."
"CH11246","LUBE","EL31246","EXISTING_DIRECT","RESOLVED","0","","Already covered by an existing ELIMFILTERS product under current FRAM evidence."
"CH11252","LUBE","EL31252","EXISTING_DIRECT","RESOLVED","0","","Already covered by an existing ELIMFILTERS product under current FRAM evidence."
"CH11277","LUBE","EL31277","EXISTING_DIRECT","RESOLVED","0","","Already covered by an existing ELIMFILTERS product under current FRAM evidence."
"CH11427","LUBE","EL31427","EXISTING_DIRECT","RESOLVED","0","","Already covered by an existing ELIMFILTERS product under current FRAM evidence."
"CH11473","LUBE","EL31473","EXISTING_DIRECT","RESOLVED","0","","Already covered by an existing ELIMFILTERS product under current FRAM evidence."
"CH11490","LUBE","EL31490","EXISTING_DIRECT","RESOLVED","0","","Already covered by an existing ELIMFILTERS product under current FRAM evidence."
"CH11665","LUBE","EL31665","INSUFFICIENT_EXISTING","QUARANTINE_FINAL","1","EL38005","Existing-product evidence is insufficient to prove identity without ambiguity."
"CH11675","LUBE","EL31675","EXISTING_DIRECT","RESOLVED","0","","Already covered by an existing ELIMFILTERS product under current FRAM evidence."
"CH11784","LUBE","EL31784","EXISTING_DIRECT","RESOLVED","0","","Already covered by an existing ELIMFILTERS product under current FRAM evidence."
"CH11790","LUBE","EL31790","EXISTING_MULTI_CROSS","RESOLVED","0","","Already covered by an existing ELIMFILTERS product under current FRAM evidence."
"CH11791","LUBE","EL31791","EXISTING_DIRECT","RESOLVED","0","","Already covered by an existing ELIMFILTERS product under current FRAM evidence."
"CH11792","LUBE","EL31792","EXISTING_DIRECT","RESOLVED","0","","Already covered by an existing ELIMFILTERS product under current FRAM evidence."
"CH11793","LUBE","EL31793","EXISTING_DIRECT","RESOLVED","0","","Already covered by an existing ELIMFILTERS product under current FRAM evidence."
"CH11794","LUBE","EL31794","EXISTING_DIRECT","RESOLVED","0","","Already covered by an existing ELIMFILTERS product under current FRAM evidence."
"CH11816","LUBE","EL31816","EXISTING_DIRECT","RESOLVED","0","","Already covered by an existing ELIMFILTERS product under current FRAM evidence."
"CH11885","LUBE","EL31885","EXISTING_DIRECT","RESOLVED","0","","Already covered by an existing ELIMFILTERS product under current FRAM evidence."
"CH11934","LUBE","EL31934","FRAM_SKU_COLLISION","QUARANTINE_FINAL","0","","Two or more distinct FRAM authorities collapse to the same 4-digit ELIMFILTERS namespace. Not safe to merge."
"CH11935","LUBE","EL31935","EXISTING_DIRECT","RESOLVED","0","","Already covered by an existing ELIMFILTERS product under current FRAM evidence."
"CH11955","LUBE","EL31955","EXISTING_DIRECT","RESOLVED","0","","Already covered by an existing ELIMFILTERS product under current FRAM evidence."
"CH12039","LUBE","EL32039","EXISTING_DIRECT","RESOLVED","0","","Already covered by an existing ELIMFILTERS product under current FRAM evidence."
"CH12056","LUBE","EL32056","EXISTING_DIRECT","RESOLVED","0","","Already covered by an existing ELIMFILTERS product under current FRAM evidence."
"CH12059","LUBE","EL32059","EXISTING_DIRECT","RESOLVED","0","","Already covered by an existing ELIMFILTERS product under current FRAM evidence."
"CH12069","LUBE","EL32069","EXISTING_DIRECT","RESOLVED","0","","Already covered by an existing ELIMFILTERS product under current FRAM evidence."
"CH12240","LUBE","EL32240","EXISTING_DIRECT","RESOLVED","0","","Already covered by an existing ELIMFILTERS product under current FRAM evidence."
"CH12246","LUBE","EL32246","EXISTING_DIRECT","RESOLVED","0","","Already covered by an existing ELIMFILTERS product under current FRAM evidence."
"CH12288","LUBE","EL32288","EXISTING_DIRECT","RESOLVED","0","","Already covered by an existing ELIMFILTERS product under current FRAM evidence."
"CH12364","LUBE","EL32364","EXISTING_DIRECT","RESOLVED","0","","Already covered by an existing ELIMFILTERS product under current FRAM evidence."
"CH12454","LUBE","EL32454","EXISTING_DIRECT","RESOLVED","0","","Already covered by an existing ELIMFILTERS product under current FRAM evidence."
"CH12629","LUBE","EL32629","EXISTING_DIRECT","RESOLVED","0","","Already covered by an existing ELIMFILTERS product under current FRAM evidence."
"CH12782","LUBE","EL32782","EXISTING_DIRECT","RESOLVED","0","","Already covered by an existing ELIMFILTERS product under current FRAM evidence."
"CH12795","LUBE","EL32795","EXISTING_DIRECT","RESOLVED","0","","Already covered by an existing ELIMFILTERS product under current FRAM evidence."
"CH12811","LUBE","EL32811","EXISTING_DIRECT","RESOLVED","0","","Already covered by an existing ELIMFILTERS product under current FRAM evidence."
"CH12812","LUBE","EL32812","EXISTING_DIRECT","RESOLVED","0","","Already covered by an existing ELIMFILTERS product under current FRAM evidence."
"CH12939","LUBE","EL32939","EXISTING_DIRECT","RESOLVED","0","","Already covered by an existing ELIMFILTERS product under current FRAM evidence."
"CH14PL","LUBE","EL30014","SKU_COLLISION_EXISTING","QUARANTINE_FINAL","0","","Proposed ELIMFILTERS SKU is already occupied; no strong technical identity proof. Current policy forbids inventing a replacement number."
"CH191APL","LUBE","EL30191","SKU_COLLISION_EXISTING","QUARANTINE_FINAL","0","","Proposed ELIMFILTERS SKU is already occupied; no strong technical identity proof. Current policy forbids inventing a replacement number."
"CH200PL","LUBE","EL30200","SKU_COLLISION_EXISTING","QUARANTINE_FINAL","0","","Proposed ELIMFILTERS SKU is already occupied; no strong technical identity proof. Current policy forbids inventing a replacement number."
"CH211A","LUBE","EL30211","SKU_COLLISION_EXISTING","QUARANTINE_FINAL","0","","Proposed ELIMFILTERS SKU is already occupied; no strong technical identity proof. Current policy forbids inventing a replacement number."
"CH223","LUBE","EL30223","EXISTING_DIRECT","RESOLVED","0","","Already covered by an existing ELIMFILTERS product under current FRAM evidence."
"CH236APL","LUBE","EL30236","SKU_COLLISION_EXISTING","QUARANTINE_FINAL","0","","Proposed ELIMFILTERS SKU is already occupied; no strong technical identity proof. Current policy forbids inventing a replacement number."
"CH238APL","LUBE","EL30238","EXISTING_DIRECT","RESOLVED","0","","Already covered by an existing ELIMFILTERS product under current FRAM evidence."
"CH2821B","LUBE","EL32821","EXISTING_DIRECT","RESOLVED","0","","Already covered by an existing ELIMFILTERS product under current FRAM evidence."
"CH2877","LUBE","EL32877","EXISTING_DIRECT","RESOLVED","0","","Already covered by an existing ELIMFILTERS product under current FRAM evidence."
"CH2930","LUBE","EL32930","EXISTING_DIRECT","RESOLVED","0","","Already covered by an existing ELIMFILTERS product under current FRAM evidence."
"CH330PL","LUBE","EL30330","EXISTING_DIRECT","RESOLVED","0","","Already covered by an existing ELIMFILTERS product under current FRAM evidence."
"CH333PL","LUBE","EL30333","EXISTING_DIRECT","RESOLVED","0","","Already covered by an existing ELIMFILTERS product under current FRAM evidence."
"CH335PL","LUBE","EL30335","EXISTING_DIRECT","RESOLVED","0","","Already covered by an existing ELIMFILTERS product under current FRAM evidence."
"CH336PL","LUBE","EL30336","EXISTING_DIRECT","RESOLVED","0","","Already covered by an existing ELIMFILTERS product under current FRAM evidence."
"CH33APL","LUBE","EL30033","EXISTING_DIRECT","RESOLVED","0","","Already covered by an existing ELIMFILTERS product under current FRAM evidence."
"CH340","LUBE","EL30340","EXISTING_DIRECT","RESOLVED","0","","Already covered by an existing ELIMFILTERS product under current FRAM evidence."
"CH3505","LUBE","EL33505","EXISTING_DIRECT","RESOLVED","0","","Already covered by an existing ELIMFILTERS product under current FRAM evidence."
"CH3584","LUBE","EL33584","EXISTING_DIRECT","RESOLVED","0","","Already covered by an existing ELIMFILTERS product under current FRAM evidence."
"CH3970","LUBE","EL33970","EXISTING_DIRECT","RESOLVED","0","","Already covered by an existing ELIMFILTERS product under current FRAM evidence."
"CH4536","LUBE","EL34536","EXISTING_DIRECT","RESOLVED","0","","Already covered by an existing ELIMFILTERS product under current FRAM evidence."
"CH45PL","LUBE","EL30045","EXISTING_DIRECT","RESOLVED","0","","Already covered by an existing ELIMFILTERS product under current FRAM evidence."
"CH4728","LUBE","EL34728","EXISTING_DIRECT","RESOLVED","0","","Already covered by an existing ELIMFILTERS product under current FRAM evidence."
"CH4797","LUBE","EL34797","EXISTING_DIRECT","RESOLVED","0","","Already covered by an existing ELIMFILTERS product under current FRAM evidence."
"CH5320","LUBE","EL35320","EXISTING_DIRECT","RESOLVED","0","","Already covered by an existing ELIMFILTERS product under current FRAM evidence."
"CH56","LUBE","EL30056","EXISTING_DIRECT","RESOLVED","0","","Already covered by an existing ELIMFILTERS product under current FRAM evidence."
"CH6000","LUBE","EL36000","EXISTING_DIRECT","RESOLVED","0","","Already covered by an existing ELIMFILTERS product under current FRAM evidence."
"CH6001","LUBE","EL36001","EXISTING_MULTI_CROSS","RESOLVED","0","","Already covered by an existing ELIMFILTERS product under current FRAM evidence."
"CH6002","LUBE","EL36002","EXISTING_MULTI_CROSS","RESOLVED","0","","Already covered by an existing ELIMFILTERS product under current FRAM evidence."
"CH6003","LUBE","EL36003","SKU_COLLISION_EXISTING","QUARANTINE_FINAL","0","","Proposed ELIMFILTERS SKU is already occupied; no strong technical identity proof. Current policy forbids inventing a replacement number."
"CH6004","LUBE","EL36004","SKU_COLLISION_EXISTING","QUARANTINE_FINAL","0","","Proposed ELIMFILTERS SKU is already occupied; no strong technical identity proof. Current policy forbids inventing a replacement number."
"CH6006","LUBE","EL36006","INSUFFICIENT_EXISTING","QUARANTINE_FINAL","1","EL34797","Existing-product evidence is insufficient to prove identity without ambiguity."
"CH6007","LUBE","EL36007","SKU_COLLISION_EXISTING","QUARANTINE_FINAL","0","","Proposed ELIMFILTERS SKU is already occupied; no strong technical identity proof. Current policy forbids inventing a replacement number."
"CH6009","LUBE","EL36009","SKU_COLLISION_EXISTING","QUARANTINE_FINAL","0","","Proposed ELIMFILTERS SKU is already occupied; no strong technical identity proof. Current policy forbids inventing a replacement number."
"CH6012","LUBE","EL36012","SKU_COLLISION_EXISTING","QUARANTINE_FINAL","0","","Proposed ELIMFILTERS SKU is already occupied; no strong technical identity proof. Current policy forbids inventing a replacement number."
"CH6014","LUBE","EL36014","SKU_COLLISION_EXISTING","QUARANTINE_FINAL","0","","Proposed ELIMFILTERS SKU is already occupied; no strong technical identity proof. Current policy forbids inventing a replacement number."
"CH6015","LUBE","EL36015","SKU_COLLISION_EXISTING","QUARANTINE_FINAL","0","","Proposed ELIMFILTERS SKU is already occupied; no strong technical identity proof. Current policy forbids inventing a replacement number."
"CH6062","LUBE","EL36062","EXISTING_DIRECT","RESOLVED","0","","Already covered by an existing ELIMFILTERS product under current FRAM evidence."
"CH6066","LUBE","EL36066","EXISTING_DIRECT","RESOLVED","0","","Already covered by an existing ELIMFILTERS product under current FRAM evidence."
"CH6070","LUBE","EL36070","EXISTING_DIRECT","RESOLVED","0","","Already covered by an existing ELIMFILTERS product under current FRAM evidence."
"CH6096","LUBE","EL36096","EXISTING_DIRECT","RESOLVED","0","","Already covered by an existing ELIMFILTERS product under current FRAM evidence."
"CH6103","LUBE","EL36103","SKU_COLLISION_EXISTING","QUARANTINE_FINAL","0","","Proposed ELIMFILTERS SKU is already occupied; no strong technical identity proof. Current policy forbids inventing a replacement number."
"CH6483","LUBE","EL36483","EXISTING_DIRECT","RESOLVED","0","","Already covered by an existing ELIMFILTERS product under current FRAM evidence."
"CH6527","LUBE","EL36527","EXISTING_DIRECT","RESOLVED","0","","Already covered by an existing ELIMFILTERS product under current FRAM evidence."
"CH6636","LUBE","EL36636","EXISTING_DIRECT","RESOLVED","0","","Already covered by an existing ELIMFILTERS product under current FRAM evidence."
"CH6642","LUBE","EL36642","EXISTING_DIRECT","RESOLVED","0","","Already covered by an existing ELIMFILTERS product under current FRAM evidence."
"CH6847","LUBE","EL36847","EXISTING_DIRECT","RESOLVED","0","","Already covered by an existing ELIMFILTERS product under current FRAM evidence."
"CH6848","LUBE","EL36848","EXISTING_DIRECT","RESOLVED","0","","Already covered by an existing ELIMFILTERS product under current FRAM evidence."
"CH7329","LUBE","EL37329","EXISTING_DIRECT","RESOLVED","0","","Already covered by an existing ELIMFILTERS product under current FRAM evidence."
"CH7338","LUBE","EL37338","EXISTING_DIRECT","RESOLVED","0","","Already covered by an existing ELIMFILTERS product under current FRAM evidence."
"CH7732","LUBE","EL37732","EXISTING_DIRECT","RESOLVED","0","","Already covered by an existing ELIMFILTERS product under current FRAM evidence."
"CH801BPL","LUBE","EL30801","EXISTING_DIRECT","RESOLVED","0","","Already covered by an existing ELIMFILTERS product under current FRAM evidence."
"CH8081","LUBE","EL38081","EXISTING_DIRECT","RESOLVED","0","","Already covered by an existing ELIMFILTERS product under current FRAM evidence."
"CH8087","LUBE","EL38087","EXISTING_DIRECT","RESOLVED","0","","Already covered by an existing ELIMFILTERS product under current FRAM evidence."
"CH8157","LUBE","EL38157","EXISTING_DIRECT","RESOLVED","0","","Already covered by an existing ELIMFILTERS product under current FRAM evidence."
"CH8158","LUBE","EL38158","EXISTING_DIRECT","RESOLVED","0","","Already covered by an existing ELIMFILTERS product under current FRAM evidence."
"CH820PL","LUBE","EL30820","SKU_COLLISION_EXISTING","QUARANTINE_FINAL","0","","Proposed ELIMFILTERS SKU is already occupied; no strong technical identity proof. Current policy forbids inventing a replacement number."
"CH8213","LUBE","EL38213","EXISTING_DIRECT","RESOLVED","0","","Already covered by an existing ELIMFILTERS product under current FRAM evidence."
"CH8278","LUBE","EL38278","EXISTING_DIRECT","RESOLVED","0","","Already covered by an existing ELIMFILTERS product under current FRAM evidence."
"CH836PL","LUBE","EL30836","EXISTING_DIRECT","RESOLVED","0","","Already covered by an existing ELIMFILTERS product under current FRAM evidence."
"CH8481","LUBE","EL38481","SKU_COLLISION_EXISTING","QUARANTINE_FINAL","0","","Proposed ELIMFILTERS SKU is already occupied; no strong technical identity proof. Current policy forbids inventing a replacement number."
"CH8530","LUBE","EL38530","EXISTING_DIRECT","RESOLVED","0","","Already covered by an existing ELIMFILTERS product under current FRAM evidence."
"CH8623","LUBE","EL38623","EXISTING_DIRECT","RESOLVED","0","","Already covered by an existing ELIMFILTERS product under current FRAM evidence."
"CH869PL1","LUBE","EL38691","EXISTING_DIRECT","RESOLVED","0","","Already covered by an existing ELIMFILTERS product under current FRAM evidence."
"CH8712","LUBE","EL38712","EXISTING_DIRECT","RESOLVED","0","","Already covered by an existing ELIMFILTERS product under current FRAM evidence."
"CH8751","LUBE","EL38751","EXISTING_DIRECT","RESOLVED","0","","Already covered by an existing ELIMFILTERS product under current FRAM evidence."
"CH8765","LUBE","EL38765","EXISTING_DIRECT","RESOLVED","0","","Already covered by an existing ELIMFILTERS product under current FRAM evidence."
"CH8806","LUBE","EL38806","EXISTING_DIRECT","RESOLVED","0","","Already covered by an existing ELIMFILTERS product under current FRAM evidence."
"CH8871","LUBE","EL38871","EXISTING_DIRECT","RESOLVED","0","","Already covered by an existing ELIMFILTERS product under current FRAM evidence."
"CH9018","LUBE","EL39018","EXISTING_DIRECT","RESOLVED","0","","Already covered by an existing ELIMFILTERS product under current FRAM evidence."
"CH9024","LUBE","EL39024","EXISTING_DIRECT","RESOLVED","0","","Already covered by an existing ELIMFILTERS product under current FRAM evidence."
"CH9260","LUBE","EL39260","EXISTING_DIRECT","RESOLVED","0","","Already covered by an existing ELIMFILTERS product under current FRAM evidence."
"CH9301","LUBE","EL39301","SKU_COLLISION_EXISTING","QUARANTINE_FINAL","0","","Proposed ELIMFILTERS SKU is already occupied; no strong technical identity proof. Current policy forbids inventing a replacement number."
"CH9390","LUBE","EL39390","EXISTING_DIRECT","RESOLVED","0","","Already covered by an existing ELIMFILTERS product under current FRAM evidence."
"CH9447","LUBE","EL39447","EXISTING_DIRECT","RESOLVED","0","","Already covered by an existing ELIMFILTERS product under current FRAM evidence."
"CH9461","LUBE","EL39461","EXISTING_DIRECT","RESOLVED","0","","Already covered by an existing ELIMFILTERS product under current FRAM evidence."
"CH9549","LUBE","EL39549","EXISTING_DIRECT","RESOLVED","0","","Already covered by an existing ELIMFILTERS product under current FRAM evidence."
"CH9558","LUBE","EL39558","EXISTING_DIRECT","RESOLVED","0","","Already covered by an existing ELIMFILTERS product under current FRAM evidence."
"CH9584","LUBE","EL39584","EXISTING_DIRECT","RESOLVED","0","","Already covered by an existing ELIMFILTERS product under current FRAM evidence."
"CH962PL","LUBE","EL30962","SKU_COLLISION_EXISTING","QUARANTINE_FINAL","0","","Proposed ELIMFILTERS SKU is already occupied; no strong technical identity proof. Current policy forbids inventing a replacement number."
"CH9641","LUBE","EL39641","AMBIGUOUS_EXISTING","QUARANTINE_FINAL","2","EL37115;EL31151","More than one existing ELIMFILTERS candidate remains plausible; no single candidate is proven."
"CH9690","LUBE","EL39690","EXISTING_DIRECT","RESOLVED","0","","Already covered by an existing ELIMFILTERS product under current FRAM evidence."
"CH9713","LUBE","EL39713","EXISTING_DIRECT","RESOLVED","0","","Already covered by an existing ELIMFILTERS product under current FRAM evidence."
"CH9911","LUBE","EL39911","EXISTING_DIRECT","RESOLVED","0","","Already covered by an existing ELIMFILTERS product under current FRAM evidence."
"CH9918","LUBE","EL39918","EXISTING_DIRECT","RESOLVED","0","","Already covered by an existing ELIMFILTERS product under current FRAM evidence."
"CH9954","LUBE","EL39954","EXISTING_DIRECT","RESOLVED","0","","Already covered by an existing ELIMFILTERS product under current FRAM evidence."
"CH9955","LUBE","EL39955","EXISTING_DIRECT","RESOLVED","0","","Already covered by an existing ELIMFILTERS product under current FRAM evidence."
"CH9972","LUBE","EL39972","EXISTING_DIRECT","RESOLVED","0","","Already covered by an existing ELIMFILTERS product under current FRAM evidence."
"CH9994","LUBE","EL39994","EXISTING_DIRECT","RESOLVED","0","","Already covered by an existing ELIMFILTERS product under current FRAM evidence."
"CH9999","LUBE","EL39999","EXISTING_DIRECT","RESOLVED","0","","Already covered by an existing ELIMFILTERS product under current FRAM evidence."
"CV10138","CABIN","EC30138","FRAM_SKU_COLLISION","QUARANTINE_FINAL","0","","Two or more distinct FRAM authorities collapse to the same 4-digit ELIMFILTERS namespace. Not safe to merge."
"CV8392A","CABIN","EC38392","FRAM_SKU_COLLISION","QUARANTINE_FINAL","0","","Two or more distinct FRAM authorities collapse to the same 4-digit ELIMFILTERS namespace. Not safe to merge."
"FD5618","LUBE","EL35618","INSUFFICIENT_EXISTING","QUARANTINE_FINAL","1","EL31329","Existing-product evidence is insufficient to prove identity without ambiguity."
"FDC10285C","CABIN","EC30285","EXISTING_MULTI_CROSS","RESOLVED","0","","Already covered by an existing ELIMFILTERS product under current FRAM evidence."
"FDC10360C","CABIN","EC30360","FRAM_SKU_COLLISION","QUARANTINE_FINAL","0","","Two or more distinct FRAM authorities collapse to the same 4-digit ELIMFILTERS namespace. Not safe to merge."
"FDC10364C","CABIN","EC30364","FRAM_SKU_COLLISION","QUARANTINE_FINAL","0","","Two or more distinct FRAM authorities collapse to the same 4-digit ELIMFILTERS namespace. Not safe to merge."
"FDC10370C","CABIN","EC30370","FRAM_SKU_COLLISION","QUARANTINE_FINAL","0","","Two or more distinct FRAM authorities collapse to the same 4-digit ELIMFILTERS namespace. Not safe to merge."
"FDC10373C","CABIN","EC30373","FRAM_SKU_COLLISION","QUARANTINE_FINAL","0","","Two or more distinct FRAM authorities collapse to the same 4-digit ELIMFILTERS namespace. Not safe to merge."
"FDC10388C","CABIN","EC30388","FRAM_SKU_COLLISION","QUARANTINE_FINAL","0","","Two or more distinct FRAM authorities collapse to the same 4-digit ELIMFILTERS namespace. Not safe to merge."
"FDC10436C","CABIN","EC30436","FRAM_SKU_COLLISION","QUARANTINE_FINAL","0","","Two or more distinct FRAM authorities collapse to the same 4-digit ELIMFILTERS namespace. Not safe to merge."
"FDC10550C","CABIN","EC30550","FRAM_SKU_COLLISION","QUARANTINE_FINAL","0","","Two or more distinct FRAM authorities collapse to the same 4-digit ELIMFILTERS namespace. Not safe to merge."
"FDC10727C","CABIN","EC30727","FRAM_SKU_COLLISION","QUARANTINE_FINAL","0","","Two or more distinct FRAM authorities collapse to the same 4-digit ELIMFILTERS namespace. Not safe to merge."
"FDC10775C","CABIN","EC30775","FRAM_SKU_COLLISION","QUARANTINE_FINAL","0","","Two or more distinct FRAM authorities collapse to the same 4-digit ELIMFILTERS namespace. Not safe to merge."
"FDC11173C","CABIN","EC31173","INSUFFICIENT_EXISTING","QUARANTINE_FINAL","1","EC30555","Existing-product evidence is insufficient to prove identity without ambiguity."
"FDC11183C","CABIN","EC31183","FRAM_SKU_COLLISION","QUARANTINE_FINAL","0","","Two or more distinct FRAM authorities collapse to the same 4-digit ELIMFILTERS namespace. Not safe to merge."
"FDC11643C","CABIN","EC31643","FRAM_SKU_COLLISION","QUARANTINE_FINAL","0","","Two or more distinct FRAM authorities collapse to the same 4-digit ELIMFILTERS namespace. Not safe to merge."
"FDC11663C","CABIN","EC31663","INSUFFICIENT_EXISTING","QUARANTINE_FINAL","1","EC31776","Existing-product evidence is insufficient to prove identity without ambiguity."
"FDC11719C","CABIN","EC31719","FRAM_SKU_COLLISION","QUARANTINE_FINAL","0","","Two or more distinct FRAM authorities collapse to the same 4-digit ELIMFILTERS namespace. Not safe to merge."
"FDC11810C","CABIN","EC31810","SKU_COLLISION_EXISTING","QUARANTINE_FINAL","0","","Proposed ELIMFILTERS SKU is already occupied; no strong technical identity proof. Current policy forbids inventing a replacement number."
"FDC11966C","CABIN","EC31966","FRAM_SKU_COLLISION","QUARANTINE_FINAL","0","","Two or more distinct FRAM authorities collapse to the same 4-digit ELIMFILTERS namespace. Not safe to merge."
"FDC12150C","CABIN","EC32150","FRAM_SKU_COLLISION","QUARANTINE_FINAL","0","","Two or more distinct FRAM authorities collapse to the same 4-digit ELIMFILTERS namespace. Not safe to merge."
"FDC12157C","CABIN","EC32157","EXISTING_DIRECT","RESOLVED","0","","Already covered by an existing ELIMFILTERS product under current FRAM evidence."
"FDC12159C","CABIN","EC32159","FRAM_SKU_COLLISION","QUARANTINE_FINAL","0","","Two or more distinct FRAM authorities collapse to the same 4-digit ELIMFILTERS namespace. Not safe to merge."
"FDC12552C","CABIN","EC32552","EXISTING_DIRECT","RESOLVED","0","","Already covered by an existing ELIMFILTERS product under current FRAM evidence."
"FF10855","LUBE","EL30855","FRAM_SKU_COLLISION","QUARANTINE_FINAL","0","","Two or more distinct FRAM authorities collapse to the same 4-digit ELIMFILTERS namespace. Not safe to merge."
"FF11934","LUBE","EL31934","FRAM_SKU_COLLISION","QUARANTINE_FINAL","0","","Two or more distinct FRAM authorities collapse to the same 4-digit ELIMFILTERS namespace. Not safe to merge."
"FS10855","LUBE","EL30855","FRAM_SKU_COLLISION","QUARANTINE_FINAL","0","","Two or more distinct FRAM authorities collapse to the same 4-digit ELIMFILTERS namespace. Not safe to merge."
"FS11934","LUBE","EL31934","FRAM_SKU_COLLISION","QUARANTINE_FINAL","0","","Two or more distinct FRAM authorities collapse to the same 4-digit ELIMFILTERS namespace. Not safe to merge."
"FS8481","LUBE","EL38481","SKU_COLLISION_EXISTING","QUARANTINE_FINAL","0","","Proposed ELIMFILTERS SKU is already occupied; no strong technical identity proof. Current policy forbids inventing a replacement number."
"FSC10743","CABIN","EC30743","EXISTING_MULTI_CROSS","RESOLVED","0","","Already covered by an existing ELIMFILTERS product under current FRAM evidence."
"FSC12283","CABIN","EC32283","EXISTING_DIRECT","RESOLVED","0","","Already covered by an existing ELIMFILTERS product under current FRAM evidence."
"G1000","FUEL","EF31000","EXISTING_DIRECT","RESOLVED","0","","Already covered by an existing ELIMFILTERS product under current FRAM evidence."
"G10166","FUEL","EF30166","EXISTING_DIRECT","RESOLVED","0","","Already covered by an existing ELIMFILTERS product under current FRAM evidence."
"G10243","FUEL","EF30243","EXISTING_DIRECT","RESOLVED","0","","Already covered by an existing ELIMFILTERS product under current FRAM evidence."
"G10617","FUEL","EF30617","EXISTING_DIRECT","RESOLVED","0","","Already covered by an existing ELIMFILTERS product under current FRAM evidence."
"G10902","FUEL","EF30902","EXISTING_DIRECT","RESOLVED","0","","Already covered by an existing ELIMFILTERS product under current FRAM evidence."
"G11278","FUEL","EF31278","EXISTING_DIRECT","RESOLVED","0","","Already covered by an existing ELIMFILTERS product under current FRAM evidence."
"G11995","FUEL","EF31995","EXISTING_DIRECT","RESOLVED","0","","Already covered by an existing ELIMFILTERS product under current FRAM evidence."
"G3359","FUEL","EF33359","EXISTING_DIRECT","RESOLVED","0","","Already covered by an existing ELIMFILTERS product under current FRAM evidence."
"G3427","FUEL","EF33427","EXISTING_DIRECT","RESOLVED","0","","Already covered by an existing ELIMFILTERS product under current FRAM evidence."
"G3428A","FUEL","EF33428","EXISTING_DIRECT","RESOLVED","0","","Already covered by an existing ELIMFILTERS product under current FRAM evidence."
"G3499","FUEL","EF33499","EXISTING_DIRECT","RESOLVED","0","","Already covered by an existing ELIMFILTERS product under current FRAM evidence."
"G3499DP","FUEL","EF33499","EXISTING_DIRECT","RESOLVED","0","","Already covered by an existing ELIMFILTERS product under current FRAM evidence."
"G3515","FUEL","EF33515","EXISTING_DIRECT","RESOLVED","0","","Already covered by an existing ELIMFILTERS product under current FRAM evidence."
"G3583","FUEL","EF33583","EXISTING_DIRECT","RESOLVED","0","","Already covered by an existing ELIMFILTERS product under current FRAM evidence."
"G3587","FUEL","EF33587","EXISTING_DIRECT","RESOLVED","0","","Already covered by an existing ELIMFILTERS product under current FRAM evidence."
"G3596","FUEL","EF33596","EXISTING_DIRECT","RESOLVED","0","","Already covered by an existing ELIMFILTERS product under current FRAM evidence."
"G3606DP","FUEL","EF33606","EXISTING_DIRECT","RESOLVED","0","","Already covered by an existing ELIMFILTERS product under current FRAM evidence."
"G3641","FUEL","EF33641","EXISTING_DIRECT","RESOLVED","0","","Already covered by an existing ELIMFILTERS product under current FRAM evidence."
"G3692","FUEL","EF33692","EXISTING_DIRECT","RESOLVED","0","","Already covered by an existing ELIMFILTERS product under current FRAM evidence."
"G3713","FUEL","EF33713","EXISTING_DIRECT","RESOLVED","0","","Already covered by an existing ELIMFILTERS product under current FRAM evidence."
"G3724","FUEL","EF33724","EXISTING_DIRECT","RESOLVED","0","","Already covered by an existing ELIMFILTERS product under current FRAM evidence."
"G3727","FUEL","EF33727","EXISTING_DIRECT","RESOLVED","0","","Already covered by an existing ELIMFILTERS product under current FRAM evidence."
"G3727FP","FUEL","EF33727","EXISTING_DIRECT","RESOLVED","0","","Already covered by an existing ELIMFILTERS product under current FRAM evidence."
"G3744","FUEL","EF33744","EXISTING_DIRECT","RESOLVED","0","","Already covered by an existing ELIMFILTERS product under current FRAM evidence."
"G3747","FUEL","EF33747","EXISTING_DIRECT","RESOLVED","0","","Already covered by an existing ELIMFILTERS product under current FRAM evidence."
"G3802A","FUEL","EF33802","EXISTING_DIRECT","RESOLVED","0","","Already covered by an existing ELIMFILTERS product under current FRAM evidence."
"G3802ADP","FUEL","EF33802","EXISTING_MULTI_CROSS","RESOLVED","0","","Already covered by an existing ELIMFILTERS product under current FRAM evidence."
"G3802AFP","FUEL","EF33802","INSUFFICIENT_EXISTING","QUARANTINE_FINAL","1","EF33802","Existing-product evidence is insufficient to prove identity without ambiguity."
"G3829","FUEL","EF33829","EXISTING_DIRECT","RESOLVED","0","","Already covered by an existing ELIMFILTERS product under current FRAM evidence."
"G3831","FUEL","EF33831","INSUFFICIENT_EXISTING","QUARANTINE_FINAL","2","EF33010;EF38309","Existing-product evidence is insufficient to prove identity without ambiguity."
"G3841","FUEL","EF33841","EXISTING_DIRECT","RESOLVED","0","","Already covered by an existing ELIMFILTERS product under current FRAM evidence."
"G3842","FUEL","EF33842","EXISTING_DIRECT","RESOLVED","0","","Already covered by an existing ELIMFILTERS product under current FRAM evidence."
"G3850","FUEL","EF33850","EXISTING_DIRECT","RESOLVED","0","","Already covered by an existing ELIMFILTERS product under current FRAM evidence."
"G3850DP","FUEL","EF33850","EXISTING_DIRECT","RESOLVED","0","","Already covered by an existing ELIMFILTERS product under current FRAM evidence."
"G3941","FUEL","EF33941","EXISTING_DIRECT","RESOLVED","0","","Already covered by an existing ELIMFILTERS product under current FRAM evidence."
"G4143","FUEL","EF34143","EXISTING_DIRECT","RESOLVED","0","","Already covered by an existing ELIMFILTERS product under current FRAM evidence."
"G4143DP","FUEL","EF34143","EXISTING_DIRECT","RESOLVED","0","","Already covered by an existing ELIMFILTERS product under current FRAM evidence."
"G4164","FUEL","EF34164","EXISTING_DIRECT","RESOLVED","0","","Already covered by an existing ELIMFILTERS product under current FRAM evidence."
"G4166","FUEL","EF34166","EXISTING_DIRECT","RESOLVED","0","","Already covered by an existing ELIMFILTERS product under current FRAM evidence."
"G4167","FUEL","EF34167","EXISTING_DIRECT","RESOLVED","0","","Already covered by an existing ELIMFILTERS product under current FRAM evidence."
"G4177","FUEL","EF34177","EXISTING_DIRECT","RESOLVED","0","","Already covered by an existing ELIMFILTERS product under current FRAM evidence."
"G4191","FUEL","EF34191","EXISTING_DIRECT","RESOLVED","0","","Already covered by an existing ELIMFILTERS product under current FRAM evidence."
"G4773","FUEL","EF34773","EXISTING_DIRECT","RESOLVED","0","","Already covered by an existing ELIMFILTERS product under current FRAM evidence."
"G4774","FUEL","EF34774","EXISTING_DIRECT","RESOLVED","0","","Already covered by an existing ELIMFILTERS product under current FRAM evidence."
"G4776","FUEL","EF34776","EXISTING_DIRECT","RESOLVED","0","","Already covered by an existing ELIMFILTERS product under current FRAM evidence."
"G4777","FUEL","EF34777","EXISTING_DIRECT","RESOLVED","0","","Already covered by an existing ELIMFILTERS product under current FRAM evidence."
"G4926","FUEL","EF34926","EXISTING_DIRECT","RESOLVED","0","","Already covered by an existing ELIMFILTERS product under current FRAM evidence."
"G5237","FUEL","EF35237","EXISTING_DIRECT","RESOLVED","0","","Already covered by an existing ELIMFILTERS product under current FRAM evidence."
"G5237DP","FUEL","EF35237","EXISTING_DIRECT","RESOLVED","0","","Already covered by an existing ELIMFILTERS product under current FRAM evidence."
"G5870","FUEL","EF35870","EXISTING_DIRECT","RESOLVED","0","","Already covered by an existing ELIMFILTERS product under current FRAM evidence."
"G5982","FUEL","EF35982","EXISTING_DIRECT","RESOLVED","0","","Already covered by an existing ELIMFILTERS product under current FRAM evidence."
"G6343","FUEL","EF36343","EXISTING_DIRECT","RESOLVED","0","","Already covered by an existing ELIMFILTERS product under current FRAM evidence."
"G6346","FUEL","EF36346","EXISTING_DIRECT","RESOLVED","0","","Already covered by an existing ELIMFILTERS product under current FRAM evidence."
"G6348","FUEL","EF36348","EXISTING_DIRECT","RESOLVED","0","","Already covered by an existing ELIMFILTERS product under current FRAM evidence."
"G6405","FUEL","EF36405","EXISTING_DIRECT","RESOLVED","0","","Already covered by an existing ELIMFILTERS product under current FRAM evidence."
"G6426","FUEL","EF36426","EXISTING_DIRECT","RESOLVED","0","","Already covered by an existing ELIMFILTERS product under current FRAM evidence."
"G6429","FUEL","EF36429","EXISTING_DIRECT","RESOLVED","0","","Already covered by an existing ELIMFILTERS product under current FRAM evidence."
"G6431","FUEL","EF36431","EXISTING_DIRECT","RESOLVED","0","","Already covered by an existing ELIMFILTERS product under current FRAM evidence."
"G6435","FUEL","EF36435","EXISTING_DIRECT","RESOLVED","0","","Already covered by an existing ELIMFILTERS product under current FRAM evidence."
"G6436","FUEL","EF36436","EXISTING_DIRECT","RESOLVED","0","","Already covered by an existing ELIMFILTERS product under current FRAM evidence."
"G6440","FUEL","EF36440","EXISTING_DIRECT","RESOLVED","0","","Already covered by an existing ELIMFILTERS product under current FRAM evidence."
"G6442","FUEL","EF36442","EXISTING_DIRECT","RESOLVED","0","","Already covered by an existing ELIMFILTERS product under current FRAM evidence."
"G6451","FUEL","EF36451","EXISTING_DIRECT","RESOLVED","0","","Already covered by an existing ELIMFILTERS product under current FRAM evidence."
"G6457","FUEL","EF36457","EXISTING_DIRECT","RESOLVED","0","","Already covered by an existing ELIMFILTERS product under current FRAM evidence."
"G6460","FUEL","EF36460","EXISTING_DIRECT","RESOLVED","0","","Already covered by an existing ELIMFILTERS product under current FRAM evidence."
"G6462","FUEL","EF36462","INSUFFICIENT_EXISTING","QUARANTINE_FINAL","1","EF31426","Existing-product evidence is insufficient to prove identity without ambiguity."
"G6495","FUEL","EF36495","EXISTING_DIRECT","RESOLVED","0","","Already covered by an existing ELIMFILTERS product under current FRAM evidence."
"G6507","FUEL","EF36507","EXISTING_DIRECT","RESOLVED","0","","Already covered by an existing ELIMFILTERS product under current FRAM evidence."
"G6534","FUEL","EF36534","EXISTING_DIRECT","RESOLVED","0","","Already covered by an existing ELIMFILTERS product under current FRAM evidence."
"G6535","FUEL","EF36535","EXISTING_DIRECT","RESOLVED","0","","Already covered by an existing ELIMFILTERS product under current FRAM evidence."
"G6537","FUEL","EF36537","EXISTING_DIRECT","RESOLVED","0","","Already covered by an existing ELIMFILTERS product under current FRAM evidence."
"G6561","FUEL","EF36561","EXISTING_DIRECT","RESOLVED","0","","Already covered by an existing ELIMFILTERS product under current FRAM evidence."
"G6566","FUEL","EF36566","EXISTING_DIRECT","RESOLVED","0","","Already covered by an existing ELIMFILTERS product under current FRAM evidence."
"G6567","FUEL","EF36567","EXISTING_DIRECT","RESOLVED","0","","Already covered by an existing ELIMFILTERS product under current FRAM evidence."
"G6612","FUEL","EF36612","EXISTING_DIRECT","RESOLVED","0","","Already covered by an existing ELIMFILTERS product under current FRAM evidence."
"G6680","FUEL","EF36680","EXISTING_DIRECT","RESOLVED","0","","Already covered by an existing ELIMFILTERS product under current FRAM evidence."
"G6681","FUEL","EF36681","EXISTING_DIRECT","RESOLVED","0","","Already covered by an existing ELIMFILTERS product under current FRAM evidence."
"G6689","FUEL","EF36689","EXISTING_DIRECT","RESOLVED","0","","Already covered by an existing ELIMFILTERS product under current FRAM evidence."
"G6826DP","FUEL","EF36826","EXISTING_DIRECT","RESOLVED","0","","Already covered by an existing ELIMFILTERS product under current FRAM evidence."
"G6859","FUEL","EF36859","EXISTING_DIRECT","RESOLVED","0","","Already covered by an existing ELIMFILTERS product under current FRAM evidence."
"G6896","FUEL","EF36896","EXISTING_DIRECT","RESOLVED","0","","Already covered by an existing ELIMFILTERS product under current FRAM evidence."
"G6897","FUEL","EF36897","EXISTING_DIRECT","RESOLVED","0","","Already covered by an existing ELIMFILTERS product under current FRAM evidence."
"G7071","FUEL","EF37071","EXISTING_DIRECT","RESOLVED","0","","Already covered by an existing ELIMFILTERS product under current FRAM evidence."
"G7143","FUEL","EF37143","EXISTING_DIRECT","RESOLVED","0","","Already covered by an existing ELIMFILTERS product under current FRAM evidence."
"G7144","FUEL","EF37144","EXISTING_DIRECT","RESOLVED","0","","Already covered by an existing ELIMFILTERS product under current FRAM evidence."
"G7194","FUEL","EF37194","INSUFFICIENT_EXISTING","QUARANTINE_FINAL","2","EF36612;EF31426","Existing-product evidence is insufficient to prove identity without ambiguity."
"G7196DP","FUEL","EF37196","SKU_COLLISION_EXISTING","QUARANTINE_FINAL","0","","Proposed ELIMFILTERS SKU is already occupied; no strong technical identity proof. Current policy forbids inventing a replacement number."
"G7296","FUEL","EF37296","EXISTING_DIRECT","RESOLVED","0","","Already covered by an existing ELIMFILTERS product under current FRAM evidence."
"G7315","FUEL","EF37315","EXISTING_DIRECT","RESOLVED","0","","Already covered by an existing ELIMFILTERS product under current FRAM evidence."
"G7315DP","FUEL","EF37315","EXISTING_DIRECT","RESOLVED","0","","Already covered by an existing ELIMFILTERS product under current FRAM evidence."
"G7333","FUEL","EF37333","EXISTING_DIRECT","RESOLVED","0","","Already covered by an existing ELIMFILTERS product under current FRAM evidence."
"G7355","FUEL","EF37355","INSUFFICIENT_EXISTING","QUARANTINE_FINAL","1","EF31426","Existing-product evidence is insufficient to prove identity without ambiguity."
"G7356","FUEL","EF37356","EXISTING_DIRECT","RESOLVED","0","","Already covered by an existing ELIMFILTERS product under current FRAM evidence."
"G7393","FUEL","EF37393","EXISTING_DIRECT","RESOLVED","0","","Already covered by an existing ELIMFILTERS product under current FRAM evidence."
"G7398","FUEL","EF37398","EXISTING_DIRECT","RESOLVED","0","","Already covered by an existing ELIMFILTERS product under current FRAM evidence."
"G7399","FUEL","EF37399","EXISTING_DIRECT","RESOLVED","0","","Already covered by an existing ELIMFILTERS product under current FRAM evidence."
"G7416","FUEL","EF37416","EXISTING_DIRECT","RESOLVED","0","","Already covered by an existing ELIMFILTERS product under current FRAM evidence."
"G7418","FUEL","EF37418","EXISTING_DIRECT","RESOLVED","0","","Already covered by an existing ELIMFILTERS product under current FRAM evidence."
"G7596","FUEL","EF37596","EXISTING_DIRECT","RESOLVED","0","","Already covered by an existing ELIMFILTERS product under current FRAM evidence."
"G7596DP","FUEL","EF37596","EXISTING_DIRECT","RESOLVED","0","","Already covered by an existing ELIMFILTERS product under current FRAM evidence."
"G7599","FUEL","EF37599","EXISTING_DIRECT","RESOLVED","0","","Already covered by an existing ELIMFILTERS product under current FRAM evidence."
"G7609","FUEL","EF37609","EXISTING_DIRECT","RESOLVED","0","","Already covered by an existing ELIMFILTERS product under current FRAM evidence."
"G7610","FUEL","EF37610","EXISTING_DIRECT","RESOLVED","0","","Already covered by an existing ELIMFILTERS product under current FRAM evidence."
"G7611","FUEL","EF37611","EXISTING_DIRECT","RESOLVED","0","","Already covered by an existing ELIMFILTERS product under current FRAM evidence."
"G7647","FUEL","EF37647","EXISTING_MULTI_CROSS","RESOLVED","0","","Already covered by an existing ELIMFILTERS product under current FRAM evidence."
"G7735","FUEL","EF37735","EXISTING_DIRECT","RESOLVED","0","","Already covered by an existing ELIMFILTERS product under current FRAM evidence."
"G7736","FUEL","EF37736","EXISTING_DIRECT","RESOLVED","0","","Already covered by an existing ELIMFILTERS product under current FRAM evidence."
"G7739","FUEL","EF37739","EXISTING_DIRECT","RESOLVED","0","","Already covered by an existing ELIMFILTERS product under current FRAM evidence."
"G7740","FUEL","EF37740","EXISTING_DIRECT","RESOLVED","0","","Already covered by an existing ELIMFILTERS product under current FRAM evidence."
"G7766","FUEL","EF37766","INSUFFICIENT_EXISTING","QUARANTINE_FINAL","1","EF31426","Existing-product evidence is insufficient to prove identity without ambiguity."
"G7769","FUEL","EF37769","EXISTING_DIRECT","RESOLVED","0","","Already covered by an existing ELIMFILTERS product under current FRAM evidence."
"G8008","FUEL","EF38008","SKU_COLLISION_EXISTING","QUARANTINE_FINAL","0","","Proposed ELIMFILTERS SKU is already occupied; no strong technical identity proof. Current policy forbids inventing a replacement number."
"G8018","FUEL","EF38018","EXISTING_MULTI_CROSS","RESOLVED","0","","Already covered by an existing ELIMFILTERS product under current FRAM evidence."
"G8018DP","FUEL","EF38018","SKU_COLLISION_EXISTING","QUARANTINE_FINAL","0","","Proposed ELIMFILTERS SKU is already occupied; no strong technical identity proof. Current policy forbids inventing a replacement number."
"G8075","FUEL","EF38075","EXISTING_DIRECT","RESOLVED","0","","Already covered by an existing ELIMFILTERS product under current FRAM evidence."
"G8086","FUEL","EF38086","SKU_COLLISION_EXISTING","QUARANTINE_FINAL","0","","Proposed ELIMFILTERS SKU is already occupied; no strong technical identity proof. Current policy forbids inventing a replacement number."
"G8116","FUEL","EF38116","SKU_COLLISION_EXISTING","QUARANTINE_FINAL","0","","Proposed ELIMFILTERS SKU is already occupied; no strong technical identity proof. Current policy forbids inventing a replacement number."
"G8122","FUEL","EF38122","SKU_COLLISION_EXISTING","QUARANTINE_FINAL","0","","Proposed ELIMFILTERS SKU is already occupied; no strong technical identity proof. Current policy forbids inventing a replacement number."
"G8216","FUEL","EF38216","EXISTING_DIRECT","RESOLVED","0","","Already covered by an existing ELIMFILTERS product under current FRAM evidence."
"G8219","FUEL","EF38219","SKU_COLLISION_EXISTING","QUARANTINE_FINAL","0","","Proposed ELIMFILTERS SKU is already occupied; no strong technical identity proof. Current policy forbids inventing a replacement number."
"G8228","FUEL","EF38228","SKU_COLLISION_EXISTING","QUARANTINE_FINAL","0","","Proposed ELIMFILTERS SKU is already occupied; no strong technical identity proof. Current policy forbids inventing a replacement number."
"G8414","FUEL","EF38414","EXISTING_DIRECT","RESOLVED","0","","Already covered by an existing ELIMFILTERS product under current FRAM evidence."
"G8415","FUEL","EF38415","EXISTING_DIRECT","RESOLVED","0","","Already covered by an existing ELIMFILTERS product under current FRAM evidence."
"G8615","FUEL","EF38615","EXISTING_DIRECT","RESOLVED","0","","Already covered by an existing ELIMFILTERS product under current FRAM evidence."
"G8711","FUEL","EF38711","EXISTING_DIRECT","RESOLVED","0","","Already covered by an existing ELIMFILTERS product under current FRAM evidence."
"G8757","FUEL","EF38757","EXISTING_DIRECT","RESOLVED","0","","Already covered by an existing ELIMFILTERS product under current FRAM evidence."
"G8758","FUEL","EF38758","EXISTING_MULTI_CROSS","RESOLVED","0","","Already covered by an existing ELIMFILTERS product under current FRAM evidence."
"G8861A","FUEL","EF38861","EXISTING_DIRECT","RESOLVED","0","","Already covered by an existing ELIMFILTERS product under current FRAM evidence."
"G9272","FUEL","EF39272","EXISTING_DIRECT","RESOLVED","0","","Already covered by an existing ELIMFILTERS product under current FRAM evidence."
"G9279","FUEL","EF39279","EXISTING_DIRECT","RESOLVED","0","","Already covered by an existing ELIMFILTERS product under current FRAM evidence."
"G9343","FUEL","EF39343","EXISTING_DIRECT","RESOLVED","0","","Already covered by an existing ELIMFILTERS product under current FRAM evidence."
"G9370","FUEL","EF39370","EXISTING_DIRECT","RESOLVED","0","","Already covered by an existing ELIMFILTERS product under current FRAM evidence."
"G9795","FUEL","EF39795","EXISTING_DIRECT","RESOLVED","0","","Already covered by an existing ELIMFILTERS product under current FRAM evidence."
"PH10027","LUBE","EL30027","SKU_COLLISION_EXISTING","QUARANTINE_FINAL","0","","Proposed ELIMFILTERS SKU is already occupied; no strong technical identity proof. Current policy forbids inventing a replacement number."
"PH10060","LUBE","EL30060","EXISTING_DIRECT","RESOLVED","0","","Already covered by an existing ELIMFILTERS product under current FRAM evidence."
"PH10220","LUBE","EL30220","SKU_COLLISION_EXISTING","QUARANTINE_FINAL","0","","Proposed ELIMFILTERS SKU is already occupied; no strong technical identity proof. Current policy forbids inventing a replacement number."
"PH10267","LUBE","EL30267","EXISTING_DIRECT","RESOLVED","0","","Already covered by an existing ELIMFILTERS product under current FRAM evidence."
"PH10575","LUBE","EL30575","EXISTING_DIRECT","RESOLVED","0","","Already covered by an existing ELIMFILTERS product under current FRAM evidence."
"PH10600","LUBE","EL30600","EXISTING_DIRECT","RESOLVED","0","","Already covered by an existing ELIMFILTERS product under current FRAM evidence."
"PH10637","LUBE","EL30637","EXISTING_DIRECT","RESOLVED","0","","Already covered by an existing ELIMFILTERS product under current FRAM evidence."
"PH10792","LUBE","EL30792","SKU_COLLISION_EXISTING","QUARANTINE_FINAL","0","","Proposed ELIMFILTERS SKU is already occupied; no strong technical identity proof. Current policy forbids inventing a replacement number."
"PH10808","LUBE","EL30808","EXISTING_DIRECT","RESOLVED","0","","Already covered by an existing ELIMFILTERS product under current FRAM evidence."
"PH10809","LUBE","EL30809","EXISTING_DIRECT","RESOLVED","0","","Already covered by an existing ELIMFILTERS product under current FRAM evidence."
"PH10871","LUBE","EL30871","EXISTING_DIRECT","RESOLVED","0","","Already covered by an existing ELIMFILTERS product under current FRAM evidence."
"PH10890","LUBE","EL30890","INSUFFICIENT_EXISTING","QUARANTINE_FINAL","1","EL32941","Existing-product evidence is insufficient to prove identity without ambiguity."
"PH10950","LUBE","EL30950","SKU_COLLISION_EXISTING","QUARANTINE_FINAL","0","","Proposed ELIMFILTERS SKU is already occupied; no strong technical identity proof. Current policy forbids inventing a replacement number."
"PH10951","LUBE","EL30951","SKU_COLLISION_EXISTING","QUARANTINE_FINAL","0","","Proposed ELIMFILTERS SKU is already occupied; no strong technical identity proof. Current policy forbids inventing a replacement number."
"PH10959","LUBE","EL30959","EXISTING_DIRECT","RESOLVED","0","","Already covered by an existing ELIMFILTERS product under current FRAM evidence."
"PH10968","LUBE","EL30968","EXISTING_DIRECT","RESOLVED","0","","Already covered by an existing ELIMFILTERS product under current FRAM evidence."
"PH11","LUBE","EL30011","EXISTING_MULTI_CROSS","RESOLVED","0","","Already covered by an existing ELIMFILTERS product under current FRAM evidence."
"PH11017","LUBE","EL31017","EXISTING_DIRECT","RESOLVED","0","","Already covered by an existing ELIMFILTERS product under current FRAM evidence."
"PH11021","LUBE","EL31021","EXISTING_DIRECT","RESOLVED","0","","Already covered by an existing ELIMFILTERS product under current FRAM evidence."
"PH11059","LUBE","EL31059","EXISTING_DIRECT","RESOLVED","0","","Already covered by an existing ELIMFILTERS product under current FRAM evidence."
"PH11462","LUBE","EL31462","EXISTING_DIRECT","RESOLVED","0","","Already covered by an existing ELIMFILTERS product under current FRAM evidence."
"PH11583","LUBE","EL31583","EXISTING_DIRECT","RESOLVED","0","","Already covered by an existing ELIMFILTERS product under current FRAM evidence."
"PH11605","LUBE","EL31605","SKU_COLLISION_EXISTING","QUARANTINE_FINAL","0","","Proposed ELIMFILTERS SKU is already occupied; no strong technical identity proof. Current policy forbids inventing a replacement number."
"PH12060","LUBE","EL32060","EXISTING_DIRECT","RESOLVED","0","","Already covered by an existing ELIMFILTERS product under current FRAM evidence."
"PH12447","LUBE","EL32447","EXISTING_DIRECT","RESOLVED","0","","Already covered by an existing ELIMFILTERS product under current FRAM evidence."
"PH12747","LUBE","EL32747","SKU_COLLISION_EXISTING","QUARANTINE_FINAL","0","","Proposed ELIMFILTERS SKU is already occupied; no strong technical identity proof. Current policy forbids inventing a replacement number."
"PH12750","LUBE","EL32750","EXISTING_DIRECT","RESOLVED","0","","Already covered by an existing ELIMFILTERS product under current FRAM evidence."
"PH12938","LUBE","EL32938","EXISTING_DIRECT","RESOLVED","0","","Already covered by an existing ELIMFILTERS product under current FRAM evidence."
"PH16","LUBE","EL30016","AMBIGUOUS_EXISTING","QUARANTINE_FINAL","28","EL31881;EL39202;EL32013;EL32016;EL32021;EL30610;EL32012;EL39201;EL32018;EL32019;EL32022;EL32025;EL32026;EL39203;EL32036;EL39204;EL39205;EL32081;EL39209;EL39301;EL33014;EL33019;EL39302;EL39304;EL39308;EL32015;EL37328;EL30920","More than one existing ELIMFILTERS candidate remains plausible; no single candidate is proven."
"PH20A","LUBE","EL30020","EXISTING_DIRECT","RESOLVED","0","","Already covered by an existing ELIMFILTERS product under current FRAM evidence."
"PH21","LUBE","EL30021","SKU_COLLISION_EXISTING","QUARANTINE_FINAL","0","","Proposed ELIMFILTERS SKU is already occupied; no strong technical identity proof. Current policy forbids inventing a replacement number."
"PH25","LUBE","EL30025","EXISTING_DIRECT","RESOLVED","0","","Already covered by an existing ELIMFILTERS product under current FRAM evidence."
"PH28041","LUBE","EL38041","EXISTING_DIRECT","RESOLVED","0","","Already covered by an existing ELIMFILTERS product under current FRAM evidence."
"PH2815","LUBE","EL32815","INSUFFICIENT_EXISTING","QUARANTINE_FINAL","41","EL32013;EL32016;EL32021;EL30610;EL34011;EL34022;EL32012;EL39201;EL32018;EL32019;EL39202;EL32022;EL32025;EL32026;EL39203;EL32036;EL39204;EL39205;EL32081;EL39209;EL39301;EL33014;EL33019;EL39302;EL39304;EL39308;EL34012;EL34015;EL34016;EL34017;EL34023;EL34025;EL32510;EL34032;EL34048;EL30510;EL35110;EL39407;EL34070;EL39409;EL32015","Existing-product evidence is insufficient to prove identity without ambiguity."
"PH2821A","LUBE","EL32821","EXISTING_MULTI_CROSS","RESOLVED","0","","Already covered by an existing ELIMFILTERS product under current FRAM evidence."
"PH2825","LUBE","EL32825","EXISTING_DIRECT","RESOLVED","0","","Already covered by an existing ELIMFILTERS product under current FRAM evidence."
"PH2842","LUBE","EL32842","EXISTING_DIRECT","RESOLVED","0","","Already covered by an existing ELIMFILTERS product under current FRAM evidence."
"PH2844","LUBE","EL32844","EXISTING_DIRECT","RESOLVED","0","","Already covered by an existing ELIMFILTERS product under current FRAM evidence."
"PH2846B","LUBE","EL32846","EXISTING_DIRECT","RESOLVED","0","","Already covered by an existing ELIMFILTERS product under current FRAM evidence."
"PH2849A","LUBE","EL32849","EXISTING_MULTI_CROSS","RESOLVED","0","","Already covered by an existing ELIMFILTERS product under current FRAM evidence."
"PH2865A","LUBE","EL32865","EXISTING_DIRECT","RESOLVED","0","","Already covered by an existing ELIMFILTERS product under current FRAM evidence."
"PH2870A","LUBE","EL32870","AMBIGUOUS_EXISTING","QUARANTINE_FINAL","34","EL31222;EL31253;EL31211;EL37126;EL37127;EL37181;EL31261;EL31226;EL31237;EL31294;EL37121;EL31212;EL31214;EL31218;EL31219;EL37122;EL31224;EL37123;EL31234;EL33410;EL31235;EL31239;EL34310;EL37125;EL31260;EL31273;EL31275;EL32810;EL31281;EL31283;EL31290;EL31292;EL39210;EL31223","More than one existing ELIMFILTERS candidate remains plausible; no single candidate is proven."
"PH2883","LUBE","EL32883","SKU_COLLISION_EXISTING","QUARANTINE_FINAL","0","","Proposed ELIMFILTERS SKU is already occupied; no strong technical identity proof. Current policy forbids inventing a replacement number."
"PH2895","LUBE","EL32895","EXISTING_DIRECT","RESOLVED","0","","Already covered by an existing ELIMFILTERS product under current FRAM evidence."
"PH2921","LUBE","EL32921","EXISTING_DIRECT","RESOLVED","0","","Already covered by an existing ELIMFILTERS product under current FRAM evidence."
"PH2931","LUBE","EL32931","EXISTING_DIRECT","RESOLVED","0","","Already covered by an existing ELIMFILTERS product under current FRAM evidence."
"PH2951","LUBE","EL32951","EXISTING_DIRECT","RESOLVED","0","","Already covered by an existing ELIMFILTERS product under current FRAM evidence."
"PH2960","LUBE","EL32960","EXISTING_DIRECT","RESOLVED","0","","Already covered by an existing ELIMFILTERS product under current FRAM evidence."
"PH2977A","LUBE","EL32977","EXISTING_DIRECT","RESOLVED","0","","Already covered by an existing ELIMFILTERS product under current FRAM evidence."
"PH2995","LUBE","EL32995","EXISTING_DIRECT","RESOLVED","0","","Already covered by an existing ELIMFILTERS product under current FRAM evidence."
"PH30","LUBE","EL30030","EXISTING_DIRECT","RESOLVED","0","","Already covered by an existing ELIMFILTERS product under current FRAM evidence."
"PH3306A","LUBE","EL33306","EXISTING_DIRECT","RESOLVED","0","","Already covered by an existing ELIMFILTERS product under current FRAM evidence."
"PH3335","LUBE","EL33335","AMBIGUOUS_EXISTING","QUARANTINE_FINAL","2","EL33125;EL32104","More than one existing ELIMFILTERS candidate remains plausible; no single candidate is proven."
"PH3387A","LUBE","EL33387","EXISTING_DIRECT","RESOLVED","0","","Already covered by an existing ELIMFILTERS product under current FRAM evidence."
"PH3426","LUBE","EL33426","EXISTING_DIRECT","RESOLVED","0","","Already covered by an existing ELIMFILTERS product under current FRAM evidence."
"PH3506","LUBE","EL33506","INSUFFICIENT_EXISTING","QUARANTINE_FINAL","2","EL30060;EL31222","Existing-product evidence is insufficient to prove identity without ambiguity."
"PH3519A","LUBE","EL33519","EXISTING_DIRECT","RESOLVED","0","","Already covered by an existing ELIMFILTERS product under current FRAM evidence."
"PH3531","LUBE","EL33531","EXISTING_DIRECT","RESOLVED","0","","Already covered by an existing ELIMFILTERS product under current FRAM evidence."
"PH3534","LUBE","EL33534","EXISTING_DIRECT","RESOLVED","0","","Already covered by an existing ELIMFILTERS product under current FRAM evidence."
"PH3545","LUBE","EL33545","EXISTING_DIRECT","RESOLVED","0","","Already covered by an existing ELIMFILTERS product under current FRAM evidence."
"PH3567","LUBE","EL33567","EXISTING_DIRECT","RESOLVED","0","","Already covered by an existing ELIMFILTERS product under current FRAM evidence."
"PH3569","LUBE","EL33569","INSUFFICIENT_EXISTING","QUARANTINE_FINAL","26","EL30830;EL32013;EL32016;EL32021;EL30610;EL32012;EL39201;EL32018;EL32019;EL39202;EL32022;EL32025;EL32026;EL39203;EL32036;EL39204;EL39205;EL32081;EL39209;EL39301;EL33014;EL33019;EL39302;EL39304;EL39308;EL32015","Existing-product evidence is insufficient to prove identity without ambiguity."
"PH3589","LUBE","EL33589","EXISTING_DIRECT","RESOLVED","0","","Already covered by an existing ELIMFILTERS product under current FRAM evidence."
"PH3593A","LUBE","EL33593","EXISTING_DIRECT","RESOLVED","0","","Already covered by an existing ELIMFILTERS product under current FRAM evidence."
"PH3600","LUBE","EL33600","EXISTING_DIRECT","RESOLVED","0","","Already covered by an existing ELIMFILTERS product under current FRAM evidence."
"PH3612","LUBE","EL33612","EXISTING_DIRECT","RESOLVED","0","","Already covered by an existing ELIMFILTERS product under current FRAM evidence."
"PH3614","LUBE","EL33614","EXISTING_DIRECT","RESOLVED","0","","Already covered by an existing ELIMFILTERS product under current FRAM evidence."
"PH3616","LUBE","EL33616","INSUFFICIENT_EXISTING","QUARANTINE_FINAL","1","EL31180","Existing-product evidence is insufficient to prove identity without ambiguity."
"PH3639","LUBE","EL33639","EXISTING_MULTI_CROSS","RESOLVED","0","","Already covered by an existing ELIMFILTERS product under current FRAM evidence."
"PH3675","LUBE","EL33675","INSUFFICIENT_EXISTING","QUARANTINE_FINAL","2","EL39362;EL30060","Existing-product evidence is insufficient to prove identity without ambiguity."
"PH3682","LUBE","EL33682","EXISTING_DIRECT","RESOLVED","0","","Already covered by an existing ELIMFILTERS product under current FRAM evidence."
"PH3689","LUBE","EL33689","EXISTING_DIRECT","RESOLVED","0","","Already covered by an existing ELIMFILTERS product under current FRAM evidence."
"PH3690","LUBE","EL33690","INSUFFICIENT_EXISTING","QUARANTINE_FINAL","1","EL32205","Existing-product evidence is insufficient to prove identity without ambiguity."
"PH36A","LUBE","EL30036","EXISTING_DIRECT","RESOLVED","0","","Already covered by an existing ELIMFILTERS product under current FRAM evidence."
"PH373","LUBE","EL30373","EXISTING_DIRECT","RESOLVED","0","","Already covered by an existing ELIMFILTERS product under current FRAM evidence."
"PH3735","LUBE","EL33735","EXISTING_MULTI_CROSS","RESOLVED","0","","Already covered by an existing ELIMFILTERS product under current FRAM evidence."
"PH3750","LUBE","EL33750","EXISTING_DIRECT","RESOLVED","0","","Already covered by an existing ELIMFILTERS product under current FRAM evidence."
"PH3757","LUBE","EL33757","EXISTING_DIRECT","RESOLVED","0","","Already covered by an existing ELIMFILTERS product under current FRAM evidence."
"PH3766","LUBE","EL33766","EXISTING_DIRECT","RESOLVED","0","","Already covered by an existing ELIMFILTERS product under current FRAM evidence."
"PH3773","LUBE","EL33773","EXISTING_DIRECT","RESOLVED","0","","Already covered by an existing ELIMFILTERS product under current FRAM evidence."
"PH3776","LUBE","EL33776","EXISTING_DIRECT","RESOLVED","0","","Already covered by an existing ELIMFILTERS product under current FRAM evidence."
"PH3786","LUBE","EL33786","EXISTING_DIRECT","RESOLVED","0","","Already covered by an existing ELIMFILTERS product under current FRAM evidence."
"PH39","LUBE","EL30039","EXISTING_DIRECT","RESOLVED","0","","Already covered by an existing ELIMFILTERS product under current FRAM evidence."
"PH3900","LUBE","EL33900","EXISTING_DIRECT","RESOLVED","0","","Already covered by an existing ELIMFILTERS product under current FRAM evidence."
"PH3950","LUBE","EL33950","EXISTING_DIRECT","RESOLVED","0","","Already covered by an existing ELIMFILTERS product under current FRAM evidence."
"PH3973","LUBE","EL33973","EXISTING_DIRECT","RESOLVED","0","","Already covered by an existing ELIMFILTERS product under current FRAM evidence."
"PH3976A","LUBE","EL33976","EXISTING_DIRECT","RESOLVED","0","","Already covered by an existing ELIMFILTERS product under current FRAM evidence."
"PH3980","LUBE","EL33980","EXISTING_DIRECT","RESOLVED","0","","Already covered by an existing ELIMFILTERS product under current FRAM evidence."
"PH3985","LUBE","EL33985","EXISTING_DIRECT","RESOLVED","0","","Already covered by an existing ELIMFILTERS product under current FRAM evidence."
"PH42A","LUBE","EL30042","AMBIGUOUS_EXISTING","QUARANTINE_FINAL","9","EL33776;EL32610;EL35015;EL35040;EL35042;EL36213;EL36232;EL39627;EL36271","More than one existing ELIMFILTERS candidate remains plausible; no single candidate is proven."
"PH43","LUBE","EL30043","EXISTING_DIRECT","RESOLVED","0","","Already covered by an existing ELIMFILTERS product under current FRAM evidence."
"PH4386","LUBE","EL34386","AMBIGUOUS_EXISTING","QUARANTINE_FINAL","2","EL34967;EL31881","More than one existing ELIMFILTERS candidate remains plausible; no single candidate is proven."
"PH44","LUBE","EL30044","EXISTING_DIRECT","RESOLVED","0","","Already covered by an existing ELIMFILTERS product under current FRAM evidence."
"PH46","LUBE","EL30046","INSUFFICIENT_EXISTING","QUARANTINE_FINAL","1","EL37181","Existing-product evidence is insufficient to prove identity without ambiguity."
"PH4681","LUBE","EL34681","EXISTING_DIRECT","RESOLVED","0","","Already covered by an existing ELIMFILTERS product under current FRAM evidence."
"PH47","LUBE","EL30047","EXISTING_DIRECT","RESOLVED","0","","Already covered by an existing ELIMFILTERS product under current FRAM evidence."
"PH4731","LUBE","EL34731","EXISTING_DIRECT","RESOLVED","0","","Already covered by an existing ELIMFILTERS product under current FRAM evidence."
"PH4804","LUBE","EL34804","EXISTING_DIRECT","RESOLVED","0","","Already covered by an existing ELIMFILTERS product under current FRAM evidence."
"PH4967","LUBE","EL34967","EXISTING_DIRECT","RESOLVED","0","","Already covered by an existing ELIMFILTERS product under current FRAM evidence."
"PH49A","LUBE","EL30049","EXISTING_MULTI_CROSS","RESOLVED","0","","Already covered by an existing ELIMFILTERS product under current FRAM evidence."
"PH5046","LUBE","EL35046","EXISTING_DIRECT","RESOLVED","0","","Already covered by an existing ELIMFILTERS product under current FRAM evidence."
"PH5101","LUBE","EL35101","EXISTING_DIRECT","RESOLVED","0","","Already covered by an existing ELIMFILTERS product under current FRAM evidence."
"PH52","LUBE","EL30052","EXISTING_DIRECT","RESOLVED","0","","Already covered by an existing ELIMFILTERS product under current FRAM evidence."
"PH5343","LUBE","EL35343","INSUFFICIENT_EXISTING","QUARANTINE_FINAL","2","EL30671;EL37023","Existing-product evidence is insufficient to prove identity without ambiguity."
"PH5964","LUBE","EL35964","AMBIGUOUS_EXISTING","QUARANTINE_FINAL","3","EL31261;EL31262;EL31265","More than one existing ELIMFILTERS candidate remains plausible; no single candidate is proven."
"PH6010A","LUBE","EL36010","EXISTING_DIRECT","RESOLVED","0","","Already covered by an existing ELIMFILTERS product under current FRAM evidence."
"PH6016","LUBE","EL36016","EXISTING_DIRECT","RESOLVED","0","","Already covered by an existing ELIMFILTERS product under current FRAM evidence."
"PH6017A","LUBE","EL36017","EXISTING_DIRECT","RESOLVED","0","","Already covered by an existing ELIMFILTERS product under current FRAM evidence."
"PH6018","LUBE","EL36018","EXISTING_DIRECT","RESOLVED","0","","Already covered by an existing ELIMFILTERS product under current FRAM evidence."
"PH6019","LUBE","EL36019","SKU_COLLISION_EXISTING","QUARANTINE_FINAL","0","","Proposed ELIMFILTERS SKU is already occupied; no strong technical identity proof. Current policy forbids inventing a replacement number."
"PH6022","LUBE","EL36022","EXISTING_MULTI_CROSS","RESOLVED","0","","Already covered by an existing ELIMFILTERS product under current FRAM evidence."
"PH6063","LUBE","EL36063","EXISTING_DIRECT","RESOLVED","0","","Already covered by an existing ELIMFILTERS product under current FRAM evidence."
"PH6065B","LUBE","EL36065","EXISTING_DIRECT","RESOLVED","0","","Already covered by an existing ELIMFILTERS product under current FRAM evidence."
"PH6100","LUBE","EL36100","EXISTING_DIRECT","RESOLVED","0","","Already covered by an existing ELIMFILTERS product under current FRAM evidence."
"PH6349A","LUBE","EL36349","EXISTING_DIRECT","RESOLVED","0","","Already covered by an existing ELIMFILTERS product under current FRAM evidence."
"PH6354","LUBE","EL36354","EXISTING_DIRECT","RESOLVED","0","","Already covered by an existing ELIMFILTERS product under current FRAM evidence."
"PH6355","LUBE","EL36355","EXISTING_DIRECT","RESOLVED","0","","Already covered by an existing ELIMFILTERS product under current FRAM evidence."
"PH6357","LUBE","EL36357","EXISTING_DIRECT","RESOLVED","0","","Already covered by an existing ELIMFILTERS product under current FRAM evidence."
"PH6606","LUBE","EL36606","EXISTING_DIRECT","RESOLVED","0","","Already covered by an existing ELIMFILTERS product under current FRAM evidence."
"PH6607","LUBE","EL36607","EXISTING_DIRECT","RESOLVED","0","","Already covered by an existing ELIMFILTERS product under current FRAM evidence."
"PH6644","LUBE","EL36644","EXISTING_DIRECT","RESOLVED","0","","Already covered by an existing ELIMFILTERS product under current FRAM evidence."
"PH6657","LUBE","EL36657","EXISTING_DIRECT","RESOLVED","0","","Already covered by an existing ELIMFILTERS product under current FRAM evidence."
"PH6923","LUBE","EL36923","EXISTING_DIRECT","RESOLVED","0","","Already covered by an existing ELIMFILTERS product under current FRAM evidence."
"PH6941","LUBE","EL36941","EXISTING_DIRECT","RESOLVED","0","","Already covered by an existing ELIMFILTERS product under current FRAM evidence."
"PH7014FP","LUBE","EL37014","EXISTING_DIRECT","RESOLVED","0","","Already covered by an existing ELIMFILTERS product under current FRAM evidence."
"PH7136","LUBE","EL37136","INSUFFICIENT_EXISTING","QUARANTINE_FINAL","2","EL31701;EL31702","Existing-product evidence is insufficient to prove identity without ambiguity."
"PH7138","LUBE","EL37138","SKU_COLLISION_EXISTING","QUARANTINE_FINAL","0","","Proposed ELIMFILTERS SKU is already occupied; no strong technical identity proof. Current policy forbids inventing a replacement number."
"PH7202","LUBE","EL37202","EXISTING_DIRECT","RESOLVED","0","","Already covered by an existing ELIMFILTERS product under current FRAM evidence."
"PH7309","LUBE","EL37309","EXISTING_DIRECT","RESOLVED","0","","Already covered by an existing ELIMFILTERS product under current FRAM evidence."
"PH7317","LUBE","EL37317","INSUFFICIENT_EXISTING","QUARANTINE_FINAL","1","EL36019","Existing-product evidence is insufficient to prove identity without ambiguity."
"PH7325","LUBE","EL37325","EXISTING_DIRECT","RESOLVED","0","","Already covered by an existing ELIMFILTERS product under current FRAM evidence."
"PH7328","LUBE","EL37328","EXISTING_DIRECT","RESOLVED","0","","Already covered by an existing ELIMFILTERS product under current FRAM evidence."
"PH7405A","LUBE","EL37405","EXISTING_DIRECT","RESOLVED","0","","Already covered by an existing ELIMFILTERS product under current FRAM evidence."
"PH7496","LUBE","EL37496","EXISTING_DIRECT","RESOLVED","0","","Already covered by an existing ELIMFILTERS product under current FRAM evidence."
"PH7498","LUBE","EL37498","EXISTING_DIRECT","RESOLVED","0","","Already covered by an existing ELIMFILTERS product under current FRAM evidence."
"PH7500","LUBE","EL37500","EXISTING_DIRECT","RESOLVED","0","","Already covered by an existing ELIMFILTERS product under current FRAM evidence."
"PH7525","LUBE","EL37525","EXISTING_DIRECT","RESOLVED","0","","Already covered by an existing ELIMFILTERS product under current FRAM evidence."
"PH7575","LUBE","EL37575","EXISTING_DIRECT","RESOLVED","0","","Already covered by an existing ELIMFILTERS product under current FRAM evidence."
"PH7650","LUBE","EL37650","EXISTING_DIRECT","RESOLVED","0","","Already covered by an existing ELIMFILTERS product under current FRAM evidence."
"PH8170","LUBE","EL38170","EXISTING_DIRECT","RESOLVED","0","","Already covered by an existing ELIMFILTERS product under current FRAM evidence."
"PH8172","LUBE","EL38172","EXISTING_DIRECT","RESOLVED","0","","Already covered by an existing ELIMFILTERS product under current FRAM evidence."
"PH8212","LUBE","EL38212","EXISTING_DIRECT","RESOLVED","0","","Already covered by an existing ELIMFILTERS product under current FRAM evidence."
"PH8316","LUBE","EL38316","EXISTING_DIRECT","RESOLVED","0","","Already covered by an existing ELIMFILTERS product under current FRAM evidence."
"PH8476","LUBE","EL38476","EXISTING_DIRECT","RESOLVED","0","","Already covered by an existing ELIMFILTERS product under current FRAM evidence."
"PH8488","LUBE","EL38488","EXISTING_DIRECT","RESOLVED","0","","Already covered by an existing ELIMFILTERS product under current FRAM evidence."
"PH8531","LUBE","EL38531","EXISTING_DIRECT","RESOLVED","0","","Already covered by an existing ELIMFILTERS product under current FRAM evidence."
"PH8690","LUBE","EL38690","EXISTING_DIRECT","RESOLVED","0","","Already covered by an existing ELIMFILTERS product under current FRAM evidence."
"PH8691A","LUBE","EL38691","EXISTING_DIRECT","RESOLVED","0","","Already covered by an existing ELIMFILTERS product under current FRAM evidence."
"PH8830","LUBE","EL38830","EXISTING_DIRECT","RESOLVED","0","","Already covered by an existing ELIMFILTERS product under current FRAM evidence."
"PH8842","LUBE","EL38842","EXISTING_DIRECT","RESOLVED","0","","Already covered by an existing ELIMFILTERS product under current FRAM evidence."
"PH8873","LUBE","EL38873","EXISTING_MULTI_CROSS","RESOLVED","0","","Already covered by an existing ELIMFILTERS product under current FRAM evidence."
"PH8910","LUBE","EL38910","EXISTING_DIRECT","RESOLVED","0","","Already covered by an existing ELIMFILTERS product under current FRAM evidence."
"PH8933","LUBE","EL38933","EXISTING_DIRECT","RESOLVED","0","","Already covered by an existing ELIMFILTERS product under current FRAM evidence."
"PH8936","LUBE","EL38936","EXISTING_DIRECT","RESOLVED","0","","Already covered by an existing ELIMFILTERS product under current FRAM evidence."
"PH8942","LUBE","EL38942","EXISTING_DIRECT","RESOLVED","0","","Already covered by an existing ELIMFILTERS product under current FRAM evidence."
"PH8994","LUBE","EL38994","EXISTING_DIRECT","RESOLVED","0","","Already covered by an existing ELIMFILTERS product under current FRAM evidence."
"PH8A","LUBE","EL30008","AMBIGUOUS_EXISTING","QUARANTINE_FINAL","26","EL31881;EL32013;EL32016;EL32021;EL30610;EL32012;EL39201;EL32018;EL32019;EL39202;EL32022;EL32025;EL32026;EL39203;EL32036;EL39204;EL39205;EL32081;EL39209;EL39301;EL33014;EL33019;EL39302;EL39304;EL39308;EL32015","More than one existing ELIMFILTERS candidate remains plausible; no single candidate is proven."
"PH9010","LUBE","EL39010","EXISTING_DIRECT","RESOLVED","0","","Already covered by an existing ELIMFILTERS product under current FRAM evidence."
"PH9100","LUBE","EL39100","SKU_COLLISION_EXISTING","QUARANTINE_FINAL","0","","Proposed ELIMFILTERS SKU is already occupied; no strong technical identity proof. Current policy forbids inventing a replacement number."
"PH9116","LUBE","EL39116","EXISTING_DIRECT","RESOLVED","0","","Already covered by an existing ELIMFILTERS product under current FRAM evidence."
"PH9282","LUBE","EL39282","EXISTING_DIRECT","RESOLVED","0","","Already covered by an existing ELIMFILTERS product under current FRAM evidence."
"PH9342","LUBE","EL39342","EXISTING_DIRECT","RESOLVED","0","","Already covered by an existing ELIMFILTERS product under current FRAM evidence."
"PH9376","LUBE","EL39376","INSUFFICIENT_EXISTING","QUARANTINE_FINAL","1","EL30234","Existing-product evidence is insufficient to prove identity without ambiguity."
"PH966B","LUBE","EL30966","AMBIGUOUS_EXISTING","QUARANTINE_FINAL","34","EL31253;EL31211;EL37126;EL37127;EL37181;EL31261;EL31226;EL31237;EL31294;EL37121;EL31212;EL31214;EL31218;EL31219;EL37122;EL31222;EL31224;EL37123;EL31234;EL33410;EL31235;EL31239;EL34310;EL37125;EL31260;EL31273;EL31275;EL32810;EL31281;EL31283;EL31290;EL31292;EL39210;EL31223","More than one existing ELIMFILTERS candidate remains plausible; no single candidate is proven."
"PH9688","LUBE","EL39688","EXISTING_DIRECT","RESOLVED","0","","Already covered by an existing ELIMFILTERS product under current FRAM evidence."
"PH977A","LUBE","EL30977","INSUFFICIENT_EXISTING","QUARANTINE_FINAL","16","EL34011;EL34022;EL34012;EL34015;EL34016;EL34017;EL34023;EL34025;EL32510;EL34032;EL34048;EL30510;EL35110;EL39407;EL34070;EL39409","Existing-product evidence is insufficient to prove identity without ambiguity."
"PH9837","LUBE","EL39837","INSUFFICIENT_EXISTING","QUARANTINE_FINAL","2","EL39362;EL30060","Existing-product evidence is insufficient to prove identity without ambiguity."
"PH9897","LUBE","EL39897","EXISTING_DIRECT","RESOLVED","0","","Already covered by an existing ELIMFILTERS product under current FRAM evidence."
"PH9971A","LUBE","EL39971","EXISTING_DIRECT","RESOLVED","0","","Already covered by an existing ELIMFILTERS product under current FRAM evidence."