sku,od,h,god,gid,thread,burst,collapse,sub,inst,ft
EA10006,327.30,604.00,,,,,,Cellulose,Round,air
EA10012,87.00,358.00,,,,,,,Round,air
EA10014,180.09,218.95,,,,,,Cellulose,Round,air
EA10017,194.06,145.03,,,,,,Cellulose,Round,air
EA10018,55.00,238.00,,,,,,,Round,air
EA10020,185.93,124.97,,,,,,Cellulose,Round,air
EA10021,154.94,197.10,,,,,,Cellulose,Round,air
EA10024,64.00,302.00,,,,,,,Round,air
EA10028,134.00,280.00,,,,,,Cellulose,Round,air
EA10030,75.80,339.50,,,,,,,Round,air
EA10036,107.00,385.00,,,,,,,Round,air
EA10043,106.00,363.00,,,,,,Cellulose,Radialseal,air
EA10047,62.00,343.00,,,,,,,Radialseal,air
EA10048,120.00,132.00,,,,,,Cellulose,Round,air
EA10056,184.00,101.00,,,,,,Cellulose,Round,air
EA10063,,281.94,,,,,,,Panel,air
EA10064,154.00,151.00,,,,,,Cellulose,Round,air
EA10083,126.50,169.00,,,,,,Cellulose,Round,air
EA10096,83.10,237.00,,,,,,,Round,air
EA10103,187.00,381.00,,,,,,Cellulose,Round,air
EA10109,,300.00,,,,,,Cellulose,Panel,air
EA10120,155.00,190.00,,,,,,Cellulose,Round,air
EA10125,218.95,144.02,,,,,,Cellulose,Round,air
EA101280,175.00,406.00,,,,,,Cellulose,Radialseal,air
EA10131,127.00,285.00,,,,,,Cellulose,Round,air
EA10132,198.30,365.50,,,,,,Cellulose,Round,air
EA10135,,396.70,,,,,,Cellulose,Panel,air
EA10138,,220.00,,,,,,Cellulose,Panel,air
EA10149,115.00,602.00,,,,,,Cellulose,Special,air
EA10164,,229.00,,,,,,,Special,air
EA10181,70.10,254.51,,,,,,,Round,air
EA10203,,303.00,,,,,,,Panel,air
EA10207,70.00,308.00,,,,,,,Round,air
EA10272,159.00,256.00,,,,,,Cellulose,Round,air
EA10307,60.50,325.00,,,,,,,Round,air
EA10310,194.30,280.50,,,,,,Cellulose,Round,air
EA10331,282.00,405.00,,,,,,Cellulose,Radialseal,air
EA10332,213.00,229.00,,,,,,Cellulose,Round,air
EA10333,133.00,152.00,,,,,,Cellulose,Round,air
EA10336,307.00,508.00,,,,,,Cellulose,Round,air
EA10338,490.00,328.00,,,,,,Cellulose,Round,air
EA10355,203.00,236.00,,,,,,,Round,air
EA10385,201.70,251.30,,,,,,Cellulose,Round,air
EA10388,332.40,405.00,,,,,,Cellulose,Radialseal,air
EA10397,148.08,315.47,,,,,,Cellulose,Cone,air
EA10398,92.46,282.96,,,,,,,Round,air
EA10484,106.89,369.57,,,,,,,Round,air
EA10485,200.00,283.00,,,,,,,Round,air
EA10489,88.00,305.30,,,,,,,Radialseal,air
EA10496,306.30,517.30,,,,,,Cellulose,Radialseal,air
EA10497,182.50,505.70,,,,,,Safety,Radialseal,air
EA10501,138.20,326.90,,,,,,Cellulose,Radialseal,air
EA10510,134.90,273.10,,,,,,,Round,air
EA10511,53.34,260.35,,,,,,,Round,air
EA10519,270.50,570.00,,,,,,Cellulose,Round,air
EA10522,186.30,387.50,,,,,,Cellulose,Radialseal,air
EA10523,108.50,376.70,,,,,,,Radialseal,air
EA10561,,276.10,,,,,,,Panel,air
EA10582,194.06,508.00,,,,,,Safety,Round,air
EA10620,264.30,660.40,,,,,,Cellulose,Round,air
EA10621,313.40,543.50,,,,,,Cellulose,Radialseal,air
EA10622,313.40,450.50,,,,,,Cellulose,Radialseal,air
EA10623,180.00,528.50,,,,,,,Radialseal,air
EA10628,175.30,55.90,,,,,,Cellulose,Round,air
EA10633,111.51,39.62,,,,,,,Round,air
EA10635,177.30,46.70,,,,,,,Round,air
EA10639,175.80,64.80,,,,,,,Round,air
EA10642,203.20,55.10,,,,,,,Round,air
EA10643,98.00,79.00,,,,,,,Round,air
EA10645,97.03,70.10,,,,,,,Round,air
EA106488,108.00,122.00,,,,,,,Round,air
EA10676,237.00,636.00,,,,,,Cellulose,Radialseal,air
EA10678,151.10,381.00,,,,,,Safety,Round,air
EA10692,220.10,711.20,,,,,,Cellulose,Cone,air
EA10693,220.00,712.00,,,,,,Cellulose,Cone,air
EA10694,264.16,711.20,,,,,,Cellulose,Cone,air
EA10695,269.80,711.70,,,,,,Cellulose,Cone,air
EA10696,144.40,378.00,,,,,,,Round,air
EA10731,303.70,319.50,,,,,,Cellulose,Radialseal,air
EA10735,85.34,228.60,,,,,,,Round,air
EA10747,201.42,406.40,,,,,,Cellulose,Round,air
EA10753,,288.00,,,,,,,,air
EA10760,133.20,304.80,,,,,,Cellulose,Finned,air
EA10761,133.20,304.80,,,,,,Flame Retardant,Finned,air
EA10763,174.00,254.00,,,,,,Flame Retardant,Finned,air
EA10764,201.10,304.80,,,,,,Cellulose,Round,air
EA10766,154.80,304.80,,,,,,Cellulose,Round,air
EA10769,104.00,177.80,,,,,,Safety,Round,air
EA10770,234.19,330.20,,,,,,Cellulose,Finned,air
EA10772,151.10,457.20,,,,,,Safety,Round,air
EA10776,75.18,279.40,,,,,,,Round,air
EA10815,258.00,528.50,,,,,,Cellulose,Round,air
EA10822,220.00,711.00,,,,,,Cellulose,Cone,air
EA10828,155.00,328.00,,,,,,Cellulose,Round,air
EA10834,420.00,305.00,,,,,,Cellulose,Round,air
EA10848,420.00,250.00,,,,,,Cellulose,Round,air
EA10866,324.00,609.00,,,,,,Cellulose,Cone,air
EA108665,,319.50,,,,,,Cellulose,Obround,air
EA108666,,331.70,,,,,,Cellulose,Obround,air
EA108675,,319.50,,,,,,Cellulose,Obround,air
EA108676,,331.70,,,,,,Cellulose,Obround,air
EA108677,,382.80,,,,,,Cellulose,Obround,air
EA10875,235.30,159.40,,,,,,Cellulose,Round,air
EA10884,224.54,355.60,,,,,,Cellulose,Round,air
EA10903,138.20,272.00,,,,,,,Radialseal,air
EA10904,84.40,264.60,,,,,,,Radialseal,air
EA10905,138.00,272.00,,,,,,,Radialseal,air
EA10911,281.60,467.00,,,,,,Cellulose,Radialseal,air
EA10925,186.00,584.20,,,,,,Cellulose,Round,air
EA10941,,277.00,,,,,,"Cellulose, Treated",Obround,air
EA10942,,252.80,,,,,,"Cellulose, Flame Retardant",Obround,air
EA10949,60.60,209.80,,,,,,,Round,air
EA10959,219.96,381.00,,,,,,Cellulose,Cone,air
EA10960,85.34,329.54,,,,,,,Round,air
EA10975,,209.30,,,,,,Safety,Obround,air
EA11000,281.80,304.80,,,,,,Cellulose,Finned,air
EA11001,307.20,355.60,,,,,,Cellulose,Finned,air
EA11002,307.20,457.20,,,,,,Cellulose,Round,air
EA11003,224.60,558.90,,,,,,Cellulose,Round,air
EA11004,324.00,356.00,,,,,,Cellulose,Round,air
EA11005,324.00,203.00,,,,,,Cellulose,Round,air
EA11007,264.30,554.20,,,,,,Cellulose,Round,air
EA11008,323.22,558.80,,,,,,Cellulose,Round,air
EA11009,323.60,660.40,,,,,,Cellulose,Round,air
EA11010,307.20,355.60,,,,,,Cellulose,Round,air
EA11011,351.60,660.40,,,,,,Cellulose,Round,air
EA11013,307.00,254.00,,,,,,Cellulose,Finned,air
EA11014,264.40,381.00,,,,,,Cellulose,Round,air
EA11015,307.20,457.20,,,,,,Cellulose,Round,air
EA11016,264.30,660.40,,,,,,Cellulose,Round,air
EA11017,224.60,711.20,,,,,,Cellulose,Round,air
EA11019,264.00,302.00,,,,,,Cellulose,Round,air
EA11021,264.30,254.00,,,,,,Cellulose,Round,air
EA11023,282.00,406.00,,,,,,Cellulose,Finned,air
EA11024,234.10,203.20,,,,,,Cellulose,Finned,air
EA11028,,305.00,,,,,,,Panel,air
EA11030,307.10,177.80,,,,,,Cellulose,Round,air
EA11031,351.60,355.60,,,,,,Cellulose,Round,air
EA11032,307.10,254.00,,,,,,Cellulose,Round,air
EA11033,264.30,228.60,,,,,,Cellulose,Round,air
EA11034,234.10,330.80,,,,,,Cellulose,Round,air
EA11035,234.10,254.00,,,,,,Cellulose,Finned,air
EA11036,351.60,406.40,,,,,,Cellulose,Round,air
EA11037,307.20,330.20,,,,,,Cellulose,Round,air
EA11038,201.42,305.00,,,,,,Cellulose,Finned,air
EA11039,351.60,457.20,,,,,,Cellulose,Round,air
EA11040,446.50,585.70,,,,,,Cellulose,Round,air
EA11041,307.20,406.40,,,,,,Cellulose,Round,air
EA11042,372.90,610.10,,,,,,Cellulose,Round,air
EA11043,307.20,508.00,,,,,,Cellulose,Round,air
EA11044,264.30,356.30,,,,,,Cellulose,Round,air
EA11045,201.50,254.00,,,,,,Cellulose,Finned,air
EA11046,281.80,406.40,,,,,,Cellulose,Round,air
EA11047,351.60,559.60,,,,,,Cellulose,Round,air
EA11048,446.50,483.40,,,,,,Cellulose,Round,air
EA11049,323.60,610.40,,,,,,Cellulose,Round,air
EA11050,104.00,254.00,,,,,,Cellulose,Finned,air
EA11052,133.60,279.40,,,,,,Cellulose,Finned,air
EA11053,351.50,457.20,,,,,,Cellulose,Finned,air
EA11054,154.80,304.80,,,,,,Cellulose,Finned,air
EA11055,324.00,484.00,,,,,,Cellulose,Round,air
EA11056,307.20,385.70,,,,,,Cellulose,Round,air
EA11057,323.60,432.60,,,,,,Cellulose,Round,air
EA11058,351.60,584.20,,,,,,Cellulose,Round,air
EA11059,154.60,381.00,,,,,,Cellulose,Finned,air
EA11060,352.00,305.00,,,,,,Cellulose,Finned,air
EA11061,351.60,635.00,,,,,,Cellulose,Round,air
EA11062,133.20,381.00,,,,,,Cellulose,Finned,air
EA11063,174.00,406.40,,,,,,Cellulose,Finned,air
EA11064,201.10,406.40,,,,,,Cellulose,Finned,air
EA11065,351.50,457.60,,,,,,Cellulose,Round,air
EA11066,351.00,356.00,,,,,,Cellulose,Finned,air
EA11068,174.00,228.60,,,,,,Cellulose,Round,air
EA11070,232.20,457.20,,,,,,Cellulose,Round,air
EA11071,213.50,279.40,,,,,,Cellulose,Round,air
EA11072,104.00,355.60,,,,,,Cellulose,Finned,air
EA11073,307.20,482.60,,,,,,Cellulose,Round,air
EA11074,264.00,279.00,,,,,,Cellulose,Round,air
EA11077,281.80,381.00,,,,,,Cellulose,Finned,air
EA11078,307.20,584.30,,,,,,Cellulose,Round,air
EA11079,307.00,457.00,,,,,,Cellulose,Finned,air
EA11080,232.20,330.30,,,,,,Cellulose,Round,air
EA11082,275.90,508.00,,,,,,Cellulose,Round,air
EA11084,225.00,178.00,,,,,,Cellulose,Round,air
EA11087,226.80,371.10,,,,,,Cellulose,Round,air
EA11088,164.10,339.90,,,,,,Cellulose,Round,air
EA11089,148.00,325.10,,,,,,Cellulose,Round,air
EA11090,234.00,406.50,,,,,,Cellulose,Round,air
EA11091,264.30,508.60,,,,,,Cellulose,Round,air
EA11092,193.90,406.40,,,,,,Cellulose,Round,air
EA11093,154.80,279.40,,,,,,Cellulose,Finned,air
EA11095,351.60,393.70,,,,,,Cellulose,Round,air
EA11096,307.00,381.00,,,,,,Cellulose,Round,air
EA11097,264.16,711.20,,,,,,Cellulose,Cone,air
EA11098,,609.50,,,,,,Cellulose,Panel,air
EA11099,351.60,458.70,,,,,,Cellulose,Round,air
EA11100,307.20,406.40,,,,,,Cellulose,Round,air
EA11102,281.70,407.90,,,,,,Cellulose,Round,air
EA11103,234.10,304.80,,,,,,Cellulose,Round,air
EA11104,281.70,330.20,,,,,,Cellulose,Round,air
EA11105,213.60,254.00,,,,,,Cellulose,Round,air
EA11106,264.40,298.40,,,,,,Cellulose,Round,air
EA11107,264.40,196.80,,,,,,Cellulose,Round,air
EA11108,351.50,298.40,,,,,,Cellulose,Round,air
EA11109,351.50,450.80,,,,,,Cellulose,Round,air
EA11113,324.00,236.00,,,,,,Cellulose,Round,air
EA11114,324.00,357.00,,,,,,Cellulose,Round,air
EA11115,351.60,397.20,,,,,,Cellulose,Round,air
EA11118,292.10,330.20,,,,,,Cellulose,Round,air
EA111189,129.00,365.70,,,,,,,Cone,air
EA11119,173.80,304.80,,,,,,Cellulose,Round,air
EA11120,317.50,381.00,,,,,,Cellulose,Round,air
EA11123,264.40,228.60,,,,,,Cellulose,Round,air
EA11124,317.50,469.70,,,,,,Cellulose,Round,air
EA11125,204.50,135.90,,,,,,Cellulose,Round,air
EA11126,490.00,249.90,,,,,,Cellulose,Round,air
EA11129,174.00,305.00,,,,,,Cellulose,Round,air
EA11130,174.00,228.60,,,,,,Cellulose,Round,air
EA11131,154.80,177.80,,,,,,Cellulose,Round,air
EA11132,174.00,228.60,,,,,,Cellulose,Round,air
EA11133,260.40,304.70,,,,,,Cellulose,Round,air
EA11134,304.90,381.00,,,,,,Cellulose,Round,air
EA11136,307.00,438.00,,,,,,Cellulose,Round,air
EA11137,241.20,481.40,,,,,,Cellulose,Round,air
EA11139,244.30,16.51,,,,,,Cellulose,Round,air
EA11146,225.00,711.00,,,,,,Cellulose,Round,air
EA11147,351.50,560.30,,,,,,Cellulose,Round,air
EA11163,173.80,304.80,,,,,,Cellulose,Round,air
EA11165,198.20,508.00,,,,,,Cellulose,Round,air
EA11166,324.00,660.00,,,,,,Cellulose,Round,air
EA11172,,340.70,,,,,,Cellulose,Obround,air
EA11175,,325.80,,,,,,,Obround,air
EA11176,,325.80,,,,,,,Obround,air
EA11182,,385.70,,,,,,,Obround,air
EA11183,307.20,533.30,,,,,,Cellulose,Round,air
EA11185,351.00,535.00,,,,,,Cellulose,Round,air
EA11186,323.60,660.50,,,,,,Cellulose,Round,air
EA11187,296.70,127.00,,,,,,Cellulose,Round,air
EA11188,297.00,178.00,,,,,,Cellulose,Round,air
EA11189,351.50,254.00,,,,,,Cellulose,Round,air
EA11190,195.30,358.90,,,,,,,Cone,air
EA11191,221.20,442.00,,,,,,Cellulose,Round,air
EA11193,351.50,457.20,,,,,,Cellulose,Round,air
EA11203,142.30,556.00,,,,,,,Round,air
EA11204,169.67,388.87,,,,,,Cellulose,Round,air
EA11205,212.80,380.90,,,,,,Cellulose,Round,air
EA11208,93.70,347.70,,,,,,Safety,Round,air
EA11210,362.70,457.20,,,,,,Cellulose,Round,air
EA11228,323.85,711.20,,,,,,Cellulose,Cone,air
EA11240,83.20,177.80,,,,,,Cellulose,Finned,air
EA11278,62.48,228.60,,,,,,,Round,air
EA11280,281.69,508.00,,,,,,Cellulose,Round,air
EA11283,154.80,381.00,,,,,,Cellulose,Round,air
EA11286,105.00,391.00,,,,,,,Radialseal,air
EA11317,264.16,558.80,,,,,,Cellulose,Cone,air
EA11319,118.70,355.60,,,,,,,Round,air
EA11321,104.00,152.90,,,,,,Cellulose,Round,air
EA11331,173.80,381.00,,,,,,Cellulose,Finned,air
EA11335,144.00,406.00,,,,,,Safety,Round,air
EA11336,150.90,254.00,,,,,,Safety,Round,air
EA11337,151.10,355.60,,,,,,Safety,Round,air
EA11338,194.10,304.70,,,,,,Safety,Round,air
EA11339,220.00,559.00,,,,,,Cellulose,Cone,air
EA11343,307.20,457.20,,,,,,Cellulose,Round,air
EA11348,264.30,304.70,,,,,,Cellulose,Round,air
EA11349,,626.00,,,,,,,Panel,air
EA11351,211.00,609.00,,,,,,,Round,air
EA11352,82.50,311.00,,,,,,,Round,air
EA11359,133.35,355.60,,,,,,Cellulose,Finned,air
EA11372,,600.00,,,,,,Cellulose,Panel,air
EA11373,226.00,313.00,,,,,,,Round,air
EA11391,420.90,352.90,,,,,,Cellulose,Round,air
EA11394,85.30,279.40,,,,,,,Round,air
EA11395,234.19,457.20,,,,,,Cellulose,Round,air
EA11397,264.30,406.30,,,,,,Cellulose,Round,air
EA11398,362.80,480.00,,,,,,Cellulose,Radialseal,air
EA11399,230.90,484.00,,,,,,Safety,Radialseal,air
EA11404,351.60,355.60,295.00,285.00,,,,Cellulose,Round,air
EA11424,105.50,265.00,,,,,,Flame Retardant,Radialseal,air
EA11437,155.00,382.00,,,,,,Cellulose,Radialseal,air
EA11470,207.00,509.00,,,,,,Cellulose,Radialseal,air
EA11471,108.00,501.00,,,,,,,Round,air
EA11476,84.00,371.00,,,,,,,Radialseal,air
EA11505,201.20,330.00,,,,,,Cellulose,Round,air
EA11508,226.80,371.10,,,,,,Cellulose,Round,air
EA11510,276.00,242.60,,,,,,Cellulose,Round,air
EA11511,409.00,41.00,,,,,,Safety,Round,air
EA11516,226.30,282.50,,,,,,Cellulose,Round,air
EA11520,264.16,405.89,,,,,,Cellulose,Round,air
EA11522,234.00,406.00,,,,,,Cellulose,Round,air
EA11523,307.20,411.50,,,,,,Cellulose,Round,air
EA11525,281.60,494.00,,,,,,Cellulose,Radialseal,air
EA11526,351.20,355.50,351.00,326.00,,,,Cellulose,Round,air
EA11527,234.00,330.00,,,,,,Cellulose,Round,air
EA11529,177.00,380.50,,,,,,Cellulose,Round,air
EA11531,264.20,405.90,,,,,,Cellulose,Finned,air
EA11534,173.50,355.50,,,,,,Cellulose,Round,air
EA11537,151.00,371.00,,,,,,Safety,Radialseal,air
EA11539,253.00,479.00,,,,,,,Cone,air
EA11540,135.00,443.00,,,,,,,Cone,air
EA11541,154.50,254.00,,,,,,Cellulose,Round,air
EA11546,168.10,374.00,,,,,,Cellulose,Round,air
EA11548,154.60,358.40,,,,,,Cellulose,Finned,air
EA11549,138.10,291.00,,,,,,Cellulose,Round,air
EA11551,268.00,269.00,,,,,,Cellulose,Round,air
EA11552,141.00,291.00,,,,,,Cellulose,Round,air
EA11555,201.10,406.00,,,,,,Cellulose,Finned,air
EA11557,164.10,317.00,,,,,,Cellulose,Round,air
EA11558,302.30,460.00,,,,,,Cellulose,Round,air
EA11559,138.10,279.00,,,,,,Cellulose,Round,air
EA11560,,316.50,,,,,,Safety,Obround,air
EA11561,198.20,365.80,,,,,,Cellulose,Round,air
EA11573,302.30,450.10,,,,,,Cellulose,Round,air
EA11575,332.00,375.00,,,,,,Flame Retardant,Radialseal,air
EA11582,85.60,228.60,,,,,,,Round,air
EA11589,154.50,269.20,,,,,,Cellulose,Round,air
EA11590,177.00,268.50,,,,,,Cellulose,Round,air
EA11591,138.10,291.00,,,,,,Cellulose,Round,air
EA11592,133.50,279.40,,,,,,Cellulose,Round,air
EA11593,164.00,224.00,,,,,,Cellulose,Round,air
EA11594,164.10,197.00,,,,,,Cellulose,Round,air
EA11595,327.30,243.00,,,,,,Cellulose,Round,air
EA11598,285.00,610.00,,,,,,Cellulose,Cone,air
EA11639,62.00,260.00,,,,,,,Radialseal,air
EA11642,104.00,261.00,,,,,,,Round,air
EA11643,,237.00,,,,,,,Panel,air
EA116641,103.60,268.60,,,,,,Cellulose,Radialseal,air
EA11678,207.60,384.50,,,,,,Cellulose,Radialseal,air
EA11720,,283.40,,,,,,Cellulose,Obround,air
EA117283,112.70,450.00,,,,,,,Round,air
EA11740,308.00,433.50,,,,,,Cellulose,Radialseal,air
EA11746,,245.00,,,,,,,Obround,air
EA11751,134.60,300.20,,,,,,,Radialseal,air
EA11767,234.00,331.00,,,,,,Cellulose,Radialseal,air
EA11774,121.00,323.00,,,,,,,Radialseal,air
EA11790,208.00,409.00,,,,,,Cellulose,Radialseal,air
EA11847,159.40,408.20,,,,,,Safety,Round,air
EA11850,,250.00,,,,,,Cellulose,Obround,air
EA11856,237.00,418.90,,,,,,,Radialseal,air
EA11857,134.60,411.70,,,,,,,Round,air
EA11858,104.00,267.00,,,,,,Flame Retardant,Cone,air
EA11859,122.00,327.00,,,,,,Flame Retardant,Cone,air
EA11883,207.60,357.10,,,,,,Cellulose,Radialseal,air
EA118932,180.50,603.00,,,,,,Safety,Round,air
EA11908,125.80,350.00,,,,,,,Radialseal,air
EA11922,307.00,305.00,,,,,,Cellulose,Round,air
EA119372,384.00,623.00,,,,,,Cellulose,Round,air
EA11938,237.00,357.20,,,,,,Cellulose,Radialseal,air
EA11951,226.80,368.30,,,,,,Cellulose,Round,air
EA11963,126.60,346.70,,,,,,,Radialseal,air
EA11983,,440.40,,,,,,Cellulose,Obround,air
EA11984,,441.60,,,,,,Safety,Obround,air
EA12000,281.80,304.80,,,,,,Cellulose,Finned,air
EA12001,307.20,355.60,,,,,,Cellulose,Finned,air
EA12002,307.20,457.20,,,,,,Cellulose,Round,air
EA12007,264.00,554.00,,,,,,Cellulose,Round,air
EA12008,323.70,558.80,,,,,,Cellulose,Round,air
EA12014,264.30,381.00,,,,,,Cellulose,Round,air
EA12015,307.00,457.00,,,,,,Cellulose,Round,air
EA12016,264.00,660.00,,,,,,Cellulose,Round,air
EA12024,282.00,451.00,,,,,,Cellulose,Round,air
EA12028,264.30,406.40,,,,,,Cellulose,Round,air
EA12031,351.60,355.60,,,,,,Cellulose,Round,air
EA12032,307.20,254.00,,,,,,Cellulose,Round,air
EA12033,264.30,228.60,,,,,,Cellulose,Round,air
EA12034,234.10,330.20,,,,,,Cellulose,Round,air
EA12035,234.10,254.00,,,,,,Cellulose,Finned,air
EA12036,351.60,406.40,,,,,,Cellulose,Round,air
EA12037,307.20,330.20,,,,,,Cellulose,Round,air
EA12038,446.60,585.70,,,,,,Cellulose,Round,air
EA12039,351.60,457.20,,,,,,Cellulose,Round,air
EA12040,446.50,585.70,,,,,,Cellulose,Round,air
EA12041,307.20,406.40,,,,,,Cellulose,Round,air
EA12042,372.90,610.10,,,,,,Cellulose,Round,air
EA12043,307.20,508.00,,,,,,Cellulose,Round,air
EA12044,264.30,355.60,,,,,,Cellulose,Round,air
EA12045,201.50,254.10,,,,,,Cellulose,Finned,air
EA12046,281.80,406.40,,,,,,Cellulose,Round,air
EA12048,446.50,483.40,,,,,,Cellulose,Round,air
EA12049,323.60,610.40,,,,,,Cellulose,Round,air
EA12050,104.00,254.00,,,,,,Cellulose,Finned,air
EA12052,,495.00,,,,,,Cellulose,Panel,air
EA12054,154.80,304.80,,,,,,Cellulose,Finned,air
EA12055,324.00,484.00,,,,,,Cellulose,Round,air
EA12059,154.80,381.00,,,,,,Cellulose,Finned,air
EA12062,133.20,381.00,,,,,,Cellulose,Finned,air
EA12063,174.00,406.40,,,,,,Cellulose,Finned,air
EA120633,185.80,457.20,,,,,,,Round,air
EA12064,201.40,406.40,,,,,,Cellulose,Finned,air
EA12068,173.70,228.60,,,,,,Cellulose,Round,air
EA12070,232.20,457.20,,,,,,Cellulose,Round,air
EA12071,213.50,279.40,,,,,,Cellulose,Round,air
EA12072,104.00,355.60,,,,,,Cellulose,Finned,air
EA12078,307.10,584.20,,,,,,Cellulose,Round,air
EA12080,232.20,330.10,,,,,,Cellulose,Round,air
EA12082,275.90,508.00,,,,,,Cellulose,Round,air
EA12091,,381.00,,,,,,Cellulose,Obround,air
EA12092,,381.00,,,,,,Cellulose,Obround,air
EA12095,351.00,394.00,,,,,,Cellulose,Round,air
EA12096,307.00,381.00,,,,,,Cellulose,Round,air
EA12099,351.50,458.70,,,,,,Cellulose,Round,air
EA12100,323.70,609.60,,,,,,Cellulose,Cone,air
EA121014,,195.40,,,,,,Cellulose,Panel,air
EA121023,,357.60,,,,,,,Panel,air
EA12104,221.40,375.50,,,,,,Cellulose,Radialseal,air
EA12105,241.70,511.90,,,,,,Cellulose,Radialseal,air
EA121055,307.09,406.40,,,,,,Cellulose,Round,air
EA12106,300.70,562.70,,,,,,Cellulose,Radialseal,air
EA12107,115.00,387.00,,,,,,,Radialseal,air
EA12108,137.50,509.00,,,,,,,Radialseal,air
EA12109,192.50,570.00,,,,,,,Radialseal,air
EA121097,377.30,203.10,,,,,,Ultra-Web Nanofiber,Round,air
EA12137,246.00,359.00,,,,,,Cellulose,Radialseal,air
EA12148,,225.00,,,,,,,Panel,air
EA12149,,264.90,,,,,,,Panel,air
EA12150,237.00,333.90,,,,,,Cellulose,Radialseal,air
EA121575,105.50,265.00,,,,,,Cellulose,Radialseal,air
EA12175,237.00,306.00,,,,,,,Radialseal,air
EA12212,85.40,330.20,,,,,,,Round,air
EA12293,264.16,711.20,,,,,,Cellulose,Cone,air
EA12299,128.60,238.00,,,,,,Cellulose,Radialseal,air
EA12300,84.40,226.10,,,,,,,Radialseal,air
EA12309,201.60,490.00,,,,,,Cellulose,Finned,air
EA12310,133.00,475.00,,,,,,Safety,Round,air
EA12331,319.00,558.80,,,,,,Cellulose,,air
EA12343,318.20,682.80,,,,,,Cellulose,Round,air
EA12345,187.10,644.70,,,,,,Safety,Round,air
EA12396,332.40,408.00,,,,,,Cellulose,Radialseal,air
EA12410,128.50,304.00,,,,,,Flame Retardant,Radialseal,air
EA12425,194.10,431.80,,,,,,Safety,Round,air
EA12427,78.00,321.00,,,,,,,Cone,air
EA124366,320.55,139.95,,,,,,,Round,air
EA12449,133.20,279.40,,,,,,Cellulose,Round,air
EA12450,141.20,268.50,,,,,,,Round,air
EA12451,247.10,319.00,,,,,,Cellulose,Round,air
EA12452,133.30,402.10,,,,,,Safety,Round,air
EA12469,332.40,580.60,,,,,,,Radialseal,air
EA12470,175.10,567.00,,,,,,,Radialseal,air
EA12473,292.00,330.20,,,,,,Cellulose,Radialseal,air
EA12474,186.00,334.30,,,,,,Safety,Radialseal,air
EA12483,230.90,609.00,,,,,,Cellulose,Radialseal,air
EA12492,154.80,304.80,,,,,,Flame Retardant,Finned,air
EA12499,234.20,304.80,,,,,,Cellulose,Radialseal,air
EA12500,120.80,293.60,,,,,,,Radialseal,air
EA12501,281.60,327.20,,,,,,Cellulose,Radialseal,air
EA12502,149.40,316.00,,,,,,Safety,Radialseal,air
EA12503,281.60,405.10,,,,,,Cellulose,Radialseal,air
EA12504,150.90,391.40,,,,,,Safety,Radialseal,air
EA12505,317.60,381.50,,,,,,Cellulose,Radialseal,air
EA12506,211.50,385.60,,,,,,Safety,Radialseal,air
EA12507,317.60,381.50,,,,,,Cellulose,Radialseal,air
EA12508,211.50,297.70,,,,,,Safety,Radialseal,air
EA12509,317.60,470.40,,,,,,Cellulose,Radialseal,air
EA12510,103.00,254.00,,,,,,Flame Retardant,Finned,air
EA125128,328.90,621.00,,,,,,Cellulose,Radialseal,air
EA125129,249.20,458.00,,,,,,Safety,Round,air
EA12514,133.60,279.40,,,,,,Flame Retardant,Finned,air
EA12520,264.00,406.00,,,,,,Cellulose,Round,air
EA12521,307.20,457.00,,,,,,Cellulose,Round,air
EA12522,234.20,393.90,,,,,,Cellulose,Round,air
EA12523,307.20,411.50,,,,,,Cellulose,Round,air
EA12524,264.30,394.00,,,,,,Cellulose,Round,air
EA12529,177.30,380.50,,,,,,Cellulose,Round,air
EA12530,234.10,405.90,,,,,,Cellulose,Round,air
EA12531,244.20,406.00,,,,,,Cellulose,Round,air
EA12535,177.00,330.00,,,,,,Cellulose,Round,air
EA12536,307.20,508.00,,,,,,Cellulose,Round,air
EA12545,201.00,406.00,,,,,,Cellulose,Round,air
EA12549,138.00,291.00,,,,,,Cellulose,Round,air
EA12550,154.70,380.50,,,,,,Cellulose,Finned,air
EA12552,140.00,291.00,,,,,,Cellulose,Round,air
EA12553,154.80,340.50,,,,,,Cellulose,Round,air
EA12555,201.10,406.00,,,,,,Cellulose,Finned,air
EA12556,155.00,405.00,,,,,,Cellulose,Round,air
EA12564,155.00,328.00,,,,,,Cellulose,Round,air
EA12567,307.00,457.00,,,,,,Cellulose,Round,air
EA12578,105.50,290.50,,,,,,Cellulose,Radialseal,air
EA12579,140.50,319.50,,,,,,Cellulose,Radialseal,air
EA12581,307.20,609.50,,,,,,Cellulose,Round,air
EA12585,281.70,376.00,,,,,,Cellulose,Round,air
EA12587,244.20,406.00,,,,,,Cellulose,Finned,air
EA12597,201.10,441.00,,,,,,Cellulose,Round,air
EA12657,,312.17,,,,,,,Panel,air
EA12658,,339.09,,,,,,,Panel,air
EA12686,89.80,179.00,,,,,,Cellulose,Radialseal,air
EA12703,204.00,241.00,,,,,,Cellulose,Radialseal,air
EA12745,82.91,177.80,,,,,,Cellulose,Finned,air
EA12753,281.60,538.30,,,,,,Cellulose,Radialseal,air
EA12768,128.50,304.00,,,,,,Cellulose,Radialseal,air
EA12769,84.40,298.10,,,,,,,Radialseal,air
EA127957,209.00,229.00,,,,,,Safety,Round,air
EA12810,,482.60,,,,,,,Panel,air
EA12811,,482.60,,,,,,,Panel,air
EA12812,,723.90,,,,,,Cellulose,Panel,air
EA128216,239.50,91.90,,,,,,,Round,air
EA12826,,315.00,,,,,,,Panel,air
EA12857,303.70,406.00,,,,,,Cellulose,Round,air
EA12858,62.10,259.80,,,,,,,Radialseal,air
EA12874,383.00,390.00,,,,,,Cellulose,Round,air
EA12880,247.00,371.50,,,,,,Flame Retardant,Round,air
EA12901,187.00,275.00,,,,,,Cellulose,Round,air
EA12926,352.00,178.00,,,,,,Cellulose,Round,air
EA12931,275.70,177.80,,,,,,Cellulose,Round,air
EA12935,174.00,355.60,,,,,,Cellulose,Finned,air
EA12936,266.00,467.00,,,,,,Flame Retardant,Radialseal,air
EA12937,155.50,416.50,,,,,,,Radialseal,air
EA12939,104.14,330.20,,,,,,,Round,air
EA129548,134.60,356.00,,,,,,,Radialseal,air
EA12966,237.00,470.00,,,,,,Cellulose,Radialseal,air
EA12998,246.00,487.00,,,,,,Cellulose,Radialseal,air
EA13007,162.50,381.00,,,,,,Safety,Round,air
EA13044,351.54,558.80,,,,,,Cellulose,Round,air
EA13048,324.61,249.17,,,,,,Safety,Round,air
EA131017,,762.00,,,,,,Cellulose,Panel,air
EA13109,207.60,154.20,,,,,,Cellulose,Radialseal,air
EA13110,108.40,142.60,,,,,,,Radialseal,air
EA13117,,440.40,,,,,,Cellulose,Obround,air
EA13118,,331.70,,,,,,Cellulose,Obround,air
EA13132,,603.50,,,,,,Cellulose,Panel,air
EA13133,,298.90,,,,,,Cellulose,Panel,air
EA13138,116.20,381.00,,,,,,,Round,air
EA13140,168.00,311.70,,,,,,,Round,air
EA13141,,275.59,,,,,,,Panel,air
EA13142,,313.90,,,,,,,Panel,air
EA13143,,313.90,,,,,,,Panel,air
EA13144,,322.30,,,,,,,Panel,air
EA13145,,322.30,,,,,,,Panel,air
EA131520,89.80,179.00,,,,,,Flame Retardant,Special,air
EA13159,133.60,279.40,,,,,,Cellulose,Finned,air
EA13160,79.50,254.00,,,,,,,Round,air
EA13179,194.10,457.20,,,,,,Safety,Round,air
EA13198,,597.00,,,,,,,Panel,air
EA13216,507.10,281.10,,,,,,Cellulose,Round,air
EA13217,507.10,331.10,,,,,,Cellulose,Round,air
EA13218,370.00,332.60,,,,,,Cellulose,Round,air
EA13230,173.80,147.80,,,,,,Safety,Round,air
EA13232,201.93,180.09,,,,,,Cellulose,Round,air
EA13233,174.00,508.00,,,,,,Cellulose,Finned,air
EA13234,122.90,489.00,,,,,,,Round,air
EA13235,332.40,461.00,,,,,,Cellulose,Radialseal,air
EA132510,211.50,385.60,,,,,,Safety,Radialseal,air
EA13280,362.80,510.00,,,,,,Cellulose,Radialseal,air
EA13281,230.90,514.00,,,,,,,Round,air
EA13304,313.00,512.00,,,,,,Cellulose,Radialseal,air
EA13314,340.00,40.60,,,,,,Safety,Round,air
EA133230,201.40,254.00,,,,,,Cellulose,Round,air
EA13333,279.00,519.00,,,,,,,Round,air
EA13334,224.30,418.40,,,,,,Cellulose,Radialseal,air
EA13335,122.20,399.00,,,,,,Safety,Round,air
EA13336,310.50,399.40,,,,,,Cellulose,Radialseal,air
EA13337,254.60,387.00,,,,,,,Round,air
EA13343,116.60,381.00,,,,,,,Round,air
EA13347,204.22,279.00,,,,,,Cellulose,Round,air
EA133703,138.20,431.80,,,,,,Cellulose,Round,air
EA13395,234.19,279.40,,,,,,Cellulose,Round,air
EA13400,,200.00,,,,,,Cellulose,Panel,air
EA13401,150.90,440.50,,,,,,Safety,Radialseal,air
EA13432,233.60,312.00,,,,,,Cellulose,Round,air
EA13439,352.00,559.00,,,,,,,Round,air
EA13446,125.00,281.00,,,,,,Cellulose,Round,air
EA13483,,394.00,,,,,,Safety,Panel,air
EA13484,,286.00,,,,,,Safety,Panel,air
EA13500,184.80,313.00,,,,,,,Round,air
EA13501,128.00,132.50,,,,,,,Round,air
EA135114,490.00,351.50,,,,,,Cellulose,Round,air
EA13522,,310.30,,,,,,Cellulose,Obround,air
EA135396,46.20,167.30,,,,,,Safety,Radialseal,air
EA13543,281.60,303.00,,,,,,Cellulose,Radialseal,air
EA13544,150.90,250.00,,,,,,Safety,Radialseal,air
EA13551,269.75,559.31,,,,,,Cellulose,Cone,air
EA13553,183.00,363.00,,,,,,,Radialseal,air
EA13554,207.60,405.00,,,,,,"Cellulose, Flame Retardant",Radialseal,air
EA13577,,270.70,,,,,,Cellulose,Obround,air
EA13597,104.00,203.20,,,,,,Cellulose,Finned,air
EA13599,95.90,256.00,,,,,,,Round,air
EA13605,154.50,380.50,,,,,,Cellulose,Finned,air
EA13607,164.50,330.00,,,,,,Cellulose,Radialseal,air
EA13611,362.80,556.00,,,,,,Cellulose,Radialseal,air
EA13612,230.90,560.00,,,,,,,Round,air
EA13614,237.00,277.10,,,,,,Cellulose,Radialseal,air
EA136408,,336.40,,,,,,,Obround,air
EA13648,120.00,600.00,,,M76 x 4,,,,Special,air
EA13651,207.60,176.60,,,,,,Cellulose,Radialseal,air
EA13652,108.40,165.00,,,,,,,Radialseal,air
EA13653,134.60,374.00,,,,,,,Radialseal,air
EA13654,237.00,384.70,,,,,,Cellulose,Radialseal,air
EA13661,133.35,236.98,,,,,,,Round,air
EA13662,154.94,317.50,,,,,,Cellulose,Round,air
EA136749,,265.00,,,,,,Safety,Panel,air
EA13701,263.39,254.00,,,,,,Cellulose,Round,air
EA13702,88.90,262.90,,,,,,Cellulose,Round,air
EA13703,154.80,355.60,,,,,,Cellulose,Round,air
EA13705,204.72,101.60,,,,,,Cellulose,Round,air
EA13706,112.30,311.20,,,,,,Cellulose,Round,air
EA13709,422.15,406.40,,,,,,Cellulose,Round,air
EA13713,226.20,254.00,,,,,,Cellulose,Round,air
EA13714,422.00,610.00,,,,,,Cellulose,Round,air
EA13720,79.60,82.60,,,,,,Cellulose,Round,air
EA13723,175.10,445.00,,,,,,,Radialseal,air
EA13726,281.60,381.50,,,,,,Cellulose,Radialseal,air
EA13729,67.00,260.00,,,,,,,Cone,air
EA13730,164.50,332.00,,,,,,,Radialseal,air
EA13731,94.60,326.00,,,,,,,Radialseal,air
EA13748,,314.00,,,,,,,Panel,air
EA13749,,335.00,,,,,,,Panel,air
EA13755,332.40,282.00,,,,,,Cellulose,Radialseal,air
EA13757,175.10,269.80,,,,,,,Radialseal,air
EA13765,185.90,378.00,,,,,,Cellulose,Round,air
EA13781,134.60,462.60,,,,,,Safety,Radialseal,air
EA13814,332.40,428.00,,,,,,Cellulose,Radialseal,air
EA13857,490.00,453.10,,,,,,Cellulose,Round,air
EA13870,207.60,407.00,,,,,,,Radialseal,air
EA13882,362.80,447.50,,,,,,Cellulose,Radialseal,air
EA13884,230.90,451.20,,,,,,Safety,Radialseal,air
EA13890,151.00,377.00,,,,,,,Radialseal,air
EA13926,200.70,393.00,,,,,,,Radialseal,air
EA13930,281.60,384.80,,,,,,Cellulose,Radialseal,air
EA13938,342.00,438.00,,,,,,Cellulose,Radialseal,air
EA13946,212.00,422.00,,,,,,Safety,Radialseal,air
EA13990,173.80,330.00,,,,,,Cellulose,Round,air
EA14015,,318.00,,,,,,,Panel,air
EA14046,144.80,431.70,,,,,,Safety,Round,air
EA14047,162.40,482.60,,,,,,Safety,Round,air
EA14096,237.00,585.00,,,,,,Cellulose,Radialseal,air
EA141539,,382.00,,,,,,Safety,Panel,air
EA14198,247.00,372.50,,,,,,Cellulose,Radialseal,air
EA142033,103.89,387.35,,,,,,,Round,air
EA14241,194.00,406.40,,,,,,Cellulose,Round,air
EA14243,332.00,543.00,,,,,,Cellulose,Radialseal,air
EA14273,,282.00,,,,,,Cellulose,Obround,air
EA14301,324.00,648.00,,,,,,,Radialseal,air
EA14344,324.00,400.00,,,,,,Cellulose,Round,air
EA14348,152.40,217.00,,,,,,,Round,air
EA14350,206.00,83.00,,,,,,,Round,air
EA14351,246.13,89.66,,,,,,,Round,air
EA14353,275.70,381.10,,,,,,Cellulose,Round,air
EA14354,162.40,355.70,,,,,,Safety,Round,air
EA14355,304.80,87.88,,,,,,,Round,air
EA14357,337.00,71.00,,,,,,,Round,air
EA14360,287.27,141.22,,,,,,,Round,air
EA14362,321.00,127.00,,,,,,,Round,air
EA14366,219.40,356.00,,,,,,Safety,Round,air
EA14369,304.80,138.94,,,,,,Cellulose,Round,air
EA14370,351.00,381.00,,,,,,Cellulose,Round,air
EA14382,,205.00,,,,,,,Panel,air
EA14390,210.00,76.00,,,,,,,Round,air
EA14391,260.35,69.85,,,,,,,Round,air
EA14411,247.00,362.00,,,,,,"Cellulose, Flame Retardant",Radialseal,air
EA14430,220.00,711.00,,,,,,,Cone,air
EA14457,104.00,266.00,,,,,,,Cone,air
EA14473,,382.00,,,,,,,Panel,air
EA14500,88.10,355.60,,,,,,,Round,air
EA145114,237.00,636.00,,,,,,Cellulose,Radialseal,air
EA14523,55.63,254.00,,,,,,,Round,air
EA14525,266.00,435.50,,,,,,Flame Retardant,Round,air
EA14541,,355.00,,,,,,,Panel,air
EA14542,,312.10,,,,,,,Panel,air
EA14543,,287.00,,,,,,,Panel,air
EA14548,174.00,203.20,,,,,,Safety,Round,air
EA14563,198.12,441.96,,,,,,,Round,air
EA14575,264.16,558.80,,,,,,"Cellulose, Treated",Cone,air
EA14578,100.00,79.00,,,,,,,Round,air
EA14594,254.00,289.40,,,,,,Cellulose,Radialseal,air
EA14603,105.00,259.00,,,,,,Cellulose,Radialseal,air
EA14723,103.70,254.10,,,,,,Cellulose,Finned,air
EA14733,133.50,269.00,,,,,,Cellulose,Round,air
EA14738,264.16,406.40,,,,,,Cellulose,Round,air
EA14741,245.00,544.00,,,,,,Cellulose,Radialseal,air
EA14765,270.00,509.00,,,,,,,Cone,air
EA14767,85.60,254.00,,,,,,,Round,air
EA14815,215.00,245.00,,,,,,,Round,air
EA14816,281.60,595.50,,,,,,Cellulose,Radialseal,air
EA14827,236.00,560.00,,,,,,Cellulose,Radialseal,air
EA14831,241.30,696.98,,,,,,Cellulose,Round,air
EA14835,,381.00,,,,,,Cellulose,Panel,air
EA14837,116.20,279.40,,,,,,,Round,air
EA14860,194.10,457.20,,,,,,Safety,Round,air
EA14862,194.10,533.40,,,,,,Safety,Round,air
EA14866,219.60,457.20,,,,,,Safety,Round,air
EA14867,351.60,508.00,,,,,,Cellulose,Round,air
EA14868,219.60,524.80,,,,,,Safety,Round,air
EA14876,193.60,466.20,,,,,,,Radialseal,air
EA14885,84.40,298.10,,,,,,,Radialseal,air
EA14925,330.40,646.30,,,,,,Cellulose,Radialseal,air
EA14931,219.96,423.20,,190.50,,,,Safety,Round,air
EA14950,289.60,538.30,,,,,,Cellulose,Radialseal,air
EA14956,,340.00,,,,,,,Panel,air
EA14960,232.16,432.00,,,,,,Cellulose,Round,air
EA14996,164.00,347.00,,,,,,Flame Retardant,Radialseal,air
EA14997,94.00,340.00,,,,,,,Radialseal,air
EA15000,281.80,304.80,,,,,,Ultra-Web Nanofiber,Round,air
EA15001,307.20,355.60,,,,,,Ultra-Web Nanofiber,Round,air
EA15002,307.20,457.20,,,,,,Ultra-Web Nanofiber,Round,air
EA15007,264.20,554.20,,,,,,Ultra-Web Nanofiber,Round,air
EA15008,323.60,558.80,,,,,,Ultra-Web Nanofiber,Round,air
EA15015,307.20,457.20,,,,,,Ultra-Web Nanofiber,Round,air
EA15016,264.20,660.40,,,,,,Ultra-Web Nanofiber,Round,air
EA15024,264.30,711.20,,,,,,Ultra-Web Nanofiber,Round,air
EA15025,220.00,711.20,,,,,,Ultra-Web Nanofiber,Round,air
EA15026,323.90,711.20,,,,,,Ultra-Web Nanofiber,Round,air
EA15027,323.80,609.30,,,,,,Ultra-Web Nanofiber,Round,air
EA15028,264.30,406.40,,,,,,Ultra-Web Nanofiber,Round,air
EA15034,234.10,330.20,,,,,,Ultra-Web Nanofiber,Round,air
EA15035,234.00,254.00,,,,,,Ultra-Web Nanofiber,Round,air
EA15043,307.20,508.00,,,,,,Ultra-Web Nanofiber,Round,air
EA15046,281.80,406.40,,,,,,Ultra-Web Nanofiber,Round,air
EA15047,269.80,711.70,,,,,,Ultra-Web Nanofiber,Cone,air
EA15048,241.40,697.00,,,,,,Ultra-Web Nanofiber,Round,air
EA15049,323.60,623.10,,,,,,Ultra-Web Nanofiber,Round,air
EA15053,269.80,559.30,,,,,,Ultra-Web Nanofiber,Cone,air
EA15054,155.00,305.00,,,,,,Ultra-Web Nanofiber,,air
EA15056,307.20,385.80,,,,,,Ultra-Web Nanofiber,Round,air
EA15057,323.60,432.60,,,,,,Ultra-Web Nanofiber,Round,air
EA15059,155.00,381.00,,,,,,Ultra-Web Nanofiber,,air
EA15061,264.30,711.20,,,,,,Ultra-Web Nanofiber,Cone,air
EA15065,383.00,389.70,,,,,,Ultra-Web Nanofiber,Round,air
EA15066,237.00,368.00,,,,,,Ultra-Web Nanofiber,Radialseal,air
EA15067,237.00,312.00,,,,,,Ultra-Web Nanofiber,Radialseal,air
EA15069,332.40,375.00,,,,,,Ultra-Web Nanofiber,Round,air
EA15070,275.90,550.70,,,,,,Safety,Round,air
EA15074,220.00,381.00,,,,,,Ultra-Web Nanofiber,Round,air
EA15092,307.00,483.00,,,,,,Ultra-Web Nanofiber,Round,air
EA15095,351.60,393.70,,,,,,Ultra-Web Nanofiber,,air
EA15098,332.40,405.00,,,,,,Ultra-Web Nanofiber,Radialseal,air
EA15099,351.50,458.70,,,,,,Ultra-Web Nanofiber,Round,air
EA15100,281.60,595.50,,,,,,Ultra-Web Nanofiber,Radialseal,air
EA15101,323.60,646.30,,,,,,Ultra-Web Nanofiber,Round,air
EA15102,323.60,660.40,,,,,,Ultra-Web Nanofiber,Round,air
EA151028,241.30,697.00,,,,,,Cellulose,Round,air
EA15104,332.40,461.00,,,,,,Ultra-Web Nanofiber,Radialseal,air
EA15105,237.00,470.00,,,,,,Ultra-Web Nanofiber,Round,air
EA15106,237.00,585.00,,,,,,Ultra-Web Nanofiber,Radialseal,air
EA15107,281.60,384.80,,,,,,Ultra-Web Nanofiber,Radialseal,air
EA15108,237.00,636.00,,,,,,Ultra-Web Nanofiber,Radialseal,air
EA15109,292.00,384.80,,,,,,Ultra-Web Nanofiber,Radialseal,air
EA151098,324.00,406.00,,,,,,Cellulose,Round,air
EA15114,237.00,636.00,,,,,,Ultra-Web Nanofiber,Radialseal,air
EA15115,324.60,350.80,,,,,,Safety,Round,air
EA15116,313.40,510.00,,,,,,Ultra-Web Nanofiber,Radialseal,air
EA15126,232.00,457.00,,,,,,Ultra-Web Nanofiber,Round,air
EA15127,276.00,508.00,,,,,,Ultra-Web Nanofiber,Round,air
EA15128,307.00,610.00,,,,,,Ultra-Web Nanofiber,Round,air
EA15129,363.00,480.00,,,,,,Ultra-Web Nanofiber,Radialseal,air
EA15130,324.60,452.00,,,,,,Safety,Round,air
EA15134,134.00,279.00,,,,,,Ultra-Web Nanofiber,Round,air
EA15136,352.00,508.00,,,,,,Ultra-Web Nanofiber,Round,air
EA15137,276.00,381.00,,,,,,Ultra-Web Nanofiber,Round,air
EA15147,237.00,625.00,,,,,,Ultra-Web Nanofiber,Radialseal,air
EA15149,282.00,538.00,,,,,,Ultra-Web Nanofiber,Radialseal,air
EA15150,324.00,645.00,,,,,,Ultra-Web Nanofiber,Radialseal,air
EA15151,324.00,543.00,,,,,,Ultra-Web Nanofiber,Radialseal,air
EA15156,363.00,620.00,,,,,,Ultra-Web Nanofiber,Radialseal,air
EA15163,234.00,305.00,,,,,,Ultra-Web Nanofiber,Round,air
EA15164,352.00,356.00,,,,,,Ultra-Web Nanofiber,Round,air
EA15165,318.00,381.00,,,,,,Ultra-Web Nanofiber,Round,air
EA15187,296.70,127.00,,,,,,Ultra-Web Nanofiber,Round,air
EA15188,296.70,177.80,,,,,,Ultra-Web Nanofiber,Round,air
EA15189,351.64,254.00,,,,,,Ultra-Web Nanofiber,Round,air
EA15194,225.00,711.00,,,,,,Ultra-Web Nanofiber,Round,air
EA15202,234.00,305.00,,,,,,Ultra-Web Nanofiber,Round,air
EA15203,264.00,457.00,,,,,,Ultra-Web Nanofiber,Round,air
EA15204,202.00,254.00,,,,,,Ultra-Web Nanofiber,Round,air
EA15207,301.00,591.00,,,,,,Ultra-Web Nanofiber,Round,air
EA15208,332.00,555.00,,,,,,Ultra-Web Nanofiber,Radialseal,air
EA15210,282.00,537.00,,,,,,Ultra-Web Nanofiber,Radialseal,air
EA15216,318.00,382.00,,,,,,Ultra-Web Nanofiber,Radialseal,air
EA15217,282.00,327.00,,,,,,Ultra-Web Nanofiber,Radialseal,air
EA15218,292.00,330.00,,,,,,Ultra-Web Nanofiber,Radialseal,air
EA15219,363.00,448.00,,,,,,Ultra-Web Nanofiber,Radialseal,air
EA15220,282.00,405.00,,,,,,Ultra-Web Nanofiber,Radialseal,air
EA15221,282.00,510.00,,,,,,Ultra-Web Nanofiber,Radialseal,air
EA15222,208.00,410.00,,,,,,Ultra-Web Nanofiber,Radialseal,air
EA15223,157.00,382.00,,,,,,Ultra-Web Nanofiber,Radialseal,air
EA15224,178.00,406.00,,,,,,Ultra-Web Nanofiber,Radialseal,air
EA15225,138.00,322.00,,,,,,Ultra-Web Nanofiber,Radialseal,air
EA15226,186.00,388.00,,,,,,Ultra-Web Nanofiber,Radialseal,air
EA15227,165.00,347.00,,,,,,Ultra-Web Nanofiber,Radialseal,air
EA15228,208.00,410.00,,,,,,Ultra-Web Nanofiber,Radialseal,air
EA15229,307.00,457.00,,,,,,Ultra-Web Nanofiber,Radialseal,air
EA15230,237.00,330.00,,,,,,Ultra-Web Nanofiber,Radialseal,air
EA15231,234.00,331.00,,,,,,Ultra-Web Nanofiber,Radialseal,air
EA15232,318.00,470.00,,,,,,Ultra-Web Nanofiber,Radialseal,air
EA15234,174.00,406.00,,,,,,Ultra-Web Nanofiber,Round,air
EA15236,507.10,206.10,,,,,,Cellulose,Round,air
EA15287,282.00,570.00,,,,,,Cellulose,Radialseal,air
EA15290,,189.30,,,,,,Ultra-Web Nanofiber,Panel,air
EA15291,,384.60,,,,,,Ultra-Web Nanofiber,Obround,air
EA15292,,384.60,,,,,,Ultra-Web Nanofiber,Obround,air
EA15293,,267.00,,,,,,Ultra-Web Nanofiber,Round,air
EA15294,,189.30,,,,,,Ultra-Web Nanofiber,Panel,air
EA15295,324.00,621.00,,,,,,Ultra-Web Nanofiber,Radialseal,air
EA15296,282.00,570.00,,,,,,Ultra-Web Nanofiber,Radialseal,air
EA15298,62.10,283.00,,,,,,,Round,air
EA15300,84.40,312.00,,,,,,,Radialseal,air
EA15306,,155.60,,,,,,Ultra-Web Nanofiber,Panel,air
EA15307,,277.10,,,,,,Ultra-Web Nanofiber,Panel,air
EA15308,,396.00,,,,,,Ultra-Web Nanofiber,Panel,air
EA15337,104.00,355.60,,,,,,Flame Retardant,Finned,air
EA15338,60.00,330.00,,,,,,,Round,air
EA15339,185.20,599.00,,,,,,,Round,air
EA15353,267.00,397.00,,,,,,,Round,air
EA15360,152.40,190.50,,,,,,Cellulose,Round,air
EA15361,155.00,235.00,,,,,,Cellulose,Round,air
EA15362,104.00,257.30,,,,,,Cellulose,Round,air
EA15364,154.80,235.00,,,,,,Cellulose,Round,air
EA15365,187.00,381.00,,,,,,Cellulose,Round,air
EA15366,60.60,177.80,,,,,,,Round,air
EA15373,85.80,254.00,,,,,,,Round,air
EA15388,208.00,412.00,,,,,,Cellulose,Radialseal,air
EA15389,108.00,361.00,,,,,,Safety,Radialseal,air
EA15390,282.00,512.00,,,,,,,Radialseal,air
EA15391,150.90,459.00,,,,,,Safety,Radialseal,air
EA15394,,319.50,,,,,,Ultra-Web Nanofiber,Obround,air
EA15395,,319.50,,,,,,Ultra-Web Nanofiber,Obround,air
EA15396,,331.70,,,,,,Ultra-Web Nanofiber,Obround,air
EA15397,,331.70,,,,,,Ultra-Web Nanofiber,Obround,air
EA15398,,382.80,,,,,,Ultra-Web Nanofiber,Obround,air
EA15399,,382.80,,,,,,Ultra-Web Nanofiber,Obround,air
EA15400,,441.00,,,,,,Ultra-Web Nanofiber,Obround,air
EA15401,181.00,459.00,,,,,,Safety,Radialseal,air
EA15423,155.00,381.00,,,,,,Cellulose,Round,air
EA15426,313.00,573.00,,,,,,Cellulose,Radialseal,air
EA15427,191.00,521.00,,,,,,Safety,Radialseal,air
EA15443,300.70,352.20,,,,,,Cellulose,Radialseal,air
EA15447,184.10,332.90,,,,,,Safety,Radialseal,air
EA15457,86.00,305.00,103.00,,,,,,Round,air
EA15466,155.00,,,,,,,Flame Retardant,,air
EA15493,,191.70,,,,,,Safety,Obround,air
EA15500,185.00,370.00,,,,,,,Round,air
EA15510,150.90,365.00,,,,,,Safety,Round,air
EA15513,99.00,286.00,,,,,,,Round,air
EA15520,308.00,433.50,,,,,,"Cellulose, Flame Retardant",Special,air
EA15522,313.40,450.50,,,,,,Flame Retardant,Radialseal,air
EA15542,518.40,335.70,,,,,,Cellulose,Round,air
EA15552,214.40,471.50,,,,,,,Round,air
EA15589,208.00,412.00,,,,,,,Radialseal,air
EA15590,313.00,512.00,,,,,,,Radialseal,air
EA15596,234.00,457.00,,,,,,Cellulose,Round,air
EA15610,282.00,512.00,,,,,,Cellulose,Radialseal,air
EA15613,232.20,435.90,,,,,,Cellulose,Round,air
EA15631,105.60,290.50,,,,,,Cellulose,Radialseal,air
EA15687,104.00,254.00,,,,,,Cellulose,Round,air
EA15700,281.80,406.40,,,,,,Cellulose,Round,air
EA15701,185.50,449.60,,,,,,Safety,Round,air
EA15702,307.20,457.20,,,,,,Cellulose,Round,air
EA15703,116.40,373.90,,,,,,,Round,air
EA15704,234.10,381.00,,,,,,Cellulose,Round,air
EA15749,104.00,189.00,,,,,,Cellulose,Finned,air
EA15755,130.90,397.50,,,,,,,Round,air
EA15756,230.89,492.25,,,,,,Cellulose,Round,air
EA15770,138.20,321.80,,,,,,Flame Retardant,Radialseal,air
EA15773,,484.20,,,,,,Cellulose,Panel,air
EA15779,,589.40,,,,,,Cellulose,Panel,air
EA15784,,629.00,,,,,,Cellulose,Panel,air
EA15804,307.20,386.00,,,,,,Cellulose,Round,air
EA15835,173.74,203.20,,,,,,Cellulose,Round,air
EA15837,234.19,254.00,,,,,,Cellulose,Round,air
EA15838,264.16,304.80,,,,,,Cellulose,Round,air
EA15842,270.00,509.00,,,,,,Cellulose,Cone,air
EA15859,301.30,448.60,,,,,,Cellulose,Round,air
EA158669,,300.00,,,,,,,Obround,air
EA158670,,300.00,,,,,,,Obround,air
EA158671,,285.40,,,,,,,,air
EA15889,264.16,406.40,,,,,,Cellulose,Round,air
EA15896,243.00,486.00,,,,,,Cellulose,Round,air
EA15903,,269.40,,,,,,Cellulose,Obround,air
EA15904,,295.00,,,,,,Cellulose,Obround,air
EA15918,307.20,423.50,,,,,,Cellulose,Round,air
EA159184,,295.00,,,,,,,,air
EA15943,251.70,406.40,,,,,,Cellulose,Round,air
EA15944,150.90,355.60,,,,,,Safety,Round,air
EA15945,187.00,581.00,,,,,,Cellulose,Cone,air
EA15960,377.00,204.00,,,,,,,Round,air
EA15965,,207.80,,,,,,Safety,Obround,air
EA15979,,248.80,,,,,,Safety,Obround,air
EA15980,,274.30,,,,,,Safety,Obround,air
EA16018,353.50,627.60,,,,,,,Radialseal,air
EA16019,116.60,412.00,,,,,,,Round,air
EA16036,237.00,401.20,,,,,,Cellulose,Radialseal,air
EA16056,,440.40,,,,,,Cellulose,Obround,air
EA16062,,288.42,,,,,,,Panel,air
EA16068,235.00,622.00,,,,,,,Round,air
EA16071,168.70,168.66,,,,,,,Obround,air
EA16074,137.90,64.01,,,,,,,Round,air
EA16079,,119.63,,,,,,,Obround,air
EA16092,,467.00,,,,,,,Panel,air
EA16096,228.00,350.70,,,,,,Cellulose,Radialseal,air
EA16102,185.20,551.50,,,,,,,Round,air
EA16104,126.00,298.00,,,,,,Safety,,air
EA16106,313.40,700.00,,,,,,Cellulose,Radialseal,air
EA16107,180.50,688.00,,,,,,Safety,Radialseal,air
EA16119,,310.80,,,,,,Cellulose,Obround,air
EA16120,,327.00,,,,,,Cellulose,Obround,air
EA16121,,298.00,,,,,,Safety,Obround,air
EA16122,,365.00,,,,,,Cellulose,Obround,air
EA16157,292.00,500.00,,,,,,Cellulose,Cone,air
EA16158,178.00,382.90,,,,,,Cellulose,Cone,air
EA16159,210.00,470.70,,,,,,Cellulose,Cone,air
EA16197,363.00,482.00,,,,,,,Radialseal,air
EA16198,230.90,447.00,,,,,,Safety,Radialseal,air
EA16219,,194.00,,,,,,,Panel,air
EA16220,342.20,381.50,,,,,,,Radialseal,air
EA16254,173.80,304.80,,,,,,Cellulose,Round,air
EA16255,230.60,425.40,,,,,,Cellulose,Round,air
EA16258,133.60,228.60,,,,,,Cellulose,Finned,air
EA16272,,167.00,,,,,,,Panel,air
EA16278,125.00,127.00,,,,,,,Round,air
EA16279,210.00,100.00,,,,,,,Round,air
EA16280,203.20,276.86,,,,,,,Round,air
EA16284,,254.41,,,,,,,Panel,air
EA16288,278.00,128.00,,,,,,,Round,air
EA16290,107.95,96.82,,,,,,,Round,air
EA16302,222.00,196.00,,,,,,Cellulose,Round,air
EA16318,264.30,457.20,,,,,,Cellulose,Round,air
EA16329,,434.50,,,,,,Ultra-Web Nanofiber,Obround,air
EA16335,,467.00,,,,,,,Panel,air
EA16356,104.00,202.90,,,,,,Cellulose,Finned,air
EA16357,60.50,177.00,,,,,,,Round,air
EA16358,133.00,341.00,,,,,,Cellulose,Finned,air
EA16360,133.00,202.00,,,,,,Cellulose,Finned,air
EA16386,266.00,217.00,,,,,,Cellulose,Round,air
EA16390,112.50,262.90,,,,,,Cellulose,Round,air
EA16400,236.60,35.30,,,,,,Safety,Round,air
EA16401,98.60,330.20,,,,,,,Round,air
EA16405,230.12,492.25,,,,,,Cellulose,Round,air
EA16406,118.70,419.10,,,,,,,Round,air
EA16407,141.22,384.81,,,,,,Safety,Round,air
EA16408,113.50,355.60,,,,,,,Round,air
EA16410,228.60,406.90,,,,,,Cellulose,Round,air
EA16411,173.74,118.11,,,,,,Cellulose,Round,air
EA16415,372.90,610.10,,,,,,Cellulose,Round,air
EA16416,151.10,279.40,,,,,,Cellulose,Round,air
EA16421,266.00,436.50,,,,,,Cellulose,Round,air
EA16425,,292.10,,,,,,,Panel,air
EA16427,,404.90,,,,,,,Panel,air
EA16428,276.00,381.00,,,,,,Cellulose,Round,air
EA16432,162.40,349.20,,,,,,Safety,Round,air
EA16433,276.00,381.00,,,,,,Cellulose,Round,air
EA16434,,181.61,,,,,,Cellulose,Obround,air
EA16440,126.00,125.00,,,,,,,Round,air
EA16442,151.00,248.00,,,,,,,Radialseal,air
EA16443,281.60,498.30,,,,,,Flame Retardant,Radialseal,air
EA16446,209.40,558.80,,,,,,Safety,Round,air
EA16457,237.00,330.20,,,,,,Cellulose,Radialseal,air
EA16481,307.00,451.00,,,,,,,Round,air
EA16488,244.00,162.00,,,,,,Cellulose,Round,air
EA16489,243.00,375.00,,,,,,Cellulose,Round,air
EA16492,134.60,322.80,,,,,,,Radialseal,air
EA16496,295.15,184.15,,,,,,,Round,air
EA16497,171.45,152.40,,,,,,Safety,Round,air
EA16498,151.00,304.00,,,,,,,Round,air
EA16500,134.87,285.75,,,,,,Cellulose,Round,air
EA16501,74.70,247.60,,,,,,,Round,air
EA16503,257.30,398.80,,,,,,Cellulose,Radialseal,air
EA16504,74.70,335.00,,,,,,,Round,air
EA16505,134.87,373.13,,,,,,Cellulose,Round,air
EA16509,292.00,398.00,,,,,,Cellulose,Round,air
EA16510,175.00,354.00,,,,,,,Round,air
EA16511,186.00,530.00,,,,,,,Round,air
EA16512,318.00,565.00,,,,,,,Round,air
EA16527,318.00,536.00,,,,,,Cellulose,Radialseal,air
EA16529,211.00,529.00,,,,,,Safety,Radialseal,air
EA16555,,495.00,,,,,,Cellulose,Panel,air
EA16565,65.50,260.00,,,,,,,Round,air
EA16566,154.43,330.20,,,,,,,Finned,air
EA16567,216.15,381.00,,,,,,Cellulose,Round,air
EA16577,281.60,360.40,,,,,,Cellulose,Radialseal,air
EA16596,,339.10,,,,,,,Panel,air
EA16597,206.50,198.37,,,,,,Cellulose,Round,air
EA16613,187.00,645.00,,,,,,,Round,air
EA16614,319.00,681.00,,,,,,Cellulose,Round,air
EA16615,133.00,280.00,,,,,,Cellulose,Finned,air
EA16622,,609.00,,,,,,Cellulose,Panel,air
EA16623,,248.00,,,,,,Cellulose,Panel,air
EA16641,109.00,218.50,,,,,,Cellulose,Round,air
EA16648,264.70,304.80,,,,,,,Round,air
EA16678,237.00,368.00,,,,,,Cellulose,Radialseal,air
EA16694,91.95,341.88,,,,,,,Round,air
EA16695,111.00,372.00,,,,,,,Round,air
EA16696,121.00,379.20,,,,,,,Round,air
EA16697,141.00,473.50,,,,,,,Round,air
EA16712,237.00,312.00,,,,,,,Round,air
EA16715,135.00,300.00,,,,,,,Round,air
EA16720,329.70,480.50,,,,,,,Radialseal,air
EA16730,133.00,276.00,,,,,,Cellulose,Finned,air
EA16732,183.90,270.40,,,,,,Cellulose,Radialseal,air
EA16733,164.70,270.40,,,,,,Cellulose,Radialseal,air
EA16735,332.00,375.00,,,,,,,Radialseal,air
EA16742,147.50,331.00,,,,,,Flame Retardant,Cone,air
EA16743,,277.60,,,,,,,Panel,air
EA16749,154.80,265.40,,,,,,Cellulose,Round,air
EA16750,,146.00,,,,,,Safety,Panel,air
EA16755,297.00,254.00,,,,,,,Round,air
EA16756,218.10,144.90,,,,,,Cellulose,Round,air
EA16759,492.80,40.60,,,,,,Safety,Round,air
EA16761,353.00,737.00,,,,,,Cellulose,Round,air
EA16762,251.00,705.00,,,,,,,Round,air
EA16765,251.00,496.00,,,,,,Cellulose,Cone,air
EA16773,221.20,330.70,,,,,,Cellulose,Round,air
EA16789,,103.00,,,,,,,Obround,air
EA16801,83.20,177.80,,,,,,Cellulose,Finned,air
EA16803,164.50,308.60,,,,,,,Radialseal,air
EA16804,164.50,312.80,,,,,,,Radialseal,air
EA16828,175.80,228.60,,,,,,Cellulose,Round,air
EA16830,154.50,280.50,,,,,,Cellulose,Finned,air
EA16835,307.00,495.00,,,,,,Cellulose,Round,air
EA16836,185.90,254.00,,,,,,Cellulose,Round,air
EA16837,300.00,325.00,,,,,,Cellulose,Round,air
EA16839,103.60,355.50,,,,,,,Round,air
EA16840,173.74,381.00,,,,,,Cellulose,Finned,air
EA16850,,245.10,,,,,,,Panel,air
EA16873,111.25,177.80,,,,,,,Round,air
EA16889,,103.00,,,,,,,Obround,air
EA16895,71.00,180.00,,,,,,,Round,air
EA16914,,440.40,,,,,,Cellulose,Obround,air
EA16921,390.00,627.60,,,,,,,Radialseal,air
EA16940,138.20,384.70,,,,,,Cellulose,Radialseal,air
EA16941,84.40,372.10,,,,,,,Radialseal,air
EA16946,215.90,395.22,,,,,,,Round,air
EA16948,133.40,228.60,,,,,,,Finned,air
EA16951,131.30,49.00,,,,,,,Round,air
EA16952,151.89,220.98,,,,,,,Round,air
EA16953,103.90,252.50,,,,,,,Round,air
EA16956,,178.00,,,,,,,Panel,air
EA16962,234.00,375.00,,,,,,,Round,air
EA16966,186.00,340.00,,,,,,Cellulose,Round,air
EA16990,,222.10,,,,,,Cellulose,Obround,air
EA17038,447.00,586.00,,,,,,Ultra-Web Nanofiber,Round,air
EA17039,352.00,457.00,,,,,,Ultra-Web Nanofiber,Round,air
EA17040,447.00,585.00,,,,,,Ultra-Web Nanofiber,Round,air
EA17041,307.00,406.00,,,,,,Ultra-Web Nanofiber,Round,air
EA17042,373.00,610.00,,,,,,Ultra-Web Nanofiber,Round,air
EA17050,,340.70,,,,,,Cellulose,Obround,air
EA17075,234.00,304.70,,,,,,Cellulose,Round,air
EA17098,141.00,318.00,,,,,,,Round,air
EA171003,220.10,381.00,,,,,,Cellulose,Cone,air
EA171073,185.00,489.00,,,,,,,Round,air
EA171511,201.20,358.00,,,,,,Cellulose,Finned,air
EA17152,451.00,611.00,,,,,,Ultra-Web Nanofiber,Radialseal,air
EA17153,451.00,743.00,,,,,,Ultra-Web Nanofiber,Radialseal,air
EA17154,134.60,400.00,,,,,,,Radialseal,air
EA17157,327.00,467.00,,,,,,"Cellulose, Flame Retardant",Round,air
EA171575,302.30,365.00,,,,,,Cellulose,Round,air
EA17224,251.70,596.90,,,,,,Safety,Round,air
EA17234,139.70,78.97,,,,,,,Round,air
EA17236,352.43,77.22,,,,,,,Round,air
EA17240,150.00,73.00,,,,,,,Round,air
EA17246,176.00,390.00,,,,,,,Round,air
EA17247,200.50,461.00,,,,,,,Round,air
EA17248,181.00,113.00,,,,,,,Round,air
EA172506,307.20,584.20,,,,,,Cellulose,Round,air
EA172507,242.00,486.00,,,,,,Cellulose,Round,air
EA17254,97.00,92.00,,,,,,,Obround,air
EA17255,177.00,76.00,,,,,,,Round,air
EA17259,151.00,416.00,,,,,,,Round,air
EA17266,234.14,304.80,,,,,,,Round,air
EA17273,,102.00,,,,,,,Obround,air
EA17277,,350.01,,,,,,,Panel,air
EA17283,230.00,343.00,,,,,,,Round,air
EA17286,166.00,361.00,,,,,,,Radialseal,air
EA17288,303.19,107.95,,,,,,,Round,air
EA17291,247.65,133.17,,,,,,,Round,air
EA17293,149.00,316.00,,,,,,Cellulose,Cone,air
EA17301,327.00,58.00,,,,,,,Round,air
EA17308,307.20,609.60,,,,,,Cellulose,Round,air
EA17309,185.00,584.20,,,,,,Safety,Round,air
EA17313,185.00,457.20,,,,,,Safety,Round,air
EA17314,,660.00,,,,,,,Special,air
EA17315,144.80,304.80,,,,,,Safety,Round,air
EA17325,151.00,71.00,,,,,,,Round,air
EA17326,146.00,125.00,,,,,,,Round,air
EA17327,307.20,330.20,,,,,,Cellulose,Round,air
EA17331,207.70,383.40,,,,,,Cellulose,Radialseal,air
EA17343,85.50,293.80,107.50,94.30,,,,,Round,air
EA17351,204.34,333.25,,,,,,,Round,air
EA17355,244.90,625.20,,,,,,Cellulose,Radialseal,air
EA17359,250.83,406.40,,,,,,,Round,air
EA17360,202.00,419.00,,,,,,,Round,air
EA17365,230.10,420.60,,,,,,,Round,air
EA17369,365.13,698.50,,,,,,,Round,air
EA17370,235.00,640.00,,,,,,,Round,air
EA17375,146.00,151.00,,,,,,,Round,air
EA17377,,212.85,,,,,,,Panel,air
EA17383,282.00,305.00,,,,,,Cellulose,Round,air
EA17405,207.60,282.00,,,,,,Cellulose,Radialseal,air
EA17406,237.00,410.00,,,,,,,Radialseal,air
EA17409,281.60,510.00,,,,,,Cellulose,Radialseal,air
EA17453,,485.30,,,,,,Cellulose,Panel,air
EA17454,,485.30,,,,,,Cellulose,Panel,air
EA17483,146.00,64.00,,,,,,Cellulose,Round,air
EA17484,237.00,312.00,,,,,,Cellulose,Radialseal,air
EA175026,307.20,559.00,,,,,,Cellulose,Round,air
EA17520,238.00,,,,,,,Safety,Round,air
EA17523,70.10,283.50,,,,,,,Round,air
EA17524,69.10,326.00,,,,,,,Round,air
EA17530,99.20,131.60,,,,,,,Round,air
EA17535,224.00,424.90,,,,,,Cellulose,Radialseal,air
EA17536,144.50,400.00,,,,,,Safety,Radialseal,air
EA17551,162.00,471.00,,,,,,,Round,air
EA17557,,367.50,,,,,,Safety,Obround,air
EA17566,352.00,331.00,,,,,,Cellulose,Round,air
EA175704,76.00,190.00,,,,,,,Round,air
EA17578,190.50,337.50,,,,,,Cellulose,Radialseal,air
EA17579,303.70,470.00,,,,,,Cellulose,Radialseal,air
EA17588,207.70,370.10,,,,,,Cellulose,Radialseal,air
EA17592,207.60,517.00,,,,,,Cellulose,Radialseal,air
EA17631,,205.00,,,,,,Cellulose,Obround,air
EA17638,207.70,409.50,,,,,,Cellulose,Radialseal,air
EA17639,108.50,403.10,,,,,,,Radialseal,air
EA17640,151.10,342.90,,,,,,Safety,Round,air
EA17641,194.00,394.00,,,,,,Safety,Round,air
EA17643,259.00,511.00,,,,,,Cellulose,Radialseal,air
EA17644,204.30,495.70,,,,,,Safety,Radialseal,air
EA17645,184.10,297.40,,,,,,,Radialseal,air
EA17646,300.70,312.20,,,,,,Cellulose,Radialseal,air
EA176497,243.20,330.50,,,,,,Cellulose,Round,air
EA17653,138.20,321.80,,,,,,Cellulose,Radialseal,air
EA17665,213.36,228.60,,,,,,Cellulose,Round,air
EA17680,134.60,300.10,,,,,,,Radialseal,air
EA17682,332.40,375.00,,,,,,Cellulose,Radialseal,air
EA17683,175.10,361.30,,,,,,Safety,Radialseal,air
EA17712,,208.60,,,,,,Safety,,air
EA177152,310.80,360.00,,,,,,Cellulose,Round,air
EA17716,108.50,275.90,,,,,,,Radialseal,air
EA177240,133.00,280.00,,,,,,Cellulose,Round,air
EA17732,,301.30,,,,,,Safety,,air
EA17759,69.00,200.60,,,,,,,Round,air
EA17763,273.00,526.90,,,,,,Cellulose,Cone,air
EA17767,270.80,589.00,,,,,,Cellulose,Round,air
EA17776,276.00,380.80,,,,,,Cellulose,Round,air
EA177779,104.60,357.00,,,,,,,Radialseal,air
EA17778,281.60,537.10,,,,,,Cellulose,Radialseal,air
EA17779,150.90,530.50,,,,,,Safety,Radialseal,air
EA17781,,,,,,,,,,air
EA17787,85.60,304.80,95.00,,,,,,Round,air
EA17791,270.00,559.00,,,,,,Cellulose,Cone,air
EA1781098,362.80,620.00,,,,,,Cellulose,Radialseal,air
EA17868,313.40,524.00,,,,,,Cellulose,Radialseal,air
EA17869,180.50,501.00,,,,,,Safety,Radialseal,air
EA17871,313.40,570.00,,,,,,Cellulose,Radialseal,air
EA17875,180.50,558.00,,,,,,Safety,Radialseal,air
EA17876,281.60,510.00,,,,,,Cellulose,Radialseal,air
EA17877,150.90,496.40,,,,,,Safety,Radialseal,air
EA17955,306.50,203.10,,,,,,Ultra-Web Nanofiber,Round,air
EA17957,264.16,330.20,,,,,,Cellulose,Round,air
EA17960,326.00,203.00,,,,,,Flame Retardant,Round,air
EA17965,377.00,203.00,,,,,,Ultra-Web Nanofiber,Round,air
EA18007,362.80,381.80,,,,,,Cellulose,Radialseal,air
EA18008,230.90,385.40,,,,,,Safety,Radialseal,air
EA18043,264.16,711.00,,,,,,"Cellulose, Treated",Cone,air
EA18044,220.00,711.00,,,,,,Cellulose,Cone,air
EA18050,194.00,381.00,,,,,,Safety,Round,air
EA18061,,175.00,,,,,,Safety,Panel,air
EA18062,,175.00,,,,,,Safety,Panel,air
EA181028,264.40,406.40,,,,,,Cellulose,Round,air
EA181038,446.60,585.70,,,,,,Cellulose,Round,air
EA181039,207.60,409.50,,,,,,Cellulose,Radialseal,air
EA181097,224.60,698.50,,,,,,Cellulose,Round,air
EA181098,224.60,548.60,,,,,,Cellulose,Round,air
EA181102,230.90,624.00,,,,,,Safety,Radialseal,air
EA18113,83.20,177.80,,,,,,Cellulose,Finned,air
EA18116,310.00,518.00,,,,,,,Cone,air
EA181228,171.50,496.00,,,,,,,Radialseal,air
EA18131,92.00,324.00,,,,,,,Round,air
EA18156,377.30,253.10,,,,,,Ultra-Web Nanofiber,Round,air
EA18157,351.54,355.60,,,,,,Cellulose,Round,air
EA18203,138.70,475.30,,,,,,Safety,,air
EA182052,133.60,279.40,,,,,,Cellulose,Finned,air
EA18206,111.50,59.40,,,,,,,Round,air
EA18208,362.80,667.00,,,,,,,Radialseal,air
EA18209,215.60,671.00,,,,,,,Radialseal,air
EA18215,152.40,77.70,,,,,,,Round,air
EA18216,162.56,508.00,,,,,,Safety,Round,air
EA18219,226.00,260.00,,,,,,,Round,air
EA18220,114.30,84.84,,,,,,,Round,air
EA18221,139.70,114.30,,,,,,,Round,air
EA18225,,272.80,,,,,,Cellulose,Panel,air
EA18231,152.40,49.30,,,,,,,Round,air
EA18235,150.90,101.60,,,,,,,Round,air
EA18239,312.90,208.10,,,,,,Cellulose,Round,air
EA18279,482.00,508.00,,,,,,Cellulose,Round,air
EA18305,294.90,566.80,,,,,,Safety,Radialseal,air
EA18306,451.00,611.10,,,,,,Cellulose,Radialseal,air
EA183117,186.30,348.00,,,,,,,Radialseal,air
EA18320,127.00,164.00,,,,,,Cellulose,Round,air
EA18323,88.40,169.60,,,,,,Cellulose,Radialseal,air
EA18324,158.80,301.20,,,,,,Cellulose,Radialseal,air
EA18325,128.00,306.00,,,,,,Cellulose,Radialseal,air
EA18326,159.00,352.00,,,,,,Cellulose,Radialseal,air
EA18327,190.00,370.00,,,,,,Cellulose,Radialseal,air
EA18328,159.00,251.00,,,,,,Cellulose,Radialseal,air
EA18329,363.40,399.00,,,,,,Cellulose,Radialseal,air
EA18335,303.70,433.50,,,,,,Cellulose,Radialseal,air
EA18336,303.70,513.50,,,,,,Cellulose,Radialseal,air
EA18337,155.20,301.00,,,,,,Cellulose,Round,air
EA18339,84.00,280.50,,,,,,,Round,air
EA183400,282.00,449.00,,,,,,Cellulose,Radialseal,air
EA18342,133.35,203.20,,,,,,Cellulose,Round,air
EA18343,234.19,254.00,,,,,,Cellulose,Finned,air
EA18390,109.70,169.60,,,,,,Cellulose,Radialseal,air
EA18391,151.00,499.00,,,,,,,Cone,air
EA18392,237.00,546.20,,,,,,Cellulose,Radialseal,air
EA18393,134.60,538.80,,,,,,,Radialseal,air
EA18399,154.50,292.50,,,,,,Cellulose,Round,air
EA18404,110.00,216.70,,,,,,Cellulose,Round,air
EA18408,260.10,558.80,,,,,,Safety,Round,air
EA18415,132.50,312.00,,,,,,Cellulose,Round,air
EA18441,242.30,364.00,,,,,,Cellulose,Round,air
EA184457,266.00,490.00,,,,,,"Cellulose, Flame Retardant",Radialseal,air
EA18453,254.00,433.32,,,,,,Cellulose,Round,air
EA18454,144.30,392.00,,,,,,,Round,air
EA18456,150.90,376.90,,,,,,Safety,Radialseal,air
EA18462,164.10,339.50,,,,,,Cellulose,Round,air
EA18478,,664.90,,,,,,Cellulose,Panel,air
EA18485,327.00,467.00,,,,,,Cellulose,Round,air
EA18509,156.10,344.00,,,,,,Cellulose,Radialseal,air
EA18533,,249.50,,,,,,Cellulose,Obround,air
EA185365,,249.00,,,,,,,Panel,air
EA185394,363.00,622.00,,,,,,,Radialseal,air
EA185395,230.90,588.00,,,,,,Safety,Radialseal,air
EA185396,235.00,465.00,,,,,,,Radialseal,air
EA185397,134.60,412.00,,,,,,Safety,Radialseal,air
EA185398,282.00,406.00,,,,,,,Radialseal,air
EA185399,150.90,352.00,,,,,,Safety,Radialseal,air
EA185400,313.00,573.00,,,,,,Cellulose,Radialseal,air
EA18542,135.00,458.00,,,,,,,Radialseal,air
EA18573,154.80,381.00,,,,,,Cellulose,Finned,air
EA18586,133.20,381.00,,,,,,Cellulose,Finned,air
EA18599,91.60,324.80,,,,,,,Cone,air
EA18606,150.90,434.60,,,,,,Safety,,air
EA18607,150.90,539.80,,,,,,Safety,,air
EA18608,161.40,582.00,,,,,,Safety,,air
EA18609,184.30,709.50,,,,,,Safety,,air
EA18614,,757.30,,,,,,Cellulose,Panel,air
EA18637,105.00,361.00,,,,,,,Radialseal,air
EA18638,208.00,369.00,,,,,,Cellulose,Radialseal,air
EA18641,,245.10,,,,,,Cellulose,Panel,air
EA18642,,405.20,,,,,,Cellulose,Panel,air
EA18647,,255.10,,,,,,,Obround,air
EA18648,,348.10,,,,,,,Obround,air
EA18653,280.16,492.13,,,,,,,Round,air
EA18654,,495.00,,,,,,,Panel,air
EA18661,121.30,306.80,,,,,,,Round,air
EA18662,159.40,332.20,,,,,,Safety,Round,air
EA18663,159.40,410.20,,,,,,Safety,Round,air
EA18664,97.00,256.00,,,,,,,Round,air
EA18665,219.60,388.10,,,,,,Safety,Round,air
EA18666,196.00,223.00,,,,,,Safety,Round,air
EA18667,,382.80,,,,,,Cellulose,Obround,air
EA18668,194.60,340.00,,,,,,Safety,Round,air
EA18669,159.50,329.10,,,,,,Safety,Round,air
EA18670,194.60,339.90,,,,,,Safety,Round,air
EA18671,85.80,254.00,,,,,,,Round,air
EA18674,313.40,570.00,,,,,,Cellulose,Radialseal,air
EA18675,219.60,388.10,,,,,,Safety,Round,air
EA18676,100.50,131.50,,,,,,,Round,air
EA18677,219.60,304.00,,,,,,Safety,Round,air
EA18678,121.30,304.80,,,,,,,Round,air
EA18689,362.80,580.60,,,,,,Cellulose,Radialseal,air
EA18690,195.80,539.00,,,,,,Safety,Radialseal,air
EA18702,154.50,330.50,,,,,,Cellulose,Round,air
EA18722,162.40,469.90,,,,,,Safety,Round,air
EA18736,103.89,228.60,,,,,,Cellulose,Finned,air
EA18766,,231.90,,,,,,Cellulose,Obround,air
EA18778,355.20,301.80,,,,,,Cellulose,Round,air
EA18779,332.40,404.50,,,,,,Cellulose,Round,air
EA18781,324.00,584.00,,,,,,Cellulose,Round,air
EA18785,62.00,209.80,,,,,,,Round,air
EA18802,116.50,435.70,,,,,,Safety,,air
EA18805,228.00,490.30,,,,,,Cellulose,Radialseal,air
EA18832,85.80,256.00,,,,,,,Round,air
EA18833,70.00,230.00,,,,,,,Round,air
EA18852,201.10,406.40,,,,,,Cellulose,Round,air
EA18856,307.20,397.50,,,,,,Cellulose,Round,air
EA18857,185.00,385.50,,,,,,,Round,air
EA18862,138.70,370.40,,,,,,Safety,,air
EA18866,273.00,421.90,,,,,,Cellulose,Radialseal,air
EA18885,313.40,510.00,,,,,,,Radialseal,air
EA18889,164.50,347.00,,,,,,Cellulose,Radialseal,air
EA18900,332.40,555.20,,,,,,Cellulose,Radialseal,air
EA18901,175.10,541.70,,,,,,,Radialseal,air
EA18905,237.00,461.00,,,,,,Cellulose,Radialseal,air
EA18906,134.60,449.00,,,,,,,Radialseal,air
EA18912,131.00,275.00,,,,,,Safety,Radialseal,air
EA18921,,746.00,,,,,,Cellulose,Special,air
EA18922,,476.00,,,,,,,Special,air
EA18930,295.90,590.30,,,,,,,Round,air
EA18931,320.60,587.60,,,,,,,Round,air
EA18932,133.35,381.00,,,,,,Flame Retardant,Finned,air
EA18963,,312.70,,,,,,,Panel,air
EA18964,,222.25,,,,,,,Panel,air
EA18966,133.60,279.00,,,,,,Cellulose,Finned,air
EA18968,154.69,305.00,,,,,,Cellulose,Finned,air
EA18969,103.80,254.00,,,,,,Cellulose,Finned,air
EA18970,83.06,177.80,,,,,,Cellulose,Finned,air
EA18972,161.10,341.80,,,,,,Cellulose,Radialseal,air
EA18979,115.90,227.10,,,,,,Cellulose,Radialseal,air
EA18982,154.50,320.50,,,,,,Cellulose,Round,air
EA18984,128.40,316.20,,,,,,Cellulose,Radialseal,air
EA18989,151.50,331.80,,,,,,Cellulose,Radialseal,air
EA18994,197.20,372.20,,,,,,Cellulose,Radialseal,air
EA19036,128.90,330.20,,,,,,,Round,air
EA19052,,260.00,,,,,,,,air
EA19058,,302.30,,,,,,Cellulose,Obround,air
EA19077,221.20,353.70,,,,,,Cellulose,Round,air
EA19086,,294.60,,,,,,,Obround,air
EA19135,133.20,381.00,,,,,,Cellulose,Finned,air
EA19184,352.00,177.80,,,,,,Cellulose,Round,air
EA19188,101.00,365.00,,,,,,,,air
EA19218,122.00,328.00,,,,,,,Cone,air
EA19221,151.00,330.90,,,,,,,Cone,air
EA19239,206.60,384.00,,,,,,,Round,air
EA19240,162.50,431.70,,,,,,Safety,Round,air
EA19241,276.00,457.10,,,,,,Cellulose,Round,air
EA19242,92.00,235.00,,,,,,,Round,air
EA19247,,450.00,,,,,,,Panel,air
EA19271,134.00,381.00,,,,,,Cellulose,Radialseal,air
EA19277,91.00,372.00,,,,,,,Radialseal,air
EA19293,194.07,547.37,,,,,,Safety,Round,air
EA19332,84.40,314.40,,,,,,,Radialseal,air
EA19333,94.60,339.50,,,,,,,Radialseal,air
EA19334,262.30,232.60,,,,,,Cellulose,Round,air
EA19370,194.10,381.00,,,,,,Safety,Round,air
EA19371,151.10,304.80,,,,,,Safety,Round,air
EA19372,185.00,449.60,,,,,,Safety,Round,air
EA19373,162.50,406.50,,,,,,Safety,Round,air
EA19374,116.40,330.20,,,,,,Safety,Round,air
EA19375,116.40,397.50,,,,,,,Round,air
EA19377,247.00,490.00,,,,,,Cellulose,Round,air
EA19382,84.50,285.00,,,,,,Safety,Radialseal,air
EA19396,264.16,711.20,,,,,,"Cellulose, Treated",Cone,air
EA19410,85.30,355.60,,,,,,Safety,Round,air
EA19417,323.59,280.16,,,,,,Cellulose,Round,air
EA19447,164.50,290.00,,,,,,,Radialseal,air
EA19458,112.00,120.00,,,,,,Cellulose,Round,air
EA19463,60.60,165.50,,,,,,Safety,Radialseal,air
EA19464,75.70,257.90,,,,,,Safety,Radialseal,air
EA19465,95.00,282.00,,,,,,Safety,Radialseal,air
EA19466,126.00,335.00,,,,,,Safety,Radialseal,air
EA19467,125.80,283.70,,,,,,Safety,Radialseal,air
EA19468,126.00,234.00,,,,,,Safety,Radialseal,air
EA19469,148.00,356.00,,,,,,Safety,Radialseal,air
EA19470,153.92,198.37,,,,,,Cellulose,Round,air
EA19472,219.96,711.20,,,,,,"Cellulose, Treated",Cone,air
EA19473,231.70,444.50,,,,,,Cellulose,Round,air
EA19474,141.20,393.70,,,,,,Safety,Round,air
EA19476,170.18,280.42,,,,,,Cellulose,Round,air
EA19486,183.00,368.00,,,,,,Safety,Round,air
EA19518,295.00,696.00,,,,,,Safety,Radialseal,air
EA19519,451.00,743.00,,,,,,Cellulose,Radialseal,air
EA19523,307.00,457.00,,,,,,Cellulose,Radialseal,air
EA19530,175.00,453.00,,,,,,Safety,Radialseal,air
EA19539,75.00,355.60,,,,,,,Round,air
EA19543,211.90,393.20,,,,,,Cellulose,Radialseal,air
EA19548,232.20,457.20,,,,,,Cellulose,Round,air
EA19552,558.70,609.60,,,,,,Cellulose,Round,air
EA19560,145.00,297.00,,,,,,Cellulose,Radialseal,air
EA19595,294.39,254.76,,,,,,Cellulose,Round,air
EA19596,264.16,254.76,,,,,,Cellulose,Round,air
EA19641,,666.90,,,,,,Cellulose,Panel,air
EA19644,281.60,384.80,,,,,,Cellulose,Radialseal,air
EA19720,282.00,330.00,,,,,,Cellulose,Round,air
EA19765,244.90,591.40,,,,,,Cellulose,Radialseal,air
EA19778,104.00,381.00,,,,,,,Round,air
EA19791,85.60,279.40,,,,,,,Round,air
EA19937,,390.70,,,,,,Cellulose,Obround,air
ED41413,140.00,165.00,110.00,99.00,M39 x 1.5,,,,Spin-On,air-dryer
ED43571,140.00,165.00,109.70,98.50,M39 x 1.5,,,,Spin-On,air-dryer
ED44764,139.50,163.00,,,M41 x 1.5,,,,Spin-on,air-dryer
EA200003,,,,,,,,,,air-intake
EA20002,,,,,,,,,,air-intake
EA20003,,,,,,,,,,air-intake
EA20004,,,,,,,,,,air-intake
EA20007,,,,,,,,,,air-intake
EA200087,,,,,,,,,Vertical,air-intake
EA200088,,,,,,,,,Vertical,air-intake
EA20009,,,,,,,,,Radialseal,air-intake
EA20010,,,,,,,,,,air-intake
EA20011,,,,,,,,,,air-intake
EA20017,,,,,,,,,,air-intake
EA20018,,,,,,,,,Radialseal,air-intake
EA20019,,,,,,,,,,air-intake
EA20020,,,,,,,,,Radialseal,air-intake
EA20022,,,,,,,,,,air-intake
EA20023,,,,,,,,,,air-intake
EA20026,,,,,,,,,,air-intake
EA20031,,,,,,,,,Radialseal,air-intake
EA20035,,,,,,,,,Tubular,air-intake
EA20036,,,,,,,,,,air-intake
EA20037,,484.00,,,,,,,,air-intake
EA200398,,,,,,,,,Radialseal,air-intake
EA20044,,,,,,,,,,air-intake
EA20048,,,,,,,,,Radialseal,air-intake
EA20049,,,,,,,,,,air-intake
EA20052,,,,,,,,,Radialseal,air-intake
EA20053,,,,,,,,,Vertical,air-intake
EA20055,,,,,,,,,,air-intake
EA20056,,,,,,,,,,air-intake
EA20057,,,,,,,,,Vertical,air-intake
EA20059,,,,,,,,,,air-intake
EA20063,,,,,,,,,,air-intake
EA20071,,,,,,,,,,air-intake
EA20076,,,,,,,,,Peripheral,air-intake
EA20077,,,,,,,,,,air-intake
EA20078,,,,,,,,,,air-intake
EA20079,,,,,,,,,Radialseal,air-intake
EA20080,,,,,,,,,,air-intake
EA20083,,,,,,,,,,air-intake
EA20086,,,,,,,,,Vertical,air-intake
EA20087,,,,,,,,,Radialseal,air-intake
EA20088,,,,,,,,,,air-intake
EA20089,,,,,,,,,Radialseal,air-intake
EA20092,,,,,,,,,Radialseal,air-intake
EA20097,,,,,,,,,Radialseal,air-intake
EA20104,,,,,,,,,,air-intake
EA20107,,,,,,,,,Radialseal,air-intake
EA20109,,,,,,,,,,air-intake
EA20110,,,,,,,,,,air-intake
EA20111,,,,,,,,,,air-intake
EA20115,,,,,,,,,Radialseal,air-intake
EA20119,,,,,,,,,Radialseal,air-intake
EA20120,,,,,,,,,Radialseal,air-intake
EA20127,,,,,,,,,,air-intake
EA20132,,,,,,,,,Obround,air-intake
EA20138,,,,,,,,,Radialseal,air-intake
EA20141,,,,,,,,,Radialseal,air-intake
EA20145,,,,,,,,,,air-intake
EA20161,,,,,,,,,Tubular,air-intake
EA20186,,,,,,,,,,air-intake
EA20187,,,,,,,,,,air-intake
EA20188,,,,,,,,,,air-intake
EA20195,,,,,,,,,,air-intake
EA20206,,,,,,,,,Radialseal,air-intake
EA20214,,,,,,,,,Radialseal,air-intake
EA20219,,,,,,,,,Radialseal,air-intake
EA20225,,,,,,,,,Radialseal,air-intake
EA20245,,,,,,,,,Radialseal,air-intake
EA20250,,,,,,,,,Radialseal,air-intake
EA20251,,,,,,,,,Tubular,air-intake
EA20261,,,,,,,,,Tubular,air-intake
EA20266,,,,,,,,,,air-intake
EA20270,,,,,,,,,,air-intake
EA20271,,,,,,,,,,air-intake
EA20278,,,,,,,,,,air-intake
EA20285,,,,,,,,,,air-intake
EA20287,,,,,,,,,,air-intake
EA20297,,,,,,,,,Radialseal,air-intake
EA20317,,,,,,,,,Radialseal,air-intake
EA20319,,,,,,,,,Radialseal,air-intake
EA20320,,,,,,,,,,air-intake
EA20332,,,,,,,,,Tubular,air-intake
EA20338,,,,,,,,,,air-intake
EA20339,,,,,,,,,,air-intake
EA20340,,,,,,,,,,air-intake
EA20357,,,,,,,,,,air-intake
EA20358,,,,,,,,,,air-intake
EA20359,,,,,,,,,,air-intake
EA20366,,,,,,,,,,air-intake
EA20372,,,,,,,,,High Pulsation,air-intake
EA20374,,,,,,,,,Radialseal,air-intake
EA20375,,,,,,,,,Radialseal,air-intake
EA20376,,,,,,,,,Round,air-intake
EA20384,,,,,,,,,,air-intake
EA20387,,,,,,,,,,air-intake
EA20390,,,,,,,,,,air-intake
EA20391,,,,,,,,,,air-intake
EA20394,,,,,,,,,,air-intake
EA20395,,,,,,,,,Radialseal,air-intake
EA20397,,,,,,,,,,air-intake
EA20398,,,,,,,,,,air-intake
EA20415,,,,,,,,,Radialseal,air-intake
EA20417,,,,,,,,,Radialseal,air-intake
EA20439,,,,,,,,,Round,air-intake
EA20445,,,,,,,,,Tubular,air-intake
EA20468,,,,,,,,,Radialseal,air-intake
EA20469,,,,,,,,,Radialseal,air-intake
EA20470,,,,,,,,,,air-intake
EA20474,,,,,,,,,Radialseal,air-intake
EA20475,,,,,,,,,Radialseal,air-intake
EA205003,,,,,,,,Cellulose,Round,air-intake
EA205004,,,,,,,,Cellulose,Round,air-intake
EA205006,,,,,,,,Cellulose,Round,air-intake
EA20523,,,,,,,,,Radialseal,air-intake
EA20526,,,,,,,,,Radialseal,air-intake
EA20582,,,,,,,,,Radialseal,air-intake
EA20585,,,,,,,,,Radialseal,air-intake
EA20587,,,,,,,,,,air-intake
EA2065003,,,,,,,,Cellulose,Round,air-intake
EA2065008,,,,,,,,,,air-intake
EA20679,,,,,,,,,Radialseal,air-intake
EA21006,,,,,,,,,Peripheral,air-intake
EA21020,,,,,,,,,Tubular,air-intake
EA212001,,,,,,,,,Cone,air-intake
EA22000,,,,,,,,,Cone,air-intake
EA22001,,,,,,,,,Cone,air-intake
EA22018,,,,,,,,,Cone,air-intake
EA22037,,,,,,,,,Cone,air-intake
EA22078,,,,,,,,,Cone,air-intake
EA22401,,,,,,,,,Cone,air-intake
EA22404,,,,,,,,,,air-intake
EA22417,,,,,,,,,,air-intake
EA225004,,,,,,,,Cellulose,Round,air-intake
EA22501,,,,,,,,,,air-intake
EA225011,,,,,,,,,Round,air-intake
EA225017,,,,,,,,Cellulose,Round,air-intake
EA22503,,,,,,,,,,air-intake
EA22504,,,,,,,,,,air-intake
EA22510,,,,,,,,,,air-intake
EA22512,,,,,,,,,,air-intake
EA22525,,,,,,,,,Radialseal,air-intake
EA22526,,,,,,,,,,air-intake
EA22527,,,,,,,,,,air-intake
EA22528,,,,,,,,,Radialseal,air-intake
EA22544,,,,,,,,,Radialseal,air-intake
EA22545,,,,,,,,,Radialseal,air-intake
EA22626,,,,,,,,,,air-intake
EA22685,,,,,,,,,Radialseal,air-intake
EA22686,,,,,,,,,Radialseal,air-intake
EA22741,,,,,,,,,Radialseal,air-intake
EA22742,,,,,,,,,Radialseal,air-intake
EA22828,,,,,,,,,Radialseal,air-intake
EA22829,,,,,,,,,Radialseal,air-intake
EA230372,,,,,,,,,Radialseal,air-intake
EA23679,,,,,,,,,Disposable,air-intake
EA240019,,,,,,,,,,air-intake
EA245001,,,,,,,,Cellulose,Round,air-intake
EA245002,,,,,,,,Cellulose,Round,air-intake
EA245003,,,,,,,,Cellulose,Round,air-intake
EA245004,,,,,,,,Cellulose,Round,air-intake
EA24837,,,,,,,,,Disposable,air-intake
EA24838,,,,,,,,,Disposable,air-intake
EA24927,,,,,,,,,Disposable,air-intake
EA25001,,,,,,,,Cellulose,Round,air-intake
EA25002,,,,,,,,Cellulose,Round,air-intake
EA25003,,,,,,,,Cellulose,Round,air-intake
EA25004,,,,,,,,Cellulose,Round,air-intake
EA250049,,,,,,,,,Radialseal,air-intake
EA25005,,,,,,,,Cellulose,Round,air-intake
EA25006,,,,,,,,,,air-intake
EA25007,,,,,,,,,,air-intake
EA25008,,,,,,,,,,air-intake
EA25011,,,,,,,,Cellulose,Round,air-intake
EA25012,,,,,,,,,,air-intake
EA25015,,,,,,,,,,air-intake
EA25017,,,,,,,,Cellulose,Round,air-intake
EA25020,,,,,,,,Cellulose,Round,air-intake
EA25028,,,,,,,,Cellulose,Round,air-intake
EA25041,,,,,,,,Cellulose,Round,air-intake
EA25043,,,,,,,,Cellulose,Round,air-intake
EA25045,,,,,,,,,,air-intake
EA25046,,,,,,,,Cellulose,Round,air-intake
EA25048,,,,,,,,Cellulose,Round,air-intake
EA25051,,,,,,,,,Round,air-intake
EA25056,,,,,,,,,Round,air-intake
EA25256,,,,,,,,,High Pulsation,air-intake
EA25266,,,,,,,,,,air-intake
EA25411,,,,,,,,,Radialseal,air-intake
EA25424,,,,,,,,,Radialseal,air-intake
EA25432,,,,,,,,,Radialseal,air-intake
EA25433,,,,,,,,,Radialseal,air-intake
EA255002,,,,,,,,Cellulose,Round,air-intake
EA255003,,,,,,,,Cellulose,Round,air-intake
EA255004,,,,,,,,Cellulose,Round,air-intake
EA25541,,,,,,,,,Radialseal,air-intake
EA25551,,,,,,,,,Radialseal,air-intake
EA260048,,,,,,,,,,air-intake
EA260077,,,,,,,,,Peripheral,air-intake
EA260376,,,,,,,,,,air-intake
EA26065,,,,,,,,,Disposable,air-intake
EA26066,,,,,,,,,Disposable,air-intake
EA26067,,,,,,,,,Disposable,air-intake
EA26068,,,,,,,,,Disposable,air-intake
EA26069,,,,,,,,,Disposable,air-intake
EA26070,,,,,,,,,Disposable,air-intake
EA26071,,,,,,,,,Disposable,air-intake
EA265001,,,,,,,,Cellulose,Round,air-intake
EA265002,,,,,,,,Cellulose,Round,air-intake
EA265003,,,,,,,,Cellulose,Round,air-intake
EA265008,,,,,,,,Cellulose,Round,air-intake
EA265015,,,,,,,,Cellulose,Round,air-intake
EA26954,,,,,,,,,Disposable,air-intake
EA270017,,,,,,,,,Radialseal,air-intake
EA270019,,,,,,,,,Radialseal,air-intake
EA270088,,,,,,,,Cellulose,Round,air-intake
EA27093,,,,,,,,,,air-intake
EA27447,,,,,,,,,Disposable,air-intake
EA27448,,,,,,,,,Disposable,air-intake
EA27449,,,,,,,,,Disposable,air-intake
EA27450,,,,,,,,,Disposable,air-intake
EA27451,,,,,,,,,Disposable,air-intake
EA27452,,,,,,,,,Disposable,air-intake
EA27453,,,,,,,,,Disposable,air-intake
EA27454,,,,,,,,,Disposable,air-intake
EA27455,,,,,,,,,Disposable,air-intake
EA27456,,,,,,,,,Disposable,air-intake
EA27511,,,,,,,,,Radialseal,air-intake
EA27512,,,,,,,,,Radialseal,air-intake
EA27513,,,,,,,,,Radialseal,air-intake
EA27514,,,,,,,,,Radialseal,air-intake
EA27586,,,,,,,,,Disposable,air-intake
EA282526,,,,,,,,,Radialseal,air-intake
EA282527,,,,,,,,,Radialseal,air-intake
EA285001,,,,,,,,Cellulose,Round,air-intake
EA285002,,,,,,,,Cellulose,Round,air-intake
EA285003,,,,,,,,Cellulose,Round,air-intake
EA285005,,,,,,,,Cellulose,Round,air-intake
EA285006,,,,,,,,Cellulose,Round,air-intake
EA285008,,,,,,,,Cellulose,Round,air-intake
EA28722,,,,,,,,,Disposable,air-intake
EA290052,,,,,,,,,Vertical,air-intake
EA290055,,,,,,,,,Vertical,air-intake
EA292001,,,,,,,,,Cone,air-intake
EC10024,,265.00,,,,,,,,cabin
EC10110,,227.00,,,,,,,Panel,cabin
EC10135,,228.60,,,,,,Cellulose,Panel,cabin
EC10163,,230.00,,,,,,Cellulose,Panel,cabin
EC10169,,240.00,,,,,,,,cabin
EC10194,,435.00,,,,,,Cotton,Panel,cabin
EC10195,,486.00,,,,,,Cotton,Panel,cabin
EC10204,,199.00,,,,,,,Panel,cabin
EC10248,,317.00,,,,,,,,cabin
EC10249,,280.00,,,,,,,Panel,cabin
EC10277,,647.80,,,,,,Cellulose,Panel,cabin
EC10281,,320.00,,,,,,High-Loft,Panel,cabin
EC10298,,311.30,,,,,,Cellulose,Panel,cabin
EC10320,,597.00,,,,,,Cellulose,Panel,cabin
EC10348,,595.00,,,,,,Cellulose,Panel,cabin
EC10450,,406.30,,,,,,Cellulose,Panel,cabin
EC11036,,965.00,,,,,,Cellulose,Panel,cabin
EC11176,,600.00,,,,,,Cellulose,Panel,cabin
EC11231,,813.00,,,,,,Cellulose,Panel,cabin
EC11351,,508.00,,,,,,Cellulose,Panel,cabin
EC11440,173.80,304.80,,,,,,Cellulose,Round,cabin
EC12448,,965.20,,,,,,Cellulose,Panel,cabin
EC12671,,431.80,,,,,,Cellulose,Panel,cabin
EC12775,,965.20,,,,,,Cellulose,Panel,cabin
EC12811,,211.00,,,,,,,Panel,cabin
EC12815,,314.00,,,,,,,Panel,cabin
EC13082,160.00,234.50,,,,,,Cellulose,Radialseal,cabin
EC13107,,445.40,,,,,,Cellulose,Panel,cabin
EC13229,,406.40,,,,,,Cellulose,Panel,cabin
EC13407,,508.00,,,,,,Cellulose,Panel,cabin
EC13559,,254.00,,,,,,Cellulose,Panel,cabin
EC13687,,605.00,,,,,,,Panel,cabin
EC13688,,610.00,,,,,,Cellulose,Panel,cabin
EC137256,,317.50,,,,,,Cellulose,Panel,cabin
EC137258,,324.60,,,,,,,Panel,cabin
EC13788,,434.80,,,,,,Cellulose,Panel,cabin
EC13809,,297.50,,,,,,Cellulose,Panel,cabin
EC13833,,307.00,,,,,,,,cabin
EC14220,,271.00,,,,,,,Panel,cabin
EC14221,,317.20,,,,,,,Panel,cabin
EC14222,,350.00,,,,,,,Panel,cabin
EC14223,,303.30,,,,,,,Panel,cabin
EC14224,,260.10,,,,,,,Panel,cabin
EC14225,,218.20,,,,,,,Panel,cabin
EC14226,,200.80,,,,,,,Panel,cabin
EC14229,,619.00,,,,,,Cellulose,Panel,cabin
EC14254,,372.50,,,,,,Cellulose,Panel,cabin
EC14476,,286.50,,,,,,,Panel,cabin
EC14544,,229.40,,,,,,,Panel,cabin
EC14546,,220.00,,,,,,,Panel,cabin
EC14547,,219.00,,,,,,,Panel,cabin
EC14574,,519.50,,,,,,,Panel,cabin
EC14953,,404.00,,,,,,Cellulose,Panel,cabin
EC14954,,346.00,,,,,,,,cabin
EC14955,201.50,,,,,,,Carbon Impregnated,,cabin
EC14957,155.00,,,,,,,Carbon Impregnated,,cabin
EC15026,,663.96,,,,,,Cellulose,Panel,cabin
EC15089,,269.30,,,,,,,Panel,cabin
EC15690,,939.90,,,,,,Cellulose,Panel,cabin
EC15958,,254.00,,,,,,Cellulose,Panel,cabin
EC15967,,175.00,,,,,,High-Loft,Panel,cabin
EC16063,,313.00,,,,,,Cellulose,Panel,cabin
EC16082,,271.53,,,,,,Foam,Panel,cabin
EC16086,,422.10,,,,,,Cellulose,Panel,cabin
EC16087,,330.30,,,,,,Cellulose,Panel,cabin
EC16089,,336.55,,,,,,Paper,Panel,cabin
EC16090,,380.90,,,,,,Cellulose,Panel,cabin
EC16182,,219.00,,,,,,Nylon Mesh,Panel,cabin
EC16227,,647.80,,,,,,Cellulose,Panel,cabin
EC16368,,250.00,,,,,,,Panel,cabin
EC16429,,298.40,,,,,,,Panel,cabin
EC16483,164.50,282.00,,,,,,Safety,Round,cabin
EC16490,,435.00,,,,,,Cellulose,Panel,cabin
EC16555,,311.15,,,,,,,Panel,cabin
EC16621,,330.00,,,,,,Cellulose,,cabin
EC16631,,319.50,,,,,,,Panel,cabin
EC16680,,711.20,,,,,,Cellulose,Panel,cabin
EC16762,,427.80,,,,,,,Panel,cabin
EC16898,,351.50,,,,,,Carbon Impregnated,Panel,cabin
EC16960,,290.00,,,,,,,Panel,cabin
EC16965,,279.50,,,,,,Cellulose,Panel,cabin
EC17005,,346.00,,,,,,,Panel,cabin
EC17028,155.00,229.00,,,,,,Cellulose,Round,cabin
EC17109,,838.20,,,,,,Cellulose,Panel,cabin
EC17122,,965.00,,,,,,Cellulose,Panel,cabin
EC17243,,334.65,,,,,,,Panel,cabin
EC17253,,216.00,,,,,,,Panel,cabin
EC17255,,368.00,,,,,,,Panel,cabin
EC17256,,310.01,,,,,,,Panel,cabin
EC17257,,400.00,,,,,,,Panel,cabin
EC17258,,292.10,,,,,,,Panel,cabin
EC17259,,270.40,,,,,,,Panel,cabin
EC17260,,354.70,,,,,,,Panel,cabin
EC17261,,317.50,,,,,,,Panel,cabin
EC17266,,531.00,,,,,,,Panel,cabin
EC17267,,500.20,,,,,,,Panel,cabin
EC17281,,572.00,,,,,,,Panel,cabin
EC17300,,312.00,,,,,,Cellulose,Panel,cabin
EC17333,,349.76,,,,,,,Panel,cabin
EC17523,,381.00,,,,,,Cellulose,Panel,cabin
EC17576,,300.00,,,,,,Cellulose,Panel,cabin
EC17595,,540.10,,,,,,Cellulose,Panel,cabin
EC17714,,260.00,,,,,,,Panel,cabin
EC17957,,289.00,,,,,,,Panel,cabin
EC17958,,273.00,,,,,,,Panel,cabin
EC18333,,965.20,,,,,,Cellulose,Panel,cabin
EC18355,,312.00,,,,,,Cellulose,Panel,cabin
EC18392,,256.00,,,,,,High-Loft,Panel,cabin
EC18394,,236.00,,,,,,,Panel,cabin
EC18395,,240.00,,,,,,High-Loft,Panel,cabin
EC18618,,550.00,,,,,,Cellulose,Panel,cabin
EC18619,,380.00,,,,,,Cellulose,Panel,cabin
EC18643,,415.40,,,,,,Safety,Panel,cabin
EC18644,,320.00,,,,,,Cellulose,Panel,cabin
EC18854,,711.20,,,,,,Cellulose,Panel,cabin
EC19015,,255.00,,,,,,,Panel,cabin
EC19129,,586.90,,,,,,Cellulose,Panel,cabin
EC19182,,230.20,,,,,,,Panel,cabin
EC19422,,270.00,,,,,,,Panel,cabin
EC19444,,388.70,,,,,,,Panel,cabin
EC19445,,317.50,,,,,,Safety,Panel,cabin
EC19446,,684.80,,,,,,,Panel,cabin
EW70840,,,,,,,,,,coolant
EW70866,93.00,147.00,93.00,81.00,M36 x 2,,,Synthetic,Spin-On,coolant
EW70867,93.00,147.00,93.00,81.00,M36 x 2,,,Synthetic,Spin-On,coolant
EW71008,93.00,151.50,,,,,,,,coolant
EW71309,93.00,135.00,71.00,61.00,3/4-20 UN,,,Cellulose,Spin-On,coolant
EW71365,16.26,7620.00,,,,,,,,coolant
EW71366,21.00,7620.00,,,,,,,,coolant
EW71367,24.00,7620.00,,,,,,,,coolant
EW71368,27.00,7620.00,,,,,,,,coolant
EW71369,34.00,7620.00,,,,,,,,coolant
EW71371,24.00,914.00,,,,,,,3-Ply,coolant
EW71374,34.00,914.00,,,,,,,3-Ply,coolant
EW71375,37.00,914.00,,,,,,,3-Ply,coolant
EW71376,48.00,914.00,,,,,,,3-Ply,coolant
EW71377,43.00,914.00,,,,,,,3-Ply,coolant
EW71378,46.00,914.00,,,,,,,3-Ply,coolant
EW71379,50.00,914.00,,,,,,,3-Ply,coolant
EW71380,53.00,914.00,,,,,,,3-Ply,coolant
EW71381,59.00,914.00,,,,,,,3-Ply,coolant
EW71382,66.00,914.00,,,,,,,3-Ply,coolant
EW71383,69.00,914.00,,,,,,,3-Ply,coolant
EW71384,72.00,914.00,,,,,,,3-Ply,coolant
EW71385,75.00,914.00,,,,,,,3-Ply,coolant
EW71386,78.00,914.00,,,,,,,3-Ply,coolant
EW71387,85.00,914.00,,,,,,,3-Ply,coolant
EW71388,123.00,914.00,,,,,,,3-Ply,coolant
EW71389,110.00,914.00,,,,,,,3-Ply,coolant
EW71390,36.00,914.00,,,,,,,4-Ply,coolant
EW71391,48.00,914.00,,,,,,,4-Ply,coolant
EW71392,61.00,914.00,,,,,,,4-Ply,coolant
EW71394,72.89,914.00,,,,,,,4-Ply,coolant
EW71395,79.25,914.00,,,,,,,4-Ply,coolant
EW72055,93.00,200.00,71.00,61.00,11/16-16 UN,,,Cellulose,Spin-On,coolant
EW72070,94.00,107.00,72.00,62.00,11/16-16 UN,,,Cellulose,Spin-On,coolant
EW72071,94.00,107.00,72.00,62.00,11/16-16 UN,,,Cellulose,Spin-On,coolant
EW72072,94.00,107.00,72.00,62.00,11/16-16 UN,,,Cellulose,Spin-On,coolant
EW72073,94.00,136.00,72.00,62.00,11/16-16 UN,,,Cellulose,Spin-On,coolant
EW72074,94.00,136.00,72.00,62.00,11/16-16 UN,,,Cellulose,Spin-On,coolant
EW72075,94.00,136.00,72.00,62.00,11/16-16 UN,,,Cellulose,Spin-On,coolant
EW72076,93.00,200.00,72.00,62.00,11/16-16 UN,,,Cellulose,Spin-On,coolant
EW72096,93.00,136.00,71.00,61.00,M16 x 1.5,,,Cellulose,Spin-On,coolant
EW72106,94.00,136.00,72.00,62.00,11/16-16 UN,,,Cellulose,Spin-On,coolant
EW73714,24.00,15240.00,,,,,,,,coolant
EW74019,93.00,136.00,71.00,61.00,M16 x 1.5,,,Cellulose,Spin-On,coolant
EW74071,93.00,107.00,71.00,61.00,11/16-16 UN,,,Cellulose,Spin-On,coolant
EW74072,93.00,107.00,72.00,62.00,11/16-16 UN,,,Cellulose,Spin-On,coolant
EW74073,93.00,136.00,71.00,61.00,11/16-16 UN,,,Cellulose,Spin-On,coolant
EW74074,93.00,136.00,71.00,61.00,11/16-16 UN,,,Cellulose,Spin-On,coolant
EW74075,93.00,136.00,71.00,61.00,11/16-16 UN,,,Cellulose,Spin-On,coolant
EW74081,93.00,107.00,72.00,62.00,M16 x 1.5,,,Synthetic,Spin-On,coolant
EW74085,93.00,135.00,72.00,62.00,11/16-16 UN,,,Synthetic,Spin-On,coolant
EW74086,93.00,136.00,72.00,62.00,M16 x 1.5,,,Synthetic,Spin-On,coolant
EW74088,93.00,136.00,72.00,62.00,11/16-16 UN,,,Synthetic,Spin-On,coolant
EW74089,93.00,136.00,72.00,62.00,M16 x 1.5,,,Synthetic,Spin-On,coolant
EW74685,93.00,136.00,71.00,61.00,11/16-16 UN,,,Cellulose,Spin-On,coolant
EW74766,,91.44,,,11/16-16 UN,,,,,coolant
EW74785,93.00,107.00,72.00,62.00,11/16-16 UN,,,Synthetic,Spin-On,coolant
EW74860,93.00,136.00,71.00,61.00,3/4-20 UN,,,Cellulose,Spin-On,coolant
EW75594,96.00,144.00,72.00,62.00,M16 x 1.5,145,,Cellulose,Spin-On,coolant
EF90004,96.00,144.00,71.00,62.00,M18 x 1.5,,,"Cellulose, Meltblown",Spin-On,fuel
EF90012,48.50,106.00,,,,,,Cellulose,In-Line,fuel
EF90019,109.00,203.00,,,1-14 UN,100,,Cellulose,Spin-On,fuel
EF90026,73.91,105.41,,,,,,Cellulose,Cartridge,fuel
EF90028,110.99,139.95,,,,,,Cellulose,Cartridge,fuel
EF90040,89.70,143.50,,,,80,,,Cartridge,fuel
EF90042,101.00,160.00,,,,,,Cellulose,Cartridge,fuel
EF90043,147.57,237.99,,,,75,,,Cartridge,fuel
EF90047,118.00,227.00,110.00,98.00,1 1/16-16 UN,,,Synteq XP,Spin-On,fuel
EF90048,77.00,82.00,68.00,56.00,M20 x 1.5,,,Cellulose,Spin-On,fuel
EF90049,93.50,100.00,64.00,58.00,M20 x 1.5,,,Cellulose,Spin-On,fuel
EF90054,91.95,109.98,,,,,,Cellulose,Cartridge,fuel
EF90055,91.50,134.00,,,,,,Cellulose,Cartridge,fuel
EF90056,73.00,89.00,93.30,11.80,,,,Cellulose,Cartridge,fuel
EF90057,80.80,86.00,64.00,54.00,3/4-16 UN,75,,Cellulose,Spin-On,fuel
EF90060,64.00,108.00,,,,100,,Cellulose,Cartridge,fuel
EF90061,83.00,143.00,,,,100,,Polyester,Cartridge,fuel
EF90090,48.50,99.00,,,,,,Cellulose,In-Line,fuel
EF90094,48.40,103.00,,,,,,Cellulose,In-Line,fuel
EF90104,93.00,107.00,72.00,62.00,1-14 UN,75,,Cellulose,Spin-On,fuel
EF90105,93.00,136.00,72.00,62.00,1-14 UN,100,,Cellulose,Spin-On,fuel
EF90106,93.00,188.00,72.00,62.00,1-14 UN,100,,,Spin-On,fuel
EF90108,93.80,153.40,69.30,61.30,1-14 UN,59,,,Spin-On,fuel
EF90110,93.80,126.40,72.00,62.50,15/16-16 UN,100,,,Spin-On,fuel
EF90115,93.90,130.90,69.30,61.30,1-12 UN,300,,Cellulose,Spin-On,fuel
EF90120,65.90,113.50,,,,,,Polyester,Cartridge,fuel
EF90126,75.40,147.60,,,,,,Cellulose,In-Line,fuel
EF90127,78.30,85.00,71.20,62.20,M20 x 1.5,100,,Cellulose,Spin-On,fuel
EF90201,80.90,114.30,,,,,,,Cartridge,fuel
EF90202,118.30,260.00,110.00,98.00,1 1/4-12 UN,100,,Cellulose,Spin-On,fuel
EF90209,55.00,109.00,,,,,,Cellulose,In-Line,fuel
EF90215,93.73,136.39,72.14,62.48,1-12 UN,,,Cellulose,Spin-On,fuel
EF90218,107.50,202.00,72.00,62.00,7/8-16 UN,75,,Cellulose,Spin-On,fuel
EF90219,107.50,202.00,72.00,62.00,13/16-18 UN,75,,Cellulose,Spin-On,fuel
EF90225,84.10,100.10,62.99,52.83,3/4-16 UN,100,,Cellulose,Spin-On,fuel
EF90248,77.10,147.60,70.20,60.50,M16 x 1.5,80,,Cellulose,Spin-On,fuel
EF90256,133.70,297.20,133.00,118.70,M110 x 2.5,,,Synteq XP,Spin-on,fuel
EF90299,77.50,112.00,99.60,88.00,,,,Cellulose,Cartridge,fuel
EF90316,148.00,205.00,,,,80,,Cellulose,Cartridge,fuel
EF90345,76.80,82.80,70.20,60.50,M16 x 1.5,,,Cellulose,Spin-On,fuel
EF90348,135.20,279.00,110.50,100.30,1 3/8-16 UN,149,,Cellulose,Spin-On,fuel
EF90349,85.00,136.00,,,,,,Polyester,Cartridge,fuel
EF90352,83.10,132.80,,,,75,,,Cartridge,fuel
EF90364,54.90,39.10,,,,,,,Cartridge,fuel
EF90365,94.50,177.80,70.00,60.00,M24 x 1.5,100,,Cellulose,Spin-On,fuel
EF90368,76.80,147.10,70.20,60.50,7/8-14 UN,100,,,Spin-On,fuel
EF90372,93.00,199.80,72.00,62.00,M18 x 1.5,100,,Cellulose,Spin-On,fuel
EF90385,93.30,137.00,62.50,56.50,3/4-16 UN,100,,Cellulose,Spin-On,fuel
EF90390,98.50,140.00,72.50,50.00,M20 x 1.5,100,,Cellulose,Spin-On,fuel
EF90391,94.00,172.00,90.00,68.00,M24 x 1.5,,,,Spin-On,fuel
EF90392,104.00,104.00,,,,,,Cellulose,Cartridge,fuel
EF90404,56.39,50.00,,,,,,Cellulose,In-Line,fuel
EF90405,80.00,101.10,62.99,45.97,M20 x 1.5,100,,Cellulose,Spin-On,fuel
EF90410,76.80,145.00,70.20,60.50,3/4-16 UN,100,,Cellulose,Spin-On,fuel
EF90431,107.50,262.00,99.00,90.30,1 1/16-16 UN,100,,Cellulose,Spin-On,fuel
EF90433,48.50,99.00,,,,,,"Wire Mesh, Stainless Steel",In-Line,fuel
EF90437,96.77,72.39,,,,,,Cellulose,Cartridge,fuel
EF90440,76.80,120.00,70.20,60.50,M16 x 1.5,100,,Cellulose,Spin-On,fuel
EF90446,51.00,92.00,,,,,,"Wire Mesh, Stainless Steel",In-Line,fuel
EF90447,110.50,163.70,,,,120,,,Cartridge,fuel
EF90448,108.20,150.60,89.90,80.30,1-14 UN,100,,Cellulose,Spin-On,fuel
EF90460,87.60,112.80,,,,100,,Cellulose,Cartridge,fuel
EF90463,97.00,171.20,,,,100,,Cellulose,Cartridge,fuel
EF90467,97.00,171.70,,,,100,,Meltblown,Cartridge,fuel
EF90472,96.00,212.00,71.00,62.00,M16 x 1.5,,,Cellulose,Spin-On,fuel
EF90481,70.00,115.00,,,,,,,Cartridge,fuel
EF90489,84.50,131.00,,,,,,,Cartridge,fuel
EF90491,80.00,124.00,71.00,62.00,M16 x 1.5,,,Cellulose,Spin-On,fuel
EF90494,96.00,144.00,71.00,62.00,M16 x 1.5,,,Cellulose,Spin-On,fuel
EF90495,96.00,144.00,71.50,62.50,M24 x 1.5,,,Cellulose,Spin-On,fuel
EF90501,87.60,123.00,,,,,,Cellulose,Cartridge,fuel
EF90510,107.00,171.00,69.00,62.00,,,,"Cellulose, Silicone",Cartridge,fuel
EF90515,93.00,144.00,71.00,62.00,M24 x 1.5,,,,Spin-On,fuel
EF90522,73.70,142.80,,,,,,Cellulose,Cartridge,fuel
EF90527,60.10,119.40,,,,,,,Cartridge,fuel
EF90529,107.50,262.00,99.00,90.30,M32 x 1.5,200,,Cellulose,Spin-On,fuel
EF90540,75.69,198.37,,,,120,,Cellulose,Cartridge,fuel
EF90541,102.00,222.00,,,,,,Sock,Cartridge,fuel
EF90547,122.17,231.90,,,,,,,Cartridge,fuel
EF90550,78.70,141.70,70.00,62.50,3/4-16 UN,80,,,Spin-On,fuel
EF90552,75.00,213.00,,,,100,,Sock,Cartridge,fuel
EF90587,76.00,148.00,72.00,62.20,M16 x 1.5,75,,Cellulose,Spin-On,fuel
EF90588,76.80,147.70,70.20,60.50,M16 x 1.5,,,Cellulose,Spin-On,fuel
EF90607,122.17,231.90,,,,,,,Cartridge,fuel
EF90625,93.60,265.00,91.00,77.50,1-14 UN,100,,Cellulose,Spin-On,fuel
EF90632,95.00,100.50,,,,,,,Cartridge,fuel
EF90643,93.40,160.70,69.20,59.15,M20 x 1.5,,,,Spin-On,fuel
EF90657,94.90,141.80,,,,80,,,Cartridge,fuel
EF90662,93.50,108.00,70.30,56.70,M16 x 1.5,100,,,Spin-On,fuel
EF90665,97.00,184.00,72.00,62.00,M14 x 1.5,305,,,Spin-On,fuel
EF90673,74.40,55.90,,,,75,,,Cartridge,fuel
EF90674,75.20,132.80,,,1 1/8-12 UN,75,,,Cartridge,fuel
EF90677,93.73,110.74,71.88,62.48,11/16-16 UN,75,,,Spin-On,fuel
EF90678,77.50,65.00,72.10,62.70,M16 x 1.5,75,,,Spin-On,fuel
EF90683,111.80,287.70,108.00,98.00,1 1/4-12 UN,100,,Cellulose,Spin-On,fuel
EF90685,76.45,186.44,,,,75,,,Cartridge,fuel
EF90686,76.50,112.00,,,,75,,,Cartridge,fuel
EF90688,77.50,176.30,72.00,62.70,M16 x 1.5,75,,Cellulose,Spin-On,fuel
EF90690,77.00,111.80,71.90,62.50,M16 x 1.5,75,,,Spin-On,fuel
EF90691,93.70,163.10,71.90,62.50,1-14 UN,75,,,Spin-On,fuel
EF90694,97.50,173.00,,,,,,Coalescing,Cartridge,fuel
EF90710,152.00,189.80,,,,,,Coalescing,Cartridge,fuel
EF90711,111.80,179.00,107.80,98.00,1 1/4-12 UN,100,,Cellulose,Spin-On,fuel
EF90729,110.70,128.30,,,1-14 UN,59,,,Spin-On,fuel
EF90735,95.90,186.70,88.00,76.00,1 1/2-16 UN,400,,,Spin-On,fuel
EF90736,97.00,171.70,,,,80,,,Cartridge,fuel
EF90737,97.00,171.70,,,,80,,"Cellulose, Silicone",Cartridge,fuel
EF90745,65.00,56.00,,,,,,,Cartridge,fuel
EF90753,107.69,263.65,,,1-12 UN,149,,,Spin-On,fuel
EF90757,97.00,171.20,,,,,,Cellulose,Cartridge,fuel
EF90762,95.00,202.00,,,,,,Cellulose,Cartridge,fuel
EF90774,93.00,174.00,72.00,62.00,7/8-14 UN,,,Cellulose,Spin-On,fuel
EF90782,80.80,176.00,74.00,64.00,M16 x 1.5,,,Composite,Spin-On,fuel
EF90783,80.80,176.00,74.00,64.00,M16 x 1.5,,,Cellulose,Spin-On,fuel
EF90785,86.60,104.00,,,,,,Cellulose,Cartridge,fuel
EF90800,86.60,104.00,,,,6,,,Cartridge,fuel
EF90811,108.80,108.30,72.00,62.50,7/8-14 UN,,,,Spin-On,fuel
EF90821,95.00,144.00,,,,,,,Cartridge,fuel
EF90824,83.30,140.70,,,,,,,Cartridge,fuel
EF90828,93.00,155.20,72.00,62.00,1-14 UN,,,Wire Mesh,Spin-On,fuel
EF90833,102.00,162.30,,,3 3/8-8 UN,,,,Spin-On,fuel
EF90834,93.20,126.50,72.00,62.00,M22 x 1.5,49,,Composite,Spin-On,fuel
EF90837,73.00,86.00,,,,,,,Cartridge,fuel
EF90839,84.00,120.00,,,,,,,Cartridge,fuel
EF90847,93.00,194.10,72.00,62.00,1-14 UN,,,Composite,Spin-On,fuel
EF90848,93.20,213.40,72.00,62.00,1-14 UN,,,Composite,Spin-On,fuel
EF90849,107.00,171.70,,,,,,"Cellulose, Meltblown",Cartridge,fuel
EF90851,107.00,171.60,,,,100,,Synthetic,Cartridge,fuel
EF90853,107.00,171.70,,,,,,Cellulose,Cartridge,fuel
EF90860,65.00,113.50,,,,,,,Cartridge,fuel
EF90861,83.00,141.00,,,,100,,Cellulose,Cartridge,fuel
EF90868,94.50,120.10,71.40,62.50,13/16-16 UN,100,,,Spin-On,fuel
EF90879,93.00,174.00,72.00,62.00,7/8-14 UN,,,Synthetic,Spin-On,fuel
EF90880,93.00,174.00,72.00,62.00,M20 x 1.5,,,Meltblown,Spin-On,fuel
EF90881,93.00,174.00,72.00,62.00,M20 x 1.5,,,Meltblown,Spin-On,fuel
EF90899,93.00,192.90,72.00,62.00,M20 x 1.5,,,Synthetic,Spin-On,fuel
EF90900,107.30,248.30,98.00,90.00,1-14 UN,,,Cellulose,Spin-On,fuel
EF90901,93.00,252.00,72.00,62.00,1-14 UN,,,Cellulose,Spin-On,fuel
EF90904,98.00,195.50,72.00,62.00,M16 x 1.5,,,,Spin-On,fuel
EF90907,113.50,231.60,,,,,,,,fuel
EF90908,90.00,158.00,,,,,,,Cartridge,fuel
EF90912,137.20,207.70,,,,,,,Cartridge,fuel
EF90914,83.00,153.30,,,,,,,Spin-On,fuel
EF90928,93.00,107.00,86.20,77.50,13/16-12 UN,100,,Cellulose,Spin-On,fuel
EF90929,93.00,203.20,72.00,62.00,M20 x 1.5,,,Synteq,Spin-On,fuel
EF90930,93.00,139.60,72.00,62.00,M20 x 1.5,,,Cellulose,Spin-On,fuel
EF90931,93.00,113.30,72.00,62.00,M20 x 1.5,,,,Spin-On,fuel
EF90932,93.00,107.00,72.00,62.00,M20 x 1.5,,,Cellulose,Spin-On,fuel
EF90936,93.00,136.00,86.20,77.50,1-12 UN,100,,Cellulose,Spin-On,fuel
EF90937,118.40,311.00,110.00,98.00,1 1/4-12 UN,,,"Cellulose, Meltblown",Spin-On,fuel
EF90943,77.00,120.00,70.20,60.50,M16 x 1.5,,,Cellulose,Spin-On,fuel
EF90944,93.90,137.50,87.50,78.70,1-12 UN,75,,Cellulose,Spin-On,fuel
EF90958,118.30,227.00,110.00,98.00,1 1/4-12 UN,149,,Cellulose,Spin-On,fuel
EF90959,118.00,227.00,110.00,98.00,1 1/16-16 UN,,,Cellulose,Spin-On,fuel
EF90966,90.42,101.35,,,,,,Cellulose,Cartridge,fuel
EF90967,82.00,171.00,,,,,,Cellulose,In-Line,fuel
EF90974,48.50,99.00,,,,,,"Wire Mesh, Stainless Steel",In-Line,fuel
EF91000,93.00,252.00,72.00,62.00,1-14 UN,75,,Composite,Spin-On,fuel
EF91001,93.00,193.10,72.00,62.00,1-14 UN,41,,Cellulose,Spin-On,fuel
EF91004,97.00,200.20,70.00,63.00,1-14 UN,500,,Synthetic,Spin-On,fuel
EF91010,107.30,263.20,98.00,90.00,1-14 UN,,,Cellulose,Spin-On,fuel
EF91011,148.00,193.00,,,,,,Meltblown,Cartridge,fuel
EF91026,107.30,243.60,99.00,90.30,1-14 UN,,,"Cellulose, Meltblown",Spin-On,fuel
EF91027,107.30,173.00,99.00,90.30,7/8-14 UN,,,"Cellulose, Meltblown",Spin-On,fuel
EF91028,107.30,243.70,99.00,90.30,M22 x 1.5,100,,Cellulose,Spin-On,fuel
EF91029,107.30,173.00,99.00,90.30,M30 x 1.5,100,,Cellulose,Spin-On,fuel
EF91033,107.30,147.00,99.00,90.30,1-14 UN,,,,Spin-On,fuel
EF91034,107.30,173.10,99.00,90.30,1-14 UN,100,,Cellulose,Spin-On,fuel
EF91039,76.90,101.80,70.20,60.50,M16 x 1.5,,,Cellulose,Spin-On,fuel
EF91047,114.80,292.10,,,M85 x 2,,,Composite,Spin-On,fuel
EF91048,114.80,272.80,,,M85 x 2,,,Synthetic,Spin-On,fuel
EF91052,97.00,171.70,,,,100,,Meltblown,Cartridge,fuel
EF91055,107.30,147.10,88.40,80.40,1-14 UN,,,"Cellulose, Meltblown",Spin-On,fuel
EF91056,107.30,147.10,88.40,80.40,1-14 UN,,,"Cellulose, Meltblown",Spin-On,fuel
EF91057,107.30,147.10,88.40,80.40,1-14 UN,,,Composite,Spin-On,fuel
EF91062,50.00,41.00,55.00,50.00,,,,Nylon Mesh,Cartridge,fuel
EF91065,107.30,173.10,88.40,80.40,1-14 UN,,,"Cellulose, Meltblown",Spin-On,fuel
EF91066,107.30,173.10,88.40,80.40,1-14 UN,,,"Cellulose, Meltblown",Spin-On,fuel
EF91067,107.30,173.10,88.40,80.40,1-14 UN,,,,Spin-On,fuel
EF91075,107.30,243.70,88.40,80.40,1-14 UN,,,"Cellulose, Meltblown",Spin-On,fuel
EF91076,107.30,243.70,88.40,80.40,1-14 UN,,,"Cellulose, Meltblown",Spin-On,fuel
EF91077,107.30,243.80,88.40,80.40,1-14 UN,,,,Spin-On,fuel
EF91081,123.44,90.00,,,,,,Cellulose,Cartridge,fuel
EF91082,123.45,115.32,,,,,,Cellulose,Cartridge,fuel
EF91099,76.80,101.80,70.20,60.50,M18 x 1.5,,,Meltblown,Spin-On,fuel
EF91103,93.00,238.70,71.00,61.00,1-14 UN,,,Composite,Spin-On,fuel
EF91108,136.00,,109.50,97.50,1 1/4-12 UN,290,,Cellulose,Spin-On,fuel
EF91110,107.30,244.20,98.00,90.00,1-14 UN,,,Cellulose,Spin-On,fuel
EF91115,107.00,140.00,,,,,,,Cartridge,fuel
EF91122,,,,,,,,,,fuel
EF91127,93.00,132.20,72.00,62.00,15/16-16 UN,,,,Spin-On,fuel
EF91130,,125.73,,,,,,,Box,fuel
EF91131,117.00,295.00,,,1 3/4-12 UN,,,,Spin-On,fuel
EF91162,76.50,246.40,,,,39,,,Cartridge,fuel
EF91167,69.85,86.00,,,,,,Cellulose,Cartridge,fuel
EF91168,88.90,70.10,,,,58,,,Cartridge,fuel
EF91178,93.50,174.00,72.40,62.70,1-14 UN,87,,,Spin-On,fuel
EF91298,104.00,183.00,124.10,,,,,Synteq XP,,fuel
EF91299,104.00,183.00,124.10,,,,,"Cellulose, Meltblown",,fuel
EF91310,107.44,110.24,51.00,,,,,,Cartridge,fuel
EF91311,93.00,232.00,72.00,62.00,1-14 UN,100,,Cellulose,Spin-On,fuel
EF91312,93.00,233.00,72.00,62.00,7/8-14 UN,100,,Cellulose,Spin-On,fuel
EF91313,93.00,174.00,72.00,62.00,1-14 UN,75,,Cellulose,Spin-On,fuel
EF91315,76.58,176.00,74.00,64.00,7/8-14 UN,,,Cellulose,,fuel
EF91316,135.20,308.00,110.50,100.30,1 3/8-16 UN,149,,Cellulose,Spin-On,fuel
EF91317,101.60,234.90,63.50,41.70,,,,Cellulose,Cartridge,fuel
EF91318,107.50,185.00,72.00,62.00,7/8-14 UN,100,,Cellulose,Spin-On,fuel
EF91319,93.00,233.00,72.00,62.00,1-14 UN,,,"Cellulose, Meltblown",Spin-On,fuel
EF91329,93.00,155.30,72.00,62.00,13/16-18 UN,80,,Cellulose,Spin-On,fuel
EF91335,107.95,200.91,101.10,90.93,1-14 UN,100,,,Spin-On,fuel
EF91337,109.98,200.91,,,,100,,Cellulose,Cartridge,fuel
EF91338,91.44,162.10,,,,100,,Cellulose,Cartridge,fuel
EF91339,74.42,73.91,,,,100,,Cellulose,Cartridge,fuel
EF91351,97.80,138.90,73.00,51.00,3/4-16 UN,100,,Cellulose,Spin-On,fuel
EF91354,87.12,203.55,87.00,70.00,1 1/4-12 UN,,,,Spin-On,fuel
EF91421,80.00,154.30,,,,,,Composite,Cartridge,fuel
EF91422,80.00,196.30,,,,,,Composite,Cartridge,fuel
EF91423,80.00,135.40,,,,,,Composite,Cartridge,fuel
EF91424,80.00,154.30,,,,,,Composite,Cartridge,fuel
EF91425,80.00,196.30,,,,,,"Cellulose, Meltblown",Cartridge,fuel
EF91426,80.00,135.30,,,,,,Cellulose,Cartridge,fuel
EF91427,80.00,154.30,,,,,,Cellulose,Cartridge,fuel
EF91428,80.00,196.30,,,,,,Cellulose,Cartridge,fuel
EF91429,80.00,135.40,,,,,,"Cellulose, Silicone",Cartridge,fuel
EF91430,80.00,154.30,,,,,,"Cellulose, Silicone",Cartridge,fuel
EF91431,80.00,196.30,,,,,,"Cellulose, Silicone",Cartridge,fuel
EF91432,80.00,154.30,,,,,,"Cellulose, Silicone",Cartridge,fuel
EF91433,80.00,196.30,,,,,,"Cellulose, Silicone",Cartridge,fuel
EF91434,80.00,154.30,,,,,,Cellulose,Cartridge,fuel
EF91435,80.00,196.30,,,,,,Cellulose,Cartridge,fuel
EF91436,80.00,135.40,,,,,,"Cellulose, Silicone",Cartridge,fuel
EF91437,80.00,154.30,,,,,,"Cellulose, Silicone",Cartridge,fuel
EF91605,110.00,186.00,71.00,62.00,3/4-16 UN,,,Cellulose,Spin-On,fuel
EF91615,76.80,147.60,70.20,60.50,M16 x 1.5,100,,Cellulose,Spin-On,fuel
EF91619,108.00,200.00,,,M82 x 1.5,102,,Cellulose,Spin-On,fuel
EF91624,114.70,205.70,,,,,,Cellulose,Cartridge,fuel
EF91712,93.00,232.80,72.00,62.00,1-14 UN,100,,Cellulose,Spin-On,fuel
EF91740,80.80,176.00,74.00,64.00,1-14 UN,100,,Cellulose,Spin-On,fuel
EF91744,93.73,140.21,87.12,79.00,1-14 UN,,,,Spin-On,fuel
EF91746,109.00,287.20,90.20,80.30,1-14 UN,90,,,Spin-On,fuel
EF91752,93.22,190.50,69.34,61.47,1 3/8-12 UN,,,,Spin-On,fuel
EF91760,54.70,138.00,,,,,,,In-Line,fuel
EF91768,76.00,61.90,71.70,62.00,M18 x 1.5,,,,Spin-On,fuel
EF91770,48.50,110.00,,,,,,,In-Line,fuel
EF91772,57.00,180.00,,,,,,,In-Line,fuel
EF91773,107.12,148.34,90.42,80.26,7/8-14 UN,,,,Spin-On,fuel
EF91801,107.19,58.42,,91.69,,,,,Cartridge,fuel
EF91802,154.40,117.30,,82.80,,,,,Cartridge,fuel
EF91803,157.40,245.90,,82.80,,,,,Cartridge,fuel
EF91820,95.00,102.00,91.20,80.80,1-14 UN,,,,Spin-On with Bowl Thread,fuel
EF91822,95.00,102.00,91.20,80.80,1-14 UN,,,,Spin-On with Bowl Thread,fuel
EF91833,107.90,139.80,,,1-14 UN,,,Synthetic,Spin-On,fuel
EF91838,109.00,128.00,102.10,91.20,1-14 UN,,,,Spin-On,fuel
EF91840,96.50,188.00,90.00,80.00,1-12 UN,,,,,fuel
EF91843,93.00,140.00,90.00,80.00,1-14 UN,,,,Spin-On,fuel
EF91844,109.00,127.50,90.80,80.80,1-14 UN,,,,Spin-On with Bowl Thread,fuel
EF91846,93.00,106.00,90.00,76.50,1-14 UN,,,"Cellulose, Meltblown",Spin-On,fuel
EF91847,96.00,106.00,90.00,76.50,1-14 UN,99,,Composite,Spin-On,fuel
EF91851,110.00,117.00,,,1-14 UN,,,Meltblown,Spin-On,fuel
EF91852,107.70,117.00,,,1-14 UN,,,Meltblown,Spin-On,fuel
EF91853,107.70,117.00,90.00,80.00,1-14 UN,,,,,fuel
EF91854,110.00,143.50,90.00,80.00,1-14 UN,,,Meltblown,Spin-On,fuel
EF91855,107.70,143.50,90.00,80.00,1-14 UN,,,,Spin-On,fuel
EF91856,107.70,143.50,90.00,80.00,1-14 UN,,,,Spin-On,fuel
EF91857,109.00,217.00,90.80,80.80,1-14 UN,,,Meltblown,Spin-On,fuel
EF91858,107.70,217.00,91.00,80.80,1-14 UN,,,Meltblown,Spin-On,fuel
EF91859,108.00,217.00,88.40,80.40,1-14 UN,,,,Spin-On,fuel
EF91864,94.00,156.00,71.00,62.50,1-14 UN,,,"Cellulose, Meltblown",Spin-On,fuel
EF91915,93.73,188.98,72.14,62.73,1-12 UN,,,,Spin-On,fuel
EF92000,45.00,68.00,,,,59,,Cellulose,Cartridge,fuel
EF92006,118.40,310.95,110.00,98.00,1 1/4-12 UN,100,,"Cellulose, Meltblown",Spin-On,fuel
EF92010,78.00,70.00,,,,,,Cellulose,Cartridge,fuel
EF92011,107.44,154.94,,80.77,1-14 UN,,,,,fuel
EF92013,78.00,70.00,,,,,,Cellulose,Cartridge,fuel
EF92014,78.00,70.00,,,,,,Cellulose,Cartridge,fuel
EF92020,,,,,,,,,,fuel
EF92023,111.00,245.00,,,,,,Cellulose,Cartridge,fuel
EF92024,111.00,245.00,,,,,,Cellulose,Cartridge,fuel
EF92040,111.00,120.00,,,,,,Cellulose,Cartridge,fuel
EF92043,111.00,120.00,,,,,,Cellulose,Cartridge,fuel
EF92044,111.00,120.00,,,,,,Cellulose,Cartridge,fuel
EF920967,108.00,309.50,98.00,37.00,,,,Cellulose,Cartridge,fuel
EF92116,90.93,137.92,,,,100,,Cellulose,Cartridge,fuel
EF92131,107.95,170.94,,,,,,Cellulose,Cartridge,fuel
EF92132,98.00,160.00,38.00,,,100,,Cellulose,Cartridge,fuel
EF92134,35.00,66.00,,,,100,,Cellulose,Cartridge,fuel
EF92135,35.00,87.12,,,,,,Cellulose,Cartridge,fuel
EF92136,28.45,43.69,,,,,,Wire Mesh,Cartridge,fuel
EF92138,29.00,85.00,,,,,,Cellulose,Cartridge,fuel
EF92142,80.00,120.00,78.00,63.00,M20 x 1.5,100,,Cellulose,Spin-On,fuel
EF92143,80.00,100.00,63.50,57.00,M20 x 1.5,100,,Cellulose,Spin-On,fuel
EF92149,94.45,137.92,71.37,55.63,M20 x 1.5,100,,Cellulose,Spin-On,fuel
EF92157,93.93,119.89,71.37,50.00,M20 x 1.5,100,,Cellulose,Spin-On,fuel
EF92158,98.50,140.00,71.30,50.00,M20 x 1.5,100,,Cellulose,Spin-On,fuel
EF92161,50.00,89.00,,,,100,,Cellulose,Cartridge,fuel
EF92163,81.20,90.00,63.00,56.00,3/4-16 UN,290,,Cellulose,Spin-On,fuel
EF92166,35.00,87.50,,,,100,,Cellulose,Cartridge,fuel
EF92167,80.00,175.00,64.26,50.80,3/4-16 UN,100,,Cellulose,Spin-On,fuel
EF92177,80.00,84.10,62.99,54.90,3/4-16 UN,100,,Cellulose,Spin-On,fuel
EF92200,91.00,228.60,94.50,78.70,M72 x 2,,,"Cellulose, Meltblown",Spin-On,fuel
EF92203,93.00,136.00,72.00,62.00,1-14 UN,,,Wire Mesh,Spin-On,fuel
EF92216,118.40,310.92,110.00,98.00,1 1/4-12 UN,100,,"Cellulose, Silicone",Spin-On,fuel
EF92226,95.00,94.50,,,,100,,Cellulose,Cartridge,fuel
EF92251,93.00,136.00,72.00,62.00,1-14 UN,100,,Cellulose,Spin-On,fuel
EF92341,56.90,76.00,,,,100,,Cellulose,Cartridge,fuel
EF92374,85.69,85.69,69.59,60.19,M16 x 1.5,,,,Spin-On,fuel
EF92377,115.40,265.70,,,M95 x 2,,,,Spin-on,fuel
EF92378,94.00,85.00,,,,100,,Cellulose,Cartridge,fuel
EF92381,120.00,286.00,111.00,97.50,1 1/4-12 UN,100,,,Spin-On,fuel
EF92387,,111.10,,,,,,,Box,fuel
EF92388,90.50,178.00,,,M75 x 2,,,,Spin-on,fuel
EF92392,,88.80,,,,,,Cellulose,Box,fuel
EF92398,71.00,122.10,,,,,,,In-Line,fuel
EF92403,55.00,120.00,,,,,,,In-Line,fuel
EF92404,93.00,145.50,,,1-12 UN,100,,Cellulose,Spin-On,fuel
EF92405,93.00,131.81,72.00,62.00,3/4-16 UN,,,,Spin-On,fuel
EF92406,35.00,47.00,,,,100,,Wire Mesh,Cartridge,fuel
EF92420,85.00,71.30,,,,100,,Wire Mesh,Cartridge,fuel
EF92422,94.50,141.50,,,,100,,Cellulose,Cartridge,fuel
EF92423,94.50,155.00,,,,100,,Cellulose,Cartridge,fuel
EF92424,94.50,193.00,,,,100,,Cellulose,Cartridge,fuel
EF92427,100.00,96.00,,,,100,,,Cartridge,fuel
EF92463,94.00,155.00,,,,100,,Cellulose,Cartridge,fuel
EF92478,115.00,233.00,,,,100,,Cellulose,Cartridge,fuel
EF92479,123.00,263.00,,,,100,,Cellulose,Cartridge,fuel
EF92480,125.00,275.00,110.00,98.00,1 3/8-12 UN,100,,Cellulose,Spin-On,fuel
EF92486,93.00,90.00,70.30,62.10,M14 x 1.5,,,,Spin-On,fuel
EF92489,76.00,53.00,71.70,62.00,M18 x 1.5,,,Cellulose,Spin-On,fuel
EF92500,95.00,144.00,,,,,,,Cartridge,fuel
EF92504,86.00,143.00,,,M12 x 1.5,100,,Cellulose,Spin-On,fuel
EF92512,93.00,140.00,,,M16 x 1.5,100,,Cellulose,Spin-On,fuel
EF92517,93.00,140.00,,80.00,1-14 UN,100,,Cellulose,Spin-On,fuel
EF92564,93.00,125.00,72.20,63.20,3/4-16 UN,200,,Cellulose,Spin-On,fuel
EF92566,93.00,118.00,70.70,62.00,M24 x 1.5,,,Cellulose,Spin-On,fuel
EF92599,68.00,108.00,,,,99,,Cellulose,Spin-On,fuel
EF92603,107.50,202.00,72.00,62.00,7/8-14 UN,100,,Cellulose,Spin-On,fuel
EF92709,109.00,183.00,,117.07,,,,,,fuel
EF92851,107.50,120.50,88.40,80.40,1-14 UN,,,,Spin-On with Bowl Thread,fuel
EF92852,107.50,120.50,88.40,80.40,1-14 UN,,,,Spin-On with Bowl Thread,fuel
EF92853,107.50,120.50,88.40,80.40,1-14 UN,,,,Spin-On with Bowl Thread,fuel
EF92854,107.50,146.50,88.40,80.40,1-14 UN,,,,Spin-On with Bowl Thread,fuel
EF92855,107.50,146.50,88.40,80.40,1-14 UN,,,,Spin-On with Bowl Thread,fuel
EF92856,107.50,146.50,88.40,80.40,1-14 UN,,,,Spin-On with Bowl Thread,fuel
EF92857,107.50,216.90,88.40,80.40,1-14 UN,,,,Spin-On with Bowl Thread,fuel
EF92858,107.50,216.90,88.40,80.40,1-14 UN,,,,Spin-On with Bowl Thread,fuel
EF92859,107.50,216.90,88.40,80.40,1-14 UN,,,,Spin-On with Bowl Thread,fuel
EF92952,107.60,216.40,,80.00,7/8-14 UN,,,Synthetic,Spin-On with Bowl Thread,fuel
EF93004,77.20,120.00,70.20,60.50,M16 x 1.5,100,,Cellulose,Spin-On,fuel
EF93009,101.50,197.00,,,,,,,,fuel
EF93014,148.00,384.80,,,,,,Meltblown,Cartridge,fuel
EF93015,149.00,190.30,,,,,,Meltblown,Cartridge,fuel
EF93020,106.40,247.60,,,,,,,Cartridge,fuel
EF93023,106.40,247.60,,,,,,,Cartridge,fuel
EF93024,106.40,247.60,,,,,,,Cartridge,fuel
EF93040,106.40,120.60,,,,,,,Cartridge,fuel
EF93043,106.40,120.60,,,,,,,Cartridge,fuel
EF93044,106.40,120.60,,,,,,,Cartridge,fuel
EF93080,135.20,308.00,110.50,100.30,1 3/8-16 UN,75,,Cellulose,Spin-On,fuel
EF93087,80.60,157.00,,,M94 x 3,,,,Spin-on,fuel
EF93088,80.60,156.80,,,M94 x 3,,,,Spin-on,fuel
EF93089,80.60,158.60,,,M94 x 3,,,,Spin-on,fuel
EF93176,104.00,274.00,124.10,,,,,Synteq XP,,fuel
EF93177,104.00,274.00,124.10,,,,,"Cellulose, Meltblown",,fuel
EF93200,120.00,255.00,111.00,97.50,1 1/4-12 UN,100,,,Spin-On,fuel
EF93201,93.00,219.30,72.00,62.00,1-14 UN,,,Composite,Spin-On,fuel
EF93202,93.00,219.50,86.20,77.50,1-12 UN,,,,Spin-On,fuel
EF93203,93.00,193.30,72.00,62.00,1-14 UN,,,Cellulose,Spin-On,fuel
EF93204,93.00,219.30,72.00,62.00,1-14 UN,,,"Cellulose, Silicone",Spin-On,fuel
EF93205,93.00,193.50,86.20,77.50,1-14 UN,,,Cellulose,Spin-On,fuel
EF93207,93.00,219.30,72.00,62.00,1-14 UN,,,Cellulose,Spin-On,fuel
EF93211,93.00,219.30,72.00,62.00,1-14 UN,,,Composite,Spin-On,fuel
EF93212,93.00,219.30,86.20,77.50,1-12 UN,,,Cellulose,Spin-On,fuel
EF93215,93.00,193.30,86.00,77.50,1-14 UN,,,Cellulose,Spin-On,fuel
EF93226,110.99,158.24,104.70,94.50,1-14 UN,,,,Spin-On with Bowl Thread,fuel
EF93227,110.99,158.24,104.70,94.50,1-14 UN,4,,,Spin-On with Bowl Thread,fuel
EF93261,73.91,83.10,,,,,,,Cartridge,fuel
EF93375,111.25,102.12,,,1-14 UN,,,Cellulose,Spin-On,fuel
EF93500,118.30,298.00,110.00,98.00,1 5/8-12 UN,,,Cellulose,Spin-On,fuel
EF93544,93.70,144.40,91.50,73.00,1 1/2-16 UN,,,Cellulose,Spin-On,fuel
EF93545,93.70,144.40,91.50,73.00,1 1/2-16 UN,,,Cellulose,Spin-On,fuel
EF93557,,,,,,,,,,fuel
EF93693,93.00,132.20,69.30,61.30,7/8-14 UN,,,,Spin-On,fuel
EF93763,93.00,126.70,,,M20 x 1.5,,,,,fuel
EF93854,93.00,174.00,72.00,62.00,1-14 UN,100,,Cellulose,Spin-On,fuel
EF93855,93.80,220.70,72.10,62.50,7/8-14 UN,100,,Cellulose,Spin-On,fuel
EF93880,93.00,202.00,71.40,62.50,M22 x 1.5,,,,Spin-On,fuel
EF93890,50.00,51.59,,,,,,,In-Line,fuel
EF93995,76.00,138.00,63.00,54.00,M22 x 1.5,199,,,,fuel
EF93997,72.00,131.50,,,,,,,,fuel
EF93998,80.60,141.10,,,M94 x 3,,,,Spin-on,fuel
EF93999,80.60,145.70,,,M94 x 3,,,,Spin-on,fuel
EF94000,113.00,262.00,99.00,90.30,M32 x 1.5,,,Composite,Spin-On,fuel
EF94001,80.60,175.50,,,M94 x 3,,,,Spin-on,fuel
EF94056,128.60,261.40,,,,75,,Cellulose,Cartridge,fuel
EF94245,93.00,174.00,,,7/8-14 UN,,,,Spin-on,fuel
EF94278,111.00,235.00,,,,,,,Cartridge,fuel
EF94292,,,,,,,,,,fuel
EF94293,102.30,100.60,,,,,,,Cartridge,fuel
EF94294,108.20,135.64,,,,,,,Cartridge,fuel
EF94347,93.00,174.00,72.00,62.00,1-12 UN,100,,Cellulose,Spin-On,fuel
EF94391,87.90,195.70,,,,,,,Spin-On,fuel
EF94392,111.00,226.80,,,,,,,Cartridge,fuel
EF94393,111.00,133.00,,,,,,,Cartridge,fuel
EF94430,111.00,235.00,,,,,,,Cartridge,fuel
EF94457,93.00,265.00,91.00,77.50,1-14 UN,,,Synteq XP,Spin-on,fuel
EF94470,107.50,202.00,99.00,90.30,M22 x 1.5,100,,Cellulose,Spin-On,fuel
EF94471,107.50,262.00,99.00,90.30,M30 x 1.5,100,,Cellulose,Spin-On,fuel
EF94476,107.00,202.00,99.00,90.30,M30 x 1.5,,,Cellulose,Spin-On,fuel
EF94519,102.40,182.67,,,,,,,Cartridge,fuel
EF94520,148.00,193.00,,,,,,Meltblown,Cartridge,fuel
EF94521,148.00,193.00,,,,,,Meltblown,Cartridge,fuel
EF94601,50.00,,50.00,44.00,,,,Synthetic,Cartridge,fuel
EF94604,95.00,141.00,110.00,102.00,,,,"Cellulose, Meltblown",Cartridge,fuel
EF94620,93.00,136.00,72.00,62.00,M16 x 1.5,,,Cellulose,Spin-On,fuel
EF94628,76.00,,70.00,60.00,M16 x 1.5,,,,Spin-On,fuel
EF94869,47.50,156.00,,,,,,,In-Line,fuel
EF94895,108.00,158.00,102.00,94.00,1-14 UN,,,"Cellulose, Meltblown",Spin-On,fuel
EF94925,107.90,158.00,103.00,93.00,1-14 UN,4,,,Spin-On,fuel
EF94943,91.50,101.50,,,,,,,Cartridge,fuel
EF94945,75.00,113.20,,,,,,,Cartridge,fuel
EF94947,95.00,,,,,232,,Synthetic,,fuel
EF94970,109.50,263.00,101.00,92.00,M32 x 1.5,,,,Spin-On,fuel
EF95001,96.80,252.50,,,1-14 UN,75,,Cellulose,Spin-On,fuel
EF95003,96.77,204.72,,,1-14 UN,75,,Cellulose,Spin-On,fuel
EF95006,111.30,289.10,,,1-14 UN,75,,Cellulose,Spin-On,fuel
EF95010,96.80,188.00,,,1-14 UN,75,,Cellulose,Spin-On,fuel
EF95060,111.30,217.60,74.00,62.74,1-14 UN,75,,Cellulose,Spin-On,fuel
EF95072,93.00,86.00,72.00,62.00,1 1/4-12 UN,,,,Spin-On,fuel
EF95073,93.00,86.00,72.00,62.00,1-14 UN,,,,Spin-On,fuel
EF95095,76.80,82.80,70.20,60.50,M16 x 1.5,100,,Cellulose,Spin-On,fuel
EF95199,135.50,306.00,110.00,100.00,M39 x 1.5,,,Synthetic,Spin-On,fuel
EF952378,28.96,57.66,,,,,,,Cartridge,fuel
EF952423,80.00,138.18,,,,,,,Cartridge,fuel
EF95325,80.00,179.00,,,,,,Cellulose,In-Line,fuel
EF95373,95.00,144.00,,,,,,,Cartridge,fuel
EF95606,107.40,216.40,103.50,96.07,1-14 UN,58,,"Cellulose, Meltblown",,fuel
EF95627,93.00,200.00,72.00,62.00,1-14 UN,100,,Cellulose,Spin-On,fuel
EF95686,118.00,297.00,119.00,102.00,M90 x 2,149,,Composite,Spin-On,fuel
EF95706,101.50,212.84,65.99,57.00,,,,,Spin-On,fuel
EF95776,118.00,224.00,119.00,102.00,M90 x 2,,,Synteq,Spin-On,fuel
EF95782,118.00,264.00,110.50,101.60,2 1/4-12 UN,170,,Synteq XP,Spin-On,fuel
EF95810,136.00,308.00,110.50,100.30,1 3/8-16 UN,,,Synteq XP,Spin-On,fuel
EF95811,118.00,297.00,119.00,102.00,M90 x 2,149,,Synteq XP,Spin-On,fuel
EF95812,93.00,174.00,72.00,62.00,M20 x 1.5,,,Synteq XP,Spin-On,fuel
EF95814,93.00,174.00,72.00,62.00,1-14 UN,,,Synteq XP,Spin-On,fuel
EF95816,80.80,176.00,74.00,64.00,7/8-14 UN,,,Synteq XP,,fuel
EF95817,93.00,233.00,72.00,62.00,1-14 UN,,,Synteq XP,Spin-On,fuel
EF95823,107.50,262.00,72.00,62.00,1-14 UN,100,,Cellulose,Spin-On,fuel
EF95957,109.00,204.00,90.40,80.30,1-14 UN,,,Cellulose,Spin-On,fuel
EF95967,107.50,231.00,99.00,90.30,M32 x 1.5,250,,Synteq XP,Spin-On,fuel
EF96054,108.00,181.00,99.00,90.00,1-14 UN,,,,Spin-On,fuel
EF96154,102.00,,72.00,,1-14 UN,102,,,,fuel
EF96197,79.00,65.00,,,,41,,Cellulose,,fuel
EF96245,88.50,71.20,,,,,,Cellulose,Cartridge,fuel
EF96285,,117.40,,,,,,,Box,fuel
EF96287,84.00,112.00,,,,,,,Cartridge,fuel
EF96310,93.00,150.90,,,M92 x 2.5,,,Cellulose,Spin-On,fuel
EF96312,97.50,171.50,,,M92 x 2.5,,,Cellulose,Spin-On,fuel
EF963995,108.00,171.00,72.00,62.00,M16 x 1.5,145,,Cellulose,Spin-On,fuel
EF96745,,128.00,,,,,,,Box,fuel
EF96776,118.00,224.00,119.00,102.00,M90 x 2,149,,Synteq XP,Spin-On,fuel
EF96823,101.60,234.90,63.50,41.70,,,,Synteq XP,Cartridge,fuel
EF96915,93.00,200.00,86.20,77.50,1-12 UN,100,,Cellulose,Spin-On,fuel
EF96916,93.00,174.00,86.20,77.50,13/16-12 UN,75,,Cellulose,Spin-On,fuel
EF96917,93.00,174.00,86.20,77.50,13/16-12 UN,75,,Cellulose,Spin-On,fuel
EF96918,80.10,115.10,,,,,,,Cartridge,fuel
EF96926,108.00,231.00,99.00,90.00,1-14 UN,,,"Cellulose, Meltblown",Spin-On,fuel
EF97004,104.60,183.50,,,,,,,Cartridge,fuel
EF97009,104.60,189.60,,,,,,,Cartridge,fuel
EF97264,,117.40,,,,,,,Box,fuel
EF97440,93.00,174.00,72.00,62.00,1-14 UN,100,,Cellulose,Spin-On,fuel
EF97917,92.90,174.00,86.20,77.50,13/16-12 UN,75,,Synteq XP,Spin-On,fuel
EF98000,93.00,193.00,72.00,62.00,1-14 UN,75,,Cellulose,Spin-On,fuel
EF98010,93.00,193.20,86.20,77.50,1-12 UN,75,,Cellulose,Spin-On,fuel
EF980694,97.50,173.00,,,,,,Coalescing,Cartridge,fuel
EF980710,152.00,189.80,,,,,,Coalescing,Cartridge,fuel
EF98298,96.00,,72.00,62.00,1-12 UN,,,,Spin-On,fuel
EF984000,80.60,171.10,,,M94 x 3,,,,Spin-on,fuel
EF98600,126.49,234.95,,,,,,,Cartridge,fuel
EF98712,93.20,155.90,72.00,62.00,13/16-18 UN,100,,Cellulose,Spin-On,fuel
EF98727,119.40,295.40,85.97,78.97,1 3/4-12 UN,,,Synteq XP,Spin-On,fuel
EF98792,86.40,160.50,,,,,,Cellulose,Cartridge,fuel
EF99100,93.80,132.30,69.30,61.30,15/16-16 UN,100,,,Spin-On,fuel
EF99111,108.00,202.00,,,,,,,,fuel
EF99125,108.00,147.00,99.00,90.00,1-14 UN,,,Composite,Spin-On,fuel
EF99143,93.00,181.00,72.00,62.00,M16 x 1.5,,,,Spin-on,fuel
EF99163,108.00,127.90,91.00,90.00,1-14 UN,,,Synteq XP,Spin-On with Bowl Thread,fuel
EF99195,93.00,200.00,72.00,62.00,M18 x 1.5,,,Cellulose,Spin-On,fuel
EF99230,93.70,221.76,72.13,62.48,1 1/4-12 UN,87,,,Spin-On,fuel
EF99236,86.00,115.00,,,,,,,Cartridge,fuel
EF99291,93.00,181.00,72.00,62.00,M16 x 1.5,,,"Cellulose, Treated",Spin-On,fuel
EF99292,93.00,181.00,72.00,62.00,M16 x 1.5,,,"Cellulose, Treated",Spin-On,fuel
EF99294,93.00,150.50,71.00,62.00,M18 x 1.5,,,"Cellulose, Meltblown",Spin-On,fuel
EF99622,108.00,,99.00,90.00,1-14 UN,,,,Spin-On,fuel
EF99624,96.00,210.00,71.00,62.00,M16 x 1.5,100,,,Spin-On,fuel
EF99803,,125.70,,,,,,,Box,fuel
EF99849,85.00,114.00,,,,,,,,fuel
EF99850,101.60,234.90,,,,,,,Cartridge,fuel
EF99889,96.00,150.00,72.00,62.00,M18 x 1.5,,,,Spin-On,fuel
EF99940,108.00,161.50,,,,,,Cellulose,Cartridge,fuel
EH60027,135.30,308.00,110.80,100.30,1 1/2-16 UN,,,Synthetic,Spin-On,hydraulic
EH60028,135.30,308.00,110.80,100.30,1 1/2-16 UN,,,Synthetic,Spin-On,hydraulic
EH60044,150.00,140.00,,,,,,Wire Mesh,Cartridge,hydraulic
EH60052,124.00,127.00,,87.00,M10 x 1.5,100,,Wire Mesh,Cartridge,hydraulic
EH60055,80.00,234.60,,40.00,,290,,Wire Mesh,Cartridge,hydraulic
EH60061,142.90,304.90,,,,149,,Synthetic,Cartridge,hydraulic
EH60063,143.00,304.80,,,,75,,Synthetic,Cartridge,hydraulic
EH60066,61.98,127.00,,,,149,,Synthetic,Cartridge,hydraulic
EH60068,62.10,126.90,,,,149,,Synthetic,Cartridge,hydraulic
EH60073,61.98,234.95,,,,149,,Synthetic,Cartridge,hydraulic
EH60078,188.98,558.80,,,,100,,Wire Mesh,Cartridge,hydraulic
EH60079,114.55,229.11,,,,,,,Cartridge,hydraulic
EH60082,65.00,277.88,,,,100,,Cellulose,Cartridge,hydraulic
EH60083,112.00,292.10,,,,100,,Cellulose,Cartridge,hydraulic
EH60084,62.00,235.00,,,,149,,Synthetic,Cartridge,hydraulic
EH60085,61.98,234.95,,,,149,,Synthetic,Cartridge,hydraulic
EH60088,43.00,84.00,,,,100,,Synthetic,Cartridge,hydraulic
EH60090,112.40,228.70,,,,149,,Synthetic,Cartridge,hydraulic
EH60092,112.27,228.60,,,,149,,Synthetic,Cartridge,hydraulic
EH60095,91.44,187.96,,,,149,,Synthetic,Cartridge,hydraulic
EH60098,91.50,188.10,,,,149,,Synthetic,Cartridge,hydraulic
EH60099,91.50,188.00,,,,149,,Synthetic,Cartridge,hydraulic
EH60102,152.80,456.70,,66.55,,75,,Synthetic,Cartridge,hydraulic
EH60109,150.00,,,,,,,Cellulose,Cartridge,hydraulic
EH60128,127.00,76.20,,,,,,,Cartridge,hydraulic
EH60133,66.00,180.10,,,,,,Cellulose,Cartridge,hydraulic
EH60138,115.00,178.80,,,,80,,Cellulose,Cartridge,hydraulic
EH60140,114.10,178.80,,,,175,,Cellulose,Cartridge,hydraulic
EH60155,70.00,194.00,,,,,,Cellulose,Cartridge,hydraulic
EH60212,152.40,457.20,,,,75,,Cellulose,Cartridge,hydraulic
EH60213,152.40,455.93,,,,75,,Cellulose,Cartridge,hydraulic
EH60216,152.40,457.20,,,,75,,Cellulose,Cartridge,hydraulic
EH60222,93.00,136.20,72.00,62.00,3/4-16 UN,,,Cellulose,Spin-On,hydraulic
EH60223,118.50,260.00,107.60,93.00,1 5/16-12 UN,,,Cellulose,Spin-On,hydraulic
EH60229,97.00,178.00,71.00,61.00,1-12 UN,,,Cellulose,Spin-On,hydraulic
EH60230,93.00,213.00,71.00,62.00,1-12 UN,,,Cellulose,Spin-On,hydraulic
EH60232,66.55,115.80,,,,,,,Cartridge,hydraulic
EH60250,128.00,270.80,128.00,120.90,1 1/2-16 UN,,,Cellulose,Spin-On,hydraulic
EH60251,128.00,270.80,128.00,120.90,1 1/2-16 UN,,,Cellulose,Spin-On,hydraulic
EH60252,128.00,270.80,128.00,120.90,1 1/2-16 UN,,,Cellulose,Spin-On,hydraulic
EH60274,94.50,146.30,71.90,62.50,1-12 UN,,,Wire Mesh,Spin-On,hydraulic
EH60275,128.00,169.20,128.00,120.90,1 1/2-16 UN,,,Wire Mesh,Spin-On,hydraulic
EH60276,128.00,270.80,128.00,120.90,1 1/2-16 UN,,,Wire Mesh,Spin-On,hydraulic
EH60284,101.35,227.58,,,,100,,Cellulose,Cartridge,hydraulic
EH60308,79.50,140.21,79.50,47.00,2-12 UN,,,Synthetic,Spin-On,hydraulic
EH60309,79.50,241.81,79.50,47.00,2-12 UN,,,Synthetic,Spin-On,hydraulic
EH60310,79.50,140.20,79.50,47.00,2-12 UN,,,Synthetic,Spin-On,hydraulic
EH60311,79.50,241.80,79.50,47.00,2-12 UN,,,Synthetic,Spin-On,hydraulic
EH60312,79.50,140.20,76.20,47.22,2-12 UN,,,Synthetic,Spin-On,hydraulic
EH60313,79.50,241.81,76.20,47.00,2-12 UN,,,Synthetic,Spin-On,hydraulic
EH60314,145.20,919.00,,94.80,,290,,Synthetic,,hydraulic
EH60315,145.20,919.00,,94.80,,290,,Synthetic,,hydraulic
EH60316,146.20,283.70,,,,350,,,,hydraulic
EH60320,127.00,297.40,105.90,92.70,1 1/2-16 UN,,,Synthetic,Spin-On,hydraulic
EH60326,145.22,,,,,149,,Synthetic,Cartridge,hydraulic
EH60327,46.00,152.00,,,,3047,,Wire Mesh,Cartridge,hydraulic
EH60386,127.00,182.60,128.00,120.90,1 1/2-16 UN,,,Cellulose,Spin-On,hydraulic
EH60387,123.50,169.20,128.00,120.90,1 1/2-16 UN,,,Cellulose,Spin-On,hydraulic
EH60388,128.20,182.70,129.60,122.00,1 1/2-16 UN,,,Cellulose,Spin-On,hydraulic
EH60398,86.60,,,,,290,,,Cartridge,hydraulic
EH60400,129.00,461.00,,,,145,,Synthetic,Cartridge,hydraulic
EH60401,99.00,460.25,,,,145,,Synthetic,Cartridge,hydraulic
EH60402,98.00,465.00,,,,145,,Synthetic,Cartridge,hydraulic
EH60403,78.00,427.00,,,,145,,Synthetic,Cartridge,hydraulic
EH60404,78.00,327.00,,,,145,,Synthetic,Cartridge,hydraulic
EH60405,96.40,427.00,,,,145,,Synthetic,Cartridge,hydraulic
EH60406,96.40,653.00,,,,145,,Synthetic,Cartridge,hydraulic
EH60415,121.92,290.10,,,1 1/2-16 UN,200,,,Spin-On,hydraulic
EH60416,97.00,181.00,,,M24 x 1.5,,,Cellulose,Spin-On,hydraulic
EH60417,121.92,290.10,,,1 1/2-16 UN,200,,,Spin-On,hydraulic
EH60426,76.80,82.80,70.20,60.50,3/4-16 UN,,,Cellulose,Spin-On,hydraulic
EH60427,152.40,216.00,,,,100,,Cellulose,Cartridge,hydraulic
EH60429,97.70,,,,,149,,Synthetic,Cartridge,hydraulic
EH60445,93.50,173.00,70.00,62.00,2-16 UN,,,,Spin-On,hydraulic
EH60464,76.80,82.80,70.20,60.50,3/4-16 UN,,,Cellulose,Spin-On,hydraulic
EH60476,100.33,119.89,,,,,,,In-Line,hydraulic
EH60477,100.33,,,,,,,Cellulose,In-Line,hydraulic
EH60480,79.50,140.20,76.20,47.00,2-12 UN,,,Cellulose,Spin-On,hydraulic
EH60486,77.40,139.70,69.00,59.30,13/16-16 UN,,,Cellulose,Spin-On,hydraulic
EH60487,88.10,70.40,,,,,,Cellulose,Cartridge,hydraulic
EH60494,86.60,,,,,290,,,Cartridge,hydraulic
EH60523,128.80,174.80,,,,100,,Cellulose,Cartridge,hydraulic
EH60526,111.51,127.00,,,,125,,Synthetic,Cartridge,hydraulic
EH60527,111.51,203.20,,,,125,,Synthetic,Cartridge,hydraulic
EH60532,139.95,254.00,,,,,,,In-Line,hydraulic
EH60542,97.00,151.13,70.00,63.00,1 1/8-16 UN,,,,Spin-On,hydraulic
EH60546,119.38,361.69,86.00,79.00,1 3/4-12 UN,,,Synthetic,Spin-On,hydraulic
EH60573,93.98,110.74,69.34,61.45,1 1/8-16 UN,,,Wire Mesh,Spin-On,hydraulic
EH60575,130.30,280.90,,,,,,,Cartridge,hydraulic
EH60576,42.50,83.50,,,,218,,,Cartridge,hydraulic
EH60577,140.00,425.00,,,,,,Cellulose,Cartridge,hydraulic
EH60578,89.66,290.58,,,,,,,Cartridge,hydraulic
EH60582,132.10,460.50,,,,,,Cellulose,Cartridge,hydraulic
EH60584,97.00,239.78,70.15,63.10,1 3/8-12 UN,,,"Cellulose, Water Absorbent",Spin-On,hydraulic
EH60587,47.80,83.30,,,,3047,,Synthetic,Cartridge,hydraulic
EH60588,47.65,,,,,3002,,Synthetic,Cartridge,hydraulic
EH60589,47.62,,,,,3002,,Synthetic,Cartridge,hydraulic
EH60590,69.22,,,,,3002,,Synthetic,Cartridge,hydraulic
EH60591,69.22,,,,,3002,,Synthetic,Cartridge,hydraulic
EH60592,69.22,,,,,3002,,Synthetic,Cartridge,hydraulic
EH60593,69.22,,,,,3002,,Synthetic,Cartridge,hydraulic
EH60594,53.90,,,,,149,,Synthetic,Cartridge,hydraulic
EH60595,53.90,,,,,149,,Synthetic,Cartridge,hydraulic
EH60596,90.70,329.00,,,,3047,,Synthetic,Cartridge,hydraulic
EH60597,90.70,329.00,,,,3047,,Synthetic,Cartridge,hydraulic
EH60598,53.90,,,,,149,,Synthetic,Cartridge,hydraulic
EH60599,35.00,93.20,,,,149,,Synthetic,Cartridge,hydraulic
EH60600,53.90,,,,,149,,Synthetic,Cartridge,hydraulic
EH60601,101.60,106.93,,,,,,,Cartridge,hydraulic
EH60602,53.90,,,,,149,,Synthetic,Cartridge,hydraulic
EH60603,53.90,,,,,149,,Synthetic,Cartridge,hydraulic
EH60604,53.90,,,,,149,,Synthetic,Cartridge,hydraulic
EH60605,139.70,177.80,110.74,100.58,1 1/2-16 UN,,,,Spin-On,hydraulic
EH60606,73.40,76.20,69.90,61.50,3/4-20 UN,,,,Spin-On,hydraulic
EH60607,53.90,,,,,149,,Synthetic,Cartridge,hydraulic
EH60608,53.90,,,,,149,,Synthetic,Cartridge,hydraulic
EH60609,53.90,,,,,149,,Synthetic,Cartridge,hydraulic
EH60610,53.90,,,,,149,,Synthetic,Cartridge,hydraulic
EH60611,53.90,,,,,149,,Synthetic,Cartridge,hydraulic
EH60612,53.90,,,,,149,,Synthetic,Cartridge,hydraulic
EH60613,53.90,,,,,149,,Synthetic,Cartridge,hydraulic
EH60614,53.90,,,,,149,,Synthetic,Cartridge,hydraulic
EH60615,133.40,289.00,,,M48 x 2,,,,Spin-On,hydraulic
EH60616,53.90,,,,,149,,Synthetic,Cartridge,hydraulic
EH60617,53.90,,,,,149,,Synthetic,Cartridge,hydraulic
EH60618,53.90,,,,,149,,Synthetic,Cartridge,hydraulic
EH60619,53.90,,,,,149,,Synthetic,Cartridge,hydraulic
EH60620,53.90,,,,,149,,Synthetic,Cartridge,hydraulic
EH60621,53.90,,,,,149,,Synthetic,Cartridge,hydraulic
EH60622,79.25,,,,,149,,Synthetic,Cartridge,hydraulic
EH60623,79.25,,,,,149,,Synthetic,Cartridge,hydraulic
EH60624,79.25,,,,,149,,Synthetic,Cartridge,hydraulic
EH60625,79.25,,64.97,,,149,,Synthetic,Cartridge,hydraulic
EH60626,79.25,,,,,149,,Synthetic,Cartridge,hydraulic
EH60627,79.40,,65.00,,,149,,Synthetic,Cartridge,hydraulic
EH60628,79.40,,65.00,,,149,,Synthetic,Cartridge,hydraulic
EH60629,79.40,,65.00,,,149,,Synthetic,Cartridge,hydraulic
EH60630,79.40,,65.00,,,149,,Synthetic,Cartridge,hydraulic
EH60631,79.40,,65.00,,,149,,Synthetic,Cartridge,hydraulic
EH60637,127.00,104.60,,,,,,,Cartridge,hydraulic
EH60648,102.60,229.00,63.50,45.20,,100,,Cellulose,Cartridge,hydraulic
EH60653,128.00,199.30,128.00,120.90,1 1/2-16 UN,,,Synthetic,Spin-On,hydraulic
EH60693,93.00,136.00,71.50,61.50,1-12 UN,,,Synthetic,Spin-On,hydraulic
EH60694,88.40,142.00,,,,35,,Cellulose,Cartridge,hydraulic
EH60696,87.90,235.00,,,,75,,,Cartridge,hydraulic
EH60698,101.10,127.00,,,,,,,Cartridge,hydraulic
EH60699,88.00,140.00,,,,,,,Cartridge,hydraulic
EH60700,111.51,406.40,,,,49,,Wire Mesh,Cartridge,hydraulic
EH60701,94.50,173.00,71.90,62.50,2-16 UN,,,,Spin-On,hydraulic
EH60702,149.90,450.00,,,,145,,Synthetic,Cartridge,hydraulic
EH60705,95.30,203.20,88.00,75.00,1 1/2-16 UN,,,,Spin-On,hydraulic
EH60709,83.50,142.00,,,,3047,,Synthetic,Cartridge,hydraulic
EH60713,83.50,255.00,,,,3047,,Synthetic,Cartridge,hydraulic
EH60714,83.50,255.00,,,,3047,,Synthetic,Cartridge,hydraulic
EH60715,83.50,255.00,,,,3047,,Synthetic,Cartridge,hydraulic
EH60716,83.50,373.00,,,,3046,,Synthetic,Cartridge,hydraulic
EH60718,83.50,373.00,,,,3046,,Synthetic,Cartridge,hydraulic
EH60719,99.00,210.00,,,,3047,,Synthetic,Cartridge,hydraulic
EH60720,130.00,250.00,,,,145,,Synthetic,Cartridge,hydraulic
EH60747,150.80,,,,,149,,Synthetic,Cartridge,hydraulic
EH60752,150.80,,,,,149,,Synthetic,Cartridge,hydraulic
EH60754,150.80,,,,,149,,Synthetic,Cartridge,hydraulic
EH60756,150.80,,,,,149,,Synthetic,Cartridge,hydraulic
EH60781,101.30,128.50,,,,,,,Cartridge,hydraulic
EH60786,94.23,151.64,70.15,63.10,1-12 UN,,,Synthetic,Spin-On,hydraulic
EH60787,150.00,199.90,,,,149,,Synthetic,Cartridge,hydraulic
EH60790,150.80,389.13,,,,,,Synthetic,Cartridge,hydraulic
EH60816,79.20,228.60,,,,200,,Cellulose,Cartridge,hydraulic
EH60825,86.00,310.00,,,1 1/2 BSP/G,,,Wire Mesh,Strainer,hydraulic
EH60826,94.50,625.20,,,,435,,,Cartridge,hydraulic
EH60827,94.50,410.00,,,,435,,,Cartridge,hydraulic
EH60830,85.85,64.77,,,,,,,Cartridge,hydraulic
EH60831,63.23,135.89,,,,,,Synthetic,Cartridge,hydraulic
EH60832,63.20,135.90,,,,,,Synthetic,Cartridge,hydraulic
EH60833,63.20,244.30,,,,,,Synthetic,Cartridge,hydraulic
EH60834,63.20,244.30,,,,,,Synthetic,Cartridge,hydraulic
EH60835,63.20,244.30,,,,,,Synthetic,Cartridge,hydraulic
EH60836,143.41,617.20,,,,,,Synthetic,Cartridge,hydraulic
EH60837,188.98,558.80,,,,100,,Cellulose,Cartridge,hydraulic
EH60860,145.22,,,,,435,,Synthetic,Cartridge,hydraulic
EH60861,145.22,437.64,,,,435,,Synthetic,Cartridge,hydraulic
EH60892,97.65,313.70,,,,149,,,Cartridge,hydraulic
EH60893,97.70,,70.15,63.10,,149,,,Cartridge,hydraulic
EH60894,97.60,313.70,70.15,63.10,,149,,,Cartridge,hydraulic
EH60896,188.98,558.80,,,,100,,Synthetic,Cartridge,hydraulic
EH60901,108.70,264.90,,,,149,,Synthetic,,hydraulic
EH60903,119.90,,,,,,,Synthetic,,hydraulic
EH60906,119.40,295.40,86.00,79.00,1 3/4-12 UN,,,Synthetic,Spin-On,hydraulic
EH60921,130.40,174.80,,,,,,Synthetic,Cartridge,hydraulic
EH60922,129.40,276.40,,,,,,Synthetic,Cartridge,hydraulic
EH60923,129.00,276.40,,,,,,Synthetic,Cartridge,hydraulic
EH60924,173.80,225.60,152.40,,,100,,Synteq XP,Cartridge,hydraulic
EH60925,173.80,225.60,152.40,107.40,,145,,Synthetic,Cartridge,hydraulic
EH60926,173.80,225.60,,,,,,Synthetic,Cartridge,hydraulic
EH60927,77.10,207.80,,,,,,Cellulose,Cartridge,hydraulic
EH60939,114.30,362.60,,,,,,Synthetic,Cartridge,hydraulic
EH60940,114.30,362.60,,,,,,Synthetic,Cartridge,hydraulic
EH60941,114.30,362.60,,,,,,Synthetic,Cartridge,hydraulic
EH60942,114.30,362.60,,,,,,Synthetic,Cartridge,hydraulic
EH60943,114.30,598.40,,,,,,Synthetic,Cartridge,hydraulic
EH60944,114.30,598.40,,,,,,Synthetic,Cartridge,hydraulic
EH60945,114.30,598.40,,,,,,Synthetic,Cartridge,hydraulic
EH60946,114.30,598.40,,,,,,Synthetic,Cartridge,hydraulic
EH60947,114.30,362.60,,,,,,"Cellulose, Water Absorbent",Cartridge,hydraulic
EH60948,114.30,598.40,,,,,,"Cellulose, Water Absorbent",Cartridge,hydraulic
EH60949,119.40,361.60,86.00,79.00,1 3/4-12 UN,,,Alpha-web™,Spin-On,hydraulic
EH60974,98.00,231.00,,,,149,,,,hydraulic
EH60975,98.00,231.00,,,,149,,,,hydraulic
EH60976,,231.00,,,,149,,,,hydraulic
EH60977,98.00,231.00,,,,149,,,,hydraulic
EH60978,98.00,231.00,,,,149,,,,hydraulic
EH60979,98.00,231.00,,,,149,,"Cellulose, Water Absorbent",,hydraulic
EH60980,98.00,468.00,,,,149,,,,hydraulic
EH60981,98.00,468.00,,,,149,,,,hydraulic
EH60982,98.00,468.00,,,,149,,,,hydraulic
EH60983,98.00,468.00,,,,149,,,,hydraulic
EH60984,98.00,466.00,,,,149,,,,hydraulic
EH60985,98.00,705.00,,,,149,,,,hydraulic
EH60986,98.00,705.00,,,,149,,,,hydraulic
EH60987,98.00,705.00,,,,149,,,,hydraulic
EH60988,98.00,705.00,,,,149,,,,hydraulic
EH60989,98.00,705.00,,,,149,,,,hydraulic
EH61013,121.00,294.50,86.00,78.97,1 3/4-12 UN,,,Synthetic,Spin-On,hydraulic
EH61016,111.51,406.40,,,,125,,Synthetic,Cartridge,hydraulic
EH61040,69.00,207.80,,,,73,,Wire Mesh,In-Line,hydraulic
EH61041,44.07,113.40,30.00,25.00,,3002,,Synthetic,Cartridge,hydraulic
EH61054,100.10,210.10,,,,,,Cellulose,Cartridge,hydraulic
EH61061,97.50,950.00,,,,,,,,hydraulic
EH61094,101.60,232.00,98.00,58.40,,150,,Cellulose,Cartridge,hydraulic
EH61095,128.80,226.00,123.80,85.00,,150,,Cellulose,Cartridge,hydraulic
EH61096,128.80,174.80,123.80,85.00,,100,,Cellulose,Cartridge,hydraulic
EH61108,97.10,115.00,70.15,63.10,M23 x 1.5,,,Synthetic,Spin-On,hydraulic
EH61142,149.86,299.97,,,,149,,Cellulose,Cartridge,hydraulic
EH61158,100.10,231.70,,,,100,,Cellulose,Cartridge,hydraulic
EH61160,100.10,277.88,,,,100,,Cellulose,Cartridge,hydraulic
EH61183,128.00,270.80,128.80,120.00,1 1/2-16 UN,,,"Synthetic, Water Absorbent",Spin-On,hydraulic
EH61200,69.80,85.30,,,,,,,Cartridge,hydraulic
EH61204,93.20,95.50,72.00,62.50,1-12 UN,,,,Spin-On,hydraulic
EH61209,80.00,249.00,,,,435,,Cellulose,Cartridge,hydraulic
EH61210,149.86,450.10,,,,200,,Cellulose,Cartridge,hydraulic
EH61215,114.81,228.60,,,,100,,Cellulose,Cartridge,hydraulic
EH61217,140.00,250.00,,,,435,,Wire Mesh,Cartridge,hydraulic
EH61222,114.30,188.78,,,,120,,,Cartridge,hydraulic
EH61230,160.00,990.00,,,,,,Synthetic,Cartridge,hydraulic
EH61234,93.22,143.76,71.88,62.48,1-12 UN,,,,Spin-On,hydraulic
EH61235,98.00,241.30,84.10,79.00,1 1/2-16 UN,,,Cellulose,Spin-On,hydraulic
EH61237,142.00,513.00,,,,435,,,Cartridge,hydraulic
EH61238,158.50,399.80,,88.70,,225,,Synthetic,,hydraulic
EH61239,158.50,399.80,,88.70,,225,,Synthetic,,hydraulic
EH61240,158.50,399.80,,88.70,,225,,Synthetic,,hydraulic
EH61241,158.50,399.80,,88.70,,225,,Synthetic,,hydraulic
EH61242,124.21,208.79,106.00,,1 1/2-16 UN,,,Cellulose,Spin-On,hydraulic
EH61243,158.50,399.80,,88.70,,225,,Synthetic,,hydraulic
EH61244,72.00,165.00,,,,75,,Wire Mesh,Cartridge,hydraulic
EH61245,72.00,165.00,,,,75,,Wire Mesh,Cartridge,hydraulic
EH61247,74.00,222.00,,,,435,,Cellulose,Cartridge,hydraulic
EH61248,69.34,220.73,,,,75,,Wire Mesh,Cartridge,hydraulic
EH61255,102.00,234.00,,,,435,,Wire Mesh,Cartridge,hydraulic
EH61267,142.00,263.00,,,,435,,Synthetic,Cartridge,hydraulic
EH61271,140.00,424.60,,,,149,,Synthetic,Cartridge,hydraulic
EH61273,119.40,295.40,86.00,79.00,1 3/4-12 UN,,,Synthetic,Spin-On,hydraulic
EH61274,119.38,295.40,86.00,79.00,1 3/4-12 UN,,,Synthetic,Spin-On,hydraulic
EH61275,119.38,295.40,86.00,79.00,1 3/4-12 UN,,,Synthetic,Spin-On,hydraulic
EH61276,119.38,295.40,86.00,79.00,1 3/4-12 UN,,,Synthetic,Spin-On,hydraulic
EH61279,189.00,558.80,,,,49,,Synthetic,Cartridge,hydraulic
EH61280,53.00,143.00,,,,435,,Wire Mesh,Cartridge,hydraulic
EH61290,100.10,234.95,,,,100,,Cellulose,Cartridge,hydraulic
EH61310,68.33,115.82,,,,149,,Synthetic,Cartridge,hydraulic
EH61311,68.40,115.80,,,,149,,Synthetic,Cartridge,hydraulic
EH61313,57.20,,,,,300,,Synthetic,Cartridge,hydraulic
EH61314,68.33,236.47,,,,149,,Synthetic,Cartridge,hydraulic
EH61315,68.40,236.50,,,,149,,Synthetic,Cartridge,hydraulic
EH61320,45.00,83.00,,,,435,,Wire Mesh,Cartridge,hydraulic
EH61322,45.00,83.00,,,,435,,Wire Mesh,Cartridge,hydraulic
EH61323,93.00,136.00,72.00,62.00,1 1/8-16 UN,,,,Spin-On,hydraulic
EH61324,93.00,114.80,72.50,61.50,13/16-16 UN,,,Cellulose,Spin-On,hydraulic
EH61326,45.00,83.00,,,,435,,Cellulose,Cartridge,hydraulic
EH61327,95.50,144.30,71.80,62.00,3/4-16 UN,,,Cellulose,Spin-On,hydraulic
EH61328,45.00,98.00,,,,435,,Wire Mesh,Cartridge,hydraulic
EH61333,149.86,450.10,,,,200,,Cellulose,Cartridge,hydraulic
EH61334,149.86,450.10,,,,200,,Cellulose,Cartridge,hydraulic
EH61336,45.00,158.00,,,,435,,Wire Mesh,Cartridge,hydraulic
EH61342,45.00,247.00,,,,435,,Wire Mesh,Cartridge,hydraulic
EH61344,45.00,247.00,,,,435,,Synthetic,Cartridge,hydraulic
EH61346,45.00,247.00,,,,435,,Synthetic,Cartridge,hydraulic
EH61347,51.00,75.00,,,,,,Cellulose,Cartridge,hydraulic
EH61348,93.00,173.00,71.00,51.00,1 1/8-16 UN,,,Cellulose,Spin-On,hydraulic
EH61349,60.00,175.00,,,,,,Synthetic,Cartridge,hydraulic
EH61352,60.00,225.00,,,,435,,Synthetic,Cartridge,hydraulic
EH61353,60.00,225.00,,,,435,,Synthetic,Cartridge,hydraulic
EH61354,202.00,330.00,,,,145,,Cellulose,Cartridge,hydraulic
EH61361,140.00,250.00,69.40,,,149,,Synthetic,,hydraulic
EH61362,140.00,250.00,69.40,,,149,,Synthetic,,hydraulic
EH61363,80.00,248.00,,,,435,,Synthetic,Cartridge,hydraulic
EH61364,80.00,248.00,,,,,,Synthetic,Cartridge,hydraulic
EH61365,152.40,457.20,,,,49,,Synthetic,Cartridge,hydraulic
EH61366,140.00,388.37,,,,149,,Synthetic,Cartridge,hydraulic
EH61367,140.00,388.37,,,,149,,Synthetic,Cartridge,hydraulic
EH61368,80.00,398.00,,,,435,,Synthetic,Cartridge,hydraulic
EH61369,92.00,255.00,,,,87,,Cellulose,Cartridge,hydraulic
EH61370,80.00,397.00,,,,435,,Synthetic,Cartridge,hydraulic
EH61371,78.69,,,39.10,,450,,Synthetic,Cartridge,hydraulic
EH61372,78.69,,,39.10,,450,,Synthetic,Cartridge,hydraulic
EH61373,78.00,,,,,300,,Synthetic,Cartridge,hydraulic
EH61374,78.00,,,,,300,,Synthetic,Cartridge,hydraulic
EH61375,44.00,33.00,,,,450,,Wire Mesh,Cartridge,hydraulic
EH61376,78.70,247.90,,,,450,,Synthetic,Cartridge,hydraulic
EH61377,78.70,400.00,,,,300,,Synthetic,Cartridge,hydraulic
EH61379,74.00,152.00,,,,435,,Wire Mesh,Cartridge,hydraulic
EH61380,78.70,400.00,,,,450,,Synthetic,Cartridge,hydraulic
EH61383,74.00,152.00,,,,435,,Wire Mesh,Cartridge,hydraulic
EH61384,78.00,156.00,,,,3047,,Wire Mesh,Cartridge,hydraulic
EH61391,78.00,156.00,,,,3047,,Synthetic,Cartridge,hydraulic
EH61392,154.40,,,,,149,,Synthetic,Cartridge,hydraulic
EH61394,74.00,152.00,,,,435,,Synthetic,Cartridge,hydraulic
EH61401,43.00,53.00,,,,435,,Wire Mesh,Cartridge,hydraulic
EH61407,74.00,225.00,,,,435,,Wire Mesh,Cartridge,hydraulic
EH61412,74.00,225.00,,,,435,,Synthetic,Cartridge,hydraulic
EH61413,111.51,203.20,,,,100,,Cellulose,Cartridge,hydraulic
EH61419,43.00,83.00,,,,435,,Wire Mesh,Cartridge,hydraulic
EH61421,43.00,83.00,,,,435,,Wire Mesh,Cartridge,hydraulic
EH61427,43.00,83.00,,,,435,,,Cartridge,hydraulic
EH61428,43.00,83.00,,,,435,,Wire Mesh,Cartridge,hydraulic
EH61430,43.00,83.00,,,,435,,Synthetic,Cartridge,hydraulic
EH61432,43.00,83.00,,,,,,Synthetic,Cartridge,hydraulic
EH61437,43.00,83.00,,,,435,,Cellulose,Cartridge,hydraulic
EH61438,74.00,275.00,,,,,,Wire Mesh,Cartridge,hydraulic
EH61439,78.00,281.00,,,,3047,,Wire Mesh,Cartridge,hydraulic
EH61441,74.00,275.00,,,,3047,,Synthetic,Cartridge,hydraulic
EH61444,74.00,275.00,,,,435,,Synthetic,Cartridge,hydraulic
EH61450,74.00,376.00,,,,,,Synthetic,Cartridge,hydraulic
EH61451,78.00,381.00,,,,,,Synthetic,Cartridge,hydraulic
EH61454,111.51,374.39,,,,100,,Cellulose,Cartridge,hydraulic
EH61459,53.00,94.00,,,,435,,Wire Mesh,Cartridge,hydraulic
EH61461,53.00,94.00,,,,435,,Wire Mesh,Cartridge,hydraulic
EH61463,53.00,94.00,,,,435,,Synthetic,Cartridge,hydraulic
EH61464,60.00,295.00,,,,290,,Synthetic,,hydraulic
EH61465,54.00,95.00,,,,3047,,Synthetic,Cartridge,hydraulic
EH61466,88.00,411.00,,,,290,,Synthetic,,hydraulic
EH61468,53.00,94.00,,,,435,,Synthetic,Cartridge,hydraulic
EH61469,53.00,94.00,,,,435,,Cellulose,Cartridge,hydraulic
EH61470,53.00,94.00,,,,435,,Wire Mesh,Cartridge,hydraulic
EH61475,53.00,149.00,,,,435,,Wire Mesh,Cartridge,hydraulic
EH61476,54.00,154.00,,,,3047,,Wire Mesh,Cartridge,hydraulic
EH61479,53.00,149.00,,,,435,,Wire Mesh,Cartridge,hydraulic
EH61481,100.00,250.00,,,,145,,Synthetic,,hydraulic
EH61484,53.00,149.00,,,,,,,Cartridge,hydraulic
EH61485,53.00,149.00,,,,435,,Cellulose,Cartridge,hydraulic
EH61501,52.00,66.00,,,,145,,Synthetic,Cartridge,hydraulic
EH61503,52.00,67.00,,,,145,,Cellulose,Cartridge,hydraulic
EH61504,52.00,67.00,,,,145,,Cellulose,Cartridge,hydraulic
EH61505,52.00,66.00,,,,145,,Wire Mesh,Cartridge,hydraulic
EH61518,70.00,75.00,,,,145,,Wire Mesh,Cartridge,hydraulic
EH61521,70.00,75.00,,,,145,,Cellulose,Cartridge,hydraulic
EH61525,70.00,82.00,,,,145,,Synthetic,Cartridge,hydraulic
EH61526,70.00,82.00,,,,145,,Synthetic,Cartridge,hydraulic
EH61527,70.00,81.50,,,,145,,Cellulose,Cartridge,hydraulic
EH61528,70.00,82.00,,,,145,,Cellulose,Cartridge,hydraulic
EH61529,70.00,82.00,,,,145,,Wire Mesh,Cartridge,hydraulic
EH61530,70.00,128.00,,,,145,,Wire Mesh,Cartridge,hydraulic
EH61531,70.00,130.00,,,,145,,Synthetic,Cartridge,hydraulic
EH61532,70.00,128.00,,,,145,,Synthetic,Cartridge,hydraulic
EH61533,70.00,130.00,,,,145,,Cellulose,Cartridge,hydraulic
EH61534,70.00,130.00,,,,145,,Cellulose,Cartridge,hydraulic
EH61535,70.00,128.00,,,,145,,Wire Mesh,Cartridge,hydraulic
EH61536,95.00,202.00,,,,145,,Wire Mesh,Cartridge,hydraulic
EH61537,95.00,202.00,,,,145,,Synthetic,Cartridge,hydraulic
EH61538,95.00,202.00,,,,145,,Synthetic,Cartridge,hydraulic
EH61539,95.00,202.00,46.60,39.60,,145,,Cellulose,Cartridge,hydraulic
EH61540,95.00,202.00,,,,145,,Cellulose,Cartridge,hydraulic
EH61541,95.00,202.00,,,,145,,Wire Mesh,Cartridge,hydraulic
EH61542,41.50,76.00,,,,435,,Wire Mesh,Cartridge,hydraulic
EH61543,95.00,250.00,,,,145,,Synteq XP,Cartridge,hydraulic
EH61549,140.00,137.00,,,,145,,Synthetic,Cartridge,hydraulic
EH61550,93.00,136.00,72.00,62.00,1-12 UN,,,Cellulose,Spin-On,hydraulic
EH61551,93.00,136.00,72.00,62.00,1-12 UN,,,Cellulose,Spin-On,hydraulic
EH61552,140.00,136.00,,,,145,,Cellulose,Cartridge,hydraulic
EH61553,93.00,136.00,72.00,62.00,1-12 UN,,,Cellulose,Spin-On,hydraulic
EH61555,140.00,202.60,,,,145,,Synthetic,Cartridge,hydraulic
EH61556,140.00,202.60,,,,145,,Synthetic,Cartridge,hydraulic
EH61557,140.00,203.00,,,,145,,Cellulose,Cartridge,hydraulic
EH61558,140.00,203.00,,,,145,,Cellulose,Cartridge,hydraulic
EH61560,140.00,203.00,,,,145,,Wire Mesh,Cartridge,hydraulic
EH61561,140.00,203.00,,,,145,,Synthetic,Cartridge,hydraulic
EH61563,140.00,203.00,,,,145,,Cellulose,Cartridge,hydraulic
EH61564,140.00,203.00,,,,145,,Cellulose,Cartridge,hydraulic
EH61565,140.00,203.00,,,,145,,Wire Mesh,Cartridge,hydraulic
EH61566,140.00,210.00,,,,145,,Wire Mesh,Cartridge,hydraulic
EH61567,140.00,203.00,,,,145,,Synthetic,Cartridge,hydraulic
EH61568,140.00,203.00,,,,145,,Synthetic,Cartridge,hydraulic
EH61569,140.00,203.00,,,,145,,Cellulose,Cartridge,hydraulic
EH61570,140.00,203.00,,,,145,,Cellulose,Cartridge,hydraulic
EH61571,111.51,406.40,,,,100,,Synthetic,Cartridge,hydraulic
EH61573,140.00,251.00,,,,145,,Synthetic,Cartridge,hydraulic
EH61574,140.00,250.00,,,,145,,Synthetic,Cartridge,hydraulic
EH61575,140.00,250.00,,,,145,,Cellulose,Cartridge,hydraulic
EH61576,140.00,250.00,,,,145,,Cellulose,Cartridge,hydraulic
EH61579,140.00,400.00,,,,145,,Synthetic,Cartridge,hydraulic
EH61580,140.00,400.00,,,,145,,Synthetic,Cartridge,hydraulic
EH61581,140.00,400.00,,,,145,,Cellulose,Cartridge,hydraulic
EH61582,140.00,400.00,,,,145,,Cellulose,Cartridge,hydraulic
EH61583,140.00,400.00,,,,145,,Wire Mesh,Cartridge,hydraulic
EH61588,95.00,169.00,,,,145,,Cellulose,Cartridge,hydraulic
EH61591,140.00,137.00,,,,145,,Synthetic,Cartridge,hydraulic
EH61592,140.00,137.00,,,,145,,Synthetic,Cartridge,hydraulic
EH61600,112.00,181.00,,,,145,,Cellulose,Cartridge,hydraulic
EH61602,95.50,144.20,71.80,62.00,3/4 BSP/G,,,Synthetic,Spin-On,hydraulic
EH61604,96.00,144.00,72.00,62.00,3/4 BSP/G,,,Synthetic,Spin-On,hydraulic
EH61606,96.00,144.00,72.00,62.00,3/4 BSP/G,,,Cellulose,Spin-On,hydraulic
EH61607,96.00,144.00,,,3/4 BSP/G,,,Wire Mesh,Spin-On,hydraulic
EH61608,96.00,207.00,72.00,62.00,3/4 BSP/G,,,Synthetic,Spin-On,hydraulic
EH61610,96.00,207.00,72.00,62.00,3/4 BSP/G,,,Cellulose,Spin-On,hydraulic
EH61613,129.00,179.00,107.00,97.00,1 1/4 BSP/G,,,Synthetic,Spin-On,hydraulic
EH61616,126.00,179.00,107.00,97.00,1 1/4 BSP/G,,,Cellulose,Spin-On,hydraulic
EH61617,129.00,179.00,,,1 1/4 BSP/G,,,Wire Mesh,Spin-On,hydraulic
EH61621,126.00,227.20,107.00,97.00,1 1/4 BSP/G,,,Cellulose,Spin-On,hydraulic
EH61622,126.00,226.00,107.00,97.00,1 1/4 BSP/G,,,Wire Mesh,Spin-On,hydraulic
EH61632,188.98,457.20,,,,100,,Cellulose,Cartridge,hydraulic
EH61635,,,,,,,,,,hydraulic
EH61640,126.00,236.00,108.00,98.00,1 1/4 BSP/G,,,Cellulose,Spin-On,hydraulic
EH61642,67.00,266.00,,,,3002,,,,hydraulic
EH61650,70.00,85.00,,,,145,,Wire Mesh,Cartridge,hydraulic
EH61663,70.00,130.00,,,,145,,Wire Mesh,Cartridge,hydraulic
EH61664,99.00,210.00,,,,145,,Wire Mesh,Cartridge,hydraulic
EH61665,100.00,210.00,,,,145,,Synthetic,Cartridge,hydraulic
EH61667,100.00,210.00,,,,145,,Cellulose,Cartridge,hydraulic
EH61672,137.00,251.00,,,,145,,Synthetic,Cartridge,hydraulic
EH61674,137.00,250.00,,,,145,,Cellulose,Cartridge,hydraulic
EH61680,74.30,240.80,,25.80,,2999,,Synthetic,,hydraulic
EH61701,43.00,90.00,,,,73,,Synthetic,Cartridge,hydraulic
EH61702,43.00,90.00,,,,290,,Synthetic,Cartridge,hydraulic
EH61703,43.00,90.00,,,,73,,Synthetic,Cartridge,hydraulic
EH61704,44.00,91.00,,,,290,,Cellulose,Cartridge,hydraulic
EH61706,44.00,91.00,,,,290,,Wire Mesh,Cartridge,hydraulic
EH61713,46.00,87.00,,,,290,,Synthetic,Cartridge,hydraulic
EH61714,46.00,87.00,,,,290,,Synthetic,Cartridge,hydraulic
EH61715,46.00,87.00,,,,290,,Synthetic,Cartridge,hydraulic
EH61722,46.00,114.00,,,,290,,Cellulose,Cartridge,hydraulic
EH61724,46.00,113.00,,,,290,,Wire Mesh,Cartridge,hydraulic
EH61730,45.00,208.00,,,,290,,Wire Mesh,Cartridge,hydraulic
EH61735,54.00,122.00,,,,290,,Synthetic,Cartridge,hydraulic
EH61736,54.00,122.00,,,,290,,Synthetic,Cartridge,hydraulic
EH61737,54.00,230.00,,,,290,,Synthetic,Cartridge,hydraulic
EH61738,54.00,230.00,,,,290,,Synthetic,Cartridge,hydraulic
EH61739,54.00,230.00,,,,290,,Synthetic,Cartridge,hydraulic
EH61741,78.00,140.00,,,,290,,Synthetic,Cartridge,hydraulic
EH61742,78.00,140.00,,,,290,,Synthetic,Cartridge,hydraulic
EH61743,78.00,240.00,,,,290,,Synthetic,Cartridge,hydraulic
EH61744,78.00,239.00,,,,290,,Synthetic,Cartridge,hydraulic
EH61745,78.00,240.00,,,,290,,Synthetic,Cartridge,hydraulic
EH61746,78.00,380.00,,,,290,,Synthetic,Cartridge,hydraulic
EH61747,78.00,380.00,,,,290,,Synthetic,Cartridge,hydraulic
EH61748,78.00,380.00,,,,290,,Synthetic,Cartridge,hydraulic
EH61753,73.70,143.60,,,,49,,,Cartridge,hydraulic
EH61755,41.30,87.30,,,,149,,Cellulose,Cartridge,hydraulic
EH61756,93.21,96.11,71.98,62.53,1-12 UN,,,Cellulose,Spin-On,hydraulic
EH61757,93.98,151.38,71.37,62.48,M24 x 1.5,,,Cellulose,Spin-On,hydraulic
EH61758,93.70,110.60,72.00,62.50,3/4-16 UN,,,,Spin-On,hydraulic
EH61759,95.00,354.30,63.30,,,300,,Synthetic,,hydraulic
EH61760,95.00,354.30,63.30,,,300,,Synthetic,,hydraulic
EH61761,95.00,445.50,63.30,,,300,,Synthetic,,hydraulic
EH61762,95.00,445.50,63.30,,,300,,Synthetic,,hydraulic
EH61763,95.00,445.50,63.30,,,300,,Synthetic,,hydraulic
EH61764,45.00,112.00,26.70,,,3002,,,,hydraulic
EH61765,45.00,112.00,26.70,,,3002,,,,hydraulic
EH61766,52.10,218.40,35.80,,,3002,,,,hydraulic
EH61767,52.10,218.40,35.80,,,,,,,hydraulic
EH61768,68.58,245.10,42.90,,,3002,,,,hydraulic
EH61769,68.58,245.10,42.90,,,3002,,,,hydraulic
EH61770,93.50,320.80,63.30,,,3002,,,,hydraulic
EH61771,,320.80,63.30,,,3002,,,,hydraulic
EH61772,93.50,417.60,63.30,,,3002,,,,hydraulic
EH61773,93.50,417.60,63.30,,,3002,,,,hydraulic
EH61779,94.74,178.31,87.38,78.74,1 1/8-16 UN,,,,Spin-On,hydraulic
EH61780,93.22,186.69,71.88,62.48,1-12 UN,,,,Spin-On,hydraulic
EH61783,54.00,50.00,,,,,,Wire Mesh,Cartridge,hydraulic
EH61802,71.60,150.00,,,,145,,Cellulose,Cartridge,hydraulic
EH61803,71.60,200.00,,,,145,,Cellulose,Cartridge,hydraulic
EH61805,106.00,190.00,,,,145,,Cellulose,Cartridge,hydraulic
EH61806,106.00,260.00,,,,145,,Cellulose,Cartridge,hydraulic
EH61807,106.00,465.00,,,,145,,Cellulose,Cartridge,hydraulic
EH61808,71.60,105.80,,,,145,,Synthetic,Cartridge,hydraulic
EH61810,71.60,200.00,,,,145,,Cellulose,Cartridge,hydraulic
EH61811,71.60,300.00,,,,145,,Cellulose,Cartridge,hydraulic
EH61812,106.00,190.00,,,,145,,Cellulose,Cartridge,hydraulic
EH61813,106.00,260.00,,,,145,,Cellulose,Cartridge,hydraulic
EH61814,106.00,465.00,,,,145,,Cellulose,Cartridge,hydraulic
EH61816,71.60,150.00,,,,145,,Synthetic,Cartridge,hydraulic
EH61818,71.60,300.00,,,,145,,Synthetic,Cartridge,hydraulic
EH61819,106.00,190.00,,,,145,,Synthetic,Cartridge,hydraulic
EH61820,106.00,260.00,,,,145,,Synthetic,Cartridge,hydraulic
EH61822,71.60,106.00,,,,145,,Synthetic,Cartridge,hydraulic
EH61823,71.60,150.00,,,,145,,Synthetic,Cartridge,hydraulic
EH61824,71.60,200.00,,,,145,,Synthetic,Cartridge,hydraulic
EH61825,71.60,300.00,,,,145,,Synthetic,Cartridge,hydraulic
EH61826,106.00,190.00,,,,145,,Synthetic,Cartridge,hydraulic
EH61827,106.00,260.00,,,,145,,Synthetic,Cartridge,hydraulic
EH61828,106.00,465.00,,,,145,,Synthetic,Cartridge,hydraulic
EH61830,43.00,162.00,,,,145,,Wire Mesh,Cartridge,hydraulic
EH61833,43.00,162.00,,,,145,,Wire Mesh,Cartridge,hydraulic
EH61834,70.00,210.00,,,,145,,Wire Mesh,Cartridge,hydraulic
EH61836,43.00,162.00,,,,145,,Cellulose,Cartridge,hydraulic
EH61837,70.00,210.00,,,,145,,Cellulose,Cartridge,hydraulic
EH61839,43.00,161.00,,,,145,,Cellulose,Cartridge,hydraulic
EH61840,70.00,209.00,46.60,39.60,,145,,Cellulose,Cartridge,hydraulic
EH61842,43.00,161.00,,,,145,,Synthetic,Cartridge,hydraulic
EH61843,70.00,210.00,,,,145,,Synthetic,Cartridge,hydraulic
EH61845,43.00,162.00,,,,145,,Synthetic,Cartridge,hydraulic
EH61846,70.00,209.00,,,,145,,Synthetic,Cartridge,hydraulic
EH61861,52.00,67.50,,,3/8 BSP/G,,,Wire Mesh,Strainer,hydraulic
EH61869,75.00,83.50,,,3/4 BSP/G,,,Wire Mesh,Strainer,hydraulic
EH61877,75.00,131.50,,,1 BSP/G,,,Wire Mesh,Strainer,hydraulic
EH61885,95.00,171.50,,,1 1/4 BSP/G,,,Wire Mesh,Strainer,hydraulic
EH61951,115.00,278.00,,,,102,,,,hydraulic
EH61952,115.00,278.00,,,,102,,,,hydraulic
EH61953,115.00,277.00,,,,102,,,,hydraulic
EH61954,115.00,277.00,,,,102,,,,hydraulic
EH61955,115.00,278.00,,,,102,,"Synthetic, Water Absorbent",,hydraulic
EH61956,115.00,,,,,102,,,,hydraulic
EH61957,124.00,505.70,,,,102,,,,hydraulic
EH61958,115.00,,,,,102,,,,hydraulic
EH61959,115.00,488.00,,,,102,,,,hydraulic
EH61960,115.00,488.00,,,,102,,"Synthetic, Water Absorbent",,hydraulic
EH61969,111.00,330.20,,,,49,,Cellulose,Cartridge,hydraulic
EH61972,99.00,598.40,,,,71,,Polyester Spunbond,,hydraulic
EH61973,99.00,500.00,,,,,,Wire Mesh,,hydraulic
EH61982,160.00,400.00,,,,435,,Synthetic,Cartridge,hydraulic
EH61988,102.00,234.00,,,,,,Wire Mesh,Cartridge,hydraulic
EH62001,45.00,83.00,,,,435,,Synthetic,Cartridge,hydraulic
EH62003,45.00,158.00,,,,,,Synthetic,Cartridge,hydraulic
EH62005,80.00,157.00,,,,435,,Wire Mesh,Cartridge,hydraulic
EH62008,80.00,248.00,,,,435,,Wire Mesh,Cartridge,hydraulic
EH62064,76.00,83.00,,,M18 x 1.5,,,Cellulose,,hydraulic
EH62145,45.00,83.00,,,,435,,Wire Mesh,Cartridge,hydraulic
EH62146,154.40,,,,,149,,Synthetic,Cartridge,hydraulic
EH62147,154.40,,,,,149,,Synthetic,Cartridge,hydraulic
EH62157,74.00,275.00,,,,,,Cellulose,Cartridge,hydraulic
EH62158,74.00,376.00,,,,435,,Synthetic,Cartridge,hydraulic
EH62170,89.92,277.11,,,,100,,Cellulose,Cartridge,hydraulic
EH62178,85.59,230.12,,,,,,Wire Mesh,Cartridge,hydraulic
EH62181,111.51,330.20,,,,100,,Cellulose,Cartridge,hydraulic
EH62184,114.00,275.00,,,,100,,Cellulose,Cartridge,hydraulic
EH62197,85.90,264.40,,,,,,,,hydraulic
EH62209,56.00,210.00,,,,450,,,,hydraulic
EH62210,56.00,210.00,,,,450,,,,hydraulic
EH62211,130.10,299.72,,,3 NPT,,,Wire Mesh,Strainer,hydraulic
EH62212,130.10,299.72,,,3 NPT,,,Wire Mesh,Strainer,hydraulic
EH62213,205.74,287.00,,,3 NPT,,,Wire Mesh,Strainer,hydraulic
EH62214,205.74,381.00,,,4 NPT,,,Wire Mesh,Strainer,hydraulic
EH62215,42.42,84.10,,,,,,Wire Mesh,Cartridge,hydraulic
EH62221,48.26,63.50,,,3/8 NPT,,,Wire Mesh,Strainer,hydraulic
EH62222,101.60,254.00,,,1 1/2 NPT,,,Wire Mesh,Strainer,hydraulic
EH62223,132.10,276.86,,,3 NPT,,,Wire Mesh,Strainer,hydraulic
EH62224,135.89,243.08,108.97,99.06,1 3/4-16 UN,,,Cellulose,Spin-On,hydraulic
EH62225,132.10,276.86,,,3 NPT,,,Wire Mesh,Strainer,hydraulic
EH62226,68.58,129.54,,,1 NPT,,,Wire Mesh,Strainer,hydraulic
EH62227,68.58,129.54,,,1 NPT,,,Wire Mesh,Strainer,hydraulic
EH62228,86.36,129.54,,,1 1/4 NPT,,,Wire Mesh,Strainer,hydraulic
EH62229,86.36,129.54,,,1 1/4 NPT,,,Wire Mesh,Strainer,hydraulic
EH62231,86.36,129.54,,,1 1/4 NPT,,,Wire Mesh,Strainer,hydraulic
EH62232,86.36,129.54,,,1 1/2 NPT,,,Wire Mesh,Strainer,hydraulic
EH62233,78.74,208.28,,,,149,,Wire Mesh,Cartridge,hydraulic
EH62235,48.26,93.98,,,3/8 NPT,,,Wire Mesh,Strainer,hydraulic
EH62236,101.60,185.42,,,1 1/2 NPT,,,Wire Mesh,Strainer,hydraulic
EH62237,101.60,185.42,,,1 1/2 NPT,,,Wire Mesh,Strainer,hydraulic
EH62238,101.60,246.38,,,2 NPT,,,Wire Mesh,Strainer,hydraulic
EH62239,101.60,246.38,,,2 NPT,,,Wire Mesh,Strainer,hydraulic
EH62240,48.26,96.52,,,1/2 NPT,,,Wire Mesh,Strainer,hydraulic
EH62242,132.10,193.04,,,2 1/2 NPT,,,Wire Mesh,Strainer,hydraulic
EH62243,132.10,193.04,,,2 1/2 NPT,,,Wire Mesh,Strainer,hydraulic
EH62244,68.58,96.52,,,1 NPT,,,Wire Mesh,Strainer,hydraulic
EH62245,90.00,344.00,,,,100,,Cellulose,Cartridge,hydraulic
EH62246,68.58,93.98,,,3/4 NPT,,,Wire Mesh,Strainer,hydraulic
EH62247,34.54,207.52,,,1 1/16-12 UN,,,Wire Mesh,Strainer,hydraulic
EH62249,42.16,208.28,,,1 5/16-12 UN,,,Wire Mesh,Strainer,hydraulic
EH62250,42.16,208.28,,,1 5/16-12 UN,,,Wire Mesh,Strainer,hydraulic
EH62251,53.85,224.28,,,1 5/8-12 UN,,,Wire Mesh,Strainer,hydraulic
EH62252,53.85,229.62,,,1 5/8-12 UN,,,Wire Mesh,Strainer,hydraulic
EH62253,29.72,135.64,,,3/4-16 UN,,,Wire Mesh,Strainer,hydraulic
EH62255,101.60,287.00,,,4 NPT,,,Wire Mesh,Strainer,hydraulic
EH62256,34.54,207.52,,,3/4 NPT,,,Wire Mesh,Strainer,hydraulic
EH62257,34.54,207.52,,,3/4 NPT,,,Wire Mesh,Strainer,hydraulic
EH62259,34.54,207.52,,,3/4 NPT,,,Wire Mesh,Strainer,hydraulic
EH62260,42.16,208.28,,,1 NPT,,,Wire Mesh,Strainer,hydraulic
EH62263,86.00,192.00,,,,,,,,hydraulic
EH62264,42.16,208.28,,,1 NPT,,,Wire Mesh,Strainer,hydraulic
EH62266,53.85,229.62,,,1 1/4 NPT,,,Wire Mesh,Strainer,hydraulic
EH62267,53.85,229.62,,,1 1/4 NPT,,,Wire Mesh,Strainer,hydraulic
EH62269,111.60,,,,,100,,Cellulose,Cartridge,hydraulic
EH62270,156.20,431.00,,,,100,,Cellulose,Cartridge,hydraulic
EH62271,76.20,246.38,,,2 NPT,,,Wire Mesh,Strainer,hydraulic
EH62272,76.20,246.38,,,2 NPT,,,Wire Mesh,Strainer,hydraulic
EH62273,76.20,246.38,,,2 NPT,,,Wire Mesh,Strainer,hydraulic
EH62274,29.72,135.64,,,1/2 NPT,,,Wire Mesh,Strainer,hydraulic
EH62275,29.72,135.64,,,1/2 NPT,,,Wire Mesh,Strainer,hydraulic
EH62294,151.40,371.60,,,,100,,Synthetic,,hydraulic
EH62295,151.40,371.60,,,,100,,Synthetic,,hydraulic
EH62296,151.40,926.20,98.73,91.67,,100,,Synthetic,Cartridge,hydraulic
EH62297,151.40,926.20,,,,100,,Synthetic,,hydraulic
EH62298,41.76,,28.88,21.82,,149,,Synthetic,Cartridge,hydraulic
EH62299,41.76,,28.88,21.82,,149,,Synthetic,Cartridge,hydraulic
EH62300,41.63,,28.88,21.82,,149,,Synthetic,Cartridge,hydraulic
EH62301,41.71,,28.88,21.82,,3047,,Synthetic,Cartridge,hydraulic
EH62302,41.71,,28.88,21.82,,3002,,Synthetic,Cartridge,hydraulic
EH62303,44.20,,23.96,18.72,,3002,,Synthetic,Cartridge,hydraulic
EH62304,44.20,,23.96,18.72,,3002,,Synthetic,Cartridge,hydraulic
EH62305,44.20,,23.96,18.72,,3002,,Synthetic,Cartridge,hydraulic
EH62306,44.20,,23.96,18.72,,3002,,Synthetic,Cartridge,hydraulic
EH62307,99.70,473.50,,,,100,,Synthetic,,hydraulic
EH62308,99.72,,,,,100,,Synthetic,Cartridge,hydraulic
EH62309,99.72,472.40,,,,3002,,Synthetic,Cartridge,hydraulic
EH62310,99.72,472.40,,,,3002,,Synthetic,Cartridge,hydraulic
EH62311,97.50,702.60,,40.20,,3002,,Synthetic,Cartridge,hydraulic
EH62312,97.50,702.60,,40.20,,2988,,Synthetic,Cartridge,hydraulic
EH62317,79.88,,,,,100,,Synthetic,Cartridge,hydraulic
EH62318,71.12,,,,,100,,Synthetic,Cartridge,hydraulic
EH62323,151.00,444.00,,,,,,,,hydraulic
EH62326,142.90,508.00,,92.20,,218,,,,hydraulic
EH62327,44.50,285.00,,20.90,,3002,,Synthetic,,hydraulic
EH62328,142.90,508.00,,92.20,,218,,Synthetic,,hydraulic
EH62329,76.00,498.30,,46.30,,3002,,Synthetic,Cartridge,hydraulic
EH62330,50.40,178.10,,31.00,,305,,Synthetic,,hydraulic
EH62331,101.10,399.80,,59.40,,450,,Synthetic,,hydraulic
EH62345,47.60,170.70,,,,3002,,Wire Mesh,,hydraulic
EH62382,133.40,174.00,,112.00,M48 x 2,,,Cellulose,Spin-On,hydraulic
EH62409,93.22,164.36,69.32,61.34,1 1/8-16 UN,,,,Spin-On,hydraulic
EH62410,92.96,209.10,71.98,62.53,1-12 UN,,,Cellulose,Spin-On,hydraulic
EH62412,107.95,242.88,101.60,87.29,,,,,Cartridge,hydraulic
EH62420,201.20,,,,,149,,Synthetic,Cartridge,hydraulic
EH62421,126.00,,,,,145,,Synteq XP,Cartridge,hydraulic
EH62441,154.00,437.00,,,,100,,Cellulose,Cartridge,hydraulic
EH62443,180.00,200.00,,,,100,,Synthetic,Cartridge,hydraulic
EH62452,108.76,205.56,100.76,91.11,1 1/8-16 UN,,,,Spin-On,hydraulic
EH62459,69.00,198.00,,,,,,,Cartridge,hydraulic
EH62461,127.00,208.79,104.27,90.81,1 1/2-16 UN,,,,Spin-On,hydraulic
EH62463,,,,,,,,,,hydraulic
EH62464,126.00,290.00,,,,145,,Synthetic,Cartridge,hydraulic
EH62465,126.00,290.00,,,,145,,Synthetic,Cartridge,hydraulic
EH62466,126.00,480.00,,,,145,,Cellulose,Cartridge,hydraulic
EH62467,126.00,480.00,,,,145,,Synthetic,Cartridge,hydraulic
EH62468,126.00,480.00,,,,145,,Synthetic,Cartridge,hydraulic
EH62472,94.11,141.94,69.32,61.34,1 1/8-16 UN,,,Wire Mesh,Spin-On,hydraulic
EH62476,93.00,139.70,71.98,62.53,M24 x 2,,,,Spin-On,hydraulic
EH62482,,243.00,,,,218,,,,hydraulic
EH62483,96.00,198.81,71.98,62.54,1 1/8-16 UN,,,Cellulose,Spin-On,hydraulic
EH62484,,243.00,,,,218,,,,hydraulic
EH62485,,243.00,,,,218,,,,hydraulic
EH62493,127.00,174.00,124.00,112.00,M48 x 2,100,,Cellulose,Spin-On,hydraulic
EH62494,150.00,430.00,,,,100,,Cellulose,Cartridge,hydraulic
EH62508,42.00,52.00,,,,100,,Cellulose,Cartridge,hydraulic
EH62519,52.00,52.00,,,,100,,Cellulose,Cartridge,hydraulic
EH62540,42.00,82.00,,,,100,,Synthetic,Cartridge,hydraulic
EH62541,150.00,400.00,,,,100,,Synthetic,Cartridge,hydraulic
EH62542,108.00,120.00,,,,,,Cellulose,In-Line,hydraulic
EH62577,106.00,260.00,,,M60 x 2,,,Cellulose,Spin-On,hydraulic
EH62612,81.50,213.00,52.80,,,,,Wire Mesh,,hydraulic
EH62619,145.00,112.60,,,,,,Synthetic,Cartridge,hydraulic
EH62622,82.50,155.00,,,M45 x 1.5,99,,Cellulose,Spin-On,hydraulic
EH62625,79.00,241.00,,,,,,,Cartridge,hydraulic
EH62644,150.00,200.00,,,,,,,,hydraulic
EH62647,95.50,144.20,71.00,62.00,M24 x 2,145,,Synthetic,Spin-On,hydraulic
EH62653,114.10,231.50,,40.80,,149,,,,hydraulic
EH62654,114.10,231.50,,40.80,,149,,,,hydraulic
EH62655,114.10,231.50,,40.80,,149,,,,hydraulic
EH62656,114.10,231.50,,40.80,,149,,,,hydraulic
EH62660,154.00,431.00,,,,,,Cellulose,,hydraulic
EH62666,110.00,199.00,,,,,,Synthetic,,hydraulic
EH62667,44.00,85.00,,,,,,,,hydraulic
EH62671,91.90,197.00,,,,149,,Synthetic,Cartridge,hydraulic
EH62756,69.00,104.60,,,,,,Wire Mesh,Cartridge,hydraulic
EH62766,93.00,136.00,72.00,63.00,1 1/4-12 UN,,,Cellulose,Spin-On,hydraulic
EH62860,50.00,154.00,,,,,,Synthetic,Cartridge,hydraulic
EH62919,86.00,230.00,,,,145,,Cellulose,Cartridge,hydraulic
EH62921,82.04,,,,,,,"Synthetic, Water Absorbent",Cartridge,hydraulic
EH62922,82.04,,,,,,,"Synthetic, Water Absorbent",Cartridge,hydraulic
EH62995,53.00,149.00,,,,,,Wire Mesh,Cartridge,hydraulic
EH62997,80.00,248.00,,,,435,,Cellulose,Cartridge,hydraulic
EH62998,73.00,242.80,,,,500,,Synthetic,Cartridge,hydraulic
EH63008,56.00,178.00,,,,290,,Synthetic,Cartridge,hydraulic
EH63010,106.00,260.00,,,,145,,Synthetic,Cartridge,hydraulic
EH63014,106.00,465.00,,,,145,,Synthetic,Cartridge,hydraulic
EH63016,126.00,480.00,,,,145,,Synthetic,Cartridge,hydraulic
EH63018,126.00,290.00,,,,145,,Synthetic,Cartridge,hydraulic
EH63023,45.00,98.00,,,,,,Wire Mesh,Cartridge,hydraulic
EH63048,70.00,169.00,,,,145,,Cellulose,Cartridge,hydraulic
EH63055,126.00,290.00,,,,145,,Cellulose,Cartridge,hydraulic
EH63058,126.00,480.00,,,,145,,Cellulose,Cartridge,hydraulic
EH63060,100.00,179.00,,,,145,,Cellulose,Cartridge,hydraulic
EH63061,80.00,139.00,,40.40,,290,,Synthetic,Cartridge,hydraulic
EH63062,128.00,179.00,107.00,97.00,1 1/4 BSP/G,,,Cellulose,Spin-On,hydraulic
EH63065,129.00,203.00,,,,145,,Cellulose,Cartridge,hydraulic
EH63081,152.50,646.00,,,,145,,Synthetic,Cartridge,hydraulic
EH63085,53.90,,,,,150,,Synthetic,Cartridge,hydraulic
EH63086,53.90,,,,,150,,Synthetic,Cartridge,hydraulic
EH63087,53.90,,,,,150,,Synthetic,Cartridge,hydraulic
EH63088,53.90,,,,,150,,Synthetic,Cartridge,hydraulic
EH63089,53.90,,,,,150,,Synthetic,Cartridge,hydraulic
EH63090,53.90,,,,,150,,Synthetic,Cartridge,hydraulic
EH63091,53.90,,,,,150,,Synthetic,Cartridge,hydraulic
EH63092,53.90,,,,,150,,Synthetic,Cartridge,hydraulic
EH63093,53.90,,,,,150,,Synthetic,Cartridge,hydraulic
EH63094,53.90,,,,,150,,Synthetic,Cartridge,hydraulic
EH63095,53.90,,,,,150,,Synthetic,Cartridge,hydraulic
EH63096,126.00,390.00,,,,145,,Synthetic,Cartridge,hydraulic
EH63097,126.00,390.00,,,,145,,Synthetic,Cartridge,hydraulic
EH63098,126.00,390.00,,,,145,,Cellulose,Cartridge,hydraulic
EH63099,53.90,,,,,150,,Synthetic,Cartridge,hydraulic
EH63100,53.90,,,,,150,,Synthetic,Cartridge,hydraulic
EH63101,53.90,,,,,150,,Synthetic,Cartridge,hydraulic
EH63102,53.90,,,,,150,,Synthetic,Cartridge,hydraulic
EH63103,53.90,,,,,150,,Synthetic,Cartridge,hydraulic
EH63104,53.90,,,,,150,,Synthetic,Cartridge,hydraulic
EH63105,79.00,,,,,149,,Synthetic,Cartridge,hydraulic
EH63106,79.00,,,,,149,,Synthetic,Cartridge,hydraulic
EH63107,79.00,,,,,149,,Synthetic,Cartridge,hydraulic
EH63108,79.00,,,,,149,,Synthetic,Cartridge,hydraulic
EH63109,79.00,,,,,149,,Synthetic,Cartridge,hydraulic
EH63110,79.00,,,,,149,,Synthetic,Cartridge,hydraulic
EH63111,79.00,,,,,149,,Synthetic,Cartridge,hydraulic
EH63112,79.00,,,,,149,,Synthetic,Cartridge,hydraulic
EH63113,79.00,,,,,149,,Synthetic,Cartridge,hydraulic
EH63114,79.00,,,,,149,,Synthetic,Cartridge,hydraulic
EH63115,96.00,144.00,,,3/4 BSP/G,,,Wire Mesh,Spin-On,hydraulic
EH63116,79.00,,,,,149,,Synthetic,Cartridge,hydraulic
EH63117,79.00,,,,,149,,Synthetic,Cartridge,hydraulic
EH63118,79.00,,,,,149,,Synthetic,Cartridge,hydraulic
EH63119,79.00,,,,,149,,Synthetic,Cartridge,hydraulic
EH63120,79.30,,,,,149,,Synthetic,Cartridge,hydraulic
EH63121,79.30,,,,,149,,Synthetic,Cartridge,hydraulic
EH63122,79.30,,,,,149,,Synthetic,Cartridge,hydraulic
EH63124,79.30,,,,,149,,Synthetic,Cartridge,hydraulic
EH63125,151.90,,,,,149,,Synthetic,Cartridge,hydraulic
EH63126,151.90,,,,,149,,Synthetic,Cartridge,hydraulic
EH63127,151.90,,,,,149,,Synthetic,Cartridge,hydraulic
EH63128,151.90,,,,,149,,Synthetic,Cartridge,hydraulic
EH63129,151.90,,,,,149,,Synthetic,Cartridge,hydraulic
EH63130,151.00,,,,,149,,Synthetic,Cartridge,hydraulic
EH63131,151.00,,,,,149,,Synthetic,Cartridge,hydraulic
EH63132,151.00,,,,,149,,Synthetic,Cartridge,hydraulic
EH63133,151.00,,,,,149,,Synthetic,Cartridge,hydraulic
EH63134,151.00,,,,,149,,Synthetic,Cartridge,hydraulic
EH63138,70.00,209.00,,,,145,,Cellulose,Cartridge,hydraulic
EH63153,124.30,,,,,149,,Synthetic,Cartridge,hydraulic
EH63172,111.00,203.20,,,,149,,Synthetic,Cartridge,hydraulic
EH63185,35.00,93.20,,,,435,,Synthetic,Cartridge,hydraulic
EH63188,35.00,93.20,,,,435,,Synthetic,Cartridge,hydraulic
EH63207,112.00,437.89,,,,145,,Cellulose,Cartridge,hydraulic
EH63234,171.45,918.00,,,,149,,Synthetic,Cartridge,hydraulic
EH63238,51.10,145.54,,,,200,,Synthetic,Cartridge,hydraulic
EH63258,129.00,400.00,,,,145,,Synthetic,Cartridge,hydraulic
EH63259,129.00,400.00,,,,145,,Synthetic,Cartridge,hydraulic
EH63264,129.00,250.00,,,,145,,Synthetic,Cartridge,hydraulic
EH63265,129.00,250.00,,,,145,,Synthetic,Cartridge,hydraulic
EH63267,129.00,250.00,,,,145,,Cellulose,Cartridge,hydraulic
EH63268,129.00,250.00,,,,145,,Cellulose,Cartridge,hydraulic
EH63271,129.00,203.00,,,,145,,Synthetic,Cartridge,hydraulic
EH63272,,,,,,,,,,hydraulic
EH63283,94.50,276.20,,47.22,,,,Synthetic,,hydraulic
EH63284,94.50,276.20,,47.22,,,,Synthetic,,hydraulic
EH63285,94.50,276.20,,47.22,,,,Synthetic,,hydraulic
EH63286,94.50,276.20,,47.22,,,,Synthetic,,hydraulic
EH63291,89.41,229.00,,,,149,,Wire Mesh,Cartridge,hydraulic
EH63293,115.00,179.00,,,,100,,Cellulose,Cartridge,hydraulic
EH63299,101.60,,,,,149,,Synthetic,Cartridge,hydraulic
EH63300,128.80,,,,,149,,Synthetic,Cartridge,hydraulic
EH63301,94.23,239.78,70.15,63.10,1 3/8-12 UN,200,,Wire Mesh,Spin-On,hydraulic
EH63305,69.00,79.00,,,1/2 NPT,,,Wire Mesh,Strainer,hydraulic
EH63306,101.60,287.00,,,3 NPT,,,Wire Mesh,Strainer,hydraulic
EH63308,61.20,129.80,,,,218,,Synthetic,,hydraulic
EH63309,61.20,216.70,,,,218,,Synthetic,,hydraulic
EH63352,119.40,361.69,86.03,78.97,1 3/4-12 UN,,,Synthetic,Spin-On,hydraulic
EH63353,119.40,361.69,86.03,78.97,1 3/4-12 UN,,,Synthetic,Spin-On,hydraulic
EH63357,134.30,729.49,,,,100,,Synthetic,Cartridge,hydraulic
EH63358,134.30,729.49,,,,100,,Synthetic,Cartridge,hydraulic
EH63359,134.30,729.49,,,,100,,Synthetic,Cartridge,hydraulic
EH63381,140.00,251.00,,,,145,,Synthetic,Cartridge,hydraulic
EH63415,93.30,254.10,,,,,,Synthetic,Cartridge,hydraulic
EH63433,94.50,194.70,,47.22,,,,"Synthetic, Water Absorbent",,hydraulic
EH63434,145.20,481.60,,94.80,,149,,"Synthetic, Water Absorbent",,hydraulic
EH63437,101.70,152.50,,,,75,,Cellulose,Cartridge,hydraulic
EH63438,150.80,180.80,,,,75,,Cellulose,Cartridge,hydraulic
EH63439,150.80,180.80,,,,75,,Cellulose,Cartridge,hydraulic
EH63447,100.58,374.10,,,,75,,Cellulose,Cartridge,hydraulic
EH63448,128.78,228.60,,,,75,,Cellulose,Cartridge,hydraulic
EH63451,87.60,328.00,,38.40,,250,,Synthetic,,hydraulic
EH63452,87.60,328.00,,38.40,,250,,Synthetic,,hydraulic
EH63459,94.50,,,,,450,,Synthetic,,hydraulic
EH63460,95.20,501.00,,,,,,Synthetic,,hydraulic
EH63461,96.10,261.90,,,,,,Synthetic,,hydraulic
EH63462,114.00,374.40,,,,,,Synthetic,,hydraulic
EH63472,189.00,558.80,,,,100,,Synthetic,Cartridge,hydraulic
EH63481,83.00,196.00,,,,145,,Synthetic,Cartridge,hydraulic
EH63482,67.50,89.10,,,3/4-16 UN,,,Cellulose,Spin-On,hydraulic
EH63483,152.00,415.00,,,,145,,Synthetic,Cartridge,hydraulic
EH63485,118.00,165.00,,,,145,,Cellulose,Cartridge,hydraulic
EH63486,59.00,195.00,,,,145,,Cellulose,Cartridge,hydraulic
EH63488,89.00,330.00,,,,145,,Cellulose,Cartridge,hydraulic
EH63490,76.80,102.80,70.20,60.50,3/4-16 UN,,,Synthetic,Spin-On,hydraulic
EH63521,119.40,295.40,86.00,78.97,1 3/4-12 UN,,,Synthetic,Spin-On,hydraulic
EH63527,60.10,123.20,,,,145,,Synthetic,,hydraulic
EH63528,60.10,123.20,,,,145,,Synthetic,,hydraulic
EH63529,60.10,123.20,,,,145,,"Synthetic, Water Absorbent",,hydraulic
EH63530,60.10,247.60,,,,145,,Synthetic,,hydraulic
EH63532,60.10,247.60,,,,145,,Synthetic,,hydraulic
EH63533,60.10,247.60,,,,145,,"Synthetic, Water Absorbent",,hydraulic
EH63542,97.00,151.70,70.00,63.00,1 3/8-12 UN,500,,Alpha-web™,Spin-On,hydraulic
EH63549,107.00,,,,,290,,Synthetic,Cartridge,hydraulic
EH63558,139.20,603.30,69.20,,,145,,Synthetic,,hydraulic
EH63561,63.50,212.90,,26.60,,450,,Synthetic,,hydraulic
EH63562,63.50,212.90,,26.60,,450,,Synthetic,,hydraulic
EH63563,63.50,212.90,,26.60,,450,,Synthetic,,hydraulic
EH63564,63.50,212.90,,26.60,,450,,Synthetic,,hydraulic
EH63565,94.50,,,,,450,,Synthetic,,hydraulic
EH63567,97.00,239.78,70.00,63.00,1 3/8-12 UN,500,,Synthetic,Spin-On,hydraulic
EH63568,94.50,,,,,450,,Synthetic,,hydraulic
EH63573,152.40,457.20,,,,,,Wire Mesh,Cartridge,hydraulic
EH63577,96.00,207.00,72.00,62.00,1-12 UN,,,Cellulose,Spin-On,hydraulic
EH63580,62.00,94.00,,,,,,Stainless Steel,Cartridge,hydraulic
EH63581,102.00,159.00,,,,,,Wire Mesh,Cartridge,hydraulic
EH63583,102.00,159.00,,,,,,Stainless Steel,Cartridge,hydraulic
EH63584,102.00,159.00,,,,,,Wire Mesh,Cartridge,hydraulic
EH63585,139.50,219.00,,,,,,Wire Mesh,Cartridge,hydraulic
EH63587,87.60,220.00,38.40,,,250,,Synthetic,,hydraulic
EH63596,70.00,57.00,,,,,,Cellulose,Cartridge,hydraulic
EH63597,70.00,57.00,,,,145,,Cellulose,Cartridge,hydraulic
EH63599,,328.00,,38.40,,250,,Synthetic,,hydraulic
EH63600,87.60,328.00,,38.40,,250,,Synthetic,,hydraulic
EH63601,87.60,328.00,,38.40,,250,,Synthetic,,hydraulic
EH63602,87.60,395.00,,38.40,,250,,Synthetic,,hydraulic
EH63603,87.60,395.00,,38.40,,250,,Synthetic,,hydraulic
EH63604,87.60,395.00,,,,250,,Synthetic,,hydraulic
EH63605,86.60,,,,,300,,Synthetic,Cartridge,hydraulic
EH63606,86.60,,,,,300,,Synthetic,Cartridge,hydraulic
EH63607,86.60,,,,,300,,Synthetic,Cartridge,hydraulic
EH63608,86.60,,,,,300,,Synthetic,Cartridge,hydraulic
EH63609,86.60,,,,,300,,Synthetic,Cartridge,hydraulic
EH63610,86.60,,,,,300,,Synthetic,Cartridge,hydraulic
EH63611,86.60,,,,,300,,"Synthetic, Water Absorbent",Cartridge,hydraulic
EH63612,86.60,,,,,300,,Synthetic,Cartridge,hydraulic
EH63613,108.00,242.00,,,,,,Wire Mesh,Cartridge,hydraulic
EH63614,86.60,,,,,300,,Synthetic,Cartridge,hydraulic
EH63616,86.60,,,,,300,,Synthetic,Cartridge,hydraulic
EH63617,,,,,,,,,,hydraulic
EH63618,,,,,,,,,,hydraulic
EH63619,86.60,,,,,300,,"Synthetic, Water Absorbent",Cartridge,hydraulic
EH63637,85.30,,86.90,,,102,,Synthetic,,hydraulic
EH63639,85.30,,86.90,,,102,,Synthetic,,hydraulic
EH63643,85.30,,86.90,,,102,,Synthetic,,hydraulic
EH63668,135.30,308.00,110.50,100.30,1 1/2-16 UN,,,Synthetic,Spin-On,hydraulic
EH63689,121.00,295.40,70.15,63.00,1 3/8-12 UN,,,Synthetic,Spin-On,hydraulic
EH63729,45.00,,32.05,24.99,,149,,Synthetic,Cartridge,hydraulic
EH63730,45.00,,32.05,24.99,,149,,Synthetic,Cartridge,hydraulic
EH63731,45.00,,32.05,24.99,,149,,Synthetic,Cartridge,hydraulic
EH63732,45.00,,32.05,24.99,,149,,Synthetic,Cartridge,hydraulic
EH63733,45.00,,32.05,24.99,,149,,Synthetic,Cartridge,hydraulic
EH63734,45.00,,32.05,24.99,,149,,Synthetic,Cartridge,hydraulic
EH63735,44.45,,32.05,24.99,,149,,Synthetic,Cartridge,hydraulic
EH63736,45.00,,32.05,24.99,,149,,Synthetic,Cartridge,hydraulic
EH63737,78.84,,47.76,40.89,,149,,Synthetic,Cartridge,hydraulic
EH63738,97.00,151.64,70.15,63.00,7/8-14 UN,,,Synthetic,Spin-On,hydraulic
EH63739,97.00,99.82,70.15,63.00,7/8-14 UN,,,Synthetic,Spin-On,hydraulic
EH63740,78.84,,47.76,40.89,,149,,Synthetic,Cartridge,hydraulic
EH63741,78.84,,47.76,40.89,,149,,Synthetic,Cartridge,hydraulic
EH63742,78.84,,47.76,40.89,,149,,Synthetic,Cartridge,hydraulic
EH63743,78.84,,47.76,40.89,,149,,Synthetic,Cartridge,hydraulic
EH63744,78.84,,47.76,40.89,,149,,Synthetic,Cartridge,hydraulic
EH63745,,,47.76,40.89,,149,,Synthetic,Cartridge,hydraulic
EH63746,78.84,,47.76,40.89,,149,,Synthetic,Cartridge,hydraulic
EH63747,78.84,,47.76,40.89,,149,,Synthetic,Cartridge,hydraulic
EH63748,78.84,,47.76,40.89,,149,,Synthetic,Cartridge,hydraulic
EH63749,96.11,,60.48,54.71,,149,,Synthetic,Cartridge,hydraulic
EH63750,96.11,,60.48,54.71,,149,,Synthetic,Cartridge,hydraulic
EH63751,96.11,,60.48,54.71,,149,,Synthetic,Cartridge,hydraulic
EH63752,96.11,,60.48,54.71,,149,,Synthetic,Cartridge,hydraulic
EH63753,96.11,,60.48,54.71,,149,,Synthetic,Cartridge,hydraulic
EH63754,96.11,,60.48,54.71,,149,,Synthetic,Cartridge,hydraulic
EH63755,96.11,,60.48,54.71,,149,,Synthetic,Cartridge,hydraulic
EH63756,96.11,,60.48,54.71,,149,,Synthetic,Cartridge,hydraulic
EH63761,101.60,232.00,98.00,58.40,,149,,Synthetic,Cartridge,hydraulic
EH63762,93.00,135.80,,,1-12 UN,,,Cellulose,Spin-On,hydraulic
EH63780,89.41,229.11,,,,149,,Wire Mesh,Cartridge,hydraulic
EH63781,89.41,229.11,,,,149,,Wire Mesh,Cartridge,hydraulic
EH63782,52.60,,31.88,26.64,,300,,Synthetic,Cartridge,hydraulic
EH63783,52.60,,31.88,26.64,,300,,Synthetic,Cartridge,hydraulic
EH63784,52.60,,31.88,26.64,,300,,Synthetic,Cartridge,hydraulic
EH63785,52.60,,31.88,26.64,,300,,Synthetic,Cartridge,hydraulic
EH63786,52.60,,31.20,26.64,,300,,Synthetic,Cartridge,hydraulic
EH63787,52.60,,31.20,26.64,,300,,Synthetic,Cartridge,hydraulic
EH63788,52.60,,31.20,26.64,,300,,Synthetic,Cartridge,hydraulic
EH63789,119.40,361.69,86.00,78.97,1 3/4-12 UN,,,Synthetic,Spin-On,hydraulic
EH63790,66.70,,36.66,31.42,,300,,Synthetic,Cartridge,hydraulic
EH63791,66.70,,36.66,31.42,,300,,Synthetic,Cartridge,hydraulic
EH63792,66.70,,36.66,31.42,,300,,Synthetic,Cartridge,hydraulic
EH63794,66.70,,36.66,31.42,,300,,Synthetic,Cartridge,hydraulic
EH63795,66.70,,36.66,31.42,,300,,Synthetic,Cartridge,hydraulic
EH63796,66.70,,36.66,31.42,,300,,Synthetic,Cartridge,hydraulic
EH63797,66.70,,36.66,31.42,,300,,Synthetic,Cartridge,hydraulic
EH63798,95.20,,57.45,50.39,,300,,Synthetic,Cartridge,hydraulic
EH63799,95.20,,57.45,50.39,,300,,Synthetic,Cartridge,hydraulic
EH63800,95.20,,57.45,50.39,,300,,Synthetic,Cartridge,hydraulic
EH63801,95.20,,57.45,50.39,,300,,Synthetic,Cartridge,hydraulic
EH63802,95.20,,57.45,50.39,,300,,Synthetic,Cartridge,hydraulic
EH63803,95.20,,57.45,50.39,,300,,Synthetic,Cartridge,hydraulic
EH63804,95.20,,57.45,50.39,,300,,Synthetic,Cartridge,hydraulic
EH63805,95.20,,57.45,50.39,,300,,Synthetic,Cartridge,hydraulic
EH63815,174.00,234.70,,,,149,,Cellulose,Cartridge,hydraulic
EH63873,,,,,,,,,,hydraulic
EH63874,202.00,660.00,,,,145,,Synthetic,Cartridge,hydraulic
EH63889,89.00,149.00,,,3/4 NPT,,,Cellulose,Cartridge,hydraulic
EH63903,98.00,229.10,,,,149,,Synthetic,Cartridge,hydraulic
EH63910,98.60,229.11,,,,149,,Synthetic,Cartridge,hydraulic
EH63911,66.80,135.89,,,1 NPT,,,Wire Mesh,Strainer,hydraulic
EH63912,85.85,173.99,,,1 1/4 NPT,,,Wire Mesh,Strainer,hydraulic
EH63913,85.85,203.45,,,1 1/2 NPT,,,Wire Mesh,Strainer,hydraulic
EH63914,100.10,250.19,,,1 1/2 NPT,,,Wire Mesh,Strainer,hydraulic
EH63915,100.10,250.19,,,2 NPT,,,Wire Mesh,Strainer,hydraulic
EH63916,130.10,256.54,,,2 1/2 NPT,,,Wire Mesh,Strainer,hydraulic
EH63917,130.10,261.62,,,3 NPT,,,Wire Mesh,Strainer,hydraulic
EH63918,152.40,,,,,149,,Synthetic,Cartridge,hydraulic
EH63930,86.59,,,,,249,,Synthetic,Cartridge,hydraulic
EH63932,86.59,,,,,249,,Synthetic,Cartridge,hydraulic
EH63934,86.11,,,,,149,,Synthetic,Cartridge,hydraulic
EH63936,86.59,,,,,249,,Synthetic,Cartridge,hydraulic
EH63943,119.40,295.40,86.00,78.97,1 3/4-12 UN,,,Wire Mesh,Spin-On,hydraulic
EH63945,152.40,457.20,,,,125,,Wire Mesh,Cartridge,hydraulic
EH63956,,,,,,,,,,hydraulic
EH63960,89.00,356.10,,41.00,,149,,Wire Mesh,Cartridge,hydraulic
EH63987,108.00,230.00,103.00,93.00,M40 x 2,,,Cellulose,Spin-On,hydraulic
EH63993,173.80,,152.40,107.40,,149,,Synthetic,Cartridge,hydraulic
EH63995,128.78,177.80,,,,149,,Synthetic,Cartridge,hydraulic
EH63996,119.40,295.40,86.03,78.97,1 3/4-12 UN,,,Synthetic,Spin-On,hydraulic
EH63997,93.00,136.00,72.00,62.00,1 1/8-16 UN,,,Synthetic,Spin-On,hydraulic
EH63998,93.00,136.00,72.00,62.00,1 1/8-16 UN,,,Synthetic,Spin-On,hydraulic
EH63999,93.00,136.00,72.00,62.00,1 1/8-16 UN,,,Synthetic,Spin-On,hydraulic
EH64000,97.03,239.78,70.15,63.10,1 3/8-12 UN,,,Synthetic,Spin-On,hydraulic
EH64007,60.30,143.80,,32.30,,149,,Synthetic,,hydraulic
EH64008,60.30,143.80,,32.30,,149,,Synthetic,,hydraulic
EH64009,60.30,143.80,,32.30,,149,,Synthetic,,hydraulic
EH64010,60.30,143.80,,32.30,,149,,Synthetic,,hydraulic
EH64011,60.30,226.30,,32.30,,149,,Synthetic,,hydraulic
EH64012,60.30,226.30,,32.30,,149,,Synthetic,,hydraulic
EH64013,60.30,226.30,,32.30,,149,,Synthetic,,hydraulic
EH64014,60.30,294.40,,32.30,,149,,Synthetic,,hydraulic
EH64015,60.30,294.40,,32.30,,149,,Synthetic,,hydraulic
EH64016,60.30,294.40,,32.30,,149,,Synthetic,,hydraulic
EH64017,60.30,226.30,,32.30,,149,,Synthetic Non-Spark Discharge,,hydraulic
EH64036,156.00,511.00,,,,73,,Synthetic,Cartridge,hydraulic
EH64037,,,,,,,,,,hydraulic
EH64041,121.41,270.76,128.00,120.90,1 1/2-16 UN,,,Synthetic,Spin-On,hydraulic
EH64042,94.00,245.36,70.15,63.10,1 1/4-12 UN,,,Synthetic,Spin-On,hydraulic
EH64055,116.70,296.70,118.87,101.60,M90 x 2,200,,Synthetic,Spin-On,hydraulic
EH64056,97.00,239.78,70.00,63.00,1 3/8-12 UN,,,Synthetic,Spin-On,hydraulic
EH64059,97.00,239.78,70.00,63.00,1 3/8-12 UN,,,Synthetic,Spin-On,hydraulic
EH64111,92.00,295.30,,,,149,,Wire Mesh,Cartridge,hydraulic
EH64112,81.20,320.50,,,,149,,Synthetic,Cartridge,hydraulic
EH64134,86.59,208.60,,,,249,,Synthetic,Cartridge,hydraulic
EH64136,86.59,,,,,249,,Synthetic,Cartridge,hydraulic
EH64138,86.59,428.10,,,,742,,Synthetic,Cartridge,hydraulic
EH64140,86.59,,,,,249,,Synthetic,Cartridge,hydraulic
EH64164,78.70,,,,,149,,Synthetic,Cartridge,hydraulic
EH64166,78.70,204.00,,,,200,,Synthetic,Cartridge,hydraulic
EH64168,78.70,324.20,,,,149,,Synthetic,Cartridge,hydraulic
EH64170,78.70,423.40,,,,290,,Synthetic,Cartridge,hydraulic
EH64172,78.70,117.60,,,,200,,Synthetic,Cartridge,hydraulic
EH64173,129.00,,121.90,87.00,,149,,Synthetic,Cartridge,hydraulic
EH64174,78.74,203.96,,,,200,,Synthetic,Cartridge,hydraulic
EH64175,129.00,,121.90,87.00,,149,,Synthetic,Cartridge,hydraulic
EH64176,79.00,324.10,,,,200,,Synthetic,Cartridge,hydraulic
EH64178,78.74,,,,,200,,Synthetic,Cartridge,hydraulic
EH64181,54.00,,31.88,26.64,,149,,Synthetic,Cartridge,hydraulic
EH64182,54.00,,31.88,26.64,,149,,Synthetic,Cartridge,hydraulic
EH64183,54.00,,,,,149,,Synthetic,Cartridge,hydraulic
EH64184,54.00,,,,,149,,Synthetic,Cartridge,hydraulic
EH64185,54.00,,,,,149,,Synthetic,Cartridge,hydraulic
EH64186,54.00,,,,,149,,Synthetic,Cartridge,hydraulic
EH64187,54.00,,,,,149,,Synthetic,Cartridge,hydraulic
EH64188,54.00,,,,,149,,Synthetic,Cartridge,hydraulic
EH64195,94.50,,,,,149,,Synthetic,Cartridge,hydraulic
EH64196,69.00,,,,,149,,Synthetic,Cartridge,hydraulic
EH64200,101.60,232.00,,,,100,,Synthetic,Cartridge,hydraulic
EH64203,85.00,228.60,,,,100,,Synthetic,Cartridge,hydraulic
EH64205,128.80,228.60,,,,149,,Synthetic,Cartridge,hydraulic
EH64223,114.30,548.80,79.70,,,100,,Synthetic,,hydraulic
EH64225,95.00,324.10,,,,200,,Synthetic,Cartridge,hydraulic
EH64227,95.00,648.50,,,,149,,Synthetic,Cartridge,hydraulic
EH64228,60.00,250.00,,,,435,,Synthetic,,hydraulic
EH64229,95.00,648.46,,,,200,,Synthetic,Cartridge,hydraulic
EH64235,80.00,250.00,,,,305,,Synthetic,Cartridge,hydraulic
EH64241,128.80,278.90,,,,100,,Synthetic,Cartridge,hydraulic
EH64243,97.54,461.01,,,,149,,Cellulose,Cartridge,hydraulic
EH64244,97.50,463.60,,,,149,,Cellulose,Cartridge,hydraulic
EH64247,97.89,463.60,,,,149,,Synthetic,Cartridge,hydraulic
EH64248,97.79,706.37,,,,149,,Synthetic,Cartridge,hydraulic
EH64249,97.90,468.10,,,,149,,Synthetic,Cartridge,hydraulic
EH64250,97.90,706.40,,,,149,,Synthetic,Cartridge,hydraulic
EH64251,55.30,71.90,,24.30,,450,,Synthetic,,hydraulic
EH64252,55.30,71.90,,24.30,,450,,Synthetic,,hydraulic
EH64253,79.00,157.00,,39.00,,3002,,Synthetic,Cartridge,hydraulic
EH64254,79.00,157.00,,39.00,,3002,,Synthetic,Cartridge,hydraulic
EH64255,79.00,157.00,,39.00,,3002,,Synthetic,Cartridge,hydraulic
EH64256,79.00,157.00,,39.00,,3002,,Synthetic,Cartridge,hydraulic
EH64257,80.00,157.00,,39.00,,3002,,Wire Mesh,,hydraulic
EH64259,129.00,180.00,107.00,97.00,M45 x 2,,,Wire Mesh,Spin-On,hydraulic
EH64260,97.79,463.55,,,,149,,Synthetic,Cartridge,hydraulic
EH64266,111.51,406.00,,,,100,,Cellulose,Cartridge,hydraulic
EH64268,97.79,706.37,,,,149,,Synthetic,Cartridge,hydraulic
EH64277,102.00,374.14,,,,125,,Synthetic,Cartridge,hydraulic
EH64292,84.33,141.22,,,,200,,Synthetic,Cartridge,hydraulic
EH64293,84.33,141.22,,,,200,,Synthetic,Cartridge,hydraulic
EH64296,84.33,257.10,,,,200,,Synthetic,Cartridge,hydraulic
EH64297,84.33,257.10,,,,200,,Synthetic,Cartridge,hydraulic
EH64298,84.33,371.35,,,,200,,Synthetic,Cartridge,hydraulic
EH64300,84.33,371.35,,,,200,,Synthetic,Cartridge,hydraulic
EH64301,84.33,371.35,,,,200,,Synthetic,Cartridge,hydraulic
EH64310,44.50,174.80,,20.90,,450,,Synthetic,,hydraulic
EH64312,44.50,174.80,,20.90,,450,,Synthetic,,hydraulic
EH64313,44.50,174.80,,20.90,,450,,Synthetic,,hydraulic
EH64314,97.20,472.40,,62.70,,149,,Synthetic,,hydraulic
EH64315,97.20,472.40,,62.70,,149,,Synthetic,,hydraulic
EH64316,97.20,472.40,,62.70,,149,,Synthetic,,hydraulic
EH64341,79.10,207.80,,40.10,,450,,Synthetic,,hydraulic
EH64342,79.10,207.80,,40.10,,450,,Synthetic,,hydraulic
EH64343,79.10,207.80,,40.10,,450,,Synthetic,,hydraulic
EH64344,79.10,207.80,,40.10,,450,,Synthetic,,hydraulic
EH64345,79.10,207.80,,40.10,,450,,Synthetic,,hydraulic
EH64346,145.20,919.00,,94.80,,149,,"Wire Mesh, Stainless Steel",,hydraulic
EH64348,94.00,136.00,72.00,63.00,1 1/4-12 UN,,,Cellulose,Spin-On,hydraulic
EH64351,94.00,200.00,72.00,63.00,1 1/4-12 UN,,,Cellulose,Spin-On,hydraulic
EH64352,93.00,200.00,72.00,63.00,1 1/4-12 UN,,,Cellulose,Spin-On,hydraulic
EH64357,92.96,199.89,71.50,61.50,1-12 UN,,,Synthetic,Spin-On,hydraulic
EH64367,97.00,181.00,,,1 3/8-12 UN,,,Synteq XP,Spin-On,hydraulic
EH64374,93.00,136.00,72.00,62.00,1 1/4-12 UN,200,,Synthetic,Spin-on,hydraulic
EH64375,97.00,151.64,70.00,63.00,1 3/8-12 UN,290,,Synteq XP,Spin-On,hydraulic
EH64378,97.00,239.78,70.00,63.00,1 3/8-12 UN,,,Synteq XP,Spin-On,hydraulic
EH64381,97.00,151.64,70.00,63.00,1 3/8-12 UN,,,Synthetic,Spin-On,hydraulic
EH64384,97.00,239.78,70.00,63.00,1 3/8-12 UN,,,Synthetic,Spin-On,hydraulic
EH64385,115.57,295.40,,103.00,M108 x 2.5,,,Synthetic,Spin-On,hydraulic
EH64386,152.50,975.36,,,,149,,Synthetic,Cartridge,hydraulic
EH64405,152.50,457.20,,,,125,,Synthetic,Cartridge,hydraulic
EH64409,135.50,306.00,110.00,100.00,1 1/2-16 UN,,,Cellulose,Spin-On,hydraulic
EH64410,86.59,,,,,249,,Synthetic,Cartridge,hydraulic
EH64412,86.59,,,,,249,,Synthetic,Cartridge,hydraulic
EH64414,86.59,,,,,249,,Synthetic,Cartridge,hydraulic
EH64416,86.59,,,,,249,,Synthetic,Cartridge,hydraulic
EH64440,142.00,263.00,,,,435,,Cellulose,Cartridge,hydraulic
EH64446,43.00,53.00,,,,,,Wire Mesh,Cartridge,hydraulic
EH64448,41.50,96.00,,,,435,,Wire Mesh,Cartridge,hydraulic
EH64468,119.40,361.69,86.00,79.00,1 3/4-12 UN,,,Synthetic,Spin-On,hydraulic
EH64496,58.90,,28.88,21.82,,149,,Synthetic,Cartridge,hydraulic
EH64497,58.90,,28.88,21.82,,149,,Synthetic,Cartridge,hydraulic
EH64518,73.00,318.00,,,,,,Synthetic,,hydraulic
EH64524,95.20,324.10,,,,149,,Synthetic,Cartridge,hydraulic
EH64536,86.40,423.40,,,,149,,Synthetic,Cartridge,hydraulic
EH64552,97.00,200.20,70.16,63.10,1 3/8-12 UN,,,Synthetic,Spin-On,hydraulic
EH64556,61.98,127.00,,,,200,,Cellulose,Cartridge,hydraulic
EH64569,106.00,260.00,,,,145,,Synthetic,Cartridge,hydraulic
EH64570,106.00,465.00,,,,145,,Synthetic,Cartridge,hydraulic
EH64574,151.30,205.50,,,,149,,Synthetic,Cartridge,hydraulic
EH64585,95.25,648.46,,,,200,,Synthetic,Cartridge,hydraulic
EH64592,78.74,113.00,,,,200,,Synthetic,Cartridge,hydraulic
EH64594,78.70,207.30,,,,200,,Synthetic,Cartridge,hydraulic
EH64596,78.70,324.00,,,,200,,Synthetic,Cartridge,hydraulic
EH64598,78.70,423.40,,,,200,,Synthetic,Cartridge,hydraulic
EH64605,60.00,149.50,,,,,,Cellulose,Cartridge,hydraulic
EH64606,,,,,,,,,,hydraulic
EH64610,100.10,230.40,,,,75,,Cellulose,Cartridge,hydraulic
EH64611,100.10,231.39,,,,75,,Cellulose,Cartridge,hydraulic
EH64617,116.70,296.70,,,M90 x 2,149,,Synthetic,Spin-On,hydraulic
EH64626,69.80,190.50,,,,203,,Synthetic,,hydraulic
EH64627,78.69,160.00,,39.10,,450,,"Wire Mesh, Stainless Steel",Cartridge,hydraulic
EH64628,60.00,175.00,,,,435,,Wire Mesh,Cartridge,hydraulic
EH64637,229.90,546.10,,,,305,,Synthetic,Cartridge,hydraulic
EH64668,97.00,158.00,70.15,63.10,1 3/8-12 UN,,,Synthetic,Spin-On,hydraulic
EH64670,94.50,264.30,,,,,,Synthetic,Cartridge,hydraulic
EH64675,97.00,151.64,70.15,63.10,2-16 UN,,,Synthetic,Spin-On,hydraulic
EH64679,150.00,129.50,,,M10 x 1.5,73,,Wire Mesh,Strainer,hydraulic
EH64691,,,,,,3002,,Synthetic,,hydraulic
EH64699,111.51,406.00,,,,125,,Synthetic,Cartridge,hydraulic
EH64703,152.40,457.00,,,,125,,Synthetic,Cartridge,hydraulic
EH64707,188.98,559.00,,,,100,,Synthetic,Cartridge,hydraulic
EH64721,119.40,367.90,86.03,78.97,1 3/4-12 UN,,,Synteq XP,Spin-On,hydraulic
EH64729,,,,,,,,,,hydraulic
EH64737,116.40,296.00,70.00,63.00,1 3/8-12 UN,,,Synthetic,Spin-On,hydraulic
EH64749,93.47,228.60,,,,100,,Wire Mesh,Cartridge,hydraulic
EH64755,93.00,136.00,71.50,61.50,M24 x 2,,,Synthetic,Spin-On,hydraulic
EH64762,150.00,136.00,,112.00,,,,,,hydraulic
EH64780,60.10,105.50,,21.30,,145,,Synthetic,,hydraulic
EH64781,50.50,150.00,,24.00,,,,,,hydraulic
EH64790,86.59,208.60,,,,249,,Synthetic,Cartridge,hydraulic
EH64791,86.11,,,,,149,,Synthetic,Cartridge,hydraulic
EH64792,86.11,,,,,149,,Synthetic,Cartridge,hydraulic
EH64799,92.10,,,46.40,,450,,Wire Mesh,Cartridge,hydraulic
EH64812,90.00,229.11,,,,125,,Synthetic,Cartridge,hydraulic
EH64814,76.00,120.60,,,,149,,Synthetic,Cartridge,hydraulic
EH64816,75.95,120.65,,,,200,,Synthetic,Cartridge,hydraulic
EH64831,97.00,181.00,70.15,63.09,1 3/8-12 UN,,,Cellulose,Spin-On,hydraulic
EH64840,69.22,,,,,3002,,Wire Mesh,Cartridge,hydraulic
EH64852,152.90,425.90,,,,149,,Synthetic,Cartridge,hydraulic
EH64853,152.90,650.70,,,,149,,Synthetic,Cartridge,hydraulic
EH64859,60.00,228.00,,,,,,Synthetic,,hydraulic
EH64860,56.00,,,,,450,,Synthetic,Cartridge,hydraulic
EH64861,92.00,202.40,,49.80,,290,,Synthetic,,hydraulic
EH64862,92.00,202.40,,49.80,,290,,Synthetic,,hydraulic
EH64863,92.00,202.40,,49.80,,290,,Synthetic,,hydraulic
EH64864,90.70,,54.28,47.22,,3002,,Wire Mesh,Cartridge,hydraulic
EH64865,69.90,,,,,450,,Wire Mesh,Cartridge,hydraulic
EH64866,92.00,321.60,,49.80,,290,,Synthetic,,hydraulic
EH64867,92.00,321.60,,49.80,,290,,Synthetic,,hydraulic
EH64884,111.25,330.20,,,,100,,Cellulose,Cartridge,hydraulic
EH64888,90.12,,,,,149,,Cellulose,Cartridge,hydraulic
EH64904,117.00,197.87,,,,200,,Synthetic,Cartridge,hydraulic
EH64906,117.00,197.87,,,,200,,Synthetic,Cartridge,hydraulic
EH64914,93.50,477.10,,,,149,,Synthetic,Cartridge,hydraulic
EH64915,93.50,231.00,,,,149,,Synthetic,Cartridge,hydraulic
EH64919,95.50,325.00,,,,149,,Synthetic,Cartridge,hydraulic
EH64921,95.50,649.40,,,,149,,Synthetic,Cartridge,hydraulic
EH64927,63.50,743.00,,26.70,,149,,Synthetic,,hydraulic
EH64928,63.50,743.00,,26.70,,149,,Synthetic,,hydraulic
EH64929,63.50,743.00,,26.70,,149,,Synthetic,,hydraulic
EH64930,63.50,743.00,,26.70,,149,,Synthetic,,hydraulic
EH64936,86.60,147.30,83.80,77.20,,350,,Synthetic,,hydraulic
EH64937,86.60,147.30,83.80,77.20,,350,,Synthetic,,hydraulic
EH64938,86.60,147.30,83.80,77.20,,350,,Synthetic,,hydraulic
EH64939,86.60,147.30,83.80,77.20,,350,,Synthetic,,hydraulic
EH64967,93.00,136.00,71.50,61.50,1-12 UN,,,Synthetic,Spin-On,hydraulic
EH65006,46.00,113.00,,,,290,,Synthetic,Cartridge,hydraulic
EH650084,107.20,228.70,,,,100,,Cellulose,Cartridge,hydraulic
EH65015,46.00,208.00,,,,290,,Synthetic,Cartridge,hydraulic
EH650308,118.00,165.00,,,,,,,Cartridge,hydraulic
EH650309,60.00,100.00,,,,,,Cellulose,Cartridge,hydraulic
EH65040,152.80,909.40,118.10,82.30,,125,,Synthetic,Cartridge,hydraulic
EH65041,46.00,113.00,,,,290,,Synthetic,Cartridge,hydraulic
EH65043,46.00,208.00,,,,149,,Synthetic,Cartridge,hydraulic
EH65059,91.69,199.89,71.50,61.50,1-12 UN,,,Cellulose,Spin-On,hydraulic
EH650590,127.00,174.49,,,1 1/2-16 UN,,,Cellulose,Spin-On,hydraulic
EH650592,121.92,298.45,106.17,96.00,1 1/2-16 UN,,,,Spin-On,hydraulic
EH65060,93.00,200.00,71.50,61.50,1-12 UN,,,Cellulose,Spin-On,hydraulic
EH65061,93.00,135.80,71.50,61.50,1-12 UN,,,Cellulose,Spin-On,hydraulic
EH65062,93.00,135.89,71.50,61.50,1-12 UN,,,"Synthetic, Water Absorbent",Spin-On,hydraulic
EH65069,91.60,650.90,,46.40,,3002,,,,hydraulic
EH65070,91.60,650.90,,46.40,,3002,,,,hydraulic
EH650700,76.96,144.00,,,,,,Cellulose,Cartridge,hydraulic
EH65071,91.60,650.90,,46.40,,3002,,,,hydraulic
EH65075,,,,,,,,,,hydraulic
EH65084,69.90,,,,,149,,Synthetic,Cartridge,hydraulic
EH65086,73.00,,44.75,37.69,,150,,Wire Mesh,Cartridge,hydraulic
EH65101,45.90,103.00,,,,,,Cellulose,Cartridge,hydraulic
EH65111,64.00,228.00,,,,,,Cellulose,Cartridge,hydraulic
EH65112,64.00,232.00,,,,145,,Synthetic,Cartridge,hydraulic
EH65120,117.00,163.00,85.00,60.00,,149,,Synthetic,Cartridge,hydraulic
EH65121,86.00,204.50,,,,,,,,hydraulic
EH65122,96.00,194.00,,,,,,,,hydraulic
EH65123,95.90,,,,,,,,,hydraulic
EH65124,107.00,,,,,,,,,hydraulic
EH651244,127.00,208.80,105.90,,1 1/2-16 UN,,,Cellulose,Spin-On,hydraulic
EH65136,46.00,113.00,,,,290,,Synthetic,Cartridge,hydraulic
EH65138,46.00,208.00,,,,149,,Synthetic,Cartridge,hydraulic
EH65142,152.91,426.97,,,,149,,Synthetic,Cartridge,hydraulic
EH65144,152.91,650.75,,,,149,,Synthetic,Cartridge,hydraulic
EH65147,113.90,792.50,,66.00,,290,,Synthetic,,hydraulic
EH65149,93.00,136.00,71.50,61.50,31/32-20 UN,,,Synthetic,Spin-On,hydraulic
EH65150,114.30,180.00,,,,149,,Cellulose,Cartridge,hydraulic
EH65151,152.91,425.96,,,,149,,Synthetic,Cartridge,hydraulic
EH65160,95.50,325.12,,,,200,,Synthetic,Cartridge,hydraulic
EH65166,95.50,325.12,,,,200,,Synthetic,Cartridge,hydraulic
EH65171,152.50,457.20,,,,100,,Cellulose,Cartridge,hydraulic
EH65185,97.00,239.78,70.00,63.00,1 3/8-12 UN,,,Synthetic,Spin-On,hydraulic
EH65188,38.10,82.60,,,9/16-18 UN,,,,In-Line,hydraulic
EH65189,56.00,,32.05,24.99,,149,,Synthetic,Cartridge,hydraulic
EH65190,91.60,605.00,,,,350,,,,hydraulic
EH65191,91.50,605.00,,,,350,,,,hydraulic
EH65192,91.50,605.00,,,,350,,,,hydraulic
EH65193,91.60,605.00,,,,,,,,hydraulic
EH65194,91.60,605.00,,,,3002,,,,hydraulic
EH65238,101.60,232.00,,,,100,,Synthetic,Cartridge,hydraulic
EH65239,128.80,225.60,,,,100,,Synthetic,Cartridge,hydraulic
EH65242,93.00,136.00,71.50,61.50,3/4 BSP/G,100,,Cellulose,Spin-On,hydraulic
EH65243,93.00,136.00,71.50,61.50,3/4 BSP/G,100,,Cellulose,Spin-On,hydraulic
EH65244,118.30,227.00,109.75,97.75,1 1/4 BSP/G,,,Cellulose,Spin-On,hydraulic
EH65245,,,,,,,,,,hydraulic
EH65249,111.30,406.40,,,,49,,Cellulose,Cartridge,hydraulic
EH65251,111.51,203.20,,,,125,,Cellulose,Cartridge,hydraulic
EH65281,,,,,,,,,,hydraulic
EH65312,,,,,,,,,,hydraulic
EH65313,151.40,981.70,,,,149,,Wire Mesh,Cartridge,hydraulic
EH65314,113.79,242.10,,,,149,,Synthetic,Cartridge,hydraulic
EH65332,97.00,239.78,70.00,63.00,1 3/8-12 UN,,,Synteq XP,Spin-On,hydraulic
EH65335,97.00,151.64,70.00,63.00,1 3/8-12 UN,,,Synthetic,Spin-On,hydraulic
EH65338,97.00,239.78,70.15,63.00,1 3/8-12 UN,,,Synthetic,Spin-On,hydraulic
EH65347,72.00,121.40,32.05,24.99,,149,,,Cartridge,hydraulic
EH65352,94.23,118.87,70.15,63.10,1 3/8-12 UN,,,Synthetic,Spin-On,hydraulic
EH65354,97.00,151.64,70.00,63.00,1 3/8-12 UN,,,Synteq XP,Spin-On,hydraulic
EH65378,111.51,330.20,,,,100,,Synthetic,Cartridge,hydraulic
EH65407,78.00,,,,,305,,Wire Mesh,,hydraulic
EH65449,189.00,558.70,,,,100,,Synthetic,Cartridge,hydraulic
EH65457,88.00,382.00,,,,145,,Synthetic,Cartridge,hydraulic
EH65461,128.80,279.40,,,,149,,Cellulose,Cartridge,hydraulic
EH65474,150.80,,,,,150,,Wire Mesh,Cartridge,hydraulic
EH65569,121.00,295.40,86.00,79.00,1 3/4-12 UN,,,Synthetic,Spin-On,hydraulic
EH65603,116.90,134.40,,,,200,,Cellulose,Cartridge,hydraulic
EH65624,152.80,864.80,,,,125,,Synteq XP,Cartridge,hydraulic
EH65625,152.80,857.90,,,,125,,Synteq XP,Cartridge,hydraulic
EH65628,111.51,406.40,,,,125,,Synthetic,Cartridge,hydraulic
EH65629,152.80,906.40,,,,125,,Synteq XP,Cartridge,hydraulic
EH65655,82.04,,,,,149,,Synthetic,Cartridge,hydraulic
EH65656,82.04,,,,,149,,Synthetic,Cartridge,hydraulic
EH65659,121.00,295.40,86.00,79.00,1 3/4-12 UN,,,Synteq XP,Spin-On,hydraulic
EH65662,,,,,,,,,,hydraulic
EH65667,90.40,,,,,450,,Synteq,Cartridge,hydraulic
EH65672,121.00,295.40,86.00,79.00,1 3/4-12 UN,,,Synthetic,Spin-On,hydraulic
EH65675,121.00,295.40,86.00,79.00,1 3/4-12 UN,,,Synthetic,Spin-On,hydraulic
EH65704,135.20,244.20,109.70,100.00,1 3/4-16 UN,,,Synthetic,Spin-On,hydraulic
EH65705,121.00,295.40,86.00,79.00,1 3/4-12 UN,,,Synthetic,Spin-On,hydraulic
EH65744,128.78,469.90,,,,90,,Cellulose,Cartridge,hydraulic
EH65762,129.00,270.76,128.00,120.90,1 1/2-16 UN,,,Synthetic,Spin-On,hydraulic
EH65786,142.75,592.07,,,,49,,Cellulose,Cartridge,hydraulic
EH65821,149.90,450.00,,,,145,,Synteq,Cartridge,hydraulic
EH65875,129.00,169.20,128.00,120.90,1 1/2-16 UN,,,Alpha-web™,Spin-On,hydraulic
EH65876,129.00,270.70,128.00,120.90,1 1/2-16 UN,,,Synthetic,Spin-On,hydraulic
EH65877,129.00,169.16,128.00,120.90,1 1/2-16 UN,,,Synthetic,Spin-On,hydraulic
EH65878,129.00,270.76,128.00,120.90,1 1/2-16 UN,,,Synthetic,Spin-On,hydraulic
EH65879,129.00,169.16,128.00,120.90,1 1/2-16 UN,,,Synthetic,Spin-On,hydraulic
EH65880,129.00,270.76,128.00,120.90,1 1/2-16 UN,,,Synthetic,Spin-On,hydraulic
EH65928,100.00,250.00,,,,145,,Synthetic,,hydraulic
EH65929,100.00,250.00,,,,,,Wire Mesh,Cartridge,hydraulic
EH65930,46.00,82.00,,,,3047,,Wire Mesh,Cartridge,hydraulic
EH65935,95.76,150.88,,,,75,,,Cartridge,hydraulic
EH65938,78.00,,,,,145,,Synteq,Cartridge,hydraulic
EH659527,110.00,100.00,,,,,,Synthetic,,hydraulic
EH66001,115.00,227.77,,,,,,,Cartridge,hydraulic
EH66004,114.30,127.00,,,,,,,Cartridge,hydraulic
EH66005,,,,,,,,,,hydraulic
EH66018,97.90,229.60,,,,145,,Synteq,Cartridge,hydraulic
EH66019,97.90,228.60,,,,145,,Synteq,Cartridge,hydraulic
EH66020,97.90,457.96,,,,290,,Synteq,Cartridge,hydraulic
EH66047,98.80,239.80,,,M87 x 2.5,,,Synteq,Spin-On,hydraulic
EH66064,128.80,226.00,,,,149,,Cellulose,Cartridge,hydraulic
EH660694,93.00,136.00,71.50,61.50,1-12 UN,,,Synthetic,Spin-On,hydraulic
EH661222,160.00,400.00,,,,435,,Synthetic,Cartridge,hydraulic
EH661235,142.00,513.00,,,,435,,Wire Mesh,Cartridge,hydraulic
EH661323,45.00,83.00,,,,435,,Wire Mesh,Cartridge,hydraulic
EH661324,45.00,83.00,,,,435,,Synthetic,Cartridge,hydraulic
EH661327,45.00,98.00,,,,435,,Synthetic,Cartridge,hydraulic
EH661333,45.00,100.00,,,,,,Synthetic,Cartridge,hydraulic
EH661348,60.00,175.00,,,,435,,Wire Mesh,Cartridge,hydraulic
EH66138,97.90,457.96,,,,145,,Synteq,Cartridge,hydraulic
EH66139,97.90,697.69,,,,145,,Synteq,Cartridge,hydraulic
EH66140,97.90,697.69,,,,145,,Synteq,Cartridge,hydraulic
EH661534,41.50,63.00,,,,435,,Wire Mesh,Cartridge,hydraulic
EH661560,74.00,222.00,,,,,,Cellulose,Cartridge,hydraulic
EH66187,189.00,558.80,,,,100,,Synthetic,Cartridge,hydraulic
EH66188,189.10,558.80,,,,100,,Synthetic,Cartridge,hydraulic
EH66189,189.10,558.80,,,,100,,Synthetic,Cartridge,hydraulic
EH66190,189.10,558.80,,,,100,,Synthetic,Cartridge,hydraulic
EH66191,189.10,558.80,,,,100,,Synthetic,Cartridge,hydraulic
EH66192,189.00,558.80,,,,100,,Wire Mesh,Cartridge,hydraulic
EH66194,45.00,,,,,249,,Synthetic,Cartridge,hydraulic
EH66195,45.00,,,,,249,,Synthetic,Cartridge,hydraulic
EH66196,45.00,112.00,,,,249,,Synthetic,Cartridge,hydraulic
EH66197,45.00,,,,,249,,Synthetic,Cartridge,hydraulic
EH66198,45.00,,,,,249,,Synthetic,Cartridge,hydraulic
EH66199,45.00,,,,,249,,Synthetic,Cartridge,hydraulic
EH66200,45.00,,,,,249,,Synthetic,Cartridge,hydraulic
EH66201,45.00,,,,,249,,Synthetic,Cartridge,hydraulic
EH66202,45.00,,,,,249,,Synthetic,Cartridge,hydraulic
EH66203,45.00,,,,,,,Synthetic,Cartridge,hydraulic
EH66204,142.75,304.80,141.00,104.00,,100,,Synthetic,Cartridge,hydraulic
EH66205,152.40,457.20,,,,75,,Synthetic,Cartridge,hydraulic
EH66206,78.84,,,,,290,,Synthetic,Cartridge,hydraulic
EH66207,119.40,193.00,86.00,78.97,1 3/4-12 UN,,,Synthetic,Spin-On,hydraulic
EH66208,119.40,193.00,86.00,78.97,1 3/4-12 UN,,,Synthetic,Spin-On,hydraulic
EH66209,78.84,,,,,290,,Synthetic,Cartridge,hydraulic
EH66210,78.84,,,,,290,,Synthetic,Cartridge,hydraulic
EH66211,78.84,,,,,290,,Synthetic,Cartridge,hydraulic
EH66212,78.00,,47.76,42.52,,290,,Synthetic,Cartridge,hydraulic
EH66213,78.84,,,,,290,,Synthetic,Cartridge,hydraulic
EH66214,78.84,,,,,290,,Synthetic,Cartridge,hydraulic
EH66215,78.84,,,,,290,,Synthetic,Cartridge,hydraulic
EH66216,78.84,,,,,290,,Synthetic,Cartridge,hydraulic
EH66217,78.84,,,41.20,,290,,Synthetic,Cartridge,hydraulic
EH66218,78.84,,,,,290,,Synthetic,Cartridge,hydraulic
EH66219,78.84,,,,,290,,Synthetic,Cartridge,hydraulic
EH66220,111.51,201.93,,,,100,,Synthetic,Cartridge,hydraulic
EH66221,111.51,406.40,,,,100,,Synthetic,Cartridge,hydraulic
EH66222,152.40,457.20,,,,100,,Synthetic,Cartridge,hydraulic
EH662224,132.10,276.86,,,3 NPT,,,Wire Mesh,Strainer,hydraulic
EH66223,78.84,,,,,290,,Synthetic,Cartridge,hydraulic
EH662233,86.36,129.54,,,1 1/2 NPT,,,Wire Mesh,Strainer,hydraulic
EH66224,78.70,212.70,,,,149,,Synthetic,Cartridge,hydraulic
EH662245,68.58,93.98,,,3/4 NPT,,,Wire Mesh,Strainer,hydraulic
EH66225,78.70,212.70,,,,149,,Synthetic,Cartridge,hydraulic
EH66226,78.70,212.70,,,,149,,Synthetic,Cartridge,hydraulic
EH66227,78.70,212.70,,,,149,,Synthetic,Cartridge,hydraulic
EH662270,22.10,101.60,,,1/2 NPT,,,Wire Mesh,Strainer,hydraulic
EH66228,78.70,212.70,,,,149,,Synthetic,Cartridge,hydraulic
EH66229,78.70,431.80,,,,149,,Synthetic,Cartridge,hydraulic
EH66230,78.70,431.80,,,,149,,Synthetic,Cartridge,hydraulic
EH66231,78.70,431.80,,,,149,,Synthetic,Cartridge,hydraulic
EH66232,78.70,431.80,,,,149,,Synthetic,Cartridge,hydraulic
EH66233,78.70,431.80,,,,149,,Synthetic,Cartridge,hydraulic
EH66234,151.40,205.10,,,,149,,Synthetic,Cartridge,hydraulic
EH66235,151.40,205.50,,,,,,Synthetic,Cartridge,hydraulic
EH66237,151.40,205.50,,,,149,,Synthetic,Cartridge,hydraulic
EH66238,151.40,205.50,,,,149,,Synthetic,Cartridge,hydraulic
EH66239,151.40,424.80,,,,149,,Synthetic,Cartridge,hydraulic
EH66240,151.40,424.80,,,,149,,Synthetic,Cartridge,hydraulic
EH66241,151.40,424.80,,,,149,,Synthetic,Cartridge,hydraulic
EH66242,151.40,424.80,,,,149,,Synthetic,Cartridge,hydraulic
EH662421,90.30,230.30,,,,,,Synthetic,Cartridge,hydraulic
EH66243,151.40,424.80,,,,149,,Synthetic,Cartridge,hydraulic
EH66244,151.40,981.70,,,,149,,Synthetic,Cartridge,hydraulic
EH66245,151.40,981.70,,,,149,,Synthetic,Cartridge,hydraulic
EH66246,111.00,406.00,,,,125,,Cellulose,Cartridge,hydraulic
EH66247,151.40,981.70,,,,149,,Synthetic,Cartridge,hydraulic
EH66248,151.40,981.70,,,,149,,Synthetic,Cartridge,hydraulic
EH66249,150.80,,,,,149,,Synthetic,Cartridge,hydraulic
EH66250,150.80,,,,,149,,Synthetic,Cartridge,hydraulic
EH66251,150.80,,,,,149,,Synthetic,Cartridge,hydraulic
EH66252,150.80,,,,,149,,Synthetic,Cartridge,hydraulic
EH66253,150.80,,,,,149,,Synthetic,Cartridge,hydraulic
EH66254,150.80,,,,,149,,Synthetic,Cartridge,hydraulic
EH66255,150.80,,,,,149,,Synthetic,Cartridge,hydraulic
EH66256,150.80,,,,,149,,Synthetic,Cartridge,hydraulic
EH66257,150.80,,,,,149,,Synthetic,Cartridge,hydraulic
EH66258,150.80,,,,,149,,Synthetic,Cartridge,hydraulic
EH66259,152.40,,,,,149,,Synthetic,Cartridge,hydraulic
EH66260,152.40,,,,,149,,Synthetic,Cartridge,hydraulic
EH66261,152.40,,,,,149,,Synthetic,Cartridge,hydraulic
EH66262,152.40,,,,,149,,Synthetic,Cartridge,hydraulic
EH66263,152.40,,,,,149,,Synthetic,Cartridge,hydraulic
EH66264,152.40,,,,,149,,Synthetic,Cartridge,hydraulic
EH66265,152.40,,,,,149,,Synthetic,Cartridge,hydraulic
EH66266,152.40,,,,,149,,Synthetic,Cartridge,hydraulic
EH66267,152.40,,,,,149,,Synthetic,Cartridge,hydraulic
EH66268,152.40,898.91,,,,149,,Synthetic,Cartridge,hydraulic
EH66269,152.40,,,,,149,,Synthetic,Cartridge,hydraulic
EH66270,97.90,,,,,290,,Synthetic,Cartridge,hydraulic
EH66271,97.90,228.60,,,,290,,Synthetic,Cartridge,hydraulic
EH66272,97.90,228.60,,,,290,,Synthetic,Cartridge,hydraulic
EH66273,98.58,231.10,,,,290,,Synthetic,Cartridge,hydraulic
EH66274,97.90,457.99,,,,149,,Synthetic,Cartridge,hydraulic
EH66275,97.90,457.99,,,,149,,Synthetic,Cartridge,hydraulic
EH66276,97.90,457.99,,,,149,,Synthetic,Cartridge,hydraulic
EH66277,97.90,457.99,,,,149,,Synthetic,Cartridge,hydraulic
EH66278,97.90,697.69,,,,149,,Synthetic,Cartridge,hydraulic
EH66279,97.90,697.69,,,,149,,Synthetic,Cartridge,hydraulic
EH66280,97.90,697.69,,,,149,,Synthetic,Cartridge,hydraulic
EH66281,97.90,697.69,,,,149,,Synthetic,Cartridge,hydraulic
EH662921,175.00,,,,,145,,Cellulose,Cartridge,hydraulic
EH663185,71.60,350.00,,,,145,,Synthetic,Cartridge,hydraulic
EH66324,118.30,158.00,110.00,98.00,1 1/4 BSP/G,,,Synthetic,Spin-On,hydraulic
EH66325,118.30,286.00,110.00,98.00,1 1/4 BSP/G,,,Synthetic,Spin-On,hydraulic
EH66340,97.70,185.60,,,,149,,Synthetic,Cartridge,hydraulic
EH66341,97.70,185.60,,,,149,,Synthetic,Cartridge,hydraulic
EH66342,97.70,185.60,,,,149,,Synthetic,Cartridge,hydraulic
EH66343,97.70,185.60,,,,149,,Synthetic,Cartridge,hydraulic
EH66349,97.70,388.90,,,,149,,Synthetic,Cartridge,hydraulic
EH66350,97.60,388.90,,,,149,,Synthetic,Cartridge,hydraulic
EH66351,,,,,,,,,,hydraulic
EH66352,97.70,388.00,,,,149,,Synthetic,Cartridge,hydraulic
EH663529,116.40,295.00,70.15,63.00,1 3/8-12 UN,203,,Synteq XP,Spin-On,hydraulic
EH66353,98.30,388.90,,,,149,,Synthetic,Cartridge,hydraulic
EH663542,97.00,151.70,70.00,63.00,1 3/8-12 UN,500,,Synteq XP,Spin-On,hydraulic
EH66355,97.70,635.80,,,,149,,Synthetic,Cartridge,hydraulic
EH663558,,,,,,,,,,hydraulic
EH66356,97.70,635.80,,,,149,,Synthetic,Cartridge,hydraulic
EH66357,97.70,635.80,,,,149,,Synthetic,Cartridge,hydraulic
EH66358,97.70,635.80,,,,149,,Synthetic,Cartridge,hydraulic
EH66372,81.20,,,,,149,,Synthetic,Cartridge,hydraulic
EH66373,81.20,,,,,149,,Synthetic,Cartridge,hydraulic
EH66374,81.20,,,,,149,,Synthetic,Cartridge,hydraulic
EH66375,81.20,,,,,149,,Synthetic,Cartridge,hydraulic
EH66376,81.20,,,,,149,,Synthetic,Cartridge,hydraulic
EH66377,81.20,,,,,149,,Synthetic,Cartridge,hydraulic
EH66378,81.20,,,,,149,,Synthetic,Cartridge,hydraulic
EH66379,81.20,,,,,149,,Synthetic,Cartridge,hydraulic
EH66380,81.20,,,,,149,,Synthetic,Cartridge,hydraulic
EH66381,81.20,,,,,149,,Synthetic,Cartridge,hydraulic
EH66383,81.20,,,,,149,,Synthetic,Cartridge,hydraulic
EH66384,81.20,,,,,149,,Synthetic,Cartridge,hydraulic
EH66385,81.20,,,,,149,,Synthetic,Cartridge,hydraulic
EH66386,81.20,,,,,149,,Synthetic,Cartridge,hydraulic
EH66390,79.40,427.10,,,,3002,,Synthetic,Cartridge,hydraulic
EH66391,50.00,,,,,149,,Synthetic,Cartridge,hydraulic
EH66392,50.00,,,,,149,,Synthetic,Cartridge,hydraulic
EH66393,50.00,,,,,149,,Synthetic,Cartridge,hydraulic
EH66394,50.00,,,,,149,,Synthetic,Cartridge,hydraulic
EH66395,50.00,,,,,149,,Synthetic,Cartridge,hydraulic
EH66397,50.00,,,,,149,,Synthetic,Cartridge,hydraulic
EH66398,50.00,,,,,149,,Synthetic,Cartridge,hydraulic
EH66399,50.00,,,,,149,,Synthetic,Cartridge,hydraulic
EH66400,50.00,,,,,149,,Synthetic,Cartridge,hydraulic
EH66401,50.00,,,,,149,,Synthetic,Cartridge,hydraulic
EH66402,50.00,,,,,149,,Synthetic,Cartridge,hydraulic
EH66403,50.00,,,,,149,,Synthetic,Cartridge,hydraulic
EH66404,50.00,,,,,149,,Synthetic,Cartridge,hydraulic
EH66405,50.00,,,,,149,,Synthetic,Cartridge,hydraulic
EH66410,50.55,,,,,3002,,Synthetic,Cartridge,hydraulic
EH66412,97.50,,,,,3002,,Synthetic,Cartridge,hydraulic
EH66413,97.50,,,,,3002,,Synthetic,Cartridge,hydraulic
EH66417,189.10,558.80,,,,75,,Synthetic,Cartridge,hydraulic
EH664183,99.00,50.20,,,,,,Wire Mesh,Cartridge,hydraulic
EH664225,110.00,248.00,,,,435,,Synthetic,Cartridge,hydraulic
EH664260,,,,,,,,,,hydraulic
EH66445,96.20,,,,,149,,Synthetic,Cartridge,hydraulic
EH66446,165.00,384.00,,,,100,,Synthetic,Cartridge,hydraulic
EH66447,96.20,,,,,149,,Synthetic,Cartridge,hydraulic
EH66448,96.20,,,,,149,,Synthetic,Cartridge,hydraulic
EH66450,96.20,,,,,149,,Synthetic,Cartridge,hydraulic
EH66451,96.20,,,,,149,,Synthetic,Cartridge,hydraulic
EH66452,96.20,,,,,149,,Synthetic,Cartridge,hydraulic
EH66453,96.20,,,,,149,,Synthetic,Cartridge,hydraulic
EH66455,96.20,,,,,149,,Synthetic,Cartridge,hydraulic
EH66456,96.20,,,,,149,,Synthetic,Cartridge,hydraulic
EH66457,96.20,,,,,149,,Synthetic,Cartridge,hydraulic
EH66458,96.20,988.30,,,,149,,Synthetic,Cartridge,hydraulic
EH66460,78.70,,,,,149,,Synthetic,Cartridge,hydraulic
EH66461,111.00,203.20,,,,100,,Synthetic,Cartridge,hydraulic
EH66462,152.40,457.20,,,,125,,Synthetic,Cartridge,hydraulic
EH66463,78.70,,,,,149,,Synthetic,Cartridge,hydraulic
EH66465,78.70,,,,,149,,Synthetic,Cartridge,hydraulic
EH66466,78.70,,,,,149,,Synthetic,Cartridge,hydraulic
EH66467,78.70,,,,,149,,Synthetic,Cartridge,hydraulic
EH66468,78.70,,,,,149,,Synthetic,Cartridge,hydraulic
EH66470,78.70,,,,,149,,Synthetic,Cartridge,hydraulic
EH66471,78.70,,,,,149,,Synthetic,Cartridge,hydraulic
EH66472,78.70,,,,,149,,Synthetic,Cartridge,hydraulic
EH66473,78.70,,,,,149,,Synthetic,Cartridge,hydraulic
EH66476,86.40,,,,,149,,Synthetic,Cartridge,hydraulic
EH66480,86.40,,,,,149,,Synthetic,Cartridge,hydraulic
EH66481,86.40,,,,,149,,Synthetic,Cartridge,hydraulic
EH66482,86.40,,,,,149,,Synthetic,Cartridge,hydraulic
EH66483,86.40,,,,,149,,Synthetic,Cartridge,hydraulic
EH66484,86.40,,,,,149,,Synthetic,Cartridge,hydraulic
EH66485,86.40,,,,,149,,Synthetic,Cartridge,hydraulic
EH66486,86.40,,,,,149,,Synthetic,Cartridge,hydraulic
EH66487,86.40,,,,,149,,Synthetic,Cartridge,hydraulic
EH66488,86.40,,,,,149,,Synthetic,Cartridge,hydraulic
EH66490,96.20,203.20,,,,149,,Synthetic,Cartridge,hydraulic
EH66491,96.20,,,,,149,,Synthetic,Cartridge,hydraulic
EH66492,96.20,,,,,149,,Synthetic,Cartridge,hydraulic
EH66493,96.20,,,,,149,,Synthetic,Cartridge,hydraulic
EH66494,96.20,,,,,149,,Synthetic,Cartridge,hydraulic
EH66495,96.20,,,,,149,,Synthetic,Cartridge,hydraulic
EH66497,96.20,,,,,149,,Synthetic,Cartridge,hydraulic
EH66498,96.20,,,,,149,,Synthetic,Cartridge,hydraulic
EH66499,96.20,,,,,149,,Synthetic,Cartridge,hydraulic
EH66500,96.20,,,,,149,,Synthetic,Cartridge,hydraulic
EH66501,96.20,,,,,149,,Synthetic,Cartridge,hydraulic
EH66502,96.20,,,,,149,,Synthetic,Cartridge,hydraulic
EH66503,96.20,,,,,149,,Synthetic,Cartridge,hydraulic
EH66506,96.20,,,,,149,,Synthetic,Cartridge,hydraulic
EH66507,96.20,,,,,149,,Synthetic,Cartridge,hydraulic
EH66510,96.20,,,,,149,,Synthetic,Cartridge,hydraulic
EH66511,96.20,,,,,149,,Synthetic,Cartridge,hydraulic
EH66512,96.20,,,,,149,,Synthetic,Cartridge,hydraulic
EH665142,142.00,513.00,,,,435,,Wire Mesh,Cartridge,hydraulic
EH665150,96.40,427.00,,,,145,,Synthetic,Cartridge,hydraulic
EH66517,101.20,194.50,,,,149,,Synthetic,Cartridge,hydraulic
EH66518,101.20,194.50,,,,149,,Synthetic,Cartridge,hydraulic
EH66520,101.20,315.90,,,,149,,Synthetic,Cartridge,hydraulic
EH66521,101.20,315.90,,,,149,,Synthetic,Cartridge,hydraulic
EH66522,101.20,315.90,,,,149,,Synthetic,Cartridge,hydraulic
EH66523,101.20,315.90,,,,149,,Synthetic,Cartridge,hydraulic
EH66534,101.20,407.20,,,,149,,Synthetic,Cartridge,hydraulic
EH66536,101.20,407.20,,,,149,,Synthetic,Cartridge,hydraulic
EH66537,101.20,407.20,,,,149,,Synthetic,Cartridge,hydraulic
EH66540,101.20,639.00,,,,149,,Synthetic,Cartridge,hydraulic
EH66542,101.20,639.00,,,,149,,Synthetic,Cartridge,hydraulic
EH66544,101.20,971.60,,,,149,,Synthetic,Cartridge,hydraulic
EH66545,101.20,971.60,,,,149,,Synthetic,Cartridge,hydraulic
EH66546,101.20,971.60,,,,149,,Synthetic,Cartridge,hydraulic
EH66547,101.20,971.60,,,,149,,Synthetic,Cartridge,hydraulic
EH665875,129.00,169.20,128.00,120.90,1 1/2-16 UN,,,Synthetic,Spin-On,hydraulic
EH66597,111.51,406.40,,,,125,,Synthetic,Cartridge,hydraulic
EH666204,78.84,,,,,290,,Synthetic,Cartridge,hydraulic
EH666205,78.84,,,,,290,,Synthetic,Cartridge,hydraulic
EH666207,78.84,,,,,290,,Synthetic,Cartridge,hydraulic
EH666208,78.84,,,,,290,,Synthetic,Cartridge,hydraulic
EH666220,78.84,,,,,290,,Synthetic,Cartridge,hydraulic
EH666221,78.84,,,,,290,,Synthetic,Cartridge,hydraulic
EH666222,78.84,,,,,290,,Synthetic,Cartridge,hydraulic
EH666246,151.40,981.70,,,,149,,Synthetic,Cartridge,hydraulic
EH66630,69.90,,,,,149,,Synthetic,Cartridge,hydraulic
EH66631,69.90,,41.00,33.00,,149,,,Cartridge,hydraulic
EH66632,69.90,,,,,149,,Synthetic,Cartridge,hydraulic
EH66633,69.90,,,,,149,,Synthetic,Cartridge,hydraulic
EH66634,69.90,,,,,149,,Synthetic,Cartridge,hydraulic
EH66636,69.90,,,,,149,,Synthetic,Cartridge,hydraulic
EH66637,69.90,,,,,149,,Synthetic,Cartridge,hydraulic
EH66638,69.90,,,,,149,,Synthetic,Cartridge,hydraulic
EH66639,69.85,,,,,149,,Synthetic,Cartridge,hydraulic
EH66640,94.90,331.20,,,,3002,,Synthetic,Cartridge,hydraulic
EH66641,,,,,,,,,,hydraulic
EH66642,94.90,650.50,,,,3002,,Synthetic,Cartridge,hydraulic
EH66643,94.90,650.50,,,,3002,,Synthetic,Cartridge,hydraulic
EH66644,,,,,,,,,,hydraulic
EH666446,96.20,,,,,149,,Synthetic,Cartridge,hydraulic
EH66645,,,,,,,,,,hydraulic
EH66646,35.00,,,,,450,,Synthetic,Cartridge,hydraulic
EH666461,78.70,,,,,149,,Synthetic,Cartridge,hydraulic
EH666462,78.70,,,,,149,,Synthetic,Cartridge,hydraulic
EH66647,35.00,,,,,450,,Synthetic,Cartridge,hydraulic
EH66648,35.00,,,,,450,,Synthetic,Cartridge,hydraulic
EH66649,35.00,,,,,450,,Synthetic,Cartridge,hydraulic
EH66650,47.50,,,,,450,,Synthetic,Cartridge,hydraulic
EH66651,47.50,,,,,450,,Synthetic,Cartridge,hydraulic
EH66652,47.50,,,,,450,,Synthetic,Cartridge,hydraulic
EH66653,47.50,,,,,450,,Synthetic,Cartridge,hydraulic
EH66654,56.00,,,,,450,,Synthetic,Cartridge,hydraulic
EH66655,56.00,,,,,450,,Synthetic,Cartridge,hydraulic
EH66657,56.00,,,,,450,,Synthetic,Cartridge,hydraulic
EH66658,47.75,,,,,450,,Synthetic,Cartridge,hydraulic
EH66659,47.75,,,,,450,,Synthetic,Cartridge,hydraulic
EH66660,47.75,,,,,450,,Synthetic,Cartridge,hydraulic
EH66661,47.75,,,,,450,,Synthetic,Cartridge,hydraulic
EH66662,47.75,,,,,450,,Synthetic,Cartridge,hydraulic
EH66664,47.75,,,,,450,,Synthetic,Cartridge,hydraulic
EH66665,47.75,,,,,450,,Synthetic,Cartridge,hydraulic
EH66666,68.40,113.80,,32.90,,450,,Synthetic,,hydraulic
EH66667,69.90,,,,,450,,Synthetic,Cartridge,hydraulic
EH66668,69.90,,,,,450,,Synthetic,Cartridge,hydraulic
EH66669,69.90,,,,,450,,Synthetic,Cartridge,hydraulic
EH66670,68.40,,,,,450,,Synthetic,Cartridge,hydraulic
EH666700,,,,,,,,,,hydraulic
EH66671,69.90,,,,,450,,Synthetic,Cartridge,hydraulic
EH66672,69.90,,,,,450,,Synthetic,Cartridge,hydraulic
EH66673,69.90,,,,,450,,Synthetic,Cartridge,hydraulic
EH66674,68.50,,,,,149,,Synthetic,Cartridge,hydraulic
EH66675,68.50,,,,,149,,Synthetic,Cartridge,hydraulic
EH66676,68.50,,,,,149,,Synthetic,Cartridge,hydraulic
EH66677,68.50,,,,,149,,Synthetic,Cartridge,hydraulic
EH66678,92.10,,,,,149,,Synthetic,Cartridge,hydraulic
EH66679,92.10,,,,,149,,Synthetic,Cartridge,hydraulic
EH66680,92.10,,,,,149,,Synthetic,Cartridge,hydraulic
EH66681,92.10,,,,,149,,Synthetic,Cartridge,hydraulic
EH66682,92.10,,,46.40,,450,,Synthetic,Cartridge,hydraulic
EH66683,92.10,,,46.40,,450,,Synthetic,Cartridge,hydraulic
EH66684,92.10,,,46.40,,450,,Synthetic,Cartridge,hydraulic
EH66685,92.10,,,46.40,,450,,Synthetic,Cartridge,hydraulic
EH66686,34.85,,,,,3002,,Synthetic,Cartridge,hydraulic
EH66687,34.85,,,,,3002,,Synthetic,Cartridge,hydraulic
EH66688,47.65,84.10,,,,3002,,Synthetic,Cartridge,hydraulic
EH66689,47.65,84.10,,,,3002,,Synthetic,Cartridge,hydraulic
EH66692,47.65,,,,,3002,,Synthetic,Cartridge,hydraulic
EH66693,47.65,,,,,3002,,Synthetic,Cartridge,hydraulic
EH66698,69.80,,,,,3002,,Synthetic,Cartridge,hydraulic
EH666987,92.40,107.00,,,,145,,Synthetic,Cartridge,hydraulic
EH66699,69.80,,,,,3002,,Synthetic,Cartridge,hydraulic
EH66700,173.80,226.00,,,,149,,Cellulose,Cartridge,hydraulic
EH66701,91.50,,,,,3002,,Synthetic,Cartridge,hydraulic
EH667010,,,,,,,,,,hydraulic
EH667011,96.00,265.00,,,,145,,Synthetic,Cartridge,hydraulic
EH667012,96.00,187.50,,,,145,,Synthetic,Cartridge,hydraulic
EH66704,152.80,450.20,,,,125,,Synthetic,Cartridge,hydraulic
EH667047,61.98,234.95,,,,149,,Synthetic,Cartridge,hydraulic
EH66705,152.80,457.00,,,,125,,Synthetic,Cartridge,hydraulic
EH66706,152.80,,,66.60,,125,,Synthetic,Cartridge,hydraulic
EH66707,152.80,,,,,125,,Synthetic,Cartridge,hydraulic
EH66708,152.80,,,,,125,,Synthetic,Cartridge,hydraulic
EH667084,107.00,,,,,290,,Synthetic,Cartridge,hydraulic
EH66709,152.80,,,,,125,,Synthetic,Cartridge,hydraulic
EH66710,152.80,,,,,125,,Synthetic,Cartridge,hydraulic
EH667104,107.00,,,,,290,,Synthetic,Cartridge,hydraulic
EH66711,152.80,,,,,125,,Synthetic,Cartridge,hydraulic
EH66712,152.80,,,,,125,,Synthetic,Cartridge,hydraulic
EH66713,152.80,,,,,125,,Synthetic,Cartridge,hydraulic
EH667414,152.40,,,,,149,,Synthetic,Cartridge,hydraulic
EH66749,140.00,400.00,,,,145,,Synthetic,Cartridge,hydraulic
EH66756,96.00,144.00,72.00,62.00,1 1/8-16 UN,218,,Synthetic,Spin-On,hydraulic
EH66811,,,,,,,,,,hydraulic
EH66813,96.00,187.50,,,,145,,Synthetic,Cartridge,hydraulic
EH66847,96.00,187.50,,,,145,,Synthetic,Cartridge,hydraulic
EH66887,200.00,160.00,,,M10 x 1.5,,,Wire Mesh,Cartridge,hydraulic
EH66903,152.70,106.90,,,,100,,Synthetic,Cartridge,hydraulic
EH66904,152.70,210.00,69.00,93.00,,100,,Synthetic,Cartridge,hydraulic
EH66919,92.96,146.81,86.00,73.40,1 1/2-16 UN,,,Synthetic,Spin-On,hydraulic
EH66920,92.96,146.81,86.00,73.00,1 1/2-16 UN,,,Synthetic,Spin-On,hydraulic
EH66921,92.96,146.81,86.00,73.40,1 1/2-16 UN,,,Synthetic,Spin-On,hydraulic
EH66922,92.96,146.81,86.00,73.40,1 1/2-16 UN,,,Synthetic,Spin-On,hydraulic
EH66955,,,,,,,,,,hydraulic
EH669553,78.00,397.00,,,,305,,,Cartridge,hydraulic
EH66956,44.50,248.00,,,,305,,Synthetic,Cartridge,hydraulic
EH66959,92.40,209.00,,,,145,,Synthetic,Cartridge,hydraulic
EH66961,47.80,98.70,,20.80,,,,Synthetic,,hydraulic
EH66962,47.80,98.70,,20.80,,,,Synthetic,,hydraulic
EH66963,47.80,98.70,,20.80,,,,Synthetic,,hydraulic
EH66964,47.80,98.70,,20.80,,,,Synthetic,,hydraulic
EH66965,47.80,,,21.00,,,,Synthetic,,hydraulic
EH66966,47.80,,,21.00,,,,Synthetic,,hydraulic
EH66967,47.80,,,21.00,,,,Synthetic,,hydraulic
EH66968,47.80,,,21.00,,,,Synthetic,,hydraulic
EH66969,72.60,144.00,,32.90,,,,Synthetic,,hydraulic
EH66970,72.60,144.00,,32.90,,,,Synthetic,,hydraulic
EH66971,72.60,144.00,,32.90,,,,Synthetic,,hydraulic
EH66972,72.60,144.00,,32.90,,,,Synthetic,,hydraulic
EH66977,72.40,203.00,,32.90,,,,Synthetic,,hydraulic
EH66978,72.40,203.00,,32.90,,,,Synthetic,,hydraulic
EH66979,72.40,203.00,,32.90,,,,Synthetic,,hydraulic
EH66980,72.40,203.00,,32.90,,,,Synthetic,,hydraulic
EH66981,94.50,194.70,,47.22,,,,Synthetic,,hydraulic
EH66982,94.50,194.70,,47.22,,,,Synthetic,,hydraulic
EH66983,94.50,194.70,,47.22,,149,,Synthetic,,hydraulic
EH66984,94.50,194.70,,47.22,,,,Synthetic,,hydraulic
EH66985,113.90,333.00,,66.00,,290,,Synthetic,,hydraulic
EH66986,113.90,333.00,,66.00,,290,,Synthetic,,hydraulic
EH66987,113.90,333.00,,66.00,,290,,Synthetic,,hydraulic
EH66988,113.90,333.00,,66.00,,290,,Synthetic,,hydraulic
EH66989,113.92,410.70,,66.00,,290,,Synthetic,,hydraulic
EH66990,113.92,410.70,,66.00,,290,,Synthetic,,hydraulic
EH66991,113.92,410.70,,66.00,,290,,Synthetic,,hydraulic
EH66992,113.92,410.70,,66.00,,290,,Synthetic,,hydraulic
EH66993,145.20,364.10,,94.80,,290,,Synthetic,,hydraulic
EH66994,145.20,364.10,,94.80,,290,,Synthetic,,hydraulic
EH66995,145.20,364.10,,94.80,,290,,Synthetic,,hydraulic
EH66996,145.20,364.10,,94.80,,290,,Synthetic,,hydraulic
EH66997,145.22,,,94.80,,,,Synthetic,,hydraulic
EH66998,145.22,,,94.80,,149,,Synthetic,,hydraulic
EH66999,145.22,,,94.80,,149,,Synthetic,,hydraulic
EH67000,145.22,,,94.80,,149,,Synthetic,,hydraulic
EH67001,145.20,919.00,,94.80,,290,,Synthetic,,hydraulic
EH67002,145.20,919.00,,94.80,,290,,Synthetic,,hydraulic
EH67003,145.20,919.00,,94.80,,290,,Synthetic,,hydraulic
EH67004,145.20,919.00,,94.80,,290,,Synthetic,,hydraulic
EH67005,55.30,,,,,149,,Synthetic,Cartridge,hydraulic
EH67006,55.30,,,,,149,,Synthetic,Cartridge,hydraulic
EH67007,55.30,,,,,149,,Synthetic,Cartridge,hydraulic
EH67008,55.30,,,,,149,,Synthetic,Cartridge,hydraulic
EH67009,56.00,,,,,149,,Synthetic,Cartridge,hydraulic
EH67010,55.30,,,,,149,,Synthetic,Cartridge,hydraulic
EH67011,55.30,,,,,149,,Synthetic,Cartridge,hydraulic
EH67012,55.30,,,,,149,,Synthetic,Cartridge,hydraulic
EH67013,73.66,,,,,450,,Synthetic,Cartridge,hydraulic
EH67014,73.66,,,,,450,,Synthetic,Cartridge,hydraulic
EH67015,73.66,,,,,450,,Synthetic,Cartridge,hydraulic
EH67016,73.66,,,,,450,,Synthetic,Cartridge,hydraulic
EH67017,73.66,,,,,450,,Synthetic,Cartridge,hydraulic
EH67018,73.66,,,,,450,,Synthetic,Cartridge,hydraulic
EH67019,73.66,,,,,450,,Synthetic,Cartridge,hydraulic
EH67020,73.66,,,,,450,,Synthetic,Cartridge,hydraulic
EH67021,94.13,,,,,450,,Synthetic,Cartridge,hydraulic
EH67022,94.13,,,,,450,,Synthetic,Cartridge,hydraulic
EH67023,94.13,,,,,450,,Synthetic,Cartridge,hydraulic
EH67024,94.13,,,,,450,,Synthetic,Cartridge,hydraulic
EH67025,94.13,,,,,450,,Synthetic,Cartridge,hydraulic
EH67026,94.13,,,,,450,,Synthetic,Cartridge,hydraulic
EH67027,94.13,,,,,450,,Synthetic,Cartridge,hydraulic
EH67028,94.13,,,,,450,,Synthetic,Cartridge,hydraulic
EH67029,94.13,,,,,450,,Synthetic,Cartridge,hydraulic
EH67030,94.13,,,,,450,,Synthetic,Cartridge,hydraulic
EH67031,94.13,,,,,450,,Synthetic,Cartridge,hydraulic
EH670312,145.22,,,,,149,,Synthetic,Cartridge,hydraulic
EH670313,145.22,,,,,149,,Synthetic,Cartridge,hydraulic
EH67032,94.13,,,,,450,,Synthetic,Cartridge,hydraulic
EH67033,96.11,,,,,149,,Synthetic,Cartridge,hydraulic
EH67034,96.11,,,,,149,,Synthetic,Cartridge,hydraulic
EH67035,96.11,,,43.40,,149,,Synthetic,Cartridge,hydraulic
EH67036,96.11,,,,,149,,Synthetic,Cartridge,hydraulic
EH67037,96.11,,,,,149,,Synthetic,Cartridge,hydraulic
EH67038,96.10,,,,,149,,Synthetic,Cartridge,hydraulic
EH67039,96.10,,,,,149,,Synthetic,Cartridge,hydraulic
EH67040,96.11,,,,,149,,Synthetic,Cartridge,hydraulic
EH67041,61.98,127.00,,,,149,,Synthetic,Cartridge,hydraulic
EH67042,61.98,127.00,,,,149,,Synthetic,Cartridge,hydraulic
EH67043,61.98,127.00,,,,149,,Synthetic,Cartridge,hydraulic
EH67044,61.98,127.00,,,,149,,Synthetic,Cartridge,hydraulic
EH67045,61.98,234.95,,,,149,,Synthetic,Cartridge,hydraulic
EH67046,61.98,234.95,,,,149,,Synthetic,Cartridge,hydraulic
EH67047,97.00,239.78,70.15,63.00,1 3/8-12 UN,,,Synthetic,Spin-On,hydraulic
EH67048,61.98,234.95,,,,149,,Synthetic,Cartridge,hydraulic
EH67049,91.50,,,,,149,,Synthetic,Cartridge,hydraulic
EH67050,91.50,,,,,149,,Synthetic,Cartridge,hydraulic
EH67051,91.50,,,,,149,,Synthetic,Cartridge,hydraulic
EH67052,91.50,,,,,149,,Synthetic,Cartridge,hydraulic
EH67053,91.44,388.62,,,,149,,Synthetic,Cartridge,hydraulic
EH67054,91.44,388.62,,,,149,,Synthetic,Cartridge,hydraulic
EH67055,91.44,388.62,,,,149,,Synthetic,Cartridge,hydraulic
EH67056,91.44,388.62,,,,149,,Synthetic,Cartridge,hydraulic
EH67065,44.00,,23.96,18.72,,149,,Synthetic,Cartridge,hydraulic
EH67066,44.20,,23.96,18.72,,149,,Synthetic,Cartridge,hydraulic
EH67067,44.20,,23.96,18.72,,149,,Synthetic,Cartridge,hydraulic
EH67068,44.20,,23.96,18.72,,149,,Synthetic,Cartridge,hydraulic
EH67069,44.20,,23.96,18.72,,149,,Synthetic,Cartridge,hydraulic
EH67070,44.40,,23.96,18.72,,149,,Synthetic,Cartridge,hydraulic
EH67071,44.20,,23.96,18.72,,149,,Synthetic,Cartridge,hydraulic
EH67072,44.20,,23.96,18.72,,149,,Synthetic,Cartridge,hydraulic
EH67073,73.00,,,,,149,,Synthetic,Cartridge,hydraulic
EH67074,73.00,236.25,,,,149,,Synthetic,Cartridge,hydraulic
EH67075,73.00,,,,,149,,Synthetic,Cartridge,hydraulic
EH67076,73.00,,,,,149,,Synthetic,Cartridge,hydraulic
EH67077,73.00,,,,,149,,Synthetic,Cartridge,hydraulic
EH67078,73.00,362.84,,,,149,,Synthetic,Cartridge,hydraulic
EH67079,73.00,362.84,,,,149,,Synthetic,Cartridge,hydraulic
EH67080,73.00,,,,,149,,Synthetic,Cartridge,hydraulic
EH67081,47.75,93.20,,,,450,,Synthetic,Cartridge,hydraulic
EH67082,47.80,93.20,,,,305,,Synthetic,Cartridge,hydraulic
EH67083,47.75,93.20,,,,450,,Synthetic,Cartridge,hydraulic
EH67084,47.75,93.20,,,,450,,Synthetic,Cartridge,hydraulic
EH67085,45.00,,,,,450,,Synthetic,Cartridge,hydraulic
EH67086,45.00,,,,,450,,Synthetic,Cartridge,hydraulic
EH67087,45.00,,,,,450,,Synthetic,Cartridge,hydraulic
EH67088,45.00,,,,,450,,Synthetic,Cartridge,hydraulic
EH67089,47.75,247.90,,,,450,,Synthetic,Cartridge,hydraulic
EH67090,47.75,,,,,450,,Synthetic,Cartridge,hydraulic
EH67091,47.75,,,,,450,,Synthetic,Cartridge,hydraulic
EH67092,47.75,,,,,300,,Synthetic,Cartridge,hydraulic
EH67093,84.20,,,,,300,,Synthetic,Cartridge,hydraulic
EH67094,84.20,,,,,300,,Synthetic,Cartridge,hydraulic
EH670949,119.40,361.60,86.00,79.00,1 3/4-12 UN,,,Synthetic,Spin-On,hydraulic
EH67095,84.20,,,,,300,,Synthetic,Cartridge,hydraulic
EH67096,84.20,,,,,450,,Synthetic,Cartridge,hydraulic
EH67097,84.20,255.96,,,,300,,Synthetic,Cartridge,hydraulic
EH67098,84.20,,,,,300,,Synthetic,Cartridge,hydraulic
EH67099,84.20,,,,,300,,Synthetic,Cartridge,hydraulic
EH67100,84.20,,,,,300,,Synthetic,Cartridge,hydraulic
EH67101,84.20,,,,,300,,Synthetic,Cartridge,hydraulic
EH67102,84.20,,,,,300,,Synthetic,Cartridge,hydraulic
EH67103,84.20,,,,,300,,Synthetic,Cartridge,hydraulic
EH67104,84.20,,,,,300,,Synthetic,Cartridge,hydraulic
EH67106,107.00,,,,,290,,Synthetic,Cartridge,hydraulic
EH671242,158.50,399.80,,88.70,,225,,Synthetic,,hydraulic
EH67128,92.40,107.00,,,,145,,Synthetic,Cartridge,hydraulic
EH67129,92.40,107.00,,,,145,,Synteq XP,Cartridge,hydraulic
EH67130,92.40,209.00,,,,145,,Synteq,Cartridge,hydraulic
EH67131,92.40,209.00,,,,145,,Synthetic,Cartridge,hydraulic
EH671363,140.00,250.00,69.40,,,149,,Synthetic,,hydraulic
EH671364,140.00,250.00,69.40,,,149,,Synthetic,,hydraulic
EH671365,140.00,388.37,,,,149,,Synthetic,Cartridge,hydraulic
EH671368,140.00,388.37,,,,149,,Synthetic,Cartridge,hydraulic
EH671369,78.69,,,39.10,,450,,Synthetic,Cartridge,hydraulic
EH671370,78.69,,,,,450,,Synthetic,Cartridge,hydraulic
EH671375,78.00,,,,,300,,Synthetic,Cartridge,hydraulic
EH671379,78.70,,,,,300,,Synthetic,Cartridge,hydraulic
EH67162,129.00,169.16,128.00,120.90,1 1/2-16 UN,,,Synthetic,Spin-On,hydraulic
EH67180,44.07,113.40,,,,3002,,Synthetic,Cartridge,hydraulic
EH67181,44.07,113.40,,,,3002,,Synthetic,Cartridge,hydraulic
EH67182,44.07,207.30,,,,3014,,Synthetic,Cartridge,hydraulic
EH67183,44.07,207.80,,,,3002,,Synthetic,Cartridge,hydraulic
EH67184,78.87,116.80,,,,3002,,Synthetic,Cartridge,hydraulic
EH67185,78.87,208.90,,,,3002,,Synthetic,Cartridge,hydraulic
EH67186,78.87,208.90,,,,3002,,Synthetic,Cartridge,hydraulic
EH67187,78.87,426.50,,,,3002,,Synthetic,Cartridge,hydraulic
EH67188,78.87,426.50,,,,3002,,Synthetic,Cartridge,hydraulic
EH672229,99.01,,,,,145,,Synthetic,Cartridge,hydraulic
EH67270,50.55,114.70,,,,3002,,Synthetic,Cartridge,hydraulic
EH673096,53.90,,,,,150,,Synthetic,Cartridge,hydraulic
EH673097,53.90,,,,,150,,Synthetic,Cartridge,hydraulic
EH673098,53.90,,,,,150,,Synthetic,Cartridge,hydraulic
EH673115,79.00,,,,,149,,Synthetic,Cartridge,hydraulic
EH673185,73.00,,,,,500,,Synthetic,Cartridge,hydraulic
EH673481,87.40,154.50,60.60,54.40,M45 x 2,1494,,Synthetic,Spin-On,hydraulic
EH673738,78.84,,47.76,40.89,,149,,Synthetic,Cartridge,hydraulic
EH673739,78.84,,47.76,42.52,,149,,Synthetic,Cartridge,hydraulic
EH673789,52.60,,31.20,26.64,,300,,Synthetic,Cartridge,hydraulic
EH67380,130.00,292.10,,,,,,Cellulose,Cartridge,hydraulic
EH673910,66.80,90.17,,,3/4 NPT,,,Wire Mesh,Strainer,hydraulic
EH67410,97.50,229.00,,,,149,,Cellulose,Cartridge,hydraulic
EH67411,78.87,327.20,,,,3002,,Synthetic,Cartridge,hydraulic
EH67412,78.87,327.20,,,,3002,,Synthetic,Cartridge,hydraulic
EH67413,50.55,114.70,,,,3002,,Synthetic,Cartridge,hydraulic
EH67414,49.50,204.00,,,,3002,,Synthetic,Cartridge,hydraulic
EH67415,49.50,204.00,,,,3002,,Synthetic,Cartridge,hydraulic
EH67417,50.55,325.90,,,,3002,,Synthetic,Cartridge,hydraulic
EH674174,129.00,,121.90,87.00,,149,,Synthetic,Cartridge,hydraulic
EH67425,98.00,229.00,,,,149,,Cellulose,Cartridge,hydraulic
EH67446,146.70,,,,,73,,Synthetic,Cartridge,hydraulic
EH67460,152.91,100.08,,,,100,,Synthetic,Cartridge,hydraulic
EH67463,96.11,228.90,,,,149,,Synthetic,Cartridge,hydraulic
EH67514,97.50,229.00,,,,125,,Cellulose,Cartridge,hydraulic
EH67516,89.30,229.00,,,,125,,Cellulose,Cartridge,hydraulic
EH67518,90.00,229.00,,,,125,,Cellulose,Cartridge,hydraulic
EH67520,75.80,120.70,,,,149,,Cellulose,Cartridge,hydraulic
EH67522,75.80,120.70,,,,149,,Cellulose,Cartridge,hydraulic
EH67550,30.70,,,,,149,,Synthetic,Cartridge,hydraulic
EH67551,35.20,42.80,,,,149,,Synthetic,Cartridge,hydraulic
EH675628,152.80,906.40,,,,125,,Synteq XP,Cartridge,hydraulic
EH67586,96.11,473.50,,,,149,,Synthetic,Cartridge,hydraulic
EH67651,152.80,,,,,100,,Synthetic,Cartridge,hydraulic
EH67652,152.80,,,,,100,,Synthetic,Cartridge,hydraulic
EH676670,175.00,,,,,149,,Synthetic,Cartridge,hydraulic
EH67671,126.00,,92.00,,,,,Synthetic,,hydraulic
EH67766,151.00,432.00,,,,49,,Cellulose,Cartridge,hydraulic
EH67796,129.00,270.76,128.00,120.00,1 1/2-16 UN,,,Synthetic,Spin-On,hydraulic
EH67805,94.50,264.40,48.00,48.00,,100,,Synthetic,Cartridge,hydraulic
EH67826,152.40,455.70,,,,,,Cellulose,Cartridge,hydraulic
EH67841,64.00,94.00,,,,,,Cellulose,Cartridge,hydraulic
EH67843,78.87,116.80,,,,3002,,Synthetic,Cartridge,hydraulic
EH67873,91.44,187.96,,,,149,,Synthetic,Cartridge,hydraulic
EH67886,96.00,324.10,,,,200,,Synthetic,Cartridge,hydraulic
EH67888,95.00,324.20,,,,149,,Synthetic,Cartridge,hydraulic
EH67889,95.20,203.45,,,,200,,Synthetic,Cartridge,hydraulic
EH67890,96.00,328.70,,,,200,,Synthetic,Cartridge,hydraulic
EH67891,95.25,423.67,,,,200,,Synthetic,Cartridge,hydraulic
EH67903,45.00,249.00,,,,2321,,Synthetic,Cartridge,hydraulic
EH67939,135.60,,109.70,100.00,M55 x 1.5,,,,,hydraulic
EH67941,140.00,,,,,,,,,hydraulic
EH67943,95.20,423.70,,,,149,,Synthetic,Cartridge,hydraulic
EH67944,123.69,169.16,128.00,120.00,1 1/2-16 UN,,,Synthetic,Spin-On,hydraulic
EH67945,128.00,270.76,128.00,120.00,1 1/2-16 UN,,,Synthetic,Spin-On,hydraulic
EH67968,106.50,,,,,145,,,,hydraulic
EH67990,106.50,,,,,145,,,,hydraulic
EH68041,119.50,305.00,,,,,,,,hydraulic
EH68045,150.80,,,,,149,,Synteq XP,Cartridge,hydraulic
EH68046,152.40,,,,,149,,Synteq XP,Cartridge,hydraulic
EH680592,53.90,,,,,149,,Synthetic,Cartridge,hydraulic
EH680593,53.90,,,,,149,,Synthetic,Cartridge,hydraulic
EH680596,53.90,,,,,149,,Synthetic,Cartridge,hydraulic
EH680597,53.90,,,,,149,,Synthetic,Cartridge,hydraulic
EH680599,53.90,,,,,149,,Synthetic,Cartridge,hydraulic
EH680601,53.90,,,,,149,,Synthetic,Cartridge,hydraulic
EH680605,53.90,,,,,149,,Synthetic,Cartridge,hydraulic
EH680606,53.90,,,,,149,,Synthetic,Cartridge,hydraulic
EH680615,53.90,,,,,149,,Synthetic,Cartridge,hydraulic
EH68063,140.00,250.00,,,,435,,Synthetic,Cartridge,hydraulic
EH68073,110.00,398.00,,,,435,,Synthetic,Cartridge,hydraulic
EH68081,97.20,233.40,,,,149,,Synthetic,Cartridge,hydraulic
EH680830,63.20,135.90,,,,,,Synthetic,Cartridge,hydraulic
EH68091,97.20,233.40,,,,149,,Synthetic,Cartridge,hydraulic
EH68093,97.20,458.80,,,,149,,Synthetic,Cartridge,hydraulic
EH68094,97.20,462.00,,,,149,,Synthetic,Cartridge,hydraulic
EH68144,45.50,,,,,145,,,Cartridge,hydraulic
EH681461,90.50,487.00,,,,290,,Fiberglass,Cartridge,hydraulic
EH681465,88.00,276.00,,,,290,,Synthetic,,hydraulic
EH681758,95.00,354.30,63.30,,,300,,Synthetic,,hydraulic
EH681845,150.00,230.00,,,,149,,,,hydraulic
EH681846,152.00,249.00,,,,149,,,,hydraulic
EH682245,,82.00,70.00,60.20,M16 x 1.5,,,,Spin-On,hydraulic
EH682303,100.00,238.40,,85.30,,,,Synthetic,,hydraulic
EH682483,,243.00,,,,218,,,,hydraulic
EH68277,150.80,,,85.40,,149,,"Synthetic, Water Absorbent",,hydraulic
EH683567,94.50,,,,,450,,Synthetic,,hydraulic
EH683613,86.60,,,,,300,,Synthetic,Cartridge,hydraulic
EH683617,86.60,,,,,300,,Synthetic,Cartridge,hydraulic
EH683618,86.60,,,,,300,,Synthetic,Cartridge,hydraulic
EH683786,79.30,228.00,,43.90,,149,,Synthetic,,hydraulic
EH68404,119.50,255.00,,,,,,,,hydraulic
EH684200,114.30,268.40,79.70,,,100,,Synthetic,,hydraulic
EH684203,114.30,338.30,79.70,,,100,,Synthetic,,hydraulic
EH684205,114.30,548.80,79.70,,,100,,Synthetic,,hydraulic
EH684249,55.30,71.90,,24.30,,450,,Synthetic,,hydraulic
EH684250,55.30,71.90,,24.30,,450,,Synthetic,,hydraulic
EH68426,56.00,,32.05,24.99,,450,,,Cartridge,hydraulic
EH68435,114.00,,,,,145,,Synthetic,,hydraulic
EH68436,118.00,598.00,,,,,,Synthetic,,hydraulic
EH684375,76.80,101.60,70.20,60.50,,200,,Synthetic,,hydraulic
EH68449,157.48,397.80,,,,218,,Wire Mesh,Cartridge,hydraulic
EH68467,72.89,110.99,,,,,,,Cartridge,hydraulic
EH684860,92.00,202.40,,49.80,,290,,Synthetic,,hydraulic
EH684864,92.00,321.60,,49.80,,290,,Synthetic,,hydraulic
EH684865,92.00,321.60,,49.80,,290,,Synthetic,,hydraulic
EH685189,91.50,605.00,,,,350,,,,hydraulic
EH68532,154.00,,,,,149,,Synthetic,Cartridge,hydraulic
EH68543,,,,,,,,,,hydraulic
EH68570,152.40,,,,,125,,Synthetic,Cartridge,hydraulic
EH68599,101.60,235.70,,,,,,Wire Mesh,Cartridge,hydraulic
EH68618,152.80,,,,,149,,Synthetic,Cartridge,hydraulic
EH68619,152.80,,,,,149,,Synthetic,Cartridge,hydraulic
EH68620,152.80,404.83,,,,149,,Synthetic,Cartridge,hydraulic
EH68621,152.80,,,,,149,,Synthetic,Cartridge,hydraulic
EH68622,152.80,,,,,149,,Synthetic,Cartridge,hydraulic
EH68624,152.80,,,,,149,,Synthetic,Cartridge,hydraulic
EH68625,152.80,,,,,149,,Synthetic,Cartridge,hydraulic
EH68626,152.80,,,,,149,,Synthetic,Cartridge,hydraulic
EH68713,90.40,,,,,149,,Synthetic,Cartridge,hydraulic
EH68714,90.40,,,,,149,,Synthetic,Cartridge,hydraulic
EH68715,90.40,,,,,149,,Synthetic,Cartridge,hydraulic
EH68716,90.40,248.41,,,,149,,Synthetic,Cartridge,hydraulic
EH68717,90.70,242.39,,,,3002,,Synthetic,Cartridge,hydraulic
EH68718,90.70,,,,,3002,,Synthetic,Cartridge,hydraulic
EH68792,,,,,,,,,,hydraulic
EH68816,97.90,231.60,,,,290,,Synthetic,Cartridge,hydraulic
EH68817,97.90,,,,,149,,Synthetic,Cartridge,hydraulic
EH68818,97.90,697.70,,,,149,,Synthetic,Cartridge,hydraulic
EH68836,78.84,262.10,,,,149,,Synthetic,Cartridge,hydraulic
EH68857,,101.60,,,,,,,,hydraulic
EH68862,152.40,,,,,125,,Synthetic,Cartridge,hydraulic
EH68896,126.50,,,,,,,,,hydraulic
EH68909,84.30,,,,,,,Synthetic,Cartridge,hydraulic
EH68949,89.40,204.00,,,,149,,Synthetic,Cartridge,hydraulic
EH69006,152.40,288.30,120.90,,,,,,,hydraulic
EH69008,,906.50,,,,150,,,Cartridge,hydraulic
EH69010,152.80,906.50,,,,150,,Synthetic,Cartridge,hydraulic
EH69012,67.00,78.74,,,1/2 NPT,,,Wire Mesh,Strainer,hydraulic
EH69013,66.80,90.17,,,3/4 NPT,,,Wire Mesh,Strainer,hydraulic
EH69014,66.80,135.89,,,1 NPT,,,Wire Mesh,Strainer,hydraulic
EH69015,85.85,173.99,,,1 1/4 NPT,,,Wire Mesh,Strainer,hydraulic
EH69016,85.85,203.45,,,1 1/2 NPT,,,Wire Mesh,Strainer,hydraulic
EH69017,100.00,250.19,,,1 1/2 NPT,,,Wire Mesh,Strainer,hydraulic
EH69018,100.00,250.19,,,2 NPT,,,Wire Mesh,Strainer,hydraulic
EH69019,130.00,256.54,,,2 1/2 NPT,,,Wire Mesh,Strainer,hydraulic
EH69020,130.00,299.72,,,3 NPT,,,Wire Mesh,Strainer,hydraulic
EH69075,119.40,295.40,86.00,78.97,1 3/4-12 UN,,,"Cellulose, Water Absorbent",Spin-On,hydraulic
EH69078,97.00,113.54,70.00,63.00,1 3/8-12 UN,,,Synthetic,Spin-On,hydraulic
EH69080,79.00,269.00,,,,116,,,,hydraulic
EH69089,93.00,200.00,72.00,62.00,1-12 UN,,,Synthetic,Spin-On,hydraulic
EH69090,,,,,,,,,,hydraulic
EH69091,76.00,120.70,,,,149,,Synthetic,Cartridge,hydraulic
EH69092,76.00,120.70,,,,149,,Synthetic,Cartridge,hydraulic
EH69093,76.00,120.70,,,,149,,Synthetic,Cartridge,hydraulic
EH69094,76.00,120.70,,,,149,,Synthetic,Cartridge,hydraulic
EH69124,58.80,71.30,,,,,,Cellulose,Cartridge,hydraulic
EH69142,72.60,,,,,305,,Synthetic,,hydraulic
EH69178,179.00,435.00,,,,,,,,hydraulic
EH69182,110.00,200.00,,,,232,,Synthetic,,hydraulic
EH69187,144.00,290.00,,,,73,,Synthetic,,hydraulic
EH69193,95.00,275.00,,,,290,,"Fiberglass, Water Removal",,hydraulic
EH69194,95.00,234.00,,,,363,,,,hydraulic
EH69203,93.80,151.60,89.14,83.10,M87 x 2.5,,,Synthetic,Spin-On,hydraulic
EH69204,93.80,239.80,,83.00,M87 x 2.5,,,Synthetic,Spin-On,hydraulic
EH69205,93.80,151.60,,83.00,M87 x 2.5,,,Synthetic,Spin-On,hydraulic
EH69206,93.80,239.80,,83.00,M87 x 2.5,,,Synthetic,Spin-On,hydraulic
EH69209,115.57,295.40,,103.00,M108 x 2.5,,,Synthetic,Spin-On,hydraulic
EH69210,115.57,361.69,,103.00,M108 x 2.5,,,Synthetic,Spin-On,hydraulic
EH69211,115.57,295.40,,103.00,M108 x 2.5,,,Synthetic,Spin-On,hydraulic
EH69212,115.57,361.69,,103.00,M108 x 2.5,,,Synthetic,Spin-On,hydraulic
EH69231,101.20,238.10,,,,149,,Synthetic,Cartridge,hydraulic
EH69232,101.20,238.10,,,,149,,Synthetic,Cartridge,hydraulic
EH69233,152.00,950.00,,,,435,,Synthetic,,hydraulic
EH69272,97.20,233.40,,,,149,,Synthetic,Cartridge,hydraulic
EH69273,43.00,162.00,,,,145,,Synthetic,Cartridge,hydraulic
EH69275,70.00,129.00,,,,145,,Synthetic,Cartridge,hydraulic
EH69276,70.00,210.00,,,,145,,Synthetic,Cartridge,hydraulic
EH69277,52.00,66.00,,,,145,,Synthetic,Cartridge,hydraulic
EH69279,140.00,203.00,,,,145,,Synthetic,Cartridge,hydraulic
EH69280,140.00,250.00,,,,145,,Synthetic,Cartridge,hydraulic
EH69342,97.00,151.64,70.15,63.00,13/16-16 UN,,,Synthetic,Spin-On,hydraulic
EH69343,121.00,295.40,70.15,63.00,1 3/8-12 UN,203,,Synthetic,Spin-On,hydraulic
EH69344,98.50,231.39,,,,149,,Synthetic,Cartridge,hydraulic
EH69381,92.96,204.72,86.10,73.40,1 1/2-16 UN,250,,Synthetic,Spin-On,hydraulic
EH69382,92.96,204.72,86.00,73.40,1 1/2-16 UN,250,,Synthetic,Spin-On,hydraulic
EH69383,92.96,204.72,86.00,73.40,1 1/2-16 UN,250,,Synthetic,Spin-On,hydraulic
EH69400,93.47,234.95,,,,75,,Synthetic,Cartridge,hydraulic
EH69401,97.00,245.11,70.15,63.10,1 3/8-12 UN,,,Synthetic,Spin-On,hydraulic
EH69424,79.40,208.30,,,,3002,,Synthetic,Cartridge,hydraulic
EH69425,79.40,427.50,,,,3002,,Synthetic,Cartridge,hydraulic
EH69426,79.40,208.30,,,,3002,,Synthetic,Cartridge,hydraulic
EH69444,89.41,229.11,,,,125,,Synthetic,Cartridge,hydraulic
EH69447,54.00,113.00,,,,290,,Synteq XP,Cartridge,hydraulic
EH69477,75.80,120.70,,,,149,,Cellulose,Cartridge,hydraulic
EH69478,89.30,229.10,,,,125,,Cellulose,Cartridge,hydraulic
EH69518,119.40,295.40,86.00,78.97,1 3/4-12 UN,,,Synthetic,Spin-On,hydraulic
EH69527,97.90,228.10,,,,149,,"Cellulose, Water Absorbent",Cartridge,hydraulic
EH69528,78.70,207.20,,,,149,,"Cellulose, Water Absorbent",Cartridge,hydraulic
EH69529,78.70,327.40,,,,149,,"Cellulose, Water Absorbent",Cartridge,hydraulic
EH69531,189.10,558.80,,,,,,"Cellulose, Water Absorbent",Cartridge,hydraulic
EH69532,152.40,457.20,,,,,,"Cellulose, Water Absorbent",Cartridge,hydraulic
EH69553,93.47,228.60,,,,75,,Synthetic,Cartridge,hydraulic
EH69555,96.00,229.90,,,,75,,Synthetic,Cartridge,hydraulic
EH69556,93.47,228.60,,,,75,,Synthetic,Cartridge,hydraulic
EH69557,93.50,228.70,,,,149,,Synthetic,Cartridge,hydraulic
EH69558,93.47,465.10,,,,75,,Cellulose,Cartridge,hydraulic
EH69560,93.47,465.10,,,,75,,Cellulose,Cartridge,hydraulic
EH69561,93.47,465.10,,,,75,,Synthetic,Cartridge,hydraulic
EH69562,93.47,465.18,,,,149,,Synthetic,Cartridge,hydraulic
EH69614,121.40,261.40,,,,,,Synthetic,Cartridge,hydraulic
EH69622,86.11,651.76,,,,149,,Synthetic,Cartridge,hydraulic
EH69713,98.55,,,,,290,,Stainless Steel,,hydraulic
EH69714,95.00,206.50,71.70,62.30,M20 x 1.5,290,,Synthetic,,hydraulic
EH69716,44.50,174.00,,,,435,,Synthetic,,hydraulic
EH69740,101.60,232.00,,,,149,,Cellulose,Cartridge,hydraulic
EH69763,119.40,361.60,86.00,78.97,1 3/4-12 UN,,,Synthetic,Spin-On,hydraulic
EH69932,71.00,95.00,,,,,,Cellulose,,hydraulic
EL80006,93.00,149.00,71.00,62.00,3/4-16 UN,,,Cellulose,Spin-On,lube
EL80008,95.00,136.00,72.40,62.00,3/4-16 UN,100,,Cellulose,Spin-On,lube
EL80010,104.00,160.00,90.00,52.00,,,,Cellulose,Cartridge,lube
EL80015,84.00,143.00,59.00,43.00,,,,Cellulose,Cartridge,lube
EL80018,106.00,185.00,93.50,82.50,,,,Cellulose,Cartridge,lube
EL80020,97.00,140.00,71.00,61.00,13/16-16 UN,200,,Cellulose,Spin-On,lube
EL80021,128.00,160.00,82.00,63.00,,,,Cellulose,Cartridge,lube
EL80024,93.00,132.00,72.00,61.00,13/16-16 UN,75,,Cellulose,Spin-On,lube
EL80025,93.00,107.00,86.00,77.00,13/16-16 UN,75,,Cellulose,Spin-On,lube
EL80034,130.00,233.00,,,,,,Cellulose,Cartridge,lube
EL80035,93.00,136.00,86.00,77.00,13/16-16 UN,100,,Cellulose,Spin-On,lube
EL80041,121.00,244.00,83.50,,,75,,Cellulose,Cartridge,lube
EL80047,76.00,86.00,70.00,61.00,M18 x 1.5,75,,Cellulose,Spin-On,lube
EL80050,97.00,133.00,72.00,61.00,5/8-18 UN,75,,Cellulose,Spin-On,lube
EL80051,76.00,129.00,70.00,61.00,M18 x 1.5,100,,Cellulose,Spin-On,lube
EL80052,72.00,137.00,45.00,34.50,,,,Cellulose,Cartridge,lube
EL80058,120.00,225.00,,,,,,Cotton,Cartridge,lube
EL80059,104.00,232.00,,,,,,Cellulose,Cartridge,lube
EL80062,104.00,144.00,,,,,,Cellulose,Cartridge,lube
EL80066,128.00,142.00,83.00,58.20,,,,Cellulose,Cartridge,lube
EL80067,107.00,126.00,99.00,88.00,M20 x 1.5,100,,Cellulose,Spin-On,lube
EL80068,101.00,235.00,,,,,,Cellulose,Cartridge,lube
EL80073,114.00,216.00,85.00,75.00,1 1/8-16 UN,100,,Cellulose,Spin-On,lube
EL80077,100.00,184.00,,,,,,Cellulose,Cartridge,lube
EL80078,84.00,144.00,63.00,57.00,3/4-16 UN,,,Cellulose,Spin-On,lube
EL80080,104.00,170.00,,,,,,Cellulose,Cartridge,lube
EL80086,108.00,167.00,99.00,90.00,1 1/8-16 UN,145,,Cellulose,Spin-On,lube
EL80087,128.00,231.00,,,,,,,Cartridge,lube
EL80092,95.00,151.00,,,,100,,Cellulose,Cartridge,lube
EL80117,102.00,203.00,,,,,,Cellulose,Cartridge,lube
EL80132,109.00,226.00,,,,149,,Cellulose,Cartridge,lube
EL80141,90.00,145.00,,,,100,,Cellulose,Cartridge,lube
EL80147,111.00,146.00,,,,,,,Cartridge,lube
EL80152,109.00,147.00,72.00,62.00,1-16 UN,,,Cellulose,Spin-On,lube
EL80154,95.00,109.00,72.00,62.00,5/8-18 UN,75,,Cellulose,Spin-On,lube
EL80157,141.00,152.00,111.00,101.00,1 1/8-16 UN,,,Cellulose,Spin-On,lube
EL80162,81.00,86.00,64.00,54.00,M20 x 1.5,100,,Cellulose,Spin-On,lube
EL80165,79.00,230.00,,,,,,,Cartridge,lube
EL80166,93.00,138.00,72.00,62.00,M22 x 1.5,80,,Cellulose,Spin-On,lube
EL80183,74.00,152.30,,,,100,,Cellulose,Cartridge,lube
EL80184,72.00,114.00,,,,100,,Cellulose,Cartridge,lube
EL80188,93.00,138.00,71.00,62.00,13/16-16 UN,100,,Cellulose,Spin-On,lube
EL80194,97.00,144.00,72.00,63.00,5/8-18 UN,80,,Cellulose,Spin-On,lube
EL80203,99.00,111.00,,,,75,,,Cartridge,lube
EL80220,83.50,107.00,30.00,19.60,,,,,Cartridge,lube
EL80226,112.00,145.00,72.00,62.00,3/4-16 UN,,,Cellulose,Spin-On,lube
EL80227,84.00,100.00,63.00,57.00,3/4-16 UN,75,,Cellulose,Spin-On,lube
EL80242,94.00,94.00,62.00,56.00,M18 x 1.5,100,,Cellulose,Spin-On,lube
EL80286,97.30,114.70,,,,,,,Cartridge,lube
EL80287,98.00,116.00,10.00,,,,,,Cartridge,lube
EL80299,93.00,174.00,71.00,61.00,3/4-16 UN,100,,Cellulose,Spin-On,lube
EL80315,84.00,191.00,,,,,,Cellulose,Cartridge,lube
EL80317,95.00,211.00,71.00,61.00,1-12 UN,,,Cellulose,Spin-On,lube
EL80318,93.00,93.00,72.00,62.00,3/4-16 UN,,,Cellulose,Spin-On,lube
EL80319,108.00,203.00,72.00,61.00,1-12 UN,100,,Cellulose,Spin-On,lube
EL80335,76.00,86.00,70.00,60.00,3/4-16 UN,100,,Cellulose,Spin-On,lube
EL80341,141.00,310.00,111.00,100.00,1 1/2-16 UN,59,,Cellulose,Spin-On,lube
EL80342,109.00,230.00,103.00,92.00,M30 x 2,100,,Cellulose,Spin-On,lube
EL80356,139.00,168.00,109.00,100.00,M60 x 3,,,Cellulose,Spin-On,lube
EL80362,95.00,178.00,72.00,62.00,1-12 UN,,,Cellulose,Spin-On,lube
EL80367,136.00,308.00,110.00,100.00,M36 x 1.5,149,,Cellulose,Spin-On,lube
EL80371,108.00,204.00,99.00,90.00,1 1/2-16 UN,100,,Cellulose,Spin-On,lube
EL80378,110.00,192.00,44.50,34.50,,,,Cellulose,Cartridge,lube
EL80379,104.00,180.00,90.00,52.00,,,,Cellulose,Cartridge,lube
EL80380,128.00,201.00,,62.50,,,,Cellulose,Cartridge,lube
EL80382,165.00,280.00,,,,,,,Cartridge,lube
EL80383,105.00,80.00,100.00,89.00,M20 x 1.5,75,,Cellulose,Spin-On,lube
EL80389,80.00,100.00,63.00,51.00,M22 x 1.5,75,,Cellulose,Spin-On,lube
EL80393,108.00,202.00,72.00,62.00,1-12 UN,100,,Cellulose,Spin-On,lube
EL80396,60.00,99.00,,,,,,,Cartridge,lube
EL80400,76.00,120.00,70.00,60.00,3/4-16 UN,100,,Cellulose,Spin-On,lube
EL80406,107.00,153.00,73.00,56.00,M26 x 1.5,100,,Cellulose,Spin-On,lube
EL80409,102.00,150.00,100.00,88.00,1-12 UN,100,,Cellulose,Spin-On,lube
EL80412,92.00,125.00,85.80,74.75,M20 x 1.5,100,,Cellulose,Spin-On,lube
EL80420,110.00,162.00,105.00,95.00,1 1/8-16 UN,100,,Cellulose,Spin-On,lube
EL80421,118.00,252.00,110.00,98.00,1 3/8-16 UN,100,,Cellulose,Spin-On,lube
EL80422,102.00,150.00,100.00,88.00,1-12 UN,100,,Cellulose,Spin-On,lube
EL80425,109.00,263.00,101.00,92.00,1 3/8-16 UN,120,,Cellulose,Spin-On,lube
EL80428,93.00,174.00,72.00,62.00,1 1/8-16 UN,100,,Cellulose,Spin-On,lube
EL80451,82.00,200.00,,,,,,,Cartridge,lube
EL80452,140.00,302.00,111.00,101.00,M42 x 2,,,Cellulose,Spin-On,lube
EL80453,121.00,299.00,,,,,,,Cartridge,lube
EL80484,101.00,236.00,88.70,44.30,,100,,Cellulose,Cartridge,lube
EL80485,129.00,227.00,144.60,139.00,,100,,Cellulose,Cartridge,lube
EL80490,108.00,260.00,104.00,93.00,1 1/8-16 UN,145,,Cellulose,Spin-On,lube
EL80493,200.00,255.00,,,,,,,Cartridge,lube
EL80505,75.00,113.00,70.00,60.00,13/16-16 UN,75,,Cellulose,Spin-On,lube
EL80507,96.00,78.00,91.00,80.00,13/16-16 UN,100,,Cellulose,Spin-On,lube
EL80512,135.00,307.00,109.00,100.00,M36 x 1.5,149,,Cellulose,Spin-On,lube
EL80516,127.00,244.00,53.10,39.37,,100,,Cellulose,Cartridge,lube
EL80518,94.00,136.00,88.00,79.00,13/16-16 UN,100,,Cellulose,Spin-On,lube
EL80519,108.00,260.00,100.00,92.00,1 1/8-16 UN,,,,Spin-On,lube
EL80520,93.00,175.00,72.00,62.00,M27 x 2,,,,Spin-On,lube
EL80528,83.00,181.00,,,,,,,Cartridge,lube
EL80562,94.00,211.00,72.00,63.00,1-12 UN,73,,,Spin-On,lube
EL80564,64.00,115.00,,,,,,Cellulose,Cartridge,lube
EL80580,109.00,96.00,71.00,61.00,3/4-16 UN,75,,,Spin-On,lube
EL80595,118.00,297.00,119.00,102.00,M52 x 1.5,149,,Synthetic,Spin-On,lube
EL80596,118.00,205.00,110.00,98.00,1 1/2-12 UN,100,,Cellulose,Spin-On,lube
EL80597,105.00,122.00,80.00,71.00,M24 x 1.5,,,,Spin-On,lube
EL80598,74.00,123.00,69.00,62.00,13/16-16 UN,,,,Spin-On,lube
EL80599,93.00,110.00,72.00,62.00,13/16-16 UN,,,,Spin-On,lube
EL80613,121.00,189.00,57.50,38.50,,100,,,Cartridge,lube
EL80614,108.00,813.00,,,,,,,Cartridge,lube
EL80636,165.00,746.00,,,,,,Cellulose,Cartridge,lube
EL80639,113.00,209.00,102.80,93.00,M30 x 2,145,,,Spin-On,lube
EL80671,119.00,227.00,110.00,98.00,1 1/2-12 UN,,,Cellulose,Spin-On,lube
EL80707,108.00,140.00,86.00,75.00,M30 x 1.5,100,,,Spin-On,lube
EL80708,108.00,167.00,100.00,91.00,1 1/8-16 UN,100,,,Spin-On,lube
EL80710,94.00,95.00,72.00,62.00,1-12 UN,75,,,Spin-On,lube
EL80711,82.00,99.00,57.00,,3/4-16 UN,75,,,Spin-On,lube
EL80712,107.70,205.20,100.50,91.00,M30 x 2,200,,,Spin-On,lube
EL80715,82.00,112.00,66.00,57.00,3/4-16 UN,75,,,Spin-On,lube
EL80719,95.00,107.00,71.00,62.00,1-12 UN,75,,,Spin-On,lube
EL80726,80.00,91.00,64.00,57.00,M20 x 1.5,75,,,Spin-On,lube
EL80750,196.00,383.00,,,,100,,Cellulose,Cartridge,lube
EL80751,196.00,383.00,,,,,,Cellulose,Cartridge,lube
EL80758,93.00,136.00,72.00,62.00,M24 x 1.5,145,,Cellulose,Spin-On,lube
EL80761,83.00,209.00,,91.00,,,,Cellulose,Cartridge,lube
EL80763,83.00,193.00,,,,,,,Cartridge,lube
EL80765,121.00,144.00,,,,,,Cellulose,Cartridge,lube
EL80766,83.00,137.00,101.00,,,,,,Cartridge,lube
EL80767,83.00,131.00,,,,,,Cellulose,Cartridge,lube
EL80768,83.00,150.40,,,,,,Cellulose,Cartridge,lube
EL80769,121.00,248.00,,,,,,Cellulose,Cartridge,lube
EL80776,80.00,80.00,63.00,,M20 x 1.5,100,,Cellulose,Spin-On,lube
EL80777,118.00,260.00,110.00,98.00,1 3/8-16 UN,149,,Cellulose,Spin-On,lube
EL80779,93.00,155.00,92.85,87.83,M92 x 2.5,,,Cellulose,Spin-On,lube
EL80780,109.00,243.00,,,,,,,,lube
EL80781,100.30,139.80,,10.00,,,,,,lube
EL80788,135.00,244.00,109.00,100.00,1 1/2-16 UN,149,,Cellulose,Spin-On,lube
EL80794,76.00,83.00,70.00,60.00,M22 x 1.5,,,Cellulose,Spin-On,lube
EL80812,113.00,220.00,,,,,,,Cartridge,lube
EL80820,120.50,204.50,136.40,128.00,,,,Cellulose,Cartridge,lube
EL80832,93.00,200.00,86.20,77.50,13/16-16 UN,,,Synteq XP,,lube
EL80835,93.00,174.00,72.00,62.00,1 1/8-12 UN,,,Synthetic,Spin-On,lube
EL80905,120.50,201.50,136.40,128.00,,,,Cellulose,Cartridge,lube
EL80909,93.00,176.00,72.00,62.00,1-16 UN,,,Cellulose,Spin-On,lube
EL80910,163.00,764.00,,,,,,Cellulose,Cartridge,lube
EL80920,93.00,200.00,72.00,62.00,M24 x 1.5,,,Cellulose,Spin-On,lube
EL80933,93.00,100.00,86.00,77.00,M20 x 1.5,,,Cellulose,Spin-On,lube
EL80934,93.00,136.00,72.00,62.00,M20 x 1.5,,,Cellulose,Spin-On,lube
EL80935,93.00,86.00,72.00,62.00,M20 x 1.5,,,Cellulose,Spin-On,lube
EL80938,122.00,133.00,,,,,,,Cartridge,lube
EL80939,93.00,86.00,72.00,62.00,3/4-16 UN,,,Cellulose,Spin-On,lube
EL80941,93.00,107.00,72.00,62.00,3/4-16 UN,,,Cellulose,Spin-On,lube
EL80942,93.00,107.00,72.00,62.00,3/4-16 UN,,,Cellulose,Spin-On,lube
EL80947,119.00,160.00,110.00,98.00,1 1/2-12 UN,149,,Cellulose,Spin-On,lube
EL80949,118.00,297.00,119.00,102.00,M95 x 2.5,149,,Synthetic,Spin-On,lube
EL80952,103.00,146.00,,,,,,,Cartridge,lube
EL80963,94.00,100.00,72.00,63.00,3/4-16 UN,75,,Cellulose,Spin-On,lube
EL80964,96.00,131.00,86.00,77.00,13/16-16 UN,,,Cellulose,Spin-On,lube
EL80965,93.00,91.00,71.00,61.00,M22 x 1.5,100,,Cellulose,Spin-On,lube
EL80973,123.00,149.00,110.00,98.00,1 1/2-12 UN,100,,Cellulose,Spin-On,lube
EL81005,121.00,263.00,,,,,,,Cartridge,lube
EL81014,126.00,122.00,,,,,,,Cartridge,lube
EL81015,,,,,,,,,Cartridge,lube
EL81016,118.00,260.00,110.00,98.00,1 5/8-12 UN,149,,Synthetic,Spin-On,lube
EL81017,93.00,136.00,72.00,62.00,1-16 UN,,,Synthetic,Spin-On,lube
EL81018,93.00,174.00,72.00,62.00,1-16 UN,,,Synthetic,Spin-On,lube
EL81019,93.00,174.00,72.00,62.00,1 1/8-16 UN,100,,Synthetic,Spin-On,lube
EL81042,93.00,93.00,72.00,62.00,3/4-16 UN,,,Cellulose,Spin-On,lube
EL81088,120.00,177.00,81.00,,,,,,Cartridge,lube
EL81100,93.00,168.00,72.00,62.00,M27 x 2,,,Cellulose,Spin-On,lube
EL81102,110.00,256.00,102.00,92.00,1 1/8-16 UN,58,,Cellulose,Spin-On,lube
EL81108,121.00,205.00,45.00,,,,,,Cartridge,lube
EL81132,76.00,83.00,70.00,60.00,3/4-16 UN,,,Synteq,Spin-On,lube
EL81133,108.00,262.00,99.00,90.00,1 1/2-12 UN,200,,Cellulose,Spin-On,lube
EL81145,118.00,286.00,110.00,98.00,1 3/4-12 UN,200,,Synthetic,Spin-On,lube
EL81251,89.50,75.30,69.60,60.20,3/4-16 UN,80,,,Spin-On,lube
EL81257,110.00,162.00,105.00,95.00,M20 x 1.5,100,,,Spin-On,lube
EL81263,108.00,178.00,100.00,90.00,1 1/8-16 UN,145,,,Spin-On,lube
EL81264,108.00,143.00,100.00,90.00,M20 x 1.5,100,,Cellulose,Spin-On,lube
EL81267,108.00,167.00,72.00,62.00,3/4-16 UN,145,,,Spin-On,lube
EL81285,89.00,96.00,,,,58,,,Cartridge,lube
EL81297,93.00,175.00,72.00,63.00,1-12 UN,100,,,Spin-On,lube
EL81336,153.00,368.00,,,,,,,Cartridge,lube
EL81343,108.00,135.00,73.00,56.00,M26 x 1.5,100,,Cellulose,Spin-On,lube
EL81352,94.00,140.00,96.00,82.00,1 1/2-16 UN,100,,,Spin-On,lube
EL81364,118.00,260.00,110.00,98.00,1 3/4-16 UN,,,Cellulose,Spin-On,lube
EL81381,119.00,199.00,110.00,98.00,1 1/2-12 UN,149,,Cellulose,Spin-On,lube
EL81400,135.00,308.00,109.00,100.00,M45 x 1.5,149,,Cellulose,Spin-On,lube
EL81402,135.00,308.00,109.00,100.00,1 1/2-16 UN,,,Cellulose,Spin-On,lube
EL81441,118.00,199.00,110.00,98.00,1 1/2-16 UN,149,,Cellulose,Spin-On,lube
EL81603,108.00,170.00,72.00,62.00,3/4-16 UN,100,,Cellulose,Spin-On,lube
EL81604,108.00,232.00,71.00,62.00,1-12 UN,100,,Cellulose,Spin-On,lube
EL81670,118.00,260.00,110.00,98.00,1 1/2-12 UN,149,,Cellulose,Spin-On,lube
EL81763,74.00,67.00,69.00,62.00,3/4-16 UN,49,,,Spin-On,lube
EL81783,68.00,71.00,61.00,57.00,M20 x 1.5,,,,Spin-On,lube
EL81784,93.00,56.00,70.00,62.00,3/4-16 UN,,,,Spin-On,lube
EL81807,108.00,262.00,99.00,90.00,1 1/8-16 UN,149,,Cellulose,Spin-On,lube
EL81808,136.00,308.00,110.00,100.00,1 1/2-16 UN,149,,Cellulose,Spin-On,lube
EL81910,97.50,151.00,92.85,87.83,M92 x 2.5,,,Synthetic,Spin-On,lube
EL82007,68.00,91.00,64.00,56.00,M20 x 1.5,100,,Cellulose,Spin-On,lube
EL82008,96.00,143.00,72.00,63.00,M26 x 1.5,100,,Cellulose,Spin-On,lube
EL82009,80.01,64.01,62.99,51.56,M20 x 1.5,100,,Cellulose,Spin-On,lube
EL82015,65.00,74.00,63.20,55.50,3/4-16 UN,100,,Cellulose,Spin-On,lube
EL82016,74.00,84.50,70.00,63.00,3/4-16 UN,100,,Cellulose,Spin-On,lube
EL82017,99.82,83.82,80.01,,M24 x 1.5,100,,Cellulose,Spin-On,lube
EL82019,65.00,90.00,62.70,55.00,3/4-16 UN,100,,Cellulose,Spin-On,lube
EL82020,80.00,80.00,63.00,56.00,3/4-16 UN,100,,Cellulose,Spin-On,lube
EL82021,107.50,262.00,99.20,90.60,M32 x 1.5,,,Cellulose,Spin-On,lube
EL82022,80.00,75.00,63.00,52.00,3/4-16 UN,100,,Cellulose,Spin-On,lube
EL82024,68.00,65.00,65.00,56.00,3/4-16 UN,100,,Cellulose,Spin-On,lube
EL82025,114.80,293.00,,,M95 x 2,149,,Synthetic,Spin-On,lube
EL82039,90.00,100.00,86.00,76.00,M20 x 1.5,100,,Cellulose,Spin-On,lube
EL82042,124.00,120.00,116.50,98.00,1 1/2-12 UN,100,,Cellulose,Spin-On,lube
EL82043,90.00,125.00,87.00,76.00,M26 x 1.5,100,,Cellulose,Spin-On,lube
EL82049,80.00,80.00,63.00,51.00,M20 x 1.5,100,,Cellulose,Spin-On,lube
EL82050,118.00,199.00,110.00,98.00,1 1/2-16 UN,,,Cellulose,Spin-On,lube
EL82051,83.90,100.00,63.00,46.00,M20 x 1.5,100,,Cellulose,Spin-On,lube
EL82057,68.00,85.00,65.00,,M20 x 1.5,100,,Cellulose,Spin-On,lube
EL82058,91.00,125.00,87.00,76.00,M26 x 1.5,100,,Cellulose,Spin-On,lube
EL82060,101.00,125.00,100.00,88.00,1-12 UN,100,,Cellulose,Spin-On,lube
EL82061,102.00,125.00,72.00,55.00,M26 x 1.5,100,,Cellulose,Spin-On,lube
EL82063,68.00,85.00,64.00,56.00,M20 x 1.5,100,,Cellulose,Spin-On,lube
EL82067,68.00,65.00,65.00,56.00,M20 x 1.5,100,,Cellulose,Spin-On,lube
EL82069,80.00,69.00,62.00,51.00,3/4-16 UN,100,,Cellulose,Spin-On,lube
EL82072,92.00,139.00,72.00,63.00,M22 x 1.5,,,Cellulose,Spin-On,lube
EL82076,87.00,89.00,70.50,62.10,M20 x 1.5,100,,Cellulose,Spin-On,lube
EL82083,113.00,171.00,74.00,65.00,1 1/8-16 UN,100,,Cellulose,Spin-On,lube
EL82093,108.00,223.00,102.00,92.00,M32 x 1.5,100,,Cellulose,Spin-On,lube
EL82100,118.00,260.00,110.00,98.00,1 5/8-12 UN,149,,Cellulose,Spin-On,lube
EL82107,76.00,88.00,71.00,64.00,3/4-16 UN,100,,Cellulose,Spin-On,lube
EL82180,92.00,160.00,,,,,,Cellulose,Cartridge,lube
EL82186,123.00,138.00,,,,,,Cellulose,Cartridge,lube
EL82191,122.00,249.00,,,,100,,Cellulose,Cartridge,lube
EL82194,85.00,143.00,38.00,18.50,,100,,Cellulose,Cartridge,lube
EL82203,79.00,136.00,62.00,42.00,,,,Cellulose,Cartridge,lube
EL82206,97.60,177.80,,,,,,,Cartridge,lube
EL82222,108.00,143.00,72.00,62.00,M30 x 2,100,,Cellulose,Spin-On,lube
EL82223,194.00,170.00,144.00,125.00,,,,Cellulose,Cartridge,lube
EL82225,95.00,179.00,,,,,,Cellulose,Cartridge,lube
EL82231,97.60,177.80,,,,,,,Cartridge,lube
EL82361,53.00,98.00,,,,,,,Cartridge,lube
EL82363,94.00,138.00,72.00,62.00,3/4-20 UN,,,,Spin-On,lube
EL82414,171.00,451.00,,,,,,,Cartridge,lube
EL82421,50.00,38.00,,,,,,,Cartridge,lube
EL82422,83.00,162.00,,,,,,,Cartridge,lube
EL82433,109.00,147.00,70.00,62.10,M24 x 1.5,100,,Cellulose,Spin-On,lube
EL82451,85.00,123.00,77.00,68.00,2 3/4-5 UN,,,,Spin-On,lube
EL82458,102.00,101.00,99.00,88.00,1-12 UN,100,,Cellulose,Spin-On,lube
EL82464,115.00,247.00,111.00,98.00,1 1/2-12 UN,100,,Cellulose,Spin-On,lube
EL82465,93.00,165.00,89.00,81.00,M22 x 1.5,100,,Cellulose,Spin-On,lube
EL82476,102.00,150.00,99.00,88.00,1-12 UN,100,,Cellulose,Spin-On,lube
EL82477,124.00,271.00,,,,100,,Cellulose,Cartridge,lube
EL82503,93.00,165.00,67.00,62.00,1-16 UN,100,,Synthetic,Spin-On,lube
EL82506,116.20,248.60,64.00,,,,,,Cartridge,lube
EL82518,93.00,107.00,71.00,61.00,3/4-16 UN,100,,Cellulose,Spin-On,lube
EL82549,108.00,115.00,71.50,62.40,3/4-16 UN,100,,Cellulose,Spin-On,lube
EL82562,128.00,220.00,107.00,93.00,M36 x 1.5,100,,Cellulose,Spin-On,lube
EL82568,76.00,89.00,72.00,62.00,M16 x 1.5,100,,Cellulose,Spin-On,lube
EL82596,108.00,237.00,103.00,92.60,M30 x 2,99,,Cellulose,,lube
EL82597,68.00,150.00,20.00,17.00,,99,,Cellulose,Cartridge,lube
EL82819,93.00,136.00,71.00,61.00,1-12 UN,100,,Cellulose,Spin-On,lube
EL82849,75.00,121.00,70.00,61.00,M20 x 1.5,75,,Cellulose,Spin-On,lube
EL83000,118.00,296.00,119.00,102.00,2 1/4-12 UN,149,,Synthetic,Spin-On,lube
EL83161,129.00,171.00,128.00,119.00,1 5/8-12 UN,,,Cellulose,Spin-On,lube
EL83191,108.00,262.00,99.00,90.00,1 1/8-16 UN,149,,Cellulose,Spin-On,lube
EL83315,97.00,140.00,72.00,62.00,M22 x 1.5,,,,Spin-On,lube
EL83329,90.00,281.00,,,,,,,Cartridge,lube
EL83335,103.00,140.00,,,,,,,Cartridge,lube
EL83400,76.00,52.00,71.80,62.00,M14 x 1.5,102,,Cellulose,Spin-On,lube
EL83404,97.00,201.00,72.00,61.00,5/8-18 UN,75,,Cellulose,Spin-On,lube
EL83411,108.00,148.00,71.00,62.00,3/4-16 UN,100,,Cellulose,Spin-On,lube
EL83489,83.00,227.00,,,,145,,,Cartridge,lube
EL83548,118.00,227.00,119.00,102.00,2 1/4-12 UN,149,,Synthetic,Spin-On,lube
EL83634,127.00,174.00,128.00,120.00,1 1/2-16 UN,,,Cellulose,Spin-On,lube
EL83710,50.50,123.00,,,,,,,Cartridge,lube
EL83711,78.50,92.50,,,,,,,Cartridge,lube
EL83712,93.00,174.00,71.00,61.00,1-12 UN,100,,Cellulose,Spin-On,lube
EL83713,66.00,98.00,,,,,,,Cartridge,lube
EL83746,109.00,200.00,72.00,62.00,3/4-20 UN,100,,Cellulose,Spin-On,lube
EL83771,93.00,200.00,71.00,61.00,1-12 UN,100,,Cellulose,Spin-On,lube
EL83871,108.00,168.00,72.00,61.00,1-12 UN,,,Cellulose,Spin-On,lube
EL83936,93.00,102.00,71.50,61.50,M27 x 2,,,Cellulose,Spin-on,lube
EL83998,118.00,260.00,110.00,98.00,1 5/8-12 UN,149,,Synteq,Spin-On,lube
EL84004,108.00,262.00,99.00,90.00,1 1/8-16 UN,149,,Cellulose,Spin-On,lube
EL84005,136.00,308.00,110.00,100.00,1 1/2-16 UN,149,,Cellulose,Spin-On,lube
EL84026,104.00,243.00,,,,,,,,lube
EL84063,93.00,107.00,66.50,61.50,1-12 UN,,,Synthetic,Spin-on,lube
EL84105,118.00,298.00,110.00,98.00,1 1/2-16 UN,149,,Cellulose,Spin-On,lube
EL84136,188.00,340.00,121.90,87.00,,75,,Cellulose,Cartridge,lube
EL84206,118.00,252.00,110.00,98.00,1 1/2-16 UN,100,,Cellulose,Spin-On,lube
EL84244,93.00,102.00,71.50,61.50,M27 x 2,,,Cellulose,Spin-on,lube
EL84403,93.00,136.00,71.00,61.00,3/4-16 UN,100,,Cellulose,Spin-On,lube
EL84407,93.00,174.00,72.00,63.00,3/4-16 UN,100,,Cellulose,Spin-On,lube
EL84408,76.00,140.00,72.00,62.00,3/4-16 UN,100,,Cellulose,Spin-On,lube
EL84522,93.00,107.00,72.00,62.00,M22 x 1.5,,,Cellulose,Spin-on,lube
EL84560,116.70,290.60,118.87,101.60,M90 x 2,149,,Synteq,Spin-On,lube
EL84770,76.00,120.00,70.00,60.00,3/4-16 UN,100,,Cellulose,Spin-On,lube
EL84862,97.00,147.00,,,,,,,Cartridge,lube
EL84863,97.00,147.00,,,,,,,Cartridge,lube
EL84896,78.00,122.50,72.00,63.00,1-12 UN,145,,Cellulose,Spin-On,lube
EL84925,115.00,195.00,,,,,,,Cartridge,lube
EL84944,74.50,86.00,70.00,62.00,1-16 UN,,,,Spin-on,lube
EL850832,93.00,200.00,86.00,77.00,13/16-16 UN,100,,Cellulose,Spin-On,lube
EL852465,86.00,108.00,,,,,,,Cartridge,lube
EL85315,76.80,82.20,70.20,60.50,3/4-16 UN,,,Cellulose,,lube
EL854560,117.00,297.00,118.00,98.00,M90 x 2,149,,Synthetic,Spin-On,lube
EL85570,97.00,133.00,71.00,61.00,1 1/8-16 UN,149,,Cellulose,Spin-On,lube
EL85616,93.00,174.00,71.00,61.00,1-12 UN,100,,Cellulose,Spin-On,lube
EL85680,93.00,136.00,71.00,61.00,1-12 UN,100,,Cellulose,Spin-On,lube
EL86077,70.00,106.50,,,,100,,Synthetic,Cartridge,lube
EL86094,89.00,210.00,,,,,,,Cartridge,lube
EL86352,101.50,175.13,69.97,62.53,M27 x 2,,,,Spin-On,lube
EL87065,74.20,121.30,69.40,61.70,M22 x 1.5,,,,Spin-On,lube
EL87066,74.24,102.69,70.00,61.00,M22 x 1.5,,,,Spin-On,lube
EL87086,93.00,102.00,71.50,61.50,M27 x 2,,,Cellulose,Spin-On,lube
EL87207,93.00,174.00,71.00,61.00,1-12 UN,100,,Cellulose,Spin-On,lube
EL87300,118.00,290.00,119.00,102.00,2 1/4-12 UN,149,,Synteq,Spin-On,lube
EL87345,93.00,136.00,72.00,62.00,1-16 UN,100,,Synteq,Spin-On,lube
EL87349,93.00,174.00,72.00,62.00,1-16 UN,100,,Synteq,Spin-On,lube
EL87356,101.50,159.05,58.50,50.06,M67 x 4,,,,Spin-On,lube
EL87367,136.00,308.00,110.00,100.00,M36 x 1.5,149,,Synteq,Spin-On,lube
EL87382,93.00,176.00,71.00,61.00,M26 x 1.5,100,,Cellulose,Spin-On,lube
EL87405,118.00,298.00,110.00,98.00,1 1/2-16 UN,149,,Synteq,Spin-On,lube
EL87483,108.00,262.00,99.00,90.00,1 1/8-16 UN,149,,Synteq,Spin-On,lube
EL87500,188.00,254.00,101.60,66.98,,87,,Cellulose,Cartridge,lube
EL87505,136.00,308.00,110.00,100.00,1 1/2-16 UN,,,Synteq,Spin-On,lube
EL87670,118.00,260.00,110.00,98.00,1 1/2-12 UN,149,,Synteq,Spin-On,lube
EL87739,108.00,262.00,99.20,90.60,1 1/8-16 UN,149,,Synteq,Spin-On,lube
EL87780,93.00,136.00,71.00,61.00,3/4-16 UN,200,,Cellulose,Spin-On,lube
EL87900,118.00,296.00,119.00,102.00,M95 x 2.5,149,,Synteq,Spin-On,lube
EL87929,120.00,234.00,,53.00,,,,,,lube
EL87947,118.00,160.00,110.00,98.00,1 1/2-12 UN,149,,Synteq,Spin-On,lube
EL880794,89.00,138.00,,,,,,,,lube
EL88250,93.00,172.00,71.00,61.00,1-12 UN,200,,Cellulose,Spin-On,lube
EL88329,129.00,171.00,128.00,119.00,1 1/2-12 UN,100,,,Spin-On,lube
EL883712,49.00,137.50,,,,,,,Cartridge,lube
EL88425,119.00,193.00,,,,,,Cellulose,Cartridge,lube
EL88462,114.00,230.00,,,,,,,Cartridge,lube
EL88615,93.00,174.00,72.00,62.00,1-16 UN,100,,Cellulose,Spin-On,lube
EL88616,93.00,136.00,72.00,62.00,1-16 UN,100,,Cellulose,Spin-On,lube
EL89000,118.00,297.00,119.00,102.00,M95 x 2.5,149,,Synteq,Spin-On,lube
EL89071,93.20,135.10,72.40,62.70,3/4-16 UN,80,,Synthetic,Spin-On,lube
EL89126,107.00,147.00,72.00,62.00,1-12 UN,,,Cellulose,Spin-On,lube
EL89127,107.00,147.00,99.00,90.00,1 1/2-16 UN,,,Cellulose,Spin-On,lube
EL89128,107.00,147.00,99.00,90.00,1 1/8-16 UN,,,Cellulose,Spin-On,lube
EL89129,107.00,168.00,99.00,90.00,M30 x 1.5,,,Cellulose,Spin-On,lube
EL89130,107.00,202.00,72.00,62.00,7/8-16 UN,,,Cellulose,Spin-On,lube
EL89196,74.20,188.90,,27.00,,,,,Cartridge,lube
EL89206,112.00,224.50,,,,,,,,lube
EL89217,108.00,186.00,99.20,90.60,1 3/8-16 UN,149,,Cellulose,Spin-On,lube
EL89218,108.00,186.00,99.20,90.60,1 1/8-16 UN,,,Cellulose,,lube
EL89275,93.00,232.80,72.00,62.00,3/4-16 UN,,,Synteq XP,Spin-On,lube
EL89280,107.50,231.00,72.00,62.00,1-16 UN,,,Cellulose,Spin-On,lube
EL89418,95.00,139.00,71.00,61.00,1-12 UN,100,,Cellulose,Spin-On,lube
EL89772,64.00,125.00,,,,,,,,lube
EL89787,152.20,552.30,126.50,,,,,,,lube
EL89936,105.00,196.00,,,,,,,,lube
ET90900,114.00,279.00,,,7/8-14 UNF (SAE J1926),,,,Turbine Assembly,turbine
ET90902,114.00,279.00,,,7/8-14 UNF (SAE J1926),,,,Turbine Assembly (Horizontal Bowl),turbine
ET91000,114.00,277.00,,,7/8-14 UNF (SAE J1926),,,,Turbine Assembly,turbine
ET91002,114.00,277.00,,,22M x 1.5,,,,Turbine Assembly (Horizontal Bowl),turbine
ET92010P,78.00,70.00,,,,,,Aquabloc® II,Replacement Cartridge Element,turbine
ET92010S,78.00,70.00,,,,,,Aquabloc® II,Replacement Cartridge Element,turbine
ET92010T,78.00,70.00,,,,,,Aquabloc® II,Replacement Cartridge Element,turbine
ET92020P,,,,,,,,Aquabloc® II,Replacement Cartridge Element,turbine
ET92020S,,,,,,,,Aquabloc® II,Replacement Cartridge Element,turbine
ET92020T,,,,,,,,Aquabloc® II,Replacement Cartridge Element,turbine
ET92040P,,,,,,,,Aquabloc® II,Replacement Cartridge Element,turbine
ET92040S,,,,,,,,Aquabloc® II,Replacement Cartridge Element,turbine
ET92040T,,,,,,,,Aquabloc® II,Replacement Cartridge Element,turbine
ET95002,105.00,291.00,,,3/4-16 UNF (SAE J1926),,,,Spin-On Assembly,turbine
ET95010,105.00,291.00,,,3/4-16 UNF (SAE J1926),,,,Spin-On Assembly,turbine
ET95030,105.00,291.00,,,3/4-16 UNF (SAE J1926),,,,Spin-On Assembly,turbine
